# vtk DataFile Version 3.0
Triangulated surface from Delaunay
ASCII
DATASET POLYDATA
POINTS 2916 float
-132.500000 132.500000 371.000000
-127.500000 132.500000 376.000000
-122.500000 132.500000 380.000000
-117.500000 132.500000 385.000000
-112.500000 132.500000 389.000000
-107.500000 132.500000 392.000000
-102.500000 132.500000 394.000000
-97.500000 132.500000 395.000000
-92.500000 132.500000 397.000000
-87.500000 132.500000 402.000000
-82.500000 132.500000 405.000000
-77.500000 132.500000 405.000000
-72.500000 132.500000 402.000000
-67.500000 132.500000 399.000000
-62.500000 132.500000 397.000000
-57.500000 132.500000 395.000000
-52.500000 132.500000 395.000000
-47.500000 132.500000 396.000000
-42.500000 132.500000 396.000000
-37.500000 132.500000 397.000000
-32.500000 132.500000 398.000000
-27.500000 132.500000 399.000000
-22.500000 132.500000 400.000000
-17.500000 132.500000 400.000000
-12.500000 132.500000 400.000000
-7.500000 132.500000 398.000000
-2.500000 132.500000 397.000000
2.500000 132.500000 395.000000
7.500000 132.500000 396.000000
12.500000 132.500000 398.000000
17.500000 132.500000 401.000000
22.500000 132.500000 404.000000
27.500000 132.500000 406.000000
32.500000 132.500000 408.000000
37.500000 132.500000 409.000000
42.500000 132.500000 411.000000
47.500000 132.500000 413.000000
52.500000 132.500000 414.000000
57.500000 132.500000 415.000000
62.500000 132.500000 415.000000
67.500000 132.500000 416.000000
72.500000 132.500000 417.000000
77.500000 132.500000 418.000000
82.500000 132.500000 419.000000
87.500000 132.500000 419.000000
92.500000 132.500000 420.000000
97.500000 132.500000 421.000000
102.500000 132.500000 421.000000
107.500000 132.500000 421.000000
112.500000 132.500000 425.000000
117.500000 132.500000 431.000000
122.500000 132.500000 439.000000
127.500000 132.500000 446.000000
132.500000 132.500000 455.000000
-132.500000 127.500000 371.000000
-127.500000 127.500000 376.000000
-122.500000 127.500000 381.000000
-117.500000 127.500000 386.000000
-112.500000 127.500000 391.000000
-107.500000 127.500000 394.000000
-102.500000 127.500000 397.000000
-97.500000 127.500000 400.000000
-92.500000 127.500000 402.000000
-87.500000 127.500000 407.000000
-82.500000 127.500000 411.000000
-77.500000 127.500000 411.000000
-72.500000 127.500000 408.000000
-67.500000 127.500000 405.000000
-62.500000 127.500000 402.000000
-57.500000 127.500000 400.000000
-52.500000 127.500000 399.000000
-47.500000 127.500000 400.000000
-42.500000 127.500000 401.000000
-37.500000 127.500000 401.000000
-32.500000 127.500000 402.000000
-27.500000 127.500000 403.000000
-22.500000 127.500000 404.000000
-17.500000 127.500000 404.000000
-12.500000 127.500000 403.000000
-7.500000 127.500000 402.000000
-2.500000 127.500000 401.000000
2.500000 127.500000 399.000000
7.500000 127.500000 399.000000
12.500000 127.500000 400.000000
17.500000 127.500000 403.000000
22.500000 127.500000 406.000000
27.500000 127.500000 409.000000
32.500000 127.500000 410.000000
37.500000 127.500000 412.000000
42.500000 127.500000 414.000000
47.500000 127.500000 415.000000
52.500000 127.500000 417.000000
57.500000 127.500000 418.000000
62.500000 127.500000 418.000000
67.500000 127.500000 419.000000
72.500000 127.500000 420.000000
77.500000 127.500000 421.000000
82.500000 127.500000 422.000000
87.500000 127.500000 422.000000
92.500000 127.500000 423.000000
97.500000 127.500000 424.000000
102.500000 127.500000 424.000000
107.500000 127.500000 425.000000
112.500000 127.500000 427.000000
117.500000 127.500000 434.000000
122.500000 127.500000 443.000000
127.500000 127.500000 451.000000
132.500000 127.500000 460.000000
-132.500000 122.500000 371.000000
-127.500000 122.500000 377.000000
-122.500000 122.500000 382.000000
-117.500000 122.500000 388.000000
-112.500000 122.500000 393.000000
-107.500000 122.500000 397.000000
-102.500000 122.500000 400.000000
-97.500000 122.500000 405.000000
-92.500000 122.500000 409.000000
-87.500000 122.500000 413.000000
-82.500000 122.500000 416.000000
-77.500000 122.500000 416.000000
-72.500000 122.500000 415.000000
-67.500000 122.500000 412.000000
-62.500000 122.500000 409.000000
-57.500000 122.500000 406.000000
-52.500000 122.500000 405.000000
-47.500000 122.500000 405.000000
-42.500000 122.500000 405.000000
-37.500000 122.500000 406.000000
-32.500000 122.500000 406.000000
-27.500000 122.500000 407.000000
-22.500000 122.500000 407.000000
-17.500000 122.500000 407.000000
-12.500000 122.500000 406.000000
-7.500000 122.500000 405.000000
-2.500000 122.500000 404.000000
2.500000 122.500000 402.000000
7.500000 122.500000 400.000000
12.500000 122.500000 401.000000
17.500000 122.500000 405.000000
22.500000 122.500000 408.000000
27.500000 122.500000 411.000000
32.500000 122.500000 413.000000
37.500000 122.500000 415.000000
42.500000 122.500000 417.000000
47.500000 122.500000 418.000000
52.500000 122.500000 419.000000
57.500000 122.500000 421.000000
62.500000 122.500000 421.000000
67.500000 122.500000 422.000000
72.500000 122.500000 423.000000
77.500000 122.500000 424.000000
82.500000 122.500000 425.000000
87.500000 122.500000 425.000000
92.500000 122.500000 426.000000
97.500000 122.500000 427.000000
102.500000 122.500000 428.000000
107.500000 122.500000 429.000000
112.500000 122.500000 430.000000
117.500000 122.500000 437.000000
122.500000 122.500000 446.000000
127.500000 122.500000 455.000000
132.500000 122.500000 464.000000
-132.500000 117.500000 372.000000
-127.500000 117.500000 377.000000
-122.500000 117.500000 382.000000
-117.500000 117.500000 389.000000
-112.500000 117.500000 395.000000
-107.500000 117.500000 400.000000
-102.500000 117.500000 406.000000
-97.500000 117.500000 411.000000
-92.500000 117.500000 416.000000
-87.500000 117.500000 419.000000
-82.500000 117.500000 422.000000
-77.500000 117.500000 422.000000
-72.500000 117.500000 421.000000
-67.500000 117.500000 418.000000
-62.500000 117.500000 416.000000
-57.500000 117.500000 413.000000
-52.500000 117.500000 411.000000
-47.500000 117.500000 410.000000
-42.500000 117.500000 410.000000
-37.500000 117.500000 410.000000
-32.500000 117.500000 410.000000
-27.500000 117.500000 411.000000
-22.500000 117.500000 411.000000
-17.500000 117.500000 410.000000
-12.500000 117.500000 410.000000
-7.500000 117.500000 409.000000
-2.500000 117.500000 407.000000
2.500000 117.500000 406.000000
7.500000 117.500000 404.000000
12.500000 117.500000 404.000000
17.500000 117.500000 407.000000
22.500000 117.500000 410.000000
27.500000 117.500000 413.000000
32.500000 117.500000 416.000000
37.500000 117.500000 418.000000
42.500000 117.500000 419.000000
47.500000 117.500000 421.000000
52.500000 117.500000 422.000000
57.500000 117.500000 424.000000
62.500000 117.500000 424.000000
67.500000 117.500000 425.000000
72.500000 117.500000 426.000000
77.500000 117.500000 427.000000
82.500000 117.500000 428.000000
87.500000 117.500000 429.000000
92.500000 117.500000 429.000000
97.500000 117.500000 430.000000
102.500000 117.500000 431.000000
107.500000 117.500000 433.000000
112.500000 117.500000 435.000000
117.500000 117.500000 441.000000
122.500000 117.500000 450.000000
127.500000 117.500000 459.000000
132.500000 117.500000 467.000000
-132.500000 112.500000 373.000000
-127.500000 112.500000 377.000000
-122.500000 112.500000 383.000000
-117.500000 112.500000 391.000000
-112.500000 112.500000 397.000000
-107.500000 112.500000 404.000000
-102.500000 112.500000 411.000000
-97.500000 112.500000 417.000000
-92.500000 112.500000 422.000000
-87.500000 112.500000 425.000000
-82.500000 112.500000 427.000000
-77.500000 112.500000 428.000000
-72.500000 112.500000 428.000000
-67.500000 112.500000 426.000000
-62.500000 112.500000 423.000000
-57.500000 112.500000 419.000000
-52.500000 112.500000 417.000000
-47.500000 112.500000 415.000000
-42.500000 112.500000 414.000000
-37.500000 112.500000 414.000000
-32.500000 112.500000 414.000000
-27.500000 112.500000 414.000000
-22.500000 112.500000 414.000000
-17.500000 112.500000 414.000000
-12.500000 112.500000 413.000000
-7.500000 112.500000 412.000000
-2.500000 112.500000 411.000000
2.500000 112.500000 410.000000
7.500000 112.500000 408.000000
12.500000 112.500000 408.000000
17.500000 112.500000 409.000000
22.500000 112.500000 412.000000
27.500000 112.500000 415.000000
32.500000 112.500000 418.000000
37.500000 112.500000 420.000000
42.500000 112.500000 422.000000
47.500000 112.500000 424.000000
52.500000 112.500000 425.000000
57.500000 112.500000 427.000000
62.500000 112.500000 427.000000
67.500000 112.500000 428.000000
72.500000 112.500000 429.000000
77.500000 112.500000 430.000000
82.500000 112.500000 431.000000
87.500000 112.500000 432.000000
92.500000 112.500000 433.000000
97.500000 112.500000 433.000000
102.500000 112.500000 435.000000
107.500000 112.500000 437.000000
112.500000 112.500000 439.000000
117.500000 112.500000 446.000000
122.500000 112.500000 454.000000
127.500000 112.500000 462.000000
132.500000 112.500000 470.000000
-132.500000 107.500000 374.000000
-127.500000 107.500000 378.000000
-122.500000 107.500000 385.000000
-117.500000 107.500000 393.000000
-112.500000 107.500000 400.000000
-107.500000 107.500000 408.000000
-102.500000 107.500000 415.000000
-97.500000 107.500000 422.000000
-92.500000 107.500000 426.000000
-87.500000 107.500000 430.000000
-82.500000 107.500000 433.000000
-77.500000 107.500000 435.000000
-72.500000 107.500000 436.000000
-67.500000 107.500000 435.000000
-62.500000 107.500000 432.000000
-57.500000 107.500000 427.000000
-52.500000 107.500000 423.000000
-47.500000 107.500000 420.000000
-42.500000 107.500000 419.000000
-37.500000 107.500000 418.000000
-32.500000 107.500000 418.000000
-27.500000 107.500000 418.000000
-22.500000 107.500000 418.000000
-17.500000 107.500000 417.000000
-12.500000 107.500000 416.000000
-7.500000 107.500000 415.000000
-2.500000 107.500000 414.000000
2.500000 107.500000 414.000000
7.500000 107.500000 413.000000
12.500000 107.500000 411.000000
17.500000 107.500000 410.000000
22.500000 107.500000 414.000000
27.500000 107.500000 417.000000
32.500000 107.500000 420.000000
37.500000 107.500000 423.000000
42.500000 107.500000 425.000000
47.500000 107.500000 427.000000
52.500000 107.500000 428.000000
57.500000 107.500000 430.000000
62.500000 107.500000 431.000000
67.500000 107.500000 432.000000
72.500000 107.500000 433.000000
77.500000 107.500000 434.000000
82.500000 107.500000 435.000000
87.500000 107.500000 436.000000
92.500000 107.500000 436.000000
97.500000 107.500000 437.000000
102.500000 107.500000 438.000000
107.500000 107.500000 440.000000
112.500000 107.500000 444.000000
117.500000 107.500000 449.000000
122.500000 107.500000 457.000000
127.500000 107.500000 465.000000
132.500000 107.500000 475.000000
-132.500000 102.500000 375.000000
-127.500000 102.500000 379.000000
-122.500000 102.500000 386.000000
-117.500000 102.500000 395.000000
-112.500000 102.500000 403.000000
-107.500000 102.500000 411.000000
-102.500000 102.500000 420.000000
-97.500000 102.500000 425.000000
-92.500000 102.500000 430.000000
-87.500000 102.500000 434.000000
-82.500000 102.500000 438.000000
-77.500000 102.500000 441.000000
-72.500000 102.500000 444.000000
-67.500000 102.500000 445.000000
-62.500000 102.500000 444.000000
-57.500000 102.500000 440.000000
-52.500000 102.500000 433.000000
-47.500000 102.500000 428.000000
-42.500000 102.500000 425.000000
-37.500000 102.500000 424.000000
-32.500000 102.500000 423.000000
-27.500000 102.500000 422.000000
-22.500000 102.500000 421.000000
-17.500000 102.500000 421.000000
-12.500000 102.500000 419.000000
-7.500000 102.500000 418.000000
-2.500000 102.500000 418.000000
2.500000 102.500000 417.000000
7.500000 102.500000 416.000000
12.500000 102.500000 415.000000
17.500000 102.500000 415.000000
22.500000 102.500000 417.000000
27.500000 102.500000 419.000000
32.500000 102.500000 422.000000
37.500000 102.500000 425.000000
42.500000 102.500000 428.000000
47.500000 102.500000 429.000000
52.500000 102.500000 431.000000
57.500000 102.500000 433.000000
62.500000 102.500000 434.000000
67.500000 102.500000 435.000000
72.500000 102.500000 436.000000
77.500000 102.500000 437.000000
82.500000 102.500000 438.000000
87.500000 102.500000 439.000000
92.500000 102.500000 440.000000
97.500000 102.500000 440.000000
102.500000 102.500000 441.000000
107.500000 102.500000 444.000000
112.500000 102.500000 447.000000
117.500000 102.500000 453.000000
122.500000 102.500000 461.000000
127.500000 102.500000 469.000000
132.500000 102.500000 479.000000
-132.500000 97.500000 376.000000
-127.500000 97.500000 380.000000
-122.500000 97.500000 389.000000
-117.500000 97.500000 397.000000
-112.500000 97.500000 405.000000
-107.500000 97.500000 414.000000
-102.500000 97.500000 422.000000
-97.500000 97.500000 428.000000
-92.500000 97.500000 433.000000
-87.500000 97.500000 437.000000
-82.500000 97.500000 442.000000
-77.500000 97.500000 446.000000
-72.500000 97.500000 476.000000
-67.500000 97.500000 502.000000
-62.500000 97.500000 505.000000
-57.500000 97.500000 503.000000
-52.500000 97.500000 449.000000
-47.500000 97.500000 443.000000
-42.500000 97.500000 436.000000
-37.500000 97.500000 431.000000
-32.500000 97.500000 428.000000
-27.500000 97.500000 427.000000
-22.500000 97.500000 426.000000
-17.500000 97.500000 425.000000
-12.500000 97.500000 423.000000
-7.500000 97.500000 422.000000
-2.500000 97.500000 421.000000
2.500000 97.500000 421.000000
7.500000 97.500000 421.000000
12.500000 97.500000 420.000000
17.500000 97.500000 419.000000
22.500000 97.500000 419.000000
27.500000 97.500000 421.000000
32.500000 97.500000 424.000000
37.500000 97.500000 427.000000
42.500000 97.500000 430.000000
47.500000 97.500000 432.000000
52.500000 97.500000 434.000000
57.500000 97.500000 436.000000
62.500000 97.500000 438.000000
67.500000 97.500000 439.000000
72.500000 97.500000 440.000000
77.500000 97.500000 441.000000
82.500000 97.500000 442.000000
87.500000 97.500000 443.000000
92.500000 97.500000 443.000000
97.500000 97.500000 444.000000
102.500000 97.500000 445.000000
107.500000 97.500000 447.000000
112.500000 97.500000 450.000000
117.500000 97.500000 457.000000
122.500000 97.500000 465.000000
127.500000 97.500000 473.000000
132.500000 97.500000 488.000000
-132.500000 92.500000 378.000000
-127.500000 92.500000 383.000000
-122.500000 92.500000 391.000000
-117.500000 92.500000 399.000000
-112.500000 92.500000 408.000000
-107.500000 92.500000 417.000000
-102.500000 92.500000 424.000000
-97.500000 92.500000 430.000000
-92.500000 92.500000 435.000000
-87.500000 92.500000 440.000000
-82.500000 92.500000 445.000000
-77.500000 92.500000 454.000000
-72.500000 92.500000 500.000000
-67.500000 92.500000 509.000000
-62.500000 92.500000 517.000000
-57.500000 92.500000 523.000000
-52.500000 92.500000 524.000000
-47.500000 92.500000 521.000000
-42.500000 92.500000 463.000000
-37.500000 92.500000 444.000000
-32.500000 92.500000 437.000000
-27.500000 92.500000 432.000000
-22.500000 92.500000 430.000000
-17.500000 92.500000 429.000000
-12.500000 92.500000 427.000000
-7.500000 92.500000 426.000000
-2.500000 92.500000 425.000000
2.500000 92.500000 425.000000
7.500000 92.500000 424.000000
12.500000 92.500000 424.000000
17.500000 92.500000 423.000000
22.500000 92.500000 421.000000
27.500000 92.500000 423.000000
32.500000 92.500000 426.000000
37.500000 92.500000 430.000000
42.500000 92.500000 433.000000
47.500000 92.500000 435.000000
52.500000 92.500000 437.000000
57.500000 92.500000 439.000000
62.500000 92.500000 441.000000
67.500000 92.500000 442.000000
72.500000 92.500000 443.000000
77.500000 92.500000 444.000000
82.500000 92.500000 445.000000
87.500000 92.500000 446.000000
92.500000 92.500000 447.000000
97.500000 92.500000 448.000000
102.500000 92.500000 448.000000
107.500000 92.500000 449.000000
112.500000 92.500000 454.000000
117.500000 92.500000 461.000000
122.500000 92.500000 469.000000
127.500000 92.500000 479.000000
132.500000 92.500000 497.000000
-132.500000 87.500000 379.000000
-127.500000 87.500000 386.000000
-122.500000 87.500000 393.000000
-117.500000 87.500000 401.000000
-112.500000 87.500000 410.000000
-107.500000 87.500000 420.000000
-102.500000 87.500000 426.000000
-97.500000 87.500000 432.000000
-92.500000 87.500000 437.000000
-87.500000 87.500000 441.000000
-82.500000 87.500000 446.000000
-77.500000 87.500000 466.000000
-72.500000 87.500000 505.000000
-67.500000 87.500000 515.000000
-62.500000 87.500000 523.000000
-57.500000 87.500000 529.000000
-52.500000 87.500000 530.000000
-47.500000 87.500000 527.000000
-42.500000 87.500000 496.000000
-37.500000 87.500000 471.000000
-32.500000 87.500000 445.000000
-27.500000 87.500000 439.000000
-22.500000 87.500000 435.000000
-17.500000 87.500000 433.000000
-12.500000 87.500000 431.000000
-7.500000 87.500000 429.000000
-2.500000 87.500000 429.000000
2.500000 87.500000 429.000000
7.500000 87.500000 428.000000
12.500000 87.500000 428.000000
17.500000 87.500000 427.000000
22.500000 87.500000 425.000000
27.500000 87.500000 426.000000
32.500000 87.500000 429.000000
37.500000 87.500000 432.000000
42.500000 87.500000 435.000000
47.500000 87.500000 438.000000
52.500000 87.500000 440.000000
57.500000 87.500000 442.000000
62.500000 87.500000 444.000000
67.500000 87.500000 446.000000
72.500000 87.500000 447.000000
77.500000 87.500000 448.000000
82.500000 87.500000 449.000000
87.500000 87.500000 450.000000
92.500000 87.500000 450.000000
97.500000 87.500000 452.000000
102.500000 87.500000 453.000000
107.500000 87.500000 455.000000
112.500000 87.500000 459.000000
117.500000 87.500000 465.000000
122.500000 87.500000 474.000000
127.500000 87.500000 489.000000
132.500000 87.500000 512.000000
-132.500000 82.500000 383.000000
-127.500000 82.500000 389.000000
-122.500000 82.500000 396.000000
-117.500000 82.500000 403.000000
-112.500000 82.500000 412.000000
-107.500000 82.500000 420.000000
-102.500000 82.500000 426.000000
-97.500000 82.500000 432.000000
-92.500000 82.500000 437.000000
-87.500000 82.500000 442.000000
-82.500000 82.500000 447.000000
-77.500000 82.500000 468.000000
-72.500000 82.500000 505.000000
-67.500000 82.500000 519.000000
-62.500000 82.500000 527.000000
-57.500000 82.500000 530.000000
-52.500000 82.500000 530.000000
-47.500000 82.500000 527.000000
-42.500000 82.500000 504.000000
-37.500000 82.500000 484.000000
-32.500000 82.500000 464.000000
-27.500000 82.500000 445.000000
-22.500000 82.500000 440.000000
-17.500000 82.500000 438.000000
-12.500000 82.500000 436.000000
-7.500000 82.500000 434.000000
-2.500000 82.500000 433.000000
2.500000 82.500000 433.000000
7.500000 82.500000 432.000000
12.500000 82.500000 432.000000
17.500000 82.500000 432.000000
22.500000 82.500000 430.000000
27.500000 82.500000 429.000000
32.500000 82.500000 430.000000
37.500000 82.500000 434.000000
42.500000 82.500000 437.000000
47.500000 82.500000 440.000000
52.500000 82.500000 443.000000
57.500000 82.500000 445.000000
62.500000 82.500000 448.000000
67.500000 82.500000 449.000000
72.500000 82.500000 451.000000
77.500000 82.500000 451.000000
82.500000 82.500000 452.000000
87.500000 82.500000 453.000000
92.500000 82.500000 454.000000
97.500000 82.500000 456.000000
102.500000 82.500000 459.000000
107.500000 82.500000 461.000000
112.500000 82.500000 465.000000
117.500000 82.500000 470.000000
122.500000 82.500000 481.000000
127.500000 82.500000 500.000000
132.500000 82.500000 520.000000
-132.500000 77.500000 385.000000
-127.500000 77.500000 391.000000
-122.500000 77.500000 398.000000
-117.500000 77.500000 406.000000
-112.500000 77.500000 413.000000
-107.500000 77.500000 421.000000
-102.500000 77.500000 427.000000
-97.500000 77.500000 432.000000
-92.500000 77.500000 436.000000
-87.500000 77.500000 440.000000
-82.500000 77.500000 445.000000
-77.500000 77.500000 461.000000
-72.500000 77.500000 506.000000
-67.500000 77.500000 520.000000
-62.500000 77.500000 529.000000
-57.500000 77.500000 530.000000
-52.500000 77.500000 530.000000
-47.500000 77.500000 527.000000
-42.500000 77.500000 505.000000
-37.500000 77.500000 493.000000
-32.500000 77.500000 485.000000
-27.500000 77.500000 450.000000
-22.500000 77.500000 446.000000
-17.500000 77.500000 443.000000
-12.500000 77.500000 441.000000
-7.500000 77.500000 438.000000
-2.500000 77.500000 437.000000
2.500000 77.500000 437.000000
7.500000 77.500000 437.000000
12.500000 77.500000 436.000000
17.500000 77.500000 436.000000
22.500000 77.500000 434.000000
27.500000 77.500000 432.000000
32.500000 77.500000 433.000000
37.500000 77.500000 436.000000
42.500000 77.500000 440.000000
47.500000 77.500000 443.000000
52.500000 77.500000 445.000000
57.500000 77.500000 448.000000
62.500000 77.500000 451.000000
67.500000 77.500000 452.000000
72.500000 77.500000 453.000000
77.500000 77.500000 454.000000
82.500000 77.500000 455.000000
87.500000 77.500000 455.000000
92.500000 77.500000 457.000000
97.500000 77.500000 459.000000
102.500000 77.500000 463.000000
107.500000 77.500000 466.000000
112.500000 77.500000 470.000000
117.500000 77.500000 477.000000
122.500000 77.500000 490.000000
127.500000 77.500000 509.000000
132.500000 77.500000 523.000000
-132.500000 72.500000 389.000000
-127.500000 72.500000 393.000000
-122.500000 72.500000 400.000000
-117.500000 72.500000 408.000000
-112.500000 72.500000 416.000000
-107.500000 72.500000 423.000000
-102.500000 72.500000 429.000000
-97.500000 72.500000 434.000000
-92.500000 72.500000 438.000000
-87.500000 72.500000 440.000000
-82.500000 72.500000 444.000000
-77.500000 72.500000 449.000000
-72.500000 72.500000 496.000000
-67.500000 72.500000 514.000000
-62.500000 72.500000 527.000000
-57.500000 72.500000 530.000000
-52.500000 72.500000 531.000000
-47.500000 72.500000 531.000000
-42.500000 72.500000 524.000000
-37.500000 72.500000 516.000000
-32.500000 72.500000 508.000000
-27.500000 72.500000 502.000000
-22.500000 72.500000 450.000000
-17.500000 72.500000 448.000000
-12.500000 72.500000 445.000000
-7.500000 72.500000 443.000000
-2.500000 72.500000 442.000000
2.500000 72.500000 441.000000
7.500000 72.500000 441.000000
12.500000 72.500000 440.000000
17.500000 72.500000 441.000000
22.500000 72.500000 439.000000
27.500000 72.500000 437.000000
32.500000 72.500000 437.000000
37.500000 72.500000 438.000000
42.500000 72.500000 442.000000
47.500000 72.500000 445.000000
52.500000 72.500000 448.000000
57.500000 72.500000 451.000000
62.500000 72.500000 453.000000
67.500000 72.500000 455.000000
72.500000 72.500000 456.000000
77.500000 72.500000 457.000000
82.500000 72.500000 457.000000
87.500000 72.500000 458.000000
92.500000 72.500000 459.000000
97.500000 72.500000 461.000000
102.500000 72.500000 465.000000
107.500000 72.500000 470.000000
112.500000 72.500000 476.000000
117.500000 72.500000 485.000000
122.500000 72.500000 499.000000
127.500000 72.500000 518.000000
132.500000 72.500000 528.000000
-132.500000 67.500000 393.000000
-127.500000 67.500000 396.000000
-122.500000 67.500000 401.000000
-117.500000 67.500000 410.000000
-112.500000 67.500000 418.000000
-107.500000 67.500000 425.000000
-102.500000 67.500000 431.000000
-97.500000 67.500000 437.000000
-92.500000 67.500000 441.000000
-87.500000 67.500000 444.000000
-82.500000 67.500000 446.000000
-77.500000 67.500000 449.000000
-72.500000 67.500000 455.000000
-67.500000 67.500000 510.000000
-62.500000 67.500000 524.000000
-57.500000 67.500000 531.000000
-52.500000 67.500000 534.000000
-47.500000 67.500000 536.000000
-42.500000 67.500000 533.000000
-37.500000 67.500000 529.000000
-32.500000 67.500000 528.000000
-27.500000 67.500000 527.000000
-22.500000 67.500000 525.000000
-17.500000 67.500000 521.000000
-12.500000 67.500000 450.000000
-7.500000 67.500000 448.000000
-2.500000 67.500000 446.000000
2.500000 67.500000 445.000000
7.500000 67.500000 445.000000
12.500000 67.500000 445.000000
17.500000 67.500000 445.000000
22.500000 67.500000 444.000000
27.500000 67.500000 441.000000
32.500000 67.500000 440.000000
37.500000 67.500000 440.000000
42.500000 67.500000 444.000000
47.500000 67.500000 447.000000
52.500000 67.500000 451.000000
57.500000 67.500000 454.000000
62.500000 67.500000 456.000000
67.500000 67.500000 458.000000
72.500000 67.500000 459.000000
77.500000 67.500000 460.000000
82.500000 67.500000 460.000000
87.500000 67.500000 460.000000
92.500000 67.500000 461.000000
97.500000 67.500000 464.000000
102.500000 67.500000 467.000000
107.500000 67.500000 473.000000
112.500000 67.500000 481.000000
117.500000 67.500000 495.000000
122.500000 67.500000 512.000000
127.500000 67.500000 525.000000
132.500000 67.500000 532.000000
-132.500000 62.500000 397.000000
-127.500000 62.500000 399.000000
-122.500000 62.500000 404.000000
-117.500000 62.500000 413.000000
-112.500000 62.500000 421.000000
-107.500000 62.500000 428.000000
-102.500000 62.500000 434.000000
-97.500000 62.500000 439.000000
-92.500000 62.500000 444.000000
-87.500000 62.500000 449.000000
-82.500000 62.500000 452.000000
-77.500000 62.500000 457.000000
-72.500000 62.500000 493.000000
-67.500000 62.500000 511.000000
-62.500000 62.500000 522.000000
-57.500000 62.500000 531.000000
-52.500000 62.500000 537.000000
-47.500000 62.500000 540.000000
-42.500000 62.500000 539.000000
-37.500000 62.500000 536.000000
-32.500000 62.500000 535.000000
-27.500000 62.500000 534.000000
-22.500000 62.500000 532.000000
-17.500000 62.500000 527.000000
-12.500000 62.500000 500.000000
-7.500000 62.500000 468.000000
-2.500000 62.500000 450.000000
2.500000 62.500000 449.000000
7.500000 62.500000 449.000000
12.500000 62.500000 449.000000
17.500000 62.500000 449.000000
22.500000 62.500000 449.000000
27.500000 62.500000 446.000000
32.500000 62.500000 443.000000
37.500000 62.500000 443.000000
42.500000 62.500000 446.000000
47.500000 62.500000 450.000000
52.500000 62.500000 453.000000
57.500000 62.500000 457.000000
62.500000 62.500000 459.000000
67.500000 62.500000 461.000000
72.500000 62.500000 462.000000
77.500000 62.500000 463.000000
82.500000 62.500000 463.000000
87.500000 62.500000 463.000000
92.500000 62.500000 464.000000
97.500000 62.500000 466.000000
102.500000 62.500000 468.000000
107.500000 62.500000 475.000000
112.500000 62.500000 486.000000
117.500000 62.500000 499.000000
122.500000 62.500000 520.000000
127.500000 62.500000 529.000000
132.500000 62.500000 535.000000
-132.500000 57.500000 401.000000
-127.500000 57.500000 403.000000
-122.500000 57.500000 408.000000
-117.500000 57.500000 416.000000
-112.500000 57.500000 424.000000
-107.500000 57.500000 430.000000
-102.500000 57.500000 436.000000
-97.500000 57.500000 442.000000
-92.500000 57.500000 447.000000
-87.500000 57.500000 456.000000
-82.500000 57.500000 466.000000
-77.500000 57.500000 477.000000
-72.500000 57.500000 501.000000
-67.500000 57.500000 511.000000
-62.500000 57.500000 520.000000
-57.500000 57.500000 528.000000
-52.500000 57.500000 536.000000
-47.500000 57.500000 540.000000
-42.500000 57.500000 540.000000
-37.500000 57.500000 541.000000
-32.500000 57.500000 540.000000
-27.500000 57.500000 538.000000
-22.500000 57.500000 535.000000
-17.500000 57.500000 531.000000
-12.500000 57.500000 512.000000
-7.500000 57.500000 488.000000
-2.500000 57.500000 475.000000
2.500000 57.500000 463.000000
7.500000 57.500000 456.000000
12.500000 57.500000 454.000000
17.500000 57.500000 454.000000
22.500000 57.500000 453.000000
27.500000 57.500000 451.000000
32.500000 57.500000 448.000000
37.500000 57.500000 447.000000
42.500000 57.500000 448.000000
47.500000 57.500000 452.000000
52.500000 57.500000 456.000000
57.500000 57.500000 460.000000
62.500000 57.500000 462.000000
67.500000 57.500000 464.000000
72.500000 57.500000 465.000000
77.500000 57.500000 466.000000
82.500000 57.500000 466.000000
87.500000 57.500000 466.000000
92.500000 57.500000 466.000000
97.500000 57.500000 468.000000
102.500000 57.500000 470.000000
107.500000 57.500000 476.000000
112.500000 57.500000 490.000000
117.500000 57.500000 506.000000
122.500000 57.500000 521.000000
127.500000 57.500000 530.000000
132.500000 57.500000 536.000000
-132.500000 52.500000 405.000000
-127.500000 52.500000 408.000000
-122.500000 52.500000 413.000000
-117.500000 52.500000 420.000000
-112.500000 52.500000 426.000000
-107.500000 52.500000 432.000000
-102.500000 52.500000 438.000000
-97.500000 52.500000 444.000000
-92.500000 52.500000 450.000000
-87.500000 52.500000 466.000000
-82.500000 52.500000 476.000000
-77.500000 52.500000 488.000000
-72.500000 52.500000 502.000000
-67.500000 52.500000 511.000000
-62.500000 52.500000 519.000000
-57.500000 52.500000 527.000000
-52.500000 52.500000 534.000000
-47.500000 52.500000 540.000000
-42.500000 52.500000 541.000000
-37.500000 52.500000 542.000000
-32.500000 52.500000 542.000000
-27.500000 52.500000 541.000000
-22.500000 52.500000 537.000000
-17.500000 52.500000 532.000000
-12.500000 52.500000 515.000000
-7.500000 52.500000 494.000000
-2.500000 52.500000 483.000000
2.500000 52.500000 474.000000
7.500000 52.500000 466.000000
12.500000 52.500000 460.000000
17.500000 52.500000 458.000000
22.500000 52.500000 457.000000
27.500000 52.500000 455.000000
32.500000 52.500000 452.000000
37.500000 52.500000 450.000000
42.500000 52.500000 450.000000
47.500000 52.500000 454.000000
52.500000 52.500000 459.000000
57.500000 52.500000 463.000000
62.500000 52.500000 466.000000
67.500000 52.500000 468.000000
72.500000 52.500000 469.000000
77.500000 52.500000 469.000000
82.500000 52.500000 469.000000
87.500000 52.500000 469.000000
92.500000 52.500000 469.000000
97.500000 52.500000 469.000000
102.500000 52.500000 472.000000
107.500000 52.500000 477.000000
112.500000 52.500000 496.000000
117.500000 52.500000 511.000000
122.500000 52.500000 523.000000
127.500000 52.500000 531.000000
132.500000 52.500000 537.000000
-132.500000 47.500000 409.000000
-127.500000 47.500000 411.000000
-122.500000 47.500000 416.000000
-117.500000 47.500000 422.000000
-112.500000 47.500000 428.000000
-107.500000 47.500000 433.000000
-102.500000 47.500000 439.000000
-97.500000 47.500000 444.000000
-92.500000 47.500000 451.000000
-87.500000 47.500000 474.000000
-82.500000 47.500000 482.000000
-77.500000 47.500000 491.000000
-72.500000 47.500000 503.000000
-67.500000 47.500000 511.000000
-62.500000 47.500000 520.000000
-57.500000 47.500000 527.000000
-52.500000 47.500000 533.000000
-47.500000 47.500000 540.000000
-42.500000 47.500000 543.000000
-37.500000 47.500000 545.000000
-32.500000 47.500000 545.000000
-27.500000 47.500000 544.000000
-22.500000 47.500000 541.000000
-17.500000 47.500000 535.000000
-12.500000 47.500000 522.000000
-7.500000 47.500000 495.000000
-2.500000 47.500000 487.000000
2.500000 47.500000 480.000000
7.500000 47.500000 473.000000
12.500000 47.500000 466.000000
17.500000 47.500000 463.000000
22.500000 47.500000 461.000000
27.500000 47.500000 459.000000
32.500000 47.500000 457.000000
37.500000 47.500000 454.000000
42.500000 47.500000 451.000000
47.500000 47.500000 456.000000
52.500000 47.500000 462.000000
57.500000 47.500000 466.000000
62.500000 47.500000 469.000000
67.500000 47.500000 471.000000
72.500000 47.500000 472.000000
77.500000 47.500000 472.000000
82.500000 47.500000 472.000000
87.500000 47.500000 471.000000
92.500000 47.500000 471.000000
97.500000 47.500000 471.000000
102.500000 47.500000 475.000000
107.500000 47.500000 480.000000
112.500000 47.500000 502.000000
117.500000 47.500000 515.000000
122.500000 47.500000 525.000000
127.500000 47.500000 533.000000
132.500000 47.500000 539.000000
-132.500000 42.500000 413.000000
-127.500000 42.500000 415.000000
-122.500000 42.500000 419.000000
-117.500000 42.500000 424.000000
-112.500000 42.500000 430.000000
-107.500000 42.500000 434.000000
-102.500000 42.500000 439.000000
-97.500000 42.500000 445.000000
-92.500000 42.500000 452.000000
-87.500000 42.500000 475.000000
-82.500000 42.500000 485.000000
-77.500000 42.500000 493.000000
-72.500000 42.500000 502.000000
-67.500000 42.500000 513.000000
-62.500000 42.500000 522.000000
-57.500000 42.500000 529.000000
-52.500000 42.500000 534.000000
-47.500000 42.500000 540.000000
-42.500000 42.500000 545.000000
-37.500000 42.500000 548.000000
-32.500000 42.500000 549.000000
-27.500000 42.500000 547.000000
-22.500000 42.500000 544.000000
-17.500000 42.500000 539.000000
-12.500000 42.500000 530.000000
-7.500000 42.500000 497.000000
-2.500000 42.500000 491.000000
2.500000 42.500000 485.000000
7.500000 42.500000 478.000000
12.500000 42.500000 470.000000
17.500000 42.500000 467.000000
22.500000 42.500000 465.000000
27.500000 42.500000 463.000000
32.500000 42.500000 461.000000
37.500000 42.500000 459.000000
42.500000 42.500000 457.000000
47.500000 42.500000 459.000000
52.500000 42.500000 463.000000
57.500000 42.500000 469.000000
62.500000 42.500000 472.000000
67.500000 42.500000 474.000000
72.500000 42.500000 475.000000
77.500000 42.500000 476.000000
82.500000 42.500000 475.000000
87.500000 42.500000 475.000000
92.500000 42.500000 474.000000
97.500000 42.500000 475.000000
102.500000 42.500000 477.000000
107.500000 42.500000 487.000000
112.500000 42.500000 506.000000
117.500000 42.500000 518.000000
122.500000 42.500000 527.000000
127.500000 42.500000 535.000000
132.500000 42.500000 541.000000
-132.500000 37.500000 418.000000
-127.500000 37.500000 418.000000
-122.500000 37.500000 421.000000
-117.500000 37.500000 427.000000
-112.500000 37.500000 432.000000
-107.500000 37.500000 436.000000
-102.500000 37.500000 440.000000
-97.500000 37.500000 445.000000
-92.500000 37.500000 449.000000
-87.500000 37.500000 472.000000
-82.500000 37.500000 485.000000
-77.500000 37.500000 495.000000
-72.500000 37.500000 503.000000
-67.500000 37.500000 513.000000
-62.500000 37.500000 522.000000
-57.500000 37.500000 530.000000
-52.500000 37.500000 536.000000
-47.500000 37.500000 541.000000
-42.500000 37.500000 546.000000
-37.500000 37.500000 550.000000
-32.500000 37.500000 550.000000
-27.500000 37.500000 550.000000
-22.500000 37.500000 549.000000
-17.500000 37.500000 543.000000
-12.500000 37.500000 536.000000
-7.500000 37.500000 512.000000
-2.500000 37.500000 495.000000
2.500000 37.500000 490.000000
7.500000 37.500000 484.000000
12.500000 37.500000 476.000000
17.500000 37.500000 471.000000
22.500000 37.500000 469.000000
27.500000 37.500000 468.000000
32.500000 37.500000 466.000000
37.500000 37.500000 464.000000
42.500000 37.500000 461.000000
47.500000 37.500000 460.000000
52.500000 37.500000 465.000000
57.500000 37.500000 471.000000
62.500000 37.500000 474.000000
67.500000 37.500000 477.000000
72.500000 37.500000 479.000000
77.500000 37.500000 479.000000
82.500000 37.500000 478.000000
87.500000 37.500000 478.000000
92.500000 37.500000 477.000000
97.500000 37.500000 478.000000
102.500000 37.500000 479.000000
107.500000 37.500000 488.000000
112.500000 37.500000 508.000000
117.500000 37.500000 521.000000
122.500000 37.500000 530.000000
127.500000 37.500000 537.000000
132.500000 37.500000 544.000000
-132.500000 32.500000 422.000000
-127.500000 32.500000 422.000000
-122.500000 32.500000 424.000000
-117.500000 32.500000 429.000000
-112.500000 32.500000 434.000000
-107.500000 32.500000 438.000000
-102.500000 32.500000 442.000000
-97.500000 32.500000 446.000000
-92.500000 32.500000 452.000000
-87.500000 32.500000 470.000000
-82.500000 32.500000 484.000000
-77.500000 32.500000 496.000000
-72.500000 32.500000 505.000000
-67.500000 32.500000 514.000000
-62.500000 32.500000 522.000000
-57.500000 32.500000 530.000000
-52.500000 32.500000 536.000000
-47.500000 32.500000 543.000000
-42.500000 32.500000 548.000000
-37.500000 32.500000 550.000000
-32.500000 32.500000 550.000000
-27.500000 32.500000 550.000000
-22.500000 32.500000 550.000000
-17.500000 32.500000 549.000000
-12.500000 32.500000 543.000000
-7.500000 32.500000 534.000000
-2.500000 32.500000 507.000000
2.500000 32.500000 496.000000
7.500000 32.500000 490.000000
12.500000 32.500000 483.000000
17.500000 32.500000 477.000000
22.500000 32.500000 475.000000
27.500000 32.500000 473.000000
32.500000 32.500000 471.000000
37.500000 32.500000 469.000000
42.500000 32.500000 465.000000
47.500000 32.500000 463.000000
52.500000 32.500000 466.000000
57.500000 32.500000 472.000000
62.500000 32.500000 477.000000
67.500000 32.500000 480.000000
72.500000 32.500000 481.000000
77.500000 32.500000 482.000000
82.500000 32.500000 482.000000
87.500000 32.500000 481.000000
92.500000 32.500000 480.000000
97.500000 32.500000 480.000000
102.500000 32.500000 480.000000
107.500000 32.500000 491.000000
112.500000 32.500000 507.000000
117.500000 32.500000 523.000000
122.500000 32.500000 532.000000
127.500000 32.500000 539.000000
132.500000 32.500000 546.000000
-132.500000 27.500000 426.000000
-127.500000 27.500000 427.000000
-122.500000 27.500000 428.000000
-117.500000 27.500000 431.000000
-112.500000 27.500000 435.000000
-107.500000 27.500000 440.000000
-102.500000 27.500000 444.000000
-97.500000 27.500000 448.000000
-92.500000 27.500000 458.000000
-87.500000 27.500000 471.000000
-82.500000 27.500000 484.000000
-77.500000 27.500000 497.000000
-72.500000 27.500000 506.000000
-67.500000 27.500000 514.000000
-62.500000 27.500000 522.000000
-57.500000 27.500000 529.000000
-52.500000 27.500000 536.000000
-47.500000 27.500000 543.000000
-42.500000 27.500000 550.000000
-37.500000 27.500000 550.000000
-32.500000 27.500000 551.000000
-27.500000 27.500000 551.000000
-22.500000 27.500000 551.000000
-17.500000 27.500000 551.000000
-12.500000 27.500000 551.000000
-7.500000 27.500000 547.000000
-2.500000 27.500000 540.000000
2.500000 27.500000 531.000000
7.500000 27.500000 499.000000
12.500000 27.500000 493.000000
17.500000 27.500000 487.000000
22.500000 27.500000 482.000000
27.500000 27.500000 479.000000
32.500000 27.500000 477.000000
37.500000 27.500000 474.000000
42.500000 27.500000 470.000000
47.500000 27.500000 468.000000
52.500000 27.500000 469.000000
57.500000 27.500000 473.000000
62.500000 27.500000 478.000000
67.500000 27.500000 482.000000
72.500000 27.500000 484.000000
77.500000 27.500000 485.000000
82.500000 27.500000 485.000000
87.500000 27.500000 484.000000
92.500000 27.500000 483.000000
97.500000 27.500000 481.000000
102.500000 27.500000 483.000000
107.500000 27.500000 494.000000
112.500000 27.500000 510.000000
117.500000 27.500000 524.000000
122.500000 27.500000 534.000000
127.500000 27.500000 542.000000
132.500000 27.500000 549.000000
-132.500000 22.500000 431.000000
-127.500000 22.500000 431.000000
-122.500000 22.500000 432.000000
-117.500000 22.500000 434.000000
-112.500000 22.500000 438.000000
-107.500000 22.500000 442.000000
-102.500000 22.500000 446.000000
-97.500000 22.500000 451.000000
-92.500000 22.500000 462.000000
-87.500000 22.500000 474.000000
-82.500000 22.500000 486.000000
-77.500000 22.500000 498.000000
-72.500000 22.500000 506.000000
-67.500000 22.500000 514.000000
-62.500000 22.500000 522.000000
-57.500000 22.500000 529.000000
-52.500000 22.500000 536.000000
-47.500000 22.500000 543.000000
-42.500000 22.500000 550.000000
-37.500000 22.500000 551.000000
-32.500000 22.500000 551.000000
-27.500000 22.500000 552.000000
-22.500000 22.500000 553.000000
-17.500000 22.500000 553.000000
-12.500000 22.500000 552.000000
-7.500000 22.500000 552.000000
-2.500000 22.500000 551.000000
2.500000 22.500000 550.000000
7.500000 22.500000 542.000000
12.500000 22.500000 529.000000
17.500000 22.500000 498.000000
22.500000 22.500000 492.000000
27.500000 22.500000 487.000000
32.500000 22.500000 483.000000
37.500000 22.500000 479.000000
42.500000 22.500000 476.000000
47.500000 22.500000 472.000000
52.500000 22.500000 470.000000
57.500000 22.500000 473.000000
62.500000 22.500000 478.000000
67.500000 22.500000 483.000000
72.500000 22.500000 486.000000
77.500000 22.500000 488.000000
82.500000 22.500000 488.000000
87.500000 22.500000 487.000000
92.500000 22.500000 486.000000
97.500000 22.500000 485.000000
102.500000 22.500000 486.000000
107.500000 22.500000 494.000000
112.500000 22.500000 513.000000
117.500000 22.500000 527.000000
122.500000 22.500000 536.000000
127.500000 22.500000 544.000000
132.500000 22.500000 551.000000
-132.500000 17.500000 434.000000
-127.500000 17.500000 435.000000
-122.500000 17.500000 437.000000
-117.500000 17.500000 439.000000
-112.500000 17.500000 442.000000
-107.500000 17.500000 445.000000
-102.500000 17.500000 449.000000
-97.500000 17.500000 456.000000
-92.500000 17.500000 465.000000
-87.500000 17.500000 476.000000
-82.500000 17.500000 486.000000
-77.500000 17.500000 496.000000
-72.500000 17.500000 505.000000
-67.500000 17.500000 514.000000
-62.500000 17.500000 522.000000
-57.500000 17.500000 530.000000
-52.500000 17.500000 537.000000
-47.500000 17.500000 544.000000
-42.500000 17.500000 550.000000
-37.500000 17.500000 551.000000
-32.500000 17.500000 553.000000
-27.500000 17.500000 554.000000
-22.500000 17.500000 554.000000
-17.500000 17.500000 554.000000
-12.500000 17.500000 554.000000
-7.500000 17.500000 554.000000
-2.500000 17.500000 553.000000
2.500000 17.500000 552.000000
7.500000 17.500000 551.000000
12.500000 17.500000 546.000000
17.500000 17.500000 534.000000
22.500000 17.500000 509.000000
27.500000 17.500000 494.000000
32.500000 17.500000 489.000000
37.500000 17.500000 485.000000
42.500000 17.500000 481.000000
47.500000 17.500000 478.000000
52.500000 17.500000 475.000000
57.500000 17.500000 475.000000
62.500000 17.500000 479.000000
67.500000 17.500000 484.000000
72.500000 17.500000 488.000000
77.500000 17.500000 490.000000
82.500000 17.500000 491.000000
87.500000 17.500000 490.000000
92.500000 17.500000 489.000000
97.500000 17.500000 488.000000
102.500000 17.500000 489.000000
107.500000 17.500000 497.000000
112.500000 17.500000 516.000000
117.500000 17.500000 529.000000
122.500000 17.500000 537.000000
127.500000 17.500000 545.000000
132.500000 17.500000 552.000000
-132.500000 12.500000 438.000000
-127.500000 12.500000 439.000000
-122.500000 12.500000 442.000000
-117.500000 12.500000 445.000000
-112.500000 12.500000 447.000000
-107.500000 12.500000 449.000000
-102.500000 12.500000 453.000000
-97.500000 12.500000 459.000000
-92.500000 12.500000 468.000000
-87.500000 12.500000 477.000000
-82.500000 12.500000 486.000000
-77.500000 12.500000 495.000000
-72.500000 12.500000 504.000000
-67.500000 12.500000 514.000000
-62.500000 12.500000 523.000000
-57.500000 12.500000 531.000000
-52.500000 12.500000 538.000000
-47.500000 12.500000 544.000000
-42.500000 12.500000 550.000000
-37.500000 12.500000 552.000000
-32.500000 12.500000 554.000000
-27.500000 12.500000 555.000000
-22.500000 12.500000 556.000000
-17.500000 12.500000 557.000000
-12.500000 12.500000 557.000000
-7.500000 12.500000 556.000000
-2.500000 12.500000 555.000000
2.500000 12.500000 554.000000
7.500000 12.500000 553.000000
12.500000 12.500000 551.000000
17.500000 12.500000 549.000000
22.500000 12.500000 534.000000
27.500000 12.500000 499.000000
32.500000 12.500000 496.000000
37.500000 12.500000 492.000000
42.500000 12.500000 488.000000
47.500000 12.500000 485.000000
52.500000 12.500000 480.000000
57.500000 12.500000 479.000000
62.500000 12.500000 480.000000
67.500000 12.500000 485.000000
72.500000 12.500000 490.000000
77.500000 12.500000 492.000000
82.500000 12.500000 493.000000
87.500000 12.500000 493.000000
92.500000 12.500000 491.000000
97.500000 12.500000 490.000000
102.500000 12.500000 490.000000
107.500000 12.500000 497.000000
112.500000 12.500000 519.000000
117.500000 12.500000 531.000000
122.500000 12.500000 539.000000
127.500000 12.500000 547.000000
132.500000 12.500000 554.000000
-132.500000 7.500000 441.000000
-127.500000 7.500000 443.000000
-122.500000 7.500000 446.000000
-117.500000 7.500000 449.000000
-112.500000 7.500000 457.000000
-107.500000 7.500000 457.000000
-102.500000 7.500000 458.000000
-97.500000 7.500000 463.000000
-92.500000 7.500000 471.000000
-87.500000 7.500000 479.000000
-82.500000 7.500000 487.000000
-77.500000 7.500000 495.000000
-72.500000 7.500000 503.000000
-67.500000 7.500000 514.000000
-62.500000 7.500000 523.000000
-57.500000 7.500000 531.000000
-52.500000 7.500000 538.000000
-47.500000 7.500000 545.000000
-42.500000 7.500000 551.000000
-37.500000 7.500000 553.000000
-32.500000 7.500000 555.000000
-27.500000 7.500000 557.000000
-22.500000 7.500000 558.000000
-17.500000 7.500000 559.000000
-12.500000 7.500000 559.000000
-7.500000 7.500000 558.000000
-2.500000 7.500000 557.000000
2.500000 7.500000 556.000000
7.500000 7.500000 555.000000
12.500000 7.500000 553.000000
17.500000 7.500000 552.000000
22.500000 7.500000 550.000000
27.500000 7.500000 517.000000
32.500000 7.500000 506.000000
37.500000 7.500000 498.000000
42.500000 7.500000 495.000000
47.500000 7.500000 492.000000
52.500000 7.500000 489.000000
57.500000 7.500000 483.000000
62.500000 7.500000 483.000000
67.500000 7.500000 486.000000
72.500000 7.500000 491.000000
77.500000 7.500000 494.000000
82.500000 7.500000 496.000000
87.500000 7.500000 496.000000
92.500000 7.500000 494.000000
97.500000 7.500000 493.000000
102.500000 7.500000 493.000000
107.500000 7.500000 498.000000
112.500000 7.500000 521.000000
117.500000 7.500000 533.000000
122.500000 7.500000 541.000000
127.500000 7.500000 550.000000
132.500000 7.500000 556.000000
-132.500000 2.500000 444.000000
-127.500000 2.500000 446.000000
-122.500000 2.500000 449.000000
-117.500000 2.500000 476.000000
-112.500000 2.500000 473.000000
-107.500000 2.500000 468.000000
-102.500000 2.500000 466.000000
-97.500000 2.500000 468.000000
-92.500000 2.500000 473.000000
-87.500000 2.500000 481.000000
-82.500000 2.500000 488.000000
-77.500000 2.500000 496.000000
-72.500000 2.500000 505.000000
-67.500000 2.500000 514.000000
-62.500000 2.500000 524.000000
-57.500000 2.500000 532.000000
-52.500000 2.500000 539.000000
-47.500000 2.500000 546.000000
-42.500000 2.500000 551.000000
-37.500000 2.500000 553.000000
-32.500000 2.500000 556.000000
-27.500000 2.500000 558.000000
-22.500000 2.500000 560.000000
-17.500000 2.500000 560.000000
-12.500000 2.500000 560.000000
-7.500000 2.500000 560.000000
-2.500000 2.500000 559.000000
2.500000 2.500000 558.000000
7.500000 2.500000 557.000000
12.500000 2.500000 555.000000
17.500000 2.500000 554.000000
22.500000 2.500000 552.000000
27.500000 2.500000 537.000000
32.500000 2.500000 524.000000
37.500000 2.500000 515.000000
42.500000 2.500000 506.000000
47.500000 2.500000 500.000000
52.500000 2.500000 497.000000
57.500000 2.500000 492.000000
62.500000 2.500000 488.000000
67.500000 2.500000 489.000000
72.500000 2.500000 492.000000
77.500000 2.500000 496.000000
82.500000 2.500000 500.000000
87.500000 2.500000 499.000000
92.500000 2.500000 497.000000
97.500000 2.500000 496.000000
102.500000 2.500000 497.000000
107.500000 2.500000 504.000000
112.500000 2.500000 525.000000
117.500000 2.500000 535.000000
122.500000 2.500000 543.000000
127.500000 2.500000 551.000000
132.500000 2.500000 558.000000
-132.500000 -2.500000 447.000000
-127.500000 -2.500000 449.000000
-122.500000 -2.500000 477.000000
-117.500000 -2.500000 485.000000
-112.500000 -2.500000 483.000000
-107.500000 -2.500000 478.000000
-102.500000 -2.500000 474.000000
-97.500000 -2.500000 473.000000
-92.500000 -2.500000 477.000000
-87.500000 -2.500000 483.000000
-82.500000 -2.500000 490.000000
-77.500000 -2.500000 497.000000
-72.500000 -2.500000 506.000000
-67.500000 -2.500000 515.000000
-62.500000 -2.500000 524.000000
-57.500000 -2.500000 532.000000
-52.500000 -2.500000 540.000000
-47.500000 -2.500000 548.000000
-42.500000 -2.500000 552.000000
-37.500000 -2.500000 554.000000
-32.500000 -2.500000 556.000000
-27.500000 -2.500000 559.000000
-22.500000 -2.500000 559.000000
-17.500000 -2.500000 560.000000
-12.500000 -2.500000 560.000000
-7.500000 -2.500000 560.000000
-2.500000 -2.500000 560.000000
2.500000 -2.500000 560.000000
7.500000 -2.500000 559.000000
12.500000 -2.500000 558.000000
17.500000 -2.500000 556.000000
22.500000 -2.500000 554.000000
27.500000 -2.500000 551.000000
32.500000 -2.500000 543.000000
37.500000 -2.500000 535.000000
42.500000 -2.500000 526.000000
47.500000 -2.500000 517.000000
52.500000 -2.500000 510.000000
57.500000 -2.500000 502.000000
62.500000 -2.500000 495.000000
67.500000 -2.500000 493.000000
72.500000 -2.500000 495.000000
77.500000 -2.500000 498.000000
82.500000 -2.500000 500.000000
87.500000 -2.500000 500.000000
92.500000 -2.500000 500.000000
97.500000 -2.500000 499.000000
102.500000 -2.500000 500.000000
107.500000 -2.500000 510.000000
112.500000 -2.500000 527.000000
117.500000 -2.500000 536.000000
122.500000 -2.500000 544.000000
127.500000 -2.500000 552.000000
132.500000 -2.500000 560.000000
-132.500000 -7.500000 459.000000
-127.500000 -7.500000 484.000000
-122.500000 -7.500000 490.000000
-117.500000 -7.500000 493.000000
-112.500000 -7.500000 491.000000
-107.500000 -7.500000 486.000000
-102.500000 -7.500000 481.000000
-97.500000 -7.500000 479.000000
-92.500000 -7.500000 481.000000
-87.500000 -7.500000 487.000000
-82.500000 -7.500000 493.000000
-77.500000 -7.500000 499.000000
-72.500000 -7.500000 507.000000
-67.500000 -7.500000 515.000000
-62.500000 -7.500000 523.000000
-57.500000 -7.500000 531.000000
-52.500000 -7.500000 539.000000
-47.500000 -7.500000 548.000000
-42.500000 -7.500000 552.000000
-37.500000 -7.500000 554.000000
-32.500000 -7.500000 557.000000
-27.500000 -7.500000 559.000000
-22.500000 -7.500000 560.000000
-17.500000 -7.500000 561.000000
-12.500000 -7.500000 561.000000
-7.500000 -7.500000 562.000000
-2.500000 -7.500000 562.000000
2.500000 -7.500000 562.000000
7.500000 -7.500000 561.000000
12.500000 -7.500000 560.000000
17.500000 -7.500000 559.000000
22.500000 -7.500000 556.000000
27.500000 -7.500000 554.000000
32.500000 -7.500000 552.000000
37.500000 -7.500000 551.000000
42.500000 -7.500000 549.000000
47.500000 -7.500000 540.000000
52.500000 -7.500000 527.000000
57.500000 -7.500000 516.000000
62.500000 -7.500000 506.000000
67.500000 -7.500000 499.000000
72.500000 -7.500000 499.000000
77.500000 -7.500000 500.000000
82.500000 -7.500000 501.000000
87.500000 -7.500000 502.000000
92.500000 -7.500000 501.000000
97.500000 -7.500000 500.000000
102.500000 -7.500000 500.000000
107.500000 -7.500000 511.000000
112.500000 -7.500000 527.000000
117.500000 -7.500000 536.000000
122.500000 -7.500000 544.000000
127.500000 -7.500000 552.000000
132.500000 -7.500000 560.000000
-132.500000 -12.500000 493.000000
-127.500000 -12.500000 501.000000
-122.500000 -12.500000 502.000000
-117.500000 -12.500000 501.000000
-112.500000 -12.500000 498.000000
-107.500000 -12.500000 492.000000
-102.500000 -12.500000 487.000000
-97.500000 -12.500000 485.000000
-92.500000 -12.500000 486.000000
-87.500000 -12.500000 490.000000
-82.500000 -12.500000 496.000000
-77.500000 -12.500000 502.000000
-72.500000 -12.500000 508.000000
-67.500000 -12.500000 515.000000
-62.500000 -12.500000 521.000000
-57.500000 -12.500000 529.000000
-52.500000 -12.500000 539.000000
-47.500000 -12.500000 548.000000
-42.500000 -12.500000 552.000000
-37.500000 -12.500000 555.000000
-32.500000 -12.500000 557.000000
-27.500000 -12.500000 560.000000
-22.500000 -12.500000 561.000000
-17.500000 -12.500000 562.000000
-12.500000 -12.500000 563.000000
-7.500000 -12.500000 563.000000
-2.500000 -12.500000 564.000000
2.500000 -12.500000 564.000000
7.500000 -12.500000 563.000000
12.500000 -12.500000 562.000000
17.500000 -12.500000 561.000000
22.500000 -12.500000 559.000000
27.500000 -12.500000 557.000000
32.500000 -12.500000 555.000000
37.500000 -12.500000 554.000000
42.500000 -12.500000 553.000000
47.500000 -12.500000 552.000000
52.500000 -12.500000 550.000000
57.500000 -12.500000 535.000000
62.500000 -12.500000 519.000000
67.500000 -12.500000 508.000000
72.500000 -12.500000 503.000000
77.500000 -12.500000 503.000000
82.500000 -12.500000 504.000000
87.500000 -12.500000 504.000000
92.500000 -12.500000 504.000000
97.500000 -12.500000 503.000000
102.500000 -12.500000 503.000000
107.500000 -12.500000 512.000000
112.500000 -12.500000 527.000000
117.500000 -12.500000 536.000000
122.500000 -12.500000 545.000000
127.500000 -12.500000 553.000000
132.500000 -12.500000 560.000000
-132.500000 -17.500000 504.000000
-127.500000 -17.500000 505.000000
-122.500000 -17.500000 506.000000
-117.500000 -17.500000 505.000000
-112.500000 -17.500000 502.000000
-107.500000 -17.500000 498.000000
-102.500000 -17.500000 492.000000
-97.500000 -17.500000 490.000000
-92.500000 -17.500000 490.000000
-87.500000 -17.500000 494.000000
-82.500000 -17.500000 500.000000
-77.500000 -17.500000 504.000000
-72.500000 -17.500000 509.000000
-67.500000 -17.500000 515.000000
-62.500000 -17.500000 521.000000
-57.500000 -17.500000 529.000000
-52.500000 -17.500000 538.000000
-47.500000 -17.500000 548.000000
-42.500000 -17.500000 552.000000
-37.500000 -17.500000 555.000000
-32.500000 -17.500000 558.000000
-27.500000 -17.500000 560.000000
-22.500000 -17.500000 562.000000
-17.500000 -17.500000 563.000000
-12.500000 -17.500000 564.000000
-7.500000 -17.500000 565.000000
-2.500000 -17.500000 565.000000
2.500000 -17.500000 565.000000
7.500000 -17.500000 565.000000
12.500000 -17.500000 564.000000
17.500000 -17.500000 563.000000
22.500000 -17.500000 561.000000
27.500000 -17.500000 560.000000
32.500000 -17.500000 559.000000
37.500000 -17.500000 558.000000
42.500000 -17.500000 557.000000
47.500000 -17.500000 555.000000
52.500000 -17.500000 554.000000
57.500000 -17.500000 552.000000
62.500000 -17.500000 538.000000
67.500000 -17.500000 514.000000
72.500000 -17.500000 508.000000
77.500000 -17.500000 506.000000
82.500000 -17.500000 507.000000
87.500000 -17.500000 507.000000
92.500000 -17.500000 507.000000
97.500000 -17.500000 506.000000
102.500000 -17.500000 507.000000
107.500000 -17.500000 514.000000
112.500000 -17.500000 527.000000
117.500000 -17.500000 537.000000
122.500000 -17.500000 545.000000
127.500000 -17.500000 553.000000
132.500000 -17.500000 560.000000
-132.500000 -22.500000 508.000000
-127.500000 -22.500000 509.000000
-122.500000 -22.500000 510.000000
-117.500000 -22.500000 508.000000
-112.500000 -22.500000 505.000000
-107.500000 -22.500000 502.000000
-102.500000 -22.500000 498.000000
-97.500000 -22.500000 495.000000
-92.500000 -22.500000 495.000000
-87.500000 -22.500000 498.000000
-82.500000 -22.500000 502.000000
-77.500000 -22.500000 506.000000
-72.500000 -22.500000 511.000000
-67.500000 -22.500000 516.000000
-62.500000 -22.500000 521.000000
-57.500000 -22.500000 528.000000
-52.500000 -22.500000 538.000000
-47.500000 -22.500000 547.000000
-42.500000 -22.500000 552.000000
-37.500000 -22.500000 555.000000
-32.500000 -22.500000 558.000000
-27.500000 -22.500000 561.000000
-22.500000 -22.500000 563.000000
-17.500000 -22.500000 564.000000
-12.500000 -22.500000 566.000000
-7.500000 -22.500000 567.000000
-2.500000 -22.500000 567.000000
2.500000 -22.500000 567.000000
7.500000 -22.500000 567.000000
12.500000 -22.500000 566.000000
17.500000 -22.500000 565.000000
22.500000 -22.500000 564.000000
27.500000 -22.500000 563.000000
32.500000 -22.500000 562.000000
37.500000 -22.500000 561.000000
42.500000 -22.500000 560.000000
47.500000 -22.500000 559.000000
52.500000 -22.500000 557.000000
57.500000 -22.500000 555.000000
62.500000 -22.500000 551.000000
67.500000 -22.500000 519.000000
72.500000 -22.500000 512.000000
77.500000 -22.500000 509.000000
82.500000 -22.500000 509.000000
87.500000 -22.500000 510.000000
92.500000 -22.500000 509.000000
97.500000 -22.500000 509.000000
102.500000 -22.500000 510.000000
107.500000 -22.500000 516.000000
112.500000 -22.500000 528.000000
117.500000 -22.500000 537.000000
122.500000 -22.500000 545.000000
127.500000 -22.500000 553.000000
132.500000 -22.500000 561.000000
-132.500000 -27.500000 513.000000
-127.500000 -27.500000 514.000000
-122.500000 -27.500000 514.000000
-117.500000 -27.500000 512.000000
-112.500000 -27.500000 509.000000
-107.500000 -27.500000 506.000000
-102.500000 -27.500000 502.000000
-97.500000 -27.500000 500.000000
-92.500000 -27.500000 499.000000
-87.500000 -27.500000 502.000000
-82.500000 -27.500000 505.000000
-77.500000 -27.500000 508.000000
-72.500000 -27.500000 513.000000
-67.500000 -27.500000 517.000000
-62.500000 -27.500000 522.000000
-57.500000 -27.500000 529.000000
-52.500000 -27.500000 538.000000
-47.500000 -27.500000 548.000000
-42.500000 -27.500000 552.000000
-37.500000 -27.500000 555.000000
-32.500000 -27.500000 558.000000
-27.500000 -27.500000 561.000000
-22.500000 -27.500000 563.000000
-17.500000 -27.500000 565.000000
-12.500000 -27.500000 567.000000
-7.500000 -27.500000 568.000000
-2.500000 -27.500000 569.000000
2.500000 -27.500000 570.000000
7.500000 -27.500000 569.000000
12.500000 -27.500000 569.000000
17.500000 -27.500000 568.000000
22.500000 -27.500000 567.000000
27.500000 -27.500000 566.000000
32.500000 -27.500000 566.000000
37.500000 -27.500000 565.000000
42.500000 -27.500000 564.000000
47.500000 -27.500000 562.000000
52.500000 -27.500000 561.000000
57.500000 -27.500000 558.000000
62.500000 -27.500000 552.000000
67.500000 -27.500000 524.000000
72.500000 -27.500000 516.000000
77.500000 -27.500000 511.000000
82.500000 -27.500000 510.000000
87.500000 -27.500000 511.000000
92.500000 -27.500000 511.000000
97.500000 -27.500000 512.000000
102.500000 -27.500000 513.000000
107.500000 -27.500000 516.000000
112.500000 -27.500000 528.000000
117.500000 -27.500000 538.000000
122.500000 -27.500000 547.000000
127.500000 -27.500000 554.000000
132.500000 -27.500000 562.000000
-132.500000 -32.500000 518.000000
-127.500000 -32.500000 519.000000
-122.500000 -32.500000 519.000000
-117.500000 -32.500000 516.000000
-112.500000 -32.500000 513.000000
-107.500000 -32.500000 509.000000
-102.500000 -32.500000 506.000000
-97.500000 -32.500000 504.000000
-92.500000 -32.500000 503.000000
-87.500000 -32.500000 505.000000
-82.500000 -32.500000 507.000000
-77.500000 -32.500000 511.000000
-72.500000 -32.500000 515.000000
-67.500000 -32.500000 519.000000
-62.500000 -32.500000 524.000000
-57.500000 -32.500000 530.000000
-52.500000 -32.500000 539.000000
-47.500000 -32.500000 548.000000
-42.500000 -32.500000 552.000000
-37.500000 -32.500000 556.000000
-32.500000 -32.500000 559.000000
-27.500000 -32.500000 561.000000
-22.500000 -32.500000 564.000000
-17.500000 -32.500000 566.000000
-12.500000 -32.500000 568.000000
-7.500000 -32.500000 570.000000
-2.500000 -32.500000 570.000000
2.500000 -32.500000 571.000000
7.500000 -32.500000 571.000000
12.500000 -32.500000 571.000000
17.500000 -32.500000 571.000000
22.500000 -32.500000 570.000000
27.500000 -32.500000 570.000000
32.500000 -32.500000 569.000000
37.500000 -32.500000 569.000000
42.500000 -32.500000 568.000000
47.500000 -32.500000 566.000000
52.500000 -32.500000 564.000000
57.500000 -32.500000 561.000000
62.500000 -32.500000 555.000000
67.500000 -32.500000 545.000000
72.500000 -32.500000 521.000000
77.500000 -32.500000 516.000000
82.500000 -32.500000 512.000000
87.500000 -32.500000 513.000000
92.500000 -32.500000 514.000000
97.500000 -32.500000 515.000000
102.500000 -32.500000 516.000000
107.500000 -32.500000 519.000000
112.500000 -32.500000 529.000000
117.500000 -32.500000 539.000000
122.500000 -32.500000 549.000000
127.500000 -32.500000 556.000000
132.500000 -32.500000 563.000000
-132.500000 -37.500000 523.000000
-127.500000 -37.500000 524.000000
-122.500000 -37.500000 523.000000
-117.500000 -37.500000 520.000000
-112.500000 -37.500000 517.000000
-107.500000 -37.500000 513.000000
-102.500000 -37.500000 509.000000
-97.500000 -37.500000 508.000000
-92.500000 -37.500000 507.000000
-87.500000 -37.500000 508.000000
-82.500000 -37.500000 510.000000
-77.500000 -37.500000 513.000000
-72.500000 -37.500000 517.000000
-67.500000 -37.500000 521.000000
-62.500000 -37.500000 526.000000
-57.500000 -37.500000 533.000000
-52.500000 -37.500000 541.000000
-47.500000 -37.500000 549.000000
-42.500000 -37.500000 553.000000
-37.500000 -37.500000 556.000000
-32.500000 -37.500000 559.000000
-27.500000 -37.500000 562.000000
-22.500000 -37.500000 564.000000
-17.500000 -37.500000 567.000000
-12.500000 -37.500000 569.000000
-7.500000 -37.500000 570.000000
-2.500000 -37.500000 571.000000
2.500000 -37.500000 572.000000
7.500000 -37.500000 573.000000
12.500000 -37.500000 573.000000
17.500000 -37.500000 573.000000
22.500000 -37.500000 573.000000
27.500000 -37.500000 573.000000
32.500000 -37.500000 572.000000
37.500000 -37.500000 572.000000
42.500000 -37.500000 571.000000
47.500000 -37.500000 570.000000
52.500000 -37.500000 567.000000
57.500000 -37.500000 564.000000
62.500000 -37.500000 559.000000
67.500000 -37.500000 554.000000
72.500000 -37.500000 530.000000
77.500000 -37.500000 519.000000
82.500000 -37.500000 516.000000
87.500000 -37.500000 516.000000
92.500000 -37.500000 516.000000
97.500000 -37.500000 517.000000
102.500000 -37.500000 519.000000
107.500000 -37.500000 520.000000
112.500000 -37.500000 530.000000
117.500000 -37.500000 541.000000
122.500000 -37.500000 551.000000
127.500000 -37.500000 558.000000
132.500000 -37.500000 566.000000
-132.500000 -42.500000 528.000000
-127.500000 -42.500000 529.000000
-122.500000 -42.500000 527.000000
-117.500000 -42.500000 524.000000
-112.500000 -42.500000 520.000000
-107.500000 -42.500000 516.000000
-102.500000 -42.500000 513.000000
-97.500000 -42.500000 511.000000
-92.500000 -42.500000 511.000000
-87.500000 -42.500000 512.000000
-82.500000 -42.500000 514.000000
-77.500000 -42.500000 516.000000
-72.500000 -42.500000 519.000000
-67.500000 -42.500000 524.000000
-62.500000 -42.500000 529.000000
-57.500000 -42.500000 535.000000
-52.500000 -42.500000 543.000000
-47.500000 -42.500000 550.000000
-42.500000 -42.500000 553.000000
-37.500000 -42.500000 556.000000
-32.500000 -42.500000 560.000000
-27.500000 -42.500000 562.000000
-22.500000 -42.500000 565.000000
-17.500000 -42.500000 567.000000
-12.500000 -42.500000 570.000000
-7.500000 -42.500000 571.000000
-2.500000 -42.500000 573.000000
2.500000 -42.500000 574.000000
7.500000 -42.500000 575.000000
12.500000 -42.500000 575.000000
17.500000 -42.500000 576.000000
22.500000 -42.500000 576.000000
27.500000 -42.500000 576.000000
32.500000 -42.500000 575.000000
37.500000 -42.500000 575.000000
42.500000 -42.500000 574.000000
47.500000 -42.500000 572.000000
52.500000 -42.500000 571.000000
57.500000 -42.500000 568.000000
62.500000 -42.500000 564.000000
67.500000 -42.500000 559.000000
72.500000 -42.500000 554.000000
77.500000 -42.500000 526.000000
82.500000 -42.500000 519.000000
87.500000 -42.500000 518.000000
92.500000 -42.500000 519.000000
97.500000 -42.500000 520.000000
102.500000 -42.500000 521.000000
107.500000 -42.500000 523.000000
112.500000 -42.500000 532.000000
117.500000 -42.500000 544.000000
122.500000 -42.500000 553.000000
127.500000 -42.500000 560.000000
132.500000 -42.500000 568.000000
-132.500000 -47.500000 534.000000
-127.500000 -47.500000 534.000000
-122.500000 -47.500000 532.000000
-117.500000 -47.500000 529.000000
-112.500000 -47.500000 524.000000
-107.500000 -47.500000 519.000000
-102.500000 -47.500000 516.000000
-97.500000 -47.500000 515.000000
-92.500000 -47.500000 515.000000
-87.500000 -47.500000 516.000000
-82.500000 -47.500000 517.000000
-77.500000 -47.500000 519.000000
-72.500000 -47.500000 522.000000
-67.500000 -47.500000 527.000000
-62.500000 -47.500000 532.000000
-57.500000 -47.500000 539.000000
-52.500000 -47.500000 546.000000
-47.500000 -47.500000 551.000000
-42.500000 -47.500000 554.000000
-37.500000 -47.500000 557.000000
-32.500000 -47.500000 560.000000
-27.500000 -47.500000 563.000000
-22.500000 -47.500000 565.000000
-17.500000 -47.500000 568.000000
-12.500000 -47.500000 571.000000
-7.500000 -47.500000 573.000000
-2.500000 -47.500000 574.000000
2.500000 -47.500000 575.000000
7.500000 -47.500000 577.000000
12.500000 -47.500000 577.000000
17.500000 -47.500000 578.000000
22.500000 -47.500000 578.000000
27.500000 -47.500000 579.000000
32.500000 -47.500000 579.000000
37.500000 -47.500000 578.000000
42.500000 -47.500000 577.000000
47.500000 -47.500000 575.000000
52.500000 -47.500000 573.000000
57.500000 -47.500000 571.000000
62.500000 -47.500000 568.000000
67.500000 -47.500000 563.000000
72.500000 -47.500000 557.000000
77.500000 -47.500000 549.000000
82.500000 -47.500000 520.000000
87.500000 -47.500000 520.000000
92.500000 -47.500000 520.000000
97.500000 -47.500000 522.000000
102.500000 -47.500000 525.000000
107.500000 -47.500000 527.000000
112.500000 -47.500000 533.000000
117.500000 -47.500000 546.000000
122.500000 -47.500000 555.000000
127.500000 -47.500000 562.000000
132.500000 -47.500000 569.000000
-132.500000 -52.500000 539.000000
-127.500000 -52.500000 539.000000
-122.500000 -52.500000 537.000000
-117.500000 -52.500000 534.000000
-112.500000 -52.500000 528.000000
-107.500000 -52.500000 523.000000
-102.500000 -52.500000 520.000000
-97.500000 -52.500000 518.000000
-92.500000 -52.500000 519.000000
-87.500000 -52.500000 520.000000
-82.500000 -52.500000 521.000000
-77.500000 -52.500000 523.000000
-72.500000 -52.500000 526.000000
-67.500000 -52.500000 530.000000
-62.500000 -52.500000 536.000000
-57.500000 -52.500000 542.000000
-52.500000 -52.500000 549.000000
-47.500000 -52.500000 552.000000
-42.500000 -52.500000 555.000000
-37.500000 -52.500000 558.000000
-32.500000 -52.500000 561.000000
-27.500000 -52.500000 563.000000
-22.500000 -52.500000 566.000000
-17.500000 -52.500000 569.000000
-12.500000 -52.500000 571.000000
-7.500000 -52.500000 574.000000
-2.500000 -52.500000 575.000000
2.500000 -52.500000 577.000000
7.500000 -52.500000 578.000000
12.500000 -52.500000 580.000000
17.500000 -52.500000 580.000000
22.500000 -52.500000 581.000000
27.500000 -52.500000 581.000000
32.500000 -52.500000 581.000000
37.500000 -52.500000 580.000000
42.500000 -52.500000 580.000000
47.500000 -52.500000 578.000000
52.500000 -52.500000 576.000000
57.500000 -52.500000 574.000000
62.500000 -52.500000 572.000000
67.500000 -52.500000 568.000000
72.500000 -52.500000 562.000000
77.500000 -52.500000 555.000000
82.500000 -52.500000 528.000000
87.500000 -52.500000 521.000000
92.500000 -52.500000 523.000000
97.500000 -52.500000 525.000000
102.500000 -52.500000 527.000000
107.500000 -52.500000 531.000000
112.500000 -52.500000 537.000000
117.500000 -52.500000 547.000000
122.500000 -52.500000 555.000000
127.500000 -52.500000 562.000000
132.500000 -52.500000 569.000000
-132.500000 -57.500000 545.000000
-127.500000 -57.500000 544.000000
-122.500000 -57.500000 543.000000
-117.500000 -57.500000 540.000000
-112.500000 -57.500000 534.000000
-107.500000 -57.500000 528.000000
-102.500000 -57.500000 525.000000
-97.500000 -57.500000 523.000000
-92.500000 -57.500000 523.000000
-87.500000 -57.500000 524.000000
-82.500000 -57.500000 526.000000
-77.500000 -57.500000 527.000000
-72.500000 -57.500000 530.000000
-67.500000 -57.500000 534.000000
-62.500000 -57.500000 540.000000
-57.500000 -57.500000 546.000000
-52.500000 -57.500000 551.000000
-47.500000 -57.500000 554.000000
-42.500000 -57.500000 556.000000
-37.500000 -57.500000 559.000000
-32.500000 -57.500000 562.000000
-27.500000 -57.500000 564.000000
-22.500000 -57.500000 567.000000
-17.500000 -57.500000 570.000000
-12.500000 -57.500000 572.000000
-7.500000 -57.500000 575.000000
-2.500000 -57.500000 577.000000
2.500000 -57.500000 579.000000
7.500000 -57.500000 580.000000
12.500000 -57.500000 581.000000
17.500000 -57.500000 581.000000
22.500000 -57.500000 582.000000
27.500000 -57.500000 582.000000
32.500000 -57.500000 582.000000
37.500000 -57.500000 582.000000
42.500000 -57.500000 581.000000
47.500000 -57.500000 580.000000
52.500000 -57.500000 579.000000
57.500000 -57.500000 577.000000
62.500000 -57.500000 574.000000
67.500000 -57.500000 571.000000
72.500000 -57.500000 568.000000
77.500000 -57.500000 560.000000
82.500000 -57.500000 542.000000
87.500000 -57.500000 526.000000
92.500000 -57.500000 526.000000
97.500000 -57.500000 527.000000
102.500000 -57.500000 529.000000
107.500000 -57.500000 534.000000
112.500000 -57.500000 540.000000
117.500000 -57.500000 547.000000
122.500000 -57.500000 555.000000
127.500000 -57.500000 562.000000
132.500000 -57.500000 570.000000
-132.500000 -62.500000 550.000000
-127.500000 -62.500000 550.000000
-122.500000 -62.500000 549.000000
-117.500000 -62.500000 546.000000
-112.500000 -62.500000 543.000000
-107.500000 -62.500000 537.000000
-102.500000 -62.500000 531.000000
-97.500000 -62.500000 529.000000
-92.500000 -62.500000 529.000000
-87.500000 -62.500000 529.000000
-82.500000 -62.500000 530.000000
-77.500000 -62.500000 532.000000
-72.500000 -62.500000 535.000000
-67.500000 -62.500000 538.000000
-62.500000 -62.500000 543.000000
-57.500000 -62.500000 549.000000
-52.500000 -62.500000 552.000000
-47.500000 -62.500000 555.000000
-42.500000 -62.500000 558.000000
-37.500000 -62.500000 560.000000
-32.500000 -62.500000 563.000000
-27.500000 -62.500000 566.000000
-22.500000 -62.500000 568.000000
-17.500000 -62.500000 571.000000
-12.500000 -62.500000 573.000000
-7.500000 -62.500000 576.000000
-2.500000 -62.500000 578.000000
2.500000 -62.500000 580.000000
7.500000 -62.500000 581.000000
12.500000 -62.500000 582.000000
17.500000 -62.500000 583.000000
22.500000 -62.500000 583.000000
27.500000 -62.500000 584.000000
32.500000 -62.500000 584.000000
37.500000 -62.500000 584.000000
42.500000 -62.500000 583.000000
47.500000 -62.500000 582.000000
52.500000 -62.500000 581.000000
57.500000 -62.500000 579.000000
62.500000 -62.500000 577.000000
67.500000 -62.500000 574.000000
72.500000 -62.500000 571.000000
77.500000 -62.500000 566.000000
82.500000 -62.500000 547.000000
87.500000 -62.500000 529.000000
92.500000 -62.500000 529.000000
97.500000 -62.500000 529.000000
102.500000 -62.500000 531.000000
107.500000 -62.500000 535.000000
112.500000 -62.500000 539.000000
117.500000 -62.500000 547.000000
122.500000 -62.500000 555.000000
127.500000 -62.500000 563.000000
132.500000 -62.500000 572.000000
-132.500000 -67.500000 552.000000
-127.500000 -67.500000 552.000000
-122.500000 -67.500000 553.000000
-117.500000 -67.500000 553.000000
-112.500000 -67.500000 552.000000
-107.500000 -67.500000 550.000000
-102.500000 -67.500000 544.000000
-97.500000 -67.500000 539.000000
-92.500000 -67.500000 537.000000
-87.500000 -67.500000 537.000000
-82.500000 -67.500000 537.000000
-77.500000 -67.500000 538.000000
-72.500000 -67.500000 541.000000
-67.500000 -67.500000 543.000000
-62.500000 -67.500000 547.000000
-57.500000 -67.500000 551.000000
-52.500000 -67.500000 554.000000
-47.500000 -67.500000 556.000000
-42.500000 -67.500000 559.000000
-37.500000 -67.500000 562.000000
-32.500000 -67.500000 564.000000
-27.500000 -67.500000 567.000000
-22.500000 -67.500000 569.000000
-17.500000 -67.500000 572.000000
-12.500000 -67.500000 575.000000
-7.500000 -67.500000 577.000000
-2.500000 -67.500000 580.000000
2.500000 -67.500000 581.000000
7.500000 -67.500000 582.000000
12.500000 -67.500000 583.000000
17.500000 -67.500000 584.000000
22.500000 -67.500000 585.000000
27.500000 -67.500000 585.000000
32.500000 -67.500000 585.000000
37.500000 -67.500000 585.000000
42.500000 -67.500000 585.000000
47.500000 -67.500000 584.000000
52.500000 -67.500000 583.000000
57.500000 -67.500000 581.000000
62.500000 -67.500000 579.000000
67.500000 -67.500000 576.000000
72.500000 -67.500000 573.000000
77.500000 -67.500000 569.000000
82.500000 -67.500000 549.000000
87.500000 -67.500000 534.000000
92.500000 -67.500000 531.000000
97.500000 -67.500000 531.000000
102.500000 -67.500000 533.000000
107.500000 -67.500000 536.000000
112.500000 -67.500000 539.000000
117.500000 -67.500000 546.000000
122.500000 -67.500000 554.000000
127.500000 -67.500000 564.000000
132.500000 -67.500000 574.000000
-132.500000 -72.500000 553.000000
-127.500000 -72.500000 554.000000
-122.500000 -72.500000 555.000000
-117.500000 -72.500000 556.000000
-112.500000 -72.500000 557.000000
-107.500000 -72.500000 555.000000
-102.500000 -72.500000 552.000000
-97.500000 -72.500000 549.000000
-92.500000 -72.500000 547.000000
-87.500000 -72.500000 546.000000
-82.500000 -72.500000 545.000000
-77.500000 -72.500000 544.000000
-72.500000 -72.500000 546.000000
-67.500000 -72.500000 549.000000
-62.500000 -72.500000 551.000000
-57.500000 -72.500000 553.000000
-52.500000 -72.500000 555.000000
-47.500000 -72.500000 558.000000
-42.500000 -72.500000 560.000000
-37.500000 -72.500000 563.000000
-32.500000 -72.500000 566.000000
-27.500000 -72.500000 568.000000
-22.500000 -72.500000 571.000000
-17.500000 -72.500000 573.000000
-12.500000 -72.500000 576.000000
-7.500000 -72.500000 579.000000
-2.500000 -72.500000 581.000000
2.500000 -72.500000 582.000000
7.500000 -72.500000 583.000000
12.500000 -72.500000 584.000000
17.500000 -72.500000 585.000000
22.500000 -72.500000 586.000000
27.500000 -72.500000 587.000000
32.500000 -72.500000 587.000000
37.500000 -72.500000 587.000000
42.500000 -72.500000 587.000000
47.500000 -72.500000 586.000000
52.500000 -72.500000 584.000000
57.500000 -72.500000 583.000000
62.500000 -72.500000 581.000000
67.500000 -72.500000 578.000000
72.500000 -72.500000 574.000000
77.500000 -72.500000 571.000000
82.500000 -72.500000 555.000000
87.500000 -72.500000 541.000000
92.500000 -72.500000 536.000000
97.500000 -72.500000 535.000000
102.500000 -72.500000 536.000000
107.500000 -72.500000 538.000000
112.500000 -72.500000 540.000000
117.500000 -72.500000 546.000000
122.500000 -72.500000 551.000000
127.500000 -72.500000 563.000000
132.500000 -72.500000 574.000000
-132.500000 -77.500000 555.000000
-127.500000 -77.500000 556.000000
-122.500000 -77.500000 557.000000
-117.500000 -77.500000 559.000000
-112.500000 -77.500000 561.000000
-107.500000 -77.500000 559.000000
-102.500000 -77.500000 556.000000
-97.500000 -77.500000 553.000000
-92.500000 -77.500000 552.000000
-87.500000 -77.500000 551.000000
-82.500000 -77.500000 550.000000
-77.500000 -77.500000 550.000000
-72.500000 -77.500000 551.000000
-67.500000 -77.500000 552.000000
-62.500000 -77.500000 553.000000
-57.500000 -77.500000 554.000000
-52.500000 -77.500000 557.000000
-47.500000 -77.500000 559.000000
-42.500000 -77.500000 562.000000
-37.500000 -77.500000 564.000000
-32.500000 -77.500000 567.000000
-27.500000 -77.500000 570.000000
-22.500000 -77.500000 572.000000
-17.500000 -77.500000 575.000000
-12.500000 -77.500000 577.000000
-7.500000 -77.500000 580.000000
-2.500000 -77.500000 582.000000
2.500000 -77.500000 583.000000
7.500000 -77.500000 584.000000
12.500000 -77.500000 585.000000
17.500000 -77.500000 587.000000
22.500000 -77.500000 587.000000
27.500000 -77.500000 588.000000
32.500000 -77.500000 589.000000
37.500000 -77.500000 589.000000
42.500000 -77.500000 589.000000
47.500000 -77.500000 588.000000
52.500000 -77.500000 586.000000
57.500000 -77.500000 584.000000
62.500000 -77.500000 582.000000
67.500000 -77.500000 580.000000
72.500000 -77.500000 576.000000
77.500000 -77.500000 572.000000
82.500000 -77.500000 560.000000
87.500000 -77.500000 548.000000
92.500000 -77.500000 541.000000
97.500000 -77.500000 538.000000
102.500000 -77.500000 538.000000
107.500000 -77.500000 539.000000
112.500000 -77.500000 542.000000
117.500000 -77.500000 546.000000
122.500000 -77.500000 551.000000
127.500000 -77.500000 563.000000
132.500000 -77.500000 574.000000
-132.500000 -82.500000 556.000000
-127.500000 -82.500000 557.000000
-122.500000 -82.500000 558.000000
-117.500000 -82.500000 560.000000
-112.500000 -82.500000 562.000000
-107.500000 -82.500000 560.000000
-102.500000 -82.500000 557.000000
-97.500000 -82.500000 555.000000
-92.500000 -82.500000 554.000000
-87.500000 -82.500000 553.000000
-82.500000 -82.500000 552.000000
-77.500000 -82.500000 552.000000
-72.500000 -82.500000 553.000000
-67.500000 -82.500000 553.000000
-62.500000 -82.500000 555.000000
-57.500000 -82.500000 556.000000
-52.500000 -82.500000 558.000000
-47.500000 -82.500000 561.000000
-42.500000 -82.500000 563.000000
-37.500000 -82.500000 566.000000
-32.500000 -82.500000 568.000000
-27.500000 -82.500000 571.000000
-22.500000 -82.500000 573.000000
-17.500000 -82.500000 576.000000
-12.500000 -82.500000 578.000000
-7.500000 -82.500000 581.000000
-2.500000 -82.500000 582.000000
2.500000 -82.500000 584.000000
7.500000 -82.500000 585.000000
12.500000 -82.500000 587.000000
17.500000 -82.500000 588.000000
22.500000 -82.500000 589.000000
27.500000 -82.500000 590.000000
32.500000 -82.500000 590.000000
37.500000 -82.500000 590.000000
42.500000 -82.500000 590.000000
47.500000 -82.500000 590.000000
52.500000 -82.500000 588.000000
57.500000 -82.500000 586.000000
62.500000 -82.500000 583.000000
67.500000 -82.500000 581.000000
72.500000 -82.500000 577.000000
77.500000 -82.500000 573.000000
82.500000 -82.500000 566.000000
87.500000 -82.500000 556.000000
92.500000 -82.500000 548.000000
97.500000 -82.500000 542.000000
102.500000 -82.500000 540.000000
107.500000 -82.500000 542.000000
112.500000 -82.500000 544.000000
117.500000 -82.500000 547.000000
122.500000 -82.500000 552.000000
127.500000 -82.500000 563.000000
132.500000 -82.500000 574.000000
-132.500000 -87.500000 557.000000
-127.500000 -87.500000 558.000000
-122.500000 -87.500000 559.000000
-117.500000 -87.500000 561.000000
-112.500000 -87.500000 562.000000
-107.500000 -87.500000 560.000000
-102.500000 -87.500000 558.000000
-97.500000 -87.500000 556.000000
-92.500000 -87.500000 555.000000
-87.500000 -87.500000 554.000000
-82.500000 -87.500000 554.000000
-77.500000 -87.500000 554.000000
-72.500000 -87.500000 554.000000
-67.500000 -87.500000 555.000000
-62.500000 -87.500000 556.000000
-57.500000 -87.500000 558.000000
-52.500000 -87.500000 560.000000
-47.500000 -87.500000 562.000000
-42.500000 -87.500000 565.000000
-37.500000 -87.500000 567.000000
-32.500000 -87.500000 570.000000
-27.500000 -87.500000 572.000000
-22.500000 -87.500000 575.000000
-17.500000 -87.500000 577.000000
-12.500000 -87.500000 580.000000
-7.500000 -87.500000 582.000000
-2.500000 -87.500000 583.000000
2.500000 -87.500000 585.000000
7.500000 -87.500000 587.000000
12.500000 -87.500000 588.000000
17.500000 -87.500000 589.000000
22.500000 -87.500000 590.000000
27.500000 -87.500000 591.000000
32.500000 -87.500000 591.000000
37.500000 -87.500000 591.000000
42.500000 -87.500000 591.000000
47.500000 -87.500000 590.000000
52.500000 -87.500000 590.000000
57.500000 -87.500000 587.000000
62.500000 -87.500000 585.000000
67.500000 -87.500000 583.000000
72.500000 -87.500000 580.000000
77.500000 -87.500000 576.000000
82.500000 -87.500000 571.000000
87.500000 -87.500000 562.000000
92.500000 -87.500000 553.000000
97.500000 -87.500000 547.000000
102.500000 -87.500000 545.000000
107.500000 -87.500000 545.000000
112.500000 -87.500000 546.000000
117.500000 -87.500000 549.000000
122.500000 -87.500000 555.000000
127.500000 -87.500000 564.000000
132.500000 -87.500000 575.000000
-132.500000 -92.500000 558.000000
-127.500000 -92.500000 559.000000
-122.500000 -92.500000 560.000000
-117.500000 -92.500000 561.000000
-112.500000 -92.500000 561.000000
-107.500000 -92.500000 560.000000
-102.500000 -92.500000 559.000000
-97.500000 -92.500000 557.000000
-92.500000 -92.500000 556.000000
-87.500000 -92.500000 556.000000
-82.500000 -92.500000 555.000000
-77.500000 -92.500000 555.000000
-72.500000 -92.500000 556.000000
-67.500000 -92.500000 557.000000
-62.500000 -92.500000 558.000000
-57.500000 -92.500000 559.000000
-52.500000 -92.500000 561.000000
-47.500000 -92.500000 564.000000
-42.500000 -92.500000 566.000000
-37.500000 -92.500000 569.000000
-32.500000 -92.500000 571.000000
-27.500000 -92.500000 574.000000
-22.500000 -92.500000 576.000000
-17.500000 -92.500000 578.000000
-12.500000 -92.500000 581.000000
-7.500000 -92.500000 583.000000
-2.500000 -92.500000 585.000000
2.500000 -92.500000 586.000000
7.500000 -92.500000 588.000000
12.500000 -92.500000 589.000000
17.500000 -92.500000 590.000000
22.500000 -92.500000 591.000000
27.500000 -92.500000 592.000000
32.500000 -92.500000 592.000000
37.500000 -92.500000 592.000000
42.500000 -92.500000 592.000000
47.500000 -92.500000 592.000000
52.500000 -92.500000 591.000000
57.500000 -92.500000 590.000000
62.500000 -92.500000 587.000000
67.500000 -92.500000 585.000000
72.500000 -92.500000 582.000000
77.500000 -92.500000 578.000000
82.500000 -92.500000 573.000000
87.500000 -92.500000 567.000000
92.500000 -92.500000 559.000000
97.500000 -92.500000 552.000000
102.500000 -92.500000 548.000000
107.500000 -92.500000 548.000000
112.500000 -92.500000 549.000000
117.500000 -92.500000 550.000000
122.500000 -92.500000 557.000000
127.500000 -92.500000 565.000000
132.500000 -92.500000 573.000000
-132.500000 -97.500000 559.000000
-127.500000 -97.500000 560.000000
-122.500000 -97.500000 560.000000
-117.500000 -97.500000 561.000000
-112.500000 -97.500000 561.000000
-107.500000 -97.500000 560.000000
-102.500000 -97.500000 559.000000
-97.500000 -97.500000 558.000000
-92.500000 -97.500000 557.000000
-87.500000 -97.500000 557.000000
-82.500000 -97.500000 557.000000
-77.500000 -97.500000 557.000000
-72.500000 -97.500000 557.000000
-67.500000 -97.500000 558.000000
-62.500000 -97.500000 559.000000
-57.500000 -97.500000 561.000000
-52.500000 -97.500000 563.000000
-47.500000 -97.500000 565.000000
-42.500000 -97.500000 568.000000
-37.500000 -97.500000 570.000000
-32.500000 -97.500000 573.000000
-27.500000 -97.500000 575.000000
-22.500000 -97.500000 578.000000
-17.500000 -97.500000 580.000000
-12.500000 -97.500000 582.000000
-7.500000 -97.500000 584.000000
-2.500000 -97.500000 586.000000
2.500000 -97.500000 588.000000
7.500000 -97.500000 589.000000
12.500000 -97.500000 591.000000
17.500000 -97.500000 592.000000
22.500000 -97.500000 592.000000
27.500000 -97.500000 593.000000
32.500000 -97.500000 593.000000
37.500000 -97.500000 594.000000
42.500000 -97.500000 593.000000
47.500000 -97.500000 593.000000
52.500000 -97.500000 592.000000
57.500000 -97.500000 591.000000
62.500000 -97.500000 589.000000
67.500000 -97.500000 587.000000
72.500000 -97.500000 584.000000
77.500000 -97.500000 580.000000
82.500000 -97.500000 576.000000
87.500000 -97.500000 572.000000
92.500000 -97.500000 566.000000
97.500000 -97.500000 559.000000
102.500000 -97.500000 553.000000
107.500000 -97.500000 550.000000
112.500000 -97.500000 551.000000
117.500000 -97.500000 554.000000
122.500000 -97.500000 559.000000
127.500000 -97.500000 568.000000
132.500000 -97.500000 576.000000
-132.500000 -102.500000 560.000000
-127.500000 -102.500000 560.000000
-122.500000 -102.500000 560.000000
-117.500000 -102.500000 560.000000
-112.500000 -102.500000 560.000000
-107.500000 -102.500000 560.000000
-102.500000 -102.500000 560.000000
-97.500000 -102.500000 559.000000
-92.500000 -102.500000 558.000000
-87.500000 -102.500000 558.000000
-82.500000 -102.500000 558.000000
-77.500000 -102.500000 558.000000
-72.500000 -102.500000 559.000000
-67.500000 -102.500000 560.000000
-62.500000 -102.500000 561.000000
-57.500000 -102.500000 563.000000
-52.500000 -102.500000 565.000000
-47.500000 -102.500000 567.000000
-42.500000 -102.500000 569.000000
-37.500000 -102.500000 571.000000
-32.500000 -102.500000 574.000000
-27.500000 -102.500000 577.000000
-22.500000 -102.500000 579.000000
-17.500000 -102.500000 581.000000
-12.500000 -102.500000 583.000000
-7.500000 -102.500000 586.000000
-2.500000 -102.500000 588.000000
2.500000 -102.500000 590.000000
7.500000 -102.500000 591.000000
12.500000 -102.500000 592.000000
17.500000 -102.500000 593.000000
22.500000 -102.500000 594.000000
27.500000 -102.500000 594.000000
32.500000 -102.500000 595.000000
37.500000 -102.500000 595.000000
42.500000 -102.500000 595.000000
47.500000 -102.500000 595.000000
52.500000 -102.500000 594.000000
57.500000 -102.500000 593.000000
62.500000 -102.500000 592.000000
67.500000 -102.500000 590.000000
72.500000 -102.500000 587.000000
77.500000 -102.500000 584.000000
82.500000 -102.500000 580.000000
87.500000 -102.500000 576.000000
92.500000 -102.500000 571.000000
97.500000 -102.500000 565.000000
102.500000 -102.500000 559.000000
107.500000 -102.500000 554.000000
112.500000 -102.500000 555.000000
117.500000 -102.500000 557.000000
122.500000 -102.500000 560.000000
127.500000 -102.500000 569.000000
132.500000 -102.500000 578.000000
-132.500000 -107.500000 560.000000
-127.500000 -107.500000 561.000000
-122.500000 -107.500000 561.000000
-117.500000 -107.500000 561.000000
-112.500000 -107.500000 561.000000
-107.500000 -107.500000 560.000000
-102.500000 -107.500000 560.000000
-97.500000 -107.500000 560.000000
-92.500000 -107.500000 560.000000
-87.500000 -107.500000 559.000000
-82.500000 -107.500000 560.000000
-77.500000 -107.500000 560.000000
-72.500000 -107.500000 560.000000
-67.500000 -107.500000 561.000000
-62.500000 -107.500000 563.000000
-57.500000 -107.500000 564.000000
-52.500000 -107.500000 566.000000
-47.500000 -107.500000 568.000000
-42.500000 -107.500000 570.000000
-37.500000 -107.500000 573.000000
-32.500000 -107.500000 576.000000
-27.500000 -107.500000 578.000000
-22.500000 -107.500000 581.000000
-17.500000 -107.500000 583.000000
-12.500000 -107.500000 585.000000
-7.500000 -107.500000 587.000000
-2.500000 -107.500000 589.000000
2.500000 -107.500000 591.000000
7.500000 -107.500000 592.000000
12.500000 -107.500000 593.000000
17.500000 -107.500000 594.000000
22.500000 -107.500000 595.000000
27.500000 -107.500000 596.000000
32.500000 -107.500000 596.000000
37.500000 -107.500000 597.000000
42.500000 -107.500000 597.000000
47.500000 -107.500000 596.000000
52.500000 -107.500000 596.000000
57.500000 -107.500000 595.000000
62.500000 -107.500000 594.000000
67.500000 -107.500000 593.000000
72.500000 -107.500000 591.000000
77.500000 -107.500000 587.000000
82.500000 -107.500000 584.000000
87.500000 -107.500000 579.000000
92.500000 -107.500000 575.000000
97.500000 -107.500000 571.000000
102.500000 -107.500000 566.000000
107.500000 -107.500000 560.000000
112.500000 -107.500000 558.000000
117.500000 -107.500000 559.000000
122.500000 -107.500000 562.000000
127.500000 -107.500000 569.000000
132.500000 -107.500000 577.000000
-132.500000 -112.500000 561.000000
-127.500000 -112.500000 562.000000
-122.500000 -112.500000 562.000000
-117.500000 -112.500000 562.000000
-112.500000 -112.500000 562.000000
-107.500000 -112.500000 562.000000
-102.500000 -112.500000 561.000000
-97.500000 -112.500000 561.000000
-92.500000 -112.500000 561.000000
-87.500000 -112.500000 561.000000
-82.500000 -112.500000 561.000000
-77.500000 -112.500000 561.000000
-72.500000 -112.500000 562.000000
-67.500000 -112.500000 563.000000
-62.500000 -112.500000 564.000000
-57.500000 -112.500000 566.000000
-52.500000 -112.500000 567.000000
-47.500000 -112.500000 569.000000
-42.500000 -112.500000 572.000000
-37.500000 -112.500000 574.000000
-32.500000 -112.500000 577.000000
-27.500000 -112.500000 580.000000
-22.500000 -112.500000 582.000000
-17.500000 -112.500000 584.000000
-12.500000 -112.500000 586.000000
-7.500000 -112.500000 588.000000
-2.500000 -112.500000 590.000000
2.500000 -112.500000 592.000000
7.500000 -112.500000 593.000000
12.500000 -112.500000 594.000000
17.500000 -112.500000 596.000000
22.500000 -112.500000 597.000000
27.500000 -112.500000 597.000000
32.500000 -112.500000 598.000000
37.500000 -112.500000 598.000000
42.500000 -112.500000 598.000000
47.500000 -112.500000 598.000000
52.500000 -112.500000 598.000000
57.500000 -112.500000 597.000000
62.500000 -112.500000 597.000000
67.500000 -112.500000 595.000000
72.500000 -112.500000 594.000000
77.500000 -112.500000 591.000000
82.500000 -112.500000 587.000000
87.500000 -112.500000 583.000000
92.500000 -112.500000 579.000000
97.500000 -112.500000 575.000000
102.500000 -112.500000 572.000000
107.500000 -112.500000 567.000000
112.500000 -112.500000 563.000000
117.500000 -112.500000 562.000000
122.500000 -112.500000 565.000000
127.500000 -112.500000 569.000000
132.500000 -112.500000 576.000000
-132.500000 -117.500000 562.000000
-127.500000 -117.500000 563.000000
-122.500000 -117.500000 563.000000
-117.500000 -117.500000 563.000000
-112.500000 -117.500000 563.000000
-107.500000 -117.500000 563.000000
-102.500000 -117.500000 563.000000
-97.500000 -117.500000 562.000000
-92.500000 -117.500000 562.000000
-87.500000 -117.500000 562.000000
-82.500000 -117.500000 563.000000
-77.500000 -117.500000 563.000000
-72.500000 -117.500000 564.000000
-67.500000 -117.500000 565.000000
-62.500000 -117.500000 566.000000
-57.500000 -117.500000 567.000000
-52.500000 -117.500000 569.000000
-47.500000 -117.500000 571.000000
-42.500000 -117.500000 573.000000
-37.500000 -117.500000 576.000000
-32.500000 -117.500000 578.000000
-27.500000 -117.500000 581.000000
-22.500000 -117.500000 583.000000
-17.500000 -117.500000 585.000000
-12.500000 -117.500000 587.000000
-7.500000 -117.500000 589.000000
-2.500000 -117.500000 591.000000
2.500000 -117.500000 593.000000
7.500000 -117.500000 594.000000
12.500000 -117.500000 596.000000
17.500000 -117.500000 597.000000
22.500000 -117.500000 598.000000
27.500000 -117.500000 599.000000
32.500000 -117.500000 599.000000
37.500000 -117.500000 600.000000
42.500000 -117.500000 600.000000
47.500000 -117.500000 600.000000
52.500000 -117.500000 600.000000
57.500000 -117.500000 600.000000
62.500000 -117.500000 600.000000
67.500000 -117.500000 599.000000
72.500000 -117.500000 597.000000
77.500000 -117.500000 595.000000
82.500000 -117.500000 591.000000
87.500000 -117.500000 587.000000
92.500000 -117.500000 584.000000
97.500000 -117.500000 580.000000
102.500000 -117.500000 577.000000
107.500000 -117.500000 573.000000
112.500000 -117.500000 568.000000
117.500000 -117.500000 566.000000
122.500000 -117.500000 567.000000
127.500000 -117.500000 570.000000
132.500000 -117.500000 576.000000
-132.500000 -122.500000 563.000000
-127.500000 -122.500000 564.000000
-122.500000 -122.500000 564.000000
-117.500000 -122.500000 564.000000
-112.500000 -122.500000 564.000000
-107.500000 -122.500000 564.000000
-102.500000 -122.500000 564.000000
-97.500000 -122.500000 564.000000
-92.500000 -122.500000 564.000000
-87.500000 -122.500000 564.000000
-82.500000 -122.500000 564.000000
-77.500000 -122.500000 565.000000
-72.500000 -122.500000 565.000000
-67.500000 -122.500000 566.000000
-62.500000 -122.500000 567.000000
-57.500000 -122.500000 569.000000
-52.500000 -122.500000 570.000000
-47.500000 -122.500000 572.000000
-42.500000 -122.500000 575.000000
-37.500000 -122.500000 577.000000
-32.500000 -122.500000 580.000000
-27.500000 -122.500000 582.000000
-22.500000 -122.500000 584.000000
-17.500000 -122.500000 586.000000
-12.500000 -122.500000 588.000000
-7.500000 -122.500000 590.000000
-2.500000 -122.500000 592.000000
2.500000 -122.500000 594.000000
7.500000 -122.500000 595.000000
12.500000 -122.500000 597.000000
17.500000 -122.500000 598.000000
22.500000 -122.500000 599.000000
27.500000 -122.500000 600.000000
32.500000 -122.500000 601.000000
37.500000 -122.500000 601.000000
42.500000 -122.500000 601.000000
47.500000 -122.500000 601.000000
52.500000 -122.500000 601.000000
57.500000 -122.500000 601.000000
62.500000 -122.500000 601.000000
67.500000 -122.500000 601.000000
72.500000 -122.500000 600.000000
77.500000 -122.500000 599.000000
82.500000 -122.500000 596.000000
87.500000 -122.500000 593.000000
92.500000 -122.500000 590.000000
97.500000 -122.500000 586.000000
102.500000 -122.500000 583.000000
107.500000 -122.500000 579.000000
112.500000 -122.500000 573.000000
117.500000 -122.500000 569.000000
122.500000 -122.500000 570.000000
127.500000 -122.500000 573.000000
132.500000 -122.500000 578.000000
-132.500000 -127.500000 564.000000
-127.500000 -127.500000 565.000000
-122.500000 -127.500000 565.000000
-117.500000 -127.500000 565.000000
-112.500000 -127.500000 566.000000
-107.500000 -127.500000 565.000000
-102.500000 -127.500000 565.000000
-97.500000 -127.500000 565.000000
-92.500000 -127.500000 565.000000
-87.500000 -127.500000 565.000000
-82.500000 -127.500000 566.000000
-77.500000 -127.500000 566.000000
-72.500000 -127.500000 567.000000
-67.500000 -127.500000 568.000000
-62.500000 -127.500000 569.000000
-57.500000 -127.500000 570.000000
-52.500000 -127.500000 572.000000
-47.500000 -127.500000 574.000000
-42.500000 -127.500000 576.000000
-37.500000 -127.500000 578.000000
-32.500000 -127.500000 581.000000
-27.500000 -127.500000 583.000000
-22.500000 -127.500000 585.000000
-17.500000 -127.500000 587.000000
-12.500000 -127.500000 589.000000
-7.500000 -127.500000 591.000000
-2.500000 -127.500000 593.000000
2.500000 -127.500000 594.000000
7.500000 -127.500000 596.000000
12.500000 -127.500000 598.000000
17.500000 -127.500000 599.000000
22.500000 -127.500000 600.000000
27.500000 -127.500000 601.000000
32.500000 -127.500000 601.000000
37.500000 -127.500000 602.000000
42.500000 -127.500000 602.000000
47.500000 -127.500000 602.000000
52.500000 -127.500000 603.000000
57.500000 -127.500000 603.000000
62.500000 -127.500000 603.000000
67.500000 -127.500000 602.000000
72.500000 -127.500000 602.000000
77.500000 -127.500000 601.000000
82.500000 -127.500000 601.000000
87.500000 -127.500000 599.000000
92.500000 -127.500000 596.000000
97.500000 -127.500000 592.000000
102.500000 -127.500000 588.000000
107.500000 -127.500000 584.000000
112.500000 -127.500000 578.000000
117.500000 -127.500000 574.000000
122.500000 -127.500000 573.000000
127.500000 -127.500000 576.000000
132.500000 -127.500000 580.000000
-132.500000 -132.500000 565.000000
-127.500000 -132.500000 566.000000
-122.500000 -132.500000 566.000000
-117.500000 -132.500000 567.000000
-112.500000 -132.500000 567.000000
-107.500000 -132.500000 567.000000
-102.500000 -132.500000 567.000000
-97.500000 -132.500000 567.000000
-92.500000 -132.500000 567.000000
-87.500000 -132.500000 567.000000
-82.500000 -132.500000 567.000000
-77.500000 -132.500000 568.000000
-72.500000 -132.500000 568.000000
-67.500000 -132.500000 569.000000
-62.500000 -132.500000 570.000000
-57.500000 -132.500000 571.000000
-52.500000 -132.500000 573.000000
-47.500000 -132.500000 575.000000
-42.500000 -132.500000 577.000000
-37.500000 -132.500000 579.000000
-32.500000 -132.500000 582.000000
-27.500000 -132.500000 584.000000
-22.500000 -132.500000 586.000000
-17.500000 -132.500000 588.000000
-12.500000 -132.500000 590.000000
-7.500000 -132.500000 592.000000
-2.500000 -132.500000 594.000000
2.500000 -132.500000 595.000000
7.500000 -132.500000 597.000000
12.500000 -132.500000 598.000000
17.500000 -132.500000 600.000000
22.500000 -132.500000 601.000000
27.500000 -132.500000 601.000000
32.500000 -132.500000 602.000000
37.500000 -132.500000 603.000000
42.500000 -132.500000 603.000000
47.500000 -132.500000 603.000000
52.500000 -132.500000 604.000000
57.500000 -132.500000 604.000000
62.500000 -132.500000 604.000000
67.500000 -132.500000 604.000000
72.500000 -132.500000 604.000000
77.500000 -132.500000 603.000000
82.500000 -132.500000 603.000000
87.500000 -132.500000 602.000000
92.500000 -132.500000 601.000000
97.500000 -132.500000 598.000000
102.500000 -132.500000 594.000000
107.500000 -132.500000 590.000000
112.500000 -132.500000 584.000000
117.500000 -132.500000 579.000000
122.500000 -132.500000 578.000000
127.500000 -132.500000 579.000000
132.500000 -132.500000 580.000000

POLYGONS 5618 22472
3 614 559 613
3 559 614 560
3 170 115 169
3 115 170 116
3 432 433 378
3 433 379 378
3 35 34 88
3 89 35 88
3 87 34 33
3 34 87 88
3 39 38 92
3 93 39 92
3 674 729 675
3 729 674 728
3 716 662 661
3 716 661 715
3 1836 1890 1837
3 1890 1891 1837
3 2052 2106 2053
3 2106 2107 2053
3 1728 1675 1674
3 1675 1728 1729
3 1836 1783 1782
3 1783 1836 1837
3 1729 1783 1730
3 1783 1784 1730
3 1728 1783 1729
3 1783 1728 1782
3 2546 2599 2600
3 2599 2546 2545
3 2225 2280 2226
3 2280 2225 2279
3 1095 1094 1148
3 1149 1095 1148
3 668 614 613
3 668 613 667
3 2105 2104 2159
3 2159 2104 2158
3 2903 2904 2850
3 2849 2903 2850
3 2846 2900 2901
3 2846 2901 2847
3 1878 1931 1932
3 1931 1878 1877
3 2092 2039 2038
3 2039 2092 2093
3 2144 2089 2143
3 2089 2144 2090
3 2144 2091 2090
3 2091 2144 2145
3 2146 2091 2145
3 2091 2146 2092
3 2173 2172 2226
3 2227 2173 2226
3 2334 2281 2280
3 2281 2334 2335
3 2280 2281 2226
3 2281 2227 2226
3 1593 1540 1539
3 1540 1593 1594
3 970 917 916
3 917 970 971
3 808 809 754
3 809 755 754
3 5 59 60
3 6 5 60
3 6 61 7
3 61 6 60
3 114 61 60
3 61 114 115
3 3 2 56
3 57 3 56
3 5 58 59
3 58 5 4
3 58 3 57
3 3 58 4
3 486 433 432
3 433 486 487
3 433 380 379
3 434 380 433
3 329 276 275
3 330 276 329
3 142 143 89
3 142 89 88
3 146 147 92
3 147 93 92
3 200 147 146
3 147 200 201
3 94 39 93
3 39 94 40
3 78 133 79
3 133 78 132
3 354 301 300
3 301 354 355
3 301 246 300
3 246 301 247
3 193 246 247
3 246 193 192
3 357 304 303
3 304 357 358
3 104 51 50
3 51 104 105
3 49 104 50
3 104 49 103
3 106 51 105
3 51 106 52
3 102 49 48
3 49 102 103
3 157 104 103
3 104 157 158
3 157 102 156
3 102 157 103
3 485 431 484
3 431 430 484
3 483 430 429
3 430 483 484
3 701 700 755
3 755 700 754
3 700 701 647
3 700 647 646
3 917 862 916
3 862 917 863
3 862 809 808
3 809 862 863
3 634 581 580
3 581 634 635
3 964 963 1017
3 1018 964 1017
3 67 14 13
3 14 67 68
3 19 18 72
3 73 19 72
3 70 17 16
3 17 70 71
3 18 17 72
3 17 71 72
3 621 676 622
3 676 621 675
3 621 568 567
3 568 621 622
3 716 663 662
3 663 716 717
3 1838 1783 1837
3 1783 1838 1784
3 1892 1838 1891
3 1891 1838 1837
3 2108 2054 2053
3 2107 2108 2053
3 2108 2055 2054
3 2055 2108 2109
3 2111 2058 2057
3 2058 2111 2112
3 2002 2055 2056
3 2055 2002 2001
3 1951 2006 1952
3 2006 1951 2005
3 2106 2161 2107
3 2161 2106 2160
3 1512 1566 1513
3 1566 1567 1513
3 1623 1568 1622
3 1568 1623 1569
3 1351 1406 1352
3 1406 1351 1405
3 1351 1350 1404
3 1405 1351 1404
3 1350 1351 1296
3 1296 1351 1297
3 919 864 918
3 864 919 865
3 1134 1188 1189
3 1135 1134 1189
3 1522 1467 1521
3 1467 1522 1468
3 1568 1621 1622
3 1621 1568 1567
3 1566 1621 1567
3 1621 1566 1620
3 1674 1621 1620
3 1675 1621 1674
3 2013 1959 2012
3 1959 1958 2012
3 1955 2008 2009
3 2008 1955 1954
3 2876 2822 2875
3 2875 2822 2821
3 2754 2701 2700
3 2701 2754 2755
3 2701 2646 2700
3 2646 2701 2647
3 2754 2809 2755
3 2809 2754 2808
3 2544 2599 2545
3 2599 2544 2598
3 2646 2593 2592
3 2593 2646 2647
3 2874 2820 2873
3 2873 2820 2819
3 2820 2874 2875
3 2820 2875 2821
3 2820 2765 2819
3 2765 2820 2766
3 2869 2870 2816
3 2815 2869 2816
3 2815 2762 2761
3 2762 2815 2816
3 2171 2225 2226
3 2172 2171 2226
3 1206 1151 1205
3 1151 1206 1152
3 828 827 881
3 882 828 881
3 1142 1087 1141
3 1087 1142 1088
3 1101 1154 1155
3 1154 1101 1100
3 1101 1046 1100
3 1101 1047 1046
3 2699 2645 2644
3 2698 2699 2644
3 2858 2911 2912
3 2911 2858 2857
3 2699 2752 2753
3 2752 2699 2698
3 1561 1508 1507
3 1508 1561 1562
3 1618 1673 1619
3 1673 1618 1672
3 2795 2848 2849
3 2848 2795 2794
3 2795 2849 2850
3 2796 2795 2850
3 2901 2902 2847
3 2902 2848 2847
3 2902 2903 2849
3 2848 2902 2849
3 2904 2905 2850
3 2905 2851 2850
3 2905 2906 2852
3 2851 2905 2852
3 2851 2797 2850
3 2797 2796 2850
3 2797 2851 2852
3 2797 2852 2798
3 2689 2636 2635
3 2636 2689 2690
3 2691 2636 2690
3 2636 2691 2637
3 2636 2583 2582
3 2583 2636 2637
3 2212 2213 2159
3 2212 2159 2158
3 2213 2212 2267
3 2212 2266 2267
3 2082 2137 2083
3 2137 2082 2136
3 2029 2082 2083
3 2082 2029 2028
3 1931 1986 1932
3 1986 1931 1985
3 1986 1933 1932
3 1933 1986 1987
3 2199 2146 2145
3 2146 2199 2200
3 2354 2407 2408
3 2407 2354 2353
3 2460 2407 2406
3 2407 2460 2461
3 1535 1590 1536
3 1590 1535 1589
3 1375 1429 1430
3 1376 1375 1430
3 1434 1487 1488
3 1487 1434 1433
3 1757 1812 1758
3 1812 1757 1811
3 1591 1644 1645
3 1644 1591 1590
3 1375 1428 1429
3 1428 1375 1374
3 1003 948 1002
3 948 1003 949
3 1762 1817 1763
3 1817 1762 1816
3 1817 1870 1871
3 1870 1817 1816
3 1709 1762 1763
3 1762 1709 1708
3 1709 1654 1708
3 1654 1709 1655
3 1764 1709 1763
3 1709 1764 1710
3 1764 1711 1710
3 1711 1764 1765
3 1817 1764 1763
3 1764 1817 1818
3 862 915 916
3 915 862 861
3 58 113 59
3 113 58 112
3 59 113 60
3 113 114 60
3 9 63 64
3 10 9 64
3 9 62 63
3 62 9 8
3 62 8 7
3 61 62 7
3 62 115 116
3 62 61 115
3 380 325 379
3 325 380 326
3 379 325 378
3 325 324 378
3 162 216 163
3 216 217 163
3 58 111 112
3 111 58 57
3 110 111 56
3 111 57 56
3 111 164 165
3 164 111 110
3 111 166 112
3 166 111 165
3 109 164 110
3 164 109 163
3 109 108 162
3 109 162 163
3 541 486 540
3 486 541 487
3 87 141 88
3 141 142 88
3 142 196 143
3 143 196 197
3 141 196 142
3 196 141 195
3 144 143 197
3 198 144 197
3 255 254 308
3 309 255 308
3 200 255 201
3 255 200 254
3 255 309 310
3 256 255 310
3 472 419 418
3 419 472 473
3 94 41 40
3 41 94 95
3 24 23 77
3 78 24 77
3 24 78 79
3 25 24 79
3 246 299 300
3 299 246 245
3 362 309 308
3 309 362 363
3 307 362 308
3 362 307 361
3 249 194 248
3 194 249 195
3 194 193 247
3 248 194 247
3 302 301 355
3 302 355 356
3 357 302 356
3 302 357 303
3 301 302 247
3 302 248 247
3 302 249 248
3 249 302 303
3 428 373 427
3 373 428 374
3 373 426 427
3 426 373 372
3 104 159 105
3 159 104 158
3 214 269 215
3 268 269 214
3 320 321 266
3 266 321 267
3 52 107 53
3 106 107 52
3 157 211 158
3 211 212 158
3 263 316 317
3 316 263 262
3 263 318 264
3 318 263 317
3 697 644 643
3 644 697 698
3 426 481 427
3 481 426 480
3 700 753 754
3 753 700 699
3 472 527 473
3 527 472 526
3 581 527 580
3 527 526 580
3 642 697 643
3 697 642 696
3 689 634 688
3 634 689 635
3 426 479 480
3 479 426 425
3 638 692 693
3 639 638 693
3 638 691 692
3 691 638 637
3 911 858 857
3 911 912 858
3 910 911 857
3 856 910 857
3 747 748 693
3 748 694 693
3 642 695 696
3 695 642 641
3 748 695 694
3 695 748 749
3 858 804 857
3 804 803 857
3 859 804 858
3 804 859 805
3 14 69 15
3 69 14 68
3 15 69 16
3 69 70 16
3 65 11 10
3 65 10 64
3 19 74 20
3 74 19 73
3 74 21 20
3 74 75 21
3 22 76 23
3 23 76 77
3 76 22 21
3 75 76 21
3 179 125 178
3 178 125 124
3 70 125 71
3 125 70 124
3 125 179 180
3 126 125 180
3 71 125 72
3 125 126 72
3 406 461 407
3 461 406 460
3 514 461 460
3 461 514 515
3 516 569 570
3 569 516 515
3 569 623 624
3 570 569 624
3 514 569 515
3 569 514 568
3 569 568 622
3 569 622 623
3 350 297 296
3 297 350 351
3 1159 1104 1158
3 1104 1159 1105
3 1213 1159 1212
3 1159 1158 1212
3 1156 1101 1155
3 1101 1156 1102
3 1101 1048 1047
3 1048 1101 1102
3 1103 1048 1102
3 1049 1048 1103
3 945 890 944
3 945 891 890
3 998 945 944
3 945 998 999
3 778 779 724
3 724 779 725
3 722 669 668
3 669 722 723
3 669 724 670
3 724 669 723
3 668 669 614
3 669 615 614
3 616 669 670
3 669 616 615
3 674 673 728
3 673 727 728
3 510 563 564
3 563 510 509
3 457 510 511
3 510 457 456
3 186 133 132
3 133 186 187
3 78 131 132
3 131 78 77
3 131 186 132
3 186 131 185
3 1946 1947 1893
3 1892 1946 1893
3 2110 2111 2057
3 2056 2110 2057
3 2110 2055 2109
3 2055 2110 2056
3 2111 2110 2165
3 2110 2164 2165
3 2221 2168 2167
3 2168 2221 2222
3 2002 1948 2001
3 1948 1947 2001
3 2007 2008 1954
3 2007 1954 1953
3 2062 2007 2061
3 2007 2062 2008
3 2006 2007 1952
3 1952 2007 1953
3 2214 2161 2160
3 2161 2214 2215
3 1458 1459 1404
3 1459 1405 1404
3 1459 1458 1512
3 1459 1512 1513
3 1567 1514 1513
3 1568 1514 1567
3 1298 1351 1352
3 1351 1298 1297
3 1355 1409 1356
3 1409 1410 1356
3 1410 1411 1356
3 1356 1411 1357
3 1677 1624 1623
3 1624 1677 1678
3 972 919 918
3 919 972 973
3 974 1029 975
3 1029 974 1028
3 1134 1081 1080
3 1081 1134 1135
3 1303 1250 1249
3 1250 1303 1304
3 1303 1356 1357
3 1303 1302 1356
3 1576 1522 1521
3 1575 1576 1521
3 1784 1731 1730
3 1785 1731 1784
3 1621 1676 1622
3 1676 1621 1675
3 1676 1675 1729
3 1676 1729 1730
3 1676 1623 1622
3 1676 1677 1623
3 1731 1676 1730
3 1676 1731 1677
3 2173 2118 2172
3 2118 2173 2119
3 2064 2118 2065
3 2065 2118 2119
3 1954 1900 1953
3 1900 1899 1953
3 2231 2286 2232
3 2286 2231 2285
3 2232 2286 2233
3 2286 2287 2233
3 2666 2613 2612
3 2613 2666 2667
3 2883 2828 2882
3 2828 2883 2829
3 2756 2701 2755
3 2701 2756 2702
3 2866 2811 2865
3 2866 2812 2811
3 2759 2705 2704
3 2759 2704 2758
3 2863 2808 2862
3 2863 2809 2808
3 2546 2491 2545
3 2492 2491 2546
3 2592 2539 2538
3 2593 2539 2592
3 2544 2543 2598
3 2543 2597 2598
3 2599 2654 2600
3 2654 2599 2653
3 2171 2170 2225
3 2225 2170 2224
3 2225 2278 2279
3 2278 2225 2224
3 2170 2223 2224
3 2223 2170 2169
3 2223 2168 2222
3 2223 2169 2168
3 2223 2278 2224
3 2278 2223 2277
3 2168 2113 2167
3 2114 2113 2168
3 2170 2115 2169
3 2115 2170 2116
3 2062 2115 2116
3 2115 2062 2061
3 2115 2114 2168
3 2169 2115 2168
3 1096 1095 1149
3 1096 1149 1150
3 1315 1370 1316
3 1370 1315 1369
3 1373 1428 1374
3 1428 1373 1427
3 876 931 877
3 930 931 876
3 883 828 882
3 828 883 829
3 936 882 881
3 935 936 881
3 936 989 990
3 936 935 989
3 936 883 882
3 883 936 937
3 991 936 990
3 936 991 937
3 2856 2909 2910
3 2909 2856 2855
3 2911 2856 2910
3 2856 2911 2857
3 2856 2802 2801
3 2855 2856 2801
3 2803 2856 2857
3 2856 2803 2802
3 1294 1349 1295
3 1349 1294 1348
3 1403 1349 1348
3 1402 1403 1348
3 1401 1402 1348
3 1347 1401 1348
3 1565 1618 1619
3 1618 1565 1564
3 1403 1456 1457
3 1456 1403 1402
3 1401 1456 1402
3 1456 1401 1455
3 1727 1780 1781
3 1780 1727 1726
3 1727 1673 1672
3 1726 1727 1672
3 1725 1780 1726
3 1780 1725 1779
3 1617 1618 1564
3 1563 1617 1564
3 2051 2104 2105
3 2104 2051 2050
3 1996 2051 1997
3 2051 1996 2050
3 1887 1832 1886
3 1832 1887 1833
3 2909 2854 2908
3 2854 2909 2855
3 2854 2855 2801
3 2800 2854 2801
3 2744 2797 2798
3 2797 2744 2743
3 2744 2689 2743
3 2689 2744 2690
3 2636 2581 2635
3 2581 2636 2582
3 2742 2795 2796
3 2795 2742 2741
3 2797 2742 2796
3 2742 2797 2743
3 1940 1887 1886
3 1887 1940 1941
3 1940 1885 1939
3 1885 1940 1886
3 2266 2211 2265
3 2212 2211 2266
3 2096 2150 2151
3 2096 2151 2097
3 1935 1880 1934
3 1935 1881 1880
3 2584 2583 2637
3 2584 2637 2638
3 2529 2584 2530
3 2584 2529 2583
3 2691 2692 2637
3 2637 2692 2638
3 1922 1977 1923
3 1976 1977 1922
3 1977 2032 1978
3 2032 1977 2031
3 2032 2085 2086
3 2085 2032 2031
3 2140 2085 2139
3 2085 2140 2086
3 2030 2085 2031
3 2085 2030 2084
3 1977 2030 2031
3 2030 1977 1976
3 2030 1976 1975
3 2029 2030 1975
3 2030 2029 2083
3 2084 2030 2083
3 2081 2082 2028
3 2081 2028 2027
3 2029 1974 2028
3 1974 2029 1975
3 1974 1973 2027
3 2028 1974 2027
3 2886 2887 2832
3 2887 2833 2832
3 2848 2793 2847
3 2793 2848 2794
3 1879 1826 1825
3 1826 1879 1880
3 1879 1878 1932
3 1933 1879 1932
3 1880 1879 1934
3 1879 1933 1934
3 1987 2040 2041
3 1986 2040 1987
3 2040 1986 1985
3 2039 2040 1985
3 2039 1984 2038
3 1984 2039 1985
3 2037 2092 2038
3 2037 2091 2092
3 2091 2037 2090
3 2090 2037 2036
3 2037 1984 1983
3 1984 2037 2038
3 1982 2037 1983
3 2037 1982 2036
3 1772 1827 1773
3 1827 1772 1826
3 1881 1827 1880
3 1827 1826 1880
3 2407 2352 2406
3 2352 2407 2353
3 2354 2299 2353
3 2299 2354 2300
3 2299 2352 2353
3 2352 2299 2298
3 2193 2140 2139
3 2140 2193 2194
3 2138 2085 2084
3 2085 2138 2139
3 2137 2138 2083
3 2138 2084 2083
3 2191 2138 2137
3 2138 2191 2192
3 2138 2193 2139
3 2193 2138 2192
3 2560 2613 2614
3 2613 2560 2559
3 2560 2505 2559
3 2505 2560 2506
3 2238 2185 2184
3 2185 2238 2239
3 2238 2293 2239
3 2293 2238 2292
3 2238 2291 2292
3 2291 2238 2237
3 2236 2291 2237
3 2291 2236 2290
3 2291 2344 2345
3 2344 2291 2290
3 2346 2291 2345
3 2292 2291 2346
3 2288 2234 2233
3 2287 2288 2233
3 2235 2288 2289
3 2288 2235 2234
3 2236 2235 2290
3 2290 2235 2289
3 1639 1586 1585
3 1586 1639 1640
3 1643 1590 1589
3 1643 1644 1590
3 1535 1588 1589
3 1588 1535 1534
3 1583 1636 1637
3 1636 1583 1582
3 1418 1471 1472
3 1471 1418 1417
3 1200 1255 1201
3 1254 1255 1200
3 1151 1204 1205
3 1204 1151 1150
3 1486 1485 1539
3 1540 1486 1539
3 1486 1540 1541
3 1487 1486 1541
3 1487 1542 1488
3 1542 1487 1541
3 1324 1379 1325
3 1379 1324 1378
3 1546 1599 1600
3 1599 1546 1545
3 1812 1759 1758
3 1813 1759 1812
3 1865 1812 1811
3 1865 1866 1812
3 1867 1813 1812
3 1866 1867 1812
3 1808 1809 1754
3 1754 1809 1755
3 1809 1756 1755
3 1756 1809 1810
3 1757 1756 1811
3 1756 1810 1811
3 1756 1703 1702
3 1703 1756 1757
3 1756 1701 1755
3 1701 1756 1702
3 1701 1700 1754
3 1701 1754 1755
3 1324 1269 1323
3 1269 1324 1270
3 1323 1269 1322
3 1269 1268 1322
3 1269 1214 1268
3 1214 1269 1215
3 1112 1165 1166
3 1165 1112 1111
3 1165 1220 1166
3 1220 1165 1219
3 1274 1220 1273
3 1220 1219 1273
3 1275 1220 1274
3 1220 1275 1221
3 1271 1324 1325
3 1324 1271 1270
3 1216 1269 1270
3 1269 1216 1215
3 1271 1216 1270
3 1216 1271 1217
3 1107 1054 1053
3 1054 1107 1108
3 1110 1165 1111
3 1165 1110 1164
3 1110 1163 1164
3 1163 1110 1109
3 1707 1762 1708
3 1762 1707 1761
3 1761 1707 1760
3 1707 1706 1760
3 1977 1924 1923
3 1924 1977 1978
3 1764 1819 1765
3 1819 1764 1818
3 1709 1656 1655
3 1656 1709 1710
3 1238 1184 1237
3 1237 1184 1183
3 1184 1238 1239
3 1185 1184 1239
3 970 1025 971
3 1024 1025 970
3 1182 1237 1183
3 1237 1182 1236
3 1072 1125 1126
3 1125 1072 1071
3 1072 1018 1017
3 1071 1072 1017
3 793 846 847
3 846 793 792
3 223 168 222
3 168 223 169
3 115 168 169
3 114 168 115
3 224 170 169
3 223 224 169
3 277 223 222
3 276 277 222
3 277 276 330
3 277 330 331
3 277 224 223
3 224 277 278
3 332 277 331
3 277 332 278
3 216 271 217
3 271 216 270
3 324 271 270
3 325 271 324
3 271 325 326
3 271 326 272
3 271 218 217
3 218 271 272
3 217 218 163
3 218 164 163
3 54 55 0
3 55 1 0
3 2 55 56
3 1 55 2
3 108 55 54
3 109 55 108
3 55 110 56
3 55 109 110
3 435 380 434
3 380 435 381
3 594 595 540
3 595 541 540
3 648 595 594
3 595 648 649
3 661 714 715
3 660 714 661
3 714 660 659
3 713 714 659
3 703 648 702
3 648 703 649
3 756 703 702
3 703 756 757
3 864 811 810
3 811 864 865
3 756 811 757
3 811 756 810
3 1031 978 977
3 978 1031 1032
3 978 923 977
3 923 978 924
3 383 330 329
3 383 384 330
3 90 35 89
3 35 90 36
3 143 90 89
3 144 90 143
3 84 31 30
3 31 84 85
3 86 87 33
3 32 86 33
3 31 86 32
3 86 31 85
3 193 139 192
3 139 138 192
3 84 139 85
3 139 84 138
3 147 148 93
3 148 94 93
3 44 98 45
3 45 98 99
3 153 98 152
3 98 153 99
3 98 44 43
3 97 98 43
3 98 151 152
3 151 98 97
3 353 354 300
3 299 353 300
3 25 80 26
3 80 25 79
3 138 191 192
3 137 191 138
3 191 246 192
3 246 191 245
3 245 191 244
3 191 190 244
3 191 136 190
3 136 191 137
3 136 135 189
3 190 136 189
3 83 136 137
3 136 83 82
3 83 29 28
3 83 28 82
3 83 137 138
3 84 83 138
3 29 83 30
3 83 84 30
3 252 253 198
3 198 253 199
3 200 253 254
3 253 200 199
3 253 252 306
3 307 253 306
3 254 253 308
3 253 307 308
3 359 304 358
3 359 305 304
3 251 198 197
3 251 252 198
3 252 251 306
3 251 305 306
3 410 357 356
3 410 411 357
3 410 464 465
3 411 410 465
3 213 266 267
3 213 212 266
3 213 268 214
3 268 213 267
3 212 213 158
3 213 159 158
3 431 376 430
3 376 431 377
3 319 373 374
3 320 319 374
3 373 319 372
3 319 318 372
3 210 157 156
3 210 211 157
3 589 642 643
3 642 589 588
3 482 537 483
3 537 482 536
3 482 483 429
3 428 482 429
3 482 535 536
3 482 481 535
3 482 428 427
3 481 482 427
3 538 485 484
3 485 538 539
3 483 538 484
3 537 538 483
3 862 807 861
3 807 862 808
3 807 808 754
3 753 807 754
3 478 533 479
3 533 478 532
3 695 640 694
3 640 695 641
3 694 640 693
3 640 639 693
3 640 585 639
3 585 640 586
3 584 638 639
3 585 584 639
3 689 690 635
3 635 690 636
3 690 745 691
3 745 690 744
3 690 637 636
3 690 691 637
3 910 965 911
3 965 910 964
3 695 750 696
3 750 695 749
3 750 697 696
3 697 750 751
3 804 750 803
3 750 749 803
3 750 805 751
3 750 804 805
3 12 66 13
3 66 67 13
3 121 66 120
3 66 121 67
3 66 12 11
3 65 66 11
3 67 122 68
3 121 122 67
3 175 230 176
3 230 175 229
3 175 121 120
3 174 175 120
3 175 122 121
3 122 175 176
3 117 62 116
3 62 117 63
3 66 119 120
3 119 66 65
3 128 183 129
3 183 128 182
3 74 128 75
3 75 128 129
3 441 496 442
3 496 441 495
3 559 558 613
3 558 612 613
3 230 231 176
3 231 177 176
3 729 730 675
3 730 676 675
3 783 729 728
3 782 783 728
3 783 730 729
3 730 783 784
3 945 892 891
3 892 945 946
3 190 243 244
3 243 190 189
3 457 403 456
3 456 403 402
3 996 1050 997
3 1050 1051 997
3 1049 1050 995
3 1050 996 995
3 1050 1104 1105
3 1051 1050 1105
3 1050 1049 1103
3 1104 1050 1103
3 1210 1156 1155
3 1210 1155 1209
3 994 1048 1049
3 994 1049 995
3 1048 994 1047
3 994 993 1047
3 1052 1107 1053
3 1107 1052 1106
3 1052 1051 1105
3 1106 1052 1105
3 1051 1052 997
3 1052 998 997
3 998 1052 999
3 999 1052 1053
3 780 726 725
3 779 780 725
3 833 780 779
3 780 833 834
3 833 779 778
3 833 778 832
3 889 836 835
3 836 889 890
3 455 510 456
3 510 455 509
3 455 456 402
3 455 402 401
3 616 561 615
3 561 616 562
3 614 561 560
3 615 561 614
3 455 508 509
3 508 455 454
3 508 561 562
3 561 508 507
3 508 563 509
3 563 508 562
3 507 508 453
3 508 454 453
3 506 559 560
3 559 506 505
3 561 506 560
3 506 561 507
3 724 671 670
3 671 724 725
3 510 565 511
3 565 510 564
3 565 620 566
3 620 565 619
3 620 674 675
3 621 620 675
3 620 673 674
3 673 620 619
3 620 621 567
3 566 620 567
3 237 184 183
3 184 237 238
3 345 398 399
3 398 345 344
3 455 400 454
3 400 455 401
3 400 345 399
3 345 400 346
3 454 400 453
3 400 399 453
3 347 400 401
3 400 347 346
3 292 345 346
3 345 292 291
3 292 237 291
3 237 292 238
3 292 347 293
3 347 292 346
3 239 184 238
3 184 239 185
3 292 239 238
3 239 292 293
3 1890 1945 1891
3 1945 1890 1944
3 1945 1892 1891
3 1945 1946 1892
3 2003 1948 2002
3 1948 2003 1949
3 2003 2002 2056
3 2003 2056 2057
3 2058 2003 2057
3 2004 2003 2058
3 1950 2003 2004
3 2003 1950 1949
3 1951 1950 2005
3 1950 2004 2005
3 2162 2108 2107
3 2161 2162 2107
3 2223 2276 2277
3 2276 2223 2222
3 2326 2327 2273
3 2326 2273 2272
3 2008 2063 2009
3 2062 2063 2008
3 1950 1895 1949
3 1895 1950 1896
3 1838 1839 1784
3 1839 1785 1784
3 1839 1838 1892
3 1839 1892 1893
3 2214 2269 2215
3 2269 2214 2268
3 2269 2268 2322
3 2323 2269 2322
3 1515 1568 1569
3 1515 1514 1568
3 1460 1406 1405
3 1459 1460 1405
3 1460 1459 1513
3 1514 1460 1513
3 1460 1515 1461
3 1515 1460 1514
3 1354 1409 1355
3 1409 1354 1408
3 1407 1460 1461
3 1460 1407 1406
3 1354 1407 1408
3 1407 1354 1353
3 1406 1407 1352
3 1407 1353 1352
3 1296 1243 1242
3 1243 1296 1297
3 1243 1188 1242
3 1188 1243 1189
3 1623 1570 1569
3 1624 1570 1623
3 1627 1682 1628
3 1627 1681 1682
3 1681 1627 1680
3 1627 1626 1680
3 866 811 865
3 811 866 812
3 1083 1138 1084
3 1138 1083 1137
3 1030 1083 1084
3 1083 1030 1029
3 974 1027 1028
3 1027 974 973
3 1027 972 1026
3 972 1027 973
3 1027 1026 1080
3 1081 1027 1080
3 1301 1354 1355
3 1354 1301 1300
3 1301 1355 1356
3 1302 1301 1356
3 1303 1248 1302
3 1248 1303 1249
3 1248 1301 1302
3 1301 1248 1247
3 1248 1194 1193
3 1247 1248 1193
3 1085 1030 1084
3 1030 1085 1031
3 1897 1950 1951
3 1950 1897 1896
3 1897 1843 1896
3 1843 1842 1896
3 1734 1679 1733
3 1679 1734 1680
3 1734 1681 1680
3 1734 1735 1681
3 1736 1791 1737
3 1791 1736 1790
3 1735 1736 1681
3 1681 1736 1682
3 1679 1732 1733
3 1732 1679 1678
3 1677 1732 1678
3 1731 1732 1677
3 2063 2010 2009
3 2010 2063 2064
3 2010 1955 2009
3 2010 1956 1955
3 1956 1901 1955
3 1901 1956 1902
3 1955 1901 1954
3 1901 1900 1954
3 1901 1847 1846
3 1900 1901 1846
3 2830 2883 2884
3 2883 2830 2829
3 2833 2779 2832
3 2779 2778 2832
3 2671 2724 2725
3 2724 2671 2670
3 2724 2723 2777
3 2778 2724 2777
3 2779 2724 2778
3 2724 2779 2725
3 2669 2724 2670
3 2724 2669 2723
3 2669 2616 2615
3 2616 2669 2670
3 2120 2065 2119
3 2120 2066 2065
3 2067 2014 2013
3 2014 2067 2068
3 2067 2013 2012
3 2066 2067 2012
3 2067 2120 2121
3 2120 2067 2066
3 2446 2393 2392
3 2393 2446 2447
3 2448 2501 2502
3 2501 2448 2447
3 2446 2501 2447
3 2501 2446 2500
3 2334 2389 2335
3 2388 2389 2334
3 2558 2613 2559
3 2613 2558 2612
3 2505 2558 2559
3 2558 2505 2504
3 2503 2558 2504
3 2558 2503 2557
3 2503 2450 2449
3 2450 2503 2504
3 2503 2448 2502
3 2448 2503 2449
3 2503 2502 2556
3 2557 2503 2556
3 2611 2558 2557
3 2558 2611 2612
3 2611 2666 2612
3 2666 2611 2665
3 2611 2664 2665
3 2664 2611 2610
3 2611 2557 2556
3 2610 2611 2556
3 2704 2757 2758
3 2703 2757 2704
3 2812 2757 2811
3 2757 2812 2758
3 2756 2757 2702
3 2757 2703 2702
3 2814 2869 2815
3 2869 2814 2868
3 2490 2543 2544
3 2543 2490 2489
3 2490 2544 2545
3 2491 2490 2545
3 2493 2438 2492
3 2438 2493 2439
3 2701 2648 2647
3 2648 2701 2702
3 2703 2648 2702
3 2649 2648 2703
3 2485 2539 2540
3 2486 2485 2540
3 2539 2485 2538
3 2485 2484 2538
3 2541 2487 2540
3 2487 2486 2540
3 2652 2599 2598
3 2599 2652 2653
3 2707 2652 2706
3 2652 2707 2653
3 2597 2652 2598
3 2651 2652 2597
3 2652 2705 2706
3 2652 2651 2705
3 2655 2656 2602
3 2601 2655 2602
3 2654 2655 2600
3 2655 2601 2600
3 2762 2708 2761
3 2708 2707 2761
3 2708 2654 2653
3 2707 2708 2653
3 2818 2873 2819
3 2818 2872 2873
3 2007 2060 2061
3 2060 2007 2006
3 2060 2115 2061
3 2115 2060 2114
3 1199 1146 1145
3 1146 1199 1200
3 1146 1092 1091
3 1145 1146 1091
3 1196 1143 1142
3 1143 1196 1197
3 1033 978 1032
3 978 1033 979
3 979 1033 980
3 1033 1034 980
3 1033 1087 1088
3 1034 1033 1088
3 1196 1251 1197
3 1251 1196 1250
3 1044 991 990
3 991 1044 1045
3 989 1044 990
3 1043 1044 989
3 1044 1099 1045
3 1099 1044 1098
3 1099 1154 1100
3 1154 1099 1153
3 1046 1099 1100
3 1045 1099 1046
3 1153 1099 1152
3 1099 1098 1152
3 1044 1097 1098
3 1097 1044 1043
3 1097 1151 1152
3 1098 1097 1152
3 1151 1097 1150
3 1097 1096 1150
3 1042 1097 1043
3 1097 1042 1096
3 1370 1317 1316
3 1317 1370 1371
3 1154 1208 1155
3 1155 1208 1209
3 1423 1477 1478
3 1423 1478 1424
3 1423 1370 1369
3 1370 1423 1424
3 1477 1423 1476
3 1423 1422 1476
3 1422 1423 1368
3 1423 1369 1368
3 1477 1531 1478
3 1478 1531 1532
3 1531 1586 1532
3 1586 1531 1585
3 1531 1477 1476
3 1530 1531 1476
3 1585 1531 1584
3 1531 1530 1584
3 1370 1425 1371
3 1425 1370 1424
3 1481 1428 1427
3 1428 1481 1482
3 1482 1481 1536
3 1481 1535 1536
3 880 935 881
3 935 880 934
3 827 880 881
3 826 880 827
3 987 988 933
3 988 934 933
3 988 935 934
3 935 988 989
3 988 1042 1043
3 988 1043 989
3 988 1041 1042
3 1041 988 987
3 1095 1041 1094
3 1094 1041 1040
3 1096 1041 1095
3 1042 1041 1096
3 986 1041 987
3 1041 986 1040
3 939 992 993
3 992 939 938
3 1047 992 1046
3 993 992 1047
3 991 992 937
3 937 992 938
3 992 1045 1046
3 992 991 1045
3 775 830 776
3 830 775 829
3 777 778 724
3 777 724 723
3 722 777 723
3 777 722 776
3 778 777 832
3 777 831 832
3 830 777 776
3 777 830 831
3 2858 2804 2857
3 2804 2803 2857
3 2859 2804 2858
3 2804 2859 2805
3 2752 2807 2753
3 2806 2807 2752
3 1238 1293 1239
3 1293 1238 1292
3 1293 1347 1348
3 1294 1293 1348
3 1240 1293 1294
3 1293 1240 1239
3 1240 1185 1239
3 1185 1240 1186
3 1240 1241 1187
3 1240 1187 1186
3 1241 1240 1295
3 1240 1294 1295
3 1506 1561 1507
3 1506 1560 1561
3 1559 1506 1505
3 1506 1559 1560
3 1506 1451 1505
3 1451 1506 1452
3 1451 1397 1396
3 1450 1451 1396
3 1398 1451 1452
3 1451 1398 1397
3 1346 1293 1292
3 1293 1346 1347
3 1510 1565 1511
3 1565 1510 1564
3 1510 1511 1457
3 1456 1510 1457
3 1560 1614 1561
3 1614 1615 1561
3 1671 1726 1672
3 1671 1725 1726
3 1618 1671 1672
3 1617 1671 1618
3 1616 1671 1617
3 1671 1616 1670
3 1561 1616 1562
3 1615 1616 1561
3 1616 1617 1563
3 1616 1563 1562
3 1942 1887 1941
3 1887 1942 1888
3 1942 1997 1943
3 1942 1996 1997
3 1942 1889 1888
3 1889 1942 1943
3 1834 1887 1888
3 1887 1834 1833
3 1834 1780 1779
3 1833 1834 1779
3 1780 1834 1781
3 1834 1835 1781
3 1889 1834 1888
3 1834 1889 1835
3 2907 2853 2906
3 2906 2853 2852
3 2852 2853 2798
3 2853 2799 2798
3 2853 2907 2908
3 2854 2853 2908
3 2853 2854 2800
3 2853 2800 2799
3 2745 2692 2691
3 2692 2745 2746
3 2800 2745 2799
3 2745 2800 2746
3 2745 2691 2690
3 2744 2745 2690
3 2799 2745 2798
3 2745 2744 2798
3 2580 2527 2526
3 2527 2580 2581
3 2581 2580 2635
3 2580 2634 2635
3 2688 2689 2635
3 2634 2688 2635
3 2689 2688 2743
3 2688 2742 2743
3 2741 2688 2687
3 2742 2688 2741
3 2420 2366 2419
3 2419 2366 2365
3 2407 2462 2408
3 2462 2407 2461
3 2364 2419 2365
3 2419 2364 2418
3 2261 2316 2262
3 2315 2316 2261
3 1990 1937 1936
3 1937 1990 1991
3 2263 2210 2209
3 2210 2263 2264
3 2211 2210 2265
3 2210 2264 2265
3 2147 2146 2200
3 2201 2147 2200
3 2092 2147 2093
3 2146 2147 2092
3 2475 2420 2474
3 2420 2475 2421
3 2475 2529 2530
3 2476 2475 2530
3 2475 2422 2421
3 2475 2476 2422
3 2259 2314 2260
3 2314 2259 2313
3 2314 2315 2261
3 2260 2314 2261
3 2315 2314 2369
3 2314 2368 2369
3 2264 2319 2265
3 2318 2319 2264
3 1990 2045 1991
3 2045 1990 2044
3 2098 2045 2044
3 2045 2098 2099
3 2800 2747 2746
3 2747 2800 2801
3 1806 1752 1805
3 1752 1751 1805
3 2122 2067 2121
3 2067 2122 2068
3 2122 2069 2068
3 2122 2123 2069
3 2122 2177 2123
3 2177 2122 2176
3 2177 2231 2232
3 2177 2232 2178
3 2082 2135 2136
3 2081 2135 2082
3 2026 2081 2027
3 2081 2026 2080
3 2026 2079 2080
3 2079 2026 2025
3 2024 2079 2025
3 2079 2024 2078
3 2297 2352 2298
3 2352 2297 2351
3 2243 2297 2244
3 2297 2298 2244
3 2296 2297 2242
3 2297 2243 2242
3 2187 2133 2186
3 2186 2133 2132
3 2133 2079 2078
3 2133 2078 2132
3 2024 2077 2078
3 2077 2024 2023
3 2671 2617 2670
3 2617 2616 2670
3 2405 2352 2351
3 2352 2405 2406
3 2405 2460 2406
3 2460 2405 2459
3 2350 2297 2296
3 2297 2350 2351
3 2350 2405 2351
3 2405 2350 2404
3 2350 2295 2349
3 2295 2350 2296
3 2403 2350 2349
3 2350 2403 2404
3 2458 2405 2404
3 2405 2458 2459
3 2458 2513 2459
3 2513 2458 2512
3 2511 2458 2457
3 2458 2511 2512
3 2403 2458 2404
3 2458 2403 2457
3 2400 2346 2345
3 2399 2400 2345
3 2834 2887 2888
3 2887 2834 2833
3 2846 2899 2900
3 2845 2899 2846
3 2844 2845 2791
3 2790 2844 2791
3 2633 2688 2634
3 2688 2633 2687
3 2845 2792 2791
3 2792 2845 2846
3 2792 2846 2847
3 2793 2792 2847
3 2147 2094 2093
3 2094 2147 2148
3 2094 2039 2093
3 2094 2040 2039
3 1614 1669 1615
3 1669 1614 1668
3 1616 1669 1670
3 1669 1616 1615
3 2035 2089 2090
3 2035 2090 2036
3 1982 2035 2036
3 2035 1982 1981
3 1925 1924 1978
3 1925 1978 1979
3 1870 1925 1871
3 1924 1925 1870
3 1712 1711 1765
3 1766 1712 1765
3 1826 1771 1825
3 1772 1771 1826
3 1878 1824 1877
3 1824 1823 1877
3 1824 1879 1825
3 1879 1824 1878
3 1771 1824 1825
3 1824 1771 1770
3 1824 1769 1823
3 1769 1824 1770
3 1769 1822 1823
3 1822 1769 1768
3 1767 1712 1766
3 1712 1767 1713
3 1767 1822 1768
3 1822 1767 1821
3 2354 2301 2300
3 2301 2354 2355
3 2190 2137 2136
3 2190 2191 2137
3 2299 2245 2298
3 2298 2245 2244
3 2245 2299 2300
3 2245 2300 2246
3 2190 2245 2191
3 2245 2190 2244
3 2191 2245 2192
3 2192 2245 2246
3 2514 2460 2459
3 2513 2514 2459
3 2622 2567 2621
3 2567 2622 2568
3 2567 2514 2513
3 2514 2567 2568
3 2567 2513 2512
3 2567 2512 2566
3 2240 2185 2239
3 2185 2240 2186
3 2293 2240 2239
3 2240 2293 2294
3 2453 2400 2399
3 2400 2453 2454
3 2398 2399 2345
3 2344 2398 2345
3 2398 2453 2399
3 2453 2398 2452
3 2398 2451 2452
3 2451 2398 2397
3 2396 2451 2397
3 2451 2396 2450
3 2451 2505 2506
3 2452 2451 2506
3 2451 2450 2504
3 2505 2451 2504
3 2400 2347 2346
3 2347 2400 2401
3 2347 2293 2292
3 2347 2292 2346
3 2238 2183 2237
3 2183 2238 2184
3 2179 2232 2233
3 2232 2179 2178
3 2124 2177 2178
3 2177 2124 2123
3 2123 2124 2069
3 2124 2070 2069
3 2124 2179 2125
3 2179 2124 2178
3 2071 2124 2125
3 2124 2071 2070
3 1638 1583 1637
3 1583 1638 1584
3 1638 1585 1584
3 1638 1639 1585
3 1696 1751 1697
3 1751 1696 1750
3 1587 1586 1640
3 1641 1587 1640
3 1638 1693 1639
3 1693 1638 1692
3 1693 1746 1747
3 1746 1693 1692
3 1639 1693 1640
3 1693 1694 1640
3 1693 1748 1694
3 1748 1693 1747
3 1957 1903 1902
3 1956 1957 1902
3 1957 1904 1903
3 1904 1957 1958
3 1959 1904 1958
3 1905 1904 1959
3 1638 1691 1692
3 1691 1638 1637
3 1636 1691 1637
3 1691 1636 1690
3 1691 1746 1692
3 1691 1745 1746
3 1744 1691 1690
3 1745 1691 1744
3 1529 1530 1476
3 1475 1529 1476
3 1529 1475 1474
3 1528 1529 1474
3 1529 1583 1584
3 1530 1529 1584
3 1583 1529 1582
3 1529 1528 1582
3 1315 1314 1369
3 1369 1314 1368
3 1314 1367 1368
3 1367 1314 1313
3 1321 1375 1376
3 1321 1376 1322
3 1595 1540 1594
3 1540 1595 1541
3 1489 1434 1488
3 1489 1435 1434
3 1542 1489 1488
3 1489 1542 1543
3 1435 1489 1436
3 1489 1490 1436
3 1489 1544 1490
3 1544 1489 1543
3 1544 1597 1598
3 1597 1544 1543
3 1544 1599 1545
3 1599 1544 1598
3 1544 1545 1491
3 1490 1544 1491
3 1377 1324 1323
3 1324 1377 1378
3 1376 1377 1322
3 1377 1323 1322
3 1377 1376 1430
3 1431 1377 1430
3 1432 1377 1431
3 1377 1432 1378
3 1432 1379 1378
3 1379 1432 1433
3 1432 1487 1433
3 1432 1486 1487
3 1486 1432 1485
3 1432 1431 1485
3 1490 1437 1436
3 1437 1490 1491
3 1437 1382 1436
3 1382 1437 1383
3 1329 1275 1274
3 1329 1274 1328
3 1382 1329 1328
3 1329 1382 1383
3 1706 1705 1760
3 1705 1759 1760
3 1921 1976 1922
3 1976 1921 1975
3 1868 1921 1922
3 1921 1868 1867
3 1862 1809 1808
3 1809 1862 1863
3 1646 1591 1645
3 1646 1592 1591
3 1590 1537 1536
3 1591 1537 1590
3 1160 1107 1106
3 1107 1160 1161
3 1159 1160 1105
3 1160 1106 1105
3 1160 1159 1213
3 1214 1160 1213
3 1160 1214 1215
3 1160 1215 1161
3 1003 1004 949
3 1004 950 949
3 1059 1006 1005
3 1006 1059 1060
3 1387 1334 1333
3 1334 1387 1388
3 1334 1279 1333
3 1279 1334 1280
3 1279 1226 1225
3 1226 1279 1280
3 1279 1224 1278
3 1224 1279 1225
3 1332 1279 1278
3 1279 1332 1333
3 1332 1387 1333
3 1387 1332 1386
3 1277 1332 1278
3 1332 1277 1331
3 1385 1332 1331
3 1332 1385 1386
3 1167 1220 1221
3 1220 1167 1166
3 1167 1112 1166
3 1112 1167 1113
3 1162 1163 1109
3 1162 1109 1108
3 1162 1107 1161
3 1107 1162 1108
3 1162 1216 1217
3 1163 1162 1217
3 1216 1162 1215
3 1215 1162 1161
3 1000 945 999
3 945 1000 946
3 1054 1000 1053
3 1000 999 1053
3 1599 1653 1600
3 1653 1654 1600
3 1653 1599 1598
3 1652 1653 1598
3 1654 1653 1708
3 1653 1707 1708
3 1707 1653 1706
3 1706 1653 1652
3 1875 1820 1874
3 1820 1875 1821
3 1767 1820 1821
3 1820 1767 1766
3 1819 1820 1765
3 1820 1766 1765
3 1712 1657 1711
3 1657 1712 1658
3 1711 1657 1710
3 1657 1656 1710
3 1547 1494 1493
3 1494 1547 1548
3 1398 1344 1397
3 1397 1344 1343
3 1182 1235 1236
3 1235 1182 1181
3 914 915 861
3 914 861 860
3 1077 1022 1076
3 1022 1077 1023
3 967 1022 968
3 1022 967 1021
3 1022 969 968
3 969 1022 1023
3 969 1024 970
3 1024 969 1023
3 969 970 916
3 915 969 916
3 914 969 915
3 969 914 968
3 1132 1187 1133
3 1187 1132 1186
3 1127 1072 1126
3 1072 1127 1073
3 1229 1284 1230
3 1284 1229 1283
3 1176 1229 1230
3 1229 1176 1175
3 1334 1281 1280
3 1281 1334 1335
3 1281 1226 1280
3 1226 1281 1227
3 1284 1338 1285
3 1285 1338 1339
3 1338 1284 1283
3 1337 1338 1283
3 1015 1068 1069
3 1068 1015 1014
3 1070 1071 1017
3 1016 1070 1017
3 1070 1125 1071
3 1125 1070 1124
3 1070 1015 1069
3 1015 1070 1016
3 1174 1229 1175
3 1229 1174 1228
3 1180 1235 1181
3 1235 1180 1234
3 1180 1127 1126
3 1127 1180 1181
3 1180 1179 1233
3 1234 1180 1233
3 1125 1180 1126
3 1179 1180 1125
3 793 794 739
3 794 740 739
3 740 794 741
3 794 795 741
3 794 793 847
3 848 794 847
3 472 525 526
3 471 525 472
3 357 412 358
3 411 412 357
3 412 359 358
3 359 412 413
3 412 411 465
3 466 412 465
3 793 738 792
3 738 793 739
3 167 113 112
3 166 167 112
3 113 167 114
3 167 168 114
3 274 219 273
3 219 274 220
3 219 166 165
3 166 219 220
3 219 218 272
3 273 219 272
3 164 219 165
3 218 219 164
3 435 436 381
3 436 382 381
3 488 433 487
3 488 434 433
3 1036 981 1035
3 981 1036 982
3 1034 981 980
3 981 1034 1035
3 928 981 982
3 927 981 928
3 927 874 873
3 874 927 928
3 822 876 877
3 823 822 877
3 706 653 652
3 653 706 707
3 761 708 707
3 708 761 762
3 708 653 707
3 653 708 654
3 380 327 326
3 327 380 381
3 326 327 272
3 327 273 272
3 492 545 546
3 545 492 491
3 145 200 146
3 200 145 199
3 145 144 198
3 145 198 199
3 140 141 87
3 86 140 87
3 141 140 195
3 140 194 195
3 140 86 85
3 139 140 85
3 194 140 193
3 140 139 193
3 202 257 203
3 257 202 256
3 255 202 201
3 202 255 256
3 202 147 201
3 202 148 147
3 312 313 259
3 312 259 258
3 312 367 313
3 367 312 366
3 420 365 419
3 365 420 366
3 367 368 313
3 313 368 314
3 151 206 152
3 206 151 205
3 424 479 425
3 424 478 479
3 371 318 317
3 318 371 372
3 371 426 372
3 426 371 425
3 316 371 317
3 370 371 316
3 424 371 370
3 371 424 425
3 309 364 310
3 364 309 363
3 419 364 418
3 365 364 419
3 94 149 95
3 148 149 94
3 149 202 203
3 202 149 148
3 352 406 407
3 353 352 407
3 81 136 82
3 136 81 135
3 27 81 28
3 28 81 82
3 81 27 26
3 80 81 26
3 134 81 80
3 81 134 135
3 134 133 187
3 188 134 187
3 135 134 189
3 134 188 189
3 133 134 79
3 134 80 79
3 307 360 361
3 360 307 306
3 360 359 413
3 414 360 413
3 359 360 305
3 305 360 306
3 250 196 195
3 249 250 195
3 304 250 303
3 250 249 303
3 196 250 197
3 250 251 197
3 305 250 304
3 251 250 305
3 516 462 515
3 462 461 515
3 321 322 267
3 322 268 267
3 322 269 268
3 269 322 323
3 323 322 377
3 322 376 377
3 322 375 376
3 375 322 321
3 428 375 374
3 375 428 429
3 375 321 320
3 375 320 374
3 430 375 429
3 376 375 430
3 160 106 105
3 159 160 105
3 160 213 214
3 213 160 159
3 160 107 106
3 160 161 107
3 160 214 215
3 161 160 215
3 101 48 47
3 101 102 48
3 210 265 211
3 265 210 264
3 211 265 212
3 212 265 266
3 318 265 264
3 319 265 318
3 265 320 266
3 265 319 320
3 263 209 262
3 209 208 262
3 209 263 264
3 210 209 264
3 644 590 643
3 590 589 643
3 535 590 536
3 589 590 535
3 590 537 536
3 590 591 537
3 590 645 591
3 645 590 644
3 645 700 646
3 700 645 699
3 645 644 698
3 699 645 698
3 592 645 646
3 645 592 591
3 647 592 646
3 593 592 647
3 592 593 539
3 538 592 539
3 592 538 537
3 591 592 537
3 859 806 805
3 806 859 860
3 807 806 861
3 861 806 860
3 794 849 795
3 849 794 848
3 849 796 795
3 796 849 850
3 795 796 741
3 796 742 741
3 690 743 744
3 743 690 689
3 796 743 742
3 743 796 797
3 798 743 797
3 743 798 744
3 743 689 688
3 742 743 688
3 855 802 801
3 802 855 856
3 802 856 857
3 803 802 857
3 748 802 749
3 749 802 803
3 802 748 747
3 801 802 747
3 796 851 797
3 851 796 850
3 640 587 586
3 587 640 641
3 642 587 641
3 587 642 588
3 587 533 532
3 586 587 532
3 587 534 533
3 534 587 588
3 589 534 588
3 534 589 535
3 534 481 480
3 481 534 535
3 479 534 480
3 533 534 479
3 582 581 635
3 582 635 636
3 746 801 747
3 801 746 800
3 692 746 693
3 746 747 693
3 691 746 692
3 745 746 691
3 1072 1019 1018
3 1019 1072 1073
3 1019 964 1018
3 1019 965 964
3 123 178 124
3 123 177 178
3 69 123 70
3 70 123 124
3 177 123 176
3 123 122 176
3 123 69 68
3 122 123 68
3 173 174 120
3 119 173 120
3 63 118 64
3 117 118 63
3 173 118 172
3 118 173 119
3 118 65 64
3 118 119 65
3 441 388 387
3 388 441 442
3 388 333 387
3 333 388 334
3 127 126 180
3 181 127 180
3 127 73 72
3 126 127 72
3 127 181 182
3 128 127 182
3 127 74 73
3 127 128 74
3 76 130 77
3 130 131 77
3 130 76 75
3 130 75 129
3 131 130 185
3 130 184 185
3 183 130 129
3 184 130 183
3 441 440 495
3 440 494 495
3 549 496 495
3 496 549 550
3 665 610 664
3 610 665 611
3 558 557 612
3 612 557 611
3 610 557 556
3 557 610 611
3 501 446 500
3 446 501 447
3 393 446 447
3 446 393 392
3 733 680 679
3 680 733 734
3 735 788 789
3 788 735 734
3 733 788 734
3 788 733 787
3 568 513 567
3 514 513 568
3 513 514 460
3 459 513 460
3 458 403 457
3 403 458 404
3 352 405 406
3 405 352 351
3 350 405 351
3 405 350 404
3 406 405 460
3 405 459 460
3 458 405 404
3 405 458 459
3 242 243 189
3 188 242 189
3 297 242 296
3 243 242 297
3 242 188 187
3 241 242 187
3 1104 1157 1158
3 1157 1104 1103
3 1156 1157 1102
3 1157 1103 1102
3 994 940 993
3 940 939 993
3 836 781 835
3 781 836 782
3 727 781 728
3 781 782 728
3 781 780 834
3 835 781 834
3 780 781 726
3 726 781 727
3 998 943 997
3 943 998 944
3 890 943 944
3 889 943 890
3 833 888 834
3 888 833 887
3 888 889 835
3 888 835 834
3 397 344 343
3 397 398 344
3 504 557 558
3 557 504 503
3 504 558 559
3 504 559 505
3 451 504 505
3 450 504 451
3 397 452 398
3 452 397 451
3 399 452 453
3 398 452 399
3 452 451 505
3 506 452 505
3 452 507 453
3 452 506 507
3 618 565 564
3 565 618 619
3 235 181 180
3 234 235 180
3 350 349 404
3 349 403 404
3 186 240 187
3 240 241 187
3 240 186 185
3 239 240 185
3 2000 2055 2001
3 2055 2000 2054
3 1946 2000 1947
3 1947 2000 2001
3 2218 2163 2217
3 2163 2218 2164
3 2163 2110 2109
3 2110 2163 2164
3 2108 2163 2109
3 2162 2163 2108
3 2111 2166 2112
3 2166 2111 2165
3 2113 2166 2167
3 2166 2113 2112
3 2166 2221 2167
3 2166 2220 2221
3 2166 2219 2220
3 2219 2166 2165
3 2164 2219 2165
3 2218 2219 2164
3 2273 2219 2272
3 2219 2218 2272
3 2219 2273 2274
3 2220 2219 2274
3 2117 2171 2172
3 2118 2117 2172
3 2117 2170 2171
3 2170 2117 2116
3 2117 2118 2064
3 2063 2117 2064
3 2117 2062 2116
3 2117 2063 2062
3 1625 1626 1572
3 1571 1625 1572
3 1570 1625 1571
3 1625 1570 1624
3 1625 1679 1680
3 1626 1625 1680
3 1625 1624 1678
3 1679 1625 1678
3 1894 1839 1893
3 1839 1894 1840
3 1947 1894 1893
3 1948 1894 1947
3 1894 1948 1949
3 1895 1894 1949
3 1841 1894 1895
3 1894 1841 1840
3 1841 1895 1896
3 1842 1841 1896
3 2216 2161 2215
3 2216 2162 2161
3 2163 2216 2217
3 2216 2163 2162
3 2269 2270 2215
3 2270 2216 2215
3 2326 2379 2380
3 2379 2326 2325
3 1298 1244 1297
3 1244 1243 1297
3 1299 1298 1352
3 1353 1299 1352
3 1354 1299 1353
3 1299 1354 1300
3 1299 1244 1298
3 1244 1299 1245
3 1465 1411 1410
3 1464 1465 1410
3 1465 1464 1518
3 1519 1465 1518
3 1407 1462 1408
3 1462 1407 1461
3 812 867 813
3 866 867 812
3 923 976 977
3 976 923 922
3 976 1031 977
3 976 1030 1031
3 1029 976 975
3 1030 976 1029
3 1082 1027 1081
3 1027 1082 1028
3 1082 1081 1135
3 1082 1135 1136
3 1082 1029 1028
3 1082 1083 1029
3 1137 1082 1136
3 1083 1082 1137
3 1248 1195 1194
3 1195 1248 1249
3 1195 1142 1141
3 1195 1196 1142
3 1250 1195 1249
3 1196 1195 1250
3 1195 1140 1194
3 1140 1195 1141
3 1416 1363 1362
3 1363 1416 1417
3 1416 1471 1417
3 1416 1470 1471
3 1416 1469 1470
3 1469 1416 1415
3 1522 1469 1468
3 1523 1469 1522
3 1469 1523 1524
3 1470 1469 1524
3 1574 1629 1575
3 1629 1574 1628
3 1574 1575 1521
3 1520 1574 1521
3 1847 1792 1846
3 1792 1847 1793
3 1791 1792 1737
3 1737 1792 1738
3 1845 1792 1791
3 1792 1845 1846
3 1900 1845 1899
3 1845 1900 1846
3 1845 1791 1790
3 1844 1845 1790
3 1630 1576 1575
3 1629 1630 1575
3 1898 1845 1844
3 1845 1898 1899
3 1898 1952 1953
3 1899 1898 1953
3 1898 1843 1897
3 1843 1898 1844
3 1898 1951 1952
3 1898 1897 1951
3 1736 1789 1790
3 1789 1736 1735
3 1789 1844 1790
3 1789 1843 1844
3 1841 1786 1840
3 1786 1841 1787
3 1839 1786 1785
3 1786 1839 1840
3 1732 1786 1733
3 1786 1787 1733
3 1786 1731 1785
3 1786 1732 1731
3 2831 2885 2886
3 2831 2886 2832
3 2831 2778 2777
3 2778 2831 2832
3 2885 2831 2884
3 2831 2830 2884
3 2668 2613 2667
3 2613 2668 2614
3 2668 2669 2615
3 2668 2615 2614
3 2336 2281 2335
3 2336 2282 2281
3 2389 2336 2335
3 2336 2389 2390
3 2282 2336 2283
3 2336 2337 2283
3 2391 2336 2390
3 2336 2391 2337
3 2445 2446 2392
3 2391 2445 2392
3 2337 2338 2283
3 2338 2284 2283
3 2338 2391 2392
3 2391 2338 2337
3 2284 2338 2285
3 2338 2339 2285
3 2393 2338 2392
3 2339 2338 2393
3 2442 2387 2441
3 2387 2442 2388
3 2496 2442 2495
3 2442 2441 2495
3 2657 2656 2710
3 2657 2710 2711
3 2656 2657 2602
3 2657 2603 2602
3 2603 2549 2602
3 2549 2548 2602
3 2712 2765 2766
3 2765 2712 2711
3 2769 2714 2768
3 2714 2769 2715
3 2716 2769 2770
3 2769 2716 2715
3 2716 2663 2662
3 2663 2716 2717
3 2608 2663 2609
3 2663 2608 2662
3 2663 2664 2610
3 2663 2610 2609
3 2718 2663 2717
3 2664 2663 2718
3 2664 2719 2665
3 2719 2664 2718
3 2719 2666 2665
3 2719 2720 2666
3 2828 2881 2882
3 2827 2881 2828
3 2813 2759 2758
3 2812 2813 2758
3 2866 2813 2812
3 2813 2866 2867
3 2813 2867 2868
3 2814 2813 2868
3 2760 2813 2814
3 2813 2760 2759
3 2707 2760 2761
3 2760 2707 2706
3 2759 2760 2705
3 2705 2760 2706
3 2760 2815 2761
3 2760 2814 2815
3 2809 2810 2755
3 2810 2756 2755
3 2757 2810 2811
3 2810 2757 2756
3 2863 2810 2809
3 2864 2810 2863
3 2811 2810 2865
3 2810 2864 2865
3 2549 2494 2548
3 2494 2549 2495
3 2441 2494 2495
3 2494 2441 2440
3 2493 2494 2439
3 2494 2440 2439
3 2547 2494 2493
3 2494 2547 2548
3 2547 2546 2600
3 2601 2547 2600
3 2548 2547 2602
3 2547 2601 2602
3 2547 2492 2546
3 2547 2493 2492
3 2594 2539 2593
3 2539 2594 2540
3 2594 2593 2647
3 2648 2594 2647
3 2705 2650 2704
3 2651 2650 2705
3 2650 2703 2704
3 2650 2649 2703
3 2650 2651 2597
3 2596 2650 2597
3 2655 2709 2656
3 2656 2709 2710
3 2709 2655 2654
3 2708 2709 2654
3 2709 2708 2762
3 2763 2709 2762
3 2817 2762 2816
3 2817 2763 2762
3 2870 2817 2816
3 2817 2870 2871
3 2872 2817 2871
3 2818 2817 2872
3 2764 2709 2763
3 2709 2764 2710
3 2764 2817 2818
3 2817 2764 2763
3 2764 2765 2711
3 2710 2764 2711
3 2765 2764 2819
3 2764 2818 2819
3 2059 2058 2112
3 2113 2059 2112
3 2059 2004 2058
3 2004 2059 2005
3 2059 2113 2114
3 2060 2059 2114
3 2059 2006 2005
3 2059 2060 2006
3 1094 1147 1148
3 1093 1147 1094
3 1147 1093 1092
3 1146 1147 1092
3 1147 1200 1201
3 1147 1146 1200
3 1090 1037 1036
3 1037 1090 1091
3 1253 1254 1200
3 1199 1253 1200
3 1254 1253 1308
3 1253 1307 1308
3 1303 1358 1304
3 1358 1303 1357
3 1411 1358 1357
3 1358 1411 1412
3 1358 1305 1304
3 1305 1358 1359
3 1360 1305 1359
3 1305 1360 1306
3 1305 1250 1304
3 1305 1251 1250
3 1425 1372 1371
3 1372 1425 1426
3 1373 1372 1427
3 1372 1426 1427
3 1318 1317 1371
3 1372 1318 1371
3 1261 1314 1315
3 1314 1261 1260
3 1478 1479 1424
3 1479 1425 1424
3 770 716 715
3 769 770 715
3 716 771 717
3 770 771 716
3 880 879 934
3 934 879 933
3 879 880 826
3 825 879 826
3 613 666 667
3 612 666 613
3 719 666 665
3 666 719 720
3 666 612 611
3 665 666 611
3 719 774 720
3 774 719 773
3 828 774 827
3 774 773 827
3 774 828 829
3 775 774 829
3 721 666 720
3 666 721 667
3 721 774 775
3 774 721 720
3 721 668 667
3 721 722 668
3 722 721 776
3 721 775 776
3 879 932 933
3 932 879 878
3 931 932 877
3 932 878 877
3 932 987 933
3 932 986 987
3 884 883 937
3 884 937 938
3 939 884 938
3 884 939 885
3 883 884 829
3 884 830 829
3 830 884 831
3 831 884 885
3 2751 2806 2752
3 2806 2751 2805
3 2751 2752 2698
3 2697 2751 2698
3 2913 2858 2912
3 2913 2859 2858
3 2860 2807 2806
3 2807 2860 2861
3 2861 2860 2915
3 2860 2914 2915
3 2859 2860 2805
3 2860 2806 2805
3 2913 2860 2859
3 2860 2913 2914
3 1509 1454 1508
3 1454 1509 1455
3 1509 1508 1562
3 1563 1509 1562
3 1509 1563 1564
3 1510 1509 1564
3 1509 1456 1455
3 1509 1510 1456
3 1558 1613 1559
3 1613 1558 1612
3 1559 1613 1560
3 1613 1614 1560
3 2473 2420 2419
3 2420 2473 2474
3 2475 2528 2529
3 2528 2475 2474
3 2583 2528 2582
3 2529 2528 2583
3 2473 2528 2474
3 2528 2473 2527
3 2528 2581 2582
3 2528 2527 2581
3 2314 2367 2368
3 2367 2314 2313
3 2422 2367 2421
3 2368 2367 2422
3 2312 2367 2313
3 2366 2367 2312
3 2367 2366 2420
3 2367 2420 2421
3 2627 2682 2628
3 2682 2627 2681
3 2366 2311 2365
3 2311 2366 2312
3 2469 2522 2523
3 2522 2469 2468
3 2364 2363 2418
3 2363 2417 2418
3 2469 2416 2415
3 2416 2469 2470
3 2471 2416 2470
3 2416 2471 2417
3 2363 2416 2417
3 2416 2363 2362
3 1885 1938 1939
3 1938 1885 1884
3 2311 2258 2257
3 2258 2311 2312
3 2259 2258 2313
3 2258 2312 2313
3 2320 2321 2267
3 2266 2320 2267
3 2321 2320 2375
3 2320 2374 2375
3 2320 2266 2265
3 2319 2320 2265
3 2208 2263 2209
3 2263 2208 2262
3 2151 2152 2097
3 2152 2098 2097
3 2098 2152 2099
3 2152 2153 2099
3 2803 2748 2802
3 2748 2803 2749
3 2802 2748 2801
3 2748 2747 2801
3 1699 1646 1645
3 1646 1699 1700
3 1859 1806 1805
3 1806 1859 1860
3 2024 1969 2023
3 1969 2024 1970
3 2069 2015 2068
3 2015 2014 2068
3 1907 1960 1961
3 1960 1907 1906
3 1960 1905 1959
3 1905 1960 1906
3 1960 1959 2013
3 2014 1960 2013
3 1960 2015 1961
3 2015 1960 2014
3 2134 2135 2081
3 2134 2081 2080
3 2134 2133 2187
3 2134 2187 2188
3 2079 2134 2080
3 2133 2134 2079
3 2185 2131 2184
3 2131 2130 2184
3 2131 2186 2132
3 2131 2185 2186
3 2078 2131 2132
3 2077 2131 2078
3 2021 2076 2022
3 2076 2021 2075
3 2076 2131 2077
3 2131 2076 2130
3 2076 2077 2023
3 2022 2076 2023
3 2511 2565 2512
3 2512 2565 2566
3 2400 2455 2401
3 2455 2400 2454
3 2780 2779 2833
3 2834 2780 2833
3 2898 2899 2845
3 2844 2898 2845
3 2843 2844 2790
3 2789 2843 2790
3 2843 2898 2844
3 2898 2843 2897
3 2843 2896 2897
3 2896 2843 2842
3 2892 2837 2891
3 2837 2892 2838
3 2784 2837 2838
3 2837 2784 2783
3 2784 2731 2730
3 2731 2784 2785
3 2731 2676 2730
3 2676 2731 2677
3 2841 2896 2842
3 2896 2841 2895
3 2841 2894 2895
3 2894 2841 2840
3 2786 2731 2785
3 2731 2786 2732
3 2841 2786 2840
3 2786 2841 2787
3 2784 2839 2785
3 2839 2784 2838
3 2786 2839 2840
3 2839 2786 2785
3 2892 2839 2838
3 2839 2892 2893
3 2839 2894 2840
3 2894 2839 2893
3 2740 2795 2741
3 2795 2740 2794
3 2042 2095 2096
3 2095 2042 2041
3 2096 2095 2150
3 2095 2149 2150
3 2095 2094 2148
3 2149 2095 2148
3 2040 2095 2041
3 2094 2095 2040
3 1724 1671 1670
3 1671 1724 1725
3 1832 1831 1886
3 1831 1885 1886
3 1831 1830 1884
3 1885 1831 1884
3 1721 1776 1722
3 1776 1721 1775
3 1883 1938 1884
3 1938 1883 1937
3 2140 2087 2086
3 2141 2087 2140
3 1982 1927 1981
3 1927 1982 1928
3 1931 1930 1985
3 1930 1984 1985
3 1604 1657 1658
3 1657 1604 1603
3 1390 1391 1337
3 1390 1337 1336
3 1771 1717 1770
3 1770 1717 1716
3 2247 2193 2192
3 2247 2192 2246
3 2301 2247 2300
3 2300 2247 2246
3 2189 2134 2188
3 2134 2189 2135
3 2243 2189 2242
3 2189 2188 2242
3 2135 2189 2136
3 2189 2190 2136
3 2189 2243 2244
3 2190 2189 2244
3 2141 2195 2142
3 2195 2196 2142
3 2195 2140 2194
3 2195 2141 2140
3 2241 2296 2242
3 2241 2295 2296
3 2188 2241 2242
3 2187 2241 2188
3 2241 2240 2294
3 2295 2241 2294
3 2241 2187 2186
3 2240 2241 2186
3 2561 2560 2614
3 2615 2561 2614
3 2295 2348 2349
3 2348 2295 2294
3 2293 2348 2294
3 2347 2348 2293
3 2343 2344 2290
3 2343 2290 2289
3 2343 2398 2344
3 2398 2343 2397
3 2288 2343 2289
3 2342 2343 2288
3 2343 2396 2397
3 2343 2342 2396
3 2396 2395 2450
3 2450 2395 2449
3 2182 2127 2181
3 2127 2182 2128
3 2182 2235 2236
3 2235 2182 2181
3 2182 2236 2237
3 2183 2182 2237
3 2076 2129 2130
3 2129 2076 2075
3 2129 2182 2183
3 2182 2129 2128
3 2129 2183 2184
3 2130 2129 2184
3 2126 2071 2125
3 2071 2126 2072
3 2126 2073 2072
3 2073 2126 2127
3 1695 1641 1640
3 1694 1695 1640
3 1642 1643 1589
3 1588 1642 1589
3 1642 1587 1641
3 1587 1642 1588
3 1642 1696 1697
3 1643 1642 1697
3 1695 1642 1641
3 1642 1695 1696
3 1745 1800 1746
3 1800 1745 1799
3 1857 1803 1856
3 1856 1803 1802
3 2011 2064 2065
3 2011 2010 2064
3 2066 2011 2065
3 2011 2066 2012
3 2010 2011 1956
3 2011 1957 1956
3 1958 2011 2012
3 1957 2011 1958
3 1798 1745 1744
3 1745 1798 1799
3 1851 1904 1905
3 1904 1851 1850
3 1851 1797 1796
3 1850 1851 1796
3 1743 1798 1744
3 1798 1743 1797
3 1576 1577 1522
3 1577 1523 1522
3 1630 1577 1576
3 1577 1630 1631
3 1523 1577 1524
3 1577 1578 1524
3 1632 1577 1631
3 1578 1577 1632
3 1904 1849 1903
3 1849 1904 1850
3 1849 1850 1796
3 1795 1849 1796
3 1740 1794 1741
3 1794 1795 1741
3 1473 1527 1474
3 1527 1528 1474
3 1470 1525 1471
3 1525 1470 1524
3 1528 1581 1582
3 1527 1581 1528
3 1421 1475 1476
3 1422 1421 1476
3 1421 1422 1368
3 1367 1421 1368
3 1418 1364 1417
3 1364 1363 1417
3 1309 1255 1254
3 1309 1254 1308
3 1363 1309 1362
3 1362 1309 1308
3 1314 1259 1313
3 1259 1314 1260
3 1259 1206 1205
3 1206 1259 1260
3 1259 1312 1313
3 1312 1259 1258
3 1204 1259 1205
3 1258 1259 1204
3 1257 1312 1258
3 1312 1257 1311
3 1375 1320 1374
3 1321 1320 1375
3 1267 1213 1212
3 1266 1267 1212
3 1214 1267 1268
3 1267 1214 1213
3 1267 1320 1321
3 1320 1267 1266
3 1268 1267 1322
3 1267 1321 1322
3 1596 1597 1543
3 1542 1596 1543
3 1596 1542 1541
3 1595 1596 1541
3 1649 1596 1595
3 1596 1649 1650
3 1703 1649 1702
3 1702 1649 1648
3 1649 1595 1594
3 1649 1594 1648
3 1385 1438 1439
3 1438 1385 1384
3 1437 1438 1383
3 1383 1438 1384
3 1385 1330 1384
3 1330 1385 1331
3 1277 1330 1331
3 1330 1277 1276
3 1330 1329 1383
3 1330 1383 1384
3 1329 1330 1275
3 1275 1330 1276
3 1440 1385 1439
3 1385 1440 1386
3 1440 1387 1386
3 1387 1440 1441
3 1494 1440 1493
3 1440 1439 1493
3 1441 1440 1495
3 1440 1494 1495
3 1704 1649 1703
3 1649 1704 1650
3 1704 1757 1758
3 1704 1703 1757
3 1759 1704 1758
3 1705 1704 1759
3 1651 1596 1650
3 1596 1651 1597
3 1651 1704 1705
3 1704 1651 1650
3 1597 1651 1598
3 1651 1652 1598
3 1651 1705 1706
3 1651 1706 1652
3 1862 1917 1863
3 1917 1862 1916
3 1864 1865 1811
3 1810 1864 1811
3 1809 1864 1810
3 1864 1809 1863
3 1865 1864 1919
3 1864 1918 1919
3 1917 1864 1863
3 1864 1917 1918
3 1815 1762 1761
3 1762 1815 1816
3 1974 1920 1973
3 1973 1920 1919
3 1865 1920 1866
3 1920 1865 1919
3 1920 1974 1975
3 1921 1920 1975
3 1920 1867 1866
3 1920 1921 1867
3 1861 1806 1860
3 1806 1861 1807
3 1861 1862 1808
3 1861 1808 1807
3 1647 1701 1702
3 1647 1702 1648
3 1593 1647 1594
3 1594 1647 1648
3 1701 1647 1700
3 1647 1646 1700
3 1646 1647 1592
3 1592 1647 1593
3 1431 1484 1485
3 1484 1431 1430
3 1058 1112 1113
3 1059 1058 1113
3 1058 1059 1005
3 1004 1058 1005
3 1062 1115 1116
3 1115 1062 1061
3 1275 1222 1221
3 1222 1275 1276
3 1222 1167 1221
3 1167 1222 1168
3 1114 1167 1168
3 1167 1114 1113
3 1059 1114 1060
3 1114 1059 1113
3 1114 1115 1061
3 1060 1114 1061
3 1163 1218 1164
3 1218 1163 1217
3 1165 1218 1219
3 1218 1165 1164
3 1271 1218 1217
3 1272 1218 1271
3 1219 1218 1273
3 1218 1272 1273
3 1382 1381 1436
3 1381 1435 1436
3 1110 1055 1109
3 1055 1110 1056
3 1055 1054 1108
3 1109 1055 1108
3 1657 1602 1656
3 1602 1657 1603
3 1235 1290 1236
3 1290 1235 1289
3 1344 1290 1343
3 1290 1289 1343
3 913 914 860
3 859 913 860
3 913 859 858
3 912 913 858
3 914 913 968
3 913 967 968
3 1077 1078 1023
3 1078 1024 1023
3 1078 1025 1024
3 1025 1078 1079
3 1079 1078 1133
3 1078 1132 1133
3 1078 1131 1132
3 1131 1078 1077
3 1131 1184 1185
3 1184 1131 1130
3 1131 1076 1130
3 1131 1077 1076
3 1131 1185 1186
3 1132 1131 1186
3 1075 1022 1021
3 1022 1075 1076
3 1287 1340 1341
3 1340 1287 1286
3 1285 1340 1286
3 1340 1285 1339
3 1393 1340 1339
3 1394 1340 1393
3 1395 1340 1394
3 1340 1395 1341
3 1395 1450 1396
3 1450 1395 1449
3 1395 1448 1449
3 1395 1394 1448
3 1397 1342 1396
3 1342 1397 1343
3 1395 1342 1341
3 1342 1395 1396
3 1070 1123 1124
3 1123 1070 1069
3 1068 1123 1069
3 1123 1068 1122
3 1229 1282 1283
3 1282 1229 1228
3 1337 1282 1336
3 1282 1337 1283
3 1281 1282 1227
3 1282 1228 1227
3 1282 1281 1335
3 1282 1335 1336
3 1338 1392 1339
3 1392 1393 1339
3 1392 1338 1337
3 1391 1392 1337
3 742 687 741
3 687 742 688
3 687 740 741
3 687 686 740
3 525 470 524
3 470 525 471
3 360 415 361
3 415 360 414
3 415 362 361
3 415 416 362
3 364 417 418
3 417 364 363
3 417 472 418
3 417 471 472
3 417 470 471
3 470 417 416
3 362 417 363
3 416 417 362
3 467 412 466
3 412 467 413
3 467 520 521
3 520 467 466
3 791 846 792
3 791 845 846
3 629 628 683
3 683 628 682
3 681 680 734
3 735 681 734
3 571 516 570
3 516 571 517
3 274 221 220
3 221 274 275
3 276 221 275
3 221 276 222
3 221 166 220
3 221 167 166
3 168 221 222
3 167 221 168
3 118 171 172
3 171 118 117
3 170 171 116
3 171 117 116
3 224 171 170
3 225 171 224
3 545 490 544
3 490 545 491
3 492 437 491
3 437 492 438
3 383 437 384
3 437 438 384
3 436 437 382
3 437 383 382
3 437 490 491
3 490 437 436
3 595 542 541
3 542 595 596
3 541 542 487
3 542 488 487
3 983 928 982
3 983 929 928
3 1036 983 982
3 1037 983 1036
3 712 713 659
3 712 659 658
3 549 603 550
3 603 604 550
3 875 930 876
3 875 929 930
3 875 874 928
3 929 875 928
3 706 760 707
3 760 761 707
3 651 598 597
3 598 651 652
3 763 708 762
3 708 763 709
3 816 763 762
3 817 763 816
3 925 978 979
3 978 925 924
3 328 329 275
3 274 328 275
3 328 383 329
3 383 328 382
3 328 274 273
3 327 328 273
3 382 328 381
3 328 327 381
3 91 37 36
3 90 91 36
3 38 91 92
3 37 91 38
3 91 90 144
3 145 91 144
3 91 146 92
3 91 145 146
3 311 364 365
3 364 311 310
3 311 256 310
3 311 257 256
3 311 365 366
3 312 311 366
3 311 312 258
3 257 311 258
3 531 585 586
3 531 586 532
3 531 584 585
3 584 531 530
3 478 531 532
3 477 531 478
3 476 531 477
3 531 476 530
3 474 419 473
3 474 420 419
3 476 421 475
3 421 476 422
3 368 421 422
3 421 368 367
3 421 367 366
3 420 421 366
3 474 421 420
3 421 474 475
3 261 316 262
3 261 315 316
3 423 476 477
3 476 423 422
3 424 423 478
3 423 477 478
3 243 298 244
3 298 243 297
3 298 299 245
3 298 245 244
3 298 297 351
3 352 298 351
3 298 353 299
3 298 352 353
3 408 353 407
3 353 408 354
3 461 408 407
3 462 408 461
3 153 100 99
3 154 100 153
3 100 46 45
3 100 45 99
3 46 100 47
3 100 101 47
3 100 155 101
3 155 100 154
3 102 155 156
3 101 155 102
3 209 155 208
3 155 154 208
3 155 210 156
3 155 209 210
3 752 753 699
3 752 699 698
3 697 752 698
3 752 697 751
3 752 807 753
3 752 806 807
3 805 752 751
3 806 752 805
3 964 909 963
3 910 909 964
3 909 910 856
3 855 909 856
3 528 527 581
3 582 528 581
3 527 528 473
3 528 474 473
3 911 966 912
3 965 966 911
3 966 913 912
3 913 966 967
3 228 175 174
3 175 228 229
3 279 224 278
3 279 225 224
3 332 279 278
3 333 279 332
3 384 385 330
3 330 385 331
3 662 607 661
3 608 607 662
3 547 492 546
3 492 547 493
3 600 547 546
3 547 600 601
3 663 609 662
3 609 608 662
3 610 609 664
3 609 663 664
3 557 502 556
3 502 557 503
3 391 338 337
3 338 391 392
3 179 233 180
3 233 234 180
3 676 677 622
3 622 677 623
3 623 677 624
3 677 678 624
3 837 783 782
3 836 837 782
3 891 837 890
3 837 836 890
3 783 837 784
3 837 838 784
3 892 837 891
3 838 837 892
3 512 566 567
3 513 512 567
3 565 512 511
3 512 565 566
3 512 513 459
3 458 512 459
3 512 457 511
3 512 458 457
3 1211 1266 1212
3 1266 1211 1265
3 1210 1211 1156
3 1211 1157 1156
3 1158 1211 1212
3 1157 1211 1158
3 941 994 995
3 941 940 994
3 886 833 832
3 833 886 887
3 831 886 832
3 886 831 885
3 941 886 940
3 886 941 887
3 940 886 939
3 939 886 885
3 617 616 670
3 671 617 670
3 617 563 562
3 616 617 562
3 563 617 564
3 617 618 564
3 617 672 618
3 672 617 671
3 673 672 727
3 672 726 727
3 726 672 725
3 672 671 725
3 672 673 619
3 618 672 619
3 342 289 288
3 289 342 343
3 289 235 234
3 288 289 234
3 236 183 182
3 236 237 183
3 181 236 182
3 235 236 181
3 295 242 241
3 242 295 296
3 295 350 296
3 295 349 350
3 402 348 401
3 348 347 401
3 403 348 402
3 349 348 403
3 1998 1999 1944
3 1999 1945 1944
3 1999 2052 2053
3 1999 1998 2052
3 1945 1999 1946
3 1999 2000 1946
3 2054 1999 2053
3 2000 1999 2054
3 2324 2379 2325
3 2379 2324 2378
3 2324 2269 2323
3 2324 2270 2269
3 2324 2271 2270
3 2271 2324 2325
3 2271 2326 2272
3 2326 2271 2325
3 2271 2218 2217
3 2218 2271 2272
3 2216 2271 2217
3 2270 2271 2216
3 2488 2433 2487
3 2433 2488 2434
3 2380 2433 2434
3 2379 2433 2380
3 1191 1138 1137
3 1191 1192 1138
3 1299 1246 1245
3 1246 1299 1300
3 1301 1246 1300
3 1246 1301 1247
3 1191 1246 1192
3 1246 1191 1245
3 1246 1247 1193
3 1192 1246 1193
3 1467 1466 1521
3 1466 1520 1521
3 1466 1465 1519
3 1520 1466 1519
3 1465 1466 1411
3 1411 1466 1412
3 1409 1463 1410
3 1463 1464 1410
3 1463 1409 1408
3 1462 1463 1408
3 920 919 973
3 974 920 973
3 919 920 865
3 920 866 865
3 1138 1139 1084
3 1139 1085 1084
3 1139 1192 1193
3 1192 1139 1138
3 1194 1139 1193
3 1140 1139 1194
3 1086 1139 1140
3 1139 1086 1085
3 1086 1033 1032
3 1033 1086 1087
3 1031 1086 1032
3 1085 1086 1031
3 1087 1086 1141
3 1086 1140 1141
3 1627 1573 1626
3 1626 1573 1572
3 1573 1519 1518
3 1572 1573 1518
3 1573 1627 1628
3 1574 1573 1628
3 1573 1574 1520
3 1573 1520 1519
3 1630 1684 1631
3 1684 1685 1631
3 1788 1734 1733
3 1787 1788 1733
3 1788 1841 1842
3 1841 1788 1787
3 1734 1788 1735
3 1788 1789 1735
3 1843 1788 1842
3 1789 1788 1843
3 2831 2776 2830
3 2776 2831 2777
3 2173 2174 2119
3 2174 2120 2119
3 2231 2230 2285
3 2230 2284 2285
3 2230 2177 2176
3 2177 2230 2231
3 2284 2230 2283
3 2230 2229 2283
3 2444 2391 2390
3 2444 2445 2391
3 2446 2499 2500
3 2445 2499 2446
3 2444 2499 2445
3 2499 2444 2498
3 2499 2554 2500
3 2554 2499 2553
3 2554 2553 2607
3 2608 2554 2607
3 2333 2280 2279
3 2333 2334 2280
3 2333 2388 2334
3 2333 2387 2388
3 2440 2386 2439
3 2386 2385 2439
3 2387 2386 2441
3 2441 2386 2440
3 2499 2552 2553
3 2552 2499 2498
3 2550 2549 2603
3 2550 2603 2604
3 2550 2496 2495
3 2549 2550 2495
3 2657 2658 2603
3 2603 2658 2604
3 2658 2657 2711
3 2712 2658 2711
3 2822 2767 2821
3 2767 2822 2768
3 2767 2820 2821
3 2820 2767 2766
3 2824 2878 2879
3 2825 2824 2879
3 2716 2771 2717
3 2771 2716 2770
3 2771 2718 2717
3 2718 2771 2772
3 2771 2824 2825
3 2824 2771 2770
3 2826 2771 2825
3 2771 2826 2772
3 2826 2881 2827
3 2881 2826 2880
3 2880 2826 2879
3 2826 2825 2879
3 2773 2826 2827
3 2826 2773 2772
3 2773 2827 2828
3 2773 2828 2774
3 2719 2773 2720
3 2720 2773 2774
3 2773 2719 2718
3 2773 2718 2772
3 2276 2330 2277
3 2277 2330 2331
3 2221 2275 2222
3 2275 2276 2222
3 2220 2275 2221
3 2275 2220 2274
3 2275 2330 2276
3 2330 2275 2329
3 2595 2650 2596
3 2650 2595 2649
3 2595 2541 2540
3 2594 2595 2540
3 2595 2648 2649
3 2595 2594 2648
3 2324 2377 2378
3 2377 2324 2323
3 2377 2323 2322
3 2376 2377 2322
3 2595 2542 2541
3 2542 2595 2596
3 2543 2542 2597
3 2542 2596 2597
3 2542 2543 2489
3 2488 2542 2489
3 2542 2487 2541
3 2542 2488 2487
3 1144 1143 1197
3 1198 1144 1197
3 1144 1199 1145
3 1199 1144 1198
3 1144 1145 1091
3 1090 1144 1091
3 1089 1144 1090
3 1144 1089 1143
3 1089 1034 1088
3 1034 1089 1035
3 1142 1089 1088
3 1143 1089 1142
3 1089 1036 1035
3 1089 1090 1036
3 1414 1469 1415
3 1469 1414 1468
3 1361 1362 1308
3 1307 1361 1308
3 1361 1416 1362
3 1416 1361 1415
3 1360 1361 1306
3 1361 1307 1306
3 1361 1414 1415
3 1414 1361 1360
3 1305 1252 1251
3 1252 1305 1306
3 1251 1252 1197
3 1252 1198 1197
3 1253 1252 1307
3 1307 1252 1306
3 1252 1253 1199
3 1252 1199 1198
3 1264 1211 1210
3 1211 1264 1265
3 1264 1210 1209
3 1263 1264 1209
3 1318 1264 1317
3 1317 1264 1263
3 1207 1154 1153
3 1207 1208 1154
3 1207 1153 1152
3 1206 1207 1152
3 1261 1207 1260
3 1207 1206 1260
3 1262 1207 1261
3 1207 1262 1208
3 1317 1262 1316
3 1262 1317 1263
3 1208 1262 1209
3 1262 1263 1209
3 1262 1315 1316
3 1262 1261 1315
3 1480 1481 1427
3 1426 1480 1427
3 1535 1480 1534
3 1481 1480 1535
3 1425 1480 1426
3 1479 1480 1425
3 1533 1480 1479
3 1480 1533 1534
3 1586 1533 1532
3 1587 1533 1586
3 1533 1588 1534
3 1533 1587 1588
3 1533 1478 1532
3 1533 1479 1478
3 879 824 878
3 824 879 825
3 824 823 877
3 878 824 877
3 824 771 770
3 771 824 825
3 824 770 769
3 824 769 823
3 772 826 827
3 773 772 827
3 772 825 826
3 772 771 825
3 2804 2750 2803
3 2803 2750 2749
3 2695 2750 2696
3 2750 2695 2749
3 2750 2804 2805
3 2751 2750 2805
3 2750 2751 2697
3 2750 2697 2696
3 1504 1451 1450
3 1451 1504 1505
3 1504 1559 1505
3 1504 1558 1559
3 1506 1453 1452
3 1453 1506 1507
3 1508 1453 1507
3 1454 1453 1508
3 1400 1401 1347
3 1346 1400 1347
3 1401 1400 1455
3 1400 1454 1455
3 2462 2409 2408
3 2409 2462 2463
3 2409 2354 2408
3 2354 2409 2355
3 2464 2409 2463
3 2409 2464 2410
3 2357 2412 2358
3 2412 2357 2411
3 2736 2789 2790
3 2736 2735 2789
3 2736 2682 2681
3 2735 2736 2681
3 2682 2629 2628
3 2629 2682 2683
3 2629 2683 2684
3 2630 2629 2684
3 2576 2629 2630
3 2629 2576 2575
3 2576 2631 2577
3 2576 2630 2631
3 2523 2576 2577
3 2522 2576 2523
3 2255 2201 2200
3 2254 2255 2200
3 2525 2472 2471
3 2472 2525 2526
3 2472 2419 2418
3 2472 2473 2419
3 2527 2472 2526
3 2473 2472 2527
3 2417 2472 2418
3 2471 2472 2417
3 2263 2317 2264
3 2317 2318 2264
3 2316 2317 2262
3 2317 2263 2262
3 2370 2316 2315
3 2370 2315 2369
3 1933 1988 1934
3 1988 1933 1987
3 1988 1987 2041
3 2042 1988 2041
3 2149 2204 2150
3 2203 2204 2149
3 2258 2204 2257
3 2204 2203 2257
3 2643 2698 2644
3 2643 2697 2698
3 2697 2643 2696
3 2643 2642 2696
3 2641 2695 2696
3 2642 2641 2696
3 2374 2429 2375
3 2428 2429 2374
3 2429 2482 2483
3 2482 2429 2428
3 2427 2482 2428
3 2482 2427 2481
3 2152 2207 2153
3 2207 2152 2206
3 2207 2260 2261
3 2260 2207 2206
3 2207 2261 2262
3 2208 2207 2262
3 2694 2641 2640
3 2641 2694 2695
3 2694 2748 2749
3 2695 2694 2749
3 1752 1698 1751
3 1751 1698 1697
3 1643 1698 1644
3 1698 1643 1697
3 1644 1698 1645
3 1698 1699 1645
3 1698 1753 1699
3 1753 1698 1752
3 1753 1808 1754
3 1808 1753 1807
3 1753 1752 1806
3 1753 1806 1807
3 1700 1753 1754
3 1699 1753 1700
3 2021 1966 2020
3 1966 2021 1967
3 1859 1914 1860
3 1914 1859 1913
3 2071 2016 2070
3 2016 2071 2017
3 2070 2016 2069
3 2016 2015 2069
3 2617 2618 2563
3 2618 2564 2563
3 2402 2347 2401
3 2402 2348 2347
3 2402 2403 2349
3 2348 2402 2349
3 2779 2726 2725
3 2780 2726 2779
3 2727 2726 2781
3 2726 2780 2781
3 2678 2731 2732
3 2731 2678 2677
3 2678 2625 2624
3 2625 2678 2679
3 2623 2676 2677
3 2676 2623 2622
3 2678 2623 2677
3 2623 2678 2624
3 2460 2515 2461
3 2514 2515 2460
3 2515 2462 2461
3 2515 2516 2462
3 2733 2786 2787
3 2786 2733 2732
3 2678 2733 2679
3 2733 2678 2732
3 2843 2788 2842
3 2788 2843 2789
3 2841 2788 2787
3 2788 2841 2842
3 2788 2733 2787
3 2733 2788 2734
3 2735 2788 2789
3 2734 2788 2735
3 2680 2733 2734
3 2733 2680 2679
3 2627 2680 2681
3 2626 2680 2627
3 2680 2625 2679
3 2625 2680 2626
3 2680 2734 2735
3 2680 2735 2681
3 2728 2727 2781
3 2782 2728 2781
3 2836 2837 2783
3 2782 2836 2783
3 2685 2630 2684
3 2630 2685 2631
3 1721 1720 1775
3 1720 1774 1775
3 1614 1667 1668
3 1613 1667 1614
3 1667 1721 1722
3 1667 1722 1668
3 1667 1613 1612
3 1666 1667 1612
3 1720 1667 1666
3 1667 1720 1721
3 1778 1833 1779
3 1778 1832 1833
3 1725 1778 1779
3 1724 1778 1725
3 1829 1776 1775
3 1776 1829 1830
3 1830 1829 1884
3 1829 1883 1884
3 1978 2033 1979
3 2032 2033 1978
3 2033 2032 2086
3 2087 2033 2086
3 1873 1820 1819
3 1820 1873 1874
3 1873 1927 1928
3 1874 1873 1928
3 1876 1822 1821
3 1875 1876 1821
3 1823 1876 1877
3 1822 1876 1823
3 1876 1931 1877
3 1876 1930 1931
3 1876 1929 1930
3 1929 1876 1875
3 1929 1982 1983
3 1982 1929 1928
3 1929 1875 1874
3 1929 1874 1928
3 1984 1929 1983
3 1930 1929 1984
3 1662 1717 1663
3 1717 1662 1716
3 1387 1442 1388
3 1442 1387 1441
3 1496 1442 1495
3 1442 1441 1495
3 1552 1497 1551
3 1497 1552 1498
3 1497 1550 1551
3 1550 1497 1496
3 1334 1389 1335
3 1389 1334 1388
3 1389 1390 1336
3 1335 1389 1336
3 2248 2195 2194
3 2195 2248 2249
3 2249 2248 2303
3 2248 2302 2303
3 2248 2247 2301
3 2302 2248 2301
3 2193 2248 2194
3 2247 2248 2193
3 2144 2198 2145
3 2198 2199 2145
3 2253 2307 2308
3 2254 2253 2308
3 2199 2253 2200
3 2253 2254 2200
3 2198 2253 2199
3 2253 2198 2252
3 2469 2414 2468
3 2414 2469 2415
3 2361 2414 2415
3 2414 2361 2360
3 2416 2361 2415
3 2361 2416 2362
3 2307 2361 2308
3 2308 2361 2362
3 2617 2562 2616
3 2562 2617 2563
3 2616 2562 2615
3 2562 2561 2615
3 2340 2286 2285
3 2339 2340 2285
3 2018 2071 2072
3 2071 2018 2017
3 2129 2074 2128
3 2074 2129 2075
3 2021 2074 2075
3 2074 2021 2020
3 2074 2073 2127
3 2074 2127 2128
3 2234 2180 2233
3 2180 2179 2233
3 2235 2180 2234
3 2180 2235 2181
3 2179 2180 2125
3 2180 2126 2125
3 2127 2180 2181
3 2126 2180 2127
3 1801 1748 1747
3 1748 1801 1802
3 1746 1801 1747
3 1800 1801 1746
3 1748 1749 1694
3 1749 1695 1694
3 1696 1749 1750
3 1695 1749 1696
3 1803 1749 1802
3 1749 1748 1802
3 1798 1852 1799
3 1852 1853 1799
3 1907 1852 1906
3 1852 1907 1853
3 1851 1852 1797
3 1852 1798 1797
3 1852 1905 1906
3 1852 1851 1905
3 1689 1744 1690
3 1689 1743 1744
3 1742 1795 1796
3 1795 1742 1741
3 1797 1742 1796
3 1743 1742 1797
3 1739 1794 1740
3 1794 1739 1793
3 1739 1792 1793
3 1792 1739 1738
3 1684 1739 1685
3 1739 1684 1738
3 1739 1686 1685
3 1686 1739 1740
3 1686 1633 1632
3 1633 1686 1687
3 1686 1740 1741
3 1686 1741 1687
3 1686 1632 1631
3 1685 1686 1631
3 1903 1848 1902
3 1849 1848 1903
3 1901 1848 1847
3 1848 1901 1902
3 1848 1849 1795
3 1794 1848 1795
3 1847 1848 1793
3 1848 1794 1793
3 1526 1581 1527
3 1581 1526 1580
3 1526 1527 1473
3 1526 1473 1472
3 1471 1526 1472
3 1525 1526 1471
3 1579 1526 1525
3 1526 1579 1580
3 1579 1578 1632
3 1633 1579 1632
3 1579 1633 1634
3 1580 1579 1634
3 1578 1579 1524
3 1579 1525 1524
3 1364 1310 1363
3 1310 1309 1363
3 1473 1419 1472
3 1419 1418 1472
3 1202 1147 1201
3 1147 1202 1148
3 1319 1264 1318
3 1264 1319 1265
3 1319 1372 1373
3 1319 1318 1372
3 1319 1373 1374
3 1320 1319 1374
3 1319 1266 1265
3 1319 1320 1266
3 1492 1547 1493
3 1547 1492 1546
3 1546 1492 1545
3 1545 1492 1491
3 1439 1492 1493
3 1438 1492 1439
3 1492 1437 1491
3 1492 1438 1437
3 1971 2024 2025
3 2024 1971 1970
3 1971 1917 1916
3 1971 1916 1970
3 1867 1814 1813
3 1868 1814 1867
3 1759 1814 1760
3 1814 1759 1813
3 1814 1761 1760
3 1814 1815 1761
3 1814 1869 1815
3 1869 1814 1868
3 1869 1924 1870
3 1924 1869 1923
3 1869 1922 1923
3 1869 1868 1922
3 1869 1870 1816
3 1815 1869 1816
3 1483 1482 1536
3 1537 1483 1536
3 1483 1428 1482
3 1428 1483 1429
3 1429 1483 1430
3 1483 1484 1430
3 1483 1538 1484
3 1538 1483 1537
3 1538 1593 1539
3 1538 1592 1593
3 1592 1538 1591
3 1538 1537 1591
3 1485 1538 1539
3 1484 1538 1485
3 1057 1003 1002
3 1056 1057 1002
3 1057 1110 1111
3 1110 1057 1056
3 1057 1004 1003
3 1057 1058 1004
3 1112 1057 1111
3 1058 1057 1112
3 898 845 844
3 845 898 899
3 1007 1006 1060
3 1007 1060 1061
3 900 953 954
3 953 900 899
3 900 845 899
3 845 900 846
3 846 900 847
3 900 901 847
3 1171 1224 1225
3 1224 1171 1170
3 1226 1171 1225
3 1172 1171 1226
3 1174 1173 1228
3 1228 1173 1227
3 1173 1120 1119
3 1173 1174 1120
3 1173 1226 1227
3 1173 1172 1226
3 1118 1173 1119
3 1173 1118 1172
3 1224 1223 1278
3 1223 1277 1278
3 1277 1223 1276
3 1223 1222 1276
3 1434 1380 1433
3 1380 1379 1433
3 1435 1380 1434
3 1381 1380 1435
3 1000 1001 946
3 1001 947 946
3 948 1001 1002
3 947 1001 948
3 1001 1000 1054
3 1055 1001 1054
3 1001 1056 1002
3 1001 1055 1056
3 1601 1546 1600
3 1601 1547 1546
3 1601 1654 1655
3 1654 1601 1600
3 1547 1601 1548
3 1601 1602 1548
3 1656 1601 1655
3 1602 1601 1656
3 1291 1346 1292
3 1346 1291 1345
3 1291 1238 1237
3 1238 1291 1292
3 1291 1290 1344
3 1291 1344 1345
3 1291 1237 1236
3 1290 1291 1236
3 1129 1184 1130
3 1184 1129 1183
3 1076 1129 1130
3 1075 1129 1076
3 967 1020 1021
3 966 1020 967
3 1019 1020 965
3 1020 966 965
3 1288 1234 1233
3 1287 1288 1233
3 1288 1235 1234
3 1235 1288 1289
3 1288 1287 1341
3 1342 1288 1341
3 1289 1288 1343
3 1288 1342 1343
3 1178 1179 1125
3 1178 1125 1124
3 1176 1121 1175
3 1121 1176 1122
3 1121 1174 1175
3 1174 1121 1120
3 958 1012 959
3 959 1012 1013
3 1012 1065 1066
3 1065 1012 1011
3 1065 1118 1119
3 1118 1065 1064
3 1120 1065 1119
3 1066 1065 1120
3 526 579 580
3 525 579 526
3 464 519 465
3 518 519 464
3 519 466 465
3 519 520 466
3 740 685 739
3 686 685 740
3 685 738 739
3 685 684 738
3 790 843 844
3 843 790 789
3 791 790 845
3 845 790 844
3 519 574 520
3 574 519 573
3 520 574 521
3 521 574 575
3 574 628 629
3 574 629 575
3 685 630 684
3 630 685 631
3 630 629 683
3 684 630 683
3 629 630 575
3 630 576 575
3 576 630 577
3 577 630 631
3 576 522 575
3 522 521 575
3 627 574 573
3 574 627 628
3 628 627 682
3 627 681 682
3 572 519 518
3 519 572 573
3 571 572 517
3 572 518 517
3 598 543 597
3 543 598 544
3 543 542 596
3 597 543 596
3 653 599 652
3 599 598 652
3 599 545 544
3 598 599 544
3 599 653 654
3 600 599 654
3 545 599 546
3 599 600 546
3 932 985 986
3 985 932 931
3 874 819 873
3 819 874 820
3 768 822 823
3 769 768 823
3 714 768 715
3 768 769 715
3 768 714 713
3 767 768 713
3 766 819 820
3 819 766 765
3 766 712 711
3 765 766 711
3 712 766 713
3 766 767 713
3 766 821 767
3 821 766 820
3 821 768 767
3 768 821 822
3 822 821 876
3 821 875 876
3 874 821 820
3 875 821 874
3 650 595 649
3 595 650 596
3 650 651 597
3 650 597 596
3 764 819 765
3 819 764 818
3 764 765 711
3 764 711 710
3 764 763 817
3 764 817 818
3 763 764 709
3 709 764 710
3 926 981 927
3 981 926 980
3 926 979 980
3 926 925 979
3 207 153 152
3 206 207 152
3 154 207 208
3 207 154 153
3 208 207 262
3 207 261 262
3 207 260 261
3 260 207 206
3 260 313 314
3 313 260 259
3 260 206 205
3 259 260 205
3 261 260 315
3 315 260 314
3 368 369 314
3 369 315 314
3 369 370 316
3 315 369 316
3 369 368 422
3 423 369 422
3 369 424 370
3 369 423 424
3 42 96 43
3 96 97 43
3 96 41 95
3 41 96 42
3 96 151 97
3 96 150 151
3 149 96 95
3 150 96 149
3 257 204 203
3 204 257 258
3 259 204 258
3 204 259 205
3 204 149 203
3 204 150 149
3 151 204 205
3 150 204 151
3 355 409 356
3 409 410 356
3 354 409 355
3 408 409 354
3 638 583 637
3 584 583 638
3 637 583 636
3 583 582 636
3 283 230 229
3 283 284 230
3 338 283 337
3 283 338 284
3 389 388 442
3 443 389 442
3 390 389 444
3 389 443 444
3 388 389 334
3 389 335 334
3 226 171 225
3 171 226 172
3 386 441 387
3 386 440 441
3 333 386 387
3 386 333 332
3 386 332 331
3 385 386 331
3 439 386 385
3 386 439 440
3 492 439 438
3 439 492 493
3 440 439 494
3 494 439 493
3 438 439 384
3 439 385 384
3 659 605 658
3 605 604 658
3 604 605 550
3 605 551 550
3 553 498 552
3 498 553 499
3 500 553 554
3 499 553 500
3 553 607 608
3 553 608 554
3 497 496 550
3 551 497 550
3 496 497 442
3 497 443 442
3 498 497 552
3 497 551 552
3 443 497 444
3 497 498 444
3 548 603 549
3 603 548 602
3 494 548 495
3 548 549 495
3 548 547 601
3 548 601 602
3 547 548 493
3 548 494 493
3 600 655 601
3 655 600 654
3 708 655 654
3 655 708 709
3 601 655 602
3 655 656 602
3 655 709 710
3 656 655 710
3 603 657 604
3 604 657 658
3 657 712 658
3 712 657 711
3 656 657 602
3 657 603 602
3 657 656 710
3 711 657 710
3 502 555 556
3 555 502 501
3 555 501 500
3 555 500 554
3 555 610 556
3 555 609 610
3 608 555 554
3 609 555 608
3 396 397 343
3 342 396 343
3 396 450 451
3 397 396 451
3 396 342 341
3 395 396 341
3 446 445 500
3 445 499 500
3 498 445 444
3 445 498 499
3 445 446 392
3 391 445 392
3 445 390 444
3 445 391 390
3 393 339 392
3 339 338 392
3 231 232 177
3 177 232 178
3 232 179 178
3 232 233 179
3 232 287 233
3 287 232 286
3 342 287 341
3 287 342 288
3 233 287 234
3 287 288 234
3 893 892 946
3 947 893 946
3 893 838 892
3 893 839 838
3 839 785 838
3 838 785 784
3 894 947 948
3 894 893 947
3 788 842 789
3 842 843 789
3 842 788 787
3 841 842 787
3 942 943 889
3 888 942 889
3 942 996 997
3 943 942 997
3 942 888 887
3 941 942 887
3 996 942 995
3 942 941 995
3 344 290 343
3 290 289 343
3 290 345 291
3 345 290 344
3 289 290 235
3 290 236 235
3 237 290 291
3 236 290 237
3 240 294 241
3 294 295 241
3 294 239 293
3 294 240 239
3 295 294 349
3 294 348 349
3 347 294 293
3 348 294 347
3 2487 2432 2486
3 2433 2432 2487
3 2432 2379 2378
3 2432 2433 2379
3 1243 1190 1189
3 1244 1190 1243
3 1190 1135 1189
3 1135 1190 1136
3 1190 1244 1245
3 1191 1190 1245
3 1190 1137 1136
3 1190 1191 1137
3 1516 1515 1569
3 1570 1516 1569
3 1515 1516 1461
3 1516 1462 1461
3 921 976 922
3 976 921 975
3 921 867 866
3 920 921 866
3 921 974 975
3 921 920 974
3 1682 1683 1628
3 1683 1629 1628
3 1683 1736 1737
3 1736 1683 1682
3 1683 1630 1629
3 1683 1684 1630
3 1683 1737 1738
3 1684 1683 1738
3 2775 2828 2829
3 2828 2775 2774
3 2830 2775 2829
3 2776 2775 2830
3 2228 2282 2283
3 2229 2228 2283
3 2281 2228 2227
3 2282 2228 2281
3 2228 2173 2227
3 2228 2174 2173
3 2230 2175 2229
3 2175 2230 2176
3 2228 2175 2174
3 2175 2228 2229
3 2122 2175 2176
3 2175 2122 2121
3 2120 2175 2121
3 2174 2175 2120
3 2443 2442 2496
3 2497 2443 2496
3 2443 2389 2388
3 2442 2443 2388
3 2444 2443 2498
3 2443 2497 2498
3 2389 2443 2390
3 2443 2444 2390
3 2501 2555 2502
3 2502 2555 2556
3 2555 2610 2556
3 2610 2555 2609
3 2555 2501 2500
3 2554 2555 2500
3 2555 2608 2609
3 2555 2554 2608
3 2278 2332 2279
3 2332 2333 2279
3 2332 2278 2277
3 2332 2277 2331
3 2333 2332 2387
3 2332 2386 2387
3 2386 2332 2385
3 2385 2332 2331
3 2551 2552 2498
3 2497 2551 2498
3 2550 2551 2496
3 2551 2497 2496
3 2716 2661 2715
3 2661 2716 2662
3 2608 2661 2662
3 2661 2608 2607
3 2661 2714 2715
3 2661 2660 2714
3 2660 2713 2714
3 2713 2660 2659
3 2713 2658 2712
3 2658 2713 2659
3 2714 2713 2768
3 2713 2767 2768
3 2713 2712 2766
3 2767 2713 2766
3 2823 2769 2768
3 2822 2823 2768
3 2823 2822 2876
3 2877 2823 2876
3 2769 2823 2770
3 2823 2824 2770
3 2823 2877 2878
3 2824 2823 2878
3 2488 2435 2434
3 2435 2488 2489
3 2437 2491 2492
3 2438 2437 2492
3 2275 2328 2329
3 2328 2275 2274
3 2327 2328 2273
3 2273 2328 2274
3 2384 2438 2439
3 2385 2384 2439
3 2330 2384 2331
3 2384 2385 2331
3 1413 1358 1412
3 1358 1413 1359
3 1413 1466 1467
3 1466 1413 1412
3 1413 1360 1359
3 1413 1414 1360
3 1413 1467 1468
3 1414 1413 1468
3 718 665 664
3 718 719 665
3 718 663 717
3 663 718 664
3 719 718 773
3 718 772 773
3 771 718 717
3 772 718 771
3 1448 1503 1449
3 1503 1448 1502
3 1503 1450 1449
3 1503 1504 1450
3 1399 1398 1452
3 1453 1399 1452
3 1399 1344 1398
3 1344 1399 1345
3 1399 1453 1454
3 1400 1399 1454
3 1399 1400 1346
3 1399 1346 1345
3 2465 2412 2411
3 2412 2465 2466
3 2465 2520 2466
3 2520 2465 2519
3 2464 2465 2410
3 2410 2465 2411
3 2356 2301 2355
3 2356 2302 2301
3 2409 2356 2355
3 2356 2409 2410
3 2302 2356 2303
3 2356 2357 2303
3 2356 2410 2411
3 2357 2356 2411
3 2574 2629 2575
3 2629 2574 2628
3 2574 2627 2628
3 2574 2573 2627
3 2573 2574 2519
3 2574 2520 2519
3 2414 2467 2468
3 2467 2414 2413
3 2467 2412 2466
3 2412 2467 2413
3 2683 2737 2684
3 2737 2738 2684
3 2792 2737 2791
3 2737 2792 2738
3 2736 2737 2682
3 2682 2737 2683
3 2737 2790 2791
3 2737 2736 2790
3 2363 2309 2362
3 2309 2308 2362
3 2309 2255 2254
3 2309 2254 2308
3 2202 2147 2201
3 2147 2202 2148
3 2202 2149 2148
3 2202 2203 2149
3 2631 2578 2577
3 2578 2631 2632
3 2371 2317 2316
3 2370 2371 2316
3 2368 2423 2369
3 2423 2368 2422
3 2043 2098 2044
3 2098 2043 2097
3 2043 2096 2097
3 2043 2042 2096
3 2205 2259 2260
3 2205 2260 2206
3 2205 2152 2151
3 2152 2205 2206
3 2205 2258 2259
3 2205 2204 2258
3 2150 2205 2151
3 2204 2205 2150
3 2643 2589 2642
3 2642 2589 2588
3 2483 2536 2537
3 2482 2536 2483
3 2536 2482 2481
3 2535 2536 2481
3 2207 2154 2153
3 2154 2207 2208
3 1996 1995 2050
3 1995 2049 2050
3 1942 1995 1996
3 1995 1942 1941
3 2049 1995 2048
3 1995 1994 2048
3 1940 1995 1941
3 1994 1995 1940
3 2693 2692 2746
3 2747 2693 2746
3 2692 2693 2638
3 2693 2639 2638
3 2748 2693 2747
3 2694 2693 2748
3 2693 2694 2640
3 2639 2693 2640
3 1911 1857 1856
3 1910 1911 1856
3 1804 1749 1803
3 1749 1804 1750
3 1804 1751 1750
3 1751 1804 1805
3 1804 1803 1857
3 1858 1804 1857
3 1804 1859 1805
3 1804 1858 1859
3 1862 1915 1916
3 1861 1915 1862
3 1915 1969 1970
3 1916 1915 1970
3 1915 1861 1860
3 1914 1915 1860
3 1968 1915 1914
3 1915 1968 1969
3 1968 2021 2022
3 2021 1968 1967
3 1969 1968 2023
3 1968 2022 2023
3 1968 1914 1913
3 1968 1913 1967
3 1962 1907 1961
3 1907 1962 1908
3 1962 1909 1908
3 1909 1962 1963
3 2015 1962 1961
3 2016 1962 2015
3 1962 2016 2017
3 1962 2017 1963
3 2403 2456 2457
3 2402 2456 2403
3 2455 2456 2401
3 2456 2402 2401
3 2672 2617 2671
3 2672 2618 2617
3 2672 2671 2725
3 2726 2672 2725
3 2625 2571 2624
3 2624 2571 2570
3 2569 2623 2624
3 2569 2624 2570
3 2622 2569 2568
3 2623 2569 2622
3 2515 2569 2516
3 2516 2569 2570
3 2569 2514 2568
3 2569 2515 2514
3 2675 2622 2621
3 2675 2676 2622
3 2837 2890 2891
3 2836 2890 2837
3 2835 2834 2888
3 2889 2835 2888
3 2835 2780 2834
3 2780 2835 2781
3 2835 2890 2836
3 2890 2835 2889
3 2835 2782 2781
3 2835 2836 2782
3 2739 2793 2794
3 2740 2739 2794
3 2739 2792 2793
3 2792 2739 2738
3 2739 2685 2684
3 2738 2739 2684
3 2739 2686 2685
3 2686 2739 2740
3 2633 2686 2687
3 2686 2633 2632
3 2686 2741 2687
3 2686 2740 2741
3 2685 2686 2631
3 2631 2686 2632
3 1831 1777 1830
3 1777 1776 1830
3 1777 1831 1832
3 1778 1777 1832
3 1827 1828 1773
3 1828 1774 1773
3 1774 1828 1775
3 1828 1829 1775
3 2089 2088 2143
3 2143 2088 2142
3 2088 2087 2141
3 2088 2141 2142
3 1926 1925 1979
3 1980 1926 1979
3 1927 1926 1981
3 1926 1980 1981
3 1714 1767 1768
3 1767 1714 1713
3 1549 1602 1603
3 1602 1549 1548
3 1549 1494 1548
3 1494 1549 1495
3 1604 1549 1603
3 1550 1549 1604
3 1549 1496 1495
3 1549 1550 1496
3 1442 1443 1388
3 1443 1389 1388
3 1443 1442 1496
3 1497 1443 1496
3 1389 1443 1390
3 1443 1444 1390
3 1443 1497 1498
3 1444 1443 1498
3 1447 1394 1393
3 1394 1447 1448
3 1448 1447 1502
3 1447 1501 1502
3 1608 1662 1663
3 1608 1663 1609
3 1555 1608 1609
3 1608 1555 1554
3 1610 1555 1609
3 1555 1610 1556
3 1501 1555 1502
3 1555 1556 1502
3 1555 1501 1500
3 1554 1555 1500
3 2196 2197 2142
3 2197 2143 2142
3 2197 2144 2143
3 2197 2198 2144
3 2304 2357 2358
3 2357 2304 2303
3 2414 2359 2413
3 2359 2414 2360
3 2412 2359 2358
3 2359 2412 2413
3 2359 2304 2358
3 2304 2359 2305
3 2306 2361 2307
3 2361 2306 2360
3 2359 2306 2305
3 2306 2359 2360
3 2253 2306 2307
3 2306 2253 2252
3 2507 2452 2506
3 2507 2453 2452
3 2560 2507 2506
3 2561 2507 2560
3 2342 2341 2396
3 2341 2395 2396
3 2341 2288 2287
3 2341 2342 2288
3 2286 2341 2287
3 2340 2341 2286
3 2394 2341 2340
3 2341 2394 2395
3 2448 2394 2447
3 2394 2393 2447
3 2394 2448 2449
3 2395 2394 2449
3 2394 2339 2393
3 2394 2340 2339
3 2074 2019 2073
3 2019 2074 2020
3 1966 2019 2020
3 2019 1966 1965
3 2073 2019 2072
3 2019 2018 2072
3 2019 1964 2018
3 1964 2019 1965
3 1964 1909 1963
3 1964 1910 1909
3 1964 1911 1910
3 1911 1964 1965
3 2018 1964 2017
3 2017 1964 1963
3 1907 1854 1853
3 1854 1907 1908
3 1854 1800 1799
3 1853 1854 1799
3 1635 1636 1582
3 1581 1635 1582
3 1635 1580 1634
3 1635 1581 1580
3 1636 1635 1690
3 1635 1689 1690
3 1635 1688 1689
3 1688 1635 1634
3 1633 1688 1634
3 1688 1633 1687
3 1689 1688 1743
3 1688 1742 1743
3 1742 1688 1741
3 1741 1688 1687
3 1475 1420 1474
3 1421 1420 1475
3 1420 1473 1474
3 1420 1419 1473
3 1203 1258 1204
3 1203 1257 1258
3 1149 1203 1150
3 1203 1204 1150
3 1203 1149 1148
3 1202 1203 1148
3 1256 1203 1202
3 1203 1256 1257
3 1309 1256 1255
3 1310 1256 1309
3 1257 1256 1311
3 1256 1310 1311
3 1255 1256 1201
3 1256 1202 1201
3 1918 1972 1919
3 1972 1973 1919
3 1973 1972 2027
3 1972 2026 2027
3 1917 1972 1918
3 1971 1972 1917
3 2026 1972 2025
3 1972 1971 2025
3 951 1004 1005
3 1004 951 950
3 1009 1008 1063
3 1008 1062 1063
3 1062 1008 1061
3 1008 1007 1061
3 953 1008 954
3 1007 1008 953
3 902 848 847
3 901 902 847
3 1065 1010 1064
3 1010 1065 1011
3 1010 1009 1063
3 1064 1010 1063
3 1008 955 954
3 955 1008 1009
3 1010 955 1009
3 955 1010 956
3 955 900 954
3 900 955 901
3 902 955 956
3 955 902 901
3 1171 1117 1170
3 1117 1116 1170
3 1117 1062 1116
3 1062 1117 1063
3 1117 1171 1172
3 1118 1117 1172
3 1117 1064 1063
3 1117 1118 1064
3 1169 1114 1168
3 1114 1169 1115
3 1115 1169 1116
3 1116 1169 1170
3 1222 1169 1168
3 1223 1169 1222
3 1169 1224 1170
3 1169 1223 1224
3 1274 1327 1328
3 1327 1274 1273
3 1327 1382 1328
3 1327 1381 1382
3 1074 1019 1073
3 1074 1020 1019
3 1074 1075 1021
3 1020 1074 1021
3 1232 1287 1233
3 1287 1232 1286
3 1179 1232 1233
3 1178 1232 1179
3 1067 1012 1066
3 1012 1067 1013
3 1067 1068 1014
3 1013 1067 1014
3 1067 1066 1120
3 1121 1067 1120
3 1068 1067 1122
3 1067 1121 1122
3 578 525 524
3 578 579 525
3 634 633 688
3 633 687 688
3 633 634 580
3 579 633 580
3 736 681 735
3 681 736 682
3 736 735 789
3 790 736 789
3 523 578 524
3 578 523 577
3 523 576 577
3 523 522 576
3 678 625 624
3 625 678 679
3 625 570 624
3 625 571 570
3 489 436 435
3 489 490 436
3 489 435 434
3 488 489 434
3 490 489 544
3 489 543 544
3 542 489 488
3 543 489 542
3 1039 1093 1094
3 1039 1094 1040
3 986 1039 1040
3 985 1039 986
3 869 923 924
3 870 869 924
3 758 811 812
3 811 758 757
3 819 872 873
3 872 819 818
3 872 927 873
3 872 926 927
3 463 462 516
3 463 516 517
3 463 518 464
3 518 463 517
3 463 408 462
3 463 409 408
3 410 463 464
3 409 463 410
3 852 798 797
3 851 852 797
3 963 962 1017
3 962 1016 1017
3 474 529 475
3 528 529 474
3 476 529 530
3 529 476 475
3 529 528 582
3 583 529 582
3 529 584 530
3 529 583 584
3 228 282 229
3 282 283 229
3 553 606 607
3 606 553 552
3 606 660 661
3 607 606 661
3 605 606 551
3 551 606 552
3 660 606 659
3 606 605 659
3 501 448 447
3 502 448 501
3 448 393 447
3 448 394 393
3 232 285 286
3 285 232 231
3 285 231 230
3 284 285 230
3 338 285 284
3 339 285 338
3 287 340 341
3 340 287 286
3 340 285 339
3 285 340 286
3 340 395 341
3 340 394 395
3 340 339 393
3 394 340 393
3 730 731 676
3 731 677 676
3 731 730 784
3 785 731 784
3 893 840 839
3 894 840 893
3 895 842 841
3 842 895 896
3 950 895 949
3 895 950 896
3 895 840 894
3 840 895 841
3 895 948 949
3 895 894 948
3 1464 1517 1518
3 1463 1517 1464
3 1517 1571 1572
3 1517 1572 1518
3 1517 1463 1462
3 1516 1517 1462
3 1517 1570 1571
3 1517 1516 1570
3 2666 2721 2667
3 2720 2721 2666
3 2721 2720 2774
3 2775 2721 2774
3 2658 2605 2604
3 2605 2658 2659
3 2605 2550 2604
3 2605 2551 2550
3 2381 2328 2327
3 2328 2381 2382
3 2381 2326 2380
3 2326 2381 2327
3 2381 2380 2434
3 2435 2381 2434
3 2436 2381 2435
3 2381 2436 2382
3 2490 2436 2489
3 2436 2435 2489
3 2436 2490 2491
3 2437 2436 2491
3 2383 2436 2437
3 2436 2383 2382
3 2328 2383 2329
3 2383 2328 2382
3 2383 2437 2438
3 2384 2383 2438
3 2383 2330 2329
3 2383 2384 2330
3 2377 2431 2378
3 2431 2432 2378
3 2431 2485 2486
3 2432 2431 2486
3 2431 2377 2376
3 2430 2431 2376
3 2485 2431 2484
3 2431 2430 2484
3 2521 2574 2575
3 2574 2521 2520
3 2576 2521 2575
3 2521 2576 2522
3 2520 2521 2466
3 2521 2467 2466
3 2521 2522 2468
3 2467 2521 2468
3 2310 2364 2365
3 2311 2310 2365
3 2310 2363 2364
3 2310 2309 2363
3 2579 2580 2526
3 2525 2579 2526
3 2580 2579 2634
3 2579 2633 2634
3 2633 2579 2632
3 2579 2578 2632
3 2579 2524 2578
3 2524 2579 2525
3 2469 2524 2470
3 2524 2469 2523
3 2524 2471 2470
3 2524 2525 2471
3 2524 2523 2577
3 2578 2524 2577
3 2317 2372 2318
3 2371 2372 2317
3 2585 2584 2638
3 2639 2585 2638
3 2584 2585 2530
3 2585 2531 2530
3 2477 2476 2530
3 2531 2477 2530
3 2476 2477 2422
3 2477 2423 2422
3 2477 2424 2423
3 2424 2477 2478
3 2424 2371 2370
3 2371 2424 2425
3 2424 2370 2369
3 2423 2424 2369
3 1989 1935 1934
3 1988 1989 1934
3 1989 1990 1936
3 1935 1989 1936
3 1989 1988 2042
3 2043 1989 2042
3 1990 1989 2044
3 1989 2043 2044
3 2590 2643 2644
3 2590 2589 2643
3 2591 2590 2645
3 2645 2590 2644
3 2590 2536 2535
3 2589 2590 2535
3 2590 2591 2537
3 2536 2590 2537
3 2103 2104 2050
3 2049 2103 2050
3 2155 2208 2209
3 2155 2154 2208
3 2210 2155 2209
3 2156 2155 2210
3 1993 1940 1939
3 1993 1994 1940
3 2155 2100 2154
3 2100 2155 2101
3 2153 2100 2099
3 2154 2100 2153
3 2100 2045 2099
3 2100 2046 2045
3 1859 1912 1913
3 1858 1912 1859
3 1912 1966 1967
3 1913 1912 1967
3 1911 1912 1857
3 1912 1858 1857
3 1912 1911 1965
3 1966 1912 1965
3 2564 2510 2563
3 2510 2509 2563
3 2510 2565 2511
3 2565 2510 2564
3 2510 2456 2455
3 2509 2510 2455
3 2510 2511 2457
3 2456 2510 2457
3 2518 2465 2464
3 2465 2518 2519
3 2673 2726 2727
3 2673 2672 2726
3 2729 2784 2730
3 2784 2729 2783
3 2729 2728 2782
3 2729 2782 2783
3 2676 2729 2730
3 2675 2729 2676
3 1720 1719 1774
3 1774 1719 1773
3 1504 1557 1558
3 1503 1557 1504
3 1557 1503 1502
3 1556 1557 1502
3 1558 1557 1612
3 1557 1611 1612
3 1610 1557 1556
3 1611 1557 1610
3 1669 1723 1670
3 1723 1724 1670
3 1723 1669 1668
3 1722 1723 1668
3 1723 1778 1724
3 1723 1777 1778
3 1776 1723 1722
3 1777 1723 1776
3 1937 1882 1936
3 1883 1882 1937
3 1935 1882 1881
3 1882 1935 1936
3 1829 1882 1883
3 1828 1882 1829
3 1882 1827 1881
3 1882 1828 1827
3 2033 2034 1979
3 2034 1980 1979
3 2034 2035 1981
3 1980 2034 1981
3 2034 2033 2087
3 2088 2034 2087
3 2035 2034 2089
3 2034 2088 2089
3 1872 1819 1818
3 1872 1873 1819
3 1817 1872 1818
3 1872 1817 1871
3 1873 1872 1927
3 1872 1926 1927
3 1925 1872 1871
3 1926 1872 1925
3 1715 1770 1716
3 1715 1769 1770
3 1769 1715 1768
3 1715 1714 1768
3 1390 1445 1391
3 1444 1445 1390
3 1445 1444 1498
3 1499 1445 1498
3 1553 1606 1607
3 1606 1553 1552
3 1553 1608 1554
3 1608 1553 1607
3 1553 1554 1500
3 1499 1553 1500
3 1552 1553 1498
3 1553 1499 1498
3 2306 2251 2305
3 2251 2306 2252
3 2198 2251 2252
3 2197 2251 2198
3 2508 2562 2563
3 2509 2508 2563
3 2508 2455 2454
3 2508 2509 2455
3 2562 2508 2561
3 2508 2507 2561
3 2453 2508 2454
3 2507 2508 2453
3 1855 1856 1802
3 1801 1855 1802
3 1855 1910 1856
3 1910 1855 1909
3 1855 1801 1800
3 1854 1855 1800
3 1909 1855 1908
3 1855 1854 1908
3 1365 1310 1364
3 1310 1365 1311
3 1365 1364 1418
3 1419 1365 1418
3 898 952 899
3 952 953 899
3 1007 952 1006
3 952 1007 953
3 1006 952 1005
3 952 951 1005
3 952 897 951
3 897 952 898
3 842 897 843
3 897 842 896
3 897 898 844
3 843 897 844
3 951 897 950
3 950 897 896
3 849 903 850
3 850 903 904
3 903 849 848
3 902 903 848
3 1379 1326 1325
3 1380 1326 1379
3 1326 1271 1325
3 1326 1272 1271
3 1326 1380 1381
3 1327 1326 1381
3 1272 1326 1273
3 1326 1327 1273
3 1128 1182 1183
3 1129 1128 1183
3 1182 1128 1181
3 1128 1127 1181
3 1128 1129 1075
3 1074 1128 1075
3 1127 1128 1073
3 1128 1074 1073
3 1231 1284 1285
3 1284 1231 1230
3 1231 1285 1286
3 1232 1231 1286
3 632 577 631
3 632 578 577
3 632 685 686
3 685 632 631
3 578 632 579
3 632 633 579
3 687 632 686
3 633 632 687
3 738 737 792
3 737 791 792
3 684 737 738
3 737 684 683
3 737 790 791
3 737 736 790
3 737 683 682
3 736 737 682
3 415 469 416
3 469 470 416
3 470 469 524
3 469 523 524
3 626 627 573
3 572 626 573
3 681 626 680
3 627 626 681
3 626 572 571
3 625 626 571
3 680 626 679
3 626 625 679
3 983 984 929
3 929 984 930
3 984 931 930
3 984 985 931
3 760 815 761
3 814 815 760
3 815 816 762
3 761 815 762
3 815 869 870
3 815 870 816
3 815 868 869
3 868 815 814
3 868 921 922
3 921 868 867
3 867 868 813
3 868 814 813
3 923 868 922
3 869 868 923
3 759 814 760
3 814 759 813
3 759 812 813
3 759 758 812
3 703 704 649
3 704 650 649
3 704 703 757
3 758 704 757
3 925 871 924
3 871 870 924
3 871 817 816
3 870 871 816
3 926 871 925
3 872 871 926
3 817 871 818
3 871 872 818
3 853 906 907
3 906 853 852
3 961 1015 1016
3 962 961 1016
3 909 908 963
3 908 962 963
3 908 961 962
3 961 908 907
3 336 389 390
3 389 336 335
3 336 391 337
3 391 336 390
3 336 281 335
3 281 336 282
3 283 336 337
3 282 336 283
3 279 280 225
3 280 226 225
3 280 333 334
3 280 279 333
3 335 280 334
3 281 280 335
3 227 280 281
3 280 227 226
3 173 227 174
3 227 228 174
3 227 173 172
3 226 227 172
3 227 282 228
3 227 281 282
3 396 449 450
3 449 396 395
3 449 504 450
3 504 449 503
3 394 449 395
3 448 449 394
3 449 502 503
3 449 448 502
3 786 841 787
3 786 840 841
3 786 785 839
3 840 786 839
3 2723 2722 2777
3 2722 2776 2777
3 2669 2722 2723
3 2668 2722 2669
3 2722 2775 2776
3 2722 2721 2775
3 2722 2668 2667
3 2721 2722 2667
3 2606 2661 2607
3 2661 2606 2660
3 2553 2606 2607
3 2552 2606 2553
3 2660 2606 2659
3 2606 2605 2659
3 2551 2606 2552
3 2605 2606 2551
3 2255 2256 2201
3 2256 2202 2201
3 2203 2256 2257
3 2202 2256 2203
3 2309 2256 2255
3 2310 2256 2309
3 2256 2311 2257
3 2256 2310 2311
3 2373 2428 2374
3 2373 2427 2428
3 2373 2320 2319
3 2320 2373 2374
3 2373 2319 2318
3 2372 2373 2318
3 2586 2639 2640
3 2586 2585 2639
3 2479 2424 2478
3 2424 2479 2425
3 2426 2373 2372
3 2373 2426 2427
3 2479 2426 2425
3 2426 2479 2480
3 2426 2372 2371
3 2426 2371 2425
3 2427 2426 2481
3 2426 2480 2481
3 2479 2534 2480
3 2534 2479 2533
3 2589 2534 2588
3 2534 2589 2535
3 2534 2535 2481
3 2480 2534 2481
3 2157 2210 2211
3 2157 2156 2210
3 2157 2212 2158
3 2157 2211 2212
3 2104 2157 2158
3 2103 2157 2104
3 2155 2102 2101
3 2102 2155 2156
3 2102 2157 2103
3 2157 2102 2156
3 2102 2049 2048
3 2102 2103 2049
3 2045 1992 1991
3 2046 1992 2045
3 1992 1937 1991
3 1992 1938 1937
3 1938 1992 1939
3 1992 1993 1939
3 2100 2047 2046
3 2047 2100 2101
3 2047 2102 2048
3 2102 2047 2101
3 1992 2047 1993
3 2047 1992 2046
3 1994 2047 2048
3 1993 2047 1994
3 2572 2625 2626
3 2572 2571 2625
3 2573 2572 2627
3 2572 2626 2627
3 2572 2573 2519
3 2518 2572 2519
3 2517 2572 2518
3 2572 2517 2571
3 2516 2517 2462
3 2462 2517 2463
3 2571 2517 2570
3 2517 2516 2570
3 2517 2464 2463
3 2517 2518 2464
3 2618 2619 2564
3 2619 2565 2564
3 2672 2619 2618
3 2673 2619 2672
3 1718 1771 1772
3 1718 1717 1771
3 1718 1772 1773
3 1719 1718 1773
3 1665 1666 1612
3 1611 1665 1612
3 1665 1720 1666
3 1665 1719 1720
3 1605 1550 1604
3 1550 1605 1551
3 1605 1552 1551
3 1605 1606 1552
3 1608 1661 1662
3 1661 1608 1607
3 1662 1661 1716
3 1661 1715 1716
3 1392 1446 1393
3 1446 1447 1393
3 1447 1446 1501
3 1501 1446 1500
3 1446 1392 1391
3 1445 1446 1391
3 1446 1445 1499
3 1446 1499 1500
3 2250 2249 2303
3 2304 2250 2303
3 2250 2195 2249
3 2195 2250 2196
3 2250 2304 2305
3 2251 2250 2305
3 2250 2197 2196
3 2250 2251 2197
3 1366 1421 1367
3 1366 1420 1421
3 1366 1367 1313
3 1312 1366 1313
3 1420 1366 1419
3 1366 1365 1419
3 1366 1312 1311
3 1365 1366 1311
3 957 1010 1011
3 1010 957 956
3 957 1012 958
3 1012 957 1011
3 957 902 956
3 957 903 902
3 903 957 904
3 957 958 904
3 1123 1177 1124
3 1177 1178 1124
3 1177 1123 1122
3 1176 1177 1122
3 1177 1232 1178
3 1177 1231 1232
3 1177 1176 1230
3 1231 1177 1230
3 468 467 521
3 522 468 521
3 468 414 413
3 467 468 413
3 523 468 522
3 469 468 523
3 468 415 414
3 468 469 415
3 1093 1038 1092
3 1039 1038 1093
3 1092 1038 1091
3 1038 1037 1091
3 1038 1039 985
3 984 1038 985
3 1038 983 1037
3 1038 984 983
3 705 760 706
3 705 759 760
3 705 706 652
3 651 705 652
3 759 705 758
3 705 704 758
3 650 705 651
3 704 705 650
3 799 745 744
3 798 799 744
3 746 799 800
3 799 746 745
3 852 799 798
3 853 799 852
3 905 851 850
3 905 850 904
3 905 958 959
3 958 905 904
3 905 852 851
3 905 906 852
3 905 960 906
3 960 905 959
3 960 959 1013
3 960 1013 1014
3 906 960 907
3 960 961 907
3 1015 960 1014
3 961 960 1015
3 854 799 853
3 799 854 800
3 854 855 801
3 854 801 800
3 854 853 907
3 908 854 907
3 854 909 855
3 854 908 909
3 677 732 678
3 731 732 677
3 732 733 679
3 678 732 679
3 732 731 785
3 786 732 785
3 733 732 787
3 732 786 787
3 2534 2587 2588
3 2587 2534 2533
3 2587 2641 2642
3 2587 2642 2588
3 2641 2587 2640
3 2587 2586 2640
3 2479 2532 2533
3 2532 2479 2478
3 2587 2532 2586
3 2532 2587 2533
3 2532 2477 2531
3 2477 2532 2478
3 2585 2532 2531
3 2586 2532 2585
3 2729 2674 2728
3 2674 2729 2675
3 2728 2674 2727
3 2674 2673 2727
3 1717 1664 1663
3 1718 1664 1717
3 1664 1610 1609
3 1663 1664 1609
3 1664 1718 1719
3 1665 1664 1719
3 1664 1611 1610
3 1664 1665 1611
3 1659 1712 1713
3 1712 1659 1658
3 1659 1604 1658
3 1659 1605 1604
3 2565 2620 2566
3 2619 2620 2565
3 2567 2620 2621
3 2620 2567 2566
3 2620 2619 2673
3 2674 2620 2673
3 2620 2675 2621
3 2620 2674 2675
3 1606 1660 1607
3 1660 1661 1607
3 1715 1660 1714
3 1661 1660 1715
3 1605 1660 1606
3 1659 1660 1605
3 1714 1660 1713
3 1660 1659 1713
