# vtk DataFile Version 2.0
profile_9, Created by Gmsh 4.14.0 
ASCII
DATASET UNSTRUCTURED_GRID
POINTS 8039 double
-13.25 -132.5 589.7
-13.25 -131.1683417085427 589.4336683417085
-13.25 -129.8366834170854 589.167336683417
-13.25 -128.5050251256282 588.9010050251256
-13.25 -127.1733668341708 588.6346733668342
-13.25 -125.8417085427136 588.3683417085426
-13.25 -124.5100502512563 588.1020100502512
-13.25 -123.178391959799 587.8356783919598
-13.25 -121.8467336683417 587.5693467336683
-13.25 -120.5150753768844 587.3030150753769
-13.25 -119.1834170854271 587.0366834170854
-13.25 -117.8517587939699 586.770351758794
-13.25 -116.5201005025126 586.5040201005024
-13.25 -115.1884422110553 586.237688442211
-13.25 -113.856783919598 585.9713567839196
-13.25 -112.5251256281407 585.7050251256281
-13.25 -111.1934673366834 585.4386934673366
-13.25 -109.8618090452261 585.1723618090452
-13.25 -108.5301507537689 584.9060301507537
-13.25 -107.1984924623115 584.5793969849245
-13.25 -105.8668341708543 584.0467336683417
-13.25 -104.535175879397 583.5140703517588
-13.25 -103.2035175879397 582.9814070351758
-13.25 -101.8718592964824 582.5743718592965
-13.25 -100.5402010050251 582.308040201005
-13.25 -99.20854271356784 582.0417085427136
-13.25 -97.87688442211055 581.7753768844221
-13.25 -96.54522613065326 581.3590452261307
-13.25 -95.21356783919597 581.0927135678392
-13.25 -93.8819095477387 580.8263819095478
-13.25 -92.5502512562814 580.5600502512563
-13.25 -91.21859296482413 580.2937185929649
-13.25 -89.88693467336682 580.0273869346734
-13.25 -88.55527638190955 579.761055276382
-13.25 -87.22361809045225 579.4947236180905
-13.25 -85.89195979899498 579.0567839195979
-13.25 -84.56030150753769 578.524120603015
-13.25 -83.2286432160804 577.9914572864321
-13.25 -81.89698492462311 577.5793969849246
-13.25 -80.56532663316582 577.3130653266331
-13.25 -79.23366834170854 577.0467336683416
-13.25 -77.90201005025125 576.7804020100502
-13.25 -76.57035175879398 576.5140703517588
-13.25 -75.23869346733667 576.2477386934673
-13.25 -73.9070351758794 575.9814070351758
-13.25 -72.5753768844221 575.5801507537687
-13.25 -71.24371859296483 575.298743718593
-13.25 -69.91206030150752 575.0324120603016
-13.25 -68.58040201005025 574.7660804020101
-13.25 -67.24874371859296 574.4997487437186
-13.25 -65.91708542713567 574.0668341708542
-13.25 -64.58542713567839 573.5341708542713
-13.25 -63.2537688442211 573.0015075376884
-13.25 -61.92211055276381 572.5844221105527
-13.25 -60.59045226130652 572.3180904522613
-13.25 -59.25879396984924 572.0517587939698
-13.25 -57.92713567839195 571.7854271356783
-13.25 -56.59547738693466 571.5190954773869
-13.25 -55.26381909547739 571.2527638190954
-13.25 -53.9321608040201 570.986432160804
-13.25 -52.60050251256281 570.7201005025125
-13.25 -51.26884422110552 570.7
-13.25 -49.93718592964824 570.7
-13.25 -48.60552763819095 570.6999999999999
-13.25 -47.27386934673366 570.5047738693468
-13.25 -45.94221105527637 570.2384422110553
-13.25 -44.61055276381909 569.9721105527638
-13.25 -43.2788944723618 569.7057788944724
-13.25 -41.94723618090451 569.55
-13.25 -40.61557788944722 569.3231155778894
-13.25 -39.28391959798994 569.0567839195979
-13.25 -37.95226130653266 568.7904522613065
-13.25 -36.62060301507537 568.524120603015
-13.25 -35.28894472361809 568.2577889447236
-13.25 -33.9572864321608 567.9914572864321
-13.25 -32.62562814070351 567.7251256281406
-13.25 -31.29396984924622 567.4587939698492
-13.25 -29.96231155778894 567.1924623115578
-13.25 -28.63065326633165 566.9261306532663
-13.25 -27.29899497487436 566.6597989949748
-13.25 -25.96733668341707 566.3934673366834
-13.25 -24.63567839195979 566.1271356783921
-13.25 -23.3040201005025 565.8608040201004
-13.25 -21.97236180904521 565.594472361809
-13.25 -20.64070351758794 565.1062814070352
-13.25 -19.30904522613065 564.5736180904523
-13.25 -17.97738693467336 564.0409547738693
-13.25 -16.64572864321607 563.6791457286432
-13.25 -15.31407035175879 563.4128140703517
-13.25 -13.9824120603015 563.1464824120603
-13.25 -12.65075376884421 562.8801507537689
-13.25 -11.31909547738692 562.5276381909548
-13.25 -9.987437185929636 561.9949748743718
-13.25 -8.655778894472348 561.462311557789
-13.25 -7.324120603015061 560.964824120603
-13.25 -5.992462311557773 560.6984924623116
-13.25 -4.6608040201005 560.4321608040201
-13.25 -3.329145728643198 560.1658291457286
-13.25 -1.997487437185924 560
-13.25 -0.6658291457286225 560
-13.25 0.6658291457286509 560
-13.25 1.997487437185953 560.0000000000001
-13.25 3.329145728643226 559.8341708542713
-13.25 4.6608040201005 559.5678391959799
-13.25 5.992462311557802 559.3015075376884
-13.25 7.324120603015075 559.035175879397
-13.25 8.655778894472377 558.5376884422111
-13.25 9.98743718592965 558.0050251256282
-13.25 11.31909547738695 557.4723618090452
-13.25 12.65075376884423 556.9095477386935
-13.25 13.98241206030153 556.1105527638191
-13.25 15.3140703517588 555.3115577889447
-13.25 16.6457286432161 554.5125628140704
-13.25 17.97738693467338 553.9045226130653
-13.25 19.30904522613068 553.4263819095477
-13.25 20.64070351758795 552.8937185929648
-13.25 21.97236180904522 552.3610552763819
-13.25 23.30402010050253 551.9891959798995
-13.25 24.6356783919598 551.7228643216081
-13.25 25.9673366834171 551.4565326633166
-13.25 27.29899497487438 551.0804020100502
-13.25 28.63065326633168 549.1909547738694
-13.25 29.96231155778895 547.0603015075376
-13.25 31.29396984924625 544.929648241206
-13.25 32.62562814070353 543.7241206030151
-13.25 33.95728643216083 541.8597989949749
-13.25 35.2889447236181 539.9954773869347
-13.25 36.6206030150754 538.1311557788944
-13.25 37.95226130653268 536.6881909547739
-13.25 39.28391959798995 535.209296482412
-13.25 40.61557788944725 533.6113065326633
-13.25 41.94723618090453 532.0133165829145
-13.25 43.27889447236183 530.1037688442211
-13.25 44.6105527638191 527.9731155778894
-13.25 45.9422110552764 525.8424623115577
-13.25 47.27386934673368 524.130904522613
-13.25 48.60552763819098 523.0022613065327
-13.25 49.93718592964825 521.1379396984925
-13.25 51.26884422110555 519.2736180904521
-13.25 52.60050251256283 517.5298994974875
-13.25 53.93216080402013 516.9907035175879
-13.25 55.2638190954774 516.1917085427135
-13.25 56.59547738693468 515.3927135678391
-13.25 57.92713567839198 513.8248743718592
-13.25 59.25879396984925 510.6288944723618
-13.25 60.59045226130655 507.4329145728643
-13.25 61.92211055276383 504.512311557789
-13.25 63.25376884422113 503.1123115577888
-13.25 64.5854271356784 489.795728643216
-13.25 65.9170854271357 476.4791457286429
-13.25 67.24874371859298 463.1625628140703
-13.25 68.58040201005028 459.5695979899497
-13.25 69.91206030150755 458.2379396984924
-13.25 71.24371859296485 456.9062814070352
-13.25 72.57537688442213 445.3746231155778
-13.25 73.9070351758794 444.1743718592965
-13.25 75.2386934673367 443.1090452261306
-13.25 76.57035175879398 442.0437185929649
-13.25 77.90201005025128 440.8979899497486
-13.25 79.23366834170855 439.5663316582915
-13.25 80.56532663316585 438.2346733668342
-13.25 81.89698492462313 436.9030150753769
-13.25 83.22864321608043 435.5713567839196
-13.25 84.5603015075377 434.2396984924623
-13.25 85.891959798995 432.908040201005
-13.25 87.22361809045228 431.5763819095477
-13.25 88.55527638190958 430.4557788944724
-13.25 89.88693467336685 429.3904522613065
-13.25 91.21859296482413 428.3251256281407
-13.25 92.55025125628143 427.2597989949749
-13.25 93.8819095477387 426.1944723618091
-13.25 95.213567839196 425.1291457286432
-13.25 96.54522613065328 424.0638190954774
-13.25 97.87688442211058 422.9984924623116
-13.25 99.20854271356785 421.9331658291457
-13.25 100.5402010050252 420.8678391959799
-13.25 101.8718592964824 419.8025125628141
-13.25 103.2035175879397 418.8778894472362
-13.25 104.535175879397 418.0788944723618
-13.25 105.8668341708543 417.2798994974875
-13.25 107.1984924623116 416.3912060301508
-13.25 108.5301507537689 415.5319095477387
-13.25 109.8618090452262 414.7329145728643
-13.25 111.1934673366834 413.9339195979899
-13.25 112.5251256281407 413.1298994974874
-13.25 113.856783919598 412.1859296482412
-13.25 115.1884422110553 411.3869346733668
-13.25 116.5201005025126 410.5879396984924
-13.25 117.8517587939699 409.7889447236181
-13.25 119.1834170854272 408.8032663316583
-13.25 120.5150753768845 407.7379396984924
-13.25 121.8467336683417 406.6726130653266
-13.25 123.178391959799 405.7429648241206
-13.25 124.5100502512563 404.9439698492462
-13.25 125.8417085427136 404.1449748743718
-13.25 127.1733668341708 403.3459798994975
-13.25 128.5050251256282 402.5469849246231
-13.25 129.8366834170855 401.7479899497487
-13.25 131.1683417085428 400.9489949748743
-13.25 132.5 254.5
-13.25 -132.5 254.5
-13.25 63.58033608381274 499.8466391618726
-13.25 63.91109882861048 496.5390117138952
-13.25 64.246110981499 493.1888901850101
-13.25 64.91230150584305 486.5269849415694
-13.25 65.24317007235793 483.2182992764207
-13.25 65.5780815479666 479.869184520334
-13.25 66.35413433902487 472.1086566097513
-13.25 66.79798524638068 467.6701475361932
-13.25 71.68204284972636 453.1105587488604
-13.25 72.12590563562443 449.266874518374
-13.25 131.2159009332376 395.718673725774
-13.25 131.2634601579321 390.488352476715
-13.25 131.3110193826272 385.258031227591
-13.25 131.358578607322 380.0277099785066
-13.25 131.4061378320168 374.7973887294094
-13.25 131.4536970567119 369.5670674802901
-13.25 131.5012562814062 364.3367462312501
-13.25 131.5488155061013 359.1064249821261
-13.25 131.5963747307959 353.8761037330607
-13.25 131.6439339554907 348.6457824839667
-13.25 131.6914931801856 343.4154612348601
-13.25 131.73905240488 338.185139985817
-13.25 131.786611629575 332.9548187367056
-13.25 131.8341708542696 327.724497487637
-13.25 131.8817300789646 322.4941762385241
-13.25 131.9292893036596 317.2638549894016
-13.25 131.9768485283544 312.0335337403172
-13.25 132.0244077530494 306.8032124911963
-13.25 132.0719669777445 301.5728912420723
-13.25 132.1195262024396 296.3425699929481
-13.25 132.1670854271347 291.1122487438241
-13.25 132.2146446518298 285.8819274947
-13.25 132.2622038765249 280.6516062455759
-13.25 132.3097631012199 275.4212849964708
-13.25 132.3573223259149 270.1909637473499
-13.25 132.40488155061 264.960642498226
-13.25 132.4524407753051 259.7303212491018
-13.25 127.1999999999921 254.5
-13.25 121.9000000000071 254.5
-13.25 116.6000000000246 254.5
-13.25 111.300000000042 254.5
-13.25 106.0000000000595 254.5
-13.25 100.7000000000759 254.5
-13.25 95.40000000008877 254.5
-13.25 90.10000000010621 254.5
-13.25 84.80000000012365 254.5
-13.25 79.50000000014107 254.5
-13.25 74.2000000001585 254.5
-13.25 68.90000000017592 254.5
-13.25 63.60000000019335 254.5
-13.25 58.30000000021077 254.5
-13.25 53.00000000022821 254.5
-13.25 47.70000000024564 254.5
-13.25 42.40000000026308 254.5
-13.25 37.1000000002805 254.5
-13.25 31.80000000029793 254.5
-13.25 26.50000000031535 254.5
-13.25 21.20000000033276 254.5
-13.25 15.90000000035022 254.5
-13.25 10.60000000036764 254.5
-13.25 5.300000000382624 254.5
-13.25 3.747686605493072e-10 254.5
-13.25 -5.299999999636185 254.5
-13.25 -10.59999999964717 254.5
-13.25 -15.89999999965815 254.5
-13.25 -21.1999999996691 254.5
-13.25 -26.49999999968009 254.5
-13.25 -31.79999999969101 254.5
-13.25 -37.09999999970199 254.5
-13.25 -42.39999999971303 254.5
-13.25 -47.69999999972401 254.5
-13.25 -52.99999999973505 254.5
-13.25 -58.29999999974603 254.5
-13.25 -63.59999999975707 254.5
-13.25 -68.89999999976806 254.5
-13.25 -74.1999999997791 254.5
-13.25 -79.49999999979008 254.5
-13.25 -84.79999999980109 254.5
-13.25 -90.09999999981213 254.5
-13.25 -95.39999999982311 254.5
-13.25 -100.6999999998341 254.5
-13.25 -105.9999999998451 254.5
-13.25 -111.2999999998562 254.5
-13.25 -116.5999999998672 254.5
-13.25 -121.8999999998782 254.5
-13.25 -127.1999999999322 254.5
-13.25 -132.5 259.7624070558342
-13.25 -132.5 265.0248141116462
-13.25 -132.5 270.2872211674696
-13.25 -132.5 275.5496282232929
-13.25 -132.5 280.8120352791272
-13.25 -132.5 286.0744423349608
-13.25 -132.5 291.3368493907847
-13.25 -132.5 296.5992564466071
-13.25 -132.5 301.8616635024191
-13.25 -132.5 307.1240705582311
-13.25 -132.5 312.3864776140431
-13.25 -132.5 317.6488846698551
-13.25 -132.5 322.9112917256671
-13.25 -132.5 328.1736987814791
-13.25 -132.5 333.4361058372911
-13.25 -132.5 338.6985128931031
-13.25 -132.5 343.9609199489151
-13.25 -132.5 349.2233270047271
-13.25 -132.5 354.4857340605391
-13.25 -132.5 359.7481411163511
-13.25 -132.5 365.0105481721631
-13.25 -132.5 370.2729552279751
-13.25 -132.5 375.5353622837871
-13.25 -132.5 380.7977693395991
-13.25 -132.5 386.0601763954111
-13.25 -132.5 391.3225834512231
-13.25 -132.5 396.5849905070351
-13.25 -132.5 401.8473975628471
-13.25 -132.5 407.1098046186592
-13.25 -132.5 412.3722116744711
-13.25 -132.5 417.6346187302831
-13.25 -132.5 422.8960769760341
-13.25 -132.5 428.1049905336888
-13.25 -132.5 433.2327689678787
-13.25 -132.5 438.2806708459565
-13.25 -132.5 443.2499438420442
-13.25 -132.5 448.1418111252427
-13.25 -132.5 452.9574799417072
-13.25 -132.5 457.6981363936947
-13.25 -132.5 462.3649486474638
-13.25 -132.5 466.959066867186
-13.25 -132.5 471.481624569181
-13.25 -132.5 475.9337351580788
-13.25 -132.5 480.3164969109993
-13.25 -132.5 484.6309895663977
-13.25 -132.5 488.878277041988
-13.25 -132.5 493.0594047890967
-13.25 -132.5 497.1754046965096
-13.25 -132.5 501.2272909635058
-13.25 -132.5 505.2160619620985
-13.25 -132.5 509.1427012217052
-13.25 -132.5 513.0081762375896
-13.25 -132.5 516.813439904659
-13.25 -132.5 520.5594301070753
-13.25 -132.5 524.2470699067682
-13.25 -132.5 527.877269067758
-13.25 -132.5 531.4509205875206
-13.25 -132.5 534.9689069203744
-13.25 -132.5 538.4320953034285
-13.25 -132.5 541.8413371843744
-13.25 -132.5 545.1974749443425
-13.25 -132.5 548.5013356026687
-13.25 -132.5 551.7537320450513
-13.25 -132.5 554.9554678000575
-13.25 -132.5 558.1073306325975
-13.25 -132.5 561.2100972470843
-13.25 -132.5 564.2645332344596
-13.25 -132.5 567.2713918301465
-13.25 -132.5 570.2314127448235
-13.25 -132.5 573.1453260912299
-13.25 -132.5 576.0138505702223
-13.25 -132.5 578.837692895868
-13.25 -132.5 581.6175490330202
-13.25 -132.5 584.3541042526198
-13.25 -132.5 587.0480332032331
-13.25 -38.84874043417373 567.7703681808898
-13.25 -6.888941439198911 559.6784083818949
-13.25 -26.8638158110581 565.3733832562667
-13.25 45.27034119363621 523.9459017466427
-13.25 73.6502643939583 442.4884586331512
-13.25 85.44827109592542 431.1326932064778
-13.25 97.62011364018953 421.3125792361662
-13.25 -17.62240675468467 562.7159533634617
-13.25 -76.13517259497762 575.2276546130507
-13.25 -53.49475498871362 569.7111496795471
-13.25 16.7937944120376 553.0745981277796
-13.25 65.58087375487744 460.5011429698382
-13.25 -128.5523635268615 464.6620077573248
-13.25 -127.9426218046123 372.904158755881
-13.25 -13.24999999965266 259.0899346400669
-13.25 62.82944440136139 477.8823512158693
-13.25 -127.9426218046123 404.478601090753
-13.25 -62.94430360788798 571.6551764387016
-13.25 18.55000000034149 259.0899346400423
-13.25 -128.9072383363709 490.9688409155423
-13.25 -128.1624360424107 435.7567199069174
-13.25 -84.34929366236472 577.1207356933344
-13.25 127.0905632714867 351.2197556117436
-13.25 104.5090550793884 416.5261470753623
-13.25 34.45563452444674 537.9925027651288
-13.25 -1.331658291457273 558.8467500904376
-13.25 -129.2302111592999 514.9108080711242
-13.25 -93.44673038392244 579.5399661708396
-13.25 -101.4366801326666 581.2879561205884
-13.25 118.9397894161752 407.1337819963495
-13.25 -45.04999999971852 259.0899346400669
-13.25 -129.4770626738831 533.2099137539474
-13.25 -127.9426218046123 341.329716421009
-13.25 50.35000000023692 259.0899346400423
-13.25 111.1635746279217 412.3796202262382
-13.25 61.19571503206333 494.5756619621533
-13.25 127.3283593949509 325.0681493663104
-13.25 -109.4266298814091 583.885946070337
-13.25 -45.50703189146076 568.9520264723471
-13.25 8.862348643865118 557.1232082930808
-13.25 -129.7052787788391 550.1275338238598
-13.25 -71.54999999977358 259.0899346400669
-13.25 -70.80853942914898 574.012327979885
-13.25 90.96182218290325 426.6392124019953
-13.25 -127.9426218046123 315.0176811419489
-13.25 76.85000000014978 259.0899346400424
-13.25 80.07790586933243 436.4155943115431
-13.25 126.8527671480032 377.3713618571879
-13.25 50.68520835609155 517.4475564082442
-13.25 -32.19044897688803 566.4387098894326
-13.25 -114.7532630472391 584.9512727035029
-13.25 127.5185962937034 304.1468643698639
-13.25 -129.8753824556235 562.7373152407721
-13.25 39.89750714370182 531.6590616482258
-13.25 123.152271159791 404.1902174271207
-13.25 -12.28804911829936 561.558805502674
-13.25 22.31901321061471 551.0321242470301
-13.25 -92.7499999998176 259.0899346400669
-13.25 69.84358001797557 447.0312372128523
-13.25 -127.9426218046078 293.9680529186959
-13.25 98.05000000008233 259.0899346400428
-13.25 -58.8236148060336 570.7653430552618
-13.25 -21.72033195000899 564.2216397668401
-13.25 -129.9961309737003 571.6883694180254
-13.25 -129.0725268175117 503.221676462802
-13.25 -128.7339783696098 478.125116034539
-13.25 -128.3619897753467 450.5496455334749
-13.25 3.765690974106884 558.5545855238098
-13.25 -127.9661960155912 420.2653478531583
-13.25 2.650000000378697 259.0899346400544
-13.25 -29.14999999968555 259.0899346400669
-13.25 -127.9426218046123 388.6913799233168
-13.25 -127.9426218046123 357.1169375884451
-13.25 34.45000000028922 259.0899346400424
-13.25 -120.0798962130687 586.0165993366688
-13.25 29.04595861071993 545.0061110663719
-13.25 127.6612739677873 288.4559006224916
-13.25 -80.1301474693488 576.0266495879248
-13.25 -89.45175550955105 578.7409711959654
-13.25 57.25772708669182 507.9196978439102
-13.25 -108.6499999998506 259.0899346400669
-13.25 -97.56199785316495 580.4447031150538
-13.25 -105.6623049889527 582.6271521004888
-13.25 115.1623214110465 409.8341872763675
-13.25 -66.95217612644127 573.1474317741943
-13.25 -124.0748710874384 586.8155943115428
-13.25 12.64852834784459 555.3966259733752
-13.25 53.93194706999765 515.4811345638999
-13.25 -127.9426218045981 278.1808317512098
-13.25 -49.27135678391849 569.5467500904375
-13.25 113.9500000000333 259.0899346400423
-13.25 62.76165168442648 469.5079612621441
-13.25 -42.74797380661614 568.4746395376733
-13.25 101.7537887371122 418.2112150167034
-13.25 -130.111323813664 580.2276209644407
-13.25 61.91804923667443 487.8782752839841
-13.25 25.07085755578139 550.4364485828989
-13.25 126.7100894739462 393.0623256044739
-13.25 77.45333577597407 439.1176573840143
-13.25 126.9478855974368 366.9107193589999
-13.25 -129.7916660038083 556.5313992163269
-13.25 127.803951641882 272.7649368751399
-13.25 -129.6161360902965 543.5194060643586
-13.25 -129.3806411526993 526.0621694872625
-13.25 82.74122245224665 433.7522777286288
-13.25 127.1856817209079 340.759113113569
-13.25 19.51668513579412 552.0145771611052
-13.25 60.95000000020205 259.0899346400423
-13.25 -55.64999999974054 259.0899346400669
-13.25 87.45000000011494 259.0899346400423
-13.25 -127.9426218046123 330.8049023093851
-13.25 -82.14999999979557 259.089934640067
-13.25 -127.9426218046123 304.4928670303247
-13.25 127.4234778443464 314.6075068680893
-13.25 31.8512517386059 541.7632415505503
-13.25 -4.224258774638483 559.1525754735588
-13.25 -56.16029822311485 570.232679738678
-13.25 -29.52713239396924 565.906046572849
-13.25 -34.85376555980815 566.9713732060168
-13.25 88.29850559998982 428.769865668326
-13.25 93.62513876581818 424.5085591356633
-13.25 -112.0899464643252 584.41860938692
-13.25 -117.4165796301551 585.4839360200862
-13.25 -119.2499999998726 259.089934640067
-13.25 107.1276311127908 414.8199029278831
-13.25 -126.7381876703522 587.3482576281256
-13.25 37.34587470585533 534.8031875758936
-13.25 -14.8788911879438 562.1263983316438
-13.25 66.48845430311032 458.128568965347
-13.25 63.87342481849902 458.4881173015657
-13.25 64.86830296122574 456.0345072023399
-13.25 62.28848934579592 456.4169609348809
-13.25 61.27342476162391 458.8357384453891
-13.25 59.67785910727913 456.7437632458703
-13.25 58.64557271535774 459.1855587843338
-13.25 57.05484482308044 457.0739663112821
-13.25 56.01545015606793 459.5119429347828
-13.25 54.41384000495314 457.388567080775
-13.25 53.36591319894894 459.8447079693728
-13.25 51.75185724178571 457.7044391207909
-13.25 50.69542868031645 460.1798750946404
-13.25 49.0693711567913 458.0227900599593
-13.25 48.00470210684758 460.5167819474186
-13.25 46.36668975336786 458.3432789205071
-13.25 45.29390382342378 460.8557376000427
-13.25 43.644079867364 458.6660231559061
-13.25 42.56329896602139 461.1967104122058
-13.25 40.90177996585813 458.9909970583921
-13.25 39.81310440580187 461.539725120393
-13.25 38.14003953697486 459.3182094074994
-13.25 37.04357298714257 461.8847448095426
-13.25 35.35908432534062 459.6476212151874
-13.25 36.46108745375726 457.0475605892988
-13.25 34.25491863495906 462.2317728529715
-13.25 33.64671252243797 457.3882884511787
-13.25 34.7569242297703 454.7649371864921
-13.25 31.91361227564195 455.1082357525542
-13.25 33.03581108365933 452.4563834256621
-13.25 30.16106889181039 452.8032327557706
-13.25 31.29582366458185 450.121676067403
-13.25 28.38239979608085 450.4696775464651
-13.25 29.53471405005078 447.7472983643033
-13.25 26.57648342515986 448.1002164906203
-13.25 27.74680502826767 445.335386528893
-13.25 24.7424130252804 445.6937679969756
-13.25 25.93102241195641 442.8857105337402
-13.25 22.87966136499371 443.2497034812806
-13.25 21.6785481389118 446.0970191571874
-13.25 24.08684350221838 440.3977278886532
-13.25 19.80557289912011 443.6299252686717
-13.25 18.59549924120195 446.4931046086629
-13.25 16.70868541323435 444.0083769820969
-13.25 15.48922658721805 446.8931441488249
-13.25 13.58806368866527 444.3893474206412
-13.25 12.35915965963937 447.2961552598679
-13.25 10.4433514523194 444.7730394249593
-13.25 9.204893449686171 447.7023006207434
-13.25 7.274275196283829 445.1596238784365
-13.25 6.026164703753791 448.1115802566788
-13.25 4.078063720484989 445.5480740802983
-13.25 2.819315599878506 448.526611522677
-13.25 5.335969192843262 442.5546433473957
-13.25 2.089671881756636 442.9514929218529
-13.25 3.36565169319752 439.9131676845754
-13.25 0.0709378071466733 440.3166083515675
-13.25 1.365496633113614 437.2337484841927
-13.25 -1.977435303496458 437.6432162410937
-13.25 -0.6640171270486742 434.5153476882769
-13.25 -4.055728606828533 434.9308315764928
-13.25 -2.723135625195232 431.7576738790902
-13.25 -6.163778168422041 432.179143889649
-13.25 -4.811957125309275 428.9601816520521
-13.25 -8.302239429079696 429.3877517332177
-13.25 -6.930933223199455 426.1223277823185
-13.25 -9.668655185048257 432.6493753307027
-13.25 -10.47157795368727 426.5560935273669
-13.25 -9.080507802110452 423.2435366253125
-13.25 -12.67224313132075 423.683589108108
-13.25 -11.26112437664541 420.3232186880094
-13.25 -14.90468785784729 420.7696492299784
-13.25 -13.47323153635084 417.3607750285781
-13.25 -9.791250576415631 416.918507990507
-13.25 -12.01653429042836 413.9403066078102
-13.25 -8.316575302208516 413.4961885757618
-13.25 -10.55295784645262 410.499113633577
-13.25 -6.828572331332309 410.0529392024366
-13.25 -9.078953901950138 407.0356686306086
-13.25 -5.329274061468176 406.5868719721705
-13.25 -7.594720174624471 403.547769694589
-13.25 -3.817532658580093 403.0960506411029
-13.25 -6.100741392094812 400.0222159274299
-13.25 -2.277374342441073 399.567151102672
-13.25 -4.5861410483044 396.4584670734602
-13.25 -0.7197845826308371 395.9986728262079
-13.25 -3.054085948942626 392.8555720710867
-13.25 0.8549975232211757 392.3907583755937
-13.25 -1.505032797984423 389.2130059667875
-13.25 2.447131776022208 388.7430821676361
-13.25 -5.44749888789101 389.6870775898632
-13.25 -3.890654894906965 386.0039068360607
-13.25 -7.883704215366482 386.4866974207754
-13.25 -6.30854274798664 382.7603045660288
-13.25 -15.72959469021452 414.3794221027646
-13.25 -10.34785262999586 383.2489818118661
-13.25 -8.754635742019968 379.4797902183297
-13.25 -12.8403037561972 379.9741183349487
-13.25 -11.22883140773705 376.1617099137347
-13.25 -15.36134046672539 376.661715752844
-13.25 -13.73140110202001 372.8056022041105
-13.25 -9.560774066269261 372.3067720252236
-13.25 -17.91128185736403 373.3113458263132
-13.25 -16.26266341875375 369.4110269708764
-13.25 -20.48945037746371 369.9229994846392
-13.25 -18.82253431444923 365.9809463589013
-13.25 -23.09390085567124 366.4982368265864
-13.25 -21.40933688432697 362.51461307224
-13.25 -25.7257030452557 363.0373311303322
-13.25 -27.42088649587963 367.0575253338007
-13.25 27.17537237779016 440.03587927627
-13.25 -30.06980905215414 363.5730633519067
-13.25 -31.7751619244978 367.6185891086549
-13.25 -28.36456207195911 359.5199949179968
-13.25 -32.75127457130549 360.0596323038147
-13.25 -31.02849939060452 355.9644599355166
-13.25 -35.46119997647764 356.5096504112871
-13.25 -33.72030102400986 352.3713723907527
-13.25 -38.19861073557597 352.9227496476593
-13.25 4.780883913667473 451.0863886115628
-13.25 1.589798492040796 451.5002635372481
-13.25 3.542551500099426 454.0475121853603
-13.25 0.3664898224441271 454.4601943170023
-13.25 2.309136703546713 456.9830298638681
-13.25 -0.8288726209185069 457.3900147653317
-13.25 1.089290212024182 459.8786654173567
-13.25 -2.004493153620816 460.2796919349158
-13.25 -0.1136642467302309 462.732537534111
-13.25 -3.162459972457352 463.1275515314923
-13.25 -1.29930671207292 465.5446253194961
-13.25 -4.303538361053164 465.9337533271917
-13.25 -2.46771691557107 468.3155368701692
-13.25 -5.428004979279873 468.6988604102985
-13.25 -3.619133708591172 471.0458565087519
-13.25 -6.536343452437378 471.4236389502146
-13.25 -4.753753798637666 473.7365356868299
-13.25 -7.628636182780235 474.1088726728227
-13.25 -5.871877855679632 476.3882105382747
-13.25 -8.703348478059235 476.7538514307802
-13.25 -6.974109409155151 478.9987591138683
-13.25 -9.763309796327043 479.3587984843436
-13.25 -11.48297464109853 477.140936980408
-13.25 -12.54833053873473 479.7426023632947
-13.25 -14.27629692184787 477.5160584765059
-13.25 -15.35039935778542 480.1334313863243
-13.25 -10.82574636041045 481.945836194378
-13.25 -17.09234334748055 477.8895039900654
-13.25 -18.17557732653236 480.5285031130201
-13.25 -19.93208864498861 478.265687333749
-13.25 -21.02453435520142 480.9268526576531
-13.25 -22.79565962180444 478.6449660718557
-13.25 -23.89734499169772 481.3283458606661
-13.25 -25.6832924734897 479.0272660394449
-13.25 -26.79495903142022 481.733676485519
-13.25 -24.99728230013636 484.0249993197299
-13.25 -27.86635989086162 484.425105769602
-13.25 -26.08862232804522 486.6860573427161
-13.25 -28.91753155991473 487.0809936097301
-13.25 -27.16455078419586 489.3083718593708
-13.25 -29.95067854441582 489.6975965763653
-13.25 -28.2240573302265 491.8906366652243
-13.25 -30.96705763553267 492.2740312495847
-13.25 -29.26701984812258 494.4328596799994
-13.25 -31.96720561503092 494.8104179379849
-13.25 -32.68605100088194 490.1072113362169
-13.25 -30.29358560221647 496.9354098136801
-13.25 -32.95144444078109 497.3071517214779
-13.25 -31.30397743217992 499.3987424403865
-13.25 -33.92007582873727 499.7647252078253
-13.25 -32.2984267502197 501.8233916748166
-13.25 -34.87337317146711 502.1836893845502
-13.25 -33.27717282442298 504.2099265643204
-13.25 -35.81159198732523 504.5646206871318
-13.25 -37.4001265435348 502.5633293386028
-13.25 -38.34670140076312 504.9457767634794
-13.25 -39.94916513789529 502.9298322858138
-13.25 -40.90527234314498 505.3347041768118
-13.25 -42.52311268660252 503.2990016815272
-13.25 -43.48875858551409 505.7271594881399
-13.25 -30.7439404535329 503.8548699112762
-13.25 -45.12225864061105 503.6714472179439
-13.25 -46.09748481633695 506.1232347413107
-13.25 -34.24045746718551 506.5589284098263
-13.25 -47.74705316032189 504.0472529296845
-13.25 -48.73199324251118 506.5232447969325
-13.25 -47.07069465467784 508.5891523168392
-13.25 -49.67620653045321 508.9834534908205
-13.25 -48.03559100555024 511.0188531075845
-13.25 -50.60054626553343 511.4074106976807
-13.25 -50.39719469182418 504.4269354079168
-13.25 -48.98533046317404 513.4096107442909
-13.25 -51.508042805596 513.7921206159519
-13.25 -49.91918202919025 515.7608096996988
-13.25 -52.39931752858212 516.1369393707764
-13.25 -50.83724270969185 518.0721347424853
-13.25 -53.27517533846041 518.4419701331472
-13.25 -54.8293620905908 516.5324973677439
-13.25 -55.71355311063088 518.8394112974248
-13.25 -57.28159825075349 516.9155101955025
-13.25 -58.17497744087033 519.2446004998799
-13.25 -59.75888015893648 517.3011723165145
-13.25 -60.66155114002723 519.6540112439852
-13.25 -51.73959717261447 520.3441387005756
-13.25 -62.26185077337714 517.6904781922751
-13.25 -63.17397704127938 520.0677673389267
-13.25 -64.79035891771984 518.0839601176655
-13.25 -65.71188516427307 520.4852161486682
-13.25 -64.08397452732163 522.4587923933311
-13.25 -66.5913262844043 522.8688077045834
-13.25 -64.98657776102938 524.8107018565996
-13.25 -67.45219877870916 525.2142338030008
-13.25 -68.21877587739421 520.9143164763957
-13.25 -65.8740328231593 527.1226245486772
-13.25 -68.29673570723065 527.5193701853079
-13.25 -4.183636180838253 478.6389912478702
-13.25 -66.74588923759958 529.3941029201371
-13.25 -69.12581481947591 529.784038708504
-13.25 -67.60220166401899 531.6254651684951
-13.25 -69.93985482088308 532.0086218627779
-13.25 -28.59700210584788 479.4119661735349
-13.25 -68.4433163884993 533.8164256518843
-13.25 -70.73805074516271 534.1927204971561
-13.25 -72.22819731464764 532.4102319931214
-13.25 -73.03597221884824 534.5996452916414
-13.25 -74.54204733871016 532.8002659181238
-13.25 -75.35985087934203 535.0147448781355
-13.25 -76.88369775585348 533.1937444118797
-13.25 -77.71155969930565 535.4346064615643
-13.25 -36.44000245249739 348.7440411603966
-13.25 -40.96137993516902 349.300629870175
-13.25 4.825541172679692 391.952512774603
-13.25 6.406856698546262 388.2946509346119
-13.25 8.786656424717759 391.4941895677827
-13.25 10.37019517095713 387.831551444239
-13.25 12.75586552556317 391.0366341028977
-13.25 14.34168335492064 387.3658309501741
-13.25 16.73290165891236 390.576802259978
-13.25 18.3101041291273 386.9063969079403
-13.25 20.69909703703495 390.1070371449416
-13.25 22.27300762500404 386.4403477066726
-13.25 24.66078363807906 389.6364321129996
-13.25 26.23239340630195 385.9723026570361
-13.25 28.61881112096607 389.1649896237054
-13.25 30.18944780089777 385.5027718408923
-13.25 32.57492899293594 388.6937600035555
-13.25 34.14497347053956 385.0328957312952
-13.25 31.75261274619061 381.7776529466928
-13.25 35.79210643757628 381.315651049451
-13.25 33.36840711659673 378.0147109275196
-13.25 37.4612116828422 377.5498537814087
-13.25 35.00909435535259 374.2101905837512
-13.25 39.14911874636902 373.7404693508557
-13.25 36.66926229373684 370.3630486775017
-13.25 41.62317099864705 377.1153427730453
-13.25 40.85595467838843 369.8881102362562
-13.25 38.34825871658457 366.4729902499342
-13.25 42.58159205400509 365.9927373912129
-13.25 40.04593169106489 362.5395178222278
-13.25 44.3264880892829 362.0539165672575
-13.25 41.76254820649819 358.5621557368042
-13.25 46.0908711900484 358.0711515424923
-13.25 43.49833397336416 354.5404160490152
-13.25 47.87495905101043 354.0439494549828
-13.25 45.25355720177269 350.4742631586063
-13.25 -79.25347329703635 533.5916100799701
-13.25 -80.09143940063979 535.859188016659
-13.25 48.67732617809627 361.5991603175044
-13.25 -31.92680714422378 348.193391180372
-13.25 -76.1750637328264 537.24468407913
-13.25 -42.72987545410606 353.514258505689
-13.25 49.67832466701224 349.9722891720457
-13.25 47.02803645288878 346.3632643828102
-13.25 42.56751647666356 346.8763863129451
-13.25 -39.18578571506787 345.0817319659409
-13.25 -43.75060588276655 345.6436438511413
-13.25 44.3506835948336 342.7332896913678
-13.25 48.84950657418154 342.2174543406334
-13.25 39.85327335246235 343.252909055588
-13.25 52.80649203551216 455.2175332010498
-13.25 -81.6521028864594 533.9938357936177
-13.25 -82.5003835173025 536.2891048958213
-13.25 -41.95793436579122 341.3841842572631
-13.25 -46.56663887962013 341.951495728231
-13.25 -27.47775451172346 476.6625870657249
-13.25 -30.44948386702312 477.0553300648014
-13.25 41.64976582600709 339.0791078379974
-13.25 37.11960518944902 339.6027555404792
-13.25 -29.30843801668884 474.2498522697882
-13.25 -32.34194900882284 474.6508429737317
-13.25 -31.17725931792599 471.7869554796589
-13.25 -34.27351868108752 472.196537025444
-13.25 -33.08493225771629 469.2737547044727
-13.25 -36.24437290833002 469.6919961928191
-13.25 -35.03172916053036 466.7099399719423
-13.25 -38.25497395525063 467.1368046383149
-13.25 -37.01795659994259 464.0947386725286
-13.25 -40.30506256126637 464.5306205800162
-13.25 -39.04389371155078 461.4290151869894
-13.25 -42.3953317381771 461.8734695985463
-13.25 -41.10951106772664 458.7111880276615
-13.25 -44.5264339852839 459.1643828543087
-13.25 -45.82773476799273 462.3808095443881
-13.25 -47.97847641725635 459.6392099896222
-13.25 -46.66887608362532 456.3743734957235
-13.25 -50.18560710033945 456.8588060463414
-13.25 -51.51090176427258 460.1770773030048
-13.25 -48.85213427155868 453.5320875774142
-13.25 -52.43507965560962 454.0265214999192
-13.25 -51.07709566291376 450.6380024078739
-13.25 -54.72657695841028 451.1418077144065
-13.25 -53.34350859246342 447.6905049947379
-13.25 -57.06028673763966 448.2038259497226
-13.25 -55.65186542973218 444.6891056997649
-13.25 -59.43602379461969 445.2122668914507
-13.25 -58.00241125199839 441.6344801287937
-13.25 -60.86244659624883 448.7841775180262
-13.25 -84.08476043620567 534.3991668540501
-13.25 -84.94493343525268 536.7293470822184
-13.25 -61.85448973411509 442.1670757304844
-13.25 -60.39518423624135 438.5250553301818
-13.25 -44.75673217493695 337.6510810075586
-13.25 -49.40974868993898 338.2238487281629
-13.25 38.9290416309473 335.399083104593
-13.25 34.36655848642985 335.9264643076783
-13.25 35.94812898084209 464.4600297198477
-13.25 -66.15255166844751 533.4389222785146
-13.25 -66.97620654834944 535.5799795945846
-13.25 -64.73916644337964 535.2116018351359
-13.25 -65.54353237279405 537.3035480493471
-13.25 -63.35740570632822 536.9435120490075
-13.25 -64.14300649666947 538.9904324237145
-13.25 -62.00279844831366 538.6376211049502
-13.25 -62.77152511684012 540.6422284343222
-13.25 -60.67523480377667 540.2964143992464
-13.25 -49.34484945494743 519.980049770355
-13.25 -61.42795061543036 542.2601847451833
-13.25 -59.37409553282376 541.9212864935628
-13.25 -86.55418088247785 534.8114482472346
-13.25 -87.42722193238909 537.1780724100502
-13.25 -85.79860206227336 539.0971730601805
-13.25 -88.26029667725351 539.5356543721026
-13.25 -86.65335777566979 541.4278438426867
-13.25 -89.07906762749366 541.8594341905558
-13.25 -85.68230397166535 532.4320637058991
-13.25 -87.49627364231364 543.7228440430339
-13.25 -89.8850551532031 544.1479692334876
-13.25 -47.58244157066073 333.8820842014932
-13.25 -42.89410307452284 333.3108720214245
-13.25 -52.27890761493151 334.4609040345413
-13.25 -54.1148041365842 338.836039223328
-13.25 -64.31638875544095 439.0672563713546
-13.25 -62.8307230466782 435.3614089431492
-13.25 -88.32629179439402 545.9828189241933
-13.25 -90.67855433023911 546.4016065540155
-13.25 36.18892250748748 331.692929728944
-13.25 31.59406455835838 332.2240247222913
-13.25 -57.00190538102245 335.051794760678
-13.25 -58.84743372345212 339.4532432434163
-13.25 -60.11148170035896 543.8454688447453
-13.25 -58.09884474960875 543.5133706981264
-13.25 -62.12359810318864 544.1771322088312
-13.25 -88.21825999238368 532.8522473932802
-13.25 -87.32117836736138 530.4036656945459
-13.25 -55.15430013641241 330.6487904209985
-13.25 -89.14509852664327 548.1992469935705
-13.25 -91.44670092183468 548.6097332112188
-13.25 -66.81864933846876 435.913382163447
-13.25 -65.30804405375802 432.1452052584117
-13.25 33.16807450631441 464.815092926454
-13.25 34.8662576220161 467.0503433652319
-13.25 32.07809787823709 467.4058832088767
-13.25 33.77993915920717 469.6415923578951
-13.25 33.4293207650055 327.9599115393694
-13.25 38.05740792246424 327.4251528019878
-13.25 28.80099673773567 328.4949003623955
-13.25 -59.91235764256378 331.2413481324546
-13.25 -92.97359150359672 546.8408980569517
-13.25 -93.75211950659114 549.0563749439749
-13.25 25.31851487712599 437.5486913720985
-13.25 28.40255104529707 437.1829755508502
-13.25 30.99544249708369 469.9955926957134
-13.25 32.69380315776986 472.2264115851906
-13.25 -58.82141966489089 545.3990101376985
-13.25 -56.84931969994678 545.0734519614355
-13.25 29.91671841428701 472.5787488178198
-13.25 31.60973080023614 474.8023806001033
-13.25 -58.04924629824667 326.8024100017919
-13.25 -92.21656163007424 550.8091932878203
-13.25 -94.48485902406269 551.247314478753
-13.25 -89.93074599838083 530.8362257835855
-13.25 -89.00773054015164 528.3167967131877
-13.25 -49.40583927255002 501.9077981119602
-13.25 -52.11694511649297 502.2955299249704
-13.25 28.84221655244441 475.1531676705785
-13.25 30.52898248838988 477.3683445842968
-13.25 27.78508493243081 477.707919669063
-13.25 29.44793473603397 479.8887245259546
-13.25 26.74898981432254 480.2222942096939
-13.25 28.38415216838791 482.3670542235157
-13.25 25.72954372113495 482.6952215115462
-13.25 27.3379469768129 484.8050021197441
-13.25 24.71876272828913 485.1337741475313
-13.25 26.31145478052688 487.2247225582331
-13.25 23.71410918627044 487.5510840632115
-13.25 25.29389882620135 489.6251695997527
-13.25 22.71739958149831 489.9489478348248
-13.25 24.28452971260884 492.006279598583
-13.25 21.72890367287095 492.327444694734
-13.25 23.28332915042721 494.367966837841
-13.25 20.74865066065083 494.6865050282863
-13.25 22.29030929248905 496.7100556711259
-13.25 19.77840026269731 497.0247361906351
-13.25 21.30505416578238 499.0282295236662
-13.25 18.81830958209285 499.3397201968441
-13.25 20.32958494261478 501.3227435694092
-13.25 17.86840569647322 501.6310365049589
-13.25 19.36409790663883 503.5932699804771
-13.25 16.9296833899267 503.8977226036827
-13.25 18.40849525779328 505.8372964950982
-13.25 16.00320339582645 506.1376503219546
-13.25 17.46375389689262 508.0528233661988
-13.25 15.08899094400573 508.349357115291
-13.25 16.53095189265495 510.2398662688066
-13.25 14.18691666294834 510.532575322337
-13.25 15.60962453922602 512.393766504993
-13.25 13.30487876682391 512.6811710491305
-13.25 11.89626785980096 510.8475662553312
-13.25 11.01970005958829 512.9788262689148
-13.25 12.41752892935201 514.7895406686137
-13.25 10.16880366038751 515.0806009307961
-13.25 11.54228130257234 516.8597279428699
-13.25 9.332882816980183 517.1456504991855
-13.25 10.68229496408361 518.8936499313281
-13.25 8.512773363963776 519.173610675505
-13.25 7.174426493466473 517.4525749488187
-13.25 6.355563503425649 519.4702500181927
-13.25 7.68871618352691 521.1730432536516
-13.25 5.563076049250213 521.4639784042223
-13.25 4.238664078225014 519.7831704687873
-13.25 3.447226452318463 521.7689896621107
-13.25 4.766947126288794 523.4325504351059
-13.25 2.681426676277631 523.731761567378
-13.25 3.980396917332291 525.3679559609971
-13.25 1.929786174070092 525.6622085528243
-13.25 0.640114958352985 524.0485078670039
-13.25 -0.1104955187131009 525.970600128459
-13.25 1.174346572973149 527.5676360457244
-13.25 -0.8364830269501089 527.8700256433326
-13.25 -2.113138489851607 526.2936155818297
-13.25 -2.838193823366649 528.1859561927987
-13.25 -4.113263081580994 526.6123362740075
-13.25 -4.837665827580022 528.5026938295373
-13.25 -6.111725028582606 526.9304846524117
-13.25 -6.835684862831792 528.8194839047624
-13.25 -1.56614391241875 529.7462577491659
-13.25 -8.109261037533944 527.2481566524397
-13.25 -8.832976937515246 529.1365221259032
-13.25 -10.10630023951954 527.5656563195798
-13.25 -10.82988999676964 529.4536912449761
-13.25 -9.384940502616278 525.6636003629217
-13.25 -9.558992611799521 531.010408299607
-13.25 -11.52802206345213 531.3207796056477
-13.25 -12.79243502328895 529.7839316675551
-13.25 -13.49023116533771 531.6465904728199
-13.25 -14.75390120011261 530.1111548324594
-13.25 -15.45146176663264 531.9729708483486
-13.25 -16.7147338427112 530.4380804127944
-13.25 -17.41360981253456 532.3005866378508
-13.25 -16.15105352698032 533.8226250582613
-13.25 -18.08714575365789 534.1439709191453
-13.25 -19.34426317335506 532.6399047682256
-13.25 -20.01891788459998 534.4811800237837
-13.25 -18.76336317655012 535.9720022284689
-13.25 -20.66906465722675 536.3028453224385
-13.25 -21.9188800747569 534.8299396765948
-13.25 -22.57003123650432 536.6491760807615
-13.25 23.79141202399935 498.7165048399355
-13.25 -23.82142459853947 535.1751204274136
-13.25 -24.47366396299693 536.9970466979026
-13.25 -21.32206177560545 538.1088754003637
-13.25 -25.72702627628406 535.5206378859516
-13.25 -26.38031765623627 537.3454446790331
-13.25 -69.36245986510809 432.7067290029714
-13.25 -67.82689993891121 428.876081020039
-13.25 -70.89135529956081 436.5319068223231
-13.25 30.64957232186179 324.1994996363584
-13.25 25.98712337942155 324.7384389377538
-13.25 -62.84621994098571 327.3994856343858
-13.25 -56.1265650504109 543.2141364844109
-13.25 -54.88316130343044 544.7676060479879
-13.25 -54.16408922561536 542.9177100057578
-13.25 -52.92696857566686 544.4632935742785
-13.25 -52.21130062864728 542.622554782399
-13.25 -50.97894043132854 544.1611819141031
-13.25 -50.26561798157997 542.3270060504721
-13.25 -49.03735896033974 543.8604793655164
-13.25 -51.69403433049557 545.9817654408506
-13.25 -27.63664309772087 535.8663284672957
-13.25 -26.9840061767777 534.0242685929051
-13.25 26.54353551657662 434.6926333217178
-13.25 29.63253811336383 434.325763175163
-13.25 -63.72270554051728 428.318754362099
-13.25 -66.25964433694655 425.0270085977283
-13.25 -70.40264557201786 425.5836836059741
-13.25 -68.81808026500244 421.6813759882265
-13.25 -64.62834513345571 421.1284931323897
-13.25 -67.20422528757308 417.7598308664121
-13.25 -62.98962300880834 417.2062614656139
-13.25 -65.57770054456168 413.82265364287
-13.25 -61.34529859727732 413.2669418447107
-13.25 -63.94408601626105 409.8693317598721
-13.25 -68.20888087325268 410.4211953305094
-13.25 -66.55894750011538 406.4167872850161
-13.25 -95.29815665825353 547.268563442249
-13.25 15.44024598510292 501.9531653762518
-13.25 -92.97700632000161 552.9630423456933
-13.25 -95.19521096742051 553.3920468193545
-13.25 19.83921478096515 507.7565725565341
-13.25 -91.68869275912157 528.7633941707746
-13.25 -90.7416790596593 526.1780773813141
-13.25 27.8696825039693 489.3011553524721
-13.25 -51.10192393641918 499.7205914200126
-13.25 -53.87006438112528 500.1169375725114
-13.25 -60.9676475907772 322.923895735418
-13.25 -65.80240088205994 323.5266175479981
-13.25 -70.88620352829824 406.9759455438286
-13.25 -69.21120915656753 402.9148915973119
-13.25 27.84933265797562 320.4114448434457
-13.25 23.154024800692 320.9549410294579
-13.25 -86.8520750312428 547.7868916985175
-13.25 -93.72081323741897 555.0663360000166
-13.25 -95.88363688320077 555.4846124951788
-13.25 27.76966677975173 431.8285607674012
-13.25 30.8697384312455 431.4593957075792
-13.25 -26.56851481340696 494.0548854723291
-13.25 24.1364020825917 329.0569015473056
-13.25 -52.83455137986289 497.4843890521896
-13.25 -55.66740478204765 497.8900199102499
-13.25 -3.908511709807186 457.8210912736578
-13.25 -16.98404596207375 380.5123100839613
-13.25 -28.92242184520537 534.3741367710893
-13.25 -28.25964229749404 532.501462136152
-13.25 -59.69424308974803 409.3113768698436
-13.25 -73.59497034787383 403.482750916308
-13.25 -71.89899408036597 399.3705383078448
-13.25 -93.49172161901191 526.6368300384121
-13.25 -92.52060323006243 523.9862140240348
-13.25 -28.29156065455254 537.6957038460679
-13.25 -63.90963648377444 319.0170618549719
-13.25 -59.04543510487375 318.4152697916251
-13.25 -68.78089429514567 319.624479000737
-13.25 -70.6810391693069 324.1626631026149
-13.25 25.02892698657174 316.5990520915598
-13.25 20.30261660734049 317.1461605453724
-13.25 34.12771439810884 366.9587189352231
-13.25 -54.16645520726973 441.1143872736403
-13.25 -94.44628462232482 557.1159706768007
-13.25 -96.55354471725255 557.5237410548194
-13.25 -92.34149397384562 556.7077564022851
-13.25 -97.97896967683053 555.9258456076186
-13.25 -98.65949148314061 557.9676474424969
-13.25 -100.1038648458155 556.3519373161326
-13.25 -100.7950137712455 558.4232518759324
-13.25 28.99848369571719 428.9465354279871
-13.25 32.11966159302991 428.5754489838458
-13.25 33.97301421157972 431.0915414667662
-13.25 35.21453381237186 428.2364030696205
-13.25 37.03527899153507 430.7256287856447
-13.25 38.24933199700042 427.9271039477858
-13.25 40.02973558540489 430.3620786956791
-13.25 41.21243525954303 427.6289282883334
-13.25 42.95119201663097 430.0037964502752
-13.25 44.10567243865648 427.3345966775174
-13.25 45.80619421663832 429.6543725889978
-13.25 46.93529474277006 427.0435051760369
-13.25 45.26931335060811 424.7474924823843
-13.25 48.09755689956201 424.4477480677562
-13.25 49.74366044215899 426.742881143908
-13.25 50.87948903693388 424.1903765028426
-13.25 49.26484287708605 421.9013016663197
-13.25 52.06580443298207 421.6395850565381
-13.25 50.43726253922156 419.329671954835
-13.25 53.26485514460272 419.0651904047177
-13.25 54.87752296863888 421.3827393920026
-13.25 56.05119981890851 418.8461732464448
-13.25 54.4675888644629 416.5329144439697
-13.25 57.27548204940096 416.309370310087
-13.25 55.67663122894351 413.9729893256385
-13.25 58.51564892526483 413.7454298003256
-13.25 60.0992936107267 416.0933337660857
-13.25 61.31504532881257 413.5652872212275
-13.25 59.75875596924553 411.2219486742484
-13.25 62.57966863642044 411.0369475311053
-13.25 61.00704994164517 408.6567830637426
-13.25 63.8816786089327 408.467074090485
-13.25 62.27767880455201 406.0361712322065
-13.25 65.21632550236592 405.8417839133517
-13.25 63.57607130149496 403.3549335793782
-13.25 66.58301936344836 403.1559951993192
-13.25 68.22977134067389 405.684586650199
-13.25 69.58188092287899 403.0035001007909
-13.25 67.94833052659081 400.4422454195796
-13.25 71.01670526731657 400.2868182545367
-13.25 69.34571764547705 397.6638814324763
-13.25 72.49046578179002 397.5041991238411
-13.25 70.77641176021226 394.7938265514006
-13.25 74.04181200999031 394.6259447997709
-13.25 72.25988045580705 391.8072453244883
-13.25 75.65230725273913 391.635216003489
-13.25 77.4722090711482 394.5442126539201
-13.25 79.07412544333192 391.5182612188075
-13.25 77.25908118315779 388.5299919352499
-13.25 80.80880220047916 388.419281943079
-13.25 78.93585853320103 385.3297731128639
-13.25 82.65986883248408 391.4904190554186
-13.25 82.61006151157044 385.2148409913652
-13.25 80.67110643546204 382.0162046888046
-13.25 71.2177027290238 405.5099551960975
-13.25 -54.60772727615858 495.1957318743523
-13.25 -57.50677228955752 495.6110547404554
-13.25 62.8668607498824 415.8679181054005
-13.25 -76.33791470069346 399.9456569163241
-13.25 -74.62068253948661 395.781765228391
-13.25 -73.67614849743163 320.2417171954854
-13.25 -75.58573785023756 324.8048194810772
-13.25 -71.76502430698316 315.6781473344316
-13.25 32.14663114399776 479.5542233872421
-13.25 -78.05114990547803 404.1063316605565
-13.25 -102.2597342720594 556.7835417674399
-13.25 -102.9612148548832 558.8842183842669
-13.25 -95.33994391650411 524.4564837645169
-13.25 -94.34432677801198 521.7390351369723
-13.25 -35.70510046586796 460.9942612787428
-13.25 -30.23108675330265 532.8573490752968
-13.25 -29.55709441167373 530.952570230741
-13.25 -95.15294765760171 559.1128986625662
-13.25 84.47443546460612 381.8976936735782
-13.25 82.46796872209653 378.5935710591511
-13.25 22.18989661915872 312.761659436968
-13.25 17.43257566397207 313.312335807684
-13.25 26.94679836303253 312.211246490087
-13.25 33.37507156036767 425.740258760713
-13.25 -1.539015711458203 406.1555387129837
-13.25 -96.32579585499599 527.1656824697806
-13.25 -56.42247249902501 492.8540583670537
-13.25 -59.38902590462278 493.2790622931963
-13.25 -57.10469662249483 412.7146136569942
-13.25 -55.4673646657717 408.7819360947027
-13.25 -101.483658950244 560.5073831043801
-13.25 -103.6075534804396 560.9566630295222
-13.25 -79.11538945059905 396.3641494643277
-13.25 -77.37660876517847 392.1479102663077
-13.25 -72.84090164608124 391.569995462323
-13.25 -75.61084624009746 387.9183410928781
-13.25 24.10255950273383 480.5779160049165
-13.25 9.61937157600517 511.1569917622772
-13.25 -76.69197631423614 316.2968002078919
-13.25 -80.17887218438204 388.4946497470078
-13.25 -78.39739174460287 384.2232450744343
-13.25 19.19831182271344 492.6591066355957
-13.25 27.15180517607796 472.9361844064366
-13.25 -74.7666509069071 311.7016419672915
-13.25 -48.32634363676128 542.0323475855046
-13.25 -47.10244563738882 543.5606917455515
-13.25 -27.03479904798737 539.1637915598025
-13.25 -28.92241620514652 539.5077213746291
-13.25 -27.68379973047756 540.953773919423
-13.25 -29.54244021707214 541.2922978286219
-13.25 -28.32303121299353 542.7157467604392
-13.25 -30.15258919508352 543.0490196133546
-13.25 -28.95224291524273 544.4500533648572
-13.25 -30.75261238375627 544.777813785466
-13.25 -29.57170095572024 546.1559494400942
-13.25 -31.34259855545073 546.4783911171542
-13.25 -27.80252178091115 545.8329681138424
-13.25 -28.41088993362809 547.5075035574739
-13.25 -26.67463505711401 547.1905152185548
-13.25 -97.23475247648558 522.2211538746302
-13.25 -96.21403344384825 519.4351450140998
-13.25 -93.26527922145878 518.9527222382883
-13.25 -95.16140041222121 516.6160710174021
-13.25 -92.17137477695798 516.1274042841407
-13.25 -94.09336130455674 513.7591957045145
-13.25 -91.06294524833096 513.2638015070885
-13.25 -93.01111790806445 510.8629755139721
-13.25 -89.93843206276358 510.360460346882
-13.25 -91.91399687065577 507.9260460181862
-13.25 -88.79821285271559 507.4163470227276
-13.25 -90.80160801466481 504.9478409392971
-13.25 -93.97274245932464 505.4602376923469
-13.25 -92.83813565188314 502.4131236897595
-13.25 -89.60431465361576 501.9003849766358
-13.25 -91.66920541546456 499.331362094815
-13.25 -104.4464152204034 557.2208029788177
-13.25 -27.27164288442659 548.8340253612362
-13.25 -25.56693049333565 548.5230778876446
-13.25 -47.44237907513117 450.1459598755618
-13.25 86.39009201214036 378.4731026419759
-13.25 84.32261692013735 375.0688050789566
-13.25 88.43114793908326 381.8629217223058
-13.25 15.54408798567459 317.7172608319574
-13.25 12.6742787349523 313.879630360116
-13.25 10.78547939226179 318.2839366989883
-13.25 7.915493918539093 314.4459735743761
-13.25 9.802577354430525 310.0261011055644
-13.25 5.015508281457874 310.5950269130298
-13.25 3.126318122000216 315.0350982185277
-13.25 0.2252642463733232 311.1787910594651
-13.25 -57.55722288395228 546.9211320334734
-13.25 12.85547882022709 518.6137477744677
-13.25 -58.27948186708913 490.4578834621541
-13.25 -61.31510835483216 490.8927753239599
-13.25 -17.1016135138385 361.9982972011967
-13.25 24.08925119091208 308.3458998774456
-13.25 28.88254267741704 307.791275258007
-13.25 -10.2776430459864 532.8522660456788
-13.25 -16.33103967547466 424.1745510273956
-13.25 19.11552427210957 393.7150818569745
-13.25 -31.56246684751473 531.3146166697379
-13.25 -30.87690503746585 529.3770437986508
-13.25 -96.08536472377199 502.938798135967
-13.25 35.47122636159209 471.8728736730769
-13.25 67.52759812746362 394.9659458353122
-13.25 -102.1636134475117 562.5378289905327
-13.25 -104.2309108673718 562.9758153968342
-13.25 -71.05655629970738 387.340097852299
-13.25 -79.725877232107 312.3247008470125
-13.25 -98.16420175982046 517.1008966604206
-13.25 59.33007965225739 406.2253436515132
-13.25 -62.4368124896349 493.7686130958286
-13.25 -64.38382860507448 491.3525145163974
-13.25 -63.25275840412548 488.4307187642547
-13.25 -66.38501433978909 488.8980011732938
-13.25 -65.22949587630713 485.9119900263962
-13.25 -68.43098538055156 486.389671602738
-13.25 -67.24986199425503 483.3384690552227
-13.25 -70.52037391241292 483.8266590671659
-13.25 -69.31413195982208 480.7084876013127
-13.25 -72.65699586530559 481.2077237086845
-13.25 -51.49634751297724 540.777027874396
-13.25 -83.01330613418958 384.8052840548003
-13.25 -81.21298955578638 380.4883733357149
-13.25 0.7051827293021162 431.3453891397382
-13.25 2.112810768783199 306.7218527683204
-13.25 -2.707736319847517 307.3084793578345
-13.25 -71.4242170768312 478.0209025797358
-13.25 -74.84070518295637 478.5311327089188
-13.25 -52.89849998173871 412.1586402363598
-13.25 -51.27489181161239 408.2579644741474
-13.25 88.35958352530665 374.94705299385
-13.25 86.23369165688196 371.4465543541955
-13.25 -77.78814907665841 307.7000471099746
-13.25 -1.665698758197516 315.620707663537
-13.25 -7.250903998722263 466.3463619071557
-13.25 -73.58088332881326 475.2733938839786
-13.25 -77.07355562736944 475.7951858010458
-13.25 -75.78576706521235 472.4649505087267
-13.25 -79.35563120817682 472.9986074049379
-13.25 -0.6983726582202454 470.6696406094382
-13.25 -78.03958866139885 469.5951720598971
-13.25 -81.68655558886812 470.1411223233176
-13.25 -26.1533009232279 550.1367697129408
-13.25 -24.47951360735097 549.831595950293
-13.25 -27.82847820559493 550.4434340655874
-13.25 30.99715965288123 392.2899293218939
-13.25 32.55574956862971 340.1514922573277
-13.25 -82.77908948028845 308.3271255289387
-13.25 -84.7241835677633 312.9774798914325
-13.25 -102.825165957966 564.5131175993096
-13.25 -104.8347784479026 564.9393799962053
-13.25 -106.2289155861378 563.4359941555268
-13.25 -106.8465300346096 565.4068341306242
-13.25 -108.2647998469497 563.8801892111225
-13.25 -108.89667162223 565.8893215315387
-13.25 -31.36666945095234 541.6430221179241
-13.25 -55.25509210209543 490.0316828787957
-13.25 26.00303534583133 303.8955013768152
-13.25 30.83337539166166 303.3372833335391
-13.25 -46.39375046094017 541.7389478127291
-13.25 -11.3763710774564 403.998281761159
-13.25 90.38381093462459 371.3219288681644
-13.25 88.19884367582189 367.7242379732941
-13.25 44.67699101892829 432.2663570178348
-13.25 4.187522088806674 459.4790992238334
-13.25 -85.87776764623239 381.0768385146403
-13.25 -84.05857426820816 376.7144911238351
-13.25 -87.69316955751562 385.4361275745577
-13.25 -79.35925294660954 376.1308620820461
-13.25 -82.21535891948103 372.3448307747936
-13.25 -0.8077676586754666 302.8217851923123
-13.25 -5.660838521392026 303.4123024143093
-13.25 -86.93961101974702 372.9256249346817
-13.25 -85.08363674207338 368.5181262389849
-13.25 11.94724579204306 384.1135078926051
-13.25 -32.9168550754623 529.7453292878191
-13.25 -32.21946847437076 527.7743546567762
-13.25 -30.14724088246672 527.4021349614827
-13.25 -80.34255561235857 466.6651806627136
-13.25 -84.06724317552441 467.2228060126892
-13.25 -85.42782098279184 470.7629405744859
-13.25 -87.83463471396614 467.8064089769475
-13.25 -89.21034251318727 471.3842459741787
-13.25 -86.4630288854449 464.2088612466574
-13.25 -90.30699510543486 464.8035495728984
-13.25 -88.90726148637459 461.1304717473258
-13.25 76.88991471469508 382.1472131469231
-13.25 -92.83303584092084 461.7376843411045
-13.25 -91.40344448345661 457.9861932766
-13.25 -80.82899140280448 303.6729493464377
-13.25 -75.81226415966249 303.0464541722361
-13.25 83.95800085260353 367.865233514451
-13.25 85.95466176441411 364.0722859198475
-13.25 -26.72825440122687 551.7247663852324
-13.25 -28.37598559866351 552.0265777218818
-13.25 90.27534469858985 363.9326769238195
-13.25 87.99239347619699 360.2078987489224
-13.25 -31.5089306799854 525.7756927538859
-13.25 -29.4061341112061 525.3984276094881
-13.25 -85.85178296277897 304.3040348371669
-13.25 -48.72739492293758 411.6065699476827
-13.25 -47.11768266702259 407.7386354974864
-13.25 25.8530221382053 429.308376162121
-13.25 -77.50387069908629 371.7608888382164
-13.25 46.94147268071275 463.0228874632903
-13.25 -50.23143044342931 522.2062940316331
-13.25 -65.51667016992261 494.2579683304165
-13.25 -103.4679316235928 566.4330877669167
-13.25 -101.5193667028785 566.0178490523379
-13.25 -61.2189103177796 536.6221996670192
-13.25 27.93223058741171 299.4111835199919
-13.25 32.80046635236535 298.8487916961369
-13.25 35.71500941021986 302.8013830676363
-13.25 37.68545673006777 298.2975723326429
-13.25 40.60462957363764 302.2576772845842
-13.25 42.5810905260488 297.744758557416
-13.25 45.50893883759784 301.716289093004
-13.25 47.49190307054796 297.1894464600498
-13.25 50.42916024691544 301.1738353757934
-13.25 52.42205691819573 296.6298343235994
-13.25 55.37239172329873 300.6328051758706
-13.25 57.37507975495728 296.0680140666961
-13.25 60.33978567808352 300.0904149261794
-13.25 62.35236641058521 295.5032776403934
-13.25 65.33146255209374 299.5454122400854
-13.25 63.30764508797764 304.1411513111956
-13.25 68.28941558813338 303.591482761834
-13.25 70.32301072095477 299.0005184638695
-13.25 73.28824391811352 303.0598649894774
-13.25 71.2492026416775 307.6545830230257
-13.25 76.23646366134359 307.1180255076457
-13.25 74.2061995275661 311.6932592494416
-13.25 78.2855883704413 302.5293447338988
-13.25 79.16755714262131 311.1567835543589
-13.25 77.15003637863526 315.7083332226605
-13.25 82.0860948168521 315.1733732652481
-13.25 80.07972297815607 319.70055114578
-13.25 84.98926190460291 319.1681945255764
-13.25 87.01099626732443 314.6466103280324
-13.25 -110.344412049506 564.3300794683048
-13.25 -110.9905022445818 566.3816948324441
-13.25 -29.93681063724555 468.8647585964468
-13.25 36.52966567224865 388.2227316264264
-13.25 -3.747934500838614 298.8958466204011
-13.25 -8.632008116836314 299.4905658938612
-13.25 -10.54829794702154 304.0287481600747
-13.25 -13.52239861763531 300.099229617126
-13.25 -15.43951650947395 304.6404722151401
-13.25 -18.41474405981179 300.7091749421285
-13.25 -49.64682017489559 404.3918005916023
-13.25 -45.47621226312624 403.8691812395919
-13.25 -48.01564452899717 400.5064553430487
-13.25 -109.520708752728 567.9338089480979
-13.25 -111.5835040862545 568.4152217387906
-13.25 83.60303183501813 360.3627947080532
-13.25 -39.48177029309861 470.1707682613606
-13.25 -89.85325247695354 369.1041862008799
-13.25 -87.97906062928847 364.6555367257648
-13.25 85.6624215617025 356.4515376264764
-13.25 90.10804869597446 356.2948228315725
-13.25 -33.60541311788119 531.7086982168871
-13.25 -83.88898994195816 299.6221782579386
-13.25 -34.96547287878094 530.1292981839472
-13.25 17.38694856437714 449.3688023420677
-13.25 -95.41302986366171 458.6063839372295
-13.25 -93.95293126521112 454.7747949675971
-13.25 -96.86002886858633 462.4271462177037
-13.25 -43.8233868584036 399.9808003816219
-13.25 -46.37637787620651 396.600013458285
-13.25 -27.29370710840503 553.2864705608043
-13.25 -28.91346306804837 553.5830820463366
-13.25 -88.94064288146339 300.2567170465535
-13.25 35.89844791497027 452.118034615258
-13.25 -63.98956839405043 482.8587597315245
-13.25 30.37910371490512 465.1664176538065
-13.25 -102.1426611844098 567.8725278940099
-13.25 -100.2615975050989 567.4726159627163
-13.25 -63.87220468451647 515.6631874901935
-13.25 -16.02001280195854 528.5610758699164
-13.25 -103.7407512172745 555.0634576385604
-13.25 -106.0083104446897 555.5158262794353
-13.25 -105.276538979258 553.2745215378371
-13.25 -107.6282116410725 553.7468273521977
-13.25 -106.8711178275105 551.425700471715
-13.25 -30.78743630610716 523.7482451696143
-13.25 -28.65390457562733 523.3655583056102
-13.25 89.92863316869959 318.6639530849727
-13.25 -88.00515535929294 525.7317157291783
-13.25 -109.3074393327702 551.9150690577183
-13.25 -108.5231597074997 549.5103075722994
-13.25 91.96632979453447 314.1159013173505
-13.25 -20.33261489443367 305.2521131931485
-13.25 -23.30895899886129 301.3193056554044
-13.25 -21.39229321067446 296.759257645689
-13.25 -26.3167341186475 297.3722589511671
-13.25 -45.1742398944078 543.2620823823469
-13.25 -45.88230794046284 545.0646768854976
-13.25 -32.92176705902151 524.1308154984589
-13.25 -46.46552796516264 513.0265908657484
-13.25 -44.59186441170917 411.0587242932179
-13.25 81.22318156363484 356.6119422592804
-13.25 -86.82552588142447 509.8731978093284
-13.25 72.22937709614632 316.2293998165105
-13.25 -110.1440431593007 569.9230168481381
-13.25 -112.1441508575184 570.3914690608475
-13.25 60.70042380345429 454.3216363114147
-13.25 -113.5726692625386 568.9185596031033
-13.25 -114.1453184591464 570.9031374423602
-13.25 -44.46785317089255 541.4467348759181
-13.25 -45.68563461433555 539.9133065460127
-13.25 29.87671618064519 294.8915806450457
-13.25 -92.79203395322835 365.2469753781261
-13.25 -90.90082214675077 360.7580838199979
-13.25 -94.68042459594919 369.7338505281535
-13.25 -46.18939965751711 414.8822792787095
-13.25 -6.70724616428331 294.9451373169687
-13.25 -1.793698680190393 294.3483068653574
-13.25 -78.34841999679161 479.1147292989856
-13.25 87.74784788922327 352.4758300094016
-13.25 92.27245914395911 352.3183633291343
-13.25 -98.04577472170311 455.4091338801126
-13.25 -96.55614463705544 451.499466801261
-13.25 -28.23715922262376 301.9552174593729
-13.25 -31.25002714079499 297.9988740217191
-13.25 -86.96643594794415 295.5479265952218
-13.25 -92.04565884434197 296.1866603077502
-13.25 -94.02557120636266 300.9165458395768
-13.25 -3.286311099811729 440.7675221900765
-13.25 -86.05686203221474 360.170653631274
-13.25 -88.98847921894328 356.2618916051513
-13.25 -93.85606349693437 356.8463660800171
-13.25 -91.93128767155277 352.3149705697481
-13.25 -71.71470650897992 486.9334381278483
-13.25 -42.16206204676001 396.0719207922127
-13.25 -44.72813441285638 392.6737113110062
-13.25 44.55348409811344 293.1956579670575
-13.25 -43.98718168478916 544.768728293343
-13.25 -44.68183729648961 546.5362124867271
-13.25 -90.69511869426614 539.9838929323977
-13.25 -39.61679692969255 399.4611738186381
-13.25 -42.11174039417967 414.3404689978003
-13.25 -43.68594172407737 418.108162526145
-13.25 -111.0468964385938 550.0174975268274
-13.25 -110.2346234115809 547.5267520305889
-13.25 -111.8462929795804 552.4963291734587
-13.25 -23.89511605800719 548.2398477544996
-13.25 -22.81208910000847 549.5406249206641
-13.25 -22.22907962271257 547.9539586197407
-13.25 -21.14862754193498 549.2514077444944
-13.25 -21.73228542463806 550.8228324439859
-13.25 -20.09537088978181 550.5367112040233
-13.25 -19.51331717276764 548.9855372662548
-13.25 -18.46372644039447 550.2641699818897
-13.25 -17.8828558216887 548.7172460236627
-13.25 -16.83534833197938 549.9931061053794
-13.25 -16.25554809258047 548.4491354411249
-13.25 -15.20999509897412 549.7226173707774
-13.25 -14.63125978187255 548.1815141627936
-13.25 -13.58763602385268 549.4526482106896
-13.25 -13.00985830198822 547.9142984838127
-13.25 -11.96773054908764 549.183380314744
-13.25 -11.39064115594904 547.6470724908868
-13.25 -10.34967671735204 548.9146351854006
-13.25 -9.773234351286254 547.3800230625731
-13.25 -8.73327293260691 548.6462309051685
-13.25 -8.157192102351377 547.1129100721366
-13.25 -7.117921031159773 548.3782519691196
-13.25 -6.541918814538288 546.8456941022373
-13.25 -5.502668638636824 548.110812066973
-13.25 -4.926295394588158 546.5779287740914
-13.25 -3.886313753548139 547.8437695946124
-13.25 -3.309273485021075 546.309557194267
-13.25 -2.267998784708064 547.5768191540044
-13.25 -1.689456214792956 546.0400219163073
-13.25 -0.6456169985842029 547.3102832119002
-13.25 -0.0656111496488645 545.7696435878104
-13.25 0.9809007092959234 547.0431222044504
-13.25 1.562419369552602 545.4985076522873
-13.25 2.611466404921444 546.7752271142947
-13.25 3.19477598978821 545.2265898583556
-13.25 -2.734950812757617 544.7589963643679
-13.25 4.246946488221162 546.5070736128215
-13.25 4.831996241008243 544.9538147099461
-13.25 3.774843219941406 543.6584470032788
-13.25 5.438601378304581 543.3797061030193
-13.25 6.50526243058473 544.6946953702516
-13.25 7.113794768389404 543.1109721548785
-13.25 6.040909003208715 541.7786294043929
-13.25 7.745301376829937 541.5042947552516
-13.25 8.828254450430936 542.8573967871869
-13.25 9.461436669759683 541.2407094915009
-13.25 10.55150653282725 542.599977686676
-13.25 11.1884107727226 540.9724833542004
-13.25 10.08948530759178 539.5907260930381
-13.25 11.85121587806578 539.3174759036887
-13.25 12.96255959817365 540.72277738751
-13.25 13.62547351332026 539.0564418674421
-13.25 14.74236123399894 540.4658008144128
-13.25 15.40936659012861 538.7899782654664
-13.25 14.28332725252142 537.3560297058692
-13.25 16.10396420870671 537.0854326200356
-13.25 14.95643317486599 535.6247126983169
-13.25 16.81059983426153 535.3491987576109
-13.25 15.64200315803684 533.8616078643304
-13.25 17.52994776189766 533.5813067666786
-13.25 18.71101137016037 535.0921724977342
-13.25 19.43616682377142 533.308249602925
-13.25 -10.81518116502103 546.1008898911433
-13.25 16.53346972991988 540.2080409934748
-13.25 -20.66905158025383 552.0801513856954
-13.25 18.24428745619351 531.7779198326847
-13.25 20.18060609271033 531.4991463134437
-13.25 21.38496224363451 533.0524530248148
-13.25 22.13432415615861 531.2278833201992
-13.25 20.9201263585391 529.6541292919343
-13.25 22.90575956624946 529.3774262981703
-13.25 21.67052824152707 527.77619878565
-13.25 23.69107868333779 527.4945497325537
-13.25 22.43404839764142 525.8651533061063
-13.25 24.49016318620446 525.5785013743398
-13.25 -12.54666636540586 550.7078033197459
-13.25 13.75926308103396 534.1443603905598
-13.25 14.81456817640838 441.4645728214005
-13.25 -27.84966342743539 554.8214087956085
-13.25 -29.44169776691972 555.1129668611466
-13.25 -30.49909833028237 553.8917341435424
-13.25 -31.02811142717979 555.4181683528342
-13.25 -32.08649095398313 554.1964814004515
-13.25 -32.61634279210286 555.7248004598071
-13.25 -33.67625837274197 554.5013325811702
-13.25 -34.20690977999983 556.0318942503461
-13.25 -35.26830619540411 554.8066339365358
-13.25 -35.7997003295002 556.3393142996747
-13.25 -36.86237117885113 555.1124169558457
-13.25 -37.39437713542439 556.6468733179649
-13.25 -38.45776618294052 555.4187363135524
-13.25 -38.99009854188334 556.9540982294908
-13.25 -40.05407705858847 555.7252367143503
-13.25 -40.58680276950915 557.261523872956
-13.25 -41.65128577969777 556.0318937766746
-13.25 -42.18431135732718 557.5689038119937
-13.25 -43.2491008671309 556.3387113879978
-13.25 -43.7823168959064 557.8761439449971
-13.25 -44.84716856300009 556.6456476420018
-13.25 -45.38044405731004 558.1831365453254
-13.25 -46.44511976515754 556.9526282140922
-13.25 -46.97847609066748 558.4899555392644
-13.25 -48.04306439369407 557.2594257673362
-13.25 -48.57635441136577 558.7965768752211
-13.25 -49.64048797841753 557.5663089563488
-13.25 -50.17350491684115 559.1026986218461
-13.25 -51.23717048417135 557.873028872642
-13.25 -51.77004352323818 559.4088353525963
-13.25 -52.83369959641492 558.1794348527945
-13.25 -53.36680350995501 559.7154958280664
-13.25 -54.43110862398347 558.4855793058088
-13.25 -54.96513497512996 560.0231527557653
-13.25 -56.03129169167704 558.7913326368575
-13.25 -56.56644222856806 560.3318090302304
-13.25 -57.63485905805708 559.0974566857595
-13.25 -58.17243135337891 560.6423327593118
-13.25 -59.24522508660053 559.4030636360361
-13.25 -59.78529633989181 560.9545605602193
-13.25 -60.86293351523473 559.7096913877654
-13.25 -61.40648701552932 561.2690954366099
-13.25 -62.49063344442245 560.0167661988331
-13.25 -63.03762619948176 561.5857395824207
-13.25 -64.12832948752583 560.3256506010465
-13.25 -64.67869612648977 561.9041229818947
-13.25 -65.77553638728619 560.6365027439439
-13.25 -65.22503545794937 559.033905190935
-13.25 -66.9092098248846 559.3512309848865
-13.25 -67.46431251750235 560.9834730705395
-13.25 -68.60540660979626 559.6848905658012
-13.25 -69.16330284145184 561.3257706876399
-13.25 -70.30989353972778 560.020650044705
-13.25 -69.75264879084691 558.3552058655093
-13.25 -71.49480130582003 558.6982420828168
-13.25 -72.05684573946124 560.3939029490867
-13.25 -70.92577546650674 556.9927229879095
-13.25 -73.24950042858528 559.0576069752009
-13.25 -73.81410011194167 560.761891484767
-13.25 -75.0122338184631 559.4193074593445
-13.25 -75.57985890238811 561.1317655433029
-13.25 -76.78419546702341 559.7822626691432
-13.25 -77.35485441816594 561.5036800661867
-13.25 -76.21725399170404 558.0432223802676
-13.25 -76.14869659156193 562.8385566475284
-13.25 -77.89145734647498 563.2009035761907
-13.25 -79.09145709623698 561.8880661453234
-13.25 -79.63086644577189 563.585962466461
-13.25 -60.32336586047889 558.1356739563236
-13.25 0.3973590090861321 548.5752564189512
-13.25 23.21096352920338 523.9204185123513
-13.25 25.3033577057657 523.6286389793663
-13.25 26.59554553568455 525.3120523386813
-13.25 27.4143343018088 523.3459019433554
-13.25 26.11161657479123 521.6414014311654
-13.25 28.25496598099346 521.3533513385003
-13.25 -100.8630989079852 569.2672676372996
-13.25 -99.04154800191166 568.879658236655
-13.25 -30.05518538670659 521.6919350549254
-13.25 -27.89146596362266 521.3037490282948
-13.25 -41.56054343304861 500.8525820894563
-13.25 -29.32812722955499 293.3968177376599
-13.25 -34.29195064939066 294.0261752870833
-13.25 -110.7478215440578 571.8491841714566
-13.25 -74.40641739668187 469.0617337405432
-13.25 -115.5951669477822 569.4098764249192
-13.25 -116.1869615689962 571.4349457563607
-13.25 -80.83589258225943 562.2685030206449
-13.25 -81.37796421727019 563.9741374412464
-13.25 -76.05977834850184 530.9325159310828
-13.25 -47.88594089760972 521.8507049106345
-13.25 -48.75458125906652 524.0343924408045
-13.25 -51.05975261794343 524.3860566534454
-13.25 -76.71105869776247 564.5059988590044
-13.25 -87.40953328028439 457.3784783662297
-13.25 94.90120920284068 318.1613445131546
-13.25 -36.33271806940507 553.565660896273
-13.25 -49.60555730250399 526.1872863847435
-13.25 -96.84033588464551 352.9042672427012
-13.25 -94.89887047027746 348.3356598434189
-13.25 26.93304636968114 519.6353312438073
-13.25 29.08660301552522 519.3458721661863
-13.25 30.40071546590701 521.0662690804603
-13.25 31.23461011162965 519.0672188350424
-13.25 29.92076940560732 517.3577539749111
-13.25 32.0586503732908 517.0742668457729
-13.25 30.74368075134052 515.3606139644592
-13.25 32.88952140788992 515.0753522115707
-13.25 31.56670613526046 513.3381841803954
-13.25 33.75060736146567 513.0474227918296
-13.25 32.40316555385228 511.2738157699897
-13.25 34.63566965150063 510.9763830783449
-13.25 36.00705988065756 512.7870852722098
-13.25 36.88810106440474 510.6951189171364
-13.25 35.51236388729082 508.8375227261457
-13.25 37.83766775427678 508.5536349868094
-13.25 36.42522839387488 506.6495881734199
-13.25 38.80374658462959 506.3610852327386
-13.25 37.36130121883151 504.4179813769097
-13.25 39.78750538671823 504.1238559019338
-13.25 38.3166499960169 502.144743927097
-13.25 40.7858267712428 501.8457956698438
-13.25 39.28936822720548 499.8323412893466
-13.25 41.80056822686902 499.5287767571567
-13.25 40.27916648224987 497.4817470059005
-13.25 42.83156231405998 497.1736310952455
-13.25 41.28568603902943 495.0937053582156
-13.25 43.87802114499629 494.7814263854381
-13.25 41.24991116415679 506.1018126203169
-13.25 42.30877800632719 492.6706715591555
-13.25 44.93896234609046 492.3539631770096
-13.25 43.34695272769022 490.2125868350059
-13.25 96.95363447121527 313.5850388632988
-13.25 -100.7293849291277 452.1480291692569
-13.25 -99.21155196727877 448.1638291990373
-13.25 15.85935955978869 541.8756803883654
-13.25 17.6255250925861 541.6195502621824
-13.25 -4.769576412470063 290.3730760358951
-13.25 0.175176740555318 289.7729029416603
-13.25 -56.71501575461075 500.5743180423167
-13.25 -87.03487218933566 351.7347564677214
-13.25 -4.465113807792451 549.3656664656866
-13.25 46.01481745901437 489.891637794993
-13.25 44.40033175346394 487.720033799625
-13.25 -94.97807934314237 447.5184470131524
-13.25 -97.65682370971538 444.1545694877993
-13.25 24.13233704939643 530.9748031405902
-13.25 45.4427456720686 496.890894487345
-13.25 -43.7366541014935 539.6157802451114
-13.25 59.37268893783148 291.4579319267717
-13.25 -15.67702481362412 546.897396971115
-13.25 47.10512174399197 487.3950985100117
-13.25 45.46885160544859 485.1945644414086
-13.25 89.87233438847775 348.4370336443716
-13.25 94.46876904080007 348.2774602083463
-13.25 96.8979784797927 352.2151033178238
-13.25 -40.49224657092949 392.1430444366056
-13.25 -43.07131037926853 388.7276278235755
-13.25 -66.28514663730375 539.3441003426424
-13.25 -52.30358349240208 556.6290436943317
-13.25 -90.06113696103138 291.4532104428248
-13.25 -84.96005854361248 290.8147351286952
-13.25 -95.16679983380959 292.0953716046529
-13.25 38.27241981802796 512.5096415184573
-13.25 -42.7198694241039 559.0927423119045
-13.25 -39.66815451273722 417.5741471693173
-13.25 -41.21913548120732 421.2863657655975
-13.25 99.12000179155669 348.1261583746169
-13.25 -44.9713006329739 538.060359567611
-13.25 -49.11263107339393 560.3181466223991
-13.25 -51.87772205003748 526.5340578380128
-13.25 -88.39227580351903 498.8118355933055
-13.25 -90.48450262204761 496.2094807973363
-13.25 -37.92862780975667 558.1696721589683
-13.25 -29.97287053385887 556.6276003251093
-13.25 -33.17333754124258 302.588893501289
-13.25 -82.58871597047704 562.6503898829785
-13.25 -83.13343522400196 564.364186052042
-13.25 -82.04795349537909 560.9188493290773
-13.25 -81.92160167894043 565.6728190072344
-13.25 -83.64454027257746 566.0528983913709
-13.25 -84.84841084472775 564.766833770108
-13.25 -85.36119154739461 566.4533391325326
-13.25 -47.51250826791196 555.7079903960105
-13.25 -32.357405714501 289.3943448080446
-13.25 -37.35335548321603 290.0276299723167
-13.25 -29.31275205916692 519.6059051624107
-13.25 -27.11752280251988 519.2120616216175
-13.25 32.53920537870264 520.7848775571564
-13.25 -101.9421513590327 444.7988659141341
-13.25 -100.3648365517732 440.7164830065778
-13.25 -96.01687209299587 440.0773316935937
-13.25 -98.74729563193966 436.6115955026515
-13.25 -94.36908179173847 435.9707192264921
-13.25 -97.11514730021834 432.4862360548408
-13.25 -101.5332382863444 433.1238215976442
-13.25 -99.8829165588501 428.9334033474998
-13.25 -95.40650573747946 428.3006438038092
-13.25 -98.19571236993882 424.7190059853523
-13.25 -33.49593551653258 477.5060758038308
-13.25 -99.62361644335775 570.6182050247561
-13.25 -97.85852231430282 570.2424494119441
-13.25 -112.8435573305354 548.0537563548279
-13.25 -112.0049506460148 545.4840137750764
-13.25 -109.3317455116388 544.9557871161074
-13.25 -111.1309048191377 542.8790321229765
-13.25 -108.4140594495413 542.3430541767101
-13.25 -110.2412577261246 540.2348431498381
-13.25 -101.3902438433791 570.9950021924956
-13.25 -73.02520206129191 422.2459052239686
-13.25 -97.27695417447781 568.5427136982074
-13.25 -96.10342467404466 569.8935995147149
-13.25 -95.52572190543074 568.2065707500209
-13.25 -94.3589030055323 569.5485619639264
-13.25 -113.0141899983817 540.7736369036985
-13.25 -112.1033658838158 538.0563216866241
-13.25 -107.4841469937968 539.6911668641344
-13.25 -46.45254476824302 523.6855001045705
-13.25 -42.82427901789505 546.2460202937799
-13.25 -25.68926465708819 520.9295566566825
-13.25 -24.91627364641288 518.8341293648427
-13.25 -26.34664964027308 517.1024734432272
-13.25 -24.11798347574269 516.7181437883424
-13.25 -22.68100576760071 518.4688439345521
-13.25 -21.8834754475289 516.3491427010979
-13.25 -20.44595695988977 518.0998887431595
-13.25 -19.64822363200098 515.979340205049
-13.25 -21.08887896691285 514.2117070023511
-13.25 -18.82231191893671 513.835308526727
-13.25 -20.2849062676093 512.0404894684716
-13.25 -17.98331441625728 511.6582691041075
-13.25 -16.51250819462242 513.4752832722246
-13.25 -15.67419875330027 511.2929136870541
-13.25 -14.20326971681272 513.1101327266676
-13.25 -13.3648494633663 510.9275585607195
-13.25 -14.83849371684263 509.0940820156551
-13.25 -12.49888668163034 508.7225928623772
-13.25 -13.99365148740021 506.8617589339645
-13.25 -11.61855047846405 506.4846672329033
-13.25 -13.13594888390141 504.5956757624558
-13.25 -10.72531429940192 504.2131966788857
-13.25 -10.11489456079331 508.3682750537999
-13.25 -12.26503666352185 502.2967956564885
-13.25 -9.822090408795209 501.9107647289885
-13.25 -11.3804078440863 499.9721050292835
-13.25 -8.909621910734403 499.5816850557659
-13.25 -7.34477061050776 501.5380298773183
-13.25 -6.433210008365634 499.2048629071954
-13.25 -4.869606760946247 501.1604128515748
-13.25 -3.959093711534053 498.8295102202549
-13.25 -2.395724372571518 500.7834909090662
-13.25 -1.485277734568067 498.45263549385
-13.25 -3.050732065295514 496.484485711049
-13.25 -0.5509245348174154 496.1028053549241
-13.25 0.0783884231974028 500.4066540014811
-13.25 -0.8344307806872686 502.723843216286
-13.25 -15.54558953977615 504.9789972111143
-13.25 -10.48564538120851 497.621203442856
-13.25 -2.133911646522666 494.1121231035191
-13.25 0.3946175932532587 493.7261764328982
-13.25 101.5763117296941 352.1091924684888
-13.25 -18.84230725680457 475.5857918096411
-13.25 -86.56712205262863 565.1654688811293
-13.25 -84.16048424379196 567.7208763183886
-13.25 48.20927729875095 484.8654572203511
-13.25 46.55165883513996 482.6368280420479
-13.25 -99.84593326822534 348.9301909991244
-13.25 -97.88987239620668 344.3270801037185
-13.25 -101.8007077017625 353.5321947385995
-13.25 -85.84152450221593 568.1108159968726
-13.25 -38.81443074961287 388.1946199912862
-13.25 -53.90213828675958 561.2399721796922
-13.25 99.90622901619167 317.6576451354662
-13.25 -117.6899458085162 569.8967162864983
-13.25 -117.079190132229 567.7745447782153
-13.25 -118.3008593646609 571.9970200922646
-13.25 -116.7590396226744 573.5395271482107
-13.25 -118.844427014826 574.0821654333774
-13.25 -61.95039817947207 562.8268203169869
-13.25 -47.34019081482673 389.2561358210676
-13.25 -45.66710955420675 385.2653796022432
-13.25 -37.26126559780324 420.7598683301602
-13.25 -38.78883115971568 424.4162224161437
-13.25 -35.72364757799934 417.0960691588856
-13.25 -2.819101390386346 285.7731060357877
-13.25 2.156186215001871 285.1692362589042
-13.25 48.43852475401491 305.7033462404798
-13.25 -35.4061601627202 285.3659194967138
-13.25 -40.43418630817147 286.0032409522287
-13.25 -42.38419775681045 290.687496888816
-13.25 -45.4692228018699 286.655216505861
-13.25 -30.37971619810981 284.7297313808841
-13.25 -47.42017781211459 291.3441457420361
-13.25 -50.50876469269187 287.308717926196
-13.25 16.96170463631791 543.2595559179771
-13.25 18.69766140410475 543.00786504149
-13.25 -12.98397917270506 498.0160535616411
-13.25 -102.71863794264 425.3532135240597
-13.25 -101.0120652809861 421.0788456386963
-13.25 -93.17201006503093 287.3374412216251
-13.25 -98.30405289893829 287.9829314012681
-13.25 101.9724738691353 313.0530381035747
-13.25 99.00097276545885 308.9598109510556
-13.25 -42.99365204103841 537.7582842445391
-13.25 -44.24665221694058 536.1797961319566
-13.25 -41.75532103410114 539.3309682318929
-13.25 82.99384481996418 323.6706466003486
-13.25 96.66212761525006 344.136017092809
-13.25 101.3807672996785 343.9814771588997
-13.25 36.78904637362006 500.1413639031832
-13.25 -96.43971516091929 420.4508386777904
-13.25 -99.27142085998049 416.7929800004408
-13.25 -103.8820047417013 417.4168578233052
-13.25 -102.1224155464214 413.0720647363044
-13.25 -96.68379933013874 571.5631364819408
-13.25 -12.07975446035336 495.6360770177938
-13.25 -87.16605453205723 495.6837591241217
-13.25 -85.07809412257784 498.3066304160247
-13.25 -89.28431503466118 493.0491007341179
-13.25 -92.6574347835454 493.5762049771997
-13.25 -91.43441373345598 490.3463098915884
-13.25 -94.88678269186796 490.8855476753346
-13.25 20.38315930644349 526.1538087952907
-13.25 1.612492607283322 502.3493793125286
-13.25 0.7105449471134966 504.6375352814124
-13.25 -117.3400928130319 575.5849549680627
-13.25 -119.3697682014556 576.1123815962942
-13.25 -42.69704668704591 424.9424325258266
-13.25 -40.28951059904572 428.0469853420374
-13.25 -36.42519427955978 427.5186834139678
-13.25 -37.90446202663617 431.0955457644648
-13.25 -34.09935990271387 430.574887253671
-13.25 -35.55565705264142 434.0965512866353
-13.25 -31.80977564800095 433.5836281217549
-13.25 -33.24311114672314 437.050529532794
-13.25 -29.55636265251108 436.5450116874678
-13.25 -30.96669028602592 439.9559854295318
-13.25 -27.33961244166773 439.4586157729666
-13.25 -28.72709550005808 442.8143212318993
-13.25 -25.15877147788903 442.3250217165807
-13.25 -26.52378478665253 445.6264053080773
-13.25 -23.01385574978738 445.144759481881
-13.25 -24.35631718364315 448.3916430221101
-13.25 -20.90542587166746 447.917483972433
-13.25 -22.22487818776481 451.109350272512
-13.25 -17.3580415381902 309.1704605997361
-13.25 -45.58805765652022 521.5328340050671
-13.25 -52.46228496716072 292.0035461434582
-13.25 -55.55510305529118 287.962778582073
-13.25 -49.37128438545286 296.0319474264569
-13.25 -44.16014768808173 523.3561843223604
-13.25 -43.29884119967589 521.2108836018429
-13.25 -49.98764837396632 385.8001292585049
-13.25 -48.29426004473264 381.7605634443215
-13.25 49.32420479247497 482.3054225822995
-13.25 47.64886195459783 480.0527599957128
-13.25 -63.45734920309906 526.7240024832914
-13.25 27.23543915630961 453.188548414473
-13.25 23.06928885965493 299.9762385629692
-13.25 -102.8743121276262 344.926138992439
-13.25 -100.9035012517383 340.2882519439723
-13.25 -1.20640058132199 491.7129091799591
-13.25 1.350787018602544 491.3225726716826
-13.25 2.958770912294351 493.3542263992445
-13.25 3.915914235628025 490.9445216759438
-13.25 5.524795388383597 492.9785177516675
-13.25 6.482241697114812 490.5678756273821
-13.25 4.871196058292799 488.5221320842894
-13.25 7.460745774425148 488.1400629671259
-13.25 5.83275903985302 486.0726875117746
-13.25 8.45065991591078 485.6858604088834
-13.25 6.804193464733266 483.5950920612348
-13.25 9.452972141010472 483.2028710871519
-13.25 7.786113023275262 481.0861867228095
-13.25 10.46789022121095 480.6889811781564
-13.25 8.780145443280816 478.5457460677347
-13.25 11.49599765108572 478.1432256955317
-13.25 9.786486551276992 475.9723006376024
-13.25 12.53783544006846 475.5642766213683
-13.25 10.80570088004681 473.3646405499551
-13.25 13.5939894263967 472.9507782406691
-13.25 44.72284990081116 456.1212394896006
-13.25 19.37506547420392 541.376594789713
-13.25 20.46434680734422 542.785216727316
-13.25 21.14453599091725 541.1337500622838
-13.25 -95.89374585830822 339.693896990896
-13.25 -98.91387788103329 335.6480499408336
-13.25 40.69047627685746 490.5389006209202
-13.25 -50.44417187716773 528.3097825132609
-13.25 -52.68448821955993 528.6518815887413
-13.25 -18.83211760767422 450.6431977144882
-13.25 -20.12934989058517 453.7813607530155
-13.25 -50.01179640710583 497.0866239389339
-13.25 104.0471851544803 308.4216873787119
-13.25 101.0560287611972 304.3016444441183
-13.25 29.38760755646996 513.630082107961
-13.25 -114.9571433966193 538.6110647994461
-13.25 -114.0201060421977 535.8137396225618
-13.25 -52.66646528441179 382.3024500665865
-13.25 -50.95322478905945 378.2162247880074
-13.25 -55.37545136399788 378.7643779637607
-13.25 -53.64251650154443 374.6325962084144
-13.25 11.83837054031767 470.7223691859166
-13.25 14.66261376450334 470.3031048470646
-13.25 -46.25646144360739 536.4852428920394
-13.25 -84.66861276635267 569.3487951576279
-13.25 -86.31041173793828 569.7296804950789
-13.25 -42.71854644744259 554.7877991323676
-13.25 -93.63494049977223 487.5790410930187
-13.25 -97.16945764417333 488.1311009758326
-13.25 -98.4367720299323 491.5044309393015
-13.25 -100.7477830235968 488.711493996476
-13.25 -102.0297216632937 492.124821534625
-13.25 -104.3682152708767 489.2991650496356
-13.25 -105.6660053757863 492.7536958385351
-13.25 -103.0739173640686 485.8269409685491
-13.25 -106.7733509795449 486.4252907112556
-13.25 -105.4496628433768 482.8738237247437
-13.25 -109.2338182461756 483.4858222074012
-13.25 -107.8797878921551 479.8529278278597
-13.25 -103.9411582312337 336.2391111523697
-13.25 -101.9414344143564 331.5724569490539
-13.25 48.73822521873431 489.5946695990805
-13.25 -30.04192495886589 446.1137159360397
-13.25 106.1337748287383 303.7610074962103
-13.25 103.1249715358996 299.617668090815
-13.25 -96.29854046561891 283.203796108282
-13.25 -101.4516474741902 283.8517139362335
-13.25 -103.4596227168388 288.6462924897536
-13.25 -119.2870130256861 568.2881115821584
-13.25 -118.6421755718654 566.0577697968391
-13.25 12.88451660679483 468.0474570984578
-13.25 15.74189735667471 467.6236708683505
-13.25 13.94364040397938 465.3437595073382
-13.25 16.8301031513618 464.9162254462122
-13.25 50.44223494068149 479.7246033274945
-13.25 48.76069423590693 477.4639128328918
-13.25 -48.55668047764612 282.6041939327316
-13.25 -17.52185350797969 447.495162565343
-13.25 -14.61065498353339 496.0362711057324
-13.25 -13.69481035720539 493.6252041552593
-13.25 44.86873179908144 480.3972802179458
-13.25 -106.8036851641855 413.7049093983706
-13.25 -105.0166778404629 409.2932016344587
-13.25 -100.2865551979301 408.6681630283441
-13.25 -103.1943139569554 404.8736953176812
-13.25 12.14089646406977 482.8262326373288
-13.25 -85.92471994566773 492.5168604282684
-13.25 15.01474355985736 462.617597943492
-13.25 -7.793151568874015 286.37751818957
-13.25 -5.831839255165428 281.7489237225347
-13.25 104.9430342797258 317.1519312085131
-13.25 51.56265398020347 477.1354914776269
-13.25 -41.01451095689713 537.4737817813726
-13.25 -85.12546025100802 543.2913101745904
-13.25 54.97783269928986 461.9646751745632
-13.25 -90.76611691531303 552.5324588588584
-13.25 -75.01166440017954 564.1505848164544
-13.25 -75.55917980183278 565.7731586028029
-13.25 -73.90605205832691 565.4273213238752
-13.25 -74.43854276807265 567.0059314036438
-13.25 -72.82943454659504 566.6695957259152
-13.25 -76.04935355402782 567.344482149471
-13.25 -74.95519820671821 568.5490674063703
-13.25 -76.5292326007888 568.8795856193807
-13.25 -54.39452830318661 296.6862266156746
-13.25 -26.25802332596464 554.5297494802827
-13.25 11.1630478261162 394.664090364672
-13.25 98.88627432530237 339.9314430074076
-13.25 103.6760794443728 339.774530922065
-13.25 18.04691065220394 544.6319681169084
-13.25 16.33777965406309 544.868169435307
-13.25 61.67422963741678 418.3275225855451
-13.25 64.35336769457079 418.1076546403546
-13.25 63.19986184283037 420.4848083191579
-13.25 65.78713770824254 420.2718309946297
-13.25 64.67365735492635 422.5668970472689
-13.25 67.17136308027861 422.3610480315029
-13.25 66.09662419293697 424.5766154948968
-13.25 68.50773849480889 424.377757578972
-13.25 69.55763752356776 422.2309102161901
-13.25 67.47037572068047 426.5165112755525
-13.25 70.8711206989132 424.2034051258573
-13.25 71.90383286346591 422.0921514323779
-13.25 65.12534043592181 426.7208012993306
-13.25 66.47316851764879 428.6310363266373
-13.25 64.15859857774541 428.833536625225
-13.25 65.49000274316785 430.7224615947247
-13.25 63.19961535995849 430.9231545880964
-13.25 64.51756891472567 432.7944116051421
-13.25 62.23289846534196 433.0037828130971
-13.25 73.19397105820147 424.0314184692228
-13.25 74.20749528833115 421.9583708460472
-13.25 63.55757980061146 434.8888682691696
-13.25 61.25268446261702 435.10057640386
-13.25 67.75692618308484 430.5113253120684
-13.25 62.58969383174449 437.0040707388558
-13.25 60.26165871519653 437.2179733424782
-13.25 61.61255163914831 439.1449029114347
-13.25 59.25154364275679 439.3631176166541
-13.25 75.47383741416985 423.8617749408527
-13.25 76.46883317275481 421.826847192933
-13.25 75.22343791774242 419.9200744119648
-13.25 77.51755050067958 419.7817878588096
-13.25 78.75330945987606 421.7069152255038
-13.25 79.78452346231138 419.6857815585644
-13.25 78.56721833738519 417.754595849259
-13.25 80.86953830882767 417.6526010519649
-13.25 79.62896301282923 415.6852341804395
-13.25 81.97594768633357 415.5801030669085
-13.25 80.71013328778244 413.5716378137362
-13.25 83.10919574203351 413.4627694054432
-13.25 81.81387866622737 411.4064330305083
-13.25 84.27509096399218 411.2922165470258
-13.25 85.56019440227726 413.3809017549078
-13.25 86.70773930499494 411.23516803902
-13.25 85.44162214400757 409.1404319320908
-13.25 87.92072851320272 409.0719970080126
-13.25 89.17619571041241 411.1976699020518
-13.25 90.37504538432665 409.0560148898373
-13.25 89.13391709693072 406.9187056410385
-13.25 91.6385265175318 406.8933015141301
-13.25 92.86868851758486 409.0624023252955
-13.25 94.11244542934726 406.9236492973307
-13.25 92.90206949983013 404.7414146934143
-13.25 95.43208459133533 404.7649270648512
-13.25 94.18793852987122 402.5084007067688
-13.25 96.81483843112723 402.531293480565
-13.25 95.52178744602409 400.1791066923722
-13.25 98.26343940293441 400.2034610527089
-13.25 99.56996813212137 402.6311543063195
-13.25 101.0048463154366 400.2935173384477
-13.25 99.71448261447439 397.8028635660866
-13.25 102.5845365787842 397.8955235313056
-13.25 101.2329909284523 395.2634389914061
-13.25 104.2761246023572 395.3638682332122
-13.25 102.8449056316756 392.575998430718
-13.25 106.0676831432734 392.6828192642079
-13.25 104.5523328234835 389.7319355577736
-13.25 107.9638586235761 389.844560771511
-13.25 106.359372773195 386.7204691440952
-13.25 109.5193271125316 392.9362585831974
-13.25 103.9040337803145 400.4840601142127
-13.25 57.86564751836404 437.40012481329
-13.25 56.8268157091367 439.6042782761668
-13.25 74.47751190454255 425.8765629978315
-13.25 82.07551870025341 419.6022787668699
-13.25 95.31781003998 409.055629189884
-13.25 60.62285129517308 441.3184401240842
-13.25 111.3992065427343 390.0533338767511
-13.25 112.9724926971184 393.1336047652565
-13.25 64.89165228576712 436.7783670123692
-13.25 60.88766637280486 431.1138554217971
-13.25 55.40132303117021 437.5855535274043
-13.25 54.3326963005882 439.85280619562
-13.25 94.09895215805692 411.1211396520382
-13.25 38.84328837135933 433.1036673360688
-13.25 -98.45014973283004 404.2495334711266
-13.25 -101.363374593155 400.4484663693787
-13.25 -106.1350007194951 401.0655953421966
-13.25 -104.2884079030632 396.5877930942881
-13.25 69.87154535240461 408.1262604099117
-13.25 -39.77989540022387 539.0425990567094
-13.25 99.6426465949194 392.4824277896749
-13.25 -93.78394631385616 567.8704036475241
-13.25 -28.68917744318095 499.0323781563793
-13.25 -100.1856549351161 572.3129142564812
-13.25 -101.9119072646507 572.6812704610627
-13.25 -100.7358298181672 573.963696890962
-13.25 -102.4129377616529 574.321238628125
-13.25 8.091398138061543 492.6024498546743
-13.25 -45.91648753276529 559.7062087850488
-13.25 -57.10305847685689 561.8647455633832
-13.25 -36.93877951696789 437.5615267746734
-13.25 -5.564609214486691 530.3770305917724
-13.25 -34.73938359289421 557.5530219537592
-13.25 -15.79065492769406 551.2520389731922
-13.25 2.12439814863872 520.0911622972174
-13.25 -9.311163346993695 550.1674315848189
-13.25 -23.26519849786309 486.289669523147
-13.25 30.22968887130298 439.6593080236116
-13.25 -59.48743345127594 547.2382168240056
-13.25 -58.25105822699843 548.7309933238942
-13.25 -60.14686886256461 549.0427818688355
-13.25 25.81753207984601 494.0492374223774
-13.25 21.7985958256996 503.2879436400074
-13.25 -48.20814409787594 527.9663347135931
-13.25 3.659893161323029 548.0481188550854
-13.25 -60.42457384309646 420.5813957432831
-13.25 -68.02048078788486 562.6105465647131
-13.25 -117.9111428833836 577.5564789417482
-13.25 -115.9894503056567 577.0446313494307
-13.25 -119.8546410762791 578.0608308064232
-13.25 -121.3010923541752 576.6663253762194
-13.25 -121.7956777249635 578.6267530156476
-13.25 7.132168386153078 495.0022203676481
-13.25 78.12713607137957 324.1883420240089
-13.25 81.00573244353717 328.1150888282145
-13.25 76.19117806006909 328.6260283190388
-13.25 -106.6202252170108 544.4406421662281
-13.25 -1.581106760437706 451.9225170857912
-13.25 17.91965179492788 512.1078786761969
-13.25 -26.80440703140829 556.0368004981552
-13.25 -25.24226776100033 555.7505848930264
-13.25 -25.77857566278129 557.2295804278667
-13.25 -24.24461116869154 556.949086207439
-13.25 -24.77161515755203 558.4017244494397
-13.25 -23.26483862003823 558.1264540648051
-13.25 -26.27976659938233 558.6787410947068
-13.25 -96.89406943001082 330.9853265754635
-13.25 -99.92651593865403 326.9052163444412
-13.25 -104.9881194135797 327.4886011610584
-13.25 -102.9644579795048 322.7968231680954
-13.25 12.00913319721313 520.6189913447702
-13.25 76.68104782943564 425.712486849304
-13.25 75.71805297459863 427.6582420498617
-13.25 -33.33860030055258 420.2515746608399
-13.25 -31.81437187778536 416.6204006422575
-13.25 -15.04420097884472 515.2764934682875
-13.25 -12.76639521923267 514.9142896866283
-13.25 -13.59494859474873 517.0470992187354
-13.25 -11.35363282951612 516.6904621895811
-13.25 -36.24306963713329 391.6179680404525
-13.25 -34.57944071590025 387.6909949606394
-13.25 -32.02758320929451 391.0879455020114
-13.25 -21.2465745654323 520.2041175125686
-13.25 9.911038390476563 544.2091943514585
-13.25 6.032271053459935 525.074309047055
-13.25 5.258340934867219 526.9820450734943
-13.25 7.283952143630984 526.6929428303877
-13.25 6.519427597619027 528.5770892222764
-13.25 -58.93207835223009 550.5096662222069
-13.25 -60.79513947407373 550.8160953724461
-13.25 -57.07367438426807 550.2015025668132
-13.25 34.06047925114754 506.9473548717035
-13.25 -33.44584755659157 280.6793565414602
-13.25 -28.39235680911408 280.0395842661231
-13.25 41.48372325159755 463.737625791605
-13.25 31.71472290155299 522.7856936478117
-13.25 33.85325165694247 522.4966422408022
-13.25 33.03385132643037 524.4897714690932
-13.25 35.16227283629906 524.1997946756707
-13.25 35.98970144799803 522.209218940985
-13.25 92.77465733561519 400.1525429560614
-13.25 -89.14411156874603 515.6528585397671
-13.25 -91.65079616912065 439.4453358880947
-13.25 -23.78183624672204 439.014586239296
-13.25 79.16306881102187 360.5494606763413
-13.25 76.78907074276768 356.7996974878822
-13.25 74.73443466610701 360.7268781485382
-13.25 72.36441220553398 356.9858553655403
-13.25 70.31416540407021 360.9059758200594
-13.25 74.41471825685909 353.041758029641
-13.25 69.95371702207783 353.2277097089412
-13.25 72.02216295929612 349.2470242714535
-13.25 -68.29639404649508 390.9957522322817
-13.25 17.9223467708336 462.1874560632597
-13.25 -52.23517558215786 509.3958491655924
-13.25 -6.096337802056227 416.4817655417131
-13.25 1.235636854373803 319.4629734409162
-13.25 -3.526334834847923 320.0422412106527
-13.25 -0.6463417509702047 323.8547833318602
-13.25 -5.369163538779049 324.428357399024
-13.25 -2.513696659234437 328.2096384789762
-13.25 -7.197261744188825 328.7776671655438
-13.25 -4.366305243339582 332.5270372728666
-13.25 -9.009951045722154 333.0897754811012
-13.25 -6.203584612407856 336.8067994238553
-13.25 -1.604192519432286 336.2470459872568
-13.25 -3.421865416677415 340.48761917708
-13.25 1.139135762715104 339.9327909648528
-13.25 -0.6635087783120828 344.1384516048091
-13.25 3.859045438134087 343.5877660149861
-13.25 2.071905697320084 347.7570039649166
-13.25 6.555188942464456 347.2111120924022
-13.25 4.783544526539394 351.34403599851
-13.25 9.227743582452309 350.8029296086474
-13.25 7.471496372599388 354.8996073349035
-13.25 -11.83648564763045 329.3645236617454
-13.25 11.87664633909596 354.3633059373745
-13.25 10.13578517641382 358.4239483778505
-13.25 -7.981126694293163 341.0416769362773
-13.25 3.067994910734036 355.434771272303
-13.25 14.5021938443945 357.8924078470801
-13.25 12.77660498511729 361.9173198142136
-13.25 10.99915949067174 346.6946873538605
-13.25 -2.409533181330765 348.3015272482814
-13.25 8.450169151055507 362.4430442777902
-13.25 2.167297673790773 327.6390543778713
-13.25 -13.64865981000032 333.6744530946768
-13.25 -16.47551064907373 329.9499189098263
-13.25 49.87704592102282 474.8713682196854
-13.25 13.63575536193412 506.453860953428
-13.25 -30.17445156290288 538.0559988949717
-13.25 -39.29135947306479 507.3415970985915
-13.25 -120.4096259338278 572.5607175621772
-13.25 39.47429578596125 425.2281893680327
-13.25 24.77125285094624 519.9213484774984
-13.25 29.95731117996374 484.4856043192219
-13.25 96.44559005707136 411.1135115601679
-13.25 -30.15793579975617 306.5354839878698
-13.25 -35.07033670918455 307.1635578151223
-13.25 -32.07241062880066 311.0865601486843
-13.25 -36.95413032582592 311.7101337646409
-13.25 -33.97557620424796 315.6077500754495
-13.25 5.661656528301911 339.4068031451099
-13.25 45.11131157195615 369.4433070957593
-13.25 92.54612416753349 374.9070542400462
-13.25 43.31633272070943 501.5733209232328
-13.25 72.67842948092577 364.6204610960932
-13.25 68.3223910371368 364.7834049280324
-13.25 42.73989370078839 485.5287278227942
-13.25 27.1089358532939 426.373382523245
-13.25 23.91140430541278 426.7413321229571
-13.25 25.18805219383611 423.758109540566
-13.25 21.93418779751351 424.1304197729054
-13.25 23.23468661407142 421.091348282409
-13.25 19.91930357926515 421.4704030820441
-13.25 21.24497668514683 418.3768939627994
-13.25 24.61170537620755 417.995524650423
-13.25 17.87146952923948 418.7620346468058
-13.25 19.22087347193289 415.6145663782666
-13.25 18.60936180287542 424.5557613974905
-13.25 15.78885294258239 416.006164199797
-13.25 17.16185187550155 412.8041638556588
-13.25 13.67072730628604 413.2025572633733
-13.25 12.28939692048361 416.4480783158072
-13.25 -104.0243361741479 479.2393449798248
-13.25 -106.4876418060074 476.1808175035507
-13.25 -110.4055314180986 476.7954389584577
-13.25 -108.9866626326763 473.0454266883819
-13.25 -91.14748016832115 282.5569482519676
-13.25 16.24276522279123 353.8562583675188
-13.25 64.38337034068225 290.8872601546977
-13.25 61.3815772891537 286.8135849948182
-13.25 66.42753605743737 286.2381516426922
-13.25 63.40403425067812 282.1368013698266
-13.25 68.48397350338702 281.5570198997045
-13.25 58.32856910214088 282.7176297795385
-13.25 -18.01179940075469 528.8909395522898
-13.25 -26.0677965065187 545.5390244978762
-13.25 -3.402909513358308 425.6980420986571
-13.25 38.0686277576805 347.4180555567997
-13.25 38.70492277043837 495.4120932574018
-13.25 -27.26651540401136 525.0345483120898
-13.25 -32.51787540310605 545.1180174858945
-13.25 -33.1088774237618 546.8164751605564
-13.25 -34.28548584856794 545.4550053273076
-13.25 -58.85814347029766 434.8224366157918
-13.25 -99.64086682477974 565.6648342691227
-13.25 -22.14871052655457 373.8605468491254
-13.25 37.44727506633301 359.0588220011197
-13.25 5.275388820959109 547.7811935820301
-13.25 4.696592808738637 549.3003274341643
-13.25 6.28863612416357 549.037073528379
-13.25 5.718370773901808 550.5339748885769
-13.25 7.28708444419476 550.2745222047763
-13.25 4.152225900879233 550.7911749455579
-13.25 5.155163097477739 552.001377368409
-13.25 3.619299325278291 552.2535157198055
-13.25 -95.56082940751423 408.0412746698312
-13.25 -48.36935567505902 346.2464235730749
-13.25 -37.35737488598196 340.8229741477012
-13.25 -53.2591185449236 326.2097790341924
-13.25 -64.71753850312274 331.8696921309771
-13.25 32.48247152622188 447.4012136803733
-13.25 -58.11311640444993 375.1868567099212
-13.25 -56.3612884697086 371.0100981344158
-13.25 -51.85410974437526 370.458852977717
-13.25 -54.58632615979636 366.8210485747522
-13.25 -59.12225990733518 367.369669982207
-13.25 -57.33257001971457 363.1410244809956
-13.25 -61.91448046643821 363.6948702789539
-13.25 -34.61716704496214 495.2081407173859
-13.25 -90.02134351520817 435.369969326379
-13.25 71.51763364390534 285.6819832747102
-13.25 73.58092296133469 280.9865411225069
-13.25 76.6232064114721 285.1244434157333
-13.25 78.69239399994495 280.4157974002948
-13.25 81.74322394641105 284.5654365286564
-13.25 83.81899766330615 279.8430097969931
-13.25 86.87863355779074 284.0053162275174
-13.25 88.9604370298251 279.269325672392
-13.25 -25.56840860219024 514.9613646362717
-13.25 -66.46184813228926 516.0654894452873
-13.25 -65.52113065309898 513.5849467682995
-13.25 -68.17498626778908 513.997151855317
-13.25 -67.21095647244151 511.4546421275509
-13.25 -69.93135787568004 511.8771799693127
-13.25 -68.94315221079017 509.2709165180129
-13.25 -71.73180488689975 509.7040336821069
-13.25 -72.73124963991295 512.3644778801736
-13.25 -70.71878729889355 507.0323942249479
-13.25 -73.57738775042479 507.4763607465783
-13.25 -72.53894015579316 504.737765413893
-13.25 -64.50019891837665 511.039746761473
-13.25 -0.2683867927647278 489.2865200087998
-13.25 -2.853923331124767 489.6814888894376
-13.25 32.54430914957518 319.8698189007657
-13.25 -26.60466095836059 355.4256851024472
-13.25 43.49164200764091 334.8716094363828
-13.25 -104.7320442354821 441.37502602362
-13.25 -69.8703624159766 525.635562319142
-13.25 -108.587189207357 418.1145120578944
-13.25 -58.04008853439363 405.3798810906794
-13.25 -106.3336686873233 445.5286815778157
-13.25 -27.8312100591798 515.3508815355166
-13.25 -102.2385907923419 456.124719662124
-13.25 -56.1016383532886 454.5865918326755
-13.25 30.88176837176766 374.6863251804012
-13.25 -83.84397158036261 561.3081611391079
-13.25 -83.28907054777278 559.530639841847
-13.25 4.696272252216273 436.8336192507677
-13.25 20.64750807660114 412.4098875019836
-13.25 18.56050689004521 409.5643145440944
-13.25 22.08861494604013 409.1648392854019
-13.25 -3.391386744263841 524.7072261525999
-13.25 -8.44314902209738 396.9229595257933
-13.25 -11.93396874621945 387.0126973051065
-13.25 -65.79314190029493 442.767643141795
-13.25 -68.0199336532874 477.5202517907611
-13.25 47.08390291585992 475.205261963759
-13.25 2.912720467769561 518.0918668095225
-13.25 0.7710261990278588 518.4024621537304
-13.25 1.570181065855899 516.3737243831
-13.25 -0.6037121950614184 516.6891596016957
-13.25 0.2073515387681364 514.6301325176458
-13.25 -1.999039681819921 514.9502762204847
-13.25 -2.811039880502228 517.0311134634829
-13.25 -4.677977265782822 378.9922712173981
-13.25 11.06568947234691 365.9023929477195
-13.25 65.97163522983668 361.1255724898324
-13.25 63.9843497085266 364.987017409569
-13.25 66.32777264702932 368.6009179249114
-13.25 62.07167760219888 368.7940269360176
-13.25 64.36448875371696 372.3288393013032
-13.25 60.20596868402019 372.5152029337651
-13.25 62.44409188141977 375.9668954101937
-13.25 58.38748256471122 376.1457940865526
-13.25 60.56811217385949 379.5103826827782
-13.25 56.61297389448604 379.6848143157753
-13.25 58.73919308304377 382.9681539909586
-13.25 54.8773535820105 383.1388806216063
-13.25 56.95404168495026 386.3508000983657
-13.25 53.17417627798083 386.5173893993123
-13.25 55.20628810510755 389.6600999484232
-13.25 51.50889858404955 389.8225250049275
-13.25 53.49613083094223 392.8949333611549
-13.25 49.88151506622706 393.0539904902388
-13.25 106.2001307854705 343.8812895933265
-13.25 -73.4652197971462 433.2850190786993
-13.25 -75.00949572047699 437.1528110077588
-13.25 74.18981081012224 400.1858083894351
-13.25 67.51865876844181 349.4346571901111
-13.25 -67.87036877102301 506.5964723333572
-13.25 94.57084939079145 371.241226687406
-13.25 70.609733382222 420.1155782872455
-13.25 -60.10641499784473 359.4230491246427
-13.25 -64.7343548501013 359.9828010507189
-13.25 14.45370732857007 532.3588004700871
-13.25 108.2309161956464 299.0739753002323
-13.25 105.2057569740508 294.9114054590897
-13.25 -62.00702545431018 549.3679149778454
-13.25 -62.65907018253968 551.1447315377301
-13.25 -63.87759788966476 549.6895141936599
-13.25 -64.53274628002421 551.4758797302512
-13.25 -65.75792621710765 550.0132254011028
-13.25 -110.5738542736501 487.106987698851
-13.25 -37.13392172870747 384.2681860312192
-13.25 52.81614274686287 414.1874675786968
-13.25 -31.50874969444495 519.9994671868395
-13.25 6.652636464359994 540.1474726643723
-13.25 4.919438184992165 540.4277623534558
-13.25 5.540876297381652 538.7716406919687
-13.25 3.782209725374442 539.056378050777
-13.25 4.412552674969761 537.3761325601884
-13.25 2.628045617654168 537.6650350640293
-13.25 3.26759678567479 535.9596795625544
-13.25 1.456318975181588 536.2530064974511
-13.25 0.81778708147376 537.9750459010676
-13.25 -0.3525118814822068 536.5616958050371
-13.25 5.080653679918772 535.6651137506843
-13.25 -99.4377098474604 279.053082931612
-13.25 -104.6115809895253 279.7035910389399
-13.25 47.58777690284927 419.5836473341836
-13.25 -55.40371801948455 541.3552600798311
-13.25 -34.87771432599396 547.1559793081334
-13.25 22.64325750141785 429.7183180205333
-13.25 -111.0988103946198 535.2573135600292
-13.25 -113.0460981692062 532.9806154073561
-13.25 -110.0835006768438 532.4177881398595
-13.25 -112.0564546673296 530.1112379737025
-13.25 -109.0549133823719 529.5408873625228
-13.25 -111.053886172513 527.2042116783011
-13.25 -114.1112484131358 527.7761905686942
-13.25 -113.0868390626311 524.7947494312795
-13.25 -107.0890415915096 531.8660790242687
-13.25 -109.9629638220781 524.2213898305126
-13.25 -112.0257846253935 521.7790727294573
-13.25 -115.2063202952148 522.3545156335476
-13.25 -114.1226952336067 519.266524335633
-13.25 -110.8780837898395 518.6899410568961
-13.25 -113.0037651313503 516.1455832661007
-13.25 -109.7199496132192 515.5622507982356
-13.25 -111.8710365520468 512.9875405074196
-13.25 -108.5478591087763 512.3970703682979
-13.25 -110.7250022688898 509.7907550169136
-13.25 -114.1061229876963 510.3824543259907
-13.25 -112.9362226877163 507.1114203381893
-13.25 -18.93227347562357 547.4281889585374
-13.25 15.35154503731776 365.3826325707777
-13.25 55.79697181196858 441.9084267395669
-13.25 53.2700662944789 442.1590793093652
-13.25 54.75204136561653 444.2367435516514
-13.25 52.19745002410955 444.4915350943421
-13.25 50.69185779121521 442.3863073839882
-13.25 49.59267904516943 444.7633950501319
-13.25 48.0503817475407 442.6075510201562
-13.25 46.92453923051272 445.0425862158859
-13.25 45.35230146094309 442.8378743390024
-13.25 4.043574090290334 302.2324181397473
-13.25 -109.1618580885961 442.0525327289427
-13.25 -0.989438476175295 538.2802888262543
-13.25 -2.156870551033044 536.8703056389303
-13.25 -2.792358881251676 538.5847690457276
-13.25 -7.583001519007725 545.5681619299843
-13.25 77.84454091521825 427.4995045839709
-13.25 -112.9907909943659 473.6738399876033
-13.25 -111.5408781584811 469.8414314427766
-13.25 -109.4870212113887 506.5169519744105
-13.25 -39.52395573264142 554.1760151980362
-13.25 -23.17187124768444 533.339535633694
-13.25 108.5227704859681 339.6247422214307
-13.25 -62.00029560187601 314.4907711536083
-13.25 11.13189615986927 450.2164370479391
-13.25 -51.31815004535782 300.6950168359122
-13.25 77.26392249327716 415.7788430261938
-13.25 -92.6259026153221 531.3400959405532
-13.25 -50.60305176750451 397.1235323476213
-13.25 -15.46394733642606 450.1983913507771
-13.25 -115.8833519051393 541.3973177822551
-13.25 -55.49900188354741 557.2368954862121
-13.25 34.34856141108273 526.1834411087345
-13.25 -96.09636516850591 511.3604109683717
-13.25 -18.28977745294898 334.2619432113909
-13.25 -21.1206618268616 330.5331751833841
-13.25 -27.04066538695099 513.1760046822278
-13.25 -13.20859866763405 474.8788930830004
-13.25 5.157924940914913 289.1889767968202
-13.25 7.139667231646444 284.5784684594133
-13.25 3.125256893732208 504.2675255962825
-13.25 19.88081775526463 383.1807892616839
-13.25 4.134656287581448 280.5441081260906
-13.25 9.144331126197667 279.9489578466527
-13.25 51.82445188972878 396.0566658585299
-13.25 48.29151015317847 396.2127770274059
-13.25 50.19119264405259 399.1494250331399
-13.25 46.73256850804799 399.3040026927503
-13.25 98.02828342638691 300.1653487597732
-13.25 -116.0252198801574 533.5404052210669
-13.25 -117.8623438575905 539.1923876609429
-13.25 -80.80743860521666 531.6778029138986
-13.25 79.03770899092993 332.5096221088318
-13.25 -54.11508752428162 526.8943303923198
-13.25 -54.92755625946052 529.0166682818846
-13.25 -53.49224601225294 530.7636803666671
-13.25 -110.7858493495271 446.2623892577175
-13.25 -23.47033725704486 454.2438193211415
-13.25 -21.40231999374627 456.8844608389566
-13.25 -18.10950929112086 456.4226027312748
-13.25 -19.36047303451584 459.4728270127202
-13.25 74.27746138205744 333.0137099797429
-13.25 71.44893530897309 329.1688484413529
-13.25 69.54567012213676 333.53186516776
-13.25 66.73164206124284 329.7076743950639
-13.25 95.27866918168199 413.0855718543344
-13.25 18.86887153540314 357.3821364918928
-13.25 -25.28842659825044 559.8319618880809
-13.25 -26.77197321269705 560.1045571328016
-13.25 12.15601705628156 284.0018572861613
-13.25 14.16208463466586 279.3657273290332
-13.25 -3.95727711671808 537.1779690928739
-13.25 -4.59173572435866 538.889052959588
-13.25 102.7762884044962 386.6183212583517
-13.25 104.6588917553596 383.475204347885
-13.25 108.3962626948659 383.5850139714164
-13.25 106.6259012117045 380.1836519155161
-13.25 -30.36469061163488 430.1084193085754
-13.25 14.15706835129027 520.3443335241921
-13.25 13.3192364417455 522.3283387835136
-13.25 -108.0555056838932 323.3832610330642
-13.25 -106.0195265018917 318.6665278999639
-13.25 -104.4502205260576 550.949774960104
-13.25 -113.0663272485919 484.1261044320925
-13.25 -44.16807820050154 428.5689775465049
-13.25 -109.1234093684217 397.2135532042778
-13.25 -107.251771485074 392.6830062921717
-13.25 62.99553007819466 441.0867236472781
-13.25 62.00797123893059 443.238010722213
-13.25 76.91535406685217 429.3747370191011
-13.25 -16.422974631213 482.7624225534234
-13.25 17.29678705175666 497.3521202301243
-13.25 -83.02919934001807 568.9672500620493
-13.25 -83.52443179192471 570.5522155023046
-13.25 22.23975672249225 542.5506463765538
-13.25 22.92256246527799 540.8911214066682
-13.25 21.5537008563074 544.1941679030824
-13.25 -16.25901510111194 494.0306655108296
-13.25 -17.17818317924096 496.4662851827731
-13.25 -41.87624128142897 523.0275876783057
-13.25 -41.01813221676652 520.8902841680861
-13.25 -42.73663969998285 525.1488286179839
-13.25 6.781723258009226 366.4229478196138
-13.25 -103.5779577591942 573.0687910723798
-13.25 -104.0846161325864 574.7081534271438
-13.25 -108.3739118874508 556.0558616900142
-13.25 48.59406647694636 402.1843297851221
-13.25 45.19702879840339 402.3380794465477
-13.25 -111.7309031328043 503.8012328470353
-13.25 -46.54300326616131 377.6772219673965
-13.25 20.61108371601445 353.3436078304745
-13.25 50.9995389323736 484.557851647195
-13.25 -29.33880173561909 513.5717722196351
-13.25 52.68238858691042 474.542347316956
-13.25 -85.13407246754817 559.9300472018444
-13.25 -84.56391810354008 558.1027316875779
-13.25 -82.67006466888695 557.694935551202
-13.25 -83.97550964952882 556.2338324489518
-13.25 -82.03862032201749 555.8170254397297
-13.25 -114.4225148103006 487.7925694221233
-13.25 110.557307490192 380.2988150624147
-13.25 108.6948563751356 376.7164456806427
-13.25 -90.11498857200677 487.0385438678973
-13.25 43.32558134945896 399.4853388771304
-13.25 41.77226462929723 402.5445630008339
-13.25 43.66250052068827 405.3912285279596
-13.25 40.27243630130966 405.5913830181676
-13.25 42.13921521248942 408.4002222101655
-13.25 38.79581027593067 408.5975198247158
-13.25 36.91631060447368 405.8085717067994
-13.25 35.4188886240041 408.845479914461
-13.25 37.32130037051823 411.6352570665707
-13.25 33.5115510305686 406.0173959968783
-13.25 114.8593459754272 390.2279482508915
-13.25 10.08416617583098 487.7714873804265
-13.25 10.02341528792818 468.4705208128882
-13.25 -118.8048487916559 542.0288823929404
-13.25 16.42231058350053 472.5528238080424
-13.25 21.14134183868852 487.8877539087249
-13.25 -94.94935330834596 566.5125010218607
-13.25 -93.17360136667483 566.1675298710144
-13.25 -37.19477775689839 360.6423193889293
-13.25 -36.0566019929086 545.7919405864075
-13.25 -36.65006102999271 547.4962986705276
-13.25 62.79246821838016 426.930877289874
-13.25 -111.5482830179316 414.3513920654441
-13.25 -75.46900168630486 505.1928978455236
-13.25 -74.40448955315851 502.3868640131641
-13.25 64.8364545944028 334.0496924051573
-13.25 62.03317069885628 330.2415146330663
-13.25 -17.30484499791667 526.9813336145246
-13.25 -19.33027290381779 527.3171644235043
-13.25 127.1472460341616 401.7932325024984
-13.25 -9.780867436536965 560.5804947252415
-13.25 17.39422459042387 546.2108498018372
-13.25 15.72166699906302 546.439892968563
-13.25 70.53675605040773 276.8430127828393
-13.25 -43.50505204965612 547.9786360044585
-13.25 -45.32742521918063 548.2641536032912
-13.25 -66.34650547693359 557.7097721125822
-13.25 -1.704165370535514 505.0065001653101
-13.25 85.82890115645704 327.605727418784
-13.25 44.20603422031397 445.3182654228182
-13.25 42.60593802635034 443.0737515866224
-13.25 6.063099107048097 478.9473053169445
-13.25 -123.2636905025651 577.2137943338618
-13.25 10.15360833753386 413.6223471658994
-13.25 11.54536634388611 410.3392853081495
-13.25 8.762682430075269 416.8936769151883
-13.25 -39.0415302374121 537.1913135244449
-13.25 -40.27430309654104 535.6123167564574
-13.25 -35.46571944418123 544.0744971141065
-13.25 -115.2410160100911 504.3976523979989
-13.25 79.33582123884949 411.5071340706943
-13.25 80.48523581626945 409.251553340775
-13.25 37.30563931013704 523.9234765350969
-13.25 38.13853180279348 521.9218983849087
-13.25 19.73402810049499 464.4955978384463
-13.25 -34.18164842704757 413.4669689597254
-13.25 -30.25812806514995 412.986859327696
-13.25 109.13996595839 307.9043051640925
-13.25 -116.3053537402456 516.7229386043509
-13.25 12.54671710508113 532.6449516793482
-13.25 13.25028158827093 530.836269745693
-13.25 -81.92909192476459 570.1808375371294
-13.25 -92.34711935912128 484.2339158613199
-13.25 -16.12543442664174 459.0179512094204
-13.25 -17.35394113456147 462.012014106158
-13.25 -92.6230448143738 569.2057147023349
-13.25 -93.19861611175423 570.857365056816
-13.25 14.25408914558913 477.7575188902447
-13.25 -110.0883924152645 328.1007719564008
-13.25 -102.5875409847622 475.5609414838118
-13.25 -120.951821288284 566.598392698463
-13.25 -120.2791910109021 564.2680611755266
-13.25 -117.8898436673048 563.7260957233211
-13.25 -119.560058264755 561.9005749862404
-13.25 -117.1228469160243 561.3475302742901
-13.25 -118.8270038490369 559.4842780109682
-13.25 -76.51858535931241 507.9876050208583
-13.25 -14.16211385514291 447.0724025185863
-13.25 52.87138553457508 437.778580112396
-13.25 53.96710236062165 435.4637361972506
-13.25 2.235505282445834 506.5252411761397
-13.25 50.99519092425363 472.2808907683757
-13.25 20.82160856267565 461.7768727009346
-13.25 11.14636160186513 275.2967516796161
-13.25 52.49197056719483 426.4368742400249
-13.25 -101.2709601094804 575.5657261146047
-13.25 -99.64657455387278 575.2179340099153
-13.25 16.19249343999729 274.7088489508077
-13.25 19.21677355784963 278.7985119197405
-13.25 21.24930725395224 274.1324164232905
-13.25 24.27852450940583 278.2276618727153
-13.25 -18.58294091616601 421.229995823414
-13.25 105.9685765978543 335.4657951204776
-13.25 110.8788297972014 335.3139862630344
-13.25 -96.61198236912705 399.8238052452182
-13.25 4.154257363694626 483.9853264220121
-13.25 53.2578823331327 479.4060714917295
-13.25 -62.90828922424339 355.6690099725712
-13.25 -67.58137071922566 356.2342439022938
-13.25 62.58988770051285 382.7923312493036
-13.25 -116.5231914915819 578.9040885382317
-13.25 -114.7043065884351 578.4198522969132
-13.25 -5.754969682105694 537.484565017289
-13.25 -6.388546032740326 539.1932641551505
-13.25 -66.41762822623951 551.81027710092
-13.25 -67.65069864411903 550.3379990308579
-13.25 -66.98920670358939 548.5152556626886
-13.25 -68.92174653869802 548.8453202080484
-13.25 -68.24574440474487 546.9807595778518
-13.25 -70.22315985976086 547.3186652146504
-13.25 -70.90525862900863 549.2181569057506
-13.25 -72.21813164537119 547.6744950986679
-13.25 -72.90684153397056 549.590363121795
-13.25 -74.23182331820166 548.0323414745134
-13.25 -71.5332828723562 545.7437700045963
-13.25 -74.92710886195333 549.9660403910453
-13.25 -76.26402046345207 548.3934884144329
-13.25 -75.56534361998433 546.4267623829189
-13.25 -77.64378135170658 546.7958651363987
-13.25 -78.35076248631569 548.8010531465804
-13.25 60.36192880738366 278.0198434905945
-13.25 55.26552359069308 278.6028944588741
-13.25 -19.30542479766979 326.2010173258344
-13.25 -46.58456955904299 425.4771598172979
-13.25 -40.49079008062084 524.8246557210111
-13.25 -41.336341846955 526.9083653207298
-13.25 -22.60190402380808 459.9303035451533
-13.25 4.602658626181301 553.4396910324851
-13.25 3.098094557626736 553.6863016084678
-13.25 110.333889827105 294.3650769943249
-13.25 107.295337235391 290.1844588431355
-13.25 -106.0752875180828 529.0153485981031
-13.25 -104.1354410940887 531.3107981418788
-13.25 -38.82506250135813 316.2268101431061
-13.25 74.84991076087242 429.5396166656122
-13.25 76.0237854601655 431.2253976068849
-13.25 3.915957189131414 534.2233685597395
-13.25 13.65595547199539 369.3311875265238
-13.25 -37.26581730580197 544.4155451488606
-13.25 16.09432828331397 459.87295651094
-13.25 -30.37716505101749 387.1911396279511
-13.25 -27.84502747288239 390.5614830120742
-13.25 -29.48408216437132 394.4174652660312
-13.25 -25.35429026471913 393.896561695429
-13.25 -26.97210476697639 397.701533896519
-13.25 -120.8210871788057 539.7840964203059
-13.25 -37.81105739319607 538.754961513544
-13.25 -75.46048697542139 570.0560082070401
-13.25 -73.9263476088511 569.7322328692978
-13.25 -76.99767251828263 570.3788230441975
-13.25 111.0745160547796 343.7790977054563
-13.25 -4.207003004292431 515.2875189928749
-13.25 -3.397434465091617 513.1913444362973
-13.25 -33.14794160509965 552.9587879238687
-13.25 6.110431013163893 553.1936023545588
-13.25 -83.37330585186145 554.3235189257089
-13.25 -10.83709141897045 282.3578458659784
-13.25 -8.863932829786068 277.7012383956969
-13.25 -73.58089625200147 574.653441276544
-13.25 111.083029558031 395.885013708156
-13.25 114.3062333847707 396.0739946152697
-13.25 112.540139041906 398.6144824648536
-13.25 115.5030190910053 398.7900951222753
-13.25 113.8782478974179 401.1205259946326
-13.25 -114.0107154196421 501.0110927231885
-13.25 0.5114459231542168 544.21126473687
-13.25 48.50149779119719 447.22419905949
-13.25 -24.2004992281428 564.8407199396837
-13.25 73.99230679982422 431.3883973175817
-13.25 2.413728199573333 514.3099848869475
-13.25 -55.70973585251549 531.1224085810894
-13.25 -54.29334339652862 532.8447774787604
-13.25 52.32215146252784 353.5784492688351
-13.25 -11.13324623733177 493.2218660614117
-13.25 -120.3469901653184 579.9838477259019
-13.25 -122.2078170101682 580.5184867944009
-13.25 -7.550320655663155 537.7906715391346
-13.25 -8.183274027394749 539.4973982806812
-13.25 -9.344051413355446 538.096183327746
-13.25 -9.976674931651356 539.8016595724172
-13.25 -11.13704821227956 538.4011649579046
-13.25 -11.76964898842773 540.1062616223519
-13.25 -76.92948624745235 544.7816503402248
-13.25 75.14794059540937 433.05041357018
-13.25 73.14322117181426 433.2115598703164
-13.25 -12.76605035805529 491.1878745196785
-13.25 -12.93022911688905 538.7057820317269
-13.25 -13.56326428704703 540.4115067807777
-13.25 112.8143610558849 376.8500642817864
-13.25 110.8735321066965 373.116808375364
-13.25 -35.866582304247 320.0983776125155
-13.25 -12.16877771717764 518.7888031249851
-13.25 -9.963729557753888 518.4379000911065
-13.25 -80.92567048931333 538.1487098168161
-13.25 -22.73992487780648 556.6932819904868
-13.25 -21.76390112201929 557.8634740615613
-13.25 -63.31120163975358 552.9212095959628
-13.25 -100.9118273823487 318.0835237062193
-13.25 -103.970612286685 313.9512877879384
-13.25 -109.0888968770942 314.5300161809938
-13.25 -107.0324187490097 309.7950808122322
-13.25 65.51800070453841 415.7215273904599
-13.25 55.34212567451213 395.8937456095592
-13.25 -113.6508967105964 442.739007503644
-13.25 -112.0085948779467 438.4577120567868
-13.25 -22.28884776515117 559.2821135847072
-13.25 -20.81120518664533 559.0224492936494
-13.25 -20.28848250055833 557.6217098297222
-13.25 -19.33953280656154 558.7737388834695
-13.25 -18.81797313776123 557.3772705269752
-13.25 -17.87117722999653 558.5265158586112
-13.25 -17.35072123032565 557.1331151388493
-13.25 -16.40593061778234 558.2799079650526
-13.25 -15.88655603261491 556.8894373064388
-13.25 53.79509761276976 471.9520826893564
-13.25 19.9753843566806 406.2806997226047
-13.25 -22.93635738400494 334.8506421676946
-13.25 -20.10497027911393 338.5666853452634
-13.25 -45.51927959113213 534.570930438933
-13.25 68.52063050400989 372.1367068800004
-13.25 -14.37356569853491 519.1394117867055
-13.25 23.29920496468036 543.9578433459858
-13.25 -78.43185603776462 505.6746096686256
-13.25 -54.37389170735945 386.3848120775905
-13.25 26.31505724994451 273.553290924447
-13.25 29.3501830490248 277.6564607319776
-13.25 -94.875725395006 326.3182869842421
-13.25 -91.853328975011 330.3953300451882
-13.25 22.62813756948871 545.565657843506
-13.25 49.47354152333447 386.7249303768263
-13.25 -102.3832136141908 392.0650813274606
-13.25 -105.352864109352 388.1559144741035
-13.25 -110.2417408110029 388.7670531164862
-13.25 -108.329880305149 384.2010635935105
-13.25 -103.412896380857 383.5977019522622
-13.25 -106.393942144144 379.6409273721237
-13.25 -111.3296518177871 380.2365500947161
-13.25 -109.380210697563 375.6428321151829
-13.25 -59.60130456747761 552.2576671553929
-13.25 17.90248148952448 368.8163941591077
-13.25 -22.8975679390516 397.1875422734977
-13.25 -24.49403906695742 400.9388455702787
-13.25 -25.82719905536204 540.6142821594717
-13.25 -63.92094702905725 533.1094257708889
-13.25 -31.47511287385199 275.9676031866885
-13.25 -26.39462926925552 275.3242592811567
-13.25 97.51863843073532 413.0797423217862
-13.25 98.64732360452827 411.1878576189278
-13.25 -96.69391947416075 551.7056597677192
-13.25 53.69691119114074 446.591615349787
-13.25 -86.93113186487609 578.1405171212324
-13.25 -14.9436993774872 558.0338520270005
-13.25 -14.42537010861149 556.6462064169347
-13.25 16.75323230178951 547.7514254103883
-13.25 15.11753523260265 547.9765103362727
-13.25 18.39140134172845 547.5293860402297
-13.25 -10.52574992328175 514.5820267804014
-13.25 37.37481503711376 514.5677791523832
-13.25 39.59318969623008 514.3104646157675
-13.25 94.1161063781496 340.0986615064505
-13.25 96.35579245057987 335.8673508267735
-13.25 32.23945992123385 526.4635236346794
-13.25 33.53456489813949 528.1349245077313
-13.25 31.45227467359347 528.4109477830501
-13.25 32.73012789596905 530.0586369460435
-13.25 30.678582125511 530.3303387729429
-13.25 -108.238257688738 503.2002812517904
-13.25 -106.0023188556024 505.9355592221714
-13.25 31.93727125909517 531.953174393331
-13.25 29.91768168742002 532.2200458803867
-13.25 2.125102054088353 552.5211636410822
-13.25 1.606240834603319 553.9432943850893
-13.25 0.6379078778736595 552.784282223368
-13.25 0.1209697293758603 554.2001924726598
-13.25 -0.84379599919256 553.0456435512194
-13.25 -1.358857198600639 554.4564035671615
-13.25 -2.320878399805804 553.3057714920674
-13.25 -2.834792986753229 554.7129252167076
-13.25 -3.795169332870906 553.5647590365232
-13.25 -4.308484787894025 554.969851958342
-13.25 -5.267899914083344 553.8230437831046
-13.25 -5.780846949031702 555.2268987316522
-13.25 -6.739727284366158 554.0808996274361
-13.25 -7.252492137537455 555.4840969341515
-13.25 -8.211406826062428 554.3383970529651
-13.25 -8.724386063788842 555.7418851314486
-13.25 -9.683842975584209 554.5957088708116
-13.25 23.2398820951431 356.8727230769088
-13.25 -113.1724438968253 323.9750165444433
-13.25 -28.52113961736663 401.4543725473957
-13.25 -65.73741829415239 351.879144283631
-13.25 -70.45435180146885 352.4499063453815
-13.25 -68.59323769097064 348.054267284601
-13.25 -116.9453236011214 484.775356099321
-13.25 54.13078938460202 349.4802311117696
-13.25 -91.50716293393057 570.520693494107
-13.25 -92.06703000698326 572.1252004288052
-13.25 33.96837555275781 411.878154622785
-13.25 35.85369116968862 414.6396871124243
-13.25 -71.5375117775128 536.369822463382
-13.25 -25.77038039149334 331.1182780753877
-13.25 -90.42513412463829 571.7981819733278
-13.25 -90.96850548977297 573.3553490500226
-13.25 -92.56375198205208 573.6743401893027
-13.25 -89.37504817673528 573.0379959512302
-13.25 -47.56597359034159 534.8818665931208
-13.25 -121.3333548579942 560.0432483130119
-13.25 -120.5769564384257 557.5362785470877
-13.25 -1.905731556329516 487.2283454335255
-13.25 1.60696689662135 399.1384385595003
-13.25 -59.06617852763759 521.5877138406063
-13.25 -13.48439793757139 557.7883180562504
-13.25 -117.6055820347436 501.6218737713406
-13.25 -118.8528797444858 505.0794180544069
-13.25 4.026950250297465 502.0007954620493
-13.25 5.538001408177596 503.9145931966506
-13.25 -115.6331835327316 470.4836685956751
-13.25 -114.1513397932543 466.5667995573069
-13.25 -12.11787249251137 449.7578088320187
-13.25 56.26131835442786 446.3268123748482
-13.25 5.761919470889093 533.9234457725685
-13.25 -90.93385854371539 568.9032371584728
-13.25 17.00986910783742 514.2323345685087
-13.25 19.28696132455579 513.95045080969
-13.25 18.39039616694033 516.0461450375467
-13.25 40.4747956519137 512.2791173692431
-13.25 41.78531919738825 514.0548677819093
-13.25 42.65634174082762 512.0405777826139
-13.25 43.94795766165745 513.7945699197762
-13.25 44.80665146181561 511.8096792456824
-13.25 43.08783099654153 515.7624579299378
-13.25 -29.12944370132349 314.9865405548153
-13.25 80.75815259370982 275.676257316362
-13.25 -4.519799686496588 487.6277726771274
-13.25 -102.5895096201772 274.885641876089
-13.25 -107.7821965769113 275.5395964213903
-13.25 -109.8054357111041 280.3692714262764
-13.25 -97.3980835805822 274.2349711176385
-13.25 -104.0283427544639 568.2788478397113
-13.25 5.567454679176235 554.6088803102292
-13.25 13.65378472302463 322.1069400766712
-13.25 7.859609822439443 548.7910456175553
-13.25 8.860742780246982 550.0296348126617
-13.25 -41.80045401101727 312.3484866594141
-13.25 -113.3556614924764 418.8201285299686
-13.25 47.84900456878152 521.0541346345518
-13.25 -74.6580667580788 375.5480078677327
-13.25 -82.41102085353602 571.7228649670674
-13.25 -83.96490193786192 572.0859592711342
-13.25 -63.55489874294418 496.6682436779777
-13.25 84.79573604868715 288.7302858832334
-13.25 24.98436582579131 352.8296378621879
-13.25 22.35024199394899 349.2790688185938
-13.25 10.91084783302099 419.7164628301365
-13.25 7.405456383357944 420.1553176399761
-13.25 9.536008842958152 422.954054187137
-13.25 5.252374475376686 417.3461792341604
-13.25 38.62967766572742 306.7550287309637
-13.25 -86.78321853643264 474.335940802711
-13.25 -85.91642065281668 556.6498291905409
-13.25 -30.68982735798655 484.8435730037419
-13.25 -28.53595995991856 511.3634267622765
-13.25 -112.17325318222 310.3763652084202
-13.25 -110.1075139887931 305.6223894402993
-13.25 -16.20950378718 444.3630432679078
-13.25 8.016182668954695 473.7773582827344
-13.25 39.87636320248721 399.6579624887274
-13.25 102.1506692734634 290.7355520913957
-13.25 104.2451190478215 285.9987721369753
-13.25 109.4042613795114 285.4434014562207
-13.25 106.3427572546463 281.2441476709314
-13.25 111.5182964109335 280.6865094177585
-13.25 108.4465725310996 276.4736631609179
-13.25 96.40354336471363 414.9614459279127
-13.25 94.24242087961377 414.9821659520427
-13.25 99.32890754923959 356.2155125661421
-13.25 103.990816660851 356.0988263094381
-13.25 101.7601266349732 360.1629893076092
-13.25 106.3626865133658 360.0449293233988
-13.25 -73.35320166637386 348.6307154613855
-13.25 -71.47537663149807 344.195979853459
-13.25 -76.27677201627446 344.7778348182566
-13.25 78.96443909462664 429.2222441450862
-13.25 79.87050256840881 427.4078662384622
-13.25 -27.55436916904081 530.5928188261344
-13.25 6.441065973232955 501.6481439457194
-13.25 -36.55855467762644 276.6094220882504
-13.25 -97.64337006675042 365.8460150447946
-13.25 -42.43808775370303 519.0615329107214
-13.25 -40.1292470026094 518.7344524715863
-13.25 -8.243148565792948 320.6406605360322
-13.25 63.91882283108279 325.8944711478564
-13.25 59.1972662267102 326.4288624513886
-13.25 61.09340309432657 322.0563776237682
-13.25 56.34383282295754 322.5940910956419
-13.25 58.25115127646325 318.1961470805725
-13.25 53.47405019915742 318.7369530967988
-13.25 9.675224395122134 494.6271281967508
-13.25 89.02694922293608 310.0701439578523
-13.25 -73.59400459025269 551.515030199517
-13.25 -75.58848314384407 551.8833861844977
-13.25 108.6072870814763 356.0098982663949
-13.25 110.9973955996428 359.9812908980779
-13.25 -37.07541813695909 536.91010040981
-13.25 4.034455277016463 385.0526800110934
-13.25 -74.38277091021084 340.3057096177837
-13.25 -79.22332399506016 340.892803892849
-13.25 31.39102261481333 272.9727159048755
-13.25 34.43291127612231 277.0846505458553
-13.25 36.4784469272855 272.3903059249683
-13.25 30.79009863406057 457.7609376660359
-13.25 52.11077273094951 469.6949715020516
-13.25 49.32988510765124 470.0288732529349
-13.25 11.8552024998758 534.4441544885636
-13.25 22.20476963766922 437.8933344955958
-13.25 -57.13998067701765 487.6000871450402
-13.25 -54.07232440404436 487.1684944793669
-13.25 -55.98325842898603 484.7039133723074
-13.25 -52.87480633658765 484.2668685435925
-13.25 -54.81082748260753 481.7698988643932
-13.25 -50.96569699994365 486.7526935188152
-13.25 -49.77867753232613 483.86505575135
-13.25 -47.88612742184615 486.3308177146754
-13.25 -46.70926903434319 483.4683648232373
-13.25 -48.58940726508072 480.9939040194249
-13.25 -44.83264723608544 485.9130632964756
-13.25 -45.48923012580578 480.5898468842609
-13.25 -47.39222095305375 478.0841902849958
-13.25 -46.00215630228907 488.7330388307508
-13.25 -43.0105894950747 488.3212117713971
-13.25 -41.85240310597512 485.5515240674743
-13.25 -44.15504766093377 491.0791987889832
-13.25 39.5278429949088 276.5119019502511
-13.25 60.26192122201633 461.2824477462838
-13.25 39.15242578695545 414.3903935537244
-13.25 76.52868176137808 349.0573053331423
-13.25 25.60349857435993 517.8989698974656
-13.25 -19.46845592104768 509.8360719584394
-13.25 -110.9901202061585 401.7469673337022
-13.25 -114.0103532796759 397.8523025585344
-13.25 -72.55261110546992 411.0338260954418
-13.25 -29.46984335836459 550.7620372025127
-13.25 -20.02035336988706 424.6626511690531
-13.25 -17.75394893418748 427.6063878268478
-13.25 -105.2591958578281 573.4471652961264
-13.25 -105.7710104081697 575.1014483471405
-13.25 -104.5916370291803 576.346278160109
-13.25 -106.2413499060932 576.7281504689906
-13.25 -50.06273873319054 366.2684883231711
-13.25 -114.1686475770943 576.6311852964207
-13.25 -112.91042414539 577.9825317607679
-13.25 9.435612501547407 548.541081361327
-13.25 10.44072464423671 549.7845313850142
-13.25 9.861528159863193 551.265902954882
-13.25 11.4224762832056 551.022297981106
-13.25 -77.60872566068078 433.8728441130867
-13.25 -79.16826488758267 437.7785818900115
-13.25 -76.54760584493654 441.0629164462639
-13.25 -80.68929589261637 441.6799680264178
-13.25 -78.08686773777629 444.9394625347865
-13.25 -82.19403526908154 445.5500296148687
-13.25 -79.61483943006625 448.7804375855607
-13.25 -75.56242884832683 448.1681126599814
-13.25 -77.06475309688462 451.941357697319
-13.25 -73.08743810154418 451.3392337043997
-13.25 -74.56129339496333 455.0408088022845
-13.25 -70.66061954304038 454.4497293420027
-13.25 -105.0926911649772 577.9360610385731
-13.25 -106.6906721239853 578.3055439987447
-13.25 -107.8279764103412 577.1288899482756
-13.25 -108.2852796112488 578.7088622323475
-13.25 23.55211925583922 405.8762590557145
-13.25 -11.40932907204674 525.9836624295385
-13.25 54.89872308135406 469.3715210938988
-13.25 -56.36664325618887 527.2490774604349
-13.25 -71.41406267613304 501.9294721876347
-13.25 -73.30913975684535 499.5438603755171
-13.25 57.3168993725458 330.7885248060284
-13.25 -56.39228818283156 514.5675935347789
-13.25 -57.11240203794104 313.8851909848881
-13.25 -60.0827104584278 309.9394937539197
-13.25 -107.6026827473672 518.1245056950463
-13.25 15.44298673703035 522.0562760855914
-13.25 14.61493679488868 524.0175718056597
-13.25 -16.83133834914486 555.7332464523363
-13.25 1.083640766586484 555.3438912696063
-13.25 -26.28546227565769 473.8570340532252
-13.25 -21.80479686404737 510.2241642717036
-13.25 -20.97607369521622 507.9866232966697
-13.25 100.9320699285206 383.3783458398567
-13.25 -112.9793574130494 276.2010341847746
-13.25 -48.0683609111026 429.1271009350437
-13.25 -45.63579005119787 432.219357294319
-13.25 117.1895570448841 396.4252439339424
-13.25 -25.32350310788324 284.1060780027769
-13.25 64.34682395119198 443.009357091605
-13.25 63.37328979709587 445.1274264533145
-13.25 114.7350066392405 380.5699869874367
-13.25 -94.51399244685949 544.9994772547034
-13.25 -96.91142649452088 545.4409989759234
-13.25 -96.10269135592554 543.1026620036595
-13.25 -98.57127672815662 543.5579019624905
-13.25 -97.73884710411248 541.151138308574
-13.25 41.44125704454493 445.5966483539573
-13.25 39.81493472289488 443.3155833112555
-13.25 -115.0050527047213 281.0360249532616
-13.25 -116.3413812283742 558.9218415025397
-13.25 51.57295730578929 323.1475565757799
-13.25 48.71285008365173 319.2997570140731
-13.25 -72.31103958985703 356.8421795407528
-13.25 -100.164349336198 576.7669283830974
-13.25 -98.59353719709146 576.4309618732835
-13.25 -107.4653155747671 469.2125091659986
-13.25 -116.3573571712662 415.0062291062526
-13.25 21.82050849327473 539.4512348710854
-13.25 23.63651489299316 539.20299380425
-13.25 24.75097835429021 540.669367155284
-13.25 25.46610742601879 538.9691691638336
-13.25 113.273649484245 355.9064525776879
-13.25 41.57920743096112 271.8053252717031
-13.25 54.05662536668947 411.5493847695101
-13.25 51.09795883358324 411.7688489216269
-13.25 -72.10578637772095 458.0790065782534
-13.25 -68.28147205187452 457.4994674984885
-13.25 -115.2966668674738 447.0038213037874
-13.25 -112.4006230298464 450.530681532978
-13.25 74.2841559551059 434.854911732586
-13.25 72.30040528589392 435.0144401844213
-13.25 73.42974570610296 436.6440666810911
-13.25 71.46476201085773 436.7996786332321
-13.25 -23.34748548301569 508.3805566240158
-13.25 -22.5063256196581 506.1094813192376
-13.25 -79.74467344030032 547.1823673317099
-13.25 13.15868629049336 460.3028872192723
-13.25 -55.48975647088395 358.8724492637041
-13.25 80.30459689456023 375.2049372305319
-13.25 -12.82574609084749 443.9342869491924
-13.25 -14.89127944354651 441.1997725784677
-13.25 43.06557226108602 447.860166057313
-13.25 -44.17199648284463 549.6803191774388
-13.25 -45.96139164147203 549.9608289886608
-13.25 -42.3835822157972 549.399716232651
-13.25 103.2554891396776 277.0335014840559
-13.25 57.30717761982656 273.883665459864
-13.25 -68.31506105298168 552.1469224759556
-13.25 -59.85934684987006 379.3593904508945
-13.25 -18.83140475395984 494.4511326837194
-13.25 -19.75310522800841 496.8930152192661
-13.25 -17.91211531591356 491.9961968101773
-13.25 -38.70705231897978 520.582013877323
-13.25 -37.82159931081259 518.4292589098721
-13.25 -39.24143510310707 516.5704703566184
-13.25 -36.90911730939781 516.2605943354315
-13.25 1.709189874186678 465.1570870711069
-13.25 43.77273106894143 440.5527905634705
-13.25 -117.1015056069703 474.389289228708
-13.25 -113.4382727371435 579.7152045978448
-13.25 106.6253348222249 373.0047315309714
-13.25 105.3656505293168 272.2529085721591
-13.25 100.1635861124271 272.8127197525264
-13.25 22.24076964724934 282.8856077504126
-13.25 99.6995453076993 413.0982309126473
-13.25 100.7983630379088 411.2480437308187
-13.25 46.11158286072057 513.5523996696744
-13.25 46.97693714741796 511.5445112282839
-13.25 46.345013353589 393.2534243234355
-13.25 -3.325615808490656 535.4526646151759
-13.25 -72.29787974545695 565.1212609276913
-13.25 -71.22722598144023 566.3542350414356
-13.25 -94.36477322429936 564.7787884900863
-13.25 -92.5479117621425 564.4256286138801
-13.25 24.34673309725518 537.4853327586105
-13.25 26.20472670621523 537.2478364517735
-13.25 -91.49504553901937 574.8705077265857
-13.25 -93.04634088311576 575.1810028691045
-13.25 94.17202568298109 397.7041703393097
-13.25 91.26893945829305 397.6702304826287
-13.25 92.75098637246549 395.0780212468355
-13.25 89.84359331805099 400.2326395281204
-13.25 -61.03114698574912 351.316822943722
-13.25 -89.84551962901857 325.7480953664434
-13.25 -88.7828141709013 483.6877392244621
-13.25 115.1650555080074 373.2568725703055
-13.25 14.09543479436813 546.6875964870152
-13.25 26.58343917428318 540.4396319147605
-13.25 -81.39349391224106 553.8973722995299
-13.25 -82.7571479712972 552.3740692481675
-13.25 113.3686359282368 298.5444201071625
-13.25 52.74943241012505 379.9065341123618
-13.25 -86.8390148086586 329.8043856217863
-13.25 58.88708544626881 389.4878800430495
-13.25 -38.34585097429812 514.3790199898096
-13.25 -35.98439077943959 514.0651729496016
-13.25 -42.13186585452002 544.5046067837036
-13.25 31.15600929586435 533.81606617735
-13.25 24.334725278341 545.3339992250563
-13.25 113.6384304288194 275.9143801601566
-13.25 -90.58831478761957 381.6728087025152
-13.25 108.2911380318274 331.1020741574336
-13.25 113.2632830304687 330.9481767056267
-13.25 -23.72776305176106 390.0842040605056
-13.25 -109.7061205363043 562.2491380749823
-13.25 -35.84941420372287 538.4680688766288
-13.25 -103.3050327086079 495.5780207955709
-13.25 -40.68345552996695 320.7130651249108
-13.25 37.47534826654532 281.2013322044048
-13.25 -77.61654457316268 567.6971301368432
-13.25 -5.229060898120744 540.5832162034701
-13.25 6.937206798021044 535.3872427158046
-13.25 7.973369013424088 410.7615700325206
-13.25 9.38962215585155 407.4228458655008
-13.25 116.5962302912865 401.2838883846414
-13.25 -34.57508579738778 271.8669512640283
-13.25 -39.69204149640418 272.5128733754584
-13.25 -116.8883498941573 451.2632728662285
-13.25 0.2825577991461327 534.8290622776234
-13.25 -116.3456174702759 498.1531099778819
-13.25 -120.0279350877323 498.7787872783213
-13.25 -118.3180439704752 488.4864563870248
-13.25 -84.78267942267121 552.8059629939439
-13.25 -47.11013526391115 548.5648192988683
-13.25 -47.74541266323111 550.2582160999617
-13.25 -63.71750752911426 367.9630684814279
-13.25 111.1281411677293 400.9786878468298
-13.25 112.3858077185544 403.3256255532983
-13.25 109.8092919888187 403.1958721202371
-13.25 110.9896862124605 405.4025986647785
-13.25 108.5552008003349 405.2857587394063
-13.25 -44.25243694849218 477.6750617477874
-13.25 -46.17968416811794 475.1371671231012
-13.25 -49.36977073768093 475.5475806511295
-13.25 -48.13494679202929 472.5424396808136
-13.25 -51.39018671346287 472.9611165491247
-13.25 -41.23071839169587 490.6762360765541
-13.25 -90.5364562329115 474.9484216752077
-13.25 -92.97091770668773 472.0138481158238
-13.25 -24.69718354896505 554.2640851247534
-13.25 -50.13023347249356 469.8931454211322
-13.25 -53.45448901863345 470.3206455187293
-13.25 -54.72683900314258 473.4425243599885
-13.25 -56.81044216214797 470.7731147313252
-13.25 -58.09456963544248 473.9233195236254
-13.25 -60.1973510288629 471.2293276349337
-13.25 -58.90384778431906 468.0319973472181
-13.25 -62.35685250909805 468.4953723688608
-13.25 -61.03719250154923 465.2319535218875
-13.25 -64.56161324450356 465.7052808884719
-13.25 45.65399528152703 509.7308129480229
-13.25 47.9293988028899 509.4604326596523
-13.25 49.29453231968267 511.3440088026603
-13.25 50.23140732207732 509.2285202495703
-13.25 48.87070594106268 507.2629812910425
-13.25 6.059250078673865 423.390439282463
-13.25 8.173617095284889 426.1678080346729
-13.25 55.48750651336662 474.2132241593607
-13.25 -22.28936572100633 421.6952267621378
-13.25 -99.39074394298804 545.9533024096629
-13.25 57.92448996407301 369.0430249209397
-13.25 55.20710260654984 448.6670955305349
-13.25 57.74835176721088 448.4042541901671
-13.25 10.64777003308557 532.9475923607455
-13.25 -64.62466780668839 557.3884466919296
-13.25 70.31486152523505 435.1732322552617
-13.25 35.61985920200091 527.8592282869519
-13.25 12.51953367255594 524.2832786415878
-13.25 -76.35269967472726 500.0037499361709
-13.25 -75.23531919403717 497.097479907085
-13.25 -98.86216829231145 313.368101824061
-13.25 77.90320665273237 409.3564386091036
-13.25 79.10095362204153 407.0079662348282
-13.25 56.78206583038577 353.0985062136489
-13.25 -82.87856575193302 573.22848697524
-13.25 99.77574386433601 409.3272959919747
-13.25 101.9850254883437 409.3836579881361
-13.25 -35.47163032491025 548.848183908568
-13.25 -37.21924315419029 549.1820098090005
-13.25 97.84082925213787 322.252849256233
-13.25 -35.11612281352264 536.6296530912304
-13.25 -50.50662636738019 426.0093162090241
-13.25 51.38969819117311 435.6604854200466
-13.25 -122.6907553348789 564.8342239962579
-13.25 -123.3842599674064 567.2569232685884
-13.25 -18.61163147851771 525.3756693237148
-13.25 -20.67077350550213 525.7172306283229
-13.25 -21.39077826290001 527.6820193127139
-13.25 -16.55321345309333 525.0350075242101
-13.25 115.6987087476463 359.9343105736294
-13.25 -14.72457067356451 539.0101886546175
-13.25 -15.35803558478817 540.7170168968441
-13.25 -14.19822197111598 542.1059396889954
-13.25 -15.9684326765464 542.4054361095832
-13.25 -17.12251661140003 541.0336668926855
-13.25 -17.73345543942003 542.7190122953052
-13.25 -25.79681138449511 561.2384311544939
-13.25 -27.25460467090797 561.5059025987541
-13.25 -28.22365740297711 560.3883719891253
-13.25 -28.70657969470246 561.786048333026
-13.25 -29.67580281912274 560.6688969908502
-13.25 -30.15914563820336 562.0672548242162
-13.25 -31.12909666656276 560.9492782358483
-13.25 -31.61282885798636 562.3487126046748
-13.25 -32.58352341913256 561.229858491199
-13.25 -33.06762088376622 562.6303556482867
-13.25 -34.03900645817082 561.5106699659856
-13.25 -34.5234377574156 562.9121459170817
-13.25 -35.49547129887952 561.7916930596697
-13.25 -35.98022378124554 563.1940970675413
-13.25 -36.95286916253235 562.0729128442757
-13.25 -37.43781189257998 563.476093360062
-13.25 -38.41088536461132 562.3544077365743
-13.25 -38.89595377622874 563.7581277098445
-13.25 -39.86883366503779 562.6362701485106
-13.25 -40.35373332086054 564.0395489697123
-13.25 -41.32579143242683 562.9182392320466
-13.25 -41.81017860907726 564.3201433459723
-13.25 -42.78113777823212 563.2000216516525
-13.25 -43.26499678136633 564.6003377983267
-13.25 -44.23460076730347 563.4815518409068
-13.25 -44.7177865003873 564.8798584217184
-13.25 -45.68588767582209 563.7626945816293
-13.25 -46.1683976945538 565.1588693646544
-13.25 -47.13481907313747 564.0434159215182
-13.25 -47.61657831410083 565.4371861158327
-13.25 -48.58114763256842 564.3236353673208
-13.25 -49.06213020216585 565.7148029016574
-13.25 -50.02498283440141 564.6031747436856
-13.25 -50.50537254732428 565.9920795361902
-13.25 -51.46658397193514 564.8820887808099
-13.25 -51.94632773666751 566.2687117053692
-13.25 -52.90610783094963 565.160344682231
-13.25 -100.2782619634536 541.620166924619
-13.25 -99.42230337409785 539.145533533899
-13.25 -96.82315064788087 538.6731961108025
-13.25 -98.53612045275295 536.6345658362371
-13.25 -84.39555283684003 573.5831479875739
-13.25 -121.7820396740806 542.6750847090291
-13.25 -119.7346931684426 544.9262680020619
-13.25 -114.3540405687808 376.2425847152938
-13.25 -112.3892423249713 371.6127236891096
-13.25 -100.5584341608966 270.0553028578809
-13.25 -1.629690422556266 539.9792228256709
-13.25 22.6242862075952 464.0749004484066
-13.25 21.54129163483725 466.7731707320755
-13.25 23.70684920583104 461.3696236157854
-13.25 21.91094435605577 459.0703306159475
-13.25 42.1672878992685 527.9275448867864
-13.25 -116.3193058871321 380.8728375966541
-13.25 -74.27583478525445 553.4070035717087
-13.25 -122.6945354184719 545.5615320100098
-13.25 -120.668459943595 547.7885597058263
-13.25 -14.17984037266865 461.5653245578631
-13.25 -15.3849620566874 464.5025903819489
-13.25 -18.5046478978737 464.9453279781577
-13.25 -12.95957655016639 458.6166552387262
-13.25 -16.56466487704895 467.4025609037598
-13.25 -19.64459680399274 467.8397403613938
-13.25 -80.85893116007128 571.36161645139
-13.25 -6.919887130752111 536.0702125479663
-13.25 1.030320700107723 512.5388589205397
-13.25 3.271640349256059 512.2140335422152
-13.25 -19.7665642217886 556.2160910933359
-13.25 42.54963496489653 280.6283844228882
-13.25 51.29903859183163 507.0356595345161
-13.25 49.88301186876991 504.992975142233
-13.25 52.40048976455883 504.7599629483278
-13.25 50.94288071824854 502.72786442291
-13.25 53.40366178454367 502.5015798884611
-13.25 51.97054401888475 500.4101201637768
-13.25 54.56722183528631 500.1675479787716
-13.25 53.05497958310748 497.9990494112874
-13.25 -30.86937509959845 511.7652249187992
-13.25 56.03684845324795 502.3572298226713
-13.25 61.37550413319246 502.6590616482283
-13.25 57.14349538638222 500.0264746535103
-13.25 -21.32784997530533 560.4165964356282
-13.25 -38.08278075050754 303.2337211494648
-13.25 -120.8715374291409 485.4324980231967
-13.25 8.519304090489868 528.2913905959401
-13.25 -114.0135843515311 454.7617736030083
-13.25 -118.4623453734098 455.4870136183214
-13.25 88.31062914861243 397.7022939373537
-13.25 86.86458089497033 400.3078882723395
-13.25 103.0014934565053 411.3404715759917
-13.25 104.1650708027352 409.4936414040701
-13.25 103.1721046245315 407.514836724306
-13.25 -6.229090806838509 552.6661014512232
-13.25 -50.98976137240734 563.4816019424346
-13.25 -118.1986250083236 443.4340161733066
-13.25 -12.29975385236783 536.9869405779948
-13.25 -42.34931357591781 493.3710255449685
-13.25 16.22229546109111 372.7287290060395
-13.25 12.01516275856218 373.2385795500431
-13.25 -56.47872816728335 533.1983610804081
-13.25 -57.89204322496843 531.4944240208285
-13.25 -55.08285053721053 534.8954582647561
-13.25 -127.9426218046075 267.6560176395575
-13.25 -10.61157904013593 541.4937118537451
-13.25 116.7140719170167 280.1378334680006
-13.25 -101.1894905339276 537.1099874139653
-13.25 13.15807452864242 270.6137160526806
-13.25 8.082079372777095 271.2068058648032
-13.25 95.34062192829427 416.8116581249091
-13.25 93.23136036394014 416.8334399535248
-13.25 -35.65607365990345 532.0992815808008
-13.25 -37.01988148229938 530.5151419561656
-13.25 -36.32996065447511 528.5263686903912
-13.25 7.95450470635237 503.5643094179136
-13.25 8.859156587250437 501.2940312412451
-13.25 -11.47531477665864 440.7668655415321
-13.25 14.2508414358931 457.5228097990785
-13.25 51.97304631494256 402.0248281381831
-13.25 -18.09828415628544 498.896329142839
-13.25 -20.6476150186083 499.3170503747655
-13.25 77.09072304841354 336.8519121908367
-13.25 81.80252728693978 336.3569424740676
-13.25 -112.3829306637001 576.2299564911191
-13.25 72.80574579212484 429.714679754881
-13.25 -12.80123332083339 287.0075774863034
-13.25 -115.2157387891564 328.7179642755066
-13.25 -118.3169301762946 324.5703427466092
-13.25 -76.23666883836538 553.7690746388656
-13.25 36.81413472233682 520.1959788849808
-13.25 38.97845991131468 519.9062706523569
-13.25 80.96764423443105 429.0891803027967
-13.25 81.85483193573508 427.3116188910354
-13.25 -38.39150720299031 547.8472455919937
-13.25 -65.89500178608267 469.0250978017473
-13.25 -1.809462194648635 551.8860254829395
-13.25 52.505989086318 433.3035335570383
-13.25 37.71516621208556 417.321719846179
-13.25 34.4818019492737 417.5788503466107
-13.25 -79.49228138960018 508.4995858711425
-13.25 -53.38562112427263 566.5453145753356
-13.25 -54.34528050215444 565.4375600038952
-13.25 -54.82518062617712 566.8228612701527
-13.25 -55.78598180445329 565.7142428737847
-13.25 -56.26709057864227 567.1018589449424
-13.25 -57.2302601803138 565.9907004730778
-13.25 -57.71309196976346 567.3822511448061
-13.25 -58.67950802482942 566.2673896243591
-13.25 -59.16403439509816 567.6636995116502
-13.25 -60.13370857629681 566.5449963655934
-13.25 -60.61986478574233 567.9459895631065
-13.25 -61.59268713393691 566.8235654658441
-13.25 -62.08083083973352 568.2294393219187
-13.25 -63.05739613399558 567.1026760755572
-13.25 -63.54755356968846 568.5140713613087
-13.25 -64.52814706879914 567.3827152534201
-13.25 -65.02038233058579 568.7999947582957
-13.25 -66.00511414896143 567.6638687557607
-13.25 -66.49943169402073 569.0871349562238
-13.25 -65.51335142352276 566.2272081280709
-13.25 -67.02310750080851 566.5129195879828
-13.25 96.72162342892396 374.8212173426624
-13.25 51.61267757464646 511.1054346198079
-13.25 115.4814950860644 293.8187283094808
-13.25 -24.913128205942 506.509362706407
-13.25 -24.05948466865843 504.2043030991111
-13.25 -81.42533748278507 506.1624483343179
-13.25 11.27498979267231 457.9583102527929
-13.25 -20.52128022465299 492.4187430263559
-13.25 69.60688377213017 345.4159167449927
-13.25 65.06130438845967 345.6058485658762
-13.25 20.43000966904097 372.2188156227174
-13.25 22.10872845210644 368.3317474190068
-13.25 53.23556884647412 283.311457595993
-13.25 -52.93404945812541 534.5454219184447
-13.25 -120.830980457839 581.8049559621401
-13.25 -122.5937095515014 582.3114966229411
-13.25 -123.9531545645016 581.0808852202063
-13.25 -124.3668983766307 582.9041330310258
-13.25 -10.67731800169449 524.0514760686735
-13.25 -8.620068704659396 523.7263457215673
-13.25 -21.42643814066944 428.0895351680213
-13.25 -19.1736446542889 431.0142239332138
-13.25 -4.661827210563071 494.4985258405983
-13.25 -92.00683749932227 576.3440307910606
-13.25 21.41139192655893 402.962329155102
-13.25 25.02259003947891 402.55266246768
-13.25 17.7869538679515 403.363770153386
-13.25 94.30456908437674 418.6215592051943
-13.25 92.24184199141713 418.6434609861309
-13.25 91.1585523230131 416.8757487076376
-13.25 90.15171812753057 418.7085439672404
-13.25 -100.1323945000577 478.6397388529952
-13.25 -119.7777349622996 471.1543391537481
-13.25 7.047984691342988 505.8210078427922
-13.25 -115.8966839346824 402.4335104484283
-13.25 -118.956531853228 398.494649803522
-13.25 77.13427982551187 432.8810075274008
-13.25 -10.1972160270838 556.0001160033612
-13.25 -11.15767026981562 554.8529935414634
-13.25 25.66179253056846 408.7850578861107
-13.25 -75.9540056962004 571.5272682259446
-13.25 -77.45468631813033 571.8425877517764
-13.25 -24.72273734356257 339.1484388660708
-13.25 -21.91258567382268 342.8364628137621
-13.25 -49.51946807971771 432.7715743853579
-13.25 -47.1015444991157 435.8437127521934
-13.25 109.6745447290216 407.3840049397788
-13.25 -13.89927615248457 278.3139469107934
-13.25 -11.91434560146427 273.6294351337609
-13.25 -6.850467517084716 273.0143223002256
-13.25 91.25269642850876 420.4717428578112
-13.25 89.19484575101467 420.5313715075753
-13.25 88.08501954713702 418.7862176407385
-13.25 87.11213249301572 420.6303952333944
-13.25 88.23854154218887 422.369745601774
-13.25 86.18796619956437 422.4632966768643
-13.25 1.331658291455334 558.8467500904377
-13.25 -26.0632060717457 404.6679620477565
-13.25 -22.07620309537759 404.1509431000005
-13.25 -23.62621987119579 407.8293946782267
-13.25 -32.10153758913527 559.8183972922286
-13.25 -32.63720965024719 409.8165076086185
-13.25 -103.1348676452769 528.4978392500195
-13.25 -101.2210576584928 530.7630163040333
-13.25 -48.30691933110695 536.8234546401035
-13.25 115.8779208981944 335.2102583721397
-13.25 40.30272033335035 521.640916731519
-13.25 25.0675982466587 535.7383180855818
-13.25 -115.2678327609848 306.2058819540557
-13.25 -113.1942452268913 301.4340915222768
-13.25 -108.0214474048027 300.8533873602926
-13.25 -111.1108750959895 296.6628585578442
-13.25 6.427641475364643 558.0150917989822
-13.25 -9.239017001353471 557.1359546106657
-13.25 -46.59823864267727 551.6402447846255
-13.25 -48.3549644464098 551.9313128705513
-13.25 -49.49599307639206 550.5680210596814
-13.25 -50.10662971124543 552.2382499224537
-13.25 -51.24900635701463 550.8738573781596
-13.25 -51.86093769329367 552.5466543930605
-13.25 55.10863132241756 433.1173975953532
-13.25 87.29320422070484 424.1689779212091
-13.25 -78.03288082579716 558.4132470022145
-13.25 23.42890312506464 518.1865156000705
-13.25 24.26583549901073 516.1493277286039
-13.25 -75.94161707213325 458.6677862101839
-13.25 16.12768760200907 549.2614440382498
-13.25 -10.17281836073147 490.7785048493079
-13.25 -11.82688015371207 488.7188796043289
-13.25 28.34813230196298 268.8485977684428
-13.25 -40.71209534580696 514.6907276731355
-13.25 13.79488680503209 525.945718941474
-13.25 89.92192062646619 288.1684657562071
-13.25 87.84446976662935 292.880487280815
-13.25 55.39256582326993 314.3145912915396
-13.25 7.049992213850898 554.3658646548415
-13.25 4.576031003411324 532.4552673339541
-13.25 -46.81642871467995 469.4734011873422
-13.25 -110.9544533271001 271.3627284506823
-13.25 -92.4220868291205 386.0788275281481
-13.25 -89.49987400877302 389.8613729723406
-13.25 -77.31404845461702 336.3860876246347
-13.25 -3.561228996114226 485.1475260748439
-13.25 -123.837493161697 540.3866580573186
-13.25 -122.8604501003717 537.4264061184116
-13.25 -39.38613203969036 561.2214812238161
-13.25 -66.27339481734504 546.6473934604146
-13.25 -67.55151713323647 545.0867786780585
-13.25 -119.0824324502833 581.2947937293135
-13.25 -46.815271982056 532.9317481390561
-13.25 -44.73307852661485 532.6174149316146
-13.25 69.46311369283799 436.995133524104
-13.25 70.63411109853058 438.6401457536459
-13.25 68.62914319956199 438.8280848600556
-13.25 69.79427353641513 440.4692559690688
-13.25 -123.1799256492844 558.1185098171909
-13.25 -122.3956784752207 555.5149915722577
-13.25 -119.7134894273014 554.9304724504568
-13.25 -116.165795314799 272.0245824050923
-13.25 -112.4772755690606 564.7859431161435
-13.25 -101.4777300600301 379.038390205535
-13.25 -5.018948471065499 517.3681996509956
-13.25 -3.625448843387592 519.0961733842183
-13.25 56.70454457335896 450.7286308550373
-13.25 -18.88842728683359 541.3469286665578
-13.25 -19.50010675213144 543.0339681733764
-13.25 -20.65654996704409 541.6602602128357
-13.25 -21.26924295993422 543.3496745251919
-13.25 -65.51367009874157 570.211922798381
-13.25 10.17422966003801 460.7716855119174
-13.25 26.76152672856088 348.7587872022111
-13.25 24.10241325939743 345.1741061173638
-13.25 29.40646101238063 352.3367953389091
-13.25 -5.634802149833531 513.5316653342953
-13.25 -4.813783935789589 511.4045652392224
-13.25 28.67074668893821 530.6199171678379
-13.25 -17.88054279907084 523.4039733497718
-13.25 97.43404336363803 416.7838769558363
-13.25 -106.9581207937233 573.827855148989
-13.25 -106.4455110744417 572.1342194725715
-13.25 33.96111074973888 531.6869709875833
-13.25 -53.70913393861732 536.5578797673946
-13.25 -55.82013559898259 536.903488114464
-13.25 -65.76711485147959 556.0405269948442
-13.25 -37.6955276648535 267.7380675331255
-13.25 113.4040355446805 405.5177849143356
-13.25 61.63546922270498 361.3360715125071
-13.25 10.85075842286886 552.4817480359661
-13.25 12.38791711463143 552.242201086198
-13.25 -30.05468147146445 509.5200291019436
-13.25 110.6428185191744 326.6831654942724
-13.25 115.6774892726944 326.5273397393686
-13.25 -37.74509451238882 324.5583658023006
-13.25 -116.2916768322266 297.2411199801601
-13.25 85.28300383265201 424.2606129228611
-13.25 85.30782962515315 397.7398652841034
-13.25 83.84012453677977 400.3854646744729
-13.25 40.92841516537398 417.0791942575151
-13.25 -53.00560684696327 551.1795944263629
-13.25 -53.61884427494119 552.8558297309313
-13.25 80.0785810363865 430.8499324137118
-13.25 -98.07663938122253 574.9186513145617
-13.25 -97.03086219148672 576.12058250774
-13.25 -34.54639145975025 515.9633293837834
-13.25 -3.351227659196648 556.1056330865978
-13.25 -22.8197009055894 431.4926920552928
-13.25 -5.803472307269508 519.4267384023618
-13.25 -69.20086180785759 450.8088681430755
-13.25 -72.13169330479968 496.6352999343132
-13.25 -74.0876274640539 494.1526395679671
-13.25 -77.24638607439455 494.6176424792253
-13.25 -76.07574308762396 491.6086006324496
-13.25 -112.679820515329 497.5410137883857
-13.25 11.61287701215459 543.9544645526902
-13.25 -19.69688961641479 407.3193291909434
-13.25 56.06988065108011 513.5968457050441
-13.25 -129.4015042532681 587.8809209447087
-13.25 24.40402017565065 466.3556994290656
-13.25 -103.4987032012162 577.5645900847853
-13.25 -103.982141457033 579.0957983320648
-13.25 26.95944714874647 535.4962396715474
-13.25 28.10803098525986 537.029530235411
-13.25 -90.49929989419728 576.041996163537
-13.25 -55.55187205480071 525.0977655877759
-13.25 -93.51506644453261 576.6460084730816
-13.25 -40.84132948335218 565.4288352147413
-13.25 -94.10449280422444 574.0114546779535
-13.25 113.0240773457095 322.208671139779
-13.25 -83.68485314352434 449.3851503759134
-13.25 12.9595689613947 550.7978111020496
-13.25 -59.65007061140359 565.1308528317226
-13.25 -16.92703784284307 559.6599568469036
-13.25 38.63149418254226 445.8796254008489
-13.25 36.97910298358798 443.5618286562627
-13.25 38.18167157086967 440.958705160585
-13.25 -48.10156539553102 566.8141622163483
-13.25 -47.08798499689486 491.4880862790076
-13.25 -9.412198808934296 443.518064968475
-13.25 -100.1034488226218 562.0986613615139
-13.25 -72.3216564420598 553.0424054027876
-13.25 94.70707093270201 378.4247791772541
-13.25 -43.54464722182782 527.2288380517731
-13.25 -42.16569769243144 528.962164802002
-13.25 -37.92484974647628 564.8684424490095
-13.25 60.59214701242036 420.7108776056149
-13.25 15.85990185268495 525.6855203791358
-13.25 4.926558446739666 499.719788351407
-13.25 -104.7694825719973 502.6462662730725
-13.25 -102.5614537959336 505.3495234263731
-13.25 -71.75891982531382 567.8806710138895
-13.25 -70.19345359534076 567.57014124907
-13.25 -70.71199338139304 569.0572776023931
-13.25 52.38325145968317 409.0431928168207
-13.25 -36.40592818754437 520.2700168244353
-13.25 -6.295894512579962 556.6187357113433
-13.25 -10.64563240175119 553.4361747277296
-13.25 -12.14253766788704 553.6961282093572
-13.25 60.20272070192618 313.7655213280308
-13.25 10.1045725636491 266.4982853724773
-13.25 -107.3906301323369 371.0189531754
-13.25 -110.4040602690798 366.9877240553004
-13.25 -115.4184552345717 367.573950652469
-13.25 -113.4213921541845 362.9173107052031
-13.25 -118.4724914146672 363.5076321505825
-13.25 -116.4605970780683 358.8173678886745
-13.25 47.39232925676248 505.2429801175842
-13.25 7.764716115559129 530.1516798800003
-13.25 23.67895664722266 546.9049616113101
-13.25 21.99392955743824 547.1451468193952
-13.25 11.61404600809441 425.7306399624658
-13.25 10.2685382940149 428.8980942205246
-13.25 13.6555423120875 428.4673575475745
-13.25 12.33114736717424 431.585118895354
-13.25 15.6660481042116 431.1615767859075
-13.25 14.36169619459838 434.2323252391357
-13.25 -108.3843609988377 362.3369970526657
-13.25 -66.52684338804042 386.7898296697496
-13.25 -63.78971538293541 390.4166281912024
-13.25 -103.7816217833402 508.5798069264246
-13.25 -95.351496094021 269.4028519225981
-13.25 -24.33895763110988 560.9702740149497
-13.25 -117.3408672717569 310.9774745301458
-13.25 -8.342185183957209 532.5463077978424
-13.25 42.3372255944574 414.2177229346692
-13.25 -11.02633756988359 461.1435268735344
-13.25 -6.204239289964803 485.5514086102799
-13.25 -22.73453068106086 526.0752771366119
-13.25 -23.45536795252685 528.0434039241986
-13.25 -32.96495704444058 323.9461209536042
-13.25 -34.8277564358814 328.3689296111048
-13.25 -31.93540010740651 548.1642680087938
-13.25 124.5499999999996 259.0899346400434
-13.25 10.98035648206761 545.5409421346178
-13.25 -114.2029520822584 292.4573361525409
-13.25 69.41630378360371 456.4105248891266
-13.25 -80.37808129109767 569.8504714815249
-13.25 -40.52025381439802 540.8812443215128
-13.25 -5.782253807829552 503.4790698839859
-13.25 80.77879033525888 425.6304540833315
-13.25 -95.89587614164238 536.1550677535189
-13.25 -48.90043034701533 533.2486138686164
-13.25 -17.33471214980602 342.2569942386294
-13.25 -19.12513801747195 346.4850263435028
-13.25 -14.59319447136883 345.9110403571665
-13.25 -16.36536631093212 350.0968627205818
-13.25 -11.87917544442513 349.5281453655931
-13.25 -54.52423414698618 416.0481080556731
-13.25 -37.28906494836789 522.3984020024966
-13.25 -123.5932853213925 548.4143264508732
-13.25 -43.75385697230136 562.0708198628363
-13.25 50.43268647146123 467.4663035434563
-13.25 118.1178300285322 322.0535127981302
-13.25 115.435731244048 317.6918225435566
-13.25 16.28394097939712 520.0856695290098
-13.25 17.5749982162649 521.8013682657685
-13.25 -43.03795193252163 551.0686141290528
-13.25 -41.28422687574427 550.7935071918555
-13.25 113.1433258367931 369.3865376397414
-13.25 49.425911392545 500.6685566107918
-13.25 -111.7254790172013 579.2902577300458
-13.25 -112.2270744766786 580.932796088865
-13.25 -113.8557314646992 581.3416864119938
-13.25 91.55808705834234 336.0362672673244
-13.25 93.80998090641759 331.7777614801257
-13.25 -65.54516607160807 394.5807040732902
-13.25 -61.09017378774683 394.0067356032106
-13.25 -14.00345168207168 559.1627426782403
-13.25 -12.56753256102599 558.9197968566435
-13.25 -42.84834134814398 268.3883045203875
-13.25 49.33138772143334 409.2699460042326
-13.25 -19.01169728948472 501.2956727774846
-13.25 -13.49379267874937 466.9618504610308
-13.25 -85.47398092446079 572.4624187623851
-13.25 -85.90595130281095 573.9573111231439
-13.25 85.41852572863559 402.9265510703181
-13.25 -68.12221044797444 466.2028671111793
-13.25 -86.27381271415945 446.1714284189472
-13.25 65.45462463664784 410.8787613942284
-13.25 -13.63304939597861 353.6716107217384
-13.25 -9.191904145996359 353.1085601521734
-13.25 -10.92805530419077 357.2110319247868
-13.25 -6.530823884208845 356.6533219760625
-13.25 -8.2496015204395 360.715432133996
-13.25 -3.896013294446191 360.162857836025
-13.25 -5.597453884077192 364.1843309448155
-13.25 98.73759817279783 371.1740047029026
-13.25 -36.66468506331037 542.6672982402489
-13.25 -61.1073171607256 569.3403510090278
-13.25 -88.83668088904057 334.4230189494444
-13.25 -77.56430088166874 510.8057888208175
-13.25 -80.50846173858719 511.3081055412478
-13.25 -78.605473281375 513.582569959626
-13.25 -81.50660480850591 514.0765513429017
-13.25 -79.6326479372682 516.316118510251
-13.25 -82.48899212527077 516.802363400535
-13.25 -80.64407852524756 519.0073020094206
-13.25 -77.84443179864265 518.5238411470029
-13.25 -78.83250636095548 521.1499449008143
-13.25 -76.10379735635625 520.6776908339134
-13.25 -77.06628631927717 523.2358182328443
-13.25 -79.73288997493366 523.7030606144517
-13.25 -83.45684306637023 519.4864887409985
-13.25 -75.12599127233908 518.107204439663
-13.25 -77.999175377597 525.7546391336219
-13.25 -80.62431278411498 526.214708621677
-13.25 -75.38712500775905 525.289891063399
-13.25 65.67440925433216 444.9023276395298
-13.25 64.71666455465582 446.985968796225
-13.25 -42.35125540607812 480.2015544027599
-13.25 -41.12437096060165 477.2997615776713
-13.25 -39.23859907722787 479.8073312599927
-13.25 89.32838161816613 340.2768415387305
-13.25 20.19877259986619 511.845224162704
-13.25 52.18648372719792 274.4695771506563
-13.25 54.23782014551828 269.7280207005236
-13.25 59.38855442210127 269.1350259771406
-13.25 24.80730051034865 458.6590873337872
-13.25 23.00163306182032 456.3469376560132
-13.25 22.59491110962166 520.2185746812506
-13.25 -110.6058545483525 580.5300240171088
-13.25 -57.52403194239621 464.7680036526936
-13.25 -59.68565117306963 461.9329082799212
-13.25 -47.33956221157489 369.9107256357391
-13.25 -45.55977602408856 365.740908525987
-13.25 -42.85439391942418 369.360373865949
-13.25 -0.01794102856023061 520.4214280621685
-13.25 25.86549561835974 542.1361153567434
-13.25 4.521818557605144 528.8604076585301
-13.25 104.1628109335225 364.0572008729468
-13.25 -61.49339353694012 474.4086003897784
-13.25 -59.37565447260826 477.0958512659591
-13.25 -37.43916760279053 512.1601033587845
-13.25 8.0593617224363 524.8000465023334
-13.25 117.5761232592014 369.5342053749638
-13.25 37.6503241268739 466.6920533958951
-13.25 -94.68170807670147 416.1648878806138
-13.25 -91.86595181004844 419.8233762250266
-13.25 -90.12590384837422 415.5713301208428
-13.25 -87.33950670484113 419.1936558866386
-13.25 -85.61791230185872 414.986504677819
-13.25 -82.86134641544257 418.5703294429067
-13.25 -84.56541357538956 422.7256831205983
-13.25 -91.34991948658646 565.8392707698044
-13.25 -90.727422999949 564.0972947040285
-13.25 -91.92519437404444 562.667231992485
-13.25 -90.07004158258654 562.3300572011175
-13.25 -91.29402909087146 560.867775632263
-13.25 -89.39535877047093 560.5219172409825
-13.25 -86.55685723401614 486.5129272176024
-13.25 -85.23885940248313 483.1849744656232
-13.25 -83.03582209028993 485.982427733668
-13.25 -81.15807106016807 414.4081788262411
-13.25 -83.88890054306377 410.8345125265897
-13.25 -95.81257478181149 317.4968479897931
-13.25 -21.58558310641276 465.4036056455977
-13.25 -22.7334816389646 468.3094980710829
-13.25 -24.68797951340126 465.8577534386164
-13.25 27.68082604947337 541.9041975468974
-13.25 -69.26850143654217 383.140015164865
-13.25 -54.15740927606166 317.8235803372495
-13.25 -52.22837218344737 313.2984469620633
-13.25 -82.36149682104936 524.1841411902268
-13.25 -29.11184960408734 371.1111365684286
-13.25 -33.4639141374981 371.6681360010906
-13.25 -30.80708539421414 375.1462959343201
-13.25 -35.13724926132821 375.7001336289989
-13.25 -87.47423473164326 568.5152548898056
-13.25 -55.94608240893772 343.2472225311359
-13.25 3.162461210932761 540.7275269631848
-13.25 -70.69776349805689 564.8131375412183
-13.25 118.5270510726691 298.0155739989208
-13.25 -118.1900037407192 419.5367759953409
-13.25 -115.1511314906861 423.3723079085605
-13.25 -119.9880805792944 424.0829904467834
-13.25 -116.9550881764574 427.9100955386031
-13.25 -112.1596289199069 427.1890200654175
-13.25 -92.1869299400341 273.5926305273014
-13.25 -90.14101296185133 268.7573388844496
-13.25 -86.97663808974978 272.9467364531849
-13.25 -102.4472106806633 578.738491371698
-13.25 -72.81666516068722 371.2015104110289
-13.25 -75.64480363822591 367.4211244674576
-13.25 -69.99159919629028 374.9616600796712
-13.25 -27.9005785730835 416.1466363772905
-13.25 -66.97102266595357 570.494789818557
-13.25 47.67102230602608 467.7964019485151
-13.25 46.56640152327665 470.3497567329453
-13.25 44.9065802218806 468.1160769465034
-13.25 43.7998074794893 470.672043597921
-13.25 -13.56057791773512 438.0062875072338
-13.25 10.63486205094151 492.2446197177405
-13.25 12.2179051523478 494.2667629146482
-13.25 13.17820815790928 491.8842682721167
-13.25 11.25706711658468 496.6378012552957
-13.25 116.4064983720402 302.7537602117268
-13.25 74.55283891202446 289.8208790578476
-13.25 -112.1166105957676 332.8576789595577
-13.25 -117.2533123000827 333.4732722202447
-13.25 -114.1515393669937 337.616515403403
-13.25 59.94337729761725 504.0886943226445
-13.25 -53.11627654171593 504.8613561436828
-13.25 -88.16473529743327 562.0110519711533
-13.25 65.44910365148191 353.4414209372677
-13.25 31.75103448305446 311.6814120196156
-13.25 10.48836079497607 509.0194753727928
-13.25 -48.26847502835356 362.1022858651899
-13.25 -114.645981027287 560.8067594921895
-13.25 -113.8835252622271 558.4160366507065
-13.25 -22.29608065098943 497.3316766325564
-13.25 -30.89661081863647 534.7544981461169
-13.25 -77.54737777703502 552.2642843868485
-13.25 118.0097164030796 355.7989595327982
-13.25 -107.1442679211447 579.8661282005595
-13.25 105.159338239926 411.4100352783458
-13.25 50.6527080570543 513.1593397990545
-13.25 99.0393172274685 386.600574222185
-13.25 -45.73486628397676 329.5205836061482
-13.25 28.43150446417328 423.3889048460026
-13.25 82.73744502447336 293.437203412572
-13.25 85.77121666854759 297.5644945634633
-13.25 -64.841311034638 402.3605545314529
-13.25 25.37296778501934 546.689744304829
-13.25 -40.52828590027354 410.5657709757734
-13.25 23.33173187485368 469.0267289415254
-13.25 41.14455093160059 519.6254426080193
-13.25 -69.8132455007746 311.083738906622
-13.25 6.708175547809327 453.6318709279894
-13.25 -44.84795960160272 273.1884530910053
-13.25 -48.00840959353099 269.055322015807
-13.25 -50.00875349370178 273.8598140147258
-13.25 -53.17074941684945 269.7246549167371
-13.25 -55.17142672521152 274.5310027532887
-13.25 -58.3340288199178 270.3949744150689
-13.25 -60.33442368161825 275.2017219917572
-13.25 -63.49790982650808 271.0655733701662
-13.25 -65.49897082627312 275.8739145522066
-13.25 -68.66467736925944 271.7359039222557
-13.25 -70.6672424953705 276.5478655743863
-13.25 -67.50058977633975 280.6779884306288
-13.25 -72.65014085249025 281.3472270678278
-13.25 -69.49751212712859 285.4589805930084
-13.25 -73.8354712375523 272.4066843173085
-13.25 -74.6243635369912 286.1254277773309
-13.25 -71.48546836812497 290.2191812989048
-13.25 -77.77481495934911 282.0267989274299
-13.25 -66.38350489990731 289.5546588416128
-13.25 -68.36115902784272 294.2887224020224
-13.25 34.21134595059271 516.7969209378898
-13.25 -19.70530272527223 358.5034569123058
-13.25 -105.0553429664642 526.1982453833913
-13.25 20.08099343415793 456.7573546962625
-13.25 21.1829210480143 454.0017295051928
-13.25 -47.7151857718211 418.6507211581686
-13.25 11.06660488893382 434.6574635386334
-13.25 -117.0436930441276 393.8594561083518
-13.25 -113.6265072508951 574.8696577958648
-13.25 -23.31157847616569 546.6430395084539
-13.25 -125.7748355886115 581.6260656414112
-13.25 -126.2095222528127 583.519458174845
-13.25 -50.98900286555894 567.3641144361659
-13.25 54.96607182578557 357.185268128775
-13.25 -79.30655348354273 492.0839158524822
-13.25 28.40385615123586 540.2190228355566
-13.25 -69.12635034058177 516.5287740759431
-13.25 -55.30809111109794 564.3134005218781
-13.25 -20.84252533952646 418.2251066191993
-13.25 103.3373279585468 331.2653861353418
-13.25 -9.398873607906056 471.8240029440981
-13.25 52.64512427113882 448.9441059534731
-13.25 10.73066608461184 537.9087790119285
-13.25 8.428991428715536 547.2876852743176
-13.25 -83.26291855356237 526.7137009579192
-13.25 -2.54236426489244 511.0587971731422
-13.25 -3.980596388702868 509.2443517096846
-13.25 -46.65569974828582 562.6367102549403
-13.25 -30.12988052651404 515.7704314453601
-13.25 -76.05077204731313 429.9572238360568
-13.25 -80.25367905145336 430.5527148410403
-13.25 -14.45153105600257 489.1336209842233
-13.25 26.59953387732153 460.9653709991343
-13.25 19.65103782210463 345.7005029412331
-13.25 21.41826686044546 341.5604351866498
-13.25 2.699415209187945 532.7619436369364
-13.25 62.40904323294566 447.2391685931372
-13.25 63.78554540729311 449.1421425370116
-13.25 66.12356492688694 448.8726562331338
-13.25 46.81839843052987 323.6947942239064
-13.25 43.96914768118006 319.8608295590608
-13.25 49.66699265131611 327.5160944774506
-13.25 45.85387272065159 315.4617856808902
-13.25 41.08914518337887 316.0236546985529
-13.25 79.8736269708875 340.6692192541871
-13.25 -15.78949166950571 523.057888821549
-13.25 -52.16768492606924 467.1883655478768
-13.25 -19.58685105892709 489.9218241483991
-13.25 -26.29677328256511 562.6199245032606
-13.25 96.59491776633016 367.5315375560681
-13.25 -9.917252875485994 268.9187897363769
-13.25 -15.01024288294385 269.5382603533486
-13.25 -4.823469790550655 268.3004917162178
-13.25 -1.749615185220911 272.4150128535605
-13.25 120.4714751983525 359.8881131649641
-13.25 65.1925852759738 451.0725100523484
-13.25 15.18456862603682 530.5442532079134
-13.25 5.757934964029296 407.8520629987589
-13.25 7.197974257011555 404.4577032809526
-13.25 4.333659586446734 411.2347933569853
-13.25 -115.5537435028849 556.5245786805607
-13.25 85.2945674529626 348.6071970714165
-13.25 7.302168182356079 538.4855069013311
-13.25 18.22462364022849 454.4168903659624
-13.25 -99.09435270044692 577.9295489324642
-13.25 4.664254889126568 514.007612191386
-13.25 -7.08553918781579 511.7497113952774
-13.25 -74.80763845671413 544.4103299474768
-13.25 -76.19327300756137 542.7404858397413
-13.25 -74.04118170730375 542.3645041340254
-13.25 -78.35406491792131 543.1144770653725
-13.25 -67.5240340851544 556.3658799586021
-13.25 16.92918372343722 342.0914389765185
-13.25 18.71130452491037 337.916651861613
-13.25 23.23958883759315 337.3799860114025
-13.25 35.0303949426091 402.9205372977588
-13.25 -73.51758448083189 461.6706912641356
-13.25 -80.35693206985856 503.2901727606451
-13.25 -83.41717609572056 503.7866945010071
-13.25 50.26798715666688 438.0224602248238
-13.25 48.74896613153205 435.8537313514884
-13.25 -0.9183499189956943 484.7438201721548
-13.25 48.78799606246805 416.9376086177749
-13.25 -22.42762228458392 541.9737612341269
-13.25 -17.01794329276697 438.4396182774697
-13.25 18.42041417753255 519.8215883695175
-13.25 -63.22413819425375 547.8894788594696
-13.25 -119.533585688701 583.0000938615906
-13.25 -117.8949022052626 582.5212945481488
-13.25 -58.62182503672022 539.985506404468
-13.25 -50.71920507373899 553.8974640630673
-13.25 13.92573580532029 552.0155121454115
-13.25 -18.27919285198315 539.6472858171599
-13.25 85.98241246610414 418.8557070967111
-13.25 -9.812398898710146 458.2118068512047
-13.25 -125.1814142138413 565.4318742146206
-13.25 -125.8976842515091 567.9345639079718
-13.25 -124.0542313448914 569.7720128384199
-13.25 14.55731083386858 376.6026982030711
-13.25 10.39176425957628 377.1078916303858
-13.25 7.861046611495766 373.7708998618376
-13.25 6.240858203679759 377.6277455565193
-13.25 3.715487603111697 374.2981566168098
-13.25 -73.40577500299607 520.2327906581681
-13.25 -1.287213008908539 363.6372791091391
-13.25 -2.971633228785079 367.6194687878867
-13.25 -80.05495300762004 555.4154362449175
-13.25 -102.0889493265927 525.6726277556536
-13.25 -104.0309960122642 523.3458557572737
-13.25 -33.55359897898747 564.0211387758145
-13.25 81.78007228379222 406.9038044167062
-13.25 80.34846092819396 404.5882394672967
-13.25 -66.60603390008042 497.1481235310842
-13.25 -64.66879184981227 499.5256605537429
-13.25 -72.57665299885238 328.7360075896214
-13.25 41.44906373963601 396.5363435463953
-13.25 37.90457136938048 396.7075754794374
-13.25 -34.8331429844081 542.3211550060399
-13.25 -52.39502293677589 549.4885719637367
-13.25 -17.13790038304624 521.4009037406394
-13.25 -84.84402651370033 325.1833595904556
-13.25 76.73306279341146 411.6883833268565
-13.25 75.27720111826409 409.4982932405018
-13.25 74.08978595455352 411.866563917313
-13.25 36.31985629217539 420.2339960767072
-13.25 -20.09956172524571 505.7097840069013
-13.25 77.56764777978877 404.686015521064
-13.25 78.87091338446585 402.1587829048141
-13.25 -61.49824658341387 266.2465053724543
-13.25 -37.71230522900108 532.4903895523277
-13.25 48.0230030549496 412.068773901517
-13.25 10.88478502950962 404.0251792060397
-13.25 14.18476309235949 338.4521420065482
-13.25 15.98172351637224 334.2426383820006
-13.25 -29.19141687354074 563.1738345099658
-13.25 -22.11245769601916 529.6372569533549
-13.25 -33.89414504884185 538.1825173714442
-13.25 -87.64848969993177 549.9398876298764
-13.25 -56.31545354474913 301.3451742606095
-13.25 -121.7799885190018 428.6184633175361
-13.25 -118.7547237772325 432.4383388913021
-13.25 -99.41892283559019 554.2562925870261
-13.25 115.5475097704743 351.7035031869627
-13.25 10.37602280791997 503.2138465911535
-13.25 11.28267911386456 500.938334324296
-13.25 68.27848027375154 435.3312627642354
-13.25 -69.5527010717873 339.72751188896
-13.25 -57.84870138009538 525.4578282375132
-13.25 -58.67024691602034 527.6463083307065
-13.25 -45.20399889738673 566.2624379777963
-13.25 -125.9605942050931 538.0445555509224
-13.25 -84.15044921616983 550.8053487809615
-13.25 -119.4850305048026 481.6589256537616
-13.25 11.41832825001185 334.7829047115589
-13.25 -14.82679066996892 543.7719795802437
-13.25 -13.08663261450243 543.4769176900289
-13.25 -78.16694640647897 349.2477459883735
-13.25 -78.10907357177051 489.0055384371024
-13.25 -23.19236209239035 499.7529149966965
-13.25 17.6464979814338 433.815202990372
-13.25 6.870836439023824 429.3362676641773
-13.25 22.85937237778335 399.605099797703
-13.25 26.51397743320563 399.1905579654967
-13.25 -39.49228243002377 492.9774098417466
-13.25 -38.38510835550174 490.3337453500777
-13.25 -40.58520587452612 495.6100889135307
-13.25 -43.38486197905408 496.0013929437193
-13.25 -62.569968226707 565.6778017170598
-13.25 11.01751339221051 548.2903446229008
-13.25 67.77297966283137 440.6700791218454
-13.25 68.96021957083958 442.3470835749308
-13.25 -124.4677959052979 562.9171860326419
-13.25 -121.2637947600174 475.1082145870461
-13.25 -123.971996426717 471.8341352257711
-13.25 -96.18528962672831 565.1303513161289
-13.25 -95.58535122058667 563.3476244723972
-13.25 -22.27732769182193 552.3619534143476
-13.25 -21.23184174744222 553.5984521499358
-13.25 -19.65125941542752 553.3208728938839
-13.25 92.9576066202827 292.3208158330416
-13.25 57.31909348997581 309.847697090664
-13.25 86.36639762587775 425.9323249757666
-13.25 102.2789404000307 268.0196355787786
-13.25 97.06275477513248 268.5808836406277
-13.25 107.4983542699512 267.4558571889628
-13.25 -23.65987708292709 347.0604329739016
-13.25 -36.4699222470802 560.658713811846
-13.25 -84.93129240184562 268.1120554931396
-13.25 -93.77300492742499 312.7997460237596
-13.25 99.09011788637955 286.5508372746258
-13.25 -49.27867055428586 317.229622126159
-13.25 -70.94040531269836 493.6849481900579
-13.25 -121.2336841745723 415.6696457755447
-13.25 -119.3763099958242 411.0689481471354
-13.25 -21.62363799807754 546.351612457836
-13.25 -21.2241969767258 410.9435824546962
-13.25 82.01104430509599 430.7208633028961
-13.25 75.37037692077871 436.4722252469045
-13.25 74.54524798236913 438.1977608974199
-13.25 23.17994495832125 535.9816531602925
-13.25 -12.97081396466673 520.8528946268572
-13.25 -88.83209717107508 571.5135294957524
-13.25 5.523429881877792 511.9030769915156
-13.25 -105.1389808478154 534.1057635580948
-13.25 11.73356463225487 526.2066588432119
-13.25 -5.46878698999759 490.1000434982166
-13.25 -83.33480058799627 574.6986648425599
-13.25 -122.7819152255434 575.1493382703619
-13.25 -124.8977726596016 575.7440108081378
-13.25 -18.16122485699789 403.6885439718167
-13.25 -122.9823148341632 584.0978156911532
-13.25 -22.015419055346 524.0934851155292
-13.25 -59.38995314743399 297.3520498941754
-13.25 -61.31294088432168 302.0128163345673
-13.25 -87.778172268684 450.0330214472414
-13.25 -114.134181069045 267.1736159014359
-13.25 86.77579391370476 395.0488298350763
-13.25 106.296952887897 409.6036948093934
-13.25 107.2667448582863 411.4758590539836
-13.25 -71.76731076252038 563.5677145748367
-13.25 -97.63535220019567 534.0857423759603
-13.25 -67.94984141766358 569.3840436715947
-13.25 -68.4227670396229 570.7874516843465
-13.25 8.663783618552092 401.0228340669337
-13.25 12.39565233772771 400.5848351597555
-13.25 -80.45837433201572 549.2064792490233
-13.25 -81.86554806127532 547.5724292118633
-13.25 -81.14819759021057 545.5119399751416
-13.25 -77.60291582646323 541.0252069848693
-13.25 -1.67452886714498 508.8936669351456
-13.25 38.51993882022929 267.6605446777691
-13.25 43.65716011332083 267.0701697494337
-13.25 -23.04161297757347 543.6662546212988
-13.25 9.739217913631874 529.8694096399159
-13.25 0.2783914763653534 267.6944803468117
-13.25 -35.04818844140083 511.842262899716
-13.25 -109.4361338583067 577.5195953902088
-13.25 -108.9790449777251 575.8960201744193
-13.25 7.597545621169396 552.9643464010629
-13.25 8.540982470914194 554.1406536892375
-13.25 -57.97001830707408 482.2087462650261
-13.25 1.151869244738392 551.3547799883538
-13.25 -119.3732010883167 376.8444465862435
-13.25 -121.3564471221517 381.5196954667792
-13.25 -17.7291620283935 470.2663306881443
-13.25 -13.50163707301618 486.6326376333996
-13.25 -16.16487589127788 487.0519981305176
-13.25 -9.907140101842559 364.7310033030893
-13.25 98.05596074606568 277.5995118477446
-13.25 30.16757160861063 526.7588372159069
-13.25 -18.20993666684274 517.73073691344
-13.25 -58.6653744968378 533.5739557669256
-13.25 -60.08563475985864 531.862234629793
-13.25 -18.34618383703447 544.3943250666342
-13.25 -36.05963684994729 550.5112885953582
-13.25 -37.77742429019953 550.8393783182823
-13.25 -34.34274812689284 550.1828109782948
-13.25 118.8392990555785 275.3585688492951
-13.25 115.7570667075661 271.1281670381626
-13.25 121.9185324272092 279.5899835718129
-13.25 119.7905987602475 284.3696278423756
-13.25 -11.73876076209363 455.6718725365351
-13.25 -8.559468690839095 455.2610749750291
-13.25 -111.906317086631 490.7723538873765
-13.25 16.14621365763337 516.3219583041212
-13.25 -125.3914430536666 577.9361309266648
-13.25 -127.0773524480119 576.4048124269556
-13.25 13.22966871477702 330.5398686312878
-13.25 82.26031770026202 397.7791109921694
-13.25 20.49373453085232 469.4434762052925
-13.25 22.27169501633672 471.6795881449804
-13.25 41.3574867902352 510.2568499438727
-13.25 -66.51971639415642 565.041156981005
-13.25 -64.97437272259536 564.749908285095
-13.25 104.0224402541949 413.1736386322828
-13.25 40.50695157560889 285.2940210895052
-13.25 35.464753138643 285.8598068270959
-13.25 -114.6954082075748 546.0277193447421
-13.25 -115.5503153603236 548.6684654675873
-13.25 -78.67305706703495 426.5790004066931
-13.25 108.5493374228637 400.9455744187326
-13.25 -87.83376845093873 321.1350172093667
-13.25 35.30172653182314 441.2075908298411
-13.25 36.52392481316778 438.5632044454094
-13.25 39.43398024470837 438.3207244669459
-13.25 -29.19488908657609 559.2595622848449
-13.25 59.63669618194261 443.4895493236835
-13.25 -119.2912884740744 338.2316385928783
-13.25 -116.188351719275 342.3781538722016
-13.25 26.16521885681589 468.6134854779606
-13.25 -98.52121526939916 265.2100718068262
-13.25 53.64692097351475 430.9678264716634
-13.25 56.23023821094753 430.7829361202247
-13.25 51.03276052781779 431.1373886448011
-13.25 8.923749417894111 322.6682580040368
-13.25 -115.6138369725662 458.9529135084117
-13.25 -111.2294087856072 458.225894499323
-13.25 -120.0208765639128 459.6714161480928
-13.25 26.08249641284008 545.07095997299
-13.25 119.6422100451449 373.51447645946
-13.25 31.54323701076662 403.1311577309136
-13.25 33.10142456356074 399.956396335745
-13.25 -16.49531774627116 500.8801038788821
-13.25 -22.22492471877763 309.7768730142499
-13.25 -19.26852854802283 313.6707425774476
-13.25 -14.43541073454266 313.0668603183711
-13.25 -16.33163670948946 317.5332396704205
-13.25 -21.12838524144529 318.1327023566126
-13.25 59.2370316975928 450.4693347179006
-13.25 -65.54678647000328 544.7486212881861
-13.25 -66.84507097443802 543.1633741651568
-13.25 -68.88556045795761 543.5053612956124
-13.25 -81.8545914577343 329.2151087644487
-13.25 -104.9517316710232 452.8203204507153
-13.25 -43.25923162235979 435.2890466529994
-13.25 -44.70511395177753 438.8587241085417
-13.25 -94.23604269375248 390.5002559636587
-13.25 -91.31486209587069 394.2810287484908
-13.25 84.16835758016639 422.572894245359
-13.25 -106.9855801542289 499.9072113662004
-13.25 -32.49408904709517 379.1610558793912
-13.25 -28.19725396063564 378.604767853567
-13.25 -46.32451330854454 300.0419467313924
-13.25 -48.25832182993543 304.6734815620637
-13.25 25.80128367095414 533.9586255395851
-13.25 -61.67261329718653 499.0478262193204
-13.25 -62.76333664725994 501.8410618256705
-13.25 -4.431257743378079 521.1274198615314
-13.25 -108.1558231628144 569.4537742946939
-13.25 42.46969123013286 521.3624785534454
-13.25 41.62820935210038 523.3851128318481
-13.25 43.31255948931639 519.3455001201108
-13.25 -40.97410846531592 545.9733130630783
-13.25 -122.882179969081 456.2232410499146
-13.25 14.76199116295311 493.9074177835354
-13.25 -122.4710223650957 467.816020952408
-13.25 -97.23548273254413 506.0482044378505
-13.25 -73.4363087957464 294.950984050948
-13.25 4.125951559268261 510.0918849782703
-13.25 6.408520398773254 509.7754307407457
-13.25 -10.84328448707684 486.2139487902953
-13.25 -40.28395613231367 544.2386033034452
-13.25 -118.7372599211906 495.2261705311157
-13.25 -122.5077085598253 495.8671176994835
-13.25 -24.15086981688598 529.9920681034276
-13.25 97.17350108774167 360.2654325042132
-13.25 -46.04907966806535 530.9535707175509
-13.25 -122.2611228170698 489.1888663482945
-13.25 -124.8457362357715 486.09753842005
-13.25 -60.67838991904151 343.8597792416348
-13.25 -126.5867335218861 574.0981135961001
-13.25 -15.5387478309296 430.5288737232859
-13.25 -25.48765833395179 528.4165034669082
-13.25 -84.36551890887189 514.5861268842674
-13.25 21.49371740075475 360.8971819777545
-13.25 25.83289575971779 360.3888502269295
-13.25 -22.24224561749978 490.3513946730416
-13.25 -32.54550538538001 267.0894840035302
-13.25 -26.50145563343067 504.6105532479958
-13.25 24.32387154435044 396.1993507190701
-13.25 42.1368581261915 468.4343529276384
-13.25 41.02708067558364 470.9958480501186
-13.25 42.69453975864459 473.2409588350392
-13.25 39.91284151705732 473.5651730738379
-13.25 41.58437866435365 475.8113173398497
-13.25 38.805145642566 476.1345338841425
-13.25 40.47370235240668 478.3714408665589
-13.25 37.71167825874367 478.6909341082875
-13.25 39.36800529101114 480.9112898614417
-13.25 36.62784948417162 481.2274079791362
-13.25 38.27001023775748 483.4278009041885
-13.25 35.55590772994596 483.7403733220904
-13.25 37.18179673933555 485.9184364816917
-13.25 34.49599955620144 486.2274592111324
-13.25 36.10459649162905 488.382201488675
-13.25 33.44888155901804 488.686983047547
-13.25 35.03862096203169 490.8165012276692
-13.25 32.41479126596202 491.1171072220828
-13.25 33.98483265232105 493.2198533629038
-13.25 31.39488399946138 493.5161520542351
-13.25 32.94417694187877 495.5910032689677
-13.25 30.38898548156481 495.883111926847
-13.25 31.91726566784828 497.9298949693786
-13.25 29.39793337420952 498.2170602620998
-13.25 30.90388829629015 500.2341957832867
-13.25 28.42208138291901 500.5163391305131
-13.25 29.90502057136589 502.5042772608742
-13.25 27.45904645205977 502.7818148480006
-13.25 28.92017449507891 504.7418128848696
-13.25 26.51032153388605 505.0136805091309
-13.25 27.94838098819333 506.944253102744
-13.25 25.57588465938246 507.2106134618355
-13.25 26.9904503054978 509.1110781872808
-13.25 32.35506778817148 502.227533787046
-13.25 24.65448355653928 509.3731179068101
-13.25 26.04714648659948 511.2450156656106
-13.25 86.97216145148711 416.9584489603183
-13.25 -111.0593840994138 341.7556458532044
-13.25 -113.086848028465 346.4915136768136
-13.25 -118.1973459823123 347.1189086471466
-13.25 29.32401847541075 508.8475661373848
-13.25 -39.07972094065352 530.9020529954192
-13.25 -7.889068884576073 460.7253890892125
-13.25 -101.3439140819474 502.1016423026099
-13.25 -94.31136077599663 475.6029281365672
-13.25 -96.77152880563131 472.639255933143
-13.25 -83.32046271351179 438.4069618641585
-13.25 -120.4846283573548 368.1988978710351
-13.25 36.05438983065065 476.4699918235768
-13.25 -86.60285111499076 393.6335743275265
-13.25 -88.40234831561595 398.0074293735046
-13.25 -57.17346703625951 279.326858779667
-13.25 2.098195398948883 378.1473079702707
-13.25 -116.2616754531757 319.805146037483
-13.25 67.16863502765298 341.5510024466604
-13.25 62.58306471308374 341.7428708657714
-13.25 65.8496404805218 321.514080340928
-13.25 -13.70423457430957 545.1134582908829
-13.25 -0.4221784830067867 374.8239829139296
-13.25 33.1136396065553 420.4897557466354
-13.25 31.25834166035193 417.8407627541404
-13.25 -119.3975430148103 293.0371300664017
-13.25 -121.4918722868081 297.8336863960569
-13.25 -121.5670857552859 552.8710095876935
-13.25 -124.3170056955075 553.4610437412363
-13.25 -118.8387122876742 552.2792534808686
-13.25 23.04423293903437 548.4828105302183
-13.25 21.38819245097065 548.7019270570191
-13.25 -70.95297379003185 366.8591971959551
-13.25 -81.85630873232672 574.3515999631718
-13.25 -89.5347961690876 565.5056936511124
-13.25 -9.933398371037352 522.0874512557447
-13.25 -80.49036865551311 495.1508953522121
-13.25 89.28763694949933 424.0689140774907
-13.25 9.960144490312699 534.7377332694887
-13.25 8.759316746160916 533.2493384194281
-13.25 -65.69848641943784 502.3147918557401
-13.25 -63.82486629665626 504.5937132766996
-13.25 -60.94571245193684 504.1230178561543
-13.25 -61.98413338888523 506.8121599891322
-13.25 -59.17394632864605 506.3522569473521
-13.25 -60.1872853982947 508.9759811020072
-13.25 -57.44594756201738 508.5271963011327
-13.25 -62.03445910816499 386.2456962709153
-13.25 22.070607629758 516.4379794761376
-13.25 22.91654098147161 514.3795954527831
-13.25 -95.41993405798969 468.9920296443741
-13.25 -99.29923198443247 469.628484609315
-13.25 57.65713144656591 432.9051683912152
-13.25 -111.080210897131 582.0848828989442
-13.25 -109.5403114700296 581.7048876587362
-13.25 -10.69125472596422 557.3889794802344
-13.25 -123.5626218631698 364.101564623291
-13.25 -74.94632114975165 555.2665012951796
-13.25 108.72589896639 348.0551017798647
-13.25 -124.9558827126176 535.0003876100392
-13.25 -121.7876330272001 534.3818218853011
-13.25 -123.9115602593534 531.9262752685427
-13.25 -120.7091178363966 531.3026395273977
-13.25 -122.8540391561453 528.8224937929128
-13.25 -119.6188824612569 528.1921875251167
-13.25 -121.7862039258049 525.6856883660968
-13.25 -64.01563778248519 555.7141474468059
-13.25 113.28924947042 386.970629319619
-13.25 117.0075644856792 387.1853922680172
-13.25 118.6148610596566 390.5998961090361
-13.25 120.7631996769049 387.5030664757683
-13.25 -68.06734002459416 565.3337883569724
-13.25 -123.814875664482 499.4921946969029
-13.25 -119.3569201106752 267.8372105047619
-13.25 -87.44821034728072 480.3533402087888
-13.25 -77.45124232914662 556.6277683899663
-13.25 26.45938184862919 515.8584506259083
-13.25 -24.84316141281949 497.7653210923788
-13.25 -118.2758023392527 385.5731893247852
-13.25 -99.54762405927212 370.3702178105702
-13.25 -96.80955537699553 308.6787442371646
-13.25 39.52562126565641 393.4922039660395
-13.25 39.81892736581097 517.8947965325276
-13.25 -112.8465650700365 406.3556939150916
-13.25 -122.0453074743637 394.5076931525744
-13.25 12.38222913292069 455.139261952764
-13.25 -103.7433892384302 265.865262627891
-13.25 24.63652524312923 371.7294644764824
-13.25 22.95500412087599 375.599434201378
-13.25 26.31615506593161 367.8407116573491
-13.25 -24.74271793743435 512.780765829079
-13.25 -79.8180330249274 541.4084766970043
-13.25 -124.3309891510458 411.7439404804518
-13.25 -54.18406375046584 549.7983403531639
-13.25 -53.56149761769909 548.0728075306639
-13.25 -62.74451792915857 477.57266038997
-13.25 -121.4280572547023 320.4026775564454
-13.25 120.6484025114998 293.2726888534015
-13.25 -55.30692542752712 568.1986411345237
-13.25 -62.61891875694692 375.7528221859742
-13.25 -35.6842955808941 262.9371361907421
-13.25 -121.3885850471273 272.6951446188268
-13.25 -8.534955231444892 492.8327517785146
-13.25 -78.91741377983737 528.2347062110348
-13.25 -71.83238600611115 267.5824721387137
-13.25 -5.235084160954775 483.0436862238467
-13.25 47.59867619596932 438.2757581719553
-13.25 58.59493383818212 348.989640916732
-13.25 55.93539955186647 345.3452284712794
-13.25 -36.52124053009237 509.9131979352394
-13.25 -51.60118355666785 536.2142543610267
-13.25 -83.87430377067716 479.8425673971972
-13.25 64.01996804294915 463.3326618942242
-13.25 45.55442854329422 284.7239031619338
-13.25 -96.51587166267021 574.6165782685127
-13.25 31.18609465999976 348.2546570974035
-13.25 33.83563681719493 351.8387318590616
-13.25 71.78171479659702 440.2744301845711
-13.25 -126.3287966099951 496.5374852356488
-13.25 13.49391777346779 548.2143121167052
-13.25 -36.13671446182076 368.1766208084908
-13.25 -78.43041538746888 417.9540070266262
-13.25 -12.96708074051626 556.403422882031
-13.25 -13.90818957747361 555.25164317714
-13.25 51.70498233875757 516.0436607576887
-13.25 49.85420552918605 515.7716013270016
-13.25 48.75551382114531 517.360373908927
-13.25 6.516966394572711 555.7577761787073
-13.25 5.063931132597761 555.9918329843384
-13.25 -62.87108005658305 557.0784004574149
-13.25 -62.26576925838622 555.4083198599299
-13.25 15.72282045541535 491.5237598515629
-13.25 14.13674845426485 489.4893294635643
-13.25 16.70321973733725 489.1239482983981
-13.25 15.10149089206477 487.0695129993883
-13.25 19.71802213642565 521.546096623678
-13.25 -76.43561575810352 572.9638791614207
-13.25 -77.90090394709509 573.271856585097
-13.25 -74.97302991721475 572.6551640128015
-13.25 -93.64446054582115 542.6574671194199
-13.25 -38.02156681464611 476.9292194664403
-13.25 -14.45489107772429 524.7094832369486
-13.25 -39.13099723495731 526.5898618638161
-13.25 -105.9368241840635 296.0824285629759
-13.25 -102.8536679996882 300.2704902782484
-13.25 8.630042193519971 331.0844468635756
-13.25 6.918759436282144 513.7003656744737
-13.25 104.3993194590815 263.2075892359564
-13.25 -25.75508771193296 508.804426643774
-13.25 -48.49657561357998 439.412416259095
-13.25 -46.12403635265025 442.4005629793186
-13.25 -42.37982435883389 441.8454176203064
-13.25 -43.77651869294264 445.3294334789844
-13.25 -40.09577483925739 444.7830276144036
-13.25 -41.46836791656397 448.2073206738694
-13.25 -37.85115790900565 447.6700010259879
-13.25 -39.19986152230209 451.0346948749293
-13.25 -35.64617994232896 450.5064982665059
-13.25 -36.97104730060565 453.8114522545534
-13.25 -33.48063721833037 453.2926351057328
-13.25 -36.49075972749026 444.2962141139162
-13.25 -20.58455238656306 434.393926642462
-13.25 -97.45899940355797 563.7094000539876
-13.25 -96.84201084686745 561.872073025405
-13.25 44.95441436107627 328.0566986734828
-13.25 32.05063574197216 355.907990654404
-13.25 -25.07729052065379 428.5816465634028
-13.25 -34.29489132591338 533.6672973951323
-13.25 -58.43442810117614 511.0861318096306
-13.25 46.04499438724518 436.0537039281203
-13.25 17.69370486501598 486.7001151175664
-13.25 16.07552292887909 484.6246841932754
-13.25 18.69476712395151 484.2510507064896
-13.25 17.05934391267086 482.1539375931936
-13.25 19.70637690194501 481.7759069845066
-13.25 18.05314185010311 479.6561782928838
-13.25 -66.93154704403946 554.6589399396801
-13.25 -68.72879392334366 554.9914045073148
-13.25 -24.10900169829615 524.4551733991477
-13.25 16.361757675912 436.8403104430143
-13.25 27.15124374703969 546.5042908851124
-13.25 -81.76769075916124 272.3004287549287
-13.25 -83.81366995815468 277.1247950563259
-13.25 -79.7232032343066 267.4671997675322
-13.25 -125.6370068029289 546.2024992867235
-13.25 55.41817294259739 408.8285367723958
-13.25 69.15715150158535 433.4544004486822
-13.25 123.7049094524723 297.4856247561852
-13.25 -9.047959128519148 534.3563850441602
-13.25 -96.5621103826324 374.2732996728337
-13.25 75.20056750453578 341.1529324476524
-13.25 56.29719714710809 264.9496485789246
-13.25 -25.63567790981334 502.272273181594
-13.25 -94.18711206358185 538.2140960665978
-13.25 -93.27109817870586 535.7153505549145
-13.25 -115.0985904513279 351.2323890383911
-13.25 -120.2116335853052 351.8602192602374
-13.25 -110.0005980969689 350.5984015012701
-13.25 -123.3265646228243 347.7383510667075
-13.25 -58.19722982528878 568.7671140327511
-13.25 38.47324520588182 289.9204866164751
-13.25 -10.11227446821436 437.5693995286838
-13.25 -111.8106636867103 574.4582092587771
-13.25 13.96166933696882 528.9961619752524
-13.25 15.92915104029924 528.6990235388101
-13.25 100.9016911403948 374.7509592592752
-13.25 -43.7570331901106 361.5713636967093
-13.25 -2.798976400294795 263.5655398401578
-13.25 45.8447100835668 417.1977844162392
-13.25 44.62088795507719 419.9215434368635
-13.25 15.21084467295262 265.9001244158364
-13.25 40.57457784304916 262.8929688334063
-13.25 -70.32689993011802 299.0020231801548
-13.25 119.178647773959 383.8771586154957
-13.25 123.2899673583051 384.2396628632087
-13.25 -120.4484817430218 306.7912462166215
-13.25 120.9686661723712 270.5690871456337
-13.25 117.8778053658982 266.3270120815823
-13.25 -41.92596515306835 552.4299079624171
-13.25 -43.64654325445791 552.7005639688573
-13.25 -82.83206565718675 320.5693575043279
-13.25 -60.16451424705043 525.8369248409759
-13.25 97.2156216129723 383.3623062194965
-13.25 95.34725000963721 386.5471765781174
-13.25 -111.8279656557852 285.2045026955318
-13.25 -117.0254690091745 285.8709033243584
-13.25 -120.2064589802521 281.7020312435923
-13.25 -122.22991522019 286.5440339306571
-13.25 62.79938292330129 451.3389314212239
-13.25 62.71496632736159 473.3540443114334
-13.25 60.23159221121163 471.4005752148603
-13.25 60.00915069706397 468.4658063423448
-13.25 59.92243186631227 474.3488455839088
-13.25 -66.77793269539183 462.8340225488432
-13.25 121.5613291914377 380.3495151302457
-13.25 20.72916824562952 479.2736374948191
-13.25 19.05738831188272 477.1300756355342
-13.25 21.76422246917965 476.7426931912992
-13.25 -127.75339225542 566.049616969315
-13.25 -55.76127377723551 510.6483476898775
-13.25 -15.80376739862682 406.8257987069662
-13.25 39.20873041764735 320.4343898060727
-13.25 23.24382451826002 507.4945157441785
-13.25 -42.76360688003725 451.5702787619751
-13.25 -113.0631565041693 556.0084674380817
-13.25 -111.403985408668 557.9173759393664
-13.25 -114.760495096934 554.0850987077267
-13.25 -49.03226388312257 530.0514654899509
-13.25 -9.748487822586521 558.505919749293
-13.25 -54.46839454998952 538.5401413775808
-13.25 -32.42809542556691 509.9292182468961
-13.25 18.86647710989202 523.5203707801112
-13.25 -93.19672341437801 561.2108191289979
-13.25 -79.42308501940373 410.252163678175
-13.25 -86.057953030514 563.4563254562938
-13.25 -68.165935860278 541.5406971858026
-13.25 -70.25297338749259 541.8903746541706
-13.25 -69.51691301716765 539.8804814401285
-13.25 -71.65157224324356 540.2384555527962
-13.25 -40.63188223615737 549.1485142689237
-13.25 30.11799883596758 543.4400942297747
-13.25 -8.321746271876879 558.2567898260401
-13.25 50.65695616444406 406.4598846070908
-13.25 67.59692058385718 450.7931038858196
-13.25 95.80658754017389 395.1221453648213
-13.25 94.31818931523826 392.3714645954221
-13.25 91.11846408162742 392.3257120646035
-13.25 84.39608018591223 426.0223213572383
-13.25 85.45813165888539 427.6607589863108
-13.25 52.85954260714223 512.9394951411114
-13.25 53.79247733390488 510.9643864416686
-13.25 -10.95065388634853 534.6572022632477
-13.25 44.64163606752878 521.085504304212
-13.25 45.48951129849062 519.0602674118869
-13.25 -6.574269198113507 521.4525991644174
-13.25 -83.32139471091374 545.9104665986267
-13.25 127.1798163326239 397.4152040426661
-13.25 124.0510558888699 395.5510504003959
-13.25 124.2343661712356 398.8010890562371
-13.25 121.5261008255654 397.3236530669226
-13.25 121.6889183585508 400.2461526482998
-13.25 -47.22764122116912 553.2883654913959
-13.25 3.505697920638794 404.8939188408139
-13.25 -86.9849417657224 572.8356633366411
-13.25 -87.4173657124058 574.3314434046895
-13.25 -86.34189888683723 575.4361377514897
-13.25 -87.82152634810953 575.8007644046431
-13.25 120.5749521361709 317.537088900111
-13.25 117.8707698645548 313.1448761140319
-13.25 -120.8691346653596 403.1383581280766
-13.25 -92.50435482121313 577.7765953014629
-13.25 -102.5367444005935 366.4492305716187
-13.25 -100.6154860431087 361.885265929067
-13.25 -69.46818679092367 469.5550000351569
-13.25 -67.22451096627373 472.3722085508835
-13.25 -90.64897097431887 559.0244466241339
-13.25 -88.70440682790155 558.6700166699324
-13.25 -82.19139568635391 336.9775853749491
-13.25 -84.11209936545745 341.5162794324708
-13.25 -51.1709164989384 264.9063315155678
-13.25 -64.80890563582562 542.8200545956677
-13.25 8.276665847505098 458.407216292422
-13.25 -97.17783363298607 386.7105278665668
-13.25 93.53812255177338 383.345404748952
-13.25 91.67445254132817 386.5104519888596
-13.25 47.60116547033427 280.0722210956947
-13.25 30.00399408741803 406.2951477721498
-13.25 -77.31125796048048 462.2532277548391
-13.25 -79.74115289127137 459.2706837822213
-13.25 12.13752554007907 261.7586002131495
-13.25 -52.1722425624069 569.4397535137459
-13.25 53.78558171988053 506.834758861954
-13.25 -126.5480062678309 570.4304736068418
-13.25 13.35152498486146 553.4496578405303
-13.25 123.2924240348726 392.0756428539837
-13.25 125.900644350437 389.453691191271
-13.25 -128.9115349921988 574.8091694091528
-13.25 17.83086524402344 329.994171650772
-13.25 -39.77402343580903 532.8825649342004
-13.25 -33.16312458131935 536.3500331304394
-13.25 -26.35682721886909 412.5354368061627
-13.25 -126.1115486954368 529.4446445788367
-13.25 -108.2056877981143 572.5258630694902
-13.25 -127.6681826275613 582.1879835551748
-13.25 -128.120942622949 584.1487272312678
-13.25 -127.240598462564 580.1579856938934
-13.25 120.3715575723671 351.5911371002997
-13.25 117.8609629663451 347.4155291533613
-13.25 42.98314116514623 311.6012933281922
-13.25 -95.47434489030213 575.8133823562516
-13.25 -95.99092741770464 577.2928392425583
-13.25 -55.38821093722276 548.3888120722647
-13.25 -91.85948144597647 478.5310411903713
-13.25 28.8711031365879 535.261069126754
-13.25 30.02993302203629 536.8099512032659
-13.25 84.79166627322884 417.0277346585834
-13.25 -78.91358751415842 572.1714078740699
-13.25 -79.3618243395794 573.6000794130549
-13.25 -78.35030036493755 574.6869833778901
-13.25 34.44361015144752 497.6442259308872
-13.25 -123.4931123703464 325.1892715835803
-13.25 25.05698107932587 503.0783167330308
-13.25 -91.72210505425052 308.1093068752637
-13.25 47.48037270807104 431.9282257175229
-13.25 -66.00277847667576 563.5386276999451
-13.25 20.07265317386787 474.5735463858978
-13.25 -84.72350166887179 529.981109600534
-13.25 21.34576638278147 483.8902358519496
-13.25 -80.73910719406325 551.9395482202617
-13.25 -73.78625696832384 363.0708638994166
-13.25 -78.50231922206682 363.6281775435901
-13.25 23.74499767447178 511.5037700125171
-13.25 -56.13069671519653 461.4640435646443
-13.25 34.08124438518747 443.8518528898821
-13.25 123.1039296106696 265.7662224031857
-13.25 99.08797158730027 380.0973142027567
-13.25 -23.18006980245015 492.8820705057605
-13.25 -34.78181061074088 456.5393245498774
-13.25 -31.35271763027855 456.0295197921025
-13.25 -30.06266297502611 452.8308383153046
-13.25 -27.95335314735454 455.5410259745665
-13.25 -29.23432808775279 458.6990021402462
-13.25 -36.34029871130846 535.0615237100983
-13.25 35.87257923206767 393.6668167458418
-13.25 -7.189222955833621 517.7198557251564
-13.25 51.11313635992182 265.5483883276909
-13.25 -30.06332795099506 405.1807021963172
-13.25 -32.52931005363288 401.9778326950952
-13.25 120.7951178444176 326.416374858053
-13.25 -84.04697141043378 548.0146854160203
-13.25 -35.02677082982542 522.0896881901923
-13.25 -35.89392565192399 524.1786138188293
-13.25 -53.07201114064551 568.4131817991823
-13.25 -25.84513537642003 468.7851445794439
-13.25 -39.89558147450291 474.4130332739709
-13.25 -46.47354731191637 357.9212946773158
-13.25 -66.00061276514697 571.5987864310714
-13.25 -23.3788136903508 522.4417147328659
-13.25 4.990436532624112 507.9371170766032
-13.25 14.49802150136272 550.5692946398698
-13.25 -40.20641416914187 552.1602209328244
-13.25 66.65997910986835 453.2151211962624
-13.25 1.297208715980632 367.0777996198844
-13.25 -61.11622853013226 511.5307403825849
-13.25 -49.88375509736423 442.9497658138568
-13.25 -82.30047836238421 575.782153579505
-13.25 46.2235860197941 409.5223566382844
-13.25 -72.43767457373336 517.6904461253914
-13.25 -88.09603779949397 263.9144429130462
-13.25 -39.13007223109717 545.7023177656476
-13.25 -15.66847531009839 435.1973570189533
-13.25 -34.92025410493455 551.815460166731
-13.25 2.980986087671413 363.1220611508831
-13.25 -124.4596486133731 460.4434735877609
-13.25 66.56508999675918 438.9886783793063
-13.25 43.81552273397239 525.5285689582403
-13.25 27.91424525763712 532.4953522382399
-13.25 122.7757059530431 347.3030823582612
-13.25 120.2199041213766 343.0571838990444
-13.25 -101.0285197410859 522.8136839496262
-13.25 -102.9943750887788 520.4584319048985
-13.25 -69.68961807721395 562.9445980223412
-13.25 14.86889916951015 553.2251664961966
-13.25 26.92819718498825 498.5255866628569
-13.25 -56.44306954459535 505.9564844178249
-13.25 -59.39449181937638 513.6055746157322
-13.25 -24.20243883981493 542.2875222069622
-13.25 -23.58932898555048 540.5790485493824
-13.25 -102.9129669832087 580.2132364830003
-13.25 -104.3941763809329 580.5602536667161
-13.25 -118.516449042508 525.0486645098513
-13.25 -120.7068392066097 522.5158068712649
-13.25 -124.0325998600221 523.1520703194967
-13.25 -122.9300975529414 519.904832461934
-13.25 -126.3407278386327 520.5576348911864
-13.25 -125.2104014327118 517.2271486544827
-13.25 -121.7318717397427 516.5746382380104
-13.25 -124.0402099299103 513.8671663615946
-13.25 -120.5248861453745 513.2078274494062
-13.25 -122.8576365909101 510.4713613686257
-13.25 -126.431521334214 511.1305879192506
-13.25 -125.2246620403136 507.6561527925353
-13.25 -119.3049639454566 509.8053516259411
-13.25 -58.31732916546553 458.5962416729549
-13.25 -61.92480123665323 459.0657645048655
-13.25 -60.53298897086125 455.666080333233
-13.25 52.47146148065549 310.4058542867187
-13.25 26.67521869963699 530.9052673715161
-13.25 27.42460025340353 529.0255894343763
-13.25 32.98701781863393 540.0066702778248
-13.25 31.04295986228956 539.9951469924339
-13.25 32.38069817264739 538.0220766256878
-13.25 33.39439406014503 536.339398374159
-13.25 112.7140253463371 313.3087653112688
-13.25 -60.99204155457041 528.0420398862803
-13.25 -79.74955505735754 286.8048295261191
-13.25 -26.15920800298773 542.5621341377218
-13.25 36.58233306800766 492.9260678368731
-13.25 -74.14491042645527 515.5567788687648
-13.25 -64.37833559627256 379.9580727312301
-13.25 -100.7767129828491 295.5125772975816
-13.25 -89.98837474624203 557.1371811499084
-13.25 108.375345106323 409.7143366123931
-13.25 -84.49728940019313 506.7151229252332
-13.25 -60.86346339229949 533.9526939069929
-13.25 129.5738996594574 399.8008042900404
-13.25 -36.05191782345315 540.8909475346915
-13.25 -37.91450895829743 541.2422959081021
-13.25 -34.19072521819255 540.5393048756379
-13.25 47.85278552216288 515.5618276459836
-13.25 -90.84160569603051 555.1507243660645
-13.25 -88.75058461902009 555.4290505339445
-13.25 35.33915229324872 536.2581189306243
-13.25 34.29595465874574 534.6042970536041
-13.25 3.369495238682236 530.967263627845
-13.25 1.465267682182426 531.2787157699689
-13.25 -100.6153696063466 578.2557028966894
-13.25 -99.57799828438009 579.3837741163015
-13.25 -19.0957828448686 563.1758695210359
-13.25 -18.7221134791506 561.7829537299317
-13.25 -20.10170539910111 562.1594376234002
-13.25 -101.7007612910056 261.0067856931999
-13.25 -97.56128406571271 573.3982506558564
-13.25 -117.4361749237396 580.888993402475
-13.25 -116.2601149622537 582.1001116258291
-13.25 -116.7230717865516 583.6864206762436
-13.25 54.77928879632474 428.6497450978991
-13.25 57.34447423055345 428.465010008866
-13.25 55.90203183043678 426.3377446690969
-13.25 58.46889075703035 426.1498991795615
-13.25 57.02235668713958 424.0150406187749
-13.25 59.60168136069975 423.8248453149244
-13.25 59.88747403535114 428.2694969796727
-13.25 -63.59009128934506 340.0662830084706
-13.25 -8.234590416747231 559.9400071572728
-13.25 -38.94683279007351 510.2332248648506
-13.25 12.4755411457475 546.9312227794618
-13.25 13.07297733336689 545.3964068444894
-13.25 13.37291214499327 543.6324803755185
-13.25 124.1133096464987 401.5522576773564
-13.25 61.61156401514818 491.4421098354482
-13.25 59.2736961495638 489.4459602391173
-13.25 59.32245668613778 486.5141341770876
-13.25 56.80814899188371 487.9386360893139
-13.25 56.74886885772413 490.8057250339926
-13.25 56.84028872881963 485.0641820667177
-13.25 59.3385365825321 483.6370236717802
-13.25 54.32263709877701 489.3214027817741
-13.25 54.26313784669855 492.1437451114392
-13.25 56.65400687905858 493.6074593984204
-13.25 56.84786003639808 482.1772588470384
-13.25 59.36337973188395 480.7399352653122
-13.25 56.8544911664839 479.2689447253723
-13.25 -26.48024690376495 432.0006065733295
-13.25 123.9682638557263 355.69691287404
-13.25 125.4579265335916 360.4940782577387
-13.25 -95.6039219256399 479.1758718466576
-13.25 -61.63091865398825 571.2372623067761
-13.25 -62.65413641189587 570.2943349245667
-13.25 -41.1451024440754 531.2899538208987
-13.25 -41.84130034414036 533.2757971962969
-13.25 6.455809588575414 532.1499447373855
-13.25 -122.40869343124 334.0808662076408
-13.25 54.34851596502396 483.6141755511344
-13.25 46.73070563525157 271.2424666579175
-13.25 20.36300054274379 547.4067938027994
-13.25 19.76882713901371 548.9304486519098
-13.25 18.0859809735183 549.2072789545367
-13.25 17.14504746838698 550.615927132144
-13.25 62.25782995215534 466.6826572601493
-13.25 59.56337691575217 465.5942058539543
-13.25 -22.81374943515667 553.8757490459676
-13.25 -23.85423280816767 552.6551082825938
-13.25 -21.78528204564367 555.0920544729306
-13.25 -2.178674338892799 356.1297327080202
-13.25 -122.5294510049289 311.5826088198607
-13.25 -96.24970507007048 580.0079091920934
-13.25 -97.29333111934312 579.0621719207031
-13.25 -129.4252015487249 577.2516388781127
-13.25 -17.38269118324094 561.3188055221859
-13.25 -18.45581511951776 560.3867254310844
-13.25 -15.95951224081878 560.8177211132678
-13.25 -31.5995840500996 507.6469868417329
-13.25 -29.19115290716011 507.2341366585769
-13.25 -86.51153863729266 504.3087857122829
-13.25 59.38678287004796 477.8249720140847
-13.25 54.20462261839847 494.9238364211794
-13.25 51.84814911252725 493.4835760123333
-13.25 56.55816448479429 496.3660999295167
-13.25 -113.0803395011448 573.0674064474359
-13.25 -92.9043586586138 558.8955781579816
-13.25 28.85403199218476 493.8335744887277
-13.25 -36.66356935582888 492.6084067360305
-13.25 58.19483889809607 452.7872362551645
-13.25 55.64969920467173 453.0610092457802
-13.25 -126.6211342602858 321.0010105784388
-13.25 7.167963141284881 461.2406495362275
-13.25 9.075598647716729 463.5992055803852
-13.25 6.091511728390035 464.0620397135324
-13.25 107.948857052091 322.3785972772689
-13.25 28.0378239463962 395.7774452391299
-13.25 -82.58593887510382 543.7963943056137
-13.25 -83.46376377044228 541.5732313827358
-13.25 26.65690194846956 549.2138715419196
-13.25 67.05984148832376 433.6166348715554
-13.25 59.39007111672606 356.7042583611504
-13.25 -129.6546023878843 582.7619404168389
-13.25 59.31853617766185 502.0306340831316
-13.25 59.67082646976726 499.4659805873708
-13.25 -7.908641002342332 483.4515763857543
-13.25 115.4902706570178 365.5415435068156
-13.25 120.058740155354 365.6960546988404
-13.25 110.9533990120326 365.4110563190134
-13.25 38.1931341199945 312.1666013455576
-13.25 11.99876256679919 529.2948655341461
-13.25 -23.87931005276353 471.2295090470502
-13.25 19.28909697987056 546.0511510887491
-13.25 -7.907756074646948 513.9006196225546
-13.25 -9.360792439362797 512.1125682342844
-13.25 -115.1681184865938 583.2795160630268
-13.25 115.1504823323375 308.7614818191154
-13.25 120.3145178555912 308.5925245000418
-13.25 -34.14889863173956 519.9918569986403
-13.25 18.93857203283602 430.7850683174755
-13.25 20.90026824065264 433.4120942985859
-13.25 107.3552583751527 407.2735770620072
-13.25 106.2242848834562 405.2347867047207
-13.25 110.6537075316621 409.4572336919509
-13.25 112.1022387888947 407.4435082002317
-13.25 112.8539627985868 409.5120931794486
-13.25 114.3359157467728 407.5506113002116
-13.25 115.578819111103 405.7508368694785
-13.25 116.3664516585462 408.107100952704
-13.25 10.46909901181481 524.5676692177175
-13.25 33.5987912282805 438.8158833876112
-13.25 34.84025851250809 436.1299891255768
-13.25 38.76815609908297 488.0793876567522
-13.25 20.77217778429404 550.1885711693096
-13.25 -82.32381556302808 500.8465138175057
-13.25 -64.57086347633856 571.3218695028453
-13.25 -5.224235268803852 523.125578757167
-13.25 66.88849201169197 442.5550116866803
-13.25 67.97480140971767 444.6045074375914
-13.25 70.13956104413518 444.2056845666783
-13.25 47.77579887944916 331.8407460884127
-13.25 81.15382558951595 432.4175735199049
-13.25 -85.0199415122411 524.662183684107
-13.25 -85.17179140580691 453.2454653004092
-13.25 -88.88639271649004 574.7176096150494
-13.25 -99.09429635112247 525.157256771685
-13.25 -99.20067095698163 528.2162111287278
-13.25 -96.90084263342362 530.0509640525977
-13.25 -28.11352923424665 502.684240038145
-13.25 121.9882888388872 303.2449851199419
-13.25 -50.76956814824323 569.3881772108034
-13.25 -2.683135658002866 558.8353075420971
-13.25 -1.997218200882599 557.6388156320668
-13.25 -0.6028709632829135 557.6578698142437
-13.25 -1.283349749646995 556.4266480182108
-13.25 -3.696890785226977 557.8126332390136
-13.25 -5.093980986639009 558.0365238186337
-13.25 -30.08733811185822 327.7618084725756
-13.25 -31.9346850685896 332.1478913286678
-13.25 -28.22863376891033 323.3671289539411
-13.25 -36.63779729601769 332.7515578099137
-13.25 -33.76593098571587 336.5034153466575
-13.25 -29.09920775475754 335.9027740308762
-13.25 -29.31251978508878 340.763864541287
-13.25 -101.9656711738324 577.2492898644089
-13.25 -64.21183526523845 456.144722891304
-13.25 12.80310836851733 502.8625153986449
-13.25 57.39202426726771 467.4016766063024
-13.25 56.93815003930131 464.6484467557867
-13.25 30.83936472241577 489.0116360413738
-13.25 107.8607876531876 395.7047567884026
-13.25 -121.176089120791 583.4813617290968
-13.25 -121.6113117569056 585.1605189002967
-13.25 -62.79241578610298 452.6772537767038
-13.25 -19.26255912190857 521.752384840589
-13.25 27.23260251331921 465.9650573819406
-13.25 -112.0028789614027 355.3116180994617
-13.25 79.27678283695579 432.5524610598054
-13.25 80.33087897071216 434.093310843593
-13.25 -47.35307165874164 312.7125552456454
-13.25 -100.4186816190428 508.0044955730937
-13.25 -101.6100816932426 511.156819404676
-13.25 -41.01877677348634 328.9456451335167
-13.25 -43.87695456554037 325.1306368334943
-13.25 -81.41435455737881 489.491890511673
-13.25 -26.67340170210181 452.3689331927993
-13.25 -11.62186578245922 552.2545083293744
-13.25 -13.14559815458905 552.5190155989604
-13.25 -10.09888852589509 551.9903917470356
-13.25 33.47139928933397 290.4814619812869
-13.25 30.47603096044363 286.4488359343187
-13.25 -106.4780444549555 456.8395670810384
-13.25 -103.7410604591649 460.1428310617242
-13.25 -126.6464088073682 585.4100323519722
-13.25 -124.8936678094004 584.8193010660576
-13.25 71.05633364349237 442.3204978363635
-13.25 -7.440554040624035 348.9954189975435
-13.25 -128.4417165612109 586.0162866908
-13.25 -101.0535144217975 579.6996372921166
-13.25 127.0149325930106 372.3437795559714
-13.25 9.76060968227033 499.0019141450437
-13.25 -68.57276673145368 566.8333407147093
-13.25 -72.23816374987727 569.3611677035098
-13.25 -71.21608315645543 570.5099268140858
-13.25 -127.3547315955813 456.956393789742
-13.25 -72.70647856791463 570.8069047502303
-13.25 -71.70815918163071 571.9287168561792
-13.25 -70.25434029632906 571.6382139851315
-13.25 -73.16365479414945 572.2188701589077
-13.25 57.63260610150685 421.1177097229014
-13.25 -25.89224160246186 458.2158680017572
-13.25 -27.15017234656641 461.3151459804193
-13.25 -30.43775343856163 461.7959582794932
-13.25 -28.38076501858497 464.380815793901
-13.25 -31.63120519123612 464.8565762268297
-13.25 -56.54740922591323 538.8806964651205
-13.25 -57.89562574605287 537.2624238068061
-13.25 54.1311053073349 424.1204881131358
-13.25 -118.2837077421038 584.0841870311424
-13.25 -43.9360830131611 530.6346780479305
-13.25 -45.2714380100054 528.946408001171
-13.25 54.79974556748662 466.4149919245851
-13.25 -78.20107241078003 554.1568931461302
-13.25 119.1891476897497 398.9196340039581
-13.25 58.78537941939391 446.0910191494931
-13.25 -85.7298839662954 545.638530204367
-13.25 -64.80340021459767 507.27852931378
-13.25 -24.81776071914 543.9836391642448
-13.25 72.61218797224525 409.643907239414
-13.25 71.40721554090251 412.0474336764817
-13.25 72.90370139316843 414.2588576678841
-13.25 70.26688495963597 414.4311563774027
-13.25 71.73221750847745 416.5935003188366
-13.25 69.15482981047617 416.7624210339895
-13.25 68.76447519474549 412.2478119501264
-13.25 74.29432799375029 416.4178870379736
-13.25 73.81585133994035 407.2130245157638
-13.25 -124.4399197333614 377.4534107030735
-13.25 -126.4420549957247 382.1738786296146
-13.25 -82.90216266490613 282.7047787458599
-13.25 86.70435743387387 429.880394482188
-13.25 101.9726501226228 413.1143476697652
-13.25 100.8235296982994 414.8788803553697
-13.25 98.77853823967379 414.9246568020812
-13.25 99.52053207805901 416.8769753224765
-13.25 98.40135232415783 418.5322642480264
-13.25 102.9476372207576 414.8693970781988
-13.25 -34.08360069087201 405.7252764405688
-13.25 -24.73357209842802 538.9892175205596
-13.25 32.88398584023262 484.0710852332588
-13.25 97.14816291821238 389.6936508412258
-13.25 -93.96985578580376 578.0696436278388
-13.25 -94.88405672160542 579.2231293193274
-13.25 -126.9564341501101 541.0806181922334
-13.25 88.98169000920203 331.9492183689114
-13.25 91.24684127533763 327.6677573408996
-13.25 96.11339593214393 327.4870398316021
-13.25 -104.9035665010668 511.728661594332
-13.25 -102.7661259234182 514.2688820638459
-13.25 -99.53395693605702 513.6987920579924
-13.25 -106.0158017439642 514.8339128758909
-13.25 -72.18861365672797 573.3142907038322
-13.25 -78.62459699831939 276.4794180235747
-13.25 14.98813541695456 425.3434878816792
-13.25 -57.01669109321229 523.2594624660194
-13.25 -54.67482800231124 522.8961496686775
-13.25 -82.16138575272453 406.6676684178201
-13.25 -86.6599430866719 407.2441536897719
-13.25 -82.18460454044111 402.0518454448681
-13.25 25.11821601370117 513.3508171889001
-13.25 -124.8425746164445 424.7867577926336
-13.25 -126.6606147434502 429.3796485354367
-13.25 8.763966193901021 380.9422336366771
-13.25 61.88015612321856 482.2101678791179
-13.25 78.72819572351108 437.8155360226251
-13.25 78.30637284596577 436.0582373192778
-13.25 -7.144847390988163 534.0558003191579
-13.25 -90.39253495708857 446.7907220670923
-13.25 -13.00241269927274 264.7998815051077
-13.25 -18.1256145897946 265.4235734427469
-13.25 -20.13759607483846 270.1836354452318
-13.25 -23.25778131607604 266.0595536986376
-13.25 -21.24445736482367 261.2809636777644
-13.25 -112.6244970729096 582.4752923051173
-13.25 -125.0068788188595 492.8471379979425
-13.25 -45.50422745176142 553.002279852933
-13.25 -82.93905587750007 427.1833353849686
-13.25 -84.53623593676721 431.2110840560627
-13.25 -87.24928419671889 427.8046901991909
-13.25 -99.52597858369505 519.9925790170996
-13.25 -101.6184246724512 517.5582566886626
-13.25 -41.44001348126583 542.7592034184629
-13.25 -29.86757904640629 382.5757550527736
-13.25 -25.62097863971415 382.0252220704202
-13.25 40.99176525804446 483.1175551230594
-13.25 119.3430918699822 401.6481500517724
-13.25 117.6852797018011 403.6105113613518
-13.25 120.1010214892977 403.9698970564825
-13.25 -91.9134585000246 450.6922570729384
-13.25 -14.13381940122493 551.1875969953715
-13.25 -14.90837334896101 552.6046836591432
-13.25 -16.50168539015179 552.6798812693298
-13.25 -15.64066745800937 554.0060041091702
-13.25 -17.2076942282687 554.0808548797319
-13.25 -18.31914351961866 555.2030594070295
-13.25 84.13597130216186 432.4037748083232
-13.25 -22.78098677944026 560.6732571787312
-13.25 -21.83453888189268 561.7898191249392
-13.25 20.99022446162519 523.26560515302
-13.25 19.20594039409063 550.4084964144332
-13.25 27.69532623789767 458.264299089003
-13.25 29.47817743683154 460.5603912001321
-13.25 -107.4590438975335 567.401077224755
-13.25 -106.1720691975796 568.9825432073008
-13.25 -23.26615742790276 562.0439163227441
-13.25 -24.69120459311036 562.3950452277187
-13.25 -25.32122412065274 563.7409723909321
-13.25 -23.96287836206374 378.0958978455591
-13.25 -21.4061387637968 381.4892989934779
-13.25 -23.05267853860087 385.3819152133099
-13.25 -18.8860642831957 384.8498100897395
-13.25 -108.6986616407366 580.2575639797526
-13.25 -107.9587383277001 581.6562258637121
-13.25 -106.4405546955857 581.2666436539444
-13.25 91.73397157892465 411.1374484903209
-13.25 90.50342292581966 413.2206669408657
-13.25 88.14287029730126 413.3224788258262
-13.25 89.40939569120897 415.2712951334302
-13.25 76.28446474714971 434.6465876613751
-13.25 -13.07767424633156 560.2695669193655
-13.25 -11.66809906706689 560.0310234577588
-13.25 -9.099472672459553 463.6222454613363
-13.25 54.41016899248346 305.9135764780253
-13.25 -23.68074624572101 563.4286409610403
-13.25 115.2580809003938 403.3284449802277
-13.25 -28.5726465907803 409.0407902052378
-13.25 88.37484142665974 425.8015886317154
-13.25 -36.15085378939236 479.4166369579988
-13.25 -37.3604902254914 482.253528330262
-13.25 -34.33345387312605 481.8679044645551
-13.25 -35.5179395657795 484.6435266882854
-13.25 -38.48691199012323 485.0271836701305
-13.25 -36.67341014833725 487.3814793936254
-13.25 -33.757273554829 486.9993549722099
-13.25 -9.741677278917726 536.1363206603438
-13.25 48.45844009609057 513.3852862113928
-13.25 45.59898889035586 515.7556753221136
-13.25 -24.59696290279095 418.6964068924779
-13.25 -26.05718614198633 422.2073112385785
-13.25 -23.1316512651369 415.1794523696475
-13.25 72.57073914086065 438.5003037687676
-13.25 73.67388803755796 440.0534362219199
-13.25 75.54734225648195 439.8007268386094
-13.25 -89.1260025583634 423.564371934168
-13.25 -105.5995816743961 579.4688904809304
-13.25 -71.13228599615638 561.9096712279363
-13.25 -2.288111931225568 520.8021618707255
-13.25 -18.06734235196278 552.7692620505499
-13.25 -115.0495852136929 580.168453430945
-13.25 9.091084374948622 552.7329667804831
-13.25 10.03892641112303 553.9146975811504
-13.25 9.484366996557469 555.3165060719299
-13.25 11.59314733253219 553.8487905084551
-13.25 90.21147413016651 422.3250724708793
-13.25 92.23361028941618 422.2419820134424
-13.25 93.23486188149829 420.5302862289341
-13.25 94.19041213309299 422.2379201682419
-13.25 95.27305106704155 420.4184365404967
-13.25 96.28890863929514 418.7114738837553
-13.25 62.17588567446427 309.2930903374933
-13.25 65.07827803032036 313.245059290736
-13.25 109.3072978467413 411.5304593450577
-13.25 -64.39153076748717 298.015533129207
-13.25 -66.63915722029408 302.8411186655163
-13.25 -62.46730942994084 293.3374164798127
-13.25 -61.35315483591081 288.2654107730742
-13.25 -94.97714796949688 571.2207678923894
-13.25 -95.53999849413724 572.8399232768132
-13.25 -12.80682706488731 341.7153232160875
-13.25 91.29179900092818 423.9689995088514
-13.25 -117.199054102963 463.1046134217794
-13.25 -28.76950427975029 449.6540571928886
-13.25 -32.26641925802516 448.9120416136721
-13.25 108.2418497100694 413.1913393936206
-13.25 -89.8816768343959 550.3462746002332
-13.25 -88.54173407745098 552.1603563728152
-13.25 88.41825114501285 402.810445398256
-13.25 -62.82469921911412 398.1200288189977
-13.25 -58.42507254228609 397.5529368822703
-13.25 -56.70542621335631 393.4859974961102
-13.25 -36.80321799274039 379.7122323226721
-13.25 -39.45446997078098 376.2594018159687
-13.25 -41.1315512323406 380.2914424170248
-13.25 57.19273878513307 392.6955098158488
-13.25 58.86366807032767 395.7969022148378
-13.25 57.18386882997703 398.7897289718263
-13.25 60.55070920790628 398.7116246068315
-13.25 62.1972907519805 395.81299246417
-13.25 58.93330531889518 401.5964376414098
-13.25 63.86546775038467 398.6775984538356
-13.25 55.66790979228502 401.6832052120221
-13.25 -60.25180346661293 570.9508679265011
-13.25 -126.55243315878 549.0984601742271
-13.25 -128.6372660387626 546.8467694033062
-13.25 -127.2963127841115 552.1637183534453
-13.25 -6.439495120306667 532.2666972768279
-13.25 -5.243436131893961 533.7718362322423
-13.25 100.3061981252672 419.2103858475451
-13.25 -99.337184013495 560.0237905560956
-13.25 -38.40595864806618 534.4592124300019
-13.25 9.687077543422886 526.4782483705026
-13.25 9.092152909995733 522.8994258497941
-13.25 -73.36781427385169 568.2475338476545
-13.25 28.71494684010027 525.0410968550268
-13.25 2.145074576834924 529.4580974042431
-13.25 -124.737956294164 572.2340970201775
-13.25 100.8799435816233 367.4623213557666
-13.25 82.92922994130296 428.9580351399679
-13.25 -69.08387086873604 362.5076320241424
-13.25 -43.29895076121775 304.0246920745622
-13.25 -14.48820156993719 560.50878510614
-13.25 15.24100155226892 394.1830709985827
-13.25 17.57920918104025 397.2685453854444
-13.25 77.65507494990933 423.7580489676018
-13.25 -90.99648659473941 577.4736850703715
-13.25 -89.53205199407066 577.1800692846364
-13.25 62.06257175604463 422.8930819144827
-13.25 45.75261108617812 262.2978207791955
-13.25 -129.8116416370375 559.6122539382918
-13.25 -127.2059057255977 558.0886568781762
-13.25 -127.2236171023881 561.0483978545532
-13.25 -38.11758016950733 524.4844897322745
-13.25 -36.74341037185013 526.2387276794249
-13.25 -34.55505639007151 525.935893235849
-13.25 60.81392604517468 386.151938454509
-13.25 64.55614509757322 385.980947440015
-13.25 66.31593316609118 382.6952221090436
-13.25 68.28163134763345 385.8621437644979
-13.25 70.04252135727897 382.5756528188579
-13.25 68.07388469369207 379.3522502065884
-13.25 71.89927421055978 379.2288170689187
-13.25 66.52018831662926 389.0981485631857
-13.25 72.01362715271806 385.7467489382313
-13.25 62.57843436055531 389.3955614196809
-13.25 64.78147780940827 392.3238675846059
-13.25 24.90470246353106 548.5808231338066
-13.25 72.25911013683616 426.0507453231864
-13.25 70.0004151659812 426.3027046111836
-13.25 68.90181180559328 428.3788634953868
-13.25 70.01958197409628 430.3525434958361
-13.25 -90.15783688128606 567.2206717458306
-13.25 -88.38795431330067 566.8929964808945
-13.25 79.86108019587569 423.6196263785114
-13.25 80.9385027894716 421.7184782658106
-13.25 82.0238010470966 423.5894143783651
-13.25 -91.50386335287125 578.8524873125895
-13.25 5.626391113583961 456.6324520133036
-13.25 66.97234179488541 408.3028772599373
-13.25 122.9084014785625 369.6775126450324
-13.25 -44.09632301430351 568.6232205854326
-13.25 -43.55325625050946 567.3591474147986
-13.25 -42.1708845634008 567.2096184295065
-13.25 67.06799448590741 446.6333789940199
-13.25 -46.12139048958669 554.6184837689507
-13.25 60.75802949077735 392.5274694499667
-13.25 -54.72159516022998 458.1221070819087
-13.25 -53.05519834723813 463.5688213968263
-13.25 -49.48509046183973 463.1468896356897
-13.25 -47.03827118824726 465.7149288467658
-13.25 109.6357010327188 262.6422223319604
-13.25 25.41000007269049 529.3116366906513
-13.25 24.134203588084 453.5908168612557
-13.25 22.30111165158191 451.228968607797
-13.25 -102.2114422587259 533.5204779386095
-13.25 -44.43118189304714 554.3379694228212
-13.25 -44.81456615906946 551.3787702310145
-13.25 -76.29762149815343 527.7452778208633
-13.25 -73.75379613925377 527.2920620783564
-13.25 -72.85374620084171 524.8905172080554
-13.25 -84.86326945651993 575.0683567634227
-13.25 9.306013939657506 545.7901695835819
-13.25 63.95217718851435 438.941998947936
-13.25 -36.65711139307714 408.9363911489319
-13.25 -38.11585200120796 405.1304878477367
-13.25 -15.49167182779513 559.4435989650782
-13.25 -49.89572514094708 568.2889337625878
-13.25 -48.51190743298751 568.3858929834872
-13.25 -129.9629852960595 568.751402287485
-13.25 -59.67427145942389 569.0589424112347
-13.25 -74.41799318255083 571.199158074272
-13.25 5.283702388349067 359.3039871697094
-13.25 -72.98816776899432 554.8893439442243
-13.25 -73.65255467422693 556.7117522802262
-13.25 -71.08216256542116 554.5334384334308
-13.25 -70.4208675566646 552.7229933642282
-13.25 -56.77327324226901 568.4878617994226
-13.25 -47.48769515562451 560.0063590139007
-13.25 -48.04277620142786 561.5036699509687
-13.25 -49.58182120614458 561.8170566913954
-13.25 -50.63721891175913 560.6638069980552
-13.25 -52.2272540070832 560.9603142337418
-13.25 -52.83985931119636 562.4467013399454
-13.25 -54.385503994587 562.7364017286504
-13.25 -55.52568611255997 561.5565253234746
-13.25 -81.32788574947617 572.8616416276733
-13.25 -46.62997050445171 566.5354078113933
-13.25 -47.13552129284888 567.890298735961
-13.25 48.7668984417514 465.2473587142651
-13.25 51.51196754416533 464.9213387589466
-13.25 -108.0317385429829 534.6556585750885
-13.25 -106.1137009925465 536.8619016575147
-13.25 -44.29223784950572 559.3936680404912
-13.25 -44.84590249802893 560.8931357209849
-13.25 -70.73499027157837 519.7943059355392
-13.25 -71.69611024706218 522.2932194772175
-13.25 58.79992152699754 418.641308310579
-13.25 -64.32594242841256 528.983071143408
-13.25 -74.38006616331734 562.4597557113145
-13.25 -76.62979203877782 359.2411217143884
-13.25 -76.48670242472659 354.4117829166559
-13.25 -80.72792369151256 356.7029079918917
-13.25 105.829190248242 398.0503475745355
-13.25 -60.57007053246758 496.2414491054714
-13.25 -106.9384023409145 354.681206788355
-13.25 -57.7398943472188 551.9415171378059
-13.25 -58.40603769050729 553.6572639773464
-13.25 -56.61686753030097 553.3647247274972
-13.25 -57.26222551130963 555.0352673825888
-13.25 -59.01114537383737 555.3232463488349
-13.25 -55.51521107147019 554.7502401610833
-13.25 -57.89037195323397 556.6751388724389
-13.25 -55.92152982521607 551.6401868286226
-13.25 -33.67703101710662 548.4958969231974
-13.25 -32.60830215418897 549.8924708816778
-13.25 -30.87034757699371 549.5740661482921
-13.25 -31.47089796066323 551.1984281660252
-13.25 -30.20389380182543 547.963380150532
-13.25 48.58433831470423 429.3621513144072
-13.25 -3.134252967219647 507.0522447464316
-13.25 -5.474571006957431 507.4081134602668
-13.25 -12.18927327632575 464.0358467646244
-13.25 -10.40793169413656 466.5838370206908
-13.25 -11.63004441547827 469.3917957064407
-13.25 -115.4267210473351 563.1734933348934
-13.25 -116.1998694626495 565.4930849559444
-13.25 -7.745697252990904 556.8704773039138
-13.25 -6.880754442122374 558.0427215650149
-13.25 -4.789136188480044 556.5597469321788
-13.25 -39.36136070466242 565.1450132637059
-13.25 -39.86577767776149 566.5152732801155
-13.25 -38.40641761564768 566.2360851392889
-13.25 -36.9945456767314 565.9646217578635
-13.25 -40.29684787477795 567.9041948877966
-13.25 -37.46818982941006 567.3084953940324
-13.25 -36.35770258176453 557.8656909818466
-13.25 -35.28902381670716 559.0525818144533
-13.25 -33.74138737213502 558.7693328124921
-13.25 -33.19286393639193 557.3016746197776
-13.25 -31.61069325768727 556.9863041637306
-13.25 -30.50014529212245 558.1385495264393
-13.25 8.246136396899594 544.4783081315944
-13.25 -97.2551759986617 559.5702547352281
-13.25 -10.95200545285656 550.4412698376971
-13.25 -8.450071603424581 551.6211940190943
-13.25 -7.704038266569645 550.1974020699621
-13.25 -6.103150995812396 549.709200117984
-13.25 -5.000654165299443 550.8891142414913
-13.25 -3.441071752738976 550.5815034492409
-13.25 -82.48186543120747 567.3263261230718
-13.25 -80.79736488208631 566.9754198444043
-13.25 -80.20328506097134 565.286408096095
-13.25 -79.10776712570573 566.6207214075015
-13.25 -79.65357797874411 568.2222931313784
-13.25 -78.29811527605784 569.2666777851703
-13.25 -78.51720755634103 565.0189653869628
-13.25 -23.79701680729895 559.5783728477661
-13.25 -12.379298643179 541.7921520176363
-13.25 -11.32916958434479 543.2239062111333
-13.25 -9.565365336060045 542.94153036171
-13.25 -8.855866012415989 541.3269228153302
-13.25 -7.819313430565871 542.7455999238387
-13.25 -7.111029347655977 541.1400783589031
-13.25 -6.075695415660745 542.5558136021892
-13.25 -4.254593542430927 542.1694410223048
-13.25 -4.852469159160501 543.8363696024811
-13.25 -3.444598808593077 540.5794007593831
-13.25 -2.494234494554287 542.0648661893819
-13.25 -0.6537565768515776 541.6057761600046
-13.25 0.1680310852494129 540.0066452561258
-13.25 1.114815642777843 541.5039167846053
-13.25 -1.208540086132652 543.3004209193999
-13.25 -16.29850912743279 562.3502922409364
-13.25 52.44896115422648 331.3085049884231
-13.25 50.57136981708693 335.6046296457225
-13.25 -74.81538412783642 488.5284171725513
-13.25 -76.87908181267778 485.8893357764754
-13.25 105.9980197019263 413.1989364889067
-13.25 4.060995318538538 554.8479751459265
-13.25 3.610860684895231 556.254270222131
-13.25 2.632748078176708 555.1660022614022
-13.25 2.002946119774935 556.5154850925666
-13.25 0.5570253727115109 556.7035754268812
-13.25 -44.40857186342662 316.6367472440052
-13.25 6.991486627017577 262.3571845887901
-13.25 -39.5785393386813 522.7405067692695
-13.25 -3.538551843788652 530.055605240426
-13.25 -2.287514166552586 531.5895183685267
-13.25 -4.226583409771015 531.8938747862832
-13.25 -2.996423166207044 533.4021548363322
-13.25 -1.089244731646521 533.1030956920841
-13.25 -69.2179182700924 535.9528462327335
-13.25 -74.91349663336131 465.2241488357584
-13.25 53.54066017782841 399.0635976722079
-13.25 54.08062351092212 404.6676508764119
-13.25 -28.36744629241276 556.3238748808863
-13.25 -96.04703674231088 394.9184030188147
-13.25 20.02855360278095 427.6041116914395
-13.25 92.80836405314129 413.1771370122366
-13.25 -47.39806535225684 515.3717547620048
-13.25 -44.92816449417966 514.9959025888783
-13.25 -44.00176975475427 512.6879678261423
-13.25 -45.84232320252826 517.2919014839306
-13.25 -48.26448376792455 517.6640651013046
-13.25 56.56384991866043 435.1843973564816
-13.25 -48.99467181114883 553.5914677069152
-13.25 -49.59550695721556 555.2178405939197
-13.25 90.66160923551655 378.4873160566834
-13.25 -57.78272467274392 347.6442424679576
-13.25 65.28381489817352 440.9146221935854
-13.25 -75.71725151796679 513.0819399583384
-13.25 29.97103522139767 541.5539861554704
-13.25 -78.55536065293884 537.715632640616
-13.25 55.21532495341498 335.075881437199
-13.25 53.34924690751919 339.3443862296833
-13.25 57.96236812397939 338.8189689928856
-13.25 -107.2503370722566 509.2025140323966
-13.25 -105.348458228606 566.8700770655385
-13.25 -104.5803321048859 570.2144310658394
-13.25 -102.7606994735104 569.6868539065816
-13.25 -93.26345269918507 443.5115706634882
-13.25 -61.58812632994191 522.0400044217411
-13.25 -62.47898270924676 524.3774127828829
-13.25 70.58347783771463 368.3946458922605
-13.25 74.84618182797924 368.2922428771853
-13.25 76.93525383784217 364.5831018095622
-13.25 79.1049916444299 368.2480239394048
-13.25 77.01362307836024 371.9334857066744
-13.25 72.69821793485842 372.000029608385
-13.25 74.91098162508268 375.5374985933346
-13.25 2.04539544053995 548.3096937984037
-13.25 3.076378179636565 549.559840726109
-13.25 -27.59513243633958 496.5472887069972
-13.25 -73.86604199913216 536.824826792618
-13.25 -74.66274841399333 539.0025151547019
-13.25 -129.49080265436 536.6633486703914
-13.25 -60.32602014024368 562.5028127603682
-13.25 -60.86628841150481 564.0280628056348
-13.25 -58.73450912936933 562.1900951878594
-13.25 -57.64951229450593 563.3776699083073
-13.25 -111.20307418053 577.6261918622425
-13.25 -52.36141939668906 538.187994295363
-13.25 -50.29401260308639 537.8510262995027
-13.25 -11.53531874544716 316.9338266305308
-13.25 -9.640989349471749 312.492176737109
-13.25 -13.41701268552774 321.3661268606734
-13.25 -49.75041790530245 545.6749577692108
-13.25 -50.46444981130149 547.4613659587344
-13.25 -48.58848543694472 547.1752894190176
-13.25 -47.7802988050252 545.3575365290376
-13.25 -51.23120243955076 530.3909228118011
-13.25 -52.04987146156659 532.4689136551154
-13.25 -129.1259155441167 507.1793815919037
-13.25 39.52807094125858 419.9334874474489
-13.25 -112.8006132938551 462.334521938647
-13.25 -108.5073349176773 461.621599381322
-13.25 -105.034781251946 464.3935548053122
-13.25 -25.05536504435054 551.4159217679012
-13.25 41.50019448839178 525.7035090711815
-13.25 39.9153034050676 527.3909571042907
-13.25 39.61006150940792 524.436409198511
-13.25 38.04463886039439 526.036353922889
-13.25 37.85237997098358 528.2708235729352
-13.25 -27.76054070625676 562.8951411322364
-13.25 -28.23746580272127 564.2590685834052
-13.25 -41.80793170857771 431.7106355756522
-13.25 29.02563149822044 442.4682194161444
-13.25 -39.96119651132169 528.6357396704582
-13.25 28.38297560724921 510.9784053858609
-13.25 -22.11541688519705 483.599923905713
-13.25 -20.44044673202466 485.9065414777766
-13.25 -19.30530393862465 483.3207920281686
-13.25 7.261239695058769 395.1134639591282
-13.25 -71.40659645778557 514.8602392442779
-13.25 -44.62316698353471 373.4969390621195
-13.25 71.13299650057883 428.2307555992481
-13.25 71.76662217369967 431.5796875644692
-13.25 -16.6047367615304 544.0815354679626
-13.25 -17.20774156278702 545.7284466167234
-13.25 -61.46744099247163 552.5901047201854
-13.25 -60.25827878560344 553.9737380429508
-13.25 -41.12192296538478 558.7853674607161
-13.25 -41.66220952067278 560.2838866223868
-13.25 -39.55002045530334 558.4814847810056
-13.25 -38.48068875459288 559.6704550721955
-13.25 -106.9838144731334 583.185187435215
-13.25 -63.55601407241721 563.1366289368943
-13.25 -18.07532823520153 354.235433434538
-13.25 -70.76873790547393 472.8928387345456
-13.25 -37.76261984926327 495.20998910545
-13.25 -38.83677298627283 497.7884612988029
-13.25 -42.27503017522189 565.7040302678748
-13.25 -47.30509557070188 525.8292728346642
-13.25 -43.20564829742882 560.589222159408
-13.25 40.63655663607435 411.3634884323017
-13.25 -52.4459095435903 554.1989978446459
-13.25 -64.08768107640729 569.956055660273
-13.25 15.26715678748619 543.5276061206343
-13.25 -14.69716429263526 469.8305893875139
-13.25 -15.84059069571735 472.6409131012304
-13.25 77.00498405674347 437.403547103478
-13.25 -45.04447706569425 525.4868810952217
-13.25 -110.3795365266673 422.7130889686645
-13.25 -107.4280222616672 426.4788556399993
-13.25 -109.1851039078796 430.8896627873539
-13.25 7.932828960055279 450.7022764612945
-13.25 -8.749583861249942 516.036205915473
-13.25 -8.133023211640069 519.7923700818141
-13.25 -106.915125203342 496.1968688508027
-13.25 43.58286852209181 306.6840311413005
-13.25 4.432586044964577 370.0428326758312
-13.25 -81.05485858015086 452.5512862190379
-13.25 8.006125635322753 555.5361326463283
-13.25 -59.83785103652519 501.3738524643851
-13.25 -73.99690020236636 444.3195970280917
-13.25 -72.47256736855788 440.4984798226378
-13.25 -69.94816671719499 443.720126733653
-13.25 -83.35902817907153 538.6389099462366
-13.25 -3.334718159204777 503.1035027608519
-13.25 1.889066466898688 539.4373714299556
-13.25 -32.09841520997955 563.7385717803759
-13.25 -30.66544538808641 563.4594638425291
-13.25 -31.14309599541909 564.8252185141168
-13.25 98.10917784135175 404.8773883868649
-13.25 100.7236926405887 404.9795682650359
-13.25 102.1484278786596 402.8220201356282
-13.25 104.8027847338393 402.9870785560852
-13.25 9.840340447854182 453.2204373862976
-13.25 -34.98849932423042 564.2974216997044
-13.25 -34.03454431229888 565.3875895041824
-13.25 -36.42350162178588 564.5899063806889
-13.25 -128.7415469842938 482.4438682278268
-13.25 -125.0469575283606 480.2909602684596
-13.25 -0.1457390068569746 506.8890872112606
-13.25 0.7221936236175892 509.1362693534182
-13.25 -35.44464438464086 565.6590376489393
-13.25 88.58570253792226 323.4589644671281
-13.25 -113.9706078813194 431.7179330871492
-13.25 -44.45237401007908 508.1695116284346
-13.25 -41.88203029428033 507.7723549429425
-13.25 -42.82793076668289 510.1666512617922
-13.25 64.05758881844356 413.3912249179653
-13.25 -80.11690261459542 422.0651555064553
-13.25 -1.482689754665476 518.7936171471994
-13.25 -0.8456062002106658 522.4448251784574
-13.25 -13.6334617235314 482.3671973505997
-13.25 94.76564928263326 356.3854265191886
-13.25 -1.206996786571007 548.8355991022994
-13.25 -0.1821888502613762 550.0773802499895
-13.25 -128.5579977358426 469.1929818561507
-13.25 -128.5999371560327 473.6599562386991
-13.25 -20.07575498526458 529.2782002098386
-13.25 41.7683166378957 432.7419825158237
-13.25 40.61656872699697 435.4360627889472
-13.25 -14.19050765466682 533.4943459614683
-13.25 -14.89342647250431 535.3148976212437
-13.25 -12.98845372046162 535.0044365545305
-13.25 -12.28691373250321 533.2125291385479
-13.25 -16.79582235687903 535.6420851199931
-13.25 -17.50600260306738 537.4386650754778
-13.25 -15.5645555244693 537.1069212652355
-13.25 -19.38057211185991 537.7734264245795
-13.25 -16.76646222760979 453.3101271918737
-13.25 -60.83389311473007 545.7321126955036
-13.25 -70.01308169149115 395.1613776775974
-13.25 -34.86371301889281 423.8721706287049
-13.25 -30.99776579551167 423.3691217603878
-13.25 22.81523496599759 501.002009892294
-13.25 -27.34055244632197 557.5163312705464
-13.25 -128.1674620936014 440.7372421910451
-13.25 -123.902620836066 438.2512823408265
-13.25 -123.9123856414154 443.1358295786434
-13.25 -128.0931671738185 445.5789744670112
-13.25 -124.1026431589176 448.2873937303594
-13.25 -1.836048514833838 473.3630739014179
-13.25 1.040379419662914 472.9910572581415
-13.25 -0.07904323866140256 475.6419559088266
-13.25 2.176812875389845 470.3279881108683
-13.25 2.753152980116262 475.2761325108939
-13.25 1.650823818870849 477.8882360918638
-13.25 -1.140652960753097 478.2487326943486
-13.25 0.564151514659357 480.4617130542705
-13.25 -2.18756588100927 480.8183903927195
-13.25 3.318990419515443 480.1088002210935
-13.25 -2.968305271458707 476.0566192922505
-13.25 57.61712980027757 470.2494521450425
-13.25 -20.08923458150125 544.7032820122727
-13.25 -83.74648036585413 397.3658494177071
-13.25 -47.46844010922448 445.8833295764533
-13.25 -82.53490712450672 456.3287694053528
-13.25 -84.23961194332688 460.2557015232047
-13.25 -29.48604421640822 419.7964433925326
-13.25 -27.83270051450834 425.7427374033261
-13.25 -65.16037585920424 553.2452006815705
-13.25 -87.96662770878527 512.7703257361139
-13.25 75.13774667170955 320.1999031812196
-13.25 -54.73511333905513 508.1037626567816
-13.25 -55.50318060873514 503.2110408509793
-13.25 -53.35285396163494 511.8389792303871
-13.25 14.77781565868636 514.5331011176866
-13.25 13.91840770744339 516.6083219387813
-13.25 33.27131067720779 477.0127949795907
-13.25 30.32051847580057 506.6753082505904
-13.25 31.67041624613714 508.6092551557767
-13.25 -88.87538657541313 442.8749932519338
-13.25 -55.99625917916869 476.5859037090345
-13.25 4.558247889715312 557.345871541325
-13.25 -17.3267599198864 410.4138049316452
-13.25 -100.0502375154953 580.7820444320538
-13.25 24.82465179421193 496.3889221181956
-13.25 25.47971389036851 500.5911550115973
-13.25 -67.60377177804294 500.0267589667803
-13.25 -58.68718251686226 416.6051350331073
-13.25 -56.22807596682416 420.0473186110536
-13.25 -57.87118185938425 423.890632417014
-13.25 -52.06680268352049 419.4576448416595
-13.25 -53.7598617301083 423.3754273721021
-13.25 -55.37406402364613 427.1558490875659
-13.25 -59.4347366859589 427.6738421046338
-13.25 -56.95768148983477 430.9167829252492
-13.25 -52.93935215128706 430.3949079429667
-13.25 -53.18499212077795 434.3972093471605
-13.25 19.76768360493064 544.3790288892604
-13.25 -8.231422444262948 503.8512000881461
-13.25 -99.69795108175158 494.9147549890718
-13.25 -100.9393110692235 498.3037324869098
-13.25 -97.43518053888339 497.665432551365
-13.25 -96.20912402577946 494.350808010339
-13.25 -90.25221380178847 518.4771194093191
-13.25 -87.29093550921951 518.0094675239532
-13.25 -88.3733503260549 520.7649406560687
-13.25 -91.27221528964211 521.230206241792
-13.25 3.271207330637024 527.2864523508626
-13.25 81.31354621814049 364.3692293249039
-13.25 -14.12875085294072 427.1593290679618
-13.25 -104.3322551363701 582.0965328485904
-13.25 -83.86359581836722 495.1973125305204
-13.25 -15.79153174005443 517.4207102381105
-13.25 2.980588707540065 462.3321621108883
-13.25 -36.768365782815 506.9522521187901
-13.25 124.9924268588525 283.8220127410997
-13.25 127.1223946491219 279.0425690618892
-13.25 -17.39687427059691 503.2473969220713
-13.25 -40.47127720053256 454.3380971104654
-13.25 -20.80657713552163 470.7504462100475
-13.25 -21.93342082498287 473.6166770841362
-13.25 14.25340689762018 449.8102452475247
-13.25 -49.06803887461029 489.1541259599097
-13.25 -50.04530143297612 491.9900887348391
-13.25 -48.13813441123305 494.2634499148665
-13.25 -52.00564707031197 489.7281987220646
-13.25 -52.99083086884062 492.5624883864905
-13.25 -40.92658539106318 438.3115377672675
-13.25 20.8431865133718 505.5283666650511
-13.25 -40.46020509273539 482.6472988745687
-13.25 -33.62398187287158 394.9437542345242
-13.25 -37.79166072278795 395.5316691828412
-13.25 -116.9843003077434 512.5573344547876
-13.25 43.24312885275705 478.0519325495521
-13.25 -34.60223357368549 440.4599144790814
-13.25 -38.26074984996693 441.018239456189
-13.25 -32.84450200550398 443.7081969869544
-13.25 -15.5511830916048 498.4715386589527
-13.25 -39.79306858071339 487.7064989720886
-13.25 -118.5734606020705 579.4133872306976
-13.25 54.89023921332691 504.5975840723674
-13.25 57.37349436623683 504.4549161647232
-13.25 -67.77993192452452 537.6730332763303
-13.25 18.72495722030625 376.0991220748464
-13.25 17.07460239465838 379.9383376886137
-13.25 51.89827203537505 490.7275473089265
-13.25 51.89722321344436 487.9327158763808
-13.25 54.31769259532444 486.5176394311295
-13.25 -20.78807785152405 531.1936354114316
-13.25 -7.23924478569369 368.1604745939007
-13.25 -4.640061663167775 371.5610038865026
-13.25 25.77536510834247 527.2444369696988
-13.25 -15.35594285868801 357.9804492401723
-13.25 3.357423350750054 395.6026837444918
-13.25 -98.49231671312528 571.9339453744919
-13.25 -107.541165892049 546.9869332316372
-13.25 -104.901636636052 546.5019081218437
-13.25 -103.9942703641461 543.9983149660128
-13.25 -102.301401123835 546.0280770941982
-13.25 -103.1984109514163 548.4771220167354
-13.25 -105.7151623317757 541.8508146466895
-13.25 -103.0309210033698 541.4630727027672
-13.25 9.467136017492786 505.4748602530021
-13.25 -100.972068919304 463.3078179342374
-13.25 -41.36850597083689 299.4176121649482
-13.25 40.59605007715531 529.5278849148093
-13.25 31.33210283207113 504.4679108447119
-13.25 33.76448661315069 504.2248133887447
-13.25 34.79236866925429 502.0035370427918
-13.25 -80.70368173083416 557.3110126037839
-13.25 4.588701088237409 495.372230532942
-13.25 6.178277464413656 497.3720913226037
-13.25 2.046168468139546 495.7585746918871
-13.25 -59.05210508448926 452.1981656094094
-13.25 -64.80408528234695 449.2550572468874
-13.25 9.871275722709385 520.8902070505917
-13.25 72.35736009358955 337.3437798509294
-13.25 -52.67813558564092 476.0978819174737
-13.25 -93.71747982967267 403.6205916807508
-13.25 -81.31125421626096 462.8646905002655
-13.25 -21.25620155027053 393.3918404377123
-13.25 -18.84621171726886 396.6867236699735
-13.25 -17.22035469072948 392.968700512543
-13.25 -14.83126703235974 396.2279240510335
-13.25 -13.21615419312974 392.5387677333706
-13.25 -15.59148052183805 389.2776743124974
-13.25 -9.566429833371394 390.4738097061397
-13.25 -16.44467884010933 399.9057383404742
-13.25 -12.48240773232661 399.4511387652607
-13.25 -20.41627397216345 400.363396546695
-13.25 -11.66343542442133 512.5358167024854
-13.25 54.45034795289115 326.9987760165391
-13.25 16.71453400081086 523.7485647131306
-13.25 17.94229363770861 525.447302373446
-13.25 -53.07607044224221 347.0281252969945
-13.25 -54.89903400180959 351.3877474335419
-13.25 -50.23571986397241 350.7767543628194
-13.25 -52.04161274044581 355.0950682430595
-13.25 0.2997378273990322 351.8854555693331
-13.25 -21.6175687596387 441.8563643247587
-13.25 -106.0503691917898 520.9910839748845
-13.25 13.79963070417024 496.2795759739697
-13.25 12.83367019873802 498.6257573023159
-13.25 -45.14863148788234 493.7879891146731
-13.25 -46.25340003618071 496.4777724687264
-13.25 -44.41864589113913 498.6511195956498
-13.25 -47.19023940524752 499.1297879234412
-13.25 96.68140819788553 406.9450731858057
-13.25 -5.224519378668517 344.6896202402469
-13.25 -43.66567221356269 483.074635228296
-13.25 127.2606510183949 335.5772804134382
-13.25 122.7844601511954 338.1039788108592
-13.25 122.8454000648411 332.983673964083
-13.25 -121.6603991212938 569.0629050815646
-13.25 -2.798929993833716 549.1008704192737
-13.25 -71.46264881217328 447.4635471902085
-13.25 86.48204061790025 385.2085520666402
-13.25 78.06550421684526 430.9863119192034
-13.25 -39.4497026390733 336.5686565003549
-13.25 -51.20583490876933 321.7338238133132
-13.25 -87.81842398098297 563.8622802096979
-13.25 -86.27543425623342 561.5151787303332
-13.25 24.20050491065795 412.0355483398464
-13.25 27.70442429946483 411.6570544348643
-13.25 26.2753124527545 414.8350756272418
-13.25 29.70179052003404 414.4655786304393
-13.25 0.3181245926436604 331.955102376278
-13.25 13.11570749074301 437.2587881106825
-13.25 9.849471336360068 437.7239347956191
-13.25 7.795394033336771 435.1338513521995
-13.25 -105.0799511004364 559.360452643487
-13.25 -83.06287527107541 473.7036507733825
-13.25 -101.5687413395233 482.2474248508066
-13.25 17.15598052182935 361.3988000724438
-13.25 -32.52333056710611 459.2032443441919
-13.25 -23.50112147943861 555.3034931027289
-13.25 15.46465314383606 551.7881413563493
-13.25 -92.0504320383711 567.5356012298727
-13.25 42.12236371840331 324.2672482185009
-13.25 -112.2222070616571 560.2628123673405
-13.25 -109.8312989628635 559.7814577821824
-13.25 -107.7744385436133 560.9141342031154
-13.25 -107.8409816367613 558.601076893442
-13.25 -42.99590457686654 407.2237430610351
-13.25 24.04307426648361 432.6369742018309
-13.25 -115.7285878394843 491.4477066751552
-13.25 -20.89780555885412 350.671441156609
-13.25 -71.63123713500353 551.1307939135592
-13.25 24.01988510245492 542.3128424685359
-13.25 -60.65488159565699 480.1972022738813
-13.25 11.17435028749051 522.5831858327011
-13.25 -102.9856808704888 575.9458153195885
-13.25 -21.52850589572288 501.7109642975446
-13.25 -53.21980308172369 305.3234597219682
-13.25 18.62472154711861 467.2099523555227
-13.25 17.65162897923371 469.9229933668394
-13.25 26.83956507261938 491.6848825859103
-13.25 27.48284333862081 496.0120057795656
-13.25 79.70168500323864 289.3061994664952
-13.25 77.56782876325127 293.9709622747491
-13.25 4.772004710742476 426.6212246106687
-13.25 2.611688774424751 423.888655584085
-13.25 1.315981943885127 427.1332526074103
-13.25 -90.73832790333924 316.9088205021965
-13.25 18.38327961265968 321.5417312335524
-13.25 -10.75318243791842 337.3876474180014
-13.25 12.98177176213582 422.506585482718
-13.25 14.35972994726512 419.3202016371945
-13.25 34.81332839023916 529.7829988079295
-13.25 36.0081150839639 531.4604974683575
-13.25 -59.33187269708836 389.8378264901067
-13.25 70.09969173623205 388.9491645593322
-13.25 4.075702040164051 323.2791360545538
-13.25 5.956760162356987 318.9143164574035
-13.25 -125.3555209568247 352.5095748229839
-13.25 -122.2203057436965 356.6468674359429
-13.25 -7.568966847901628 419.8712375727717
-13.25 -3.918165725859811 419.4427629632244
-13.25 -2.457542992359373 416.0866447708769
-13.25 -0.2942127479774279 419.0240512671116
-13.25 1.157103768703921 415.6898670939502
-13.25 -0.9948505887422838 412.7486658876265
-13.25 -1.746632364926407 422.3453746314087
-13.25 -117.5305796190489 530.6704460041992
-13.25 -76.50682539951302 379.8871318785966
-13.25 -27.19382449537585 310.460593104438
-13.25 -24.28148026558863 314.3829984432424
-13.25 -25.90775145764831 318.9510741724022
-13.25 -22.81437320610463 322.6515322309597
-13.25 -35.52478568965544 518.1276029995603
-13.25 0.912221546162717 359.2709379018131
-13.25 23.85000000032405 259.0899346400423
-13.25 21.20000000033277 263.6132572814742
-13.25 26.42250617372507 263.6349598015021
-13.25 29.07089279994083 259.1354221566614
-13.25 31.64442275734085 263.6793551792948
-13.25 -32.5027343911819 426.9098789261819
-13.25 -74.44838900887207 522.7606647554938
-13.25 -3.086241597367818 409.6144339520434
-13.25 0.6587352842008132 409.2141307224216
-13.25 43.3610628998822 373.2765158915662
-13.25 47.53689608300356 372.8670199201161
-13.25 49.2761437550211 369.0637432599269
-13.25 51.68984889853542 372.4668559223746
-13.25 49.95595073061916 376.2222584242485
-13.25 53.42398593165152 368.6793616747734
-13.25 54.02884985677664 375.8247689220738
-13.25 48.60341971735272 380.148941835341
-13.25 46.01223131762144 377.0601381864445
-13.25 43.86198291155884 380.6083770568545
-13.25 46.5608089338264 383.7647767263792
-13.25 42.62887451338524 384.3947180373028
-13.25 45.12785144599948 387.4066593299252
-13.25 41.30933392189942 388.0321858580023
-13.25 39.99805890623495 381.4439674187377
-13.25 46.86230592145636 365.6169407431049
-13.25 -10.50761507105633 452.6919263633258
-13.25 -7.291140481783543 452.2761217386335
-13.25 -5.342044591233474 454.8662442037185
-13.25 -7.949999999641676 259.0899346400668
-13.25 33.35880625290474 499.9718883198968
-13.25 -62.3533292531295 280.0035716745355
-13.25 84.5580492074338 340.1770406894896
-13.25 82.64035232513135 344.4635414593466
-13.25 84.15441928099879 332.1371708151166
-13.25 -26.50528912770398 374.579872518028
-13.25 5.88478872314801 546.2371707518812
-13.25 -39.54593256180519 550.5310071902308
-13.25 -93.82788576679501 335.0177736353395
-13.25 -90.87140059112593 339.1183152709285
-13.25 63.25375758793616 454.0359084235845
-13.25 31.83987760848883 486.5323397843937
-13.25 -127.9594876928729 393.9245744037429
-13.25 -127.9414163412973 399.1602539291795
-13.25 -127.9426218046123 367.6417517000699
-13.25 -129.3813989401704 522.4755182028887
-13.25 26.10624032592704 475.5171386304983
-13.25 -10.76387300561777 446.6384410456621
-13.25 -7.400167208950374 446.242575086757
-13.25 -6.057196129038287 443.1456097035095
-13.25 -4.058534940940493 445.8519774184189
-13.25 -5.394043126960153 448.9158951654305
-13.25 -2.09990106737381 448.5287328950487
-13.25 -0.773483388103922 445.5032044394237
-13.25 -8.070077271870243 440.3624503008241
-13.25 -100.8649050207738 564.0712111062527
-13.25 37.64549039274866 518.1774198400124
-13.25 -39.25474779255393 434.6285163606794
-13.25 -109.0360690756107 337.0195504374599
-13.25 -6.528272666944311 544.2126388004655
-13.25 47.02720588028181 405.1701411733174
-13.25 -52.01038563480184 278.6543997250881
-13.25 -50.34296307489508 415.4335192681955
-13.25 29.82423420494721 491.4133561181764
-13.25 27.30784683987932 282.3237547494689
-13.25 25.25647038881943 286.953065623201
-13.25 20.24813611250675 287.5146707357168
-13.25 23.23624386959489 291.5495988155998
-13.25 18.26453549879177 292.1075478088173
-13.25 15.28524775552762 288.0960508093546
-13.25 13.30384717924126 292.6796998238805
-13.25 16.27799180942555 296.6749863935198
-13.25 11.34573327881319 297.2419856954771
-13.25 14.30074381004278 301.2112052030306
-13.25 9.40176555120663 301.7738188285715
-13.25 8.378354952009721 293.2670493432746
-13.25 12.33624526824833 305.7155848968114
-13.25 17.20091983112019 305.1566401454096
-13.25 -35.46312840558317 399.0018147439672
-13.25 1.505700832716526 549.8049678003728
-13.25 38.24621481353944 471.3161385327423
-13.25 78.48979900800879 434.221815851021
-13.25 -87.04783666880695 559.7555361412393
-13.25 -20.47382853827588 563.5336900998548
-13.25 90.88496780665157 297.0218139186181
-13.25 88.79463382019736 301.6894369749913
-13.25 83.7289162408956 302.2319116584589
-13.25 -104.7096682882729 539.3265610538404
-13.25 -92.88770012957826 343.7242132927622
-13.25 31.03798625404026 482.0386986848759
-13.25 -89.00391901967868 277.7677544030996
-13.25 84.55112791351753 388.3374220327314
-13.25 88.21778042499109 388.4399703495682
-13.25 86.22923752867749 391.4877154029776
-13.25 -17.30916774538461 515.6237738262597
-13.25 27.61315780832806 356.3617834530839
-13.25 30.1829366034761 359.9048534702874
-13.25 28.42435325538944 363.8896832932246
-13.25 9.015170386473015 432.0402851114309
-13.25 5.655047921514189 432.5026658012621
-13.25 -45.50691750658727 510.6166111433647
-13.25 -41.51756193561785 512.3106222699868
-13.25 73.30406474573329 324.6887863533954
-13.25 -65.30228727792867 531.2280940291134
-13.25 -63.01024219872156 530.9929738174908
-13.25 -107.9887980548476 345.8721098647989
-13.25 -28.02480231419248 527.0482471523779
-13.25 -76.72383479870415 413.8191575801682
-13.25 -74.03990456543949 417.3465029048184
-13.25 -25.53790650115458 491.5511932797511
-13.25 35.49989307641292 495.2987241933544
-13.25 39.25353771307034 492.7945258374225
-13.25 36.99233510341924 497.3814329633549
-13.25 37.80613056639671 490.5898921994872
-13.25 41.48270711025888 487.9387188560473
-13.25 40.00463111991437 485.6779103419835
-13.25 43.76458409116908 482.9465221445149
-13.25 25.48945351112621 463.6522048585221
-13.25 61.48469261597351 264.3524587116108
-13.25 64.58637798126716 268.5625267629798
-13.25 66.68678958324735 263.7675024945228
-13.25 69.79118253166915 267.9848943470342
-13.25 71.89376944583108 263.1859376682429
-13.25 75.00360090701462 267.4085470310959
-13.25 38.74085334491554 464.088607445851
-13.25 32.68196590688421 433.9417892011909
-13.25 -9.177041769229 506.1081183761171
-13.25 -104.9339869232893 305.0264365508102
-13.25 -76.55886623767029 290.8955573710995
-13.25 -78.51161702967356 295.6289685014374
-13.25 -92.72318538964923 431.8493078124988
-13.25 127.2940732425893 330.2759562615927
-13.25 -89.20740943538279 568.6792600790504
-13.25 -25.95185368527668 436.1026863600984
-13.25 -6.410872408353422 515.6506682805777
-13.25 30.91954198118208 524.7638522882394
-13.25 29.60148605268079 523.0851168168406
-13.25 -12.09928930698201 527.9065382949507
-13.25 35.30790567920955 343.7880232517402
-13.25 -99.78898875423016 304.4439785763182
-13.25 28.90812427851003 486.8986908290425
-13.25 -25.19439462737177 305.8769309767055
-13.25 -92.91792771592854 411.922009367781
-13.25 105.3053453659128 414.8857264409702
-13.25 -68.14713170256813 370.6345440365168
-13.25 87.00757176069362 405.1726533937332
-13.25 84.24854979015488 405.43942282751
-13.25 5.464756446523079 398.8471464896543
-13.25 -71.82349188497173 379.2447730368885
-13.25 67.95089444632282 357.2188527913107
-13.25 -33.60695178639035 513.7578559666192
-13.25 -84.82584138763924 389.270297113925
-13.25 69.46939687143954 290.3663930109446
-13.25 13.06113822444655 535.9068686665408
-13.25 37.5985982266262 454.4208570493487
-13.25 38.73635819922768 451.8018474351848
-13.25 40.41999110166941 454.0898973337847
-13.25 41.54698564802424 451.4971474348071
-13.25 37.04417846795968 449.5076377052326
-13.25 39.87452285805125 449.1911818311336
-13.25 43.20670327774385 453.7598905912426
-13.25 44.32760977533061 451.1976365148039
-13.25 45.96953249835109 453.442234568504
-13.25 47.07559090567612 450.9103212274391
-13.25 48.6943243919984 453.1250056221857
-13.25 49.78436077938387 450.6293719559533
-13.25 51.37643502969205 452.810622473139
-13.25 47.60505811554852 455.6296276724968
-13.25 34.17404885982159 449.8075684620587
-13.25 -62.06181228185068 424.4251873697495
-13.25 32.42233780122225 281.7531651567323
-13.25 56.29262529988524 287.3933609554148
-13.25 51.23747008938994 287.9936030596488
-13.25 15.34681753588721 475.1587613807309
-13.25 -82.44001067969613 509.0211339508597
-13.25 21.26630444708147 325.2943682817753
-13.25 3.895513569634414 472.6354378129685
-13.25 5.045314603894292 469.9851993560578
-13.25 119.2575375758958 259.0855828185801
-13.25 36.33678329131961 316.6037984622646
-13.25 55.64401930402569 259.0864816834854
-13.25 -41.07152683714779 365.2069572347326
-13.25 42.28006497467486 503.836171829597
-13.25 43.68285997511453 505.8410205976058
-13.25 42.68976052965571 508.0552987681016
-13.25 44.75222771487372 503.599589728309
-13.25 45.80781162331485 501.3296601459769
-13.25 -14.82335250007655 384.0455593122329
-13.25 20.95922964127962 545.8126160940976
-13.25 9.049095294881463 490.1913690243595
-13.25 6.453574193352457 297.8263103115582
-13.25 3.461348264880042 293.8771615809116
-13.25 -26.47308789283184 522.9838975978295
-13.25 73.15641757155136 418.5941054634011
-13.25 26.96361875502988 332.7816223770369
-13.25 29.75644949804117 336.4690117245651
-13.25 27.99562592397564 340.7127396399822
-13.25 44.23304557023217 463.3721061941484
-13.25 -32.29494804955721 533.2706730258118
-13.25 116.0834435247148 393.4951815302987
-13.25 119.2455946182661 393.975266297511
-13.25 -81.50242707580465 528.6878797147299
-13.25 -26.80435389682 563.9505114851341
-13.25 -58.00621822414701 354.9081780830404
-13.25 -109.8316152385226 579.1256329524506
-13.25 72.89358181946432 272.1842064880197
-13.25 -15.51753721234235 337.9660014380941
-13.25 10.33104096873384 288.6960287107962
-13.25 60.14555677826677 334.5668975226877
-13.25 -44.37082379199446 295.3632503646136
-13.25 -39.37545850288053 294.8029172249097
-13.25 -128.908672238984 486.838833083966
-13.25 42.10958621891063 480.5942074363603
-13.25 -27.17712654031179 544.1127777154719
-13.25 -8.747297207337388 449.2846762335001
-13.25 13.20280175172788 480.2940891118458
-13.25 17.22343329709684 283.4356200956798
-13.25 30.73382292199706 444.948891914507
-13.25 35.5600240666807 446.6527096479819
-13.25 -7.56348282030945 307.9216476048803
-13.25 92.75224394795828 259.0886390961438
-13.25 90.10224226712153 263.6742856767473
-13.25 84.81536029978818 263.6735789418454
-13.25 87.45819108149111 268.2386789383693
-13.25 82.19615422082728 268.237436190198
-13.25 79.55812057806523 263.6899516046931
-13.25 94.9684657770967 273.3826973428557
-13.25 -97.85777786445824 322.174518337342
-13.25 -113.9484828718702 259.0890587258125
-13.25 -50.35171761469236 259.0889429746056
-13.25 -56.49107914647138 264.3704536962217
-13.25 -60.58376621510471 261.0113290769119
-13.25 -65.53029981498749 262.8447276454792
-13.25 -31.07954996675035 319.4707342599813
-13.25 39.29311380276552 456.6749021604364
-13.25 27.88497430809403 526.9734973645716
-13.25 -124.5473791366651 259.088421483982
-13.25 82.16004982033375 259.0841323736444
-13.25 -25.6965903179938 552.9815252692068
-13.25 127.3771735299141 319.8400480594524
-13.25 -39.74999999970753 259.0899346400668
-13.25 9.436716329761733 369.8257918398608
-13.25 -41.71024377713583 547.683794229337
-13.25 110.3149886100626 317.8350373241841
-13.25 102.901211456792 321.8038185847173
-13.25 104.929848055471 326.439880678396
-13.25 -76.85091266454428 259.089407712822
-13.25 -33.23265175775558 517.8757793062654
-13.25 -59.80195059904586 538.2124134868619
-13.25 -50.81627256576414 534.220676319933
-13.25 40.95345612300356 516.0399530342934
-13.25 -11.99584853158782 544.8233670513786
-13.25 40.7797882341045 350.9820508673496
-13.25 -127.9431919898171 336.068296954941
-13.25 -23.32412325112995 279.4059794200123
-13.25 -20.26709230714098 283.4817214503552
-13.25 -22.25673196145764 288.1555255390855
-13.25 -27.2778110096697 288.7721392918656
-13.25 114.5978476558125 284.9105538511667
-13.25 11.1172946719294 485.3008410858503
-13.25 95.98840144335125 304.8483460848782
-13.25 -4.42438709557596 352.2784534116208
-13.25 127.4711728281786 309.3774257775635
-13.25 -41.67963402563329 277.2798911410051
-13.25 -12.51726848724002 308.5493503385758
-13.25 -4.818013765176783 311.9270076675024
-13.25 92.02092795406992 283.4401736754661
-13.25 59.71005035738928 365.1558765528874
-13.25 57.3400804843345 361.5660967773328
-13.25 44.34895469091558 499.2723227838171
-13.25 -127.9426218046127 309.7552740861377
-13.25 -6.673519589278408 437.1982052128592
-13.25 -14.00464359103484 500.4670959433993
-13.25 -127.9426218046139 299.2304599745133
-13.25 25.9065342254371 455.939502986952
-13.25 25.35477915217158 450.8452656448301
-13.25 -81.37186176033453 559.1164049081873
-13.25 104.61140767614 376.6306633595079
-13.25 -127.9426218046027 288.705645862872
-13.25 -127.942621804601 283.4432388070442
-13.25 33.93346006301243 481.5911161114008
-13.25 77.78698765992968 378.2775303558912
-13.25 -81.7131528442887 482.6746159824452
-13.25 72.68607827252461 402.8380130934527
-13.25 48.21334345696333 472.6166983590795
-13.25 66.90513691128422 417.9741293331868
-13.25 127.6137147430922 293.6862218716158
-13.25 0.02808300497085053 402.6443468073186
-13.25 -104.4362150011742 375.0301720688379
-13.25 -7.615545087214326 530.6857884164984
-13.25 -94.97249786086954 533.613110501317
-13.25 -127.9426218046017 272.9184246953819
-13.25 -1.735895072215005 550.3158478776847
-13.25 33.79411646113605 307.2686696533193
-13.25 -47.0168560369282 519.6686898140673
-13.25 0.4622611811567614 467.9192231343034
-13.25 -101.9074151945578 309.2412337099921
-13.25 -43.68525740218696 465.045507789639
-13.25 -35.55968674172038 497.6988111158087
-13.25 -37.13974703025824 499.881426489302
-13.25 -10.12512580808411 345.3852747514911
-13.25 -32.59426284492823 565.073308427126
-13.25 16.37401031383532 499.6791240245959
-13.25 -81.4469496848418 568.6383663645407
-13.25 1.384495312749813 522.109642173109
-13.25 22.35416607648736 509.6506457156211
-13.25 -6.595298213689558 375.2667583251185
-13.25 6.661773535108863 439.5101224482606
-13.25 9.653457864994229 441.1116584094452
-13.25 -97.55790819363617 577.5560601745234
-13.25 -109.0266107709305 291.8909460071533
-13.25 -87.92897483143216 570.1159241539963
-13.25 10.19196183453998 556.5854322245231
-13.25 10.94678167549255 555.3327678062278
-13.25 -46.83765944300021 569.2235118301954
-13.25 1.031098305866105 498.069414129387
-13.25 -91.74960160409454 373.6084523520662
-13.25 18.25275680084787 495.0293281306957
-13.25 107.6225490429776 312.791820743472
-13.25 33.37322421977255 518.7846501299498
-13.25 26.96607461813576 543.5301839194022
-13.25 -3.786712044248885 277.0837243416591
-13.25 -106.6351696241742 284.5098063033981
-13.25 3.900584264173785 420.6302254726892
-13.25 -98.45889068514758 567.1419598102563
-13.25 -60.14488090303006 401.5604693297049
-13.25 -55.80636800410723 401.0495270410121
-13.25 32.05260231039885 409.0986259992161
-13.25 100.0882587127911 295.4499181161124
-13.25 49.64055365637612 462.6683302708967
-13.25 -118.1824897209033 276.8648255735329
-13.25 36.4679014405326 425.4911150246547
-13.25 -89.88147874165109 570.2407257626295
-13.25 -9.757899283206976 290.9791669796662
-13.25 -14.72997855884211 291.6373406195914
-13.25 2.941855837772737 335.7271999343624
-13.25 -89.97439722850085 347.7390643593801
-13.25 -85.05746773280561 347.2009208113207
-13.25 -9.50431829601049 495.229414525459
-13.25 20.17505241784765 490.291588717364
-13.25 -23.35240456469894 551.0914274573455
-13.25 19.58270611812413 364.9037334743965
-13.25 50.58225580418161 357.6263027141615
-13.25 18.84911859817655 509.9361467722086
-13.25 -39.93212413601734 307.8170706688567
-13.25 21.25528496561583 518.4815971808988
-13.25 8.326881475316037 343.0780123855325
-13.25 29.28733506342806 378.4906918981765
-13.25 101.1414425951616 281.7784439136607
-13.25 -17.02134487636716 274.2510230472851
-13.25 -93.68191931722959 424.0807505040733
-13.25 -36.18842016407581 298.6449570791877
-13.25 13.61755755395451 350.3025028397886
-13.25 -10.02717178952371 325.0370817678859
-13.25 -19.66509822914108 389.6256927653216
-13.25 -19.89439793902445 560.1550038746742
-13.25 -7.137537739508398 488.0412183937476
-13.25 -105.7524628987254 270.7134879169164
-13.25 27.77133992942165 517.6249623983634
-13.25 66.41501469083028 375.7371187297537
-13.25 57.61210179801976 461.6179087318237
-13.25 -72.4701648797631 335.8194883839909
-13.25 -46.51662927601308 546.8075892121781
-13.25 -42.54262971430253 541.1540996239453
-13.25 -61.06635236279193 431.4029961500722
-13.25 80.73094878882756 298.0907163337056
-13.25 110.5581238536957 271.6975148813748
-13.25 17.9793813255463 536.8367999744272
-13.25 19.8632043964249 536.6010807590568
-13.25 19.12426807748153 538.3410796354477
-13.25 20.62001652707528 534.8288258227587
-13.25 81.21372748691094 306.5888064380561
-13.25 25.08375257538839 478.0393525504658
-13.25 -93.3052469120959 264.5679938400419
-13.25 -49.13135984375198 374.0185957462057
-13.25 44.89341612522711 412.371301210384
-13.25 6.82682557582404 523.1203344073107
-13.25 -106.9988577622709 332.1670646394474
-13.25 11.33362385025394 531.1421656028599
-13.25 -8.317699064696198 469.1207369347709
-13.25 44.59221693232326 275.9616367217594
-13.25 -15.23007823949449 526.6382759083743
-13.25 8.545434670379231 507.6598259511579
-13.25 2.614744561380862 542.3714011595087
-13.25 -119.5183359373244 519.2517448785493
-13.25 -19.80413920892916 377.3710345003752
-13.25 -94.28345523880438 278.4173666101131
-13.25 52.3194511393692 462.3131826234696
-13.25 11.99396654856857 549.5607843775674
-13.25 -70.67173555800944 527.9339938132974
-13.25 62.47689744575111 273.292410855618
-13.25 6.122114661866319 275.8914971686498
-13.25 -93.68026819475884 572.4261630805041
-13.25 112.4355053260311 289.6430350626146
-13.25 -88.06427934971502 286.7103510981624
-13.25 6.91430388078778 306.1477198665746
-13.25 -29.97590648028949 552.3522623272203
-13.25 -24.79717628562709 526.4560515700144
-13.25 -118.3693576707459 302.0164971906356
-13.25 -63.87291444682403 347.5084467424138
-13.25 -28.92746971532492 549.1689563269341
-13.25 -31.58112994640845 479.8512920336361
-13.25 -72.82607522637575 307.0948407242223
-13.25 -29.69948869191579 564.4981373661889
-13.25 -3.965115543316435 552.0319446645223
-13.25 -85.09470545136755 570.8995521029481
-13.25 -14.55117600296207 365.4634862686536
-13.25 -12.79904147356079 361.5027087336442
-13.25 -113.2648344550125 384.8179707299341
-13.25 -69.59820730215652 489.4303245162755
-13.25 -73.81955952467021 383.6831891950555
-13.25 18.22087030904322 270.0340675948724
-13.25 -57.20998904896682 535.2224392203136
-13.25 -111.1249693827253 319.2605441056461
-13.25 -2.26854047840069 382.2717416646599
-13.25 63.03463937814546 349.656452593129
-13.25 -67.50893802021493 398.8327215839324
-13.25 -31.93245352152598 543.4057420356136
-13.25 75.82313563817763 397.3604290879995
-13.25 79.0552337193708 397.3621008284732
-13.25 80.72820449426277 394.5686669214506
-13.25 45.81222551582912 447.5073631817196
-13.25 -56.15252468769443 322.312708415847
-13.25 -97.70577308412079 547.7680365127678
-13.25 -100.1280737241405 548.3275193912874
-13.25 -101.5576891841441 550.5686180940783
-13.25 -99.04751930229922 550.5933451579486
-13.25 -102.738642148024 552.7726072485667
-13.25 -30.76095426727982 539.8739784962779
-13.25 -51.67486488173255 389.8346530040329
-13.25 111.2275187959281 303.2274427437467
-13.25 67.35455170940831 294.9428928031935
-13.25 -95.34691903267196 382.2769063199344
-13.25 -46.00647767675617 264.2495964884226
-13.25 31.46995590210563 462.5803808305744
-13.25 -52.79262729895173 362.6233336033393
-13.25 87.43508536518996 344.5307586587703
-13.25 -18.67535361068025 530.7836906582944
-13.25 -77.18634450068839 566.0951679431402
-13.25 -54.82863993166608 569.9663480804023
-13.25 85.893758168753 275.1113104837277
-13.25 2.689403052348533 434.117741146709
-13.25 3.793330636403826 516.0518164051431
-13.25 -29.54767625131857 536.231394827442
-13.25 24.16195862630975 505.3162713807433
-13.25 -120.3551165805795 329.3300107957821
-13.25 -123.3327005744616 386.2190308851791
-13.25 -76.08802580073041 481.7778553265699
-13.25 72.53635397372942 294.4560533119148
-13.25 -21.40725535624778 494.8940037339243
-13.25 54.41043870137432 292.0455599060322
-13.25 46.88249183913402 499.0216988675944
-13.25 48.04248559564196 496.6861044896647
-13.25 46.56246122046702 494.5014999953738
-13.25 49.21110962935258 494.3007406662703
-13.25 50.70754576194203 496.51281101326
-13.25 -121.3168143255027 342.9816467366747
-13.25 -92.84145837423218 321.6963756455515
-13.25 -90.84075020791191 533.3445546505171
-13.25 50.60719975573424 314.9047813553199
-13.25 -57.4635494296607 292.6798405108979
-13.25 7.973010248674294 466.3416037281622
-13.25 5.041955620538622 466.8445729578195
-13.25 -67.6616312617318 328.0104464602074
-13.25 -29.64446117276275 482.1623970950388
-13.25 6.669000232375788 551.740622890817
-13.25 51.09441169519782 365.1099266415859
-13.25 45.89133119957524 465.5557811252406
-13.25 -64.86663820398459 474.9041489194665
-13.25 102.7014298032172 416.6655979563968
-13.25 -75.67162798058393 407.8635574014708
-13.25 -112.9957625313676 562.4879472964449
-13.25 -4.658590250693007 413.0942450279294
-13.25 -66.87133872882987 315.1018594510646
-13.25 -51.31711927854432 506.9469419796347
-13.25 -11.67547687430737 368.6076544332339
-13.25 -38.14866695564206 413.8858111793397
-13.25 23.34751959874458 532.79231869988
-13.25 -53.82238194875863 404.9093178464025
-13.25 -24.73785795935454 370.4511196962166
-13.25 -38.47210495430599 281.3302201304892
-13.25 -0.854430681507115 281.1623919184273
-13.25 -41.56963022721052 516.8793984855724
-13.25 -97.50128398321247 412.5047354203229
-13.25 84.99007975093025 429.4170239827011
-13.25 -29.49199184251238 271.2463512918375
-13.25 -69.70612364359448 550.7674099895858
-13.25 1.107249794698673 298.3236867477758
-13.25 -108.9374095050088 266.5303645092933
-13.25 28.85045385578732 455.6009297364084
-13.25 94.00184222329716 309.5463734337118
-13.25 -114.4276731224897 477.4951786665434
-13.25 19.65520597678206 528.0597882806499
-13.25 -62.0274007011523 485.4339874691167
-13.25 -37.73078616945778 458.2512912859243
-13.25 -61.73889709718667 335.6532125313959
-13.25 -57.12640842561081 529.398865807046
-13.25 -33.64081984890385 492.6863915623169
-13.25 -59.30874280430211 535.652263450231
-13.25 -11.6050705851118 295.5536776378598
-13.25 -80.36386430951896 367.9843635542542
-13.25 34.67313793552778 520.5070016539529
-13.25 -5.536266096883334 422.8390066995315
-13.25 -41.39718853915756 384.766357856459
-13.25 -51.19591916481071 342.5342331543287
-13.25 74.98192268541837 441.4231319999798
-13.25 -39.91555166302254 357.0710690253458
-13.25 23.28143555182008 269.4627018773494
-13.25 -25.53215751959106 565.1070515979868
-13.25 -29.28449287145209 351.8530775987794
-13.25 -50.43211711369199 330.1028571465796
-13.25 29.72751032738156 316.0725067145055
-13.25 -45.50301541261911 349.8724076790788
-13.25 39.17314739497971 355.0591154260352
-13.25 42.40819436980429 425.0158500713464
-13.25 32.5313923632503 370.8592014761136
-13.25 -37.78032330695248 372.2399936247232
-13.25 7.442772477303882 556.8645629669478
-13.25 -20.49346627966039 462.4305483199553
-13.25 -66.70798917306597 343.6742500226839
-13.25 -57.49195651457777 570.499011396966
-13.25 -44.87945117441406 472.1233136980247
-13.25 -43.52556818808624 469.1007987820536
-13.25 -23.67948485633171 425.1631802519303
-13.25 35.81573518033112 363.0468708487407
-13.25 -34.66150352137584 344.5501599334301
-13.25 17.30048498952526 538.5413174083643
-13.25 -127.1829555746512 555.1251476769628
-13.25 37.77168642521359 435.9545184627368
-13.25 42.34593146972392 437.8297641964258
-13.25 13.02146405079431 406.993248039767
-13.25 -102.8858312240932 581.6389038027836
-13.25 -28.5595094741981 517.4895013986931
-13.25 -31.01765958821162 398.1932330189088
-13.25 84.09255896426365 310.6468046969703
-13.25 -67.48463658949709 567.9654798242786
-13.25 0.7086631579167275 486.8288772462232
-13.25 -28.19547410251712 565.6397149145658
-13.25 49.47385870206021 292.6533669069882
-13.25 75.43135831488618 414.0218808599889
-13.25 51.47867188381681 345.8725714788409
-13.25 112.6894689762428 266.904207601849
-13.25 -46.99863965441187 538.3703849808378
-13.25 95.33588330060364 263.6402284948546
-13.25 35.19174315802011 514.8289668799799
-13.25 -56.51072900175879 437.9672409991391
-13.25 11.99837384686909 463.1076517063468
-13.25 -30.85879068543066 566.172378231144
-13.25 -33.52210726833127 566.7050415477411
-13.25 54.36850691184873 476.8087489471901
-13.25 16.57708421185912 421.8721648206021
-13.25 -129.5116337145207 529.7922782882962
-13.25 106.2214035104135 352.0234475354594
-13.25 35.28020370367334 323.6840931115893
-13.25 103.3441053574987 405.0192578460751
-13.25 22.51083945702383 537.7347340806004
-13.25 -62.29633366585003 405.902826051038
-13.25 30.26005536610746 426.0564832269625
-13.25 40.41515802275072 466.2799988842423
-13.25 52.98444563007848 361.2212414713923
-13.25 -45.14651602681645 421.7882318491353
-13.25 -57.06237394365765 382.8621264709631
-13.25 45.45122204032001 472.9047861345633
-13.25 1.42148347600074e-14 558.8467500904409
-13.25 -117.3813420633386 372.2260366623079
-13.25 46.15298132771277 338.5758997510814
-13.25 -125.9428973883033 526.0106537818006
-13.25 -119.7548463893757 584.5177450720751
-13.25 -123.5713950996151 433.1451336006428
-13.25 -5.557283147739486 559.4120767235964
-13.25 40.75354860274013 331.1841255223646
-13.25 32.55934869492381 459.9847599572349
-13.25 -95.73407620884488 361.3646272344682
-13.25 23.93275580288114 521.8981165501441
-13.25 -105.6051390923715 421.722892058851
-13.25 2.305633835167864 488.9099443477689
-13.25 65.44244342529336 277.4523296457247
-13.25 6.612448283313913 414.0550751373623
-13.25 -69.47688113768668 573.7459963215802
-13.25 -26.28787636675697 532.1454337440657
-13.25 -129.0899685440483 499.3092974763753
-13.25 29.25315949128732 538.5317848438741
-13.25 -76.9016280119142 550.3576855673501
-13.25 -71.43675037939867 530.1996319304819
-13.25 47.71103818601777 492.0824602379755
-13.25 -78.56064471689571 560.1711450704692
-13.25 -60.85444698867833 371.5813224471498
-13.25 117.5962920998812 289.1110367815044
-13.25 -78.42258308551618 455.5988525537613
-13.25 -34.42700839977741 364.1185279574267
-13.25 20.5109136840866 333.7286779104197
-13.25 -24.38519194262213 292.8026453203508
-13.25 -129.9535620553402 584.7952825890477
-13.25 17.98375321011096 349.8236506848758
-13.25 -35.57120165958391 489.9928771886963
-13.25 63.00277279204877 317.6740494373003
-13.25 -69.03079425267279 523.3041194986131
-13.25 78.84380676328976 352.8724131098932
-13.25 -19.61254737458314 444.7463494050713
-13.25 -112.1168754800536 393.3250322898222
-13.25 -16.55904062382168 539.0098248829341
-13.25 -16.36792994729226 507.2392229607377
-13.25 -74.7198179064636 510.2581593717378
-13.25 -95.99374851581294 549.5276200023286
-13.25 11.59480321415126 489.8642527672266
-13.25 -24.02020336835232 359.0379200204667
-13.25 -88.74602273061988 377.3202187775446
-13.25 46.47240332629646 507.4672353737911
-13.25 26.51554180703431 420.6965088779178
-13.25 16.18260710094383 452.1621951820554
-13.25 -84.77327763772112 442.3196168907957
-13.25 12.7875065034532 508.6763880779654
-13.25 -69.78086663221188 570.2605943591408
-13.25 -68.82903240762381 572.309761451952
-13.25 0.06407147365811028 385.555267656219
-13.25 101.1452917880389 335.7050392089204
-13.25 -107.9428540797483 405.5011308016601
-13.25 19.01744226360719 459.4786753406063
-13.25 -45.06928464978078 567.6394815300264
-13.25 46.00798141042032 477.814878065447
-13.25 -43.75993319046244 565.9430879040538
-13.25 19.3443855369693 451.6484397754807
-13.25 -6.918211241225072 393.339618859306
-13.25 29.43787589245664 528.7145886997699
-13.25 4.362447278831614 542.06103951044
-13.25 43.17326869231515 465.8983917712741
-13.25 24.99180206886972 543.7618880573566
-13.25 18.9682674549309 529.9425005075634
-13.25 -114.1957306322313 315.100179586166
-13.25 118.2674559829814 330.8113270419553
-13.25 -35.40369819493706 475.0742068491803
-13.25 -41.51686866243089 498.1487328126859
-13.25 -81.52423122910963 521.5886076922748
-13.25 51.14176393438085 383.3742494758319
-13.25 -5.520986403990091 496.8760577876865
-13.25 -7.99770420721528 497.2489623926118
-13.25 -69.81054065428064 414.3785479597028
-13.25 23.50651033416216 448.4790033910159
-13.25 -81.79138841568914 434.4781525206848
-13.25 -109.2862356124356 493.3885082604766
-13.25 2.503275272750847 500.0688808653605
-13.25 43.41125681286342 435.0375892429481
-13.25 22.59724238295295 415.2632700960224
-13.25 -3.732642329835298 492.115180494302
-13.25 -7.904357303549719 264.2103711937534
-13.25 83.30360497057264 352.6794379960808
-13.25 68.62146064132574 325.3696015245126
-13.25 -17.1410855251743 417.8255538348455
-13.25 62.87680578244176 460.93103782684
-13.25 -43.51328793276375 281.9922673423258
-13.25 -68.26988571050286 439.6343570879729
-13.25 -103.1193147049308 437.2599324590743
-13.25 -48.94152269087569 393.2140639801896
-13.25 103.8235917671268 347.9889152802097
-13.25 -83.38070920773943 511.8366970582116
-13.25 113.3988538597549 339.4905489207961
-13.25 -109.2221051007389 453.4980747135132
-13.25 -14.92453590253869 456.0438357729387
-13.25 31.38580121798626 436.7738683208694
-13.25 92.03233100603558 344.3758671271016
-13.25 -20.58225698865231 547.6811637410723
-13.25 -38.49754794843791 543.0145436058293
-13.25 -63.61407709500935 471.7016797596715
-13.25 -121.3110459899621 452.0202843358131
-13.25 -110.051070361229 465.9759746505014
-13.25 -103.3241155885507 468.278783699549
-13.25 -104.6405952423004 472.0902731471227
-13.25 -28.84518847121954 557.7736739046535
-13.25 -43.01186428405278 474.7914223301138
-13.25 18.11415020148322 552.4505289584376
-13.25 -58.53060726745184 498.3191638461178
-13.25 21.01342355078823 440.7782883268068
-13.25 -88.37304549985659 411.416015568837
-13.25 -83.24286822227397 364.1217637205024
-13.25 12.25112646126306 542.326737246442
-13.25 -51.67291567323282 481.398554577112
-13.25 -73.82297339350654 484.3400045599496
-13.25 99.33725530639595 406.9544849571482
-13.25 -99.54406620340417 459.2714579694253
-13.25 -42.25010867760792 535.9045452049286
-13.25 -80.60165979039976 476.3448004723522
-13.25 -49.5517206555268 540.4965426747783
-13.25 61.42336671990606 449.4014787551718
-13.25 48.42117433908301 502.9611270347125
-13.25 -123.0213498007785 420.2546131460283
-13.25 -28.13889783512096 471.4219471544499
-13.25 27.30058007046149 538.7361766127816
-13.25 -15.32805952328238 491.6072243684643
-13.25 -10.21877767461031 544.5099340180707
-13.25 28.29661531860387 463.2392645151519
-13.25 47.93822722711666 390.0498278920892
-13.25 -7.76798409283831 508.0174668522914
-13.25 -113.0258207752513 566.8974686886093
-13.25 38.62625883205843 533.2348317219728
-13.25 -78.42517682587403 497.5804284706995
-13.25 -17.1452005814966 509.4756052036441
-13.25 -67.54882912401173 491.8368674167454
-13.25 -57.37117201635574 541.6601735088645
-13.25 -108.0164060598009 526.7193688298634
-13.25 44.33430924072311 475.5098182221152
-13.25 7.074101096892456 476.3951139242325
-13.25 -71.91199826698008 429.4616192503576
-13.25 91.15019027102957 402.6380531860166
-13.25 -59.16184996765881 563.6699510241699
-13.25 -58.1741228351395 564.8120712625102
-13.25 -105.6376171336389 561.4357354356531
-13.25 21.25022061534514 379.3221144804232
-13.25 23.92606369981934 382.44407356904
-13.25 -67.34250360021746 518.496245063937
-13.25 -7.385552215348278 525.359735982821
-13.25 23.78808094930161 364.4501054427955
-13.25 57.22190811948693 444.0431802128546
-13.25 -66.03715829751333 480.2615065634853
-13.25 -76.89061347722807 515.9231922612545
-13.25 38.40539348271597 402.7797491586386
-13.25 -46.46036944931316 321.0998367134169
-13.25 -1.521522309700295 535.1559111076654
-13.25 109.7192165916422 398.3667452399204
-13.25 -79.03808999711215 570.6274574321352
-13.25 -23.32027875113312 514.5985935186305
-13.25 -5.121404031080491 535.7758223106578
-13.25 -44.72159983930853 519.3940805728788
-13.25 -63.22130663666119 445.7714074240437
-13.25 2.651999229469864 551.0727201107729
-13.25 41.00306600411142 440.8013859636089
-13.25 -11.81240626890776 429.8342450011794
-13.25 -34.27449248369683 528.1588813685549
-13.25 9.05378502815158 471.1570124004658
-13.25 -53.44249427832291 541.084343940603
-13.25 -86.36314108436717 527.855495655695
-13.25 -24.99272987451512 546.9190925521456
-13.25 -43.30696484849735 543.011844670191
-13.25 -15.3663294981353 555.5040659982152
-13.25 47.65797936259408 310.4533584125494
-13.25 -14.05625047445414 528.2506692527988
-13.25 -89.86763303288494 537.6417077287107
-13.25 -128.0527357058825 415.1923424134137
-13.25 -16.4919874790017 296.2059037382966
-13.25 -110.4987029209675 500.4556191544617
-13.25 -105.87749563562 340.9122955295152
-13.25 54.17675365317898 450.9901301520547
-13.25 -28.86792975782428 529.0346978392662
-13.25 -109.1017231227933 537.319543502009
-13.25 -116.3997746252808 507.7173922074115
-13.25 5.027043651896142 517.7996921602562
-13.25 -55.52441293016135 467.639816240057
-13.25 15.07125484762906 409.9798183870493
-13.25 -0.3287458761171886 551.6348522137503
-13.25 34.96950530591647 479.1042329306446
-13.25 -23.94392563251997 495.3499603461893
-13.25 16.34315869477641 532.0859852984626
-13.25 -9.196441667496194 545.8475270073831
-13.25 14.14464648206733 542.0867684884286
-13.25 -1.390664309041864 524.4033001802197
-13.25 -21.81390670776729 540.281405174041
-13.25 -9.170563697139402 553.1913123232661
-13.25 -121.3287819211993 502.2812808261556
-13.25 -125.0438472098294 503.0902084451009
-13.25 14.69508998416089 545.1623233325319
-13.25 -1.173110310179355 512.8793193842544
-13.25 -7.698539481791331 552.9352901291139
-13.25 -20.04357568285138 539.973856443119
-13.25 -108.0310471738325 489.9064469866683
-13.25 -42.29731675454814 561.7996858860789
-13.25 -103.420540324425 448.8415792886572
-13.25 -27.73641006524407 558.9737579860581
-13.25 -25.07310961527985 533.6994698601418
-13.25 -119.8229325833764 536.7854272487915
-13.25 51.80124731642211 440.0843682989309
-13.25 -24.5437668155617 476.2533367378573
-13.25 -119.3538235078696 315.703362379266
-13.25 -64.94085091318564 310.5722241199075
-13.25 -63.20941074938208 462.4156767537512
-13.25 -37.92525920904014 553.8843918251252
-13.25 -45.20347372985164 562.3665481954168
-13.25 -117.4385718677493 546.5984114363876
-13.25 51.12177350847418 446.8516536895593
-13.25 -87.9053969745385 489.6901557709871
-13.25 40.23621715898295 508.2069688256307
-13.25 -32.18580835647894 522.0917535035063
-13.25 -19.93706284857696 523.7628214265209
-13.25 78.72951018641064 425.6510450883387
-13.25 6.853756329177548 547.5444477421892
-13.25 -41.11816422481537 554.4958106814399
-13.25 5.25146577344375 530.674439781987
-13.25 -69.67410403998767 504.3345190435963
-13.25 2.107878662896058 534.5374177318009
-13.25 -72.88864115963553 491.1147583090387
-13.25 68.19791778353627 420.1777244038465
-13.25 20.45618034436362 448.8548748350739
-13.25 -77.36762936693758 502.8676877564288
-13.25 28.61747117656398 515.6526283783705
-13.25 -88.32019948979915 577.9002450029782
-13.25 -91.62041005152749 468.4041511623694
-13.25 -68.04728905983534 558.0439098717236
-13.25 39.11819390754114 510.4290742817266
-13.25 -118.2842979533719 467.2419469173503
-13.25 -89.93353007357149 454.2186134671555
-13.25 108.7770078115368 369.2008497730056
-13.25 52.57497766761473 509.0629461430321
-13.25 17.93150039028946 441.1545162080354
-13.25 -129.4209095713153 518.6864350058703
-13.25 -95.1323002747267 540.5843496834004
-13.25 -93.80401146995973 496.735509883889
-13.25 11.34047484477294 506.854558190431
-13.25 -33.69267690249574 543.760141624045
-13.25 127.942529147731 267.5354432537452
-13.25 92.38434004721381 360.0780439220655
-13.25 -11.14047443662342 558.7244958155785
-13.25 -99.46534890194759 485.2971391467566
-13.25 -111.7029265139704 480.4967709733867
-13.25 -81.89074893791576 392.7529318886625
-13.25 -94.91729956774346 499.8619127870545
-13.25 -95.88028594483272 484.7941598882849
-13.25 63.62304041691152 357.5123763680929
-13.25 -107.529454114587 437.9051386227694
-13.25 29.33038301180475 467.7783345085904
-13.25 70.34392949326106 375.6189359769455
-13.25 -67.45830540142195 571.8246398023675
-13.25 -48.56039569491581 325.7366382934237
-13.25 -10.41537355506753 474.5173896232388
-13.25 -60.17391822798539 488.0464296357835
-13.25 -6.115383857895393 463.561909665174
-13.25 73.62896504056239 427.7901054095346
-13.25 -53.89737937511387 556.9499117845206
-13.25 73.80342165655021 388.7105273043027
-13.25 8.176635094735365 551.5128797659278
-13.25 6.174126243375554 537.1057317722115
-13.25 -89.0594207678396 535.2413042302851
-13.25 -53.30267979070148 524.7616829242482
-13.25 -79.02871281064591 545.1709693518894
-13.25 -86.63646049437936 571.2851077639796
-13.25 -124.7209287498809 543.3334682786461
-13.25 82.19482439695578 371.6309359297596
-13.25 56.91487778864639 411.3889366716373
-13.25 8.374510051804011 539.8824607132176
-13.25 52.09352705702214 481.9725345136474
-13.25 1.172559777838429 276.5279904149692
-13.25 -116.5214344214657 439.1822306965594
-13.25 67.54267044360944 272.7163488972138
-13.25 85.08256618314475 420.7565060761948
-13.25 -69.52715117796178 545.4368447976963
-13.25 -84.32605335403557 563.0416540697856
-13.25 -122.4241523453601 372.8424471415758
-13.25 -109.72976680568 409.951893447677
-13.25 89.63016389144649 427.7045390351651
-13.25 92.29348047436382 425.5738857688413
-13.25 -46.70183183418017 277.8965158087632
-13.25 75.33589938443161 298.5461599078478
-13.25 -110.1041801152772 554.2703181152574
-13.25 -73.38890252977866 563.8624061909246
-13.25 -113.6103892403242 550.5591128899835
-13.25 -116.2404567250342 551.3171633231401
-13.25 -118.2172979570821 549.3878199623431
-13.25 -89.76231218755264 523.5706856371413
-13.25 12.51195560966671 537.6481842100334
-13.25 -65.09721322612258 548.2281329611532
-13.25 -110.7582881728669 584.1522777286323
-13.25 -61.35310647286019 547.5792209772148
-13.25 -63.57808885361546 558.7470599070497
-13.25 -61.34989961156975 515.3128528373197
-13.25 0.7826157121057942 533.0234756830918
-13.25 92.4074071228259 367.6537891082079
-13.25 -20.21523920792126 554.7483170258762
-13.25 -58.20790369021847 503.7657543582561
-13.25 117.1930655653397 377.0453317826884
-13.25 -59.30539871386346 529.7903937727824
-13.25 -32.02259426743835 538.463361514266
-13.25 63.72657631013622 424.7460910309894
-13.25 -98.69471822039843 357.4087191088914
-13.25 -54.75146893301539 546.6317958343795
-13.25 24.44545205213806 473.3420798589933
-13.25 39.37939406362094 468.8120240516595
-13.25 -47.61302621384795 540.2193007783587
-13.25 -103.0870195236718 571.4043109689758
-13.25 58.23602913023385 441.5438233750657
-13.25 35.49609716392825 518.5091942256823
-13.25 51.62276734557084 416.7567492243319
-13.25 -106.0768924854402 549.070528488558
-13.25 -50.48320910209242 478.5135644270526
-13.25 -64.03460902094275 565.9725783416669
-13.25 -75.45606117255412 573.9856996847572
-13.25 -118.0660040498426 557.0271810310592
-13.25 -56.06513965850149 562.986128164951
-13.25 46.42553713495698 422.1642193799303
-13.25 49.90522730002778 433.5145930313053
-13.25 -72.73945158368394 544.01867694813
-13.25 -87.48717075791208 438.9137836966154
-13.25 56.51139234030076 510.5645679839177
-13.25 -96.69111036549425 566.8649908989764
-13.25 42.01579833558283 456.4747266056286
-13.25 -113.4216047557867 584.6849410452362
-13.25 -116.084921338679 585.217604361818
-13.25 -113.821112362529 543.4255150817864
-13.25 -115.4333053296172 575.2777749182324
-13.25 -37.34180677929066 472.6522628046781
-13.25 -40.84108108611377 561.5176823302893
-13.25 86.7236045387818 336.0382553837312
-13.25 -23.59892685338577 462.9102227387412
-13.25 -44.83461099625127 308.5979315849982
-13.25 -122.5081352044328 571.5273442358541
-13.25 -118.7482379216102 585.7502676783924
-13.25 28.27378933609948 470.3758476020328
-13.25 61.07176208952416 445.3525358345717
-13.25 -73.53277712048535 546.1213522068263
-13.25 -61.94141588176804 558.4605017497187
-13.25 77.93521481908735 344.7572126888404
-13.25 -49.04111694852301 422.3564927842036
-13.25 17.17910814023535 457.1525887301678
-13.25 -94.98236998393742 508.4532081533284
-13.25 98.5803122646997 331.6453726571424
-13.25 2.143889540170793 543.9535663573242
-13.25 -82.12285621780894 550.4164610467246
-13.25 -46.45919246503005 561.1277957420036
-13.25 -6.392650585632511 316.3380514129507
-13.25 -30.7504176676601 517.9074131980464
-13.25 -104.7321981501903 349.5708347821857
-13.25 -115.1058407289877 389.358951658722
-13.25 27.89254820122347 417.7044331254061
-13.25 -21.23413153251813 556.4735947307587
-13.25 -99.14788660675859 573.6847371899265
-13.25 44.87129319089503 396.4302301434532
-13.25 64.32164088763582 379.461810576262
-13.25 -19.4304837622452 414.7807252880955
-13.25 -53.95629161914327 514.2339944762961
-13.25 -18.23686163465068 441.6618799012299
-13.25 -0.4188169622657505 531.3412193482908
-13.25 102.896995272092 371.1006543506653
-13.25 3.275347606530329 486.4822003005182
-13.25 76.25003646600354 417.8525906019148
-13.25 -71.66392047479961 466.7270604704679
-13.25 -93.76218158404696 563.028792954167
-13.25 35.9451241243528 433.4307963938816
-13.25 -78.88290832943552 550.7492963254875
-13.25 -85.30546788610623 554.7645032251469
-13.25 -86.79431339633705 553.3180457979109
-13.25 -80.29116149406926 560.5766442875757
-13.25 33.44212558771311 268.3785078375176
-13.25 31.54516568990421 423.2150761644632
-13.25 11.14590672265639 536.1287450260179
-13.25 9.313434620998439 536.4899233686084
-13.25 18.2912848946212 539.9929732103828
-13.25 59.94230150921621 433.210482326877
-13.25 75.65600205818691 276.3965027582522
-13.25 96.28845534873201 422.3779058693323
-13.25 98.95177193164741 420.2472526030014
-13.25 58.9364573850191 435.3071084126291
-13.25 76.46687039981074 407.1442228733083
-13.25 97.54800024445395 409.1713888975141
-13.25 7.47896430234182 545.9824082220974
-13.25 34.2904520590048 474.4144416146544
-13.25 -62.75153810444872 546.0102799634818
-13.25 -53.58291820034338 283.3846848118131
-13.25 3.460316141603266 497.7581217843916
-13.25 -12.42926962608439 546.3929726375154
-13.25 -92.19444099513008 544.6013542053576
-13.25 -78.41040201391671 531.3567429682503
-13.25 107.4349645944237 403.1923132339309
-13.25 19.1494103963571 438.3200802424449
-13.25 -24.49995219467059 488.8697668486
-13.25 -19.55303178165016 292.2577210556763
-13.25 6.983593995792144 326.8137699863535
-13.25 11.09323137512927 465.8194080481803
-13.25 -12.23677883680735 472.1878591476037
-13.25 -83.21583684261405 532.1114949683658
-13.25 38.8769093282293 385.0917164782297
-13.25 -121.9759830108676 562.4596915675173
-13.25 -54.05634937763085 520.6434977217896
-13.25 82.69694348537233 403.1882032383044
-13.25 -13.64345437698343 561.5687971000892
-13.25 15.33693320998542 346.3005852131039
-13.25 -93.47567170119517 377.9728028503778
-13.25 -12.08715860736164 557.5933191156516
-13.25 15.93207809050836 383.7344804647907
-13.25 -119.8511589542626 570.42366850975
-13.25 36.55587180885846 469.1835296844978
-13.25 94.5531227942586 363.7689221972694
-13.25 -58.66490179214205 284.0759522904365
-13.25 37.14847420083803 473.9956552664083
-13.25 -22.30735346893719 355.0644652963914
-13.25 -70.33986764519541 463.3653228918392
-13.25 -6.531922194920155 551.1720706415425
-13.25 -85.63451568192515 577.6450500305709
-13.25 -84.18097603368483 522.0916763496572
-13.25 -48.88610896686089 548.9134178795259
-13.25 83.75689624275535 430.6994391364337
-13.25 82.96327120972984 409.1889555486873
-13.25 -74.51069628676873 426.1122721834369
-13.25 27.23046719257366 513.8335817316924
-13.25 70.50342595447374 320.9257765234746
-13.25 -123.5871826198635 579.2272118148514
-13.25 40.75825250466607 422.59360571538
-13.25 -73.71810860352059 530.6298302669089
-13.25 -50.63458810851068 549.2186832611712
-13.25 -97.29990850970994 553.859153946686
-13.25 3.178094798397636 271.907441236199
-13.25 -66.39461848977527 336.2542556476013
-13.25 -44.14309627519452 501.2492090775319
-13.25 50.19329724231099 455.2660859071135
-13.25 -21.26561661033157 533.0391105996878
-13.25 69.00212236891383 392.0507984720101
-13.25 72.30435819591597 443.5559552748677
-13.25 16.86062593338403 428.1728886523234
-13.25 -14.64720789793381 325.7645789783333
-13.25 43.71517801497358 390.7508204701663
-13.25 -121.4144003942456 463.6930433673381
-13.25 32.44265150122339 441.4917529924497
-13.25 122.6186449952813 288.6277160804925
-13.25 -91.06826111879442 407.8716134487459
-13.25 -18.66703180694464 507.6435660643101
-13.25 80.91067559548584 349.0081748935364
-13.25 -85.41120730392416 501.3993222091838
-13.25 15.00156427071937 518.4147574215298
-13.25 78.19656467816897 271.3226747722175
-13.25 11.74571061003844 326.238106870744
-13.25 -104.278841328175 429.6223305920142
-13.25 -116.9041593301234 536.4032556091548
-13.25 -13.74332030012638 522.7694644422101
-13.25 -40.09326582581223 559.8888776967458
-13.25 -123.0785091478326 585.6376402256753
-13.25 -105.8731244130588 433.8317655539346
-13.25 -107.369616999948 575.5205795988647
-13.25 -24.08766169329684 510.5671661705451
-13.25 -69.27231539167595 568.7252981550064
-13.25 -17.01450088817704 489.5582800688022
-13.25 -101.5519382887754 554.7188921336908
-13.25 -119.6780710708139 447.7936846188879
-13.25 61.7277288648821 485.0889768268869
-13.25 -3.099160241525801 522.6814041767954
-13.25 102.8799000722323 380.1785789728937
-13.25 -106.9802692192384 523.8968420565623
-13.25 12.88382613414604 380.2300630373402
-13.25 -12.20218567176406 434.9009486287978
-13.25 -94.33083520456927 529.2611759614928
-13.25 -22.50691365169136 512.4521688842486
-13.25 12.60039598132466 487.4745881193232
-13.25 -94.11623765316826 465.3685111767348
-13.25 -56.73301730602984 564.6092299826289
-13.25 -48.09602823542074 562.9548774644261
-13.25 17.07868860534283 530.2576537086616
-13.25 -87.44999999980662 258.8564234739758
-13.25 27.85834146951373 382.3340403863332
-13.25 59.02821582159446 492.2853729754995
-13.25 66.96604808336777 436.9464713374081
-13.25 -129.8870936862494 553.5802134303635
-13.25 78.36625142914643 413.7059936412234
-13.25 16.50830523675201 406.7334051188625
-13.25 -121.8999300152954 263.4318352795572
-13.25 16.47709186430352 325.6614230740545
-13.25 -110.687745818584 575.9941025869252
-13.25 -109.9214965337014 574.4102450913914
-13.25 89.76167030484778 395.0923454710646
-13.25 -18.24409812361415 321.7211225406561
-13.25 -8.591199289033316 544.2676883078672
-13.25 67.6550026531211 317.2003458582801
-13.25 37.80924064276 422.7865714407345
-13.25 5.201779860016993 267.1809747889884
-13.25 -107.6586927597504 449.556579010756
-13.25 -50.69783079956201 556.3713923564375
-13.25 -128.0698459618001 587.6145892864311
-13.25 -125.4065293789085 587.0819259698736
-13.25 7.353546097264252 499.4459654322404
-13.25 -14.6630651237045 502.7613154144719
-13.25 -4.928014976391118 460.7503100982431
-13.25 34.80448688396311 422.9812362336359
-13.25 -13.96865808906914 553.7620467240953
-13.25 -13.62238628388696 453.1493716383094
-13.25 -72.74646046683459 562.2420758854912
-13.25 -30.6389535630667 559.5832226420825
-13.25 -15.01606899083566 521.142490381688
-13.25 3.582334136019222 429.7096452678003
-13.25 -14.04525616576633 546.6844973703355
-13.25 -53.86059364258426 564.0794638084672
-13.25 -22.94132360802318 538.8842262478837
-13.25 26.93274960643572 375.2675690399913
-13.25 -6.239931926408863 509.6665760416906
-13.25 -61.23228161366752 556.7276372729569
-13.25 83.7503963864762 395.1443766780727
-13.25 -43.54239632054192 534.3149605704455
-13.25 120.2582096254137 406.0519077604139
-13.25 -115.5530294916277 481.1814239454599
-13.25 -67.71435155549298 446.8019337508073
-13.25 -36.14668043701902 567.2508113011442
-13.25 -128.2190235134161 346.5921234768213
-13.25 -114.8843379218731 573.5045923091998
-13.25 5.902131591699927 515.7426329779869
-13.25 -52.44354690315857 522.6129420909435
-13.25 -5.379315225826179 525.0953624535927
-13.25 9.020250720532713 538.2199326385456
-13.25 -25.04395418050515 326.622505858153
-13.25 -103.4915247184575 358.032727110272
-13.25 -66.42556970620767 453.214267187003
-13.25 12.63975198398643 342.6869113751183
-13.25 -85.86875944405679 435.117196253343
-13.25 58.59143682647586 430.4912015682159
-13.25 -16.77912008193518 519.3044544429421
-13.25 -20.40333389414471 438.6865857595432
-13.25 101.3255894394425 389.7293235288087
-13.25 -70.40545529080376 499.182747370094
-13.25 121.7250845278067 405.0797795076445
-13.25 -22.69380621676839 531.4736189174473
-13.25 -0.4038216515995391 370.7641433403248
-13.25 -58.99174477586961 485.1814162635882
-13.25 55.6151439591151 372.2262254146611
-13.25 29.83812377613166 420.6113694917286
-13.25 -121.6325004021289 507.1981087613532
-13.25 17.13174348881886 518.1702699040112
-13.25 127.2100768640583 381.914927067747
-13.25 -86.71106921688178 576.7720835682585
-13.25 -7.071909810039298 494.9865526936095
-13.25 1.628323388044683 484.4339229017515
-13.25 110.854165519391 352.0651183430965
-13.25 -120.0768989859903 390.0757360271967
-13.25 8.001623085882665 384.7518754638996
-13.25 -128.252695228438 362.379344644255
-13.25 -123.3558468434918 302.4820653420514
-13.25 67.78412413587829 414.677702309926
-13.25 -49.53752541360446 563.2524062119501
-13.25 19.45351006589337 471.9404100099632
-13.25 -50.27135964689165 309.0060362008492
-13.25 -69.3534420346338 332.3536728144452
-13.25 14.64462588563326 504.2641454179027
-13.25 43.53320746969528 510.0785033558703
-13.25 127.3509566326028 345.6284159844171
-13.25 -125.1493623986286 476.2440704060638
-13.25 55.64078954508465 365.2651834010015
-13.25 -62.91245094267396 513.318038683348
-13.25 -11.56413180057785 556.2961844890726
-13.25 93.28825319713633 323.4313220265652
-13.25 -79.33320854762817 500.4548713907292
-13.25 8.70159282393983 496.8343573722435
-13.25 -52.41958307099637 563.8145919351145
-13.25 37.96109396164833 531.3975386014298
-13.25 44.34775655243003 517.368332819162
-13.25 36.49122704647341 399.8601460558009
-13.25 -37.91645289222055 560.9986646491818
-13.25 2.980276832531117 557.4520820747128
-13.25 -17.35886265664382 551.4222257620451
-13.25 7.999468968983128 515.5115434949322
-13.25 96.91372705398628 397.8144518452291
-13.25 49.18959923227688 440.3297159050227
-13.25 -69.21930334993098 556.7096991986815
-13.25 -128.0863303546561 262.6425210939073
-13.25 122.8026716599413 312.8602804290022
-13.25 -64.66927966969133 284.6681014138704
-13.25 66.25000000018461 258.7651667842885
-13.25 -114.4910667281514 410.725967645976
-13.25 -61.09690446050305 565.4602653097552
-13.25 -26.29833925111805 511.0405552278343
-13.25 68.22529760062844 448.4402772522602
-13.25 -56.32253301549608 521.0619931744117
-13.25 -55.14846203344609 309.6123456348978
-13.25 14.59028405475313 309.7112769930018
-13.25 4.581839162066479 381.1750453282655
-13.25 -80.46604145350578 543.4800135882855
-13.25 -49.44015176969319 567.014425345458
-13.25 -32.33868877539227 515.8542241419177
-13.25 -36.90617272655752 559.2424200632231
-13.25 -51.20631860606731 562.0235565670012
-13.25 -15.48150545049491 545.2722288384864
-13.25 58.21699695378854 408.8853647567173
-13.25 71.17461300595711 433.4305426870904
-13.25 75.52970689301988 402.6978867350787
-13.25 -17.50684834251184 287.7638688485129
-13.25 -22.39116384422354 563.0603174341361
-13.25 -10.853818829274 510.4651795149248
-13.25 0.2908919947771668 529.6205515709006
-13.25 20.05898871403961 539.7919701982819
-13.25 -33.08388115056565 542.0640053543756
-13.25 92.75836783508362 389.5482921924727
-13.25 36.30015814209455 516.5899998785162
-13.25 -46.74810110722763 501.6701091037359
-13.25 -97.88743454285319 466.0929150898162
-13.25 105.3235440900845 407.7561944041373
-13.25 123.0119696160978 322.0530996323001
-13.25 -82.4477830927443 351.0372528770458
-13.25 -120.8014959861927 574.6588289438506
-13.25 -19.039551781591 519.6621743946156
-13.25 28.59928975136476 371.4334125403128
-13.25 -41.5785122123128 403.2304960942058
-13.25 19.36435021032779 309.1763275113324
-13.25 -84.66190106021982 489.5247166638553
-13.25 -115.0009320083217 567.4475870817747
-13.25 -117.2151737666231 554.6356188426723
-13.25 -104.6032435563283 517.9186366838967
-13.25 -32.1615023619656 558.349422578768
-13.25 -43.34544810888658 456.0399133914433
-13.25 49.9911278947981 414.37474761484
-13.25 75.47582668879264 385.5562539910412
-13.25 57.03780761138825 404.3261137228367
-13.25 -34.99865759666208 560.4518024083624
-13.25 128.0596765636527 262.5842481491175
-13.25 43.61658709947903 422.5130200362474
-13.25 -80.88199870967829 345.2107072794981
-13.25 -25.06098076605152 351.4763805238394
-13.25 109.8371286999449 413.1825679337513
-13.25 13.60948449995571 485.0586461596648
-13.25 15.40823202294679 454.9115147459169
-13.25 30.71577593669069 344.0078236040385
-13.25 -15.99258738402422 475.3782255640262
-13.25 38.68441984086878 516.1669723657119
-13.25 -37.39739664430248 552.3839240339776
-13.25 86.09073448884342 306.345151394452
-13.25 57.05743274389819 476.4290386141357
-13.25 -57.87876665877186 305.8064714169685
-13.25 92.15924181506792 415.1048533322063
-13.25 -100.9854209242233 543.9638401573076
-13.25 -62.67219033962063 534.9796737826883
-13.25 -40.79645283813176 263.906631894459
-13.25 -65.33917255997584 459.6777008194592
-13.25 69.63011462870497 312.3978431928592
-13.25 32.76542055293164 414.9879546378132
-13.25 -33.25426188712099 551.3594327295971
-13.25 -13.30647920863644 526.3881556263282
-13.25 52.20174248534355 428.9235299689474
-13.25 -116.5411977522399 544.0336762260159
-13.25 -91.34625766701606 542.3471598997897
-13.25 9.942537026451015 339.1020237732446
-13.25 25.41339251611517 378.8491119824687
-13.25 -64.94047129398847 540.8244730638374
-13.25 -68.19611330540039 573.5243886574422
-13.25 -95.01131285350417 561.5858468063726
-13.25 -109.0424870651112 521.3516355940283
-13.25 -86.21788411667207 551.3752246545871
-13.25 -33.54131614666164 560.1778783702971
-13.25 -15.52874124678773 283.1157095553068
-13.25 -82.0539049646284 497.790492423769
-13.25 -19.18991138419023 551.7515967701447
-13.25 -6.864912596788816 457.9490973780498
-13.25 -31.34412769304693 536.6342450940757
-13.25 46.42522771985223 522.3801299699642
-13.25 -31.54199418366801 552.7460566653876
-13.25 -53.54671568854889 479.0082508204434
-13.25 42.24332720457045 517.6139938115157
-13.25 21.18755119645313 295.7239823483742
-13.25 20.87531893825031 551.5493526219691
-13.25 14.34478240546144 403.7874863068724
-13.25 -77.20598184740399 329.162247054687
-13.25 -8.517890253370453 510.0831031572598
-13.25 109.8217568518557 386.9163070004882
-13.25 -34.72149408379916 553.354424327479
-13.25 -123.0422460557709 277.6734551761847
-13.25 -51.07714281441868 494.5452498761546
-13.25 113.2668349332364 347.7662370581284
-13.25 34.46936648370988 396.8038364729469
-13.25 -40.03248909245803 547.392200231935
-13.25 61.95246098294994 429.0859402230158
-13.25 -11.02490142522919 561.1816970360228
-13.25 -6.121440854491978 492.5566709902404
-13.25 -2.649999999630708 258.646675646847
-13.25 17.80449584886677 528.4512027734673
-13.25 91.09442284520443 305.8192596315632
-13.25 -74.20087015556345 263.2527539246764
-13.25 -117.4820606951407 406.8134589714847
-13.25 128.4789043256195 400.9942375276323
-13.25 126.921344642273 399.9075174523431
-13.25 125.815587742714 402.592227477381
-13.25 -70.07181175029649 537.8630410520753
-13.25 -1.551871479403274 428.704535551367
-13.25 66.76645746807363 308.7723843559919
-13.25 -0.2723258019651945 555.508233936989
-13.25 10.50778688848687 528.1616111315426
-13.25 -23.51787175578489 520.3695720994243
-13.25 92.22769645955553 269.3297092733798
-13.25 -80.23727142792012 324.4464960394932
-13.25 -113.2994632425082 494.0416759097936
-13.25 -18.59082889627387 279.0400898093602
-13.25 10.02354563703772 547.1348745108438
-13.25 67.16646976720016 455.9302192011539
-13.25 68.7037805325534 454.2386491315422
-13.25 -87.16000858325462 523.1122656716761
-13.25 -21.24726494849272 522.2246568663439
-13.25 29.72674257718857 400.2698503542693
-13.25 -62.51889067795819 564.1960891832346
-13.25 -89.38848056487451 403.8737795334756
-13.25 -129.909939608634 540.136716243901
-13.25 -128.3660337466517 325.5664159725121
-13.25 28.23639284666008 290.5324972537355
-13.25 28.22682120089359 403.4741680750312
-13.25 -70.78149780571502 543.9478801037952
-13.25 -63.02219092768555 306.3368994908662
-13.25 81.01441093685506 400.3162672677648
-13.25 -22.93509608188384 564.6326152020204
-13.25 46.51824573134155 440.5778696488762
-13.25 -126.9809047275865 563.6027770700334
-13.25 -124.6939423808856 560.2843351461269
-13.25 23.03289061929165 392.8429701812306
-13.25 -6.958222942600398 505.7112142981597
-13.25 -98.08664469181601 482.0960312466187
-13.25 -41.48106506061758 568.367074613417
-13.25 -26.10932286050848 343.573814793155
-13.25 7.199072743358998 335.425432699262
-13.25 -82.40060706407928 492.446928928635
-13.25 117.5944376267433 405.6278351202702
-13.25 -118.213316672782 478.0503214223895
-13.25 -88.29044982583758 343.4527209787257
-13.25 -104.7308449630241 571.8704705649935
-13.25 -53.36570805442287 555.4720606794697
-13.25 30.25003935461667 367.6486299657744
-13.25 26.99153696602161 392.353764489547
-13.25 -18.9080248939493 472.7958413998981
-13.25 -17.28358873707 547.2819617369161
-13.25 87.17352059723785 427.4593129358317
-13.25 58.96990529085848 305.584568960351
-13.25 14.61686932121828 482.6126201992897
-13.25 122.7777987769764 376.321017653766
-13.25 -4.58846392776992 505.3621534659138
-13.25 -85.64360114758639 549.4235186989243
-13.25 19.27783229181436 400.2618035804429
-13.25 -17.85153477453687 505.5419582911773
-13.25 -97.8998441471841 565.4831546985421
-13.25 -41.87035404622347 472.0047247800989
-13.25 -12.52826624027395 555.0844958655898
-13.25 20.8200425610873 538.0518073111864
-13.25 -69.79036572236649 565.9863852382092
-13.25 -118.8972440522909 534.0239989139446
-13.25 -72.37274172401173 538.2811950328623
-13.25 8.975335905675021 513.3743009235515
-13.25 -59.31047503230423 523.791122464244
-13.25 15.84125021252597 400.519360022321
-13.25 14.06029208020588 397.4914977012575
-13.25 98.68161673017026 364.0416084614648
-13.25 -69.29224276598183 496.06612443865
-13.25 -77.44793670975668 575.5884571547665
-13.25 -77.08878706302391 574.3265888836473
-13.25 -10.80265683805079 520.2697739847678
-13.25 77.04489428662633 399.9515105141776
-13.25 -21.68618413802589 274.9780606654399
-13.25 82.63752440948298 425.3640195104322
-13.25 -19.95648592427805 503.4039367176873
-13.25 -32.46163033089302 540.2798914915825
-13.25 60.75946628137648 425.8274109168017
-13.25 30.35490286907855 511.6455285069756
-13.25 115.611024439861 343.4636715366263
-13.25 14.03702755121375 554.6923658517173
-13.25 -27.74772164043271 347.9597939598793
-13.25 -18.5997714625185 487.6237246113648
-13.25 -69.24718089559396 564.3895444914931
-13.25 -73.84704025251854 573.3547896297006
-13.25 -88.54511925287558 431.6203787469348
-13.25 19.14454933559154 517.9279898738738
-13.25 -51.8838508173785 401.1675541100489
-13.25 -74.78327636657767 575.062512639513
-13.25 84.00067375670426 419.0809386124323
-13.25 -91.36203233943476 427.4911908747712
-13.25 -120.6728288464946 550.4084550075293
-13.25 -81.78572499054216 540.1640962133499
-13.25 47.107685287472 414.707104290261
-13.25 13.37766794474525 452.495768707328
-13.25 -83.61733905273778 576.003820051099
-13.25 93.40817048351239 300.9536731699237
-13.25 31.14676839326038 397.2351774276469
-13.25 -122.381898621866 407.5289120518028
-13.25 -123.9060239222805 291.3368493907881
-13.25 -47.2150273543228 353.7489305876993
-13.25 54.88165545780205 508.9264763750182
-13.25 -56.73855446230591 479.4831802198574
-13.25 -12.55488086535866 524.4449139813036
-13.25 73.79975189741621 345.4494663379517
-13.25 -98.75124677640932 580.8658766706766
-13.25 -18.98816146018038 545.8438492750631
-13.25 -62.70984887219561 509.2427641788905
-13.25 -26.55042462732115 386.9524797894188
-13.25 123.6254148480804 275.1117735853487
-13.25 48.96239595927813 519.3692626228803
-13.25 58.71837339861632 495.0601660692832
-13.25 60.10121268013133 345.0978112230475
-13.25 -24.46099651959857 531.9691896792256
-13.25 7.60704772337162 511.725733212691
-13.25 5.338692504952988 481.5749321189098
-13.25 -24.79449916761683 270.8936352022761
-13.25 21.61931506493179 304.6470776433792
-13.25 9.467740697414019 531.6227133252137
-13.25 60.38492792340491 497.005747118988
-13.25 45.07415326607279 438.3867272177884
-13.25 100.4074319446752 326.0020485172938
-13.25 23.67142096251127 550.6256567872842
-13.25 -103.6118117936984 536.1962795356827
-13.25 112.0019632717672 383.6025027261604
-13.25 34.81719099343543 294.7999382447371
-13.25 -45.57485407107286 453.2743562742951
-13.25 73.48333792092571 382.6350458018628
-13.25 -79.94924950241396 486.4783598603524
-13.25 -0.3435040153036815 510.9480216100673
-13.25 -108.1637679126475 583.6800745922826
-13.25 -58.79385885974388 557.9268259584459
-13.25 112.4633383578731 411.6314660754528
-13.25 -119.7655648926792 491.7793142211479
-13.25 -78.77598304759202 575.8728485810967
-13.25 -31.46294593223773 513.8925946918596
-13.25 67.57809283655608 337.3105046842477
-13.25 -66.36509437921195 562.0502984233268
-13.25 95.48872820438915 296.2482488044405
-13.25 -117.0933932814472 263.3857427545822
-13.25 -11.82677102044929 522.4931935121849
-13.25 97.45576184817816 290.9576936298409
-13.25 -2.462782225164783 455.0146187590841
-13.25 46.85735480949779 517.1872776302844
-13.25 103.3500000000676 258.5137792295376
-13.25 81.56973194359466 435.2441038028903
-13.25 -79.67868325819529 558.8773097886557
-13.25 39.70881963393923 294.2622661346863
-13.25 -13.94780092115018 411.0870842026988
-13.25 13.54981036541797 500.749412452256
-13.25 -48.03517401055159 569.5306996031001
-13.25 -97.8062751750636 476.001145873951
-13.25 -128.2710233341132 409.1722000121854
-13.25 -75.40958812997017 540.879043684525
-13.25 90.36570994786132 404.8837260002505
-13.25 18.74032576368771 300.9864314532073
-13.25 -82.81830458046534 263.8236747771836
-13.25 -89.23098623050853 311.9921501551475
-13.25 20.9571579582158 396.7693848031894
-13.25 -54.54377120477065 396.7970554084579
-13.25 -66.59142987643831 267.4687150226424
-13.25 -30.01846398846083 501.3422419695631
-13.25 2.567821058147471 558.8601773111158
-13.25 -7.802173390640223 490.5684381115675
-13.25 43.45560887429279 288.7709345656725
-13.25 -124.004458724623 338.6985798744709
-13.25 4.50758473588952 331.8396030674297
-13.25 60.80337313229947 403.6672440951855
-13.25 -64.4747980375043 546.5370614480698
-13.25 -27.88527746332091 509.280034464845
-13.25 -43.68515360689897 517.301335076736
-13.25 15.65055310603569 480.1468301314576
-13.25 -100.3196822557435 552.3146574433727
-13.25 -27.87050594085895 266.8553103470973
-13.25 -92.35939007926463 399.5835301853022
-13.25 49.57911397490982 486.9691685523037
-13.25 -12.46351496385117 407.6406192220167
-13.25 128.1849976014806 298.9221702415767
-13.25 -130.3564360334591 565.7679625322997
-13.25 94.50043155329743 287.3709344633567
-13.25 96.469995073389 281.9990339583362
-13.25 -97.49878584106666 258.7716909971245
-13.25 71.55000000016723 258.4455262762834
-13.25 -85.41094209006845 576.3557301881501
-13.25 -125.3141805289595 579.8492132378017
-13.25 32.91471312963449 533.4583644456178
-13.25 -22.69183469496897 545.1986101857103
-13.25 113.8490652655468 410.6638524944986
-13.25 -124.8603573174189 556.1924433348227
-13.25 10.19526945275413 397.9542430513243
-13.25 25.48423021872671 471.0428458251582
-13.25 25.43831363883617 532.2029875833492
-13.25 117.8793812595755 339.2275288111833
-13.25 -67.52162406705285 563.9811545215138
-13.25 7.487374185227668 469.0734215476855
-13.25 93.38782516009975 277.778739617719
-13.25 -103.8266706694235 499.6174411497072
-13.25 95.05040023118953 423.560236469898
-13.25 -21.65565350470962 476.2523797527339
-13.25 4.104809545384161 477.3851904505352
-13.25 -25.48289187052049 499.9759842251723
-13.25 122.1330589369458 402.3248684657236
-13.25 22.55543884385334 534.3497706367085
-13.25 -14.72870956450433 402.9652702565609
-13.25 -13.92037221736188 537.3675444477271
-13.25 -65.6426141629932 572.822107808572
-13.25 -130.733162544727 588.1472526030004
-13.25 -123.4031843651831 551.0168386333164
-13.25 -78.12652733578896 320.5187274772391
-13.25 60.77686590919308 352.9551548015548
-13.25 -50.4894503601066 436.5763721539157
-13.25 -85.89247277858668 520.2127188743826
-13.25 -86.83818920333508 566.923646754982
-13.25 36.67747823592066 529.7195096775785
-13.25 -24.36521167652763 545.4835548300279
-13.25 90.30468682774901 273.5833093018801
-13.25 -96.82074968106132 514.3676452888229
-13.25 -48.75695299655764 538.8126420872978
-13.25 28.54279632646965 543.5117148106101
-13.25 -34.44999999969649 258.3926865228836
-13.25 -9.462806668587376 488.5143106682123
-13.25 4.586525834483266 505.8336043585812
-13.25 36.8262160941831 533.0721235267341
-13.25 65.54446416513142 434.9017445340006
-13.25 53.91238830784982 464.1507611796108
-13.25 124.4839294512483 403.3912224522545
-13.25 -114.7530964756716 530.7865226168242
-13.25 21.53395386555434 536.3576516322418
-13.25 5.126299176170536 558.433003418436
-13.25 9.438295447328182 455.9283240221212
-13.25 -76.68429817270254 539.2122547685301
-13.25 -28.73057240875057 504.8383294818664
-13.25 -4.463522355382517 451.6568826530863
-13.25 -123.4082753928862 399.3768372195041
-13.25 -78.71271784865509 483.4047005005825
-13.25 -4.320475087483098 545.2224690385834
-13.25 -33.34213881211032 384.1029590580706
-13.25 -92.87936515301276 540.5379148322728
-13.25 -98.35250192617237 299.4030890467542
-13.25 -27.0241634131162 507.0368865645824
-13.25 -87.07313975743048 557.9873759962778
-13.25 -67.76418464171054 307.1403433095715
-13.25 25.57137122543794 295.7173691155642
-13.25 12.75633821823704 527.6743189664815
-13.25 -100.030820139809 534.6727507708256
-13.25 -15.14881272375747 484.8383102613691
-13.25 23.5045509479925 435.3982715640368
-13.25 2.722395701255394 508.5514954896841
-13.25 89.05818066641821 417.1459269034638
-13.25 12.18166424733847 504.8987927276535
-13.25 43.55188886138946 522.9990671933787
-13.25 -50.91682531602673 359.008869287767
-13.25 -34.76157701075313 446.9546326587972
-13.25 16.6824929968034 477.6486106106085
-13.25 -17.86234945352479 485.2935050628891
-13.25 -79.61901193242778 574.8535681758666
-13.25 -80.60217436733704 573.9987165170253
-13.25 -44.69695453485146 448.4321965321936
-13.25 -96.06264899275817 578.7527997769587
-13.25 -98.73653147332847 500.4589080811486
-13.25 61.92107193987495 401.1260070242936
-13.25 -51.84907225491504 568.2489015152958
-13.25 -37.60676661615994 546.207672383478
-13.25 98.5153806012498 395.362106406673
-13.25 -72.13730171929689 542.2055464827748
-13.25 -121.3884980422701 586.3982133062177
-13.25 1.409733622331463 557.6069507099754
-13.25 86.8871134509581 414.9246078716135
-13.25 82.84944929507962 417.4584657224931
-13.25 -98.8218630428988 510.4093054889194
-13.25 -84.47777889419201 476.6397166531741
-13.25 -3.301141282166547 543.3505892305062
-13.25 -129.5941635033763 495.1174047428005
-13.25 39.7500000002718 258.3186341287387
-13.25 -81.75258415208192 316.2685947822257
-13.25 -100.0358254746441 396.4042405879671
-13.25 62.85913591695656 337.6471275399109
-13.25 2.343416248770121 263.6345406656902
-13.25 -129.7732869061409 511.0754387296424
-13.25 -25.75401489867485 262.1944125713956
-13.25 106.2652493777795 401.2124080146022
-13.25 -42.79898776634841 515.1353993657109
-13.25 -100.2398765726826 472.984662442591
-13.25 -101.7944748531055 539.4200897038678
-13.25 31.69658176669892 536.4632648266169
-13.25 -31.34741670041318 487.6338376602615
-13.25 -41.18374533891365 467.3312312454955
-13.25 5.191289881027819 474.7634278064551
-13.25 115.498369816528 384.0057955514804
-13.25 -11.94164076354777 484.0753431970688
-13.25 -99.14822278903942 564.0195474013741
-13.25 -128.8697513826849 460.6668013545165
-13.25 -8.490701945629777 486.1141613694296
-13.25 -49.81487466089104 535.7662529128996
-13.25 66.57613790430298 398.0115045487665
-13.25 -110.1826984287358 434.8281990360902
-13.25 7.773470864024415 536.9491853967237
-13.25 -59.73261272249882 556.7569510648241
-13.25 -21.23217057812393 488.1732243105887
-13.25 60.3054081118137 447.5860512905743
-13.25 -84.79958370020114 355.3844468996033
-13.25 71.20224133826794 341.7078944673679
-13.25 23.4031057925473 482.79914967239
-13.25 -66.47857809726052 509.0948206899578
-13.25 -106.8568787214346 570.5108287492254
-13.25 -38.83760472975263 552.7203453213892
-13.25 -66.24999999976259 258.2826248210363
-13.25 36.18336733001716 525.777377218133
-13.25 -86.18264873578885 401.3966198076536
-13.25 -70.34477366644064 572.8688452356148
-13.25 -38.13250509775273 529.015108149992
-13.25 -34.18198489066137 463.4673988962767
-13.25 22.05861122527321 512.5752043365818
-13.25 57.12376617266798 454.7973474258799
-13.25 -121.7398929289692 478.835900637561
-13.25 5.95007454846398 556.8657686918347
-13.25 99.89978358596635 264.0980995788903
-13.25 -52.72097865534417 393.4758721513088
-13.25 -30.02671628064221 344.6872729607268
-13.25 -83.93257746790307 333.0134925938279
-13.25 43.07815179393614 393.83787087834
-13.25 32.15649912863748 363.7879830392058
-13.25 -33.33524926190895 340.7523269725939
-13.25 -99.33640223804264 532.3253108630405
-13.25 20.29652220773564 515.6219822550074
-13.25 -55.08894902885136 553.2805745997791
-13.25 -5.92959266473482 545.5323045488847
-13.25 1.914332863234402 510.7435594900107
-13.25 -86.03585982755403 317.1489224021156
-13.25 -79.0512819224671 557.0940153550342
-13.25 36.15609584403998 263.8152981428256
-13.25 -130.3774844595198 586.463331471261
-13.25 -54.23239386270843 568.7530760595132
-13.25 -88.23908927628247 477.2204946721441
-13.25 31.0339010909989 411.8507414895615
-13.25 82.76722971388158 421.3374834015668
-13.25 -116.9109429820243 527.3767886224133
-13.25 -9.378888879574305 400.7123963507885
-13.25 -98.41943296336584 390.7109763847402
-13.25 -39.26858612849903 500.7382693984737
-13.25 84.38869171499361 415.0384167130809
-13.25 22.35819720258715 549.6654603430907
-13.25 126.8236950261976 385.7309170093875
-13.25 14.73046489139876 527.4243472671383
-13.25 -90.20982588624024 574.4680709986787
-13.25 -41.0879091981874 566.6314585628164
-13.25 117.8050243985378 408.333427279329
-13.25 -125.1872287238394 452.9664399658884
-13.25 -108.84532835088 570.979031661851
-13.25 17.74214825693071 475.1279005046582
-13.25 -63.8082636363888 544.6241778922181
-13.25 -8.123021496577609 481.0821077598609
-13.25 58.11259520849239 472.6687185096515
-13.25 -99.74802460740072 504.5520479319227
-13.25 108.6500000000507 258.1995361077552
-13.25 83.8116195992861 427.5646094369858
-13.25 -61.28190667914802 530.0094056787397
-13.25 -1.072085999409737 544.7363854807004
-13.25 13.56426404011655 549.5758714957058
-13.25 -111.9905033307385 263.1784438122041
-13.25 1.240798010058914 382.2490178689202
-13.25 33.55798947764543 509.2855507678757
-13.25 -108.3892452386023 574.3763320826284
-13.25 -128.8678865363989 378.1665658116915
-13.25 -86.35613754115684 337.8908851324961
-13.25 -125.7185458265639 489.4534240016426
-13.25 -84.87690070061568 517.4578814403691
-13.25 0.2989602450008511 542.7430007860505
-13.25 49.49298810352047 498.4137419148419
-13.25 75.08775117601571 405.1129706788156
-13.25 -126.6624596058572 532.7061953939975
-13.25 -79.48989355915076 332.7408089907697
-13.25 2.181367222162414 482.1571071078895
-13.25 -60.70300434655533 482.9828453734402
-13.25 -94.7343036872154 577.0409756070835
-13.25 -72.10939283993352 574.4937516678859
-13.25 27.56108963206864 544.8951408444017
-13.25 14.91391522574257 498.1102861793282
-13.25 101.1097685130028 416.7530415057582
-13.25 -113.9566070441216 582.6866879827853
-13.25 -50.25641463081532 531.9752228816967
-13.25 3.734794645225794 401.6274044015952
-13.25 -91.99010858534602 538.2091111670445
-13.25 -123.7449861962933 316.5725755295483
-13.25 -86.99692107787561 555.2580309488918
-13.25 104.6095421247861 367.7729551562526
-13.25 -51.97590755560459 547.9548326739349
-13.25 -33.07496110621246 484.0455096038723
-13.25 -67.98146898976577 378.3547031040696
-13.25 -111.6317283343413 583.2473884789407
-13.25 -89.08783170881054 575.9806681933076
-13.25 -50.15971458423353 447.5874997740795
-13.25 -5.337452620506656 480.6914063248579
-13.25 -101.227638541918 387.6465088051458
-13.25 -11.51805747103497 395.4803209757613
-13.25 -39.46389349958849 512.6274699821241
-13.25 -45.94656265356088 527.1649084100991
-13.25 -25.82097566868517 530.4717187138478
-13.25 -79.74310911662904 553.3607261972851
-13.25 -78.98485186789907 539.6310703284032
-13.25 -17.68443596837016 258.5902010135986
-13.25 -70.91109610915895 303.2539141483246
-13.25 -66.16355463966735 374.0367269362022
-13.25 -73.54488361214187 540.5342959018213
-13.25 59.1735475408457 463.3185855828992
-13.25 61.59458111224713 464.0750462709643
-13.25 -2.522544642037879 483.0946034313509
-13.25 -82.72909445233746 294.5522728854971
-13.25 -55.41164023791272 389.9774372154092
-13.25 42.1280019874578 420.4457920744853
-13.25 33.86632092353837 359.9215893901049
-13.25 -27.92549420505772 467.0507723909881
-13.25 -48.0822384768552 531.6135837021844
-13.25 -44.57298253205691 381.7081989167177
-13.25 -21.95523564115434 504.0745357761148
-13.25 -76.594944331805 423.0929308127542
-13.25 -75.51338917844066 298.7377746205072
-13.25 15.87774503594085 495.7413568071518
-13.25 24.20073615776053 534.3398720364812
-13.25 16.8610158322685 493.3680347504959
-13.25 64.93637694276076 401.0914781748624
-13.25 -66.28673790594789 504.7080851812226
-13.25 -114.28064363215 565.4444680022797
-13.25 39.00615536947406 390.3011353946875
-13.25 38.81030142920559 529.8027646972365
-13.25 58.90809340623208 506.023723521546
-13.25 6.265473444174599 472.0891017541287
-13.25 -114.7804963542801 435.6091689312133
-13.25 22.19456198896036 485.9376273941044
-13.25 -57.04942940951807 557.8110689040108
-13.25 -81.15331947913238 575.3541011032081
-13.25 101.2047188024228 407.5765773711107
-13.25 29.12108808202669 409.0905578943159
-13.25 50.02043962192518 492.0718659682122
-13.25 -123.6738086448702 268.8856236668628
-13.25 -38.70334749440788 549.3032768485892
-13.25 -117.9792937187244 521.6605462685363
-13.25 -86.64820089255799 515.5970884876645
-13.25 -47.25247508232633 529.5494764852198
-13.25 -67.10969769502071 365.932782480385
-13.25 22.41026372851552 474.4947467555106
-13.25 -129.0809366795371 425.5005337548628
-13.25 -90.94488186821538 481.4815318681026
-13.25 -60.4916264324138 555.440400267599
-13.25 86.63179151243639 407.3172487504921
-13.25 -89.41991983207232 553.745264659747
-13.25 -63.08472462871834 542.7436491281439
-13.25 -99.33266581455574 383.2258060232217
-13.25 -35.95959680928955 402.4253608263848
-13.25 7.950000000375134 258.0401737683898
-13.25 12.17991323168134 442.0792847190312
-13.25 17.82310922022057 490.981626648318
-13.25 -30.39281933628969 263.2828112818059
-13.25 18.82019330783568 488.5747425149389
-13.25 -68.93720491841972 460.5634483007821
-13.25 -98.44702492473451 562.3553552126954
-13.25 -34.47449587071367 509.8772352018906
-13.25 -88.03931958898731 565.4371091701148
-13.25 82.64418446400596 432.2563700577341
-13.25 -120.3882047108152 440.1136072425499
-13.25 -120.5004724997037 436.0782578596724
-13.25 -74.66421309061977 557.8988971947748
-13.25 -75.27799414299959 332.803817812105
-13.25 -81.41494969836832 576.5272615584202
-13.25 30.83982030140294 538.4173914014541
-13.25 -82.84175431750498 576.8839738979458
-13.25 -1.310639020548562 442.7537135543803
-13.25 70.91361650829435 445.7150466372973
-13.25 -53.93824119673403 567.6066065272012
-13.25 128.1818804417887 356.4604326450649
-13.25 35.13333922212015 532.9180123252055
-13.25 -87.0167007789469 308.378709909913
-13.25 -32.87425094375319 511.8876514632321
-13.25 -1.237562869968329 378.9894338734339
-13.25 54.61003537688446 512.5584450774504
-13.25 51.88507648261276 514.3438489876557
-13.25 -0.3171929711388415 482.5542649742692
-13.25 26.53530809470863 405.9320766710043
-13.25 52.74412898602802 467.4719873235988
-13.25 -70.6865471629396 418.619583698266
-13.25 16.68169506003427 527.1741831154897
-13.25 -80.10164175829586 572.5833147610673
-13.25 -124.8711851605519 465.0040333579522
-13.25 -27.14341032653156 528.9136099737678
-13.25 20.00198470509433 486.0129386503116
-13.25 -110.2920966652914 583.020923708752
-13.25 -6.875288233180152 523.6908594635171
-13.25 -124.2707038690045 390.8662032496307
-13.25 15.84054031838259 550.5364358816868
-13.25 90.34899528259186 425.2079858964391
-13.25 -53.17311511374621 546.5402472712059
-13.25 8.387529355650713 534.7779018001564
-13.25 -56.53022213133795 556.2558987301367
-13.25 -97.43619840142745 378.809751040063
-13.25 -98.38724279120656 579.5669630498237
-13.25 -108.9606386433355 582.7681657025817
-13.25 -81.20559970171996 360.676681787536
-13.25 97.4808297438679 419.7735246170272
-13.25 -54.43228370777462 551.6079476647425
-13.25 32.44449940720463 535.017102667223
-13.25 21.85718443839036 481.1948744291973
-13.25 45.05000000025436 257.9802781943494
-13.25 -94.50507362368899 482.045865483266
-13.25 54.9766910277123 455.1262353721531
-13.25 -91.11960954323649 535.8839054324285
-13.25 -109.6409325956963 497.5403026428472
-13.25 2.897283270121556 468.0005705741951
-13.25 -51.6815080016359 555.3734182843252
-13.25 64.93188123930257 395.8264220544773
-13.25 -91.04943899472983 303.9286664833759
-13.25 43.37244429973622 417.7237811427117
-13.25 -122.1706264233015 573.3742002053781
-13.25 96.97447376394864 392.7121722259176
-13.25 29.09167557144814 533.636376467568
-13.25 -23.55574787177594 502.1843815300888
-13.25 66.28341509949838 412.984241107722
-13.25 22.89642941059327 478.6828400868344
-13.25 -52.51325909699553 444.6635946390438
-13.25 -10.30007459394899 559.5348508523576
-13.25 35.66354252666608 355.9169318682335
-13.25 47.25288332651981 518.9120945211587
-13.25 -58.04514263896479 386.3994224094099
-13.25 -122.7018564237911 586.7560445141943
-13.25 -39.9212237898407 542.3388414372151
-13.25 -62.18204898322181 553.9098551134324
-13.25 -22.98027085441236 436.1527161475255
-13.25 19.53059341935055 435.6897717065658
-13.25 -118.9915161957513 515.6572879369336
-13.25 -79.59391617566973 299.6729654019538
-13.25 32.23375982610037 506.2166015010762
-13.25 -69.86368006725932 263.0892203485179
-13.25 -78.53933599742255 263.0891908794125
-13.25 -42.95909704493251 377.1664938942204
-13.25 22.16152177906507 521.9363956690736
-13.25 -68.14749756178789 502.4168278336141
-13.25 -24.22339070250606 258.1626477222124
-13.25 44.63080998874592 508.0811364807499
-13.25 16.72966122661035 551.8110098436591
-13.25 -87.0052032885383 281.5366528895797
-13.25 11.61617867017117 556.3184755101947
-13.25 30.47534238985618 535.2687655196955
-13.25 60.21454956646398 452.3021040137105
-13.25 -115.7525759898441 524.9695312686573
-13.25 -109.0664240349799 358.2437298162026
-13.25 61.95543572868623 475.6388461465402
-13.25 54.67211410112418 481.2849228475486
-13.25 -94.23111181720347 575.6094245166973
-13.25 -75.89111856278434 556.513277967827
-13.25 -106.3520244869637 557.3985947893206
-13.25 -53.32280920951951 438.0392801738887
-13.25 -63.68786164055401 564.7335690646473
-13.25 47.26474323164032 434.1656465322793
-13.25 55.76082209817319 498.3705905577992
-13.25 58.02189545882243 498.0090220822904
-13.25 53.49888460516207 453.17786387136
-13.25 55.32767086199446 514.7889154232578
-13.25 -61.73533695995337 382.5535081798356
-13.25 56.2252046212931 506.1508737279698
-13.25 14.83366161098138 549.3182640655893
-13.25 107.814133522534 363.4499557377997
-13.25 -62.14122651998095 532.6210726034079
-13.25 -54.89597643000739 555.9895841908183
-13.25 -31.78921536823274 505.6116078294492
-13.25 -72.35225132334823 557.4644803989783
-13.25 -124.7333731203515 360.0425560701884
-13.25 -80.74302605038618 290.8694195313994
-13.25 -49.38464139471539 467.211733514541
-13.25 -8.201774870269304 522.045479320001
-13.25 -0.6105016524363907 424.9920922055766
-13.25 56.85926024316465 406.8044089115288
-13.25 -64.25467382716971 572.4301496029378
-13.25 -127.2402469037953 578.2778641210255
-13.25 3.656983127223495 414.1123201154932
-13.25 68.52919699711477 409.9751568355977
-13.25 -40.87629629366791 509.5536781299633
-13.25 -98.44556087207772 552.374760468218
-13.25 -64.03596155348731 554.2237158367635
-13.25 72.96706365581993 420.4995879144197
-13.25 -18.54420357618615 553.9498502698308
-13.25 -69.07988884954864 553.4880074312208
-13.25 7.286293249137154 533.7005558062267
-13.25 70.14980141492079 432.0826426832413
-13.25 72.40240532677916 441.6460967257786
-13.25 -54.02249082827058 554.2152466914367
-13.25 68.21033258144406 457.8678702698953
-13.25 114.9096109585317 263.2535362616849
-13.25 -55.40499718625486 512.7161305155589
-13.25 -123.2983844939442 483.1371408178197
-13.25 23.95221548530255 476.1122737628773
-13.25 -52.58938685764118 567.3718896973963
-13.25 -100.4481444344283 375.1825031427453
-13.25 -127.1413759375622 544.1413892835354
-13.25 -33.04666180074602 534.720803631848
-13.25 -2.2337344457794 555.7279101192652
-13.25 -109.6705121886889 572.9154279861596
-13.25 -67.15900702631232 553.1472158540103
-13.25 20.83674638145903 520.1894660221664
-13.25 18.24551353354243 551.2078797276245
-13.25 -63.34582702757664 480.2455017627615
-13.25 -95.06811294997271 304.9229786320134
-13.25 -114.5158935168237 513.8210469476306
-13.25 -83.90731322749238 286.7924430301529
-13.25 -128.246037055127 572.8290146668784
-13.25 -110.3486491430559 556.2383428892979
-13.25 124.1269855434295 306.8501071169852
-13.25 -117.2606334599416 354.758933637686
-13.25 -43.09955863948706 532.1224850767792
-13.25 -81.64922727148297 542.0303376920299
-13.25 7.683551035239949 557.9662739882635
-13.25 -106.7641557699277 262.8885471510314
-13.25 -105.2616308190922 581.3646047609687
-13.25 8.68319781871244 509.5309999297614
-13.25 -95.08828123504387 531.3727674125327
-13.25 -89.30185328468494 563.6216957432655
-13.25 -55.60060496609902 550.2025005827517
-13.25 27.376992331729 533.976752133836
-13.25 -124.6500708985538 307.1240705582321
-13.25 -76.76955295565421 555.2300329662191
-13.25 118.1532162461571 380.6160591471397
-13.25 74.99096933366867 379.6681766392868
-13.25 -106.5258763628044 365.9080093807125
-13.25 -88.14842994732648 573.3096996636006
-13.25 11.76840136959602 439.4983183431333
-13.25 -68.68077764607746 474.7826730888964
-13.25 37.38013659166582 351.9974519908014
-13.25 111.1622363737748 410.8741823341482
-13.25 -74.65620282106596 277.7090982614587
-13.25 -95.24738300503944 574.5642673873853
-13.25 -7.627542348771017 434.5658979929812
-13.25 -103.4278319579823 371.1938306926182
-13.25 75.97471930047861 438.4188394240632
-13.25 -66.47905594160177 541.516503745743
-13.25 44.66387512107522 415.0334510082237
-13.25 -112.9444353711992 583.6084764105069
-13.25 34.82872588289848 390.7791296092362
-13.25 -20.25662249924743 546.3534977034379
-13.25 1.185481510435817 421.4403780318767
-13.25 -114.9910764332891 581.9328187866251
-13.25 83.66920913807473 424.1144955065048
-13.25 -55.6655268127931 569.2442252324507
-13.25 88.52584078724608 392.7702667081631
-13.25 47.42983368958089 289.2161266450414
-13.25 -5.016579999067195 552.6364953083415
-13.25 -8.320723082212259 536.532634984196
-13.25 -13.2864202384098 432.2691943170265
-13.25 89.37994053917976 384.6562457050854
-13.25 -28.87806663415141 433.6908348303458
-13.25 13.25000000035893 257.7308141447289
-13.25 121.637154409261 394.7972246017904
-13.25 -88.36911573988927 557.0080256353411
-13.25 -77.78527113394276 271.1359880437327
-13.25 7.970887494340427 531.9383854411641
-13.25 -72.03842043910498 556.020895164184
-13.25 -81.05198385808343 479.9294574899507
-13.25 0.3600190987720044 449.2507756747719
-13.25 -41.14111680237109 373.1985286200362
-13.25 -127.8466592158888 568.7594257398131
-13.25 -124.2421480831954 574.0152679202941
-13.25 -49.03573955868256 556.403226960872
-13.25 69.90125051402886 450.1482040735792
-13.25 -65.2113732898666 383.4498108797473
-13.25 -21.30464435044297 562.7791562737547
-13.25 -26.3644363303677 527.0058756311378
-13.25 56.03287550847434 471.8342760041783
-13.25 -47.9411638985513 554.4309425303007
-13.25 68.00502820768106 432.1979157436202
-13.25 2.544045022283744 418.1516048586589
-13.25 -58.76543098878131 515.5333637373882
-13.25 -100.4797928244345 291.439261579187
-13.25 35.84575359371912 534.3228458647023
-13.25 34.69937860153687 348.4288272523723
-13.25 18.45927218347942 526.9761285030901
-13.25 129.0638991720622 283.2379009659299
-13.25 84.17000147760591 407.5075503626558
-13.25 -50.70346048626708 539.3928073364251
-13.25 -126.779151484703 523.3842263007987
-13.25 -96.09444919270929 296.0392161419049
-13.25 -85.61592132341524 512.5871612681987
-13.25 61.55846822630659 479.8715874839346
-13.25 35.52852616520378 504.9613296468009
-13.25 70.54023118533762 418.153521487438
-13.25 16.17809084449028 439.3498201989974
-13.25 76.86619792301437 435.967186244945
-13.25 82.97982684797618 272.2473291853905
-13.25 -74.76678479567629 528.9719678694383
-13.25 51.24991627460277 278.3807522532684
-13.25 -65.40062613044304 554.6565641689092
-13.25 -104.4732066855141 362.5706078099588
-13.25 -128.6124964070978 258.3775474486171
-13.25 -26.76330009211327 498.4075591861863
-13.25 -27.4399528198468 500.7067621591053
-13.25 -9.835217021152289 484.344867629338
-13.25 -77.51228523366296 529.6087036524955
-13.25 54.05143686968528 513.9688513817205
-13.25 105.9701987572333 415.9927305516156
-13.25 -116.7600163342988 519.3213516878025
-13.25 -77.41786571962773 466.7364399223194
-13.25 -56.85947870747398 548.2265482382727
-13.25 -124.2999497447044 281.5711441703749
-13.25 128.5862921904746 258.3603325960464
-13.25 -33.41018645088081 508.2848936783601
-13.25 124.1617160858573 343.299209530572
-13.25 -25.97032437884193 463.7089963286342
-13.25 -129.3822477086007 351.8545305326321
-13.25 125.7670878252159 401.0021815512573
-13.25 -17.91845749578392 433.522574374845
-13.25 122.6282153200413 362.9600156042561
-13.25 -3.440324321298173 375.999190478443
-13.25 119.8126119700586 335.5080939431081
-13.25 21.05122306287806 514.0255230653947
-13.25 -64.74990610043554 563.5171201849253
-13.25 53.76828098054872 407.0634816643687
-13.25 1.645357433988109 446.2752435851912
-13.25 55.9626568151492 341.7757898599401
-13.25 113.3012533680286 362.7150196768517
-13.25 -70.26084674320022 555.7158252045319
-13.25 -65.38376301652447 477.7011921954888
-13.25 -95.12319265760631 578.1105029649086
-13.25 49.47925300011288 284.4758708786294
-13.25 52.13885167637784 450.9193874661867
-13.25 45.57840327894913 505.7951244970528
-13.25 -124.3185145092635 369.3243812245229
-13.25 -109.5653812421696 557.9616465464813
-13.25 -39.4170792071231 369.2138349701537
-13.25 76.56538123070123 440.6911967557329
-13.25 -92.89415521914364 533.6706660361529
-13.25 -79.81447835216352 529.9825746505879
-13.25 -56.99044854991495 569.5442396624287
-13.25 -36.45995404640373 533.4737425128557
-13.25 -92.36895575102325 579.4967547485197
-13.25 -51.30499327454083 440.3517565713207
-13.25 -9.212086383461029 559.4557846388446
-13.25 -18.23208504624874 556.3673620880394
-13.25 -46.06959828633607 568.035135716527
-13.25 -57.41985799248853 512.830675324819
-13.25 -90.46042885300412 579.1165648256147
-13.25 117.8690802983649 362.8224805671487
-13.25 12.25861936248398 548.3469054524215
-13.25 -67.85232796345467 539.9057260007595
-13.25 -108.8275062124118 287.8774790633489
-13.25 -34.51976953089363 535.1999658577316
-13.25 -52.65955048944292 539.7266483232371
-13.25 91.34479939146603 381.3634413405605
-13.25 50.37124843715942 403.9623004643041
-13.25 43.03707062082192 410.7181492423948
-13.25 -35.30753696406132 508.1685775572224
-13.25 50.03253865834065 448.5916345555308
-13.25 27.55083120730877 345.3946771611105
-13.25 -72.8533508914508 528.951509366339
-13.25 15.53668539849748 554.1733701365181
-13.25 -10.87478908668101 537.0004765708642
-13.25 20.62747404492999 510.110527685269
-13.25 52.89380208904603 516.3402610988612
-13.25 -58.78413040863384 569.6804292504232
-13.25 -31.91285793896194 482.0962758740556
-13.25 57.18270648616926 512.2105957809849
-13.25 -37.85635213626886 364.0090252919327
-13.25 33.06367973023189 394.2927183893355
-13.25 -21.44022331824996 544.689867139229
-13.25 -20.46083180096841 561.109357967951
-13.25 45.4665165245793 407.1322662733451
-13.25 -36.22610453096335 551.8065159289646
-13.25 120.165093782541 263.0106593289728
-13.25 -25.6317248450772 525.0502368582009
-13.25 6.78512158788913 508.0188036629821
-13.25 -39.12232786744828 540.3757595082196
-13.25 50.27234774720903 269.4347794889899
-13.25 69.26673614769898 445.5425333628584
-13.25 116.6728455901262 409.3333021141926
-13.25 -120.8005741378958 360.3253512422456
-13.25 -78.56441337023705 555.6163673956943
-13.25 46.24038023462314 520.5647243091649
-13.25 -124.3389344285156 329.0896755041813
-13.25 -126.9167936140607 505.3025907340964
-13.25 -45.82875239483918 555.8485922961726
-13.25 -73.1801111826484 471.5399038319549
-13.25 -104.6965661415728 258.3124943156555
-13.25 -62.65705532452476 569.1814893209573
-13.25 -27.93617874667716 428.5998100408829
-13.25 -127.4903119644794 535.1038388765872
-13.25 -111.3127456980325 562.8946975163955
-13.25 20.07077509339664 524.5802487820089
-13.25 3.95971831471994 464.8471490544653
-13.25 -15.92644171259073 262.1346292441811
-13.25 11.22800700458427 546.7737475168321
-13.25 -5.593533814568804 439.5651750243949
-13.25 79.48140328442365 435.1756952654586
-13.25 -18.52700838594634 436.1750078822967
-13.25 -111.6243032857124 573.0131288746692
-13.25 -104.2771760204322 292.5046241392336
-13.25 36.5282109935323 502.7305018648173
-13.25 -75.76900633409316 266.9232454871741
-13.25 -87.81322707139988 576.9116989237585
-13.25 -125.1185865465676 344.1165078984363
-13.25 -114.2626222921508 583.942164921042
-13.25 -37.92249260163791 508.6448401260153
-13.25 -114.0478195064511 288.4928663699221
-13.25 -116.1546100717389 580.8210934097799
-13.25 48.47438242120273 275.6484022488387
-13.25 7.799530270227788 442.7451789897837
-13.25 1.710464454850728 412.1362519575115
-13.25 123.5638397792492 329.1556860602665
-13.25 70.59730733856431 410.1375874056296
-13.25 98.84946644805297 377.0355784019941
-13.25 -42.63882684986123 553.5024413874655
-13.25 -71.07794323632476 524.1253739324475
-13.25 -130.9850513536422 574.5795883307294
-13.25 -56.1948540763683 546.3836477137608
-13.25 124.898911379157 270.0713726632939
-13.25 -82.76731798384847 530.195403311516
-13.25 119.392286513151 396.708124729047
-13.25 52.99894225618144 262.0512466419916
-13.25 -40.91996182435287 553.2274274942679
-13.25 -115.8683615168018 495.3225458961874
-13.25 -71.99776387970719 526.5807544855096
-13.25 -24.3689365862569 433.7720886249512
-13.25 -62.57390291600409 528.8140104781796
-13.25 16.03253150320003 262.079293801511
-13.25 124.4807294422679 317.1979410876025
-13.25 -23.89699251292437 456.708058372221
-13.25 -98.01176848158971 560.8940491037479
-13.25 -67.87686999413708 494.1756096740347
-13.25 -40.38284013945244 361.7642036179257
-13.25 -44.22596681775529 555.566294303072
-13.25 -95.97369875033081 560.4004361299592
-13.25 2.969424699519516 407.6386832132886
-13.25 26.38382573764041 547.7641661972451
-13.25 46.62947364686462 503.526152632163
-13.25 66.35770932935284 432.1246433283235
-13.25 47.31680260961375 448.8847757430757
-13.25 -2.912791803376837 557.082913237773
-13.25 60.78080795118175 500.9249744468187
-13.25 -119.2523517424333 289.1094890673921
-13.25 -112.0152614570419 554.4046607742249
-13.25 -31.74502621443868 467.2669224230089
-13.25 31.43064529461538 543.0626895898682
-13.25 -100.9348605200288 466.3673497630071
-13.25 24.7992543962231 341.8528149424277
-13.25 -84.54835187843059 509.8816514073811
-13.25 47.12217722196174 335.2463413107104
-13.25 -54.58260767618467 540.0651340641419
-13.25 44.22727420245868 331.465065432661
-13.25 -33.00497851110363 526.3694690958177
-13.25 33.14102199810764 314.9837444980544
-13.25 -38.65578561542331 544.3956191961333
-13.25 64.80858606750841 465.8859351758951
-13.25 21.57555816336129 508.0677683166093
-13.25 0.4099876773982671 557.8915533868706
-13.25 127.9138761827036 363.3051075474377
-13.25 -43.09751556937577 358.2446278799506
-13.25 -126.493522157052 500.5861473473947
-13.25 -129.1494357156247 453.9560003052683
-13.25 -87.68597008059133 571.8636722934472
-13.25 -73.05968812366572 414.245901328703
-13.25 64.78772321421141 452.9235718715528
-13.25 -56.08553828260816 433.7563634744735
-13.25 52.67944395351911 342.6845503449056
-13.25 95.38683799713114 381.1854262898005
-13.25 -79.72691380892809 399.7061149445537
-13.25 -39.96069624669801 407.5646766271744
-13.25 49.94435567738795 338.9719499912403
-13.25 23.92941866991093 549.3869349179428
-13.25 -2.863644974903724 552.3082745836722
-13.25 -38.21688463947673 535.9431743134448
-13.25 -24.11585306210835 410.6905098454363
-13.25 107.7090485354856 399.0096086294348
-13.25 -92.26043153786108 554.3996176602892
-13.25 -85.02225160733494 540.7039666185253
-13.25 -112.7104951800404 359.2139150487901
-13.25 30.62211880358939 509.9581838824329
-13.25 -126.5361393506113 514.8816655118997
-13.25 26.37502568777219 550.3545443244839
-13.25 89.64387056347513 426.35672262646
-13.25 -24.86851404794838 523.0406015377097
-13.25 103.386284758093 417.673288667177
-13.25 -124.9303684597858 586.0004190077627
-13.25 12.61657998062597 554.2846898563105
-13.25 41.5003083847626 327.8021125064214
-13.25 44.63054004050128 449.1757360018862
-13.25 -97.01709682346923 532.1140465144592
-13.25 108.7095921741522 414.3217658513977
-13.25 -124.748839493665 416.9400833347164
-13.25 -97.39784594022268 508.4582225765029
-13.25 -84.7307207308676 404.4583768826051
-13.25 -88.0388159022712 578.8810461167327
-13.25 75.76624396167081 262.8251336036722
-13.25 47.83435508412476 407.4139085342389
-13.25 -122.7562393929105 504.6608995293727
-13.25 47.48481041293157 266.7975744065009
-13.25 90.25626914497529 389.9437929631541
-13.25 -33.80037180637825 479.7089413672882
-13.25 26.59887987775948 337.6460287753636
-13.25 -37.78435587825785 527.4536059932183
-13.25 -75.91648562318665 419.9533557126944
-13.25 92.61326999434201 423.5693378556788
-13.25 117.2755717624072 407.0136451656844
-13.25 -37.1793111766445 540.0270552256413
-13.25 -82.72622170444573 548.9282171066471
-13.25 -24.80706615685709 460.8492511051487
-13.25 -94.69561382428506 580.2201720846607
-13.25 35.10783014725007 499.3704016459079
-13.25 -124.2811967609006 295.1732137166535
-13.25 -69.62178296966646 359.0621787530285
-13.25 -56.56089856026955 540.3885077577316
-13.25 -69.29541418140765 518.4744747473114
-13.25 119.0446540700318 405.0965899990158
-13.25 -112.3983970675419 571.804253470956
-13.25 -25.73339432121614 496.0588159452945
-13.25 47.66514179552276 501.263337637646
-13.25 27.916037963246 547.8338073384546
-13.25 -128.9934128687557 432.1956445136282
-13.25 123.6600790871477 373.0153258973167
-13.25 104.710225516954 406.1155012148256
-13.25 61.716172392355 498.7259043590759
-13.25 -128.6996154116327 579.2176520570159
-13.25 57.73313737136007 502.7510529967895
-13.25 -45.01271016312535 467.1285698295968
-13.25 -24.08981174683663 474.0922840747101
-13.25 -107.5033486574124 562.4825138307772
-13.25 38.69490311978024 324.0505341548057
-13.25 23.85731658560771 334.0731059852485
-13.25 -49.07443155446091 499.8995820094491
-13.25 -64.20955116791357 371.2942855684356
-13.25 -40.60571180475165 534.1408608613203
-13.25 64.14040475217995 475.0965443029047
-13.25 -7.98078606221433 535.2094034767772
-13.25 -93.9381060477517 559.9411184190193
-13.25 -61.0927430770095 570.3650939751003
-13.25 -80.69943942922522 279.6360330709408
-13.25 -3.642325706765135 443.4534128836471
-13.25 -83.65296090099874 464.4343150761023
-13.25 -24.69937628452573 450.8553712218828
-13.25 52.62266071183939 496.0849317811039
-13.25 42.72526116058554 449.8535987386495
-13.25 35.07620008110491 310.5416097707606
-13.25 -98.96594294125461 530.2807562326169
-13.25 -7.70571207838826 559.0687570933397
-13.25 -63.63390468535527 570.8849619783866
-13.25 -35.50714095764636 527.1964766363203
-13.25 22.53390950845238 505.9126654174819
-13.25 86.43468189115005 428.5721375176716
-13.25 -124.5773054750253 402.9037269552297
-13.25 -69.9333217880779 521.6645972995317
-13.25 117.3241757546789 399.4782632016517
-13.25 -115.5820617116857 584.2695909391838
-13.25 125.0420691792883 301.0196812712267
-13.25 45.2480529972942 434.2008247021829
-13.25 -61.75206175925761 526.4989891575992
-13.25 71.86469847743324 407.7603429532707
-13.25 -53.26789618796194 506.8109786842909
-13.25 -125.3998527724928 469.0113538684416
-13.25 -128.8756726097971 385.045064268129
-13.25 124.216182365807 292.0456800871739
-13.25 123.4337013651104 366.2910106477365
-13.25 -73.9142988772595 352.0663414215304
-13.25 -59.72371174841448 570.0779620937901
-13.25 5.15285709476732 462.0878671088948
-13.25 59.2735107580536 341.8900520055637
-13.25 -85.84884176652919 558.7044198751316
-13.25 -11.81985452088908 535.7093535305111
-13.25 29.69848828274854 539.8133250549485
-13.25 -86.55486003047552 507.6354779344075
-13.25 -38.45520405086901 455.8424077131416
-13.25 123.800324862457 387.2447259932579
-13.25 -113.7548991091351 552.4625403099001
-13.25 -79.81027448696564 353.3304807360217
-13.25 -34.41729569615509 523.5671429844235
-13.25 -98.2078238843155 578.5180936303458
-13.25 54.59499325955055 496.822272051208
-13.25 -60.94999999975158 257.2267116370091
-13.25 -125.1945374638326 558.3222968025523
-13.25 -55.0237575404154 465.1591488271566
-13.25 -97.7186100893944 549.4931938446182
-13.25 -43.71926115021404 529.0909389273395
-13.25 38.29666600343513 447.8943771672764
-13.25 -42.94185363623882 566.5467996565258
-13.25 41.07354892864005 447.575086622552
-13.25 -126.530390619299 572.3051563421562
-13.25 58.97326272568329 455.0193845406545
-13.25 61.90067685602153 452.8771054241369
-13.25 -100.0811410867675 515.8958969917489
-13.25 100.4739266283011 417.9051753492367
-13.25 -26.82781466568503 448.0967906174801
-13.25 -10.76129182171525 261.8423637201807
-13.25 -106.665082770447 559.7247339216843
-13.25 88.44807159947766 427.1188062947224
-13.25 49.65974753002676 514.2839886010082
-13.25 -101.8769165004319 580.3413767655587
-13.25 58.29527153110645 261.7590892925695
-13.25 -71.08047259267357 475.5308835975607
-13.25 21.12264698108389 330.4607564391305
-13.25 -35.30681798023095 539.7333208705602
-13.25 -35.68727476169181 477.2609074545775
-13.25 -128.4509152450055 570.5691698889625
-13.25 23.46355062773227 503.7390079889158
-13.25 101.7017430391455 377.5336732576221
-13.25 -79.75976928085551 571.4626479573053
-13.25 -91.72369789292691 558.0330133309202
-13.25 -53.97938649513228 510.0751326527765
-13.25 1.512588372021465 542.904543847347
-13.25 27.34134867412475 512.2181431714542
-13.25 121.3183520123721 390.1817774411832
-13.25 -5.985764013315968 558.5019601806994
-13.25 -107.8870209413223 582.6858011278899
-13.25 -106.998294990997 582.1448997880459
-13.25 -101.2219750664588 527.5997991656517
-13.25 -16.45262927708739 386.4788068361586
-13.25 39.3648282158093 522.8920873141211
-13.25 -77.97223028480494 570.8777748322609
-13.25 -50.87523322597605 568.4072265661036
-13.25 18.84055195496018 266.4200537436673
-13.25 -7.377835470913175 551.8799305452715
-13.25 -32.79105055814859 461.5537734025295
-13.25 -69.82368087855779 491.6982169567493
-13.25 21.56552127733748 524.6468112530551
-13.25 -4.003926984873625 534.2920877930509
-13.25 68.79725682232363 418.5039421613241
-13.25 28.62760314136614 546.4242180514751
-13.25 52.3884041852538 485.9952458596726
-13.25 69.22486642841871 452.1706949782821
-13.25 -69.26136082269095 571.3790183261455
-13.25 -125.5328335560881 550.9687893068334
-13.25 28.91015457906575 542.2798747581048
-13.25 -42.42329994621112 530.4627371462101
-13.25 -38.80378056907391 551.5001484767537
-13.25 -85.01678206401215 561.9157838826648

CELLS 16277 64344
1 0
1 1
1 2
1 3
1 4
1 5
1 6
1 7
1 8
1 9
1 10
1 11
1 12
1 13
1 14
1 15
1 16
1 17
1 18
1 19
1 20
1 21
1 22
1 23
1 24
1 25
1 26
1 27
1 28
1 29
1 30
1 31
1 32
1 33
1 34
1 35
1 36
1 37
1 38
1 39
1 40
1 41
1 42
1 43
1 44
1 45
1 46
1 47
1 48
1 49
1 50
1 51
1 52
1 53
1 54
1 55
1 56
1 57
1 58
1 59
1 60
1 61
1 62
1 63
1 64
1 65
1 66
1 67
1 68
1 69
1 70
1 71
1 72
1 73
1 74
1 75
1 76
1 77
1 78
1 79
1 80
1 81
1 82
1 83
1 84
1 85
1 86
1 87
1 88
1 89
1 90
1 91
1 92
1 93
1 94
1 95
1 96
1 97
1 98
1 99
1 100
1 101
1 102
1 103
1 104
1 105
1 106
1 107
1 108
1 109
1 110
1 111
1 112
1 113
1 114
1 115
1 116
1 117
1 118
1 119
1 120
1 121
1 122
1 123
1 124
1 125
1 126
1 127
1 128
1 129
1 130
1 131
1 132
1 133
1 134
1 135
1 136
1 137
1 138
1 139
1 140
1 141
1 142
1 143
1 144
1 145
1 146
1 147
1 148
1 149
1 150
1 151
1 152
1 153
1 154
1 155
1 156
1 157
1 158
1 159
1 160
1 161
1 162
1 163
1 164
1 165
1 166
1 167
1 168
1 169
1 170
1 171
1 172
1 173
1 174
1 175
1 176
1 177
1 178
1 179
1 180
1 181
1 182
1 183
1 184
1 185
1 186
1 187
1 188
1 189
1 190
1 191
1 192
1 193
1 194
1 195
1 196
1 197
1 198
1 199
1 200
2 0 1
2 1 2
2 2 3
2 3 4
2 4 5
2 5 6
2 6 7
2 7 8
2 8 9
2 9 10
2 10 11
2 11 12
2 12 13
2 13 14
2 14 15
2 15 16
2 16 17
2 17 18
2 18 19
2 19 20
2 20 21
2 21 22
2 22 23
2 23 24
2 24 25
2 25 26
2 26 27
2 27 28
2 28 29
2 29 30
2 30 31
2 31 32
2 32 33
2 33 34
2 34 35
2 35 36
2 36 37
2 37 38
2 38 39
2 39 40
2 40 41
2 41 42
2 42 43
2 43 44
2 44 45
2 45 46
2 46 47
2 47 48
2 48 49
2 49 50
2 50 51
2 51 52
2 52 53
2 53 54
2 54 55
2 55 56
2 56 57
2 57 58
2 58 59
2 59 60
2 60 61
2 61 62
2 62 63
2 63 64
2 64 65
2 65 66
2 66 67
2 67 68
2 68 69
2 69 70
2 70 71
2 71 72
2 72 73
2 73 74
2 74 75
2 75 76
2 76 77
2 77 78
2 78 79
2 79 80
2 80 81
2 81 82
2 82 83
2 83 84
2 84 85
2 85 86
2 86 87
2 87 88
2 88 89
2 89 90
2 90 91
2 91 92
2 92 93
2 93 94
2 94 95
2 95 96
2 96 97
2 97 98
2 98 99
2 99 100
2 100 101
2 101 102
2 102 103
2 103 104
2 104 105
2 105 106
2 106 107
2 107 108
2 108 109
2 109 110
2 110 111
2 111 112
2 112 113
2 113 114
2 114 115
2 115 116
2 116 117
2 117 118
2 118 119
2 119 120
2 120 121
2 121 122
2 122 123
2 123 124
2 124 125
2 125 126
2 126 127
2 127 128
2 128 129
2 129 130
2 130 131
2 131 132
2 132 133
2 133 134
2 134 135
2 135 136
2 136 137
2 137 138
2 138 139
2 139 140
2 140 141
2 141 142
2 142 143
2 143 144
2 144 145
2 145 146
2 146 147
2 147 201
2 201 202
2 202 203
2 203 148
2 148 204
2 204 205
2 205 206
2 206 149
2 149 207
2 207 208
2 208 150
2 150 151
2 151 152
2 152 153
2 153 209
2 209 210
2 210 154
2 154 155
2 155 156
2 156 157
2 157 158
2 158 159
2 159 160
2 160 161
2 161 162
2 162 163
2 163 164
2 164 165
2 165 166
2 166 167
2 167 168
2 168 169
2 169 170
2 170 171
2 171 172
2 172 173
2 173 174
2 174 175
2 175 176
2 176 177
2 177 178
2 178 179
2 179 180
2 180 181
2 181 182
2 182 183
2 183 184
2 184 185
2 185 186
2 186 187
2 187 188
2 188 189
2 189 190
2 190 191
2 191 192
2 192 193
2 193 194
2 194 195
2 195 196
2 196 197
2 197 198
2 198 211
2 211 212
2 212 213
2 213 214
2 214 215
2 215 216
2 216 217
2 217 218
2 218 219
2 219 220
2 220 221
2 221 222
2 222 223
2 223 224
2 224 225
2 225 226
2 226 227
2 227 228
2 228 229
2 229 230
2 230 231
2 231 232
2 232 233
2 233 234
2 234 235
2 235 236
2 236 237
2 237 199
2 199 238
2 238 239
2 239 240
2 240 241
2 241 242
2 242 243
2 243 244
2 244 245
2 245 246
2 246 247
2 247 248
2 248 249
2 249 250
2 250 251
2 251 252
2 252 253
2 253 254
2 254 255
2 255 256
2 256 257
2 257 258
2 258 259
2 259 260
2 260 261
2 261 262
2 262 263
2 263 264
2 264 265
2 265 266
2 266 267
2 267 268
2 268 269
2 269 270
2 270 271
2 271 272
2 272 273
2 273 274
2 274 275
2 275 276
2 276 277
2 277 278
2 278 279
2 279 280
2 280 281
2 281 282
2 282 283
2 283 284
2 284 285
2 285 286
2 286 200
2 200 287
2 287 288
2 288 289
2 289 290
2 290 291
2 291 292
2 292 293
2 293 294
2 294 295
2 295 296
2 296 297
2 297 298
2 298 299
2 299 300
2 300 301
2 301 302
2 302 303
2 303 304
2 304 305
2 305 306
2 306 307
2 307 308
2 308 309
2 309 310
2 310 311
2 311 312
2 312 313
2 313 314
2 314 315
2 315 316
2 316 317
2 317 318
2 318 319
2 319 320
2 320 321
2 321 322
2 322 323
2 323 324
2 324 325
2 325 326
2 326 327
2 327 328
2 328 329
2 329 330
2 330 331
2 331 332
2 332 333
2 333 334
2 334 335
2 335 336
2 336 337
2 337 338
2 338 339
2 339 340
2 340 341
2 341 342
2 342 343
2 343 344
2 344 345
2 345 346
2 346 347
2 347 348
2 348 349
2 349 350
2 350 351
2 351 352
2 352 353
2 353 354
2 354 355
2 355 356
2 356 357
2 357 358
2 358 359
2 359 360
2 360 361
2 361 0
3 3360 6806 6901
3 5001 3322 6479
3 5009 4228 7146
3 4752 3622 4934
3 6381 5655 7407
3 4522 2330 6312
3 3537 6230 7435
3 347 348 5128
3 4588 1287 7709
3 3228 5406 7320
3 128 488 4733
3 4175 6132 7194
3 2775 2773 4801
3 4740 6114 7772
3 150 151 373
3 2350 5653 5655
3 2304 2390 7452
3 6424 6425 7295
3 5131 5001 6479
3 361 0 7219
3 1067 5262 6973
3 4596 212 7355
3 2330 4522 5938
3 5185 4034 6377
3 4440 4640 5107
3 1654 1656 5871
3 470 4580 5988
3 5192 3931 7579
3 4365 5801 7246
3 1287 4588 5648
3 4571 389 7742
3 2781 2865 4887
3 3051 4836 6444
3 440 5149 7748
3 3349 6313 7444
3 5673 1924 5675
3 5653 2350 5654
3 4850 445 4851
3 1117 4534 6229
3 5555 3997 7081
3 4332 6424 7295
3 6857 5555 7081
3 6694 4732 7397
3 4998 206 7691
3 4627 3909 6488
3 3332 3334 7381
3 5191 3931 5192
3 6230 5268 7435
3 4534 1117 4991
3 2865 4883 4887
3 7136 5846 7296
3 6294 4926 6782
3 1178 1177 4805
3 384 4607 4775
3 6806 3360 7447
3 3620 4780 5411
3 2499 4641 7832
3 3909 4627 7822
3 4316 5451 7084
3 3785 3839 5841
3 5500 5499 7217
3 4582 1273 4817
3 5877 5879 6904
3 3502 4357 4994
3 794 797 5190
3 6398 7024 7518
3 5882 5983 5984
3 4404 5027 6491
3 1986 4556 4822
3 4580 470 5989
3 3832 4841 4842
3 5027 4404 6824
3 3351 5226 6890
3 5149 440 5150
3 4035 5379 7034
3 409 4515 6866
3 7097 6640 7101
3 1019 4650 4950
3 1181 1178 4805
3 4563 1132 7838
3 389 4571 4976
3 4556 1986 4950
3 456 4604 4606
3 414 4519 7043
3 469 5877 6904
3 2723 7097 7101
3 131 132 5634
3 6938 5208 7461
3 1448 6938 7461
3 4034 5185 6379
3 2620 5207 6235
3 4641 2499 4910
3 4104 3807 4682
3 4740 4801 6114
3 7055 5362 7317
3 837 4885 4907
3 479 5466 6306
3 401 5086 5456
3 3352 5515 6785
3 4836 4654 6444
3 6627 5151 7090
3 6313 5468 7444
3 4732 6694 7458
3 5866 3005 6229
3 7099 6104 7337
3 5226 3351 6917
3 1132 4563 6046
3 3848 6692 7411
3 5466 479 6162
3 3477 3475 5060
3 5406 5405 7320
3 466 4866 4903
3 5708 3166 5709
3 207 453 4510
3 3644 2162 6543
3 4607 384 4678
3 6740 3350 7655
3 3077 5400 6423
3 4810 1416 6843
3 3166 5708 7793
3 4780 4286 5411
3 3609 2775 4801
3 3832 4842 4874
3 127 128 4733
3 2723 4986 7097
3 5983 5882 6772
3 4843 4651 6538
3 5076 366 6264
3 4382 6050 7000
3 3460 2781 4887
3 358 456 4799
3 5593 1924 5673
3 3049 5027 5028
3 4885 3667 4907
3 5291 6740 7655
3 5297 3673 5298
3 5697 5698 6066
3 4971 385 5902
3 4486 6036 6686
3 4510 453 4511
3 4362 6763 7436
3 3995 5905 6727
3 4519 414 7191
3 5601 2439 6502
3 4986 2723 7388
3 7024 3590 7518
3 4782 3644 6543
3 1273 4582 5181
3 6962 4513 7365
3 548 6030 7798
3 2297 4634 5976
3 368 5092 6703
3 5801 5802 7246
3 1416 1618 6843
3 5466 411 6306
3 3839 4535 5690
3 411 5466 6060
3 5365 5366 7077
3 4535 3839 5689
3 2757 4645 5450
3 4971 4967 6228
3 4421 6389 6654
3 7398 6557 7572
3 4215 4676 7263
3 4841 3832 6189
3 3056 3243 5564
3 4931 4986 7322
3 5027 3049 6491
3 4021 4729 7089
3 6228 4967 7391
3 3100 5371 5373
3 5475 4233 7600
3 357 358 4799
3 548 550 6030
3 211 459 4557
3 4978 4035 7034
3 2865 4882 4883
3 5174 3381 5419
3 4609 2922 4834
3 4881 3632 8015
3 4602 465 6310
3 6725 2871 7044
3 3974 4940 4941
3 4107 4106 6371
3 4634 2297 5977
3 3557 7055 7317
3 2622 4841 6189
3 6042 1107 7382
3 5698 2344 6066
3 5292 3392 6051
3 4557 459 4558
3 205 206 4998
3 7635 1531 7694
3 1954 5614 5615
3 5045 5044 6113
3 4703 5601 6502
3 5314 3806 5463
3 5018 5017 7121
3 4624 4178 5262
3 4743 4395 5102
3 795 4633 5191
3 5982 6199 7228
3 4012 3996 6727
3 6036 3122 6686
3 4676 4215 5402
3 3943 4108 7394
3 4655 4421 6654
3 4574 1616 7788
3 1703 1181 6770
3 1181 4805 6770
3 5852 1104 6836
3 2649 4747 4749
3 5079 5048 7623
3 4638 1122 5703
3 5298 3673 6477
3 3219 6962 7365
3 7204 4209 7628
3 5262 4178 6973
3 359 360 4827
3 2275 4718 5869
3 6371 4106 6782
3 1955 5605 7265
3 5879 5881 6904
3 3243 5561 5564
3 3672 209 7028
3 4637 1024 6508
3 465 4602 6325
3 6763 4362 7333
3 2390 5143 7452
3 4232 5009 7146
3 4534 5866 6229
3 4683 372 5705
3 5696 7635 7694
3 4677 7204 7628
3 3351 6876 6917
3 5666 4656 7113
3 6904 5881 7195
3 3353 5500 7217
3 966 4684 5553
3 3996 3995 6727
3 3909 4867 6488
3 366 5076 7595
3 5011 4164 5486
3 4012 6727 7040
3 5627 5628 6183
3 5762 5761 6266
3 1254 4821 7110
3 4804 7244 7575
3 5451 4316 7580
3 6168 1441 6546
3 2272 4952 5972
3 5280 6949 6983
3 5526 7405 7419
3 4675 2083 5206
3 6104 4329 7337
3 1616 4574 6689
3 882 1012 5541
3 3381 5174 5420
3 1846 4743 5102
3 7405 4386 7419
3 6876 5223 6917
3 6073 5231 7163
3 3779 5011 5486
3 1133 1120 4870
3 4205 5115 7249
3 965 968 6832
3 6377 5230 7746
3 7008 4488 7290
3 1107 4961 7382
3 5092 368 7510
3 5044 3165 6113
3 4656 5666 7264
3 6162 479 6296
3 5021 4852 7052
3 2327 7120 7316
3 5122 5169 5189
3 4604 456 4827
3 1818 4707 5057
3 3667 3570 4907
3 5408 6162 6296
3 5410 5976 6765
3 3670 4757 4758
3 431 7008 7290
3 6132 419 7194
3 298 299 4816
3 4178 4624 6644
3 4827 360 6351
3 5366 4502 7077
3 487 4918 4922
3 4646 395 5152
3 7040 6178 7085
3 5976 4634 6765
3 4710 386 4712
3 4897 436 6326
3 5505 969 6520
3 3392 5292 7875
3 2840 4879 7019
3 5073 5510 5536
3 5403 5404 5405
3 4663 2544 4673
3 3074 4630 7915
3 3987 5454 6860
3 5510 5073 5535
3 4625 2121 7206
3 348 402 5128
3 5515 5517 6785
3 6199 5982 7696
3 5107 1955 7265
3 415 131 5634
3 2807 4687 4688
3 5231 5211 7163
3 4879 2840 7606
3 4633 795 5190
3 6756 5675 6930
3 5281 5280 6983
3 3591 3670 4758
3 406 298 4816
3 4630 3074 5243
3 1327 1818 5057
3 3100 5373 6040
3 2922 4609 5453
3 4524 1186 7139
3 4034 5230 6377
3 6624 4515 7064
3 5960 3909 7822
3 4101 5852 6836
3 6060 5473 6307
3 1120 1167 4870
3 466 4903 7158
3 5052 4281 7261
3 660 658 6058
3 1210 7272 7366
3 5674 5675 6756
3 3334 6214 7381
3 1841 1654 5871
3 411 6060 6307
3 4986 404 7322
3 4704 2340 4706
3 122 123 437
3 2544 2219 4673
3 5139 3765 5576
3 4723 3464 4846
3 4647 3479 5060
3 2818 3504 4788
3 7189 1269 7216
3 7004 4540 7448
3 3305 5311 5312
3 5034 468 6994
3 3363 7136 7296
3 4521 7189 7216
3 2121 4625 7150
3 4952 4717 5972
3 4918 487 6819
3 2661 4773 6308
3 1186 4524 7270
3 3974 4941 6007
3 5674 1612 6390
3 6400 6288 7133
3 4735 3765 5139
3 1167 4680 4870
3 4852 5021 5059
3 4632 4330 4994
3 3479 4647 4972
3 4885 837 5687
3 4110 4629 6692
3 4756 5860 7408
3 4887 4886 4888
3 1024 4637 5868
3 7120 4951 7316
3 6957 4396 7683
3 2344 5698 5858
3 4907 3570 4908
3 5897 6957 7683
3 2419 4844 4845
3 5655 5653 7407
3 971 1154 4973
3 4533 3784 4811
3 4344 4346 6325
3 2622 4714 4841
3 4281 5052 7280
3 7021 4658 7030
3 5433 5434 6057
3 5536 5765 7791
3 3634 6824 7071
3 7424 4939 7847
3 3171 5297 5298
3 4546 4975 6928
3 4926 3628 6782
3 3632 5271 8015
3 6791 4482 7641
3 1122 4638 6253
3 5073 5072 5535
3 2402 4843 6538
3 4668 3901 5417
3 3168 5452 7209
3 5952 2034 6688
3 1526 1524 5195
3 3977 5503 5505
3 464 347 5128
3 5072 3821 5535
3 5403 5402 5404
3 4654 1350 6444
3 1254 7110 7770
3 3363 5198 7136
3 3189 3563 5059
3 4450 6400 7133
3 6560 4696 7883
3 3570 3169 4908
3 4802 489 5145
3 143 144 7768
3 5860 4756 7587
3 373 151 490
3 3337 201 7844
3 2157 7021 7030
3 4975 4504 6928
3 6619 4686 6885
3 3171 5296 5297
3 5479 5276 6841
3 6877 2579 7362
3 4786 2820 4787
3 6802 4030 7236
3 2649 4749 4942
3 4515 409 7064
3 6692 4629 7411
3 4687 2807 4717
3 5198 3363 7257
3 484 4746 4943
3 4888 4886 7335
3 4527 6611 6942
3 6439 4392 7666
3 4645 2757 5451
3 3464 4723 4848
3 5400 3077 6424
3 2294 4886 5687
3 2870 3678 7306
3 5011 3779 5013
3 3839 5690 5841
3 1364 4655 6654
3 6200 5858 6829
3 4595 5959 7661
3 4896 4897 6326
3 4938 4939 7424
3 4330 3502 4994
3 7160 1444 7177
3 4481 7160 7177
3 3325 5029 6622
3 1441 5319 6546
3 3632 4881 5272
3 5336 6689 6739
3 795 794 5190
3 3669 4635 6950
3 4913 2110 5287
3 4744 2665 5608
3 4879 4878 5326
3 5013 3779 5078
3 5988 4580 6192
3 4419 4933 5214
3 4159 4971 5902
3 3099 5666 5962
3 2110 4913 5288
3 6857 3040 7547
3 6072 448 7889
3 4438 4440 5107
3 1073 4751 4934
3 4751 4752 4934
3 4662 492 7027
3 2400 5115 5117
3 234 463 5585
3 3864 5181 7242
3 3128 4730 5070
3 437 123 4541
3 4746 484 6651
3 1612 5674 6756
3 4851 445 4853
3 4686 4664 6885
3 5092 5091 6703
3 211 4557 4726
3 5428 6894 6916
3 4867 1396 6488
3 4858 5034 6994
3 3850 5047 5048
3 4690 5579 6290
3 5352 3144 5664
3 6894 4071 6916
3 4751 1073 4942
3 2344 5858 6200
3 4868 1626 5533
3 3850 5048 5079
3 365 4553 7263
3 3961 5336 6739
3 5260 6971 6990
3 2153 2757 5450
3 3870 3868 5989
3 4272 4270 5554
3 1489 5315 7284
3 4104 4682 5080
3 7099 3970 7609
3 4392 6439 7283
3 4202 5340 7187
3 5086 401 6071
3 4730 3128 5071
3 6037 4508 6038
3 3221 5627 6183
3 3305 5310 5311
3 3784 4576 4811
3 6044 4958 6875
3 6577 6372 6979
3 446 6577 6979
3 4488 5788 6403
3 4960 5952 6688
3 126 386 4710
3 6958 5443 7059
3 6971 2718 6990
3 2245 2247 5341
3 5009 381 7285
3 2318 2320 5417
3 654 5068 6353
3 4330 4632 7325
3 2121 7096 7206
3 4553 365 6989
3 2586 4753 7005
3 5400 5399 6423
3 6626 4021 7089
3 2400 5117 6262
3 5017 2705 7121
3 969 6513 6520
3 4650 4556 4950
3 5860 5345 7294
3 6669 3904 7134
3 3977 5505 6520
3 584 5551 6682
3 5551 4080 6682
3 4880 3582 5272
3 5664 3144 5962
3 3901 4668 7917
3 7175 6895 7279
3 1793 6958 7059
3 4509 6441 7554
3 5443 2479 6722
3 5533 1626 5534
3 5511 4622 5554
3 1108 1026 7001
3 1232 6200 6829
3 2878 4703 6502
3 4917 4916 5399
3 6760 4864 7480
3 5022 6858 7214
3 981 979 7503
3 4753 2586 7090
3 5434 6390 7352
3 2544 4663 5454
3 5087 6072 7889
3 6988 3847 7605
3 154 6760 7480
3 4095 4919 6778
3 5050 5052 6964
3 3507 5762 6266
3 5371 3100 6592
3 4655 1364 7070
3 1156 1158 4717
3 4616 4281 7280
3 4806 4513 6962
3 5416 5906 7202
3 395 4646 7824
3 5788 4488 7008
3 4737 3817 4923
3 4233 5475 5970
3 3477 5060 7877
3 5454 3985 6000
3 2477 2687 6848
3 4685 3838 5541
3 207 208 453
3 2893 2895 5071
3 204 205 6786
3 4071 5280 6916
3 4012 7040 7085
3 1106 1127 6040
3 4680 1167 5014
3 6302 5980 7022
3 4761 457 4762
3 7060 5422 7119
3 6183 5628 6184
3 212 213 7355
3 5218 4458 7592
3 822 6978 7459
3 5442 5443 6722
3 3715 4959 7586
3 737 735 6724
3 2441 7060 7119
3 492 4662 7867
3 4790 453 7858
3 4640 5106 5107
3 3325 6622 6678
3 7325 6064 7764
3 4711 4710 4712
3 5245 1437 7509
3 3564 4826 6027
3 5476 5475 7600
3 3144 5352 6158
3 148 457 4761
3 1628 6999 7774
3 4637 4241 5868
3 3531 3529 6802
3 6622 4794 6678
3 5319 1441 6435
3 89 90 6728
3 3850 5046 5047
3 1331 1329 7062
3 4788 3504 4789
3 4611 6068 7271
3 4557 4558 4559
3 2766 6044 6875
3 4659 2645 7260
3 5187 420 7780
3 3060 3744 4862
3 5868 4241 6718
3 1529 4911 5287
3 4616 7280 7353
3 3831 4925 5671
3 3031 3088 6850
3 4925 4029 5671
3 1022 1311 5713
3 4102 4723 4846
3 4800 3609 4801
3 5207 3860 6235
3 5020 5022 7214
3 1437 5245 7313
3 5630 5626 6965
3 4673 2219 5215
3 446 4657 6577
3 2620 3479 5207
3 4667 2569 7757
3 4674 374 7495
3 4594 3566 5087
3 5840 5053 7695
3 1583 1584 5080
3 797 2340 5190
3 7111 378 7165
3 3462 3056 5564
3 2645 4659 7234
3 205 4998 6786
3 2821 4838 4839
3 2475 4984 7229
3 968 4973 6832
3 1671 5457 6623
3 6827 5284 6944
3 5041 2732 5058
3 5115 2400 7249
3 2305 5433 6057
3 5166 5169 6759
3 4848 4723 5096
3 4684 966 5554
3 4959 3715 7528
3 4626 4155 6877
3 3821 5072 5074
3 5352 4234 6158
3 2925 5068 7298
3 2121 4682 7096
3 5370 5371 6592
3 556 6791 7641
3 2569 4667 7773
3 5015 4983 6943
3 5555 6857 7547
3 4629 4110 6671
3 489 4802 5316
3 3122 6557 7398
3 1070 1068 4942
3 3622 4752 5151
3 4916 4181 5399
3 5280 4071 6949
3 7087 3389 7368
3 6050 450 7000
3 4843 2402 6006
3 4515 4495 6866
3 4355 4392 7283
3 4601 3821 5074
3 388 6560 7883
3 3838 4685 7962
3 2645 5477 5478
3 7033 4295 7187
3 4303 3987 6860
3 1329 1327 5057
3 891 7315 7441
3 4719 2323 5354
3 4669 419 6132
3 4783 472 6012
3 3390 7004 7448
3 4236 4671 7657
3 4468 3808 4874
3 4879 5326 7019
3 1656 2275 5871
3 4635 3669 7775
3 3172 5307 5308
3 1350 4654 7424
3 1987 4893 6119
3 4108 5906 7394
3 4787 2820 4788
3 5666 5664 5962
3 459 212 4596
3 6622 5029 7591
3 6611 4310 6942
3 2305 4813 5433
3 4984 2475 7282
3 480 5473 5479
3 4983 4985 6943
3 3766 2942 7080
3 2116 4812 5725
3 4741 4740 7772
3 5408 364 5961
3 1475 1473 5289
3 6799 4669 7169
3 4671 4236 7718
3 5536 5510 5765
3 4757 3670 7797
3 392 5988 6192
3 5494 4058 7963
3 5263 4114 5477
3 4826 3898 6027
3 4155 4626 7453
3 3849 3939 4775
3 4458 4457 7608
3 4911 4913 5287
3 4649 398 6933
3 4539 7016 7075
3 3006 5260 6155
3 4539 4538 7016
3 799 801 5642
3 4703 2878 6864
3 4781 6438 7936
3 3464 4848 4849
3 4603 3557 7317
3 4701 4702 5396
3 7048 5277 7358
3 4720 4380 7401
3 4726 4557 7014
3 4821 4047 7031
3 3838 882 5541
3 2411 2454 5313
3 6068 4798 7271
3 3475 4647 5060
3 6538 4651 7979
3 3310 133 4676
3 4911 1529 4912
3 936 5139 5576
3 3310 4676 5402
3 4458 5218 7728
3 5384 3697 5963
3 5068 2925 7400
3 3087 3961 7467
3 374 4674 7304
3 4095 3435 4919
3 6557 4833 7572
3 4860 4657 7218
3 5169 1212 6759
3 4355 7283 7346
3 5320 5319 6435
3 5000 5840 7695
3 3172 5306 5307
3 3224 4193 7312
3 1294 1292 5534
3 5628 2524 6184
3 4860 7218 7583
3 3201 4792 4793
3 7401 4380 7415
3 1678 4708 5195
3 5281 3478 6944
3 5165 5373 6576
3 4862 3744 4863
3 6438 4781 6837
3 3088 4890 6850
3 4056 6725 7044
3 2602 5263 5477
3 2586 6627 7090
3 6849 7556 7700
3 3169 5327 6474
3 6686 3122 7398
3 456 359 4827
3 4849 4848 4850
3 3817 4737 4889
3 1870 1868 5605
3 5052 3447 6964
3 4603 7317 7361
3 2595 93 4755
3 1626 4868 6556
3 4538 5611 7016
3 5473 480 6307
3 3563 4852 5059
3 4613 4355 7346
3 5818 5305 6812
3 4801 2773 6114
3 486 5108 5321
3 4600 6988 7605
3 4106 6294 6782
3 4607 3849 4775
3 449 7488 7765
3 4821 7031 7110
3 4307 6032 6874
3 7237 5233 7491
3 4718 2275 5870
3 4689 4690 6290
3 4355 4613 7455
3 6999 4672 7774
3 5334 5333 6475
3 3075 2650 4889
3 2759 4794 5704
3 2419 4845 5713
3 4626 6877 7362
3 473 6799 7169
3 6279 7740 7766
3 5765 2519 7791
3 4795 2214 5667
3 206 377 7691
3 5055 7006 7531
3 5776 5778 5779
3 3478 6827 6944
3 3757 4335 5046
3 398 4649 7814
3 7162 6061 7390
3 4868 4099 6556
3 5452 4204 7209
3 3853 4975 6856
3 7592 4458 7608
3 6158 4234 6278
3 5619 4303 6860
3 1954 5615 7188
3 1577 4625 7723
3 4720 7401 7673
3 4908 3169 6474
3 4714 2622 6077
3 6104 7099 7609
3 5111 5904 7167
3 406 4796 6029
3 4780 3620 8036
3 3609 4800 4802
3 5038 2903 5361
3 4852 4851 4853
3 3770 2161 5135
3 6351 360 7344
3 5217 1589 7576
3 419 4669 6799
3 4849 4850 4851
3 5169 5122 7521
3 6824 4404 7071
3 7401 3796 7673
3 5725 4812 5822
3 4625 1577 7150
3 4707 1818 6492
3 7204 6236 7431
3 5493 5494 7963
3 4577 3785 5841
3 5904 2052 7167
3 4788 4789 7610
3 4960 2468 6298
3 4743 1846 5623
3 1658 1661 5870
3 1364 6281 7070
3 2083 4675 6802
3 2456 2514 5310
3 4690 5079 7623
3 5503 3977 6359
3 3591 4758 4759
3 5151 4752 7090
3 2340 4704 5190
3 364 5408 6296
3 2820 2818 4788
3 5296 3171 6197
3 4268 4266 5726
3 4975 2095 6856
3 5274 362 5275
3 3243 5560 5561
3 5313 5314 5463
3 5611 4538 7751
3 5034 4788 7610
3 2135 2137 5704
3 4682 3807 7096
3 3006 5259 5260
3 7556 3653 7700
3 5587 4524 6945
3 1589 5217 7474
3 456 4606 7927
3 4399 5009 7285
3 5091 482 7210
3 2254 4988 6761
3 4946 7237 7491
3 2323 4719 5417
3 4854 3770 5135
3 4918 6819 7888
3 4181 4916 6415
3 4234 4754 6278
3 3582 4880 7843
3 4657 446 7218
3 372 4683 7762
3 5333 3131 6475
3 6858 416 7214
3 810 771 5687
3 5927 5917 5977
3 7456 5424 7537
3 4994 4357 6747
3 2349 6381 7407
3 6978 4581 7459
3 4295 7033 7321
3 5441 4759 6517
3 7157 422 7329
3 2370 2368 6862
3 4515 6624 7631
3 4933 4419 7097
3 3390 4670 7004
3 3806 5314 6142
3 4701 5396 7291
3 2084 4753 6853
3 7006 2595 7531
3 2645 5478 7260
3 4030 4825 7236
3 5553 4684 5726
3 5041 5961 6267
3 6070 5891 6091
3 2807 4688 4973
3 4664 2327 6885
3 5776 5779 6392
3 4303 5619 7720
3 968 971 4973
3 3478 5281 6983
3 3128 2893 5071
3 7286 435 7343
3 5743 4479 6842
3 4830 4386 7364
3 6773 4152 6807
3 401 5456 6276
3 2275 5869 5871
3 5618 591 5619
3 2938 3555 4968
3 138 410 7123
3 5959 4595 8014
3 4967 4968 4969
3 1154 2807 4973
3 6436 5676 6707
3 5682 6659 6733
3 4650 4036 7910
3 120 121 4824
3 5226 5227 6831
3 5102 3604 6151
3 4675 5206 5353
3 3508 5860 7294
3 4672 2718 6971
3 7108 5204 7196
3 5350 3975 7520
3 4912 1529 5024
3 4725 1318 6257
3 1524 1678 5195
3 120 4824 7884
3 7364 4386 7405
3 3343 4181 6415
3 2903 5038 5362
3 663 660 6058
3 4036 4650 7066
3 3808 3832 4874
3 6659 2227 6733
3 979 6629 7503
3 3725 4779 7940
3 7414 4493 7429
3 5212 4519 7191
3 7315 4628 7441
3 1012 1671 5541
3 5108 4103 5321
3 4632 6064 7325
3 5171 5419 6582
3 1715 5350 7671
3 4411 7456 7537
3 2979 7259 7539
3 1329 5057 7062
3 4152 4598 6807
3 5097 4493 5098
3 5350 1715 7677
3 1751 4658 7021
3 2820 4786 4837
3 3201 4793 5997
3 2602 5462 7065
3 388 4701 7291
3 4047 3443 7037
3 5752 7239 7349
3 3902 5227 6642
3 6120 4031 6755
3 5541 1671 6623
3 6050 4382 7447
3 4701 388 7883
3 789 5587 6945
3 487 4922 6818
3 4080 5074 6682
3 4333 6701 6853
3 3768 5718 7115
3 6481 2351 6840
3 5226 6831 6890
3 2807 1156 4717
3 385 4971 6228
3 2162 3765 6543
3 3256 3253 6359
3 5211 3613 6914
3 7199 4117 7227
3 211 212 459
3 4055 4863 4864
3 6174 3427 7125
3 6390 1612 7352
3 145 3837 7438
3 7594 5174 7678
3 4622 5511 8007
3 1475 5289 5290
3 4598 5934 6807
3 7247 1426 7666
3 1299 7414 7429
3 1880 5100 6219
3 6051 3392 6506
3 4917 5399 5400
3 7286 4492 7514
3 5141 3766 7080
3 4228 4227 7146
3 7740 4480 7766
3 5492 6051 6506
3 4117 4952 7227
3 5550 7241 7328
3 480 5479 6841
3 5186 7048 7358
3 6120 6755 6879
3 5587 789 7975
3 3169 2698 5327
3 4813 2305 6256
3 482 5091 7907
3 4737 3075 4889
3 4754 4031 6278
3 6701 2084 6853
3 7357 3600 7403
3 6281 1364 7299
3 5779 2794 6392
3 4896 4095 4897
3 7031 4047 7037
3 7241 3490 7328
3 4847 6313 7925
3 5492 4126 5838
3 6945 4524 7139
3 3645 4311 5170
3 5852 7653 7902
3 3163 3568 6004
3 6573 3840 7222
3 6720 2220 7179
3 410 4407 7123
3 4893 1987 7237
3 5906 4108 7202
3 1346 1838 5480
3 4227 5714 7146
3 5181 4582 7242
3 6720 4426 6773
3 4049 5067 5607
3 4299 7149 7289
3 4398 3532 4920
3 743 739 5783
3 3172 2668 5306
3 2718 4672 6999
3 1627 1395 6887
3 1132 5768 7838
3 2297 5927 5977
3 4656 759 7113
3 3901 2318 5417
3 5961 364 6267
3 3678 6008 7306
3 4779 3725 7790
3 4695 4696 6560
3 4519 5212 7669
3 138 139 410
3 3252 5504 6359
3 4813 6256 6353
3 5340 2659 7187
3 5054 417 5055
3 1626 1294 5534
3 4432 4434 5604
3 7251 5898 7612
3 4708 1678 7204
3 5451 2757 7084
3 4492 5152 7514
3 1010 5725 5822
3 2327 4664 7120
3 5643 3585 6850
3 6888 6453 6985
3 4933 4930 5214
3 386 127 4733
3 4706 2340 5642
3 6141 3842 6563
3 6006 2402 6674
3 5412 1927 7091
3 4589 5533 5534
3 4777 3449 7047
3 7239 2426 7349
3 3610 3611 5977
3 1068 2649 4942
3 420 5187 6908
3 1526 5195 5620
3 5130 5131 5332
3 3884 4493 5097
3 2844 2846 5272
3 2165 7627 7710
3 5037 5038 5361
3 5559 5560 6666
3 5332 5131 8028
3 4548 7087 7368
3 7248 1489 7284
3 2728 3189 5059
3 6057 5434 6058
3 4300 4299 7289
3 759 4656 7862
3 132 3310 5634
3 233 234 5585
3 3460 4887 4888
3 2468 4960 6688
3 2668 2742 5306
3 4602 4344 6325
3 2794 5779 5781
3 5762 3507 5764
3 2161 3342 5135
3 3585 5643 6840
3 1983 4820 6002
3 4650 1019 7066
3 4622 4272 5554
3 658 6057 6058
3 2041 7281 7353
3 2372 2370 5775
3 4799 456 7927
3 4426 4152 6773
3 4641 4935 7832
3 5645 7149 7314
3 3305 2456 5310
3 6441 4193 7554
3 124 125 476
3 144 145 441
3 588 586 6065
3 5589 1793 7059
3 4682 1583 5080
3 2419 2245 5341
3 1765 2151 5659
3 5102 4395 7640
3 1265 1134 5595
3 4557 4559 7014
3 1133 4870 4871
3 7413 266 7548
3 4184 6624 7064
3 5776 5777 5778
3 1927 5412 8013
3 1351 5782 6724
3 1919 4857 5872
3 3180 5334 6475
3 5068 5067 6353
3 4658 1751 7886
3 2435 3046 4985
3 7244 669 7575
3 6184 2524 6186
3 2665 4744 7810
3 6906 5381 7032
3 2002 2596 4837
3 5174 2027 7678
3 4930 2713 5214
3 6206 5320 6435
3 7045 4244 7058
3 4711 4712 7477
3 1467 1465 5024
3 4659 3451 7234
3 392 6192 6967
3 4600 4021 6626
3 3611 4634 5977
3 4792 3201 5704
3 4886 4885 5687
3 2687 5757 6848
3 4543 5338 7756
3 7157 4428 7367
3 1295 1106 6040
3 281 4742 7194
3 3153 5773 5776
3 5743 6842 7716
3 5333 5332 8028
3 2111 6718 7311
3 5775 2370 6862
3 4677 4708 7204
3 4597 7615 7819
3 6736 5790 6903
3 4812 2116 5726
3 445 4850 7200
3 1046 1125 4811
3 4031 4754 6755
3 2212 2209 5215
3 6599 7102 7348
3 6934 4041 6952
3 4513 4806 7557
3 383 7108 7196
3 5628 5625 6637
3 4661 2462 7318
3 6007 4941 6257
3 3237 6436 6707
3 4594 5087 7889
3 2106 5130 5332
3 4968 3555 4969
3 834 842 4950
3 24 25 5552
3 1335 1334 7018
3 357 4799 7819
3 4670 3390 7275
3 4894 1010 5822
3 5007 7413 7548
3 3987 3985 5454
3 3454 4902 5686
3 6032 4307 7914
3 4559 4561 4760
3 2553 4784 6595
3 3884 5097 5099
3 5773 3153 5775
3 5631 6141 6563
3 3883 3884 5099
3 4848 5096 7638
3 3433 4095 4896
3 2462 4661 7825
3 5040 5041 5058
3 4209 7204 7431
3 2524 5628 6637
3 4753 2084 7005
3 4013 3870 5989
3 2994 3198 5607
3 3721 3989 5759
3 3770 4854 5136
3 5309 7248 7284
3 5457 1671 6429
3 3868 4580 5989
3 5731 1232 6829
3 2871 3533 7044
3 3153 2372 5775
3 1073 1070 4942
3 4970 3555 5093
3 360 361 7344
3 5714 4227 7826
3 2214 4795 5759
3 4773 2661 7558
3 4492 7286 7343
3 3961 6739 7467
3 4759 4758 6517
3 4346 4693 6325
3 5222 5223 6797
3 3765 4735 6543
3 6948 1218 7180
3 3565 5084 5085
3 2811 2938 4968
3 4068 6302 7022
3 62 451 4875
3 3295 5630 6965
3 7258 4130 7302
3 2457 5818 6812
3 2466 5471 7107
3 3454 5053 5840
3 5074 4080 7877
3 4270 4684 5554
3 4406 4405 7488
3 5783 737 6724
3 5595 1108 7001
3 4678 384 6882
3 1435 7251 7612
3 1048 1046 4811
3 3565 3018 5084
3 5934 4598 8003
3 7281 4616 7353
3 6534 3314 6612
3 4244 4821 7058
3 4793 5401 5997
3 4876 4877 7843
3 4055 4862 4863
3 4428 5194 7367
3 4802 4800 5316
3 4121 5384 5963
3 7627 4612 7710
3 3258 3933 5040
3 7409 2118 7451
3 989 1022 5713
3 2649 1067 6973
3 3060 4862 5353
3 4808 6213 6214
3 4844 2419 5341
3 4880 4876 7843
3 2634 3449 7164
3 6892 4554 7156
3 4193 6441 7312
3 4838 2821 5450
3 6407 2998 7418
3 362 5274 5277
3 6879 3999 7475
3 1318 4725 6966
3 4742 4175 7194
3 1318 6007 6257
3 4889 2650 5720
3 2714 1996 5298
3 5315 1489 7370
3 5259 3006 6159
3 5560 3243 6666
3 5392 3185 6121
3 3771 4184 5183
3 5125 3375 5338
3 5169 5168 5189
3 2411 5313 5463
3 4210 5457 6429
3 5020 3176 5021
3 5087 5085 6072
3 2821 2153 5450
3 1010 4894 5899
3 7068 5586 7088
3 7615 425 7819
3 5123 6948 7180
3 4733 488 7682
3 6763 5782 7436
3 2247 2254 5341
3 3757 5046 5963
3 4600 6626 6988
3 1232 5731 7017
3 3451 4659 7777
3 2821 4839 5659
3 2758 7105 7412
3 3430 7698 7731
3 4305 5694 6677
3 2665 2122 5608
3 4742 281 7789
3 6778 4919 7888
3 2166 5547 7374
3 5101 5102 6151
3 4006 6298 6804
3 2924 7397 7662
3 5999 392 6967
3 5177 3676 5179
3 7259 4845 7539
3 5603 4441 5605
3 5532 4665 7404
3 5299 5296 6197
3 5341 2254 6761
3 6828 2785 6854
3 1955 1870 5605
3 3119 6288 6483
3 4717 1158 5972
3 3613 5211 5231
3 5782 1351 7436
3 2320 2323 5417
3 2995 5066 5598
3 6797 5223 6876
3 202 397 7132
3 5786 5810 5973
3 5770 5769 5777
3 4820 1983 6003
3 5787 7155 7245
3 5769 743 5777
3 4821 1254 7058
3 5222 3912 6672
3 1269 5657 7216
3 4828 3338 7928
3 2544 5454 6000
3 6872 4997 6912
3 3673 5297 6062
3 1029 5043 5045
3 1584 1587 5080
3 4882 2865 6848
3 5419 3381 6582
3 5637 5636 7692
3 4052 6906 7032
3 5373 5372 6576
3 484 4943 6660
3 4921 2218 5677
3 5263 2602 7065
3 3804 5176 5891
3 4644 7436 7647
3 4847 5470 6313
3 4823 5461 7880
3 3566 3565 5087
3 5267 3905 6138
3 5537 4457 7699
3 2340 799 5642
3 4481 4914 7138
3 4428 7157 7329
3 2132 5811 7245
3 4835 4118 6137
3 5851 5852 7902
3 4881 4880 5272
3 7698 4586 7731
3 6096 6934 6952
3 1300 5370 6592
3 5620 4709 5994
3 5266 5267 6138
3 3861 4155 7203
3 4988 2254 6309
3 4894 5800 5899
3 2603 4979 4980
3 4794 2759 6678
3 84 85 5842
3 218 4776 7861
3 3750 7325 7764
3 4134 5994 6382
3 6993 5830 7168
3 5284 4170 6426
3 5718 4125 7115
3 71 72 5278
3 1625 1597 5299
3 5362 5038 7317
3 1849 1703 6770
3 1960 6069 7802
3 7288 5340 7351
3 3555 3366 5093
3 5565 6304 7562
3 6512 5488 6787
3 6069 1960 7752
3 4309 5129 6286
3 6304 5565 7868
3 6256 654 6353
3 6694 5110 7458
3 5166 5160 5168
3 735 1351 6724
3 6206 1426 7247
3 1004 6061 7162
3 90 417 6728
3 5315 5311 7284
3 3904 6004 7134
3 5547 2166 7542
3 5040 3933 5041
3 4058 5494 6883
3 4481 7138 7160
3 5461 4823 7105
3 4591 61 4875
3 1793 5589 7211
3 4441 5603 5604
3 7488 449 7706
3 4856 5884 6417
3 4825 2021 7236
3 4803 4804 7575
3 1925 1833 6077
3 2883 5785 5973
3 5032 4741 7772
3 6038 4508 7711
3 3523 5428 6777
3 126 127 386
3 2969 6872 6912
3 689 2875 6909
3 5219 3109 6245
3 477 97 4876
3 216 461 4924
3 4602 6310 7383
3 1048 4722 4731
3 5297 5294 6062
3 6308 4773 6962
3 5195 4709 5620
3 3474 7175 7279
3 4457 5537 7608
3 4943 6326 6660
3 5662 1854 7794
3 4083 5076 5077
3 969 965 6832
3 6817 5350 7520
3 4589 5534 5648
3 4137 7369 7573
3 2275 1658 5870
3 4684 4268 5726
3 4909 3788 6940
3 5675 1924 7934
3 4967 4969 7391
3 801 805 5642
3 4054 4675 5353
3 7278 6778 7535
3 4086 6070 6091
3 1311 2419 5713
3 3038 4892 4946
3 6830 4302 6918
3 7309 6699 7504
3 5393 5392 6121
3 4927 2713 4930
3 2262 2260 6425
3 4729 4021 8004
3 5637 7692 7803
3 5735 4988 6309
3 5619 591 6065
3 4966 3126 4967
3 4852 4853 7908
3 2875 4989 6909
3 316 6495 7165
3 4741 5032 7674
3 61 62 4875
3 2795 7288 7351
3 2794 5781 6449
3 3301 3314 6534
3 2388 5952 7693
3 7155 2132 7245
3 4004 6854 6936
3 7232 4381 7465
3 4521 5551 7161
3 1694 7681 7689
3 4559 4560 4561
3 5504 5503 6359
3 1430 1374 5023
3 5792 6665 6769
3 4879 7606 7843
3 2137 2759 5704
3 1996 3171 5298
3 7404 4665 7530
3 6597 7440 7473
3 4126 5492 6506
3 2634 7164 7295
3 6533 5237 6672
3 4945 7409 7451
3 842 1019 4950
3 4924 461 5183
3 2069 2067 4895
3 2596 2820 4837
3 5067 4049 6353
3 4857 1919 5873
3 378 7111 7954
3 5142 6243 7368
3 4083 5075 5076
3 4784 2553 8031
3 6084 3858 6315
3 6288 4169 6483
3 2623 5601 7540
3 7633 3637 7642
3 5275 362 5278
3 1473 2110 5289
3 7105 4372 7412
3 1127 3100 6040
3 4862 4054 5353
3 2437 2435 4985
3 5166 5168 5169
3 397 203 4761
3 5585 463 7122
3 453 208 7858
3 6642 5383 6796
3 7170 5732 7341
3 5370 1300 5577
3 4731 1988 7879
3 2454 3305 5313
3 5106 4910 7944
3 5799 492 7867
3 1868 5603 5605
3 4806 377 7557
3 4406 7488 7999
3 5952 2388 7590
3 2660 7128 7385
3 5172 2013 5173
3 5345 5484 5859
3 5403 5406 7437
3 5756 4884 5757
3 3314 3686 7104
3 5785 5786 5973
3 3859 3645 5170
3 1334 5094 7018
3 2507 2087 5342
3 3696 3332 7381
3 5489 7258 7302
3 4895 2067 5246
3 585 587 5946
3 5426 6655 6777
3 6640 4417 7083
3 5614 1954 7446
3 4089 7020 7256
3 5499 5504 7217
3 4644 4362 7436
3 2112 4855 6417
3 2011 2013 5172
3 771 2294 5687
3 3927 6218 6492
3 5657 2349 7407
3 4028 5631 7262
3 397 4761 6801
3 4832 3771 5183
3 4912 5024 5025
3 2846 3632 5272
3 1618 1808 6843
3 4785 3751 7779
3 6318 6225 6884
3 2017 2027 5173
3 5120 2767 5337
3 3582 2844 5272
3 3751 4785 7811
3 7036 5826 7255
3 4869 7357 7403
3 69 70 5277
3 4898 805 5643
3 472 4783 7785
3 7440 4025 7473
3 6041 3788 7141
3 1134 1108 5595
3 5594 1265 5595
3 3191 3464 4849
3 4643 4448 7741
3 5261 5259 6159
3 6923 5058 7041
3 5199 7787 7836
3 4747 2649 6973
3 7149 4299 7314
3 4877 4879 7843
3 4675 3531 6802
3 3717 3719 6020
3 3529 4030 6802
3 4796 406 7396
3 4923 390 5552
3 593 590 6234
3 7424 3794 7715
3 4572 7633 7642
3 1854 5662 7684
3 4521 7161 7189
3 2742 5304 5306
3 5764 3507 6696
3 1983 6002 6077
3 2698 2908 5327
3 2349 5657 7350
3 3445 5090 5092
3 4315 7470 7626
3 4795 5667 6020
3 3904 3163 6004
3 7681 4721 7689
3 4776 218 7482
3 5145 489 6728
3 6902 6021 7617
3 7272 4288 7366
3 6298 2468 6804
3 4947 3848 7411
3 166 481 4965
3 5288 4913 6514
3 5090 5091 5092
3 6027 3898 6318
3 5020 5021 5022
3 1529 1467 5024
3 5203 5239 5766
3 2112 5410 6765
3 4826 6573 7222
3 5640 6820 6889
3 4861 2348 6787
3 6718 4241 7311
3 4266 4812 5726
3 390 24 5552
3 5100 5099 6219
3 7253 2924 7662
3 5798 7054 7377
3 4855 4856 6417
3 1210 6571 7272
3 1661 1919 5870
3 3634 4912 6824
3 477 4876 4880
3 135 136 6989
3 1465 2108 5024
3 3644 4782 7664
3 4981 6669 7134
3 5106 7944 7995
3 1243 5056 5266
3 5199 5188 7787
3 1587 1590 6826
3 936 937 6925
3 5044 5018 7121
3 5227 3902 6831
3 5155 4056 7044
3 4363 3862 6992
3 635 4830 7364
3 5524 704 5526
3 5596 4432 5604
3 5811 5810 7245
3 6896 1461 6986
3 3127 3126 4966
3 2065 2074 5246
3 4448 4643 7753
3 7403 5150 7805
3 432 7232 7465
3 1682 6830 6918
3 1395 5480 6887
3 2883 2471 6825
3 3375 5125 5337
3 1838 2603 5480
3 1986 834 4950
3 6085 7100 7172
3 362 71 5278
3 3435 3896 4919
3 6513 969 6832
3 837 810 5687
3 4681 5014 5015
3 4892 3038 5529
3 5210 5211 6914
3 5697 6066 6067
3 6337 6372 7322
3 5778 743 5783
3 489 89 6728
3 4388 6174 7125
3 2514 3172 5310
3 1015 1033 6229
3 4010 7068 7088
3 5634 5403 7437
3 1924 5593 7001
3 4738 5552 7118
3 1325 1323 5453
3 3187 2304 7452
3 7215 6129 7240
3 5179 4203 7348
3 5373 5165 7632
3 5380 5381 6462
3 7736 4401 7769
3 2047 2046 5051
3 3532 4055 4920
3 6186 6784 7185
3 4934 3622 5240
3 5381 3608 6462
3 5014 1217 5015
3 2865 2477 6848
3 4419 6640 7097
3 5323 5324 5325
3 1026 1924 7001
3 3338 4828 4829
3 4511 453 4512
3 4681 4680 5014
3 4805 1177 7974
3 2908 4904 5327
3 1104 6179 6836
3 2352 6227 7636
3 4966 4967 4971
3 3445 3446 5090
3 6079 3764 6385
3 60 61 4591
3 4187 5586 6821
3 3697 3757 5963
3 7045 1207 7171
3 4434 4441 5604
3 4826 3564 6573
3 5399 5398 6423
3 739 737 5783
3 591 5618 6234
3 5599 5837 6292
3 202 203 397
3 4426 6720 7179
3 4900 1383 6448
3 5338 4543 7724
3 2875 5365 7077
3 2219 2212 5215
3 4921 5677 6059
3 5173 2027 5174
3 160 408 4999
3 5066 2995 5607
3 2713 4927 5137
3 4561 5020 7214
3 3449 4777 7164
3 7536 4728 7778
3 4899 4004 6936
3 3198 4049 5607
3 3201 2135 5704
3 2578 3301 6974
3 5153 414 5155
3 2939 2507 5342
3 5752 4343 7074
3 375 4962 6602
3 6449 5781 6763
3 2151 2821 5659
3 5156 4423 5157
3 7145 4850 7638
3 4897 6778 7278
3 4156 5943 6537
3 4775 3939 4776
3 5677 2213 6059
3 5800 2230 5899
3 7449 4691 7555
3 5601 2623 7613
3 6006 6674 6915
3 5474 5276 5479
3 1748 5235 6501
3 476 4710 4711
3 5643 6481 6840
3 3896 4918 4919
3 4687 4717 4952
3 2078 2037 5178
3 4478 5248 6675
3 4500 5010 5199
3 7029 6742 7224
3 6820 4925 6889
3 457 204 6786
3 4920 4864 6760
3 5453 4609 6492
3 1597 1599 5299
3 3879 4987 7639
3 5334 3180 6620
3 1986 4822 4823
3 1663 1675 5873
3 1676 1430 5023
3 4630 5143 7915
3 4561 4948 5020
3 5819 4543 7756
3 5471 4366 7107
3 5536 4447 6282
3 2727 2726 2728
3 4900 4174 6575
3 5559 3890 5821
3 5037 4213 5038
3 5073 5536 6282
3 70 362 5277
3 402 5127 5128
3 5149 5180 7748
3 5657 1269 7350
3 2725 2724 2726
3 7289 5359 7970
3 4987 3879 7663
3 4974 2230 5800
3 2058 2175 6461
3 3788 3786 6940
3 5392 5391 6743
3 6655 3523 6777
3 5267 5442 6722
3 4982 2437 4985
3 5235 5846 7136
3 1988 4731 7458
3 2742 2744 5304
3 5084 3018 6585
3 466 163 5030
3 586 2361 6065
3 3977 3256 6359
3 93 94 4755
3 7104 3686 7220
3 1165 1162 5261
3 6193 5036 6448
3 5246 2074 7293
3 3253 3252 6359
3 4902 3454 5840
3 3291 3897 6914
3 4022 5110 6982
3 3568 4820 6004
3 5060 4601 7877
3 1162 1163 5261
3 5180 4571 7742
3 3130 6449 6763
3 6243 5142 6744
3 503 501 6757
3 6120 6879 7475
3 5791 5792 6195
3 2975 5036 6330
3 3804 5891 6070
3 2975 5035 5036
3 4949 4171 6470
3 4055 4864 4920
3 4056 5155 7043
3 5176 5175 5891
3 4134 5138 5994
3 805 4898 5642
3 5835 5833 6154
3 5093 5092 7510
3 2157 4899 6936
3 1029 5045 5946
3 5307 5305 5818
3 6575 4174 6661
3 3049 5028 5029
3 5596 2105 5816
3 5049 2050 5050
3 7100 2470 7172
3 4759 5441 6511
3 1419 4914 7036
3 791 792 5192
3 5991 5990 7319
3 1395 1346 5480
3 6806 5995 6901
3 2209 2214 5215
3 2836 3050 5324
3 2351 5460 6840
3 4004 6828 6854
3 5515 3352 7472
3 5940 7736 7769
3 3618 4636 7816
3 4183 6079 6385
3 1706 5284 6426
3 4579 6096 6952
3 6183 6184 6185
3 5046 4335 5047
3 3676 5177 6540
3 5100 6736 6903
3 5312 5311 5315
3 6084 2336 6085
3 5173 5174 5419
3 5119 5122 5189
3 2603 4980 5480
3 4690 3597 5079
3 1194 5835 6154
3 6041 7141 7247
3 5454 4663 6860
3 5547 1642 7374
3 5136 926 6135
3 5139 936 6925
3 5320 6206 7247
3 2348 6512 6787
3 2002 4837 5566
3 5237 3687 5437
3 6143 2623 7540
3 402 349 6803
3 5112 3858 6084
3 1818 5453 6492
3 1563 1803 5225
3 4859 6888 6985
3 4858 418 7354
3 5422 1682 6918
3 3173 7309 7504
3 4592 7114 7570
3 5459 5460 6409
3 5460 2351 6409
3 2955 5389 6112
3 5118 5119 5189
3 1261 5037 5361
3 3912 6533 6672
3 5744 3642 7618
3 2218 4921 6020
3 2727 2728 3176
3 4749 4751 4942
3 2886 5175 5706
3 3129 3128 5070
3 2725 2726 2727
3 4199 5596 5816
3 7073 4352 7096
3 3912 5222 6797
3 6085 2336 6237
3 4083 3093 5075
3 783 4939 7324
3 1416 4810 7919
3 1913 505 5926
3 918 920 5544
3 1361 4213 5037
3 424 6923 7041
3 4221 1210 7366
3 704 5524 5528
3 5756 2896 5992
3 2666 2665 5083
3 3018 2907 6585
3 5856 4240 6469
3 3563 3191 4849
3 2700 3454 5686
3 5777 743 5778
3 6096 4579 7054
3 2129 2494 5793
3 5177 5148 6540
3 2538 5566 5947
3 3908 5205 6708
3 133 134 4676
3 3989 4673 5759
3 684 824 5347
3 5085 5086 6072
3 4685 5540 7962
3 4668 5238 7917
3 1167 1168 5014
3 203 148 4761
3 5640 5639 6712
3 370 6640 7083
3 4555 3584 5451
3 7534 6320 7569
3 6855 4442 7538
3 5016 3674 6122
3 4086 2869 7634
3 6210 3696 7381
3 3091 4082 5053
3 2728 3188 3189
3 3624 5640 6712
3 4886 2294 7335
3 2437 4982 5360
3 2406 2408 5463
3 2981 1265 5594
3 4300 7289 7970
3 6310 393 7383
3 384 220 6882
3 2082 2073 2724
3 5171 5172 5419
3 5994 4709 6382
3 2479 5443 6958
3 374 5493 7963
3 966 5511 5554
3 591 588 6065
3 2013 2017 5173
3 424 84 5842
3 5225 1803 5226
3 1383 6193 6448
3 3563 4849 4851
3 1747 1739 6501
3 1243 5266 6138
3 5031 3658 5039
3 5428 3523 6894
3 5309 5818 7339
3 4756 2226 7587
3 5683 5292 6051
3 5484 5345 5860
3 2955 5387 5389
3 4795 3721 5759
3 7248 5309 7339
3 165 166 4965
3 5705 372 7550
3 1383 4900 6575
3 6762 5389 6811
3 2689 4423 5156
3 6420 4728 7536
3 1406 6538 7979
3 4135 5581 5853
3 3468 5088 5089
3 2004 1079 5240
3 5071 2895 6892
3 5626 5627 6965
3 681 678 5542
3 5497 4169 6288
3 2230 4974 5848
3 2693 2836 5324
3 4875 451 5210
3 4510 4511 4513
3 3720 3718 6166
3 5321 4159 5902
3 3858 5112 6175
3 4739 369 4740
3 5043 1029 6144
3 2621 4601 5060
3 1766 1765 5659
3 418 4858 6994
3 3658 3258 5040
3 5384 4121 6808
3 2021 4825 7841
3 1601 5492 5838
3 2074 2063 5469
3 7495 374 7963
3 5127 402 5129
3 2213 5103 6059
3 4559 4558 4560
3 5155 7044 7983
3 2260 2634 6425
3 3565 5085 5087
3 2995 5598 5678
3 2623 6143 7708
3 4938 7424 7715
3 389 4976 4977
3 6266 5761 8023
3 5938 4834 7856
3 4411 7537 7589
3 1846 1733 5623
3 3770 5136 6135
3 3902 6642 6796
3 6372 4932 7322
3 4099 5023 6556
3 2650 2101 5720
3 5105 2882 5398
3 4999 408 5000
3 4963 310 7964
3 4986 4933 7097
3 5248 1800 6675
3 1436 548 7798
3 6743 5391 6752
3 5623 2098 6679
3 5921 1913 5926
3 5709 3166 5710
3 6495 4373 7165
3 5235 1748 5846
3 4103 3851 5321
3 6178 4153 6179
3 4373 7111 7165
3 3526 3432 3972
3 5002 1676 5023
3 2491 5752 7074
3 791 5192 5193
3 6732 5613 6790
3 4855 2112 6765
3 5160 5159 5168
3 1084 3715 5182
3 2379 2767 5118
3 5017 4205 7249
3 5125 5120 5337
3 7470 5689 7626
3 5236 5237 5437
3 429 5550 6895
3 2348 4861 6846
3 1706 1535 5283
3 5812 5811 7667
3 4563 3943 7394
3 3189 3191 3563
3 877 1988 5109
3 206 149 377
3 611 613 5181
3 6221 5936 7207
3 4833 2967 7572
3 4926 4352 7073
3 2082 2724 2725
3 2056 2058 6461
3 6002 4714 6077
3 3766 7398 7572
3 2995 2994 5607
3 4778 54 5126
3 2051 2050 5049
3 2073 2069 4895
3 4794 4792 5704
3 5227 5228 6642
3 4979 2603 5793
3 7484 1308 7522
3 5118 2767 5119
3 6921 4012 7085
3 3749 5791 6195
3 1676 5002 5364
3 3763 5081 5488
3 7474 5217 7560
3 4884 5756 5992
3 3526 4744 5608
3 382 5514 6327
3 2336 6084 6315
3 5055 417 7006
3 5129 402 6803
3 5130 2106 6048
3 3628 4926 7073
3 5308 5307 5309
3 5071 6892 7156
3 5693 5691 6401
3 3189 3190 3191
3 821 823 6007
3 1168 1217 5014
3 5980 5982 7022
3 5042 2282 5794
3 2251 5693 6401
3 7084 4085 7153
3 5743 434 5744
3 5080 1587 6826
3 4370 5856 6469
3 149 207 7937
3 4098 5097 5098
3 5833 2452 6154
3 5010 4500 5200
3 6658 4208 6878
3 5566 4837 5947
3 4830 635 7704
3 1257 7170 7341
3 6809 7607 7801
3 2687 6762 6811
3 4533 4811 7939
3 3585 3031 6850
3 5112 3702 6175
3 3090 3343 6415
3 1138 3616 5133
3 4601 5074 7877
3 4022 5109 5110
3 7420 1370 7541
3 1301 1363 5577
3 409 215 4924
3 1673 1477 5290
3 1004 4891 6880
3 5388 5387 6673
3 4969 3555 4970
3 5484 5482 5859
3 3896 4605 4918
3 4890 3088 6968
3 4442 6855 7800
3 2350 585 5946
3 3584 4645 5451
3 4816 299 7035
3 7856 4834 7947
3 2431 7449 7555
3 3763 5488 6063
3 5324 3050 5325
3 4996 319 7923
3 3597 3032 5079
3 5193 5192 7579
3 4859 1849 6770
3 2452 5833 5949
3 5526 704 7405
3 5889 7098 7103
3 5205 5285 6708
3 4743 5623 6679
3 148 204 457
3 2739 2740 3432
3 589 592 6144
3 1833 1983 6077
3 3433 3435 4095
3 1187 1189 5351
3 2631 1745 5101
3 5138 4134 5894
3 5133 3616 7833
3 355 425 5212
3 4787 4788 5034
3 5354 2323 6361
3 5404 2617 5405
3 3479 2621 5060
3 5446 5447 6333
3 7583 379 7950
3 4011 4012 6921
3 5217 4338 7560
3 4985 3046 6943
3 1350 7424 7847
3 3093 3094 5075
3 7369 5863 7573
3 5586 1788 6821
3 1706 5283 5284
3 6614 5912 6698
3 5812 7667 7725
3 4350 5959 8014
3 2532 637 5415
3 4350 2575 5958
3 2767 2486 5337
3 2662 2389 5962
3 920 1199 5544
3 1642 5547 7882
3 464 4978 7034
3 857 841 6123
3 1504 6433 6511
3 1670 1425 5950
3 2749 2733 5420
3 5175 3780 5706
3 2375 3155 5159
3 5532 1186 7270
3 5515 5516 5517
3 352 414 5153
3 5543 918 5544
3 2631 5101 6151
3 1890 6993 7168
3 3668 5258 5259
3 5219 5218 7592
3 2739 3526 5608
3 1055 5884 6691
3 4636 3618 7870
3 4904 2908 6658
3 5109 1988 5110
3 2670 2672 6245
3 5082 6896 6986
3 2732 5041 6267
3 518 520 6248
3 1390 1388 6186
3 3851 3347 4159
3 3346 3712 5111
3 5354 3729 6472
3 5401 4793 6099
3 4153 6178 7040
3 3972 4896 6326
3 5785 2883 6825
3 4646 5152 7901
3 682 684 5347
3 3897 5210 6914
3 5447 1829 6333
3 3658 5031 5300
3 5500 4552 5501
3 2985 2981 5594
3 1808 1857 6653
3 5045 6113 8019
3 4808 6214 7945
3 3191 3192 3464
3 5150 6551 7805
3 3432 3433 4896
3 2280 5563 6123
3 2273 5751 6261
3 4898 5643 6850
3 4051 5674 6390
3 1323 2922 5453
3 5390 5392 5393
3 3361 5302 5303
3 5103 2213 5734
3 5346 5347 6053
3 4118 4835 7020
3 2498 3090 6816
3 4719 5354 6472
3 5751 5746 6261
3 5773 5770 5777
3 2622 1925 6077
3 1477 1475 5290
3 5848 4974 6039
3 2008 2006 5151
3 5837 4648 6292
3 4719 4668 5417
3 2595 4755 7744
3 3627 1993 5137
3 5336 4588 7709
3 420 6908 7672
3 3479 4972 5207
3 55 423 5126
3 6727 3574 7040
3 3719 4795 6020
3 6118 5164 6576
3 3468 3469 5088
3 7551 6153 7614
3 2123 2122 2665
3 3126 2811 4968
3 580 582 5655
3 2105 5596 5604
3 86 369 4739
3 5159 3155 5168
3 3616 7468 7833
3 582 2350 5655
3 792 795 5192
3 3165 5044 7121
3 4925 3831 6889
3 6227 2352 7729
3 54 55 5126
3 323 428 5516
3 3305 5312 5313
3 669 4873 7174
3 4086 7634 7865
3 4508 6037 7112
3 6647 4551 7487
3 5019 2243 5875
3 4259 4261 5872
3 5477 4114 5478
3 5100 1880 6736
3 1104 1100 6179
3 590 591 6234
3 926 5136 5644
3 1205 951 5501
3 4347 4411 7589
3 678 2189 5542
3 4939 783 7847
3 637 639 5415
3 4155 6630 7203
3 7319 5990 7982
3 5949 5950 6246
3 1396 4867 7029
3 406 4816 7396
3 2083 2028 5206
3 1133 4871 4872
3 1283 6732 6790
3 5106 1955 5107
3 2739 3432 3526
3 2452 5949 6246
3 5627 3221 6965
3 4294 5531 6570
3 6659 5140 7524
3 5671 7162 7390
3 476 125 4710
3 3697 3121 3698
3 3806 2406 5463
3 1625 5299 6197
3 214 215 409
3 4712 386 4713
3 3419 3214 3852
3 5224 1561 5225
3 5227 1803 5228
3 1818 1325 5453
3 4923 3817 8000
3 4585 4584 7658
3 5239 3988 5766
3 7488 4405 7765
3 5488 934 6063
3 4089 5135 7020
3 4118 3644 7131
3 3642 5744 7782
3 7054 4579 7377
3 7732 3906 7759
3 915 918 5543
3 7455 4613 7515
3 2243 5019 5874
3 3622 2004 5240
3 6665 3000 6769
3 505 503 5926
3 5694 5693 6677
3 3046 2433 6981
3 1776 1828 6031
3 1919 1663 5873
3 1608 1384 5363
3 2055 2079 5676
3 3458 4419 5214
3 1740 1608 5363
3 4468 4874 7958
3 1086 1084 5182
3 3027 3029 5684
3 3005 1015 6229
3 3575 5397 7422
3 310 4963 7376
3 1857 1858 2122
3 5355 3900 8035
3 4745 3973 4746
3 4613 4777 7515
3 2036 5148 5177
3 2110 5288 5289
3 2124 2126 2739
3 3704 2816 5209
3 85 4739 5842
3 2036 2033 5148
3 4762 457 4763
3 5154 5155 7983
3 4197 6996 7023
3 5199 1939 7817
3 5041 3933 5961
3 3214 3129 5070
3 672 4803 7575
3 3176 2728 5059
3 53 54 4778
3 855 877 5109
3 1334 1331 7062
3 2903 5362 5363
3 400 66 5184
3 3621 5276 5474
3 3684 5559 5821
3 6027 6318 6884
3 4295 4202 7187
3 5164 5165 6576
3 5964 6702 6772
3 1239 1187 5351
3 6220 6221 7207
3 3236 4314 5229
3 587 1029 5946
3 4802 5145 5209
3 3273 3621 5474
3 3419 3852 4550
3 3883 5099 5100
3 125 126 4710
3 5206 2529 5353
3 5757 4884 6848
3 5838 4126 6482
3 613 1273 5181
3 3661 3575 7523
3 3716 5431 5621
3 358 359 456
3 5569 3168 7209
3 3757 3698 4334
3 5096 4103 5108
3 4846 4847 6932
3 5375 5838 6482
3 2116 5553 5726
3 5708 6230 7793
3 7014 4559 7717
3 2443 6470 6634
3 6218 4707 6492
3 447 6778 7888
3 3482 2870 7306
3 1479 1673 5683
3 933 936 5576
3 7075 5378 7416
3 6784 4026 7185
3 2524 1390 6186
3 3604 5102 7640
3 5294 5293 6062
3 2689 5156 5329
3 4255 4257 5874
3 3614 5593 5672
3 5387 2955 6673
3 6118 2369 6681
3 1197 1234 6024
3 5870 1919 5872
3 322 323 5516
3 5371 5372 5373
3 3499 4066 5061
3 5232 1313 6226
3 3153 5776 6392
3 699 1888 5366
3 1857 2122 2123
3 1559 1561 5224
3 3779 3776 5078
3 6124 5728 6607
3 724 1999 5146
3 5850 1104 5852
3 4063 6622 7591
3 4333 5348 6705
3 4609 3927 6492
3 5077 5076 6264
3 2074 5469 5470
3 1537 5282 5283
3 7214 416 7238
3 1121 1036 5575
3 3890 5559 6666
3 136 137 2910
3 6433 4759 6511
3 4091 3299 5204
3 3526 3972 3973
3 3176 5020 7956
3 1861 1863 5765
3 3388 4081 5142
3 4107 6372 6577
3 5221 1701 5222
3 3632 5270 5271
3 1125 1047 5286
3 4914 1419 7138
3 4543 5819 7899
3 5812 544 7479
3 5295 5294 5296
3 4921 3717 6020
3 1596 1989 5242
3 1673 5290 5291
3 1116 5848 6039
3 1272 5496 6400
3 1768 1766 6924
3 1419 7036 7255
3 4121 4122 6808
3 5495 5617 6196
3 4504 4585 6928
3 5346 6053 6480
3 1739 1748 6501
3 6929 5815 6959
3 5403 5405 5406
3 5230 3613 5231
3 1341 5845 6124
3 4774 2519 7659
3 2736 3431 5395
3 6165 4132 6166
3 5550 5323 6895
3 4970 5132 7994
3 5149 4571 5180
3 4991 1117 4993
3 5779 5778 5780
3 5471 3864 7242
3 3077 2262 6425
3 3668 5257 5258
3 2104 5382 5383
3 3698 3699 5008
3 5155 414 7043
3 5926 503 6757
3 2050 2047 5051
3 4591 4875 7274
3 5067 5066 5607
3 4500 5199 7817
3 795 5191 5192
3 4171 4949 6662
3 2728 2726 3188
3 5625 5624 6637
3 5792 3946 6195
3 2494 3379 5793
3 5184 5185 6377
3 5236 2103 5237
3 4511 4512 5529
3 1849 4859 6985
3 1962 1806 5269
3 5103 5734 5965
3 132 133 3310
3 158 159 460
3 3347 3127 4966
3 5288 6514 6519
3 5089 5088 5104
3 465 342 6310
3 3697 3698 3757
3 4282 5864 6498
3 2889 4149 6865
3 5371 5368 5372
3 5409 4199 5816
3 5357 5359 5967
3 2733 3381 5420
3 6165 593 6234
3 3361 5301 5302
3 4159 4966 4971
3 4945 3619 7409
3 1993 1992 5137
3 2967 4833 7727
3 2724 2073 4895
3 4244 7045 7171
3 5919 5915 6649
3 5919 1913 5921
3 2087 5049 5342
3 3441 4571 5149
3 5531 1140 6570
3 6243 4549 7368
3 27 28 4797
3 4483 6809 7801
3 5617 960 6196
3 1964 1935 5724
3 6009 4363 6992
3 4997 1283 6790
3 2515 3853 6856
3 2368 3222 6862
3 3015 3121 3697
3 5338 3375 7756
3 97 98 4876
3 2377 2379 5118
3 3239 4141 5257
3 3973 3972 4943
3 3491 4542 5270
3 3946 5792 6769
3 3015 2666 3121
3 4932 4931 7322
3 1067 1064 5262
3 963 969 5505
3 3316 3709 5265
3 4480 3405 5213
3 5398 2882 6423
3 5342 5050 6964
3 5851 5850 5852
3 2062 2059 5467
3 5810 5786 7245
3 2822 6929 6959
3 5268 2637 5269
3 475 6021 6902
3 4842 6902 7617
3 5774 3222 6884
3 5787 4147 6987
3 3823 5232 6226
3 1263 1361 5037
3 4869 2869 7357
3 5110 6694 6982
3 5253 5250 5424
3 5631 6563 7262
3 4379 3401 5220
3 3853 4504 4975
3 7524 5140 7670
3 6544 2386 7434
3 1561 1563 5225
3 5081 3763 5487
3 3042 5357 5967
3 2231 2507 2811
3 2179 2181 5369
3 5088 4318 5104
3 2062 5467 5468
3 5068 654 7298
3 3366 3445 5093
3 4595 4596 8014
3 4189 4188 5755
3 1705 5427 5428
3 5884 4856 6691
3 3189 3188 3190
3 3776 3774 5078
3 5716 5219 6245
3 1537 1539 5282
3 3718 5621 6166
3 4745 4746 4840
3 3670 5205 7026
3 5036 6193 6330
3 2123 2665 2666
3 5502 962 5503
3 1109 1135 5247
3 3254 4040 5301
3 4132 6165 6234
3 1169 1121 5575
3 3340 5144 6103
3 2107 5279 5280
3 164 165 367
3 1675 2243 5873
3 5598 3746 5678
3 2644 2085 5348
3 991 5562 5928
3 3864 611 5181
3 3907 6614 6698
3 6010 1516 6447
3 2293 5665 6271
3 3446 3468 5090
3 5273 3603 5274
3 3907 6698 6699
3 2085 2075 5348
3 3684 5557 5559
3 5061 4066 7061
3 3287 3613 5230
3 3109 2670 6245
3 4552 1205 5501
3 1165 5261 6159
3 5021 3176 5059
3 2373 2375 5159
3 3462 5564 5565
3 1557 1701 5221
3 2355 2357 5487
3 3172 5308 5310
3 2079 2087 2231
3 4746 3973 4943
3 3972 3432 4896
3 1673 5292 5683
3 1803 1565 5228
3 2014 2011 5172
3 2466 5449 5471
3 5056 5265 5266
3 959 962 5502
3 88 489 5316
3 1889 5196 6033
3 5416 5622 5906
3 5672 5593 5673
3 2104 1569 5382
3 410 139 4405
3 5119 2767 5120
3 4838 5450 5893
3 2231 2087 2507
3 6940 1979 7051
3 436 4897 7278
3 4915 5823 5824
3 5247 4210 6429
3 4512 4892 5529
3 1252 5401 6099
3 4329 4330 7722
3 2724 4895 6476
3 5534 1292 7943
3 5250 2803 5424
3 5502 5503 5504
3 2067 2065 5246
3 5516 428 5517
3 2811 2507 2938
3 4409 2904 5322
3 142 143 3593
3 1442 1448 5600
3 5039 3658 5040
3 5276 5278 6841
3 3757 4334 4335
3 6486 7207 7439
3 2408 2411 5463
3 823 3974 6007
3 1553 2103 5236
3 1186 5532 7404
3 1300 1301 5577
3 2422 2420 5234
3 4905 4221 7366
3 5475 331 5970
3 1052 1138 5133
3 5216 4338 5217
3 4981 3241 6887
3 6470 4171 6634
3 729 731 6466
3 2106 943 6048
3 216 217 461
3 1033 1117 6229
3 2712 3458 5214
3 985 5390 5393
3 5599 5600 5837
3 5035 2975 6248
3 1102 1104 5850
3 4917 5400 5632
3 5145 3704 5209
3 5075 4398 5076
3 5518 625 5528
3 5610 3837 7928
3 2938 3366 3555
3 6041 7247 7666
3 3029 3585 5684
3 4287 5056 6581
3 5323 5325 6895
3 417 5054 6728
3 5225 5226 6917
3 4084 7215 7240
3 5330 2106 5332
3 2637 1962 5269
3 2282 5042 6144
3 2480 5834 5966
3 974 5459 6409
3 3301 6534 6974
3 4170 5284 6827
3 1495 1494 5285
3 1808 1809 1857
3 3844 5268 6230
3 5767 5750 5768
3 2912 3236 5229
3 5273 5274 5275
3 2748 3091 5053
3 5241 705 5862
3 2079 2054 2087
3 3905 5267 6722
3 5845 1341 6130
3 1535 1537 5283
3 4328 7534 7569
3 5467 5676 6436
3 2006 3622 5151
3 2481 2480 5966
3 1711 5294 5295
3 4912 5025 6824
3 4561 4560 4948
3 3241 1627 6887
3 4860 7583 7950
3 4867 6742 7029
3 2179 5369 5577
3 3718 3716 5621
3 841 2280 6123
3 5450 4645 5893
3 4818 6220 6721
3 5265 3709 5266
3 2289 2285 5375
3 4927 3627 5137
3 1079 1076 5240
3 2770 2139 5300
3 319 4996 7454
3 408 7158 7799
3 5257 4141 5258
3 3432 2740 3433
3 5179 3676 7087
3 2999 3661 5438
3 5724 2579 6877
3 4409 5322 5323
3 5232 5233 6088
3 758 717 5356
3 3609 4802 5209
3 4635 6565 6950
3 2226 4756 7808
3 5574 5575 6613
3 1705 1545 5427
3 5241 5862 5863
3 5667 2218 6020
3 1851 1853 5571
3 4102 3851 4103
3 5533 4589 6347
3 5164 6118 6681
3 5249 2803 5250
3 2806 3476 5658
3 5144 3340 5633
3 3596 3032 3597
3 577 575 5622
3 5270 4542 5271
3 4623 7484 7522
3 2293 5663 5665
3 3277 3603 5273
3 3530 3532 4398
3 2107 1541 5279
3 4094 5656 5658
3 3817 3597 4689
3 1045 7530 7743
3 5950 1425 6246
3 1029 589 6144
3 1163 3668 5261
3 1412 1413 1615
3 5154 5153 5155
3 5864 1891 6498
3 5374 1601 5838
3 4350 5958 5959
3 5426 5437 6522
3 2110 1471 5287
3 655 2097 5376
3 1935 2579 5724
3 3457 7445 7490
3 5455 5533 6347
3 462 5153 5154
3 5292 6163 7875
3 5024 2108 5025
3 5684 3585 6840
3 4902 3578 5686
3 5025 5027 6824
3 6067 537 7463
3 711 2864 5335
3 3596 4889 5720
3 355 356 425
3 2389 3099 5962
3 4079 7648 7771
3 625 627 5528
3 1641 1639 6303
3 5520 5518 5528
3 4562 3493 5349
3 2497 2736 5395
3 4899 2157 7030
3 5559 5557 5560
3 4043 7213 7527
3 1533 1706 5339
3 2739 2126 2740
3 2603 2129 5793
3 4738 7118 7507
3 6088 5233 6146
3 5431 3886 5621
3 2850 3491 5270
3 4019 3263 5465
3 2744 3361 5304
3 4800 369 5316
3 5394 2497 5395
3 3067 3065 6561
3 4318 3499 5061
3 2166 5636 7542
3 5803 4337 6873
3 5380 1810 5381
3 2864 713 5377
3 5867 1741 7492
3 5571 5570 6562
3 1992 1995 5137
3 4311 3646 4312
3 5175 2886 5891
3 4526 5708 5709
3 4226 6420 7536
3 5301 4040 5302
3 4102 4846 6932
3 2875 691 5365
3 5182 3715 7586
3 3696 6210 7921
3 1361 1412 4213
3 997 2120 5556
3 1135 1219 5247
3 6155 5260 6990
3 7445 4587 7490
3 7128 5527 7385
3 5168 3155 5189
3 1682 5422 7060
3 5669 3046 6981
3 7102 2078 7348
3 3143 3346 5111
3 2177 5364 5548
3 3411 3413 5440
3 1361 1362 1412
3 3674 1837 6122
3 3336 5609 5610
3 5267 3709 5442
3 3348 3347 3851
3 5172 5173 5419
3 3852 3214 5070
3 2418 3239 5257
3 5755 2896 5756
3 4799 4597 7819
3 1863 2519 5765
3 5090 5089 5091
3 2752 3254 5301
3 3698 3121 3699
3 5682 3982 6659
3 5050 5051 5052
3 3011 3012 3032
3 4683 4594 7093
3 329 427 5494
3 2122 2124 5608
3 3094 3530 5075
3 941 2106 5330
3 3346 3574 3712
3 4850 7145 7200
3 3105 3492 5200
3 1592 1596 5242
3 5296 5294 5297
3 2458 2531 2947
3 3741 4384 5201
3 4723 4103 5096
3 3388 3578 4081
3 5488 5081 6787
3 2697 4088 5198
3 7114 441 7570
3 3315 3316 5265
3 2803 2164 5423
3 5794 2282 6238
3 1688 1442 5600
3 3530 4398 5075
3 3619 2543 5445
3 3844 2639 5268
3 1317 1316 1384
3 2146 2147 2458
3 1599 5295 5299
3 5740 5166 6759
3 3091 3093 4082
3 1272 1061 5496
3 4165 3188 6476
3 5497 6288 6400
3 2812 2811 3126
3 1961 2635 5682
3 5390 986 5391
3 2651 2650 3075
3 5413 2111 5414
3 430 4995 6443
3 3312 4338 5216
3 1028 5787 6987
3 5447 5448 6774
3 3472 3499 4318
3 7658 4584 7755
3 6544 7434 7547
3 4188 5754 5755
3 6025 7193 7208
3 160 161 408
3 6453 4317 6985
3 3104 3105 5200
3 3191 3190 3192
3 3076 3075 3949
3 3011 3596 5720
3 2059 2057 5467
3 2816 2777 5209
3 3661 7523 7645
3 5734 2221 5965
3 5121 5120 5123
3 2758 770 5461
3 5049 5050 5342
3 544 5812 7725
3 4314 4091 4666
3 5458 3027 5684
3 5556 2120 5557
3 923 926 5644
3 4082 3093 4083
3 3693 3104 5200
3 5196 1889 6034
3 462 351 5153
3 6702 2897 6772
3 4312 4787 4858
3 6674 3913 6915
3 2921 7585 7679
3 2573 2999 5438
3 2322 2325 6361
3 1485 1601 5374
3 5509 1861 5765
3 4051 5673 5674
3 697 699 5366
3 1629 2118 5436
3 1317 2281 5814
3 5083 2665 7810
3 3684 5556 5557
3 3188 2726 6476
3 3513 4408 5456
3 5907 5753 6169
3 2007 2008 2009
3 2005 2006 2007
3 2009 2010 2011
3 1862 1860 5409
3 5432 4574 7788
3 4416 5033 7546
3 109 110 448
3 2113 872 5507
3 2122 1858 2124
3 3949 4737 4738
3 4156 6537 6554
3 4081 3578 4866
3 5119 5120 5121
3 1363 2179 5577
3 4132 3720 6166
3 3991 4947 7411
3 2458 2147 2531
3 2100 2101 2650
3 7022 5982 7228
3 3933 3259 5407
3 162 163 466
3 3578 2947 5686
3 1921 2497 5394
3 3764 5717 6385
3 702 705 5241
3 1774 1776 6031
3 1385 1384 1608
3 4512 4791 4892
3 4955 4957 4960
3 2032 2077 2146
3 5343 682 5347
3 3897 3293 7602
3 3749 3700 6656
3 3745 3923 5187
3 3656 2832 5360
3 377 4806 7691
3 1110 2004 2005
3 1609 1608 1732
3 1107 1089 2093
3 1189 1126 5685
3 5425 1696 5426
3 6611 4527 7977
3 3388 2947 3578
3 644 2111 5413
3 2639 2637 5268
3 575 2874 5622
3 3185 5392 6743
3 2146 2077 2147
3 4334 3698 5008
3 2975 518 6248
3 2543 1882 5445
3 2030 2529 5206
3 5271 363 8015
3 2037 2036 5178
3 2226 666 5483
3 397 6801 7124
3 1853 1942 5571
3 5924 7732 7759
3 476 4711 5355
3 3763 2355 5487
3 3800 5794 6238
3 6438 2612 7936
3 4039 3255 5421
3 2163 2803 5249
3 3616 1213 5814
3 4169 5497 6287
3 2602 1787 5462
3 951 953 5501
3 3033 3850 5079
3 2466 538 5449
3 5433 4050 5434
3 4857 4259 5872
3 1090 1107 6042
3 1852 1850 6536
3 6372 6337 6979
3 501 768 6757
3 66 67 5184
3 2011 2010 2013
3 4955 4960 6298
3 1258 1259 1316
3 5851 4585 7658
3 2009 2008 2010
3 1828 5606 6031
3 3445 5092 5093
3 5101 1846 5102
3 2098 2099 2100
3 2007 2006 2008
3 1061 1059 5496
3 2139 2138 5300
3 2054 2051 5049
3 2700 2748 3454
3 3155 2377 5118
3 4192 4189 5755
3 5078 3774 6109
3 3229 2521 5719
3 5150 440 6551
3 3042 5317 5357
3 4526 3845 5708
3 2252 2255 5736
3 1242 1197 6024
3 2904 2692 5322
3 5482 675 5859
3 3596 3597 3817
3 5111 3712 5904
3 1795 2534 5293
3 4837 4786 5947
3 2140 2136 5512
3 3033 3035 3850
3 409 4924 7924
3 5388 5978 6023
3 2005 2004 2006
3 351 352 5153
3 1213 1214 1258
3 627 704 5528
3 3011 3032 3596
3 3464 3192 4846
3 2032 2023 2077
3 1913 5919 6649
3 3851 4159 5321
3 6425 2634 7295
3 5779 5780 5781
3 2017 2019 2027
3 914 915 5543
3 4611 3580 6068
3 3982 4593 5140
3 2314 7208 7228
3 3454 2748 5053
3 1428 1368 5490
3 3418 2239 3618
3 4929 325 7304
3 5259 5258 5260
3 5284 5283 6944
3 3441 3602 4571
3 3336 3331 5609
3 2803 5423 5424
3 3032 3033 5079
3 2866 2861 2867
3 2480 1670 5950
3 5448 3813 5481
3 4884 4882 6848
3 3614 2993 5591
3 6545 3920 6620
3 3600 3441 5149
3 4964 7551 7614
3 1138 1139 1213
3 5579 22 6290
3 4738 4923 5552
3 1573 1810 5380
3 2860 2631 2861
3 4416 7546 7609
3 5402 4215 5404
3 2938 2939 3366
3 458 4824 5170
3 5613 2483 6465
3 1745 1743 5101
3 6069 7752 7809
3 1341 6124 6607
3 1094 2384 6177
3 6287 2088 6691
3 5467 2057 5676
3 2483 729 6466
3 5322 2693 5324
3 87 88 5316
3 4904 6658 6878
3 5052 5051 7280
3 3138 3139 3441
3 1258 1317 5814
3 1687 1428 5490
3 4967 3126 4968
3 2785 5581 6854
3 1173 2176 5538
3 5023 1374 6556
3 6220 2577 6721
3 2867 2868 3138
3 7680 3043 7747
3 5372 2784 6576
3 5066 5063 5598
3 1138 1213 3616
3 2314 6025 7208
3 872 848 5507
3 5647 2292 6767
3 2529 3060 5353
3 5524 5520 5528
3 2239 1239 5351
3 2531 2700 5686
3 7221 1146 7287
3 1690 818 5611
3 1498 1495 5285
3 1733 1732 5623
3 4149 5544 6771
3 5325 3050 5326
3 5249 5251 5256
3 5736 5735 6309
3 1618 1807 1808
3 4982 3656 5360
3 354 355 5212
3 3144 2662 5962
3 1258 1316 1317
3 6537 1647 6554
3 3558 7198 7483
3 983 986 5390
3 7530 4665 7743
3 2664 2373 5159
3 1110 1079 2004
3 1047 1050 5286
3 635 632 5489
3 4917 5632 6437
3 2055 2054 2079
3 2730 5315 7370
3 2379 2486 2767
3 3796 5907 6169
3 2028 2030 5206
3 4610 3580 4611
3 5162 5160 5166
3 680 682 5343
3 4261 4718 5872
3 435 5763 5764
3 4159 3347 4966
3 5226 1803 5227
3 5633 3340 6110
3 1923 2501 5506
3 1019 854 4022
3 3366 3367 3445
3 5401 1302 5997
3 932 933 5576
3 5498 958 5499
3 5355 4541 7848
3 5050 2050 5051
3 5823 4915 5929
3 7361 1615 7607
3 5513 322 5516
3 2942 4230 7080
3 3476 4094 5658
3 1743 1733 1846
3 1050 5133 5286
3 2285 2119 5375
3 5317 3042 5660
3 4211 4323 5457
3 2824 3749 6418
3 1046 1047 1125
3 113 114 6428
3 3155 5118 5189
3 4588 4589 5648
3 3321 2912 5229
3 1020 1021 1046
3 4048 4050 5433
3 2369 2370 2371
3 3805 5663 6263
3 5493 328 5494
3 4243 7244 7252
3 6677 6367 6863
3 3076 3949 6068
3 2626 2535 2912
3 215 216 4924
3 592 2282 6144
3 1989 1625 1990
3 3575 7422 7523
3 3629 6371 6782
3 4955 4956 4957
3 537 6067 7812
3 5056 1243 6581
3 5367 2784 5372
3 1089 1086 5182
3 2534 1937 2535
3 3591 4759 6433
3 4977 4797 7912
3 4863 3744 5187
3 4850 4848 7638
3 1317 1384 1385
3 3333 3331 3336
3 1005 1006 1020
3 2025 2028 2083
3 5397 4009 6814
3 5339 1706 6426
3 5019 4255 5874
3 3845 3844 5708
3 486 5321 5902
3 2546 3010 3011
3 2713 2712 5214
3 672 662 5583
3 328 329 5494
3 1991 1990 1992
3 3014 2666 3015
3 2488 2548 3375
3 2367 2368 2369
3 2100 2650 2651
3 5627 5625 5628
3 3617 5219 5716
3 5804 4695 6560
3 1814 1861 5509
3 904 2117 5511
3 5435 3281 6379
3 1414 493 5799
3 7648 5530 7771
3 4177 3498 4333
3 5632 1375 6437
3 6703 5091 7210
3 1549 1696 5425
3 1732 1740 2098
3 652 655 5376
3 3628 3627 3629
3 1787 1782 5462
3 3559 4530 5385
3 6199 2314 7228
3 2371 2372 2373
3 5694 4305 6970
3 2375 2377 3155
3 831 834 1986
3 2379 2380 2486
3 2651 3075 3076
3 1382 7386 7611
3 2377 2378 2379
3 3490 6276 7328
3 1251 1302 5401
3 3867 5820 6606
3 2948 2947 3388
3 384 4775 7482
3 5138 5894 5895
3 2630 1745 2631
3 435 256 5763
3 5888 7420 7541
3 818 816 5611
3 5408 4019 6162
3 2551 5418 6133
3 136 2910 6989
3 5568 3168 5569
3 4066 4548 4549
3 3606 4868 5455
3 2323 2322 6361
3 3238 3127 3347
3 1760 1758 5853
3 3743 5203 5766
3 974 2383 5459
3 3499 3572 4066
3 768 5925 6757
3 344 345 5379
3 4731 4722 4732
3 3236 3299 4091
3 4296 5790 6736
3 1995 2713 5137
3 2712 2714 3458
3 2375 2376 2377
3 1259 1261 5361
3 2104 5383 6642
3 1766 5659 6924
3 3472 3473 3499
3 1261 1263 5037
3 5031 2770 5300
3 1384 2903 5363
3 3458 3459 4417
3 2136 2134 5512
3 5369 5370 5577
3 5411 4286 7323
3 3389 3388 5142
3 617 3118 5582
3 1123 1208 5957
3 4136 4725 6257
3 2912 2913 3236
3 1995 1996 2712
3 4277 4280 5412
3 6426 4170 6524
3 3114 2542 5329
3 2993 2987 5591
3 5042 5043 6144
3 1385 1608 1609
3 2786 2538 2793
3 5465 5466 6162
3 5178 5177 5179
3 1696 5236 5437
3 4327 4520 5540
3 2255 2258 5736
3 900 966 5553
3 2999 3394 3575
3 3685 3114 5329
3 4931 4933 4986
3 4180 5105 5398
3 5237 2103 6672
3 2690 3620 5411
3 5039 5040 5058
3 877 1005 1988
3 1795 1801 1937
3 3065 4420 6561
3 4315 3780 5175
3 1212 5169 7521
3 4129 3320 5588
3 3629 4927 4928
3 5221 5222 6672
3 1992 1994 1995
3 4928 4930 4931
3 2365 2784 5367
3 3394 4009 5397
3 1596 1597 1625
3 2373 2374 2375
3 1614 1717 5969
3 3267 3994 5464
3 5943 4156 6881
3 2538 1915 5566
3 2357 2360 5487
3 460 159 4999
3 352 353 414
3 1623 1629 5436
3 877 878 1005
3 4797 28 7912
3 1743 1846 5101
3 1074 1073 4934
3 1080 1079 1110
3 5063 3748 5598
3 5618 4132 6234
3 1112 1034 5508
3 1052 1119 1138
3 7319 403 7543
3 5368 5367 5372
3 1758 4135 5853
3 2606 6459 7212
3 393 344 5379
3 1609 1732 1733
3 4689 3597 4690
3 6555 5105 6764
3 2486 2487 2488
3 991 857 6123
3 4418 4618 4619
3 367 165 4965
3 5266 3709 5267
3 3736 3735 3737
3 3743 3741 5201
3 842 854 1019
3 2365 2366 2367
3 842 843 854
3 1263 1349 1361
3 5029 3325 7745
3 7192 4074 7193
3 3391 4575 6421
3 2292 1976 6242
3 5740 1097 6584
3 4750 4748 4753
3 7212 6459 7300
3 1791 1785 5641
3 2964 3617 5716
3 2024 2023 2032
3 460 5077 7737
3 4230 5490 6566
3 1234 5978 6024
3 5455 4868 5533
3 5776 5773 5777
3 5791 3749 6656
3 1452 1398 5624
3 5142 4081 6744
3 5441 1667 6511
3 5470 4847 6716
3 3032 3012 3033
3 734 732 1254
3 5551 584 7161
3 4257 4857 5874
3 7487 3593 7768
3 1050 1052 5133
3 2860 2861 2866
3 5019 5875 5971
3 3671 6069 7809
3 527 525 5410
3 2015 2014 2023
3 639 5413 5415
3 4946 4893 7237
3 5512 6426 6524
3 5691 2345 6401
3 6996 1114 7023
3 3734 3733 3735
3 1068 1067 2649
3 5663 2293 6263
3 4738 4737 4923
3 2083 6802 7236
3 5581 2150 5853
3 1509 1507 6285
3 1318 821 6007
3 3617 3312 5216
3 955 958 5498
3 5565 5564 7868
3 3994 5473 6060
3 3743 5201 5202
3 4962 375 7376
3 2371 2373 2664
3 3847 1123 5957
3 4327 4326 4449
3 5723 1964 5724
3 2128 1345 5539
3 1711 5293 5294
3 5251 5250 5252
3 1060 1059 1061
3 5969 5633 6110
3 3271 3273 5474
3 3702 5508 6175
3 4500 3693 5200
3 2335 2909 5446
3 3060 3061 3744
3 3481 2697 5198
3 3133 1993 3627
3 5466 5464 6060
3 962 963 5505
3 717 755 5356
3 2697 2428 4088
3 5407 5408 5961
3 1607 1605 5895
3 1599 1620 5295
3 2630 2631 2860
3 3024 3027 5458
3 5943 1660 6537
3 807 829 5461
3 314 378 5802
3 4325 4324 4326
3 1058 1057 1059
3 4766 4784 5616
3 5573 5572 5574
3 2664 5159 5160
3 5754 4188 5900
3 1712 1714 1795
3 728 726 1207
3 330 331 5475
3 1064 1063 5262
3 5235 5234 6501
3 350 351 462
3 6701 4333 6705
3 2109 3763 6063
3 3737 3743 5766
3 3618 7755 7870
3 3492 5010 5200
3 3299 3711 5204
3 4310 6611 6612
3 720 577 5622
3 3614 5591 5592
3 5568 5569 5570
3 4008 4954 4955
3 1412 1362 1413
3 5302 6010 6447
3 2175 3143 6461
3 5732 3791 6216
3 1888 702 5241
3 3469 3472 5088
3 426 336 5396
3 4905 3656 4906
3 520 1889 6248
3 5222 1701 5223
3 3711 4565 4566
3 327 328 5493
3 3734 3735 3736
3 815 710 816
3 321 322 5513
3 3949 3075 4737
3 3600 5149 5150
3 3813 3812 5481
3 2399 4148 6521
3 4315 5175 5176
3 3991 2560 5638
3 7198 4734 7483
3 671 675 5482
3 5136 4854 5719
3 2866 2867 2869
3 3575 3394 5397
3 2573 2863 2999
3 1020 1046 1048
3 4975 4546 7525
3 5820 1969 6606
3 4323 4322 4324
3 4051 5672 5673
3 7274 4875 8022
3 4858 4787 5034
3 2012 2011 2014
3 5562 991 6123
3 5364 5002 5548
3 1062 1061 1063
3 2511 2481 5966
3 741 743 5769
3 3764 3081 5717
3 2999 2863 3394
3 2635 3246 5682
3 5365 697 5366
3 2138 2509 5300
3 3715 1082 5485
3 854 855 5109
3 5836 5835 6911
3 3138 3441 3600
3 2542 2541 5329
3 5249 5250 5251
3 5238 3988 5239
3 2529 2530 3060
3 4676 365 7263
3 2626 2912 3321
3 557 559 5578
3 124 476 7848
3 3709 3319 5442
3 3246 3982 5682
3 3737 3741 3743
3 817 816 818
3 692 6726 6845
3 3071 2639 3844
3 2335 5446 6333
3 873 872 1198
3 2057 2055 5676
3 4210 3998 4211
3 2101 2546 5720
3 5837 1448 7461
3 1989 1990 1991
3 6326 436 6660
3 2100 2099 2101
3 1860 2526 5409
3 2534 2535 2626
3 1066 1064 1067
3 1596 1625 1989
3 3446 3448 3468
3 1651 1660 5941
3 3821 2149 5535
3 726 724 5146
3 908 1007 5597
3 5942 1660 5943
3 3626 3656 4905
3 2531 2699 2700
3 3458 4417 4419
3 3469 3471 3472
3 1372 534 5590
3 1862 5409 5816
3 4327 4449 4520
3 1313 5232 6088
3 623 625 5518
3 4532 5661 5662
3 2053 2051 2054
3 5377 758 5378
3 3671 7809 7845
3 4252 4293 6507
3 2176 5572 5573
3 3236 4091 4314
3 1674 1662 6343
3 713 715 5377
3 4571 3602 4976
3 5146 1999 7079
3 4906 4983 4984
3 3468 5089 5090
3 5511 2117 8007
3 5572 1169 5575
3 2271 2593 5495
3 538 540 5449
3 2420 1747 6501
3 4048 3354 4050
3 4325 4326 4327
3 3198 2996 3354
3 2488 2489 2548
3 2002 2003 2596
3 1620 1709 1711
3 755 2758 5356
3 2596 2597 2818
3 3850 3035 5046
3 2511 5828 5975
3 6010 4302 6713
3 3441 3139 3602
3 1995 2712 2713
3 1620 1711 5295
3 3806 6142 6383
3 815 2808 5862
3 1795 1937 2534
3 4918 4605 4922
3 1850 1979 6536
3 2549 2567 5819
3 5545 1116 6507
3 5395 3431 6008
3 202 7132 7926
3 3333 3336 3338
3 4312 4786 4787
3 4323 4324 4325
3 1592 1594 1596
3 3731 3733 3734
3 3617 5216 5218
3 1711 1712 5293
3 3138 2868 3139
3 348 349 402
3 1944 3168 5568
3 1639 3885 6303
3 2994 2993 2996
3 819 818 820
3 2165 2163 5249
3 849 848 872
3 5347 824 6053
3 559 1206 5578
3 3206 3768 5549
3 7151 6087 7154
3 4210 4211 5457
3 3727 3729 5354
3 821 820 822
3 1590 1592 5242
3 3618 2239 5351
3 1283 4997 6872
3 2131 5624 5625
3 823 822 825
3 826 825 848
3 2867 2861 2868
3 2023 2014 5171
3 4525 3845 4526
3 1922 1923 5506
3 5504 3252 7217
3 2672 2675 6245
3 3788 4909 7141
3 3133 3627 3628
3 5864 4478 6675
3 958 959 5502
3 1991 1992 1993
3 2295 5688 6181
3 1258 1214 1259
3 5064 5063 5065
3 3246 3981 3982
3 2996 3614 5672
3 3614 5592 5593
3 5746 5745 6261
3 2692 2693 5322
3 1507 1517 6285
3 4866 4902 4903
3 855 867 877
3 4995 430 7454
3 219 220 384
3 4240 4239 6469
3 999 997 5556
3 4287 6581 6822
3 3222 5774 6862
3 2107 5280 5281
3 3626 2832 3656
3 5904 5905 7457
3 1712 1795 5293
3 400 5184 6377
3 1072 1070 1073
3 2805 2806 5658
3 495 493 1414
3 2039 2037 2078
3 715 758 5377
3 2242 2364 2365
3 4928 4931 4932
3 4409 5323 5550
3 5349 3975 5350
3 1717 1821 5969
3 641 644 5413
3 834 835 842
3 2964 3312 3617
3 4999 5000 5444
3 1581 1583 2121
3 5344 5343 5346
3 3498 2644 5348
3 831 832 834
3 4770 4807 4809
3 2889 7099 7337
3 3457 5691 5692
3 770 807 5461
3 5334 6620 6685
3 3645 3646 4311
3 615 617 5582
3 5834 2480 5950
3 1024 652 5376
3 1673 5291 5292
3 1857 1809 1858
3 493 492 5799
3 2002 1826 2003
3 5679 223 5890
3 5390 5391 5392
3 3405 3407 5213
3 3198 3354 4048
3 5252 5253 5255
3 3011 3010 3012
3 691 694 5365
3 6562 5570 6571
3 2176 1171 5572
3 5514 5513 5515
3 4211 4322 4323
3 2045 2043 2046
3 5692 5693 5694
3 4200 4432 5596
3 1078 1076 1079
3 5964 5880 6598
3 6122 1417 6490
3 1058 1059 1060
3 4293 5545 6507
3 4166 5732 6216
3 129 130 6452
3 5741 4179 5742
3 3546 3822 4657
3 6476 4895 7878
3 3090 6415 6816
3 707 708 710
3 2994 2996 3198
3 3988 3736 5766
3 4761 4762 6801
3 707 815 5862
3 4813 4048 5433
3 4309 6286 7201
3 2818 2819 3504
3 3513 2904 4408
3 2290 2291 2692
3 1445 1405 1446
3 3312 3385 4338
3 3401 3403 5220
3 1569 1571 5382
3 325 4929 7864
3 5772 5770 5773
3 829 830 831
3 5692 5691 5693
3 4410 3226 6618
3 2519 4774 7791
3 1198 2113 2114
3 1750 1446 2599
3 2536 1915 2538
3 824 692 1314
3 4316 7084 7153
3 1668 1667 1826
3 1213 1139 1214
3 5010 4562 5188
3 3694 3693 4499
3 317 318 430
3 5243 3074 5244
3 3853 4503 4504
3 705 706 707
3 3106 3104 3693
3 2914 3998 4210
3 2892 2891 2893
3 3407 3409 3725
3 1407 680 5343
3 2081 2073 2082
3 2832 2461 5360
3 702 703 705
3 346 347 464
3 5313 5312 5314
3 3180 6545 6620
3 7020 4835 7256
3 2035 2033 2036
3 4744 3973 4745
3 2964 2965 3312
3 5937 452 7598
3 699 700 702
3 1046 1021 1047
3 1192 1193 5742
3 694 697 5365
3 2700 2733 2748
3 2163 2164 2803
3 2114 2115 2163
3 1481 1479 5683
3 3711 4566 5204
3 3307 2619 5723
3 815 816 817
3 1938 6070 6590
3 5982 5983 7696
3 699 702 1888
3 3492 3493 4562
3 3285 3287 5230
3 5276 5275 5278
3 3647 4988 5735
3 1723 1677 5364
3 4181 5398 5399
3 2232 5754 5900
3 2548 2549 5819
3 2013 2016 2017
3 1407 5345 5859
3 1695 1644 2822
3 1056 1055 1057
3 2719 2692 2904
3 2124 2739 5608
3 2990 2987 2993
3 2049 2047 2050
3 2990 2993 2994
3 3403 3405 4480
3 1056 1057 1058
3 3737 3738 3741
3 1020 1006 1021
3 3291 3293 3897
3 3399 3401 4379
3 2596 2003 2597
3 5483 5482 5484
3 6225 5774 6884
3 697 698 699
3 707 710 815
3 5382 5380 6462
3 2882 5105 6555
3 2599 2600 3104
3 4408 2904 4409
3 4220 6555 6764
3 3741 3742 4384
3 4854 3229 5719
3 5649 2805 5650
3 6664 1600 6835
3 4762 4763 4764
3 6774 5448 6779
3 4154 3307 5723
3 4306 3671 7845
3 7244 4804 7252
3 4566 4565 4567
3 4391 3559 5385
3 4471 3378 5645
3 4449 4664 4686
3 5062 5063 5064
3 1736 1452 5624
3 2287 2289 2290
3 5251 5252 5254
3 1601 5491 5492
3 5626 5625 5627
3 3834 5817 6136
3 5503 962 5505
3 159 160 4999
3 1565 1567 5228
3 3407 3725 5213
3 491 490 492
3 3729 3730 3731
3 3287 3289 3613
3 4369 3428 5612
3 4141 4139 4672
3 4063 5082 6986
3 2469 7625 7738
3 2560 2558 5638
3 1980 3098 6305
3 1998 1532 2134
3 3856 5728 6124
3 3546 4657 4860
3 5600 1448 5837
3 1142 1112 5508
3 3431 3359 3559
3 1164 1162 1165
3 1563 1565 1803
3 4181 4180 5398
3 2098 1740 2099
3 6368 3948 6380
3 5062 3748 5063
3 5065 5067 5068
3 2164 2395 5423
3 4679 5680 7205
3 427 330 5475
3 3731 3732 3733
3 1338 1335 7018
3 1573 1575 1810
3 666 668 5483
3 2369 2368 2370
3 1571 5380 5382
3 5167 5162 5740
3 1557 1559 1701
3 3705 3704 5054
3 1252 1251 5401
3 2829 3558 5737
3 3091 3092 3093
3 5588 4836 5589
3 5681 5679 5890
3 3371 3451 5631
3 2119 5374 5375
3 5442 4129 5443
3 2365 2367 2784
3 4088 5234 5235
3 5685 5850 5851
3 922 923 5644
3 983 981 986
3 1410 1175 5538
3 1459 1458 1518
3 5465 5464 5466
3 2461 2438 5360
3 3315 2629 3316
3 3301 3313 3314
3 1571 1573 5380
3 3403 4480 5220
3 906 908 5597
3 1166 1165 1184
3 1171 1169 5572
3 164 367 5030
3 4040 4039 4302
3 1555 1557 5221
3 1060 1061 1062
3 4892 4791 4893
3 1622 1314 1623
3 5407 4019 5408
3 2214 2207 5667
3 4969 4970 7994
3 1185 1184 1251
3 2628 2502 2629
3 1567 1569 2104
3 4211 4321 4322
3 4532 3692 5661
3 2509 2510 3258
3 2114 2163 2165
3 4651 3685 4652
3 3343 4180 4181
3 2395 2761 5423
3 3994 5472 5473
3 2135 2134 2136
3 5578 4236 6484
3 3031 3030 3087
3 684 685 692
3 1553 1555 2103
3 3727 3728 3729
3 3563 4851 4852
3 3258 3259 3933
3 985 983 5390
3 5426 1696 5437
3 682 683 684
3 134 135 365
3 2836 2838 3050
3 2884 3224 4949
3 5421 4138 5422
3 1732 1608 1740
3 2912 2535 2913
3 2521 2145 5719
3 3239 3240 4139
3 4124 3513 5456
3 3491 4336 4529
3 680 681 682
3 5806 2883 5973
3 5670 3831 5671
3 3621 5273 5275
3 5472 3271 5474
3 2241 2242 5367
3 902 904 5511
3 1378 1379 1532
3 5469 5468 6313
3 1949 1947 5701
3 4673 5215 5759
3 4423 2690 5411
3 4639 4638 5703
3 920 921 922
3 5025 5026 5027
3 1813 1814 5509
3 1937 1801 1938
3 5978 5388 6024
3 3029 3028 3030
3 3283 3285 4034
3 3629 3627 4927
3 2567 2568 2569
3 1302 1303 1378
3 2689 2543 2690
3 817 818 819
3 5122 5121 5124
3 2367 2366 2368
3 1532 1533 5339
3 5156 3685 5329
3 677 678 680
3 1749 1623 5436
3 4935 4642 4936
3 1063 1272 4624
3 5750 5767 6231
3 4931 4930 4933
3 3495 3497 3975
3 5557 2120 5558
3 2118 1920 4528
3 3279 3281 5435
3 2748 2749 3091
3 7710 4612 7820
3 5901 2292 6242
3 1230 1276 5910
3 4248 5839 6737
3 340 5804 6560
3 2165 5249 5256
3 5499 5502 5504
3 374 327 5493
3 2137 2136 2138
3 1775 1772 5567
3 4928 4927 4930
3 1407 5343 5344
3 950 951 1205
3 1160 1161 1162
3 3480 2697 3481
3 3236 2913 3299
3 6571 5570 7272
3 756 748 5784
3 1116 6039 6507
3 3457 2347 5691
3 3031 3087 3088
3 2771 2770 3339
3 3727 5354 6361
3 1404 1153 1405
3 1518 4061 4062
3 3029 3030 3031
3 2218 2203 5677
3 5171 2014 5172
3 5903 3187 7452
3 5086 4124 5456
3 3195 3197 5646
3 1384 1316 2903
3 5820 4296 6711
3 3254 3255 4039
3 6645 3952 6663
3 3900 6340 6445
3 3660 1205 4469
3 668 5482 5483
3 441 145 7438
3 2712 1996 2714
3 1551 1553 5236
3 6474 5688 6578
3 2942 2940 4230
3 2692 2291 2693
3 4062 4792 4794
3 2017 2018 2019
3 3458 2714 3459
3 1063 4624 5262
3 724 722 1999
3 3493 3495 5349
3 1567 2104 5228
3 1795 1714 1801
3 944 5330 5331
3 2371 2370 2372
3 2696 2428 2697
3 343 344 393
3 1251 1253 1302
3 6284 7331 7335
3 5772 5773 5775
3 1549 1551 1696
3 5370 5368 5371
3 675 676 677
3 163 164 5030
3 4469 4552 5069
3 1158 1159 1160
3 382 321 5513
3 886 887 888
3 5688 3797 6181
3 6822 1028 6987
3 1871 1873 5668
3 92 93 2595
3 1005 878 1006
3 2914 3997 3998
3 5428 5427 6777
3 884 885 886
3 1175 1173 5538
3 1992 1990 1994
3 5331 5332 5333
3 4417 3459 4418
3 1517 1506 1667
3 1644 1641 6303
3 898 900 5553
3 2777 3609 5209
3 3027 3028 3029
3 3105 3186 3492
3 5310 5308 5311
3 2242 2365 5367
3 1995 1994 1996
3 715 717 758
3 5065 5066 5067
3 2138 2140 2509
3 2642 2883 5806
3 662 664 5583
3 3027 3026 3028
3 677 1407 5859
3 5178 5179 7348
3 918 919 920
3 427 5475 5476
3 3778 3779 5486
3 4906 4982 4983
3 4285 4277 5412
3 930 931 932
3 2501 2500 2502
3 2271 5495 6196
3 1062 1063 1064
3 1547 1549 5425
3 2215 2216 5702
3 1711 1709 1712
3 2153 2152 2756
3 5941 1660 5942
3 2216 2442 5702
3 3310 5402 5403
3 1156 1157 1158
3 4483 6808 6809
3 4212 4555 4861
3 2596 2818 2820
3 3703 5114 5739
3 3559 3560 4530
3 1138 1119 1139
3 5801 4365 7500
3 1059 2088 5496
3 2756 2785 4085
3 2784 2367 6118
3 3592 4080 5551
3 4013 5989 5990
3 2818 2597 2819
3 1677 1676 5364
3 5546 4285 5547
3 4091 5204 7108
3 2290 2289 2291
3 2541 2689 5329
3 4287 3662 5056
3 2131 1736 5624
3 2134 5339 5512
3 2365 2364 2366
3 1695 2822 2823
3 2842 2844 3582
3 1247 1250 5700
3 684 692 824
3 2241 5367 5368
3 2868 2861 6151
3 2151 2150 2152
3 4275 4276 4277
3 1090 1089 1107
3 3540 3584 4212
3 2920 3647 5735
3 2181 2183 2241
3 2197 2200 5695
3 1074 4934 5240
3 1154 1155 1156
3 861 1211 6734
3 3631 3114 3685
3 1922 1876 1923
3 659 660 661
3 657 658 659
3 632 634 5489
3 2093 1089 5182
3 655 656 657
3 1770 1773 5885
3 3275 3277 5273
3 722 720 5416
3 652 653 655
3 5058 2732 7041
3 341 342 465
3 650 652 1024
3 650 651 652
3 2736 3357 3359
3 3072 3926 5660
3 5978 1354 6023
3 819 820 821
3 2541 1882 2543
3 648 649 650
3 661 662 672
3 2876 2816 3704
3 2570 2573 5438
3 3933 5407 5961
3 2708 2805 5649
3 4273 4274 4275
3 2286 2285 2287
3 4764 4766 5616
3 3591 2158 3670
3 2777 2775 3609
3 3277 3279 3603
3 2677 2680 2964
3 2509 3658 5300
3 710 711 5335
3 4641 4642 4935
3 4438 4437 4439
3 1471 1469 5287
3 2943 2942 3766
3 1889 6033 6248
3 2343 1710 6035
3 5431 3682 5715
3 1457 1455 1458
3 2030 2080 2529
3 1543 1545 1705
3 646 647 648
3 2497 2735 2736
3 3890 1423 5821
3 1545 1547 5427
3 3413 3415 3546
3 1465 1463 2108
3 2846 2848 3632
3 6032 474 6874
3 5410 525 5976
3 4440 4439 4638
3 2827 2829 5737
3 1207 5146 5147
3 5564 5563 7868
3 2284 2119 2285
3 1469 1467 1529
3 5016 6122 6490
3 2094 1837 3674
3 2628 2629 3315
3 600 527 5410
3 1541 1543 5279
3 1473 1471 2110
3 2241 2183 2242
3 4436 4435 4437
3 3319 4129 5442
3 2690 3619 3620
3 2395 2397 2761
3 2486 2488 5337
3 824 1314 1622
3 2884 4949 6470
3 2089 2292 5647
3 3019 3018 3565
3 4224 7127 7624
3 1662 6212 6343
3 5519 5518 5520
3 1126 1105 5685
3 1882 1749 5445
3 4391 5385 5386
3 2454 2456 3305
3 5309 5307 5818
3 2793 2538 5947
3 5817 1952 6136
3 3431 3559 4391
3 3793 4836 5588
3 3625 2832 3626
3 5416 720 5622
3 5498 5499 5500
3 912 913 914
3 1539 1541 2107
3 821 822 823
3 1623 1624 1629
3 2087 2054 5049
3 1875 1874 1876
3 3024 3026 3027
3 2941 2940 2942
3 1445 1446 1750
3 382 5513 5514
3 4436 4437 4438
3 3273 3275 3621
3 1937 1938 6164
3 664 2226 5583
3 1248 623 5518
3 1828 1971 5606
3 992 991 5928
3 2514 2668 3172
3 1873 1872 1874
3 2833 2834 3159
3 5144 4208 6658
3 5866 4402 5867
3 5685 1105 5850
3 3048 3229 3509
3 2287 2285 2289
3 4434 4433 4435
3 4641 4639 4642
3 4277 4279 4280
3 694 696 697
3 3267 3269 3994
3 854 843 855
3 3265 3267 5464
3 4438 4439 4440
3 1404 1405 1445
3 752 750 6101
3 488 129 6452
3 2501 2502 2628
3 1596 1594 1597
3 4440 4638 4639
3 514 511 5993
3 5456 4408 6276
3 1533 1535 1706
3 2428 2422 5234
3 2786 2793 3160
3 2760 2139 2770
3 4034 3285 5230
3 3261 3263 4019
3 3694 4499 4661
3 3726 5797 5798
3 915 917 918
3 677 680 1407
3 1629 1702 1920
3 4199 4200 5596
3 937 939 944
3 3197 3204 5646
3 4652 5156 5157
3 2177 1723 5364
3 4434 4435 4436
3 5025 2108 5026
3 3022 3024 5458
3 2061 2059 2062
3 3106 3693 3694
3 644 645 646
3 3495 3975 5349
3 2418 2585 3239
3 5793 3379 6656
3 823 825 826
3 2850 3455 3491
3 5363 5362 6633
3 5557 5558 5560
3 3316 3319 3709
3 3631 3685 4651
3 1163 2278 3668
3 2736 3359 3431
3 1479 1477 1673
3 2890 2823 2891
3 338 339 388
3 4022 854 5109
3 4460 5696 7694
3 4432 4433 4434
3 2438 2437 5360
3 2133 914 2887
3 4908 6474 6578
3 3263 3265 5465
3 869 600 2112
3 4762 4764 4765
3 2744 2746 3361
3 4432 4431 4433
3 7268 7269 7443
3 2599 3104 3106
3 826 848 849
3 4019 5465 6162
3 3320 3793 5588
3 923 925 926
3 2033 2032 5148
3 1603 1606 6332
3 3492 4562 5010
3 849 872 873
3 3497 3577 5439
3 5767 567 6231
3 4770 4769 4807
3 1871 1870 1872
3 933 935 936
3 946 948 950
3 4275 4285 5546
3 4740 369 4800
3 3812 4025 5481
3 3829 3831 5670
3 1622 1623 1749
3 3204 5549 5646
3 627 628 629
3 3604 2868 6151
3 4765 4768 4769
3 966 902 5511
3 4206 5042 5794
3 3259 3261 5407
3 5010 5188 5199
3 2752 3253 3254
3 1483 1481 5491
3 963 965 969
3 625 626 627
3 1345 1343 5539
3 927 929 930
3 941 943 2106
3 3670 2158 5205
3 959 961 962
3 5499 958 5502
3 5836 6911 6939
3 2103 1555 5221
3 4271 4272 4273
3 2689 2690 4423
3 1895 1791 5641
3 1153 985 5393
3 264 376 5788
3 5278 72 6841
3 5629 5626 5630
3 1869 1868 1870
3 1361 1349 1362
3 5797 1917 5798
3 914 913 915
3 3339 5031 5032
3 1867 1866 1868
3 2259 1949 5701
3 4685 5541 6623
3 3316 3317 3319
3 5345 5344 7294
3 1164 1165 1166
3 407 7195 7898
3 1998 2134 2135
3 3740 3736 3988
3 2121 1583 4682
3 2536 2538 2786
3 955 957 958
3 3376 4187 5606
3 2829 2830 2833
3 523 2297 5976
3 922 921 923
3 4199 3463 4200
3 939 941 5330
3 1250 1289 5700
3 1749 5436 5445
3 3257 3543 4138
3 258 380 5760
3 953 955 5498
3 4652 5157 5158
3 655 657 2097
3 3705 5054 5055
3 1185 1251 1252
3 3255 3257 5421
3 644 646 2111
3 1160 1162 1164
3 3319 3320 4129
3 1485 1483 1601
3 1701 1559 5224
3 3491 4529 4542
3 1487 1485 5374
3 5875 1973 5971
3 1918 1917 5797
3 2549 2566 2567
3 4200 4431 4432
3 2471 1922 5506
3 634 2532 5489
3 2515 3054 3853
3 2379 2378 2380
3 5123 5120 5125
3 4812 4264 5822
3 920 919 921
3 1166 1184 1185
3 1873 1874 1875
3 918 917 919
3 5922 5923 5924
3 1423 1309 5821
3 1923 2500 2501
3 1629 1920 2118
3 1198 872 2113
3 4179 1192 5742
3 807 828 829
3 2541 2543 2689
3 3810 3812 3813
3 3269 3271 5472
3 2137 2138 2139
3 2373 2372 2374
3 3655 3703 5739
3 1865 1864 1866
3 2154 1688 5600
3 2675 2677 5716
3 2573 2862 2863
3 2848 2850 5270
3 5562 5558 5928
3 1875 1876 1922
3 2360 3539 3540
3 4006 4008 6298
3 3239 4139 4141
3 1856 2602 5477
3 5849 3814 6145
3 3106 4540 6001
3 2135 2136 2137
3 2509 3258 3658
3 1164 2272 5972
3 1601 1483 5491
3 1871 1872 1873
3 1827 1826 2002
3 2128 5539 5861
3 3283 4034 6379
3 1518 4062 4063
3 2569 2570 5438
3 1933 1931 6133
3 4703 4699 5601
3 1378 1532 1998
3 3647 3648 3649
3 1765 1763 2150
3 2891 2823 6009
3 791 5193 6056
3 2377 2376 2378
3 5472 5474 5479
3 1500 1498 2158
3 2593 3249 5495
3 5446 3813 5447
3 2482 1856 2645
3 1804 3241 6003
3 2207 2205 5667
3 5522 5520 5523
3 648 5868 6718
3 2888 2887 2889
3 335 336 426
3 1696 1551 5236
3 711 713 2864
3 2876 3704 3705
3 1575 1577 5430
3 1154 1156 2807
3 1394 2276 5951
3 4668 3988 5238
3 2424 2422 2428
3 2119 1487 5374
3 619 620 621
3 1867 1868 1869
3 1738 1736 2131
3 1160 1164 5972
3 336 337 5396
3 1457 1458 1459
3 1869 1870 1871
3 3594 4922 7344
3 5924 5923 5925
3 1757 1755 2157
3 621 622 623
3 1863 1862 1864
3 5892 4774 7659
3 4305 6677 6863
3 1865 1866 1867
3 3976 3566 4594
3 623 624 625
3 617 618 619
3 689 691 2875
3 3342 2162 3644
3 3744 3745 5187
3 5558 2120 5928
3 2486 2380 2487
3 2195 2197 5695
3 1237 3684 5821
3 83 84 424
3 971 1037 1154
3 3603 3279 5435
3 2833 2830 2834
3 4894 4260 5800
3 5760 380 5761
3 2760 2770 2771
3 5242 1989 6609
3 5810 5807 5973
3 2889 2887 4149
3 5644 5136 5719
3 4836 3051 7930
3 3249 3665 4020
3 615 616 617
3 2159 932 2160
3 671 674 675
3 5737 3558 5738
3 448 6072 7552
3 3509 3229 4089
3 2938 2507 2939
3 534 536 5590
3 2161 2160 2162
3 2746 2752 5301
3 5484 5860 7587
3 3254 4039 4040
3 1998 3201 5997
3 2008 5151 6627
3 2641 3396 3727
3 3649 3650 3651
3 2599 3106 6001
3 4014 4599 5134
3 2203 2201 5677
3 4269 4270 4271
3 2827 2828 2829
3 1273 615 5582
3 1921 2496 2497
3 4267 4268 4269
3 1861 1860 1862
3 1369 3368 4448
3 21 22 5579
3 5252 5250 5253
3 3222 2366 6026
3 3682 3680 5715
3 5085 4124 5086
3 5561 5563 5564
3 2790 5823 5929
3 3787 3786 3788
3 4333 3498 5348
3 4280 4632 4994
3 2148 5509 5510
3 3057 3463 4199
3 1490 1487 2119
3 3618 5351 7755
3 2375 2374 2376
3 1861 1862 1863
3 1863 1864 1865
3 1634 1607 5895
3 1605 5138 5895
3 755 770 2758
3 1813 1698 1814
3 4685 4327 5540
3 3651 3652 4044
3 4176 3498 4177
3 2599 1446 2600
3 3647 3218 3648
3 491 492 493
3 1547 5425 5427
3 3975 3497 5439
3 5911 6190 6207
3 4680 3992 4870
3 5560 5558 5561
3 3149 3081 3764
3 668 671 5482
3 3104 2600 3105
3 3546 3415 3822
3 5523 5524 5525
3 4936 4937 4938
3 3378 2503 5645
3 1469 1529 5287
3 4499 3693 4500
3 4040 4302 6010
3 1059 1057 2088
3 1855 1787 1856
3 5302 4040 6010
3 1697 1698 1813
3 1543 1705 5279
3 3087 3503 3961
3 4957 4956 4958
3 613 614 615
3 848 850 5507
3 2243 1684 5875
3 1147 1230 5910
3 2162 2160 3765
3 3017 2907 3018
3 1923 2499 2500
3 3476 3477 3592
3 4187 3708 5586
3 3449 2259 5701
3 5781 5780 5782
3 932 931 933
3 1289 2923 5700
3 5828 2511 5966
3 1378 1998 5997
3 2947 2531 5686
3 477 4880 4881
3 1920 1921 5394
3 3649 3648 3650
3 3258 2510 3259
3 2913 2535 6164
3 3621 5275 5276
3 3265 5464 5465
3 1539 2107 5282
3 1449 1450 1697
3 3961 4588 5336
3 2435 2433 3046
3 1742 1733 1743
3 460 4999 5444
3 5447 3813 5448
3 3621 3275 5273
3 3048 2521 3229
3 2458 2947 2948
3 1408 1423 1449
3 256 257 5763
3 5473 5472 5479
3 4033 4715 6625
3 950 1205 3660
3 3261 4019 5407
3 5567 1772 5885
3 1697 1450 1698
3 3492 3186 3493
3 3257 4138 5421
3 1814 1860 1861
3 1910 2632 5932
3 5809 5807 5810
3 4512 4790 4791
3 710 708 711
3 1732 2098 5623
3 5491 1481 5683
3 1199 922 2145
3 332 333 381
3 3825 3823 6226
3 3856 5727 5728
3 2366 2364 6026
3 308 375 5803
3 3376 3377 3708
3 3746 2991 5678
3 1219 1315 2914
3 3900 3795 8035
3 2278 2418 5257
3 2347 2345 5691
3 5652 5656 5657
3 5809 5810 5811
3 1810 1575 5430
3 3394 3395 4009
3 3710 6164 6590
3 630 632 635
3 3651 3650 3652
3 3047 2521 3048
3 467 5679 5680
3 3632 2848 5270
3 2909 3810 5446
3 5495 4020 5617
3 2117 906 5597
3 1055 1023 5884
3 1378 1303 1379
3 2134 1532 5339
3 1532 1379 1533
3 659 661 669
3 3802 4206 5794
3 877 867 878
3 3976 4683 5705
3 2071 2069 2073
3 2309 3833 5727
3 4139 3240 4140
3 5591 2985 5594
3 5331 5330 5332
3 944 939 5330
3 2920 3218 3647
3 910 911 912
3 627 629 704
3 1449 1423 1450
3 5497 2088 6287
3 4275 4277 4285
3 3677 3297 4474
3 2987 2985 5591
3 4044 3652 4460
3 2829 2828 2830
3 926 925 927
3 4049 4048 4813
3 4955 4954 4956
3 1431 2232 5900
3 4446 5854 5855
3 4264 4262 5822
3 3694 4661 5796
3 3592 3477 4080
3 4469 1205 4552
3 3971 6617 6710
3 2520 2145 2521
3 4891 1004 7162
3 7098 5013 7103
3 5674 5673 5675
3 2708 2709 2805
3 2831 2461 2832
3 2679 6645 6663
3 707 706 708
3 2509 2140 2510
3 2148 1813 5509
3 4267 4266 4268
3 7625 6049 7738
3 908 909 910
3 2231 2811 2812
3 936 935 937
3 5636 2166 7692
3 4265 4266 4267
3 930 929 931
3 2805 2709 2806
3 5922 5921 5923
3 4180 4182 5105
3 664 666 2226
3 5741 2220 6720
3 3662 3315 5265
3 5865 1286 6500
3 2578 3300 3301
3 3343 3344 4180
3 2598 5964 6598
3 6290 390 8000
3 684 683 685
3 7337 4329 7722
3 3994 3269 5472
3 3543 3545 5530
3 3476 3475 3477
3 5198 4088 7136
3 641 643 644
3 5230 5231 7746
3 1207 726 5146
3 7574 7056 7596
3 5167 5740 6584
3 682 681 683
3 912 911 913
3 3748 3746 5598
3 1302 1253 1303
3 888 889 890
3 886 885 887
3 1066 1067 1068
3 4212 3584 4555
3 5346 5343 5347
3 4765 4764 4768
3 3366 2939 3367
3 4935 2691 7832
3 2536 2786 5717
3 2127 5639 5640
3 3660 4469 5001
3 4154 5723 5724
3 4260 4258 5800
3 4269 4268 4270
3 221 222 467
3 2153 2756 2757
3 2756 2152 2785
3 2185 3840 5908
3 5054 3704 5145
3 3249 4020 5495
3 4203 6599 7348
3 3361 2746 5301
3 1999 722 5416
3 1405 1153 5393
3 6127 6126 6128
3 6058 5434 7352
3 2181 2241 5369
3 2806 3475 3476
3 2151 2152 2153
3 5920 5921 5922
3 2826 2172 5894
3 888 887 889
3 3427 4300 7125
3 814 3772 5883
3 705 703 706
3 3710 2913 6164
3 3789 4402 5866
3 3774 1842 6109
3 1408 1309 1423
3 1518 1458 4061
3 2986 2985 2987
3 4192 5755 5756
3 3379 5791 6656
3 3239 2585 3240
3 750 756 6101
3 1088 1086 1089
3 3491 3455 4336
3 639 641 5413
3 680 678 681
3 3204 3206 5549
3 906 907 908
3 1684 1797 5875
3 5234 2420 6501
3 2474 2826 2827
3 2907 2288 6585
3 4521 3592 5551
3 3206 3767 3768
3 2116 898 5553
3 1251 1184 1253
3 4265 4264 4266
3 4922 3594 6818
3 1219 2914 5247
3 3090 3179 3343
3 950 3660 6048
3 2504 2130 5861
3 4294 4295 5531
3 950 948 951
3 2131 5626 5629
3 2065 2063 2074
3 5459 5458 5460
3 4760 7214 7238
3 3579 3076 3580
3 617 616 618
3 1063 1061 1272
3 627 626 628
3 2999 3575 3661
3 2988 2987 2990
3 2940 1687 5490
3 1162 1161 1163
3 900 902 966
3 1193 1196 5742
3 702 700 703
3 5680 4679 7714
3 619 618 620
3 3926 5317 5660
3 5898 5886 6055
3 2036 5177 5178
3 6142 1492 6383
3 4062 4061 4792
3 609 611 3864
3 621 620 622
3 4263 4262 4264
3 2138 2136 2140
3 3668 2278 5257
3 3540 3539 3584
3 5652 5650 5656
3 3008 3439 4236
3 1248 5518 5519
3 5639 1895 5641
3 615 614 616
3 329 330 427
3 3024 3025 3026
3 4239 5702 6100
3 611 612 613
3 3540 4212 5081
3 2827 2826 2828
3 1160 1159 1161
3 4263 4264 4265
3 3793 4654 4836
3 1942 1944 5568
3 623 622 624
3 2708 2707 2709
3 5523 5520 5524
3 3254 3253 3255
3 3199 4289 4613
3 1084 1082 3715
3 625 624 626
3 2114 2113 2115
3 1994 1990 6197
3 536 2466 5590
3 2706 2707 2708
3 5748 5746 5751
3 5331 5333 5334
3 4952 2272 7227
3 661 660 662
3 659 658 660
3 4273 4272 4274
3 3777 3776 3778
3 3778 3776 3779
3 657 656 658
3 5661 3623 5662
3 1765 2150 2151
3 5425 5426 6777
3 4402 3778 5486
3 2570 2572 2573
3 3925 4522 5707
3 4765 4769 4770
3 4853 445 7781
3 3648 4045 5857
3 655 653 656
3 5768 3944 7838
3 3472 4318 5088
3 2163 2115 2164
3 2032 2146 5148
3 3775 3774 3776
3 2634 2259 3449
3 842 835 843
3 1944 1946 3168
3 6617 5507 6710
3 2474 2172 2826
3 1942 5568 5571
3 652 651 653
3 1054 1055 1056
3 3789 3778 4402
3 4271 4270 4272
3 3703 5112 5113
3 1405 5393 6121
3 4421 3748 5062
3 5665 5666 7113
3 2263 5849 6145
3 4275 4274 4276
3 3747 3746 3748
3 5527 2606 7212
3 2238 5769 5770
3 1744 1743 1745
3 1906 1978 5974
3 3391 4574 4575
3 962 961 963
3 6711 4296 6736
3 2488 2487 2489
3 1786 1782 1787
3 3328 3329 3330
3 4134 2826 5894
3 629 628 630
3 634 637 2532
3 4138 3543 5530
3 3339 2770 5031
3 1267 1204 6052
3 650 649 651
3 3660 5130 6048
3 1237 1136 3684
3 677 676 678
3 1508 1510 5912
3 1078 1079 1080
3 699 698 700
3 6119 4893 7417
3 1289 1291 2923
3 6190 1336 6207
3 5315 2730 7380
3 1158 1157 1159
3 3380 3015 5384
3 1072 1073 1074
3 5293 2534 6062
3 1780 1778 3675
3 4261 4262 4263
3 4261 4260 4262
3 958 957 959
3 5449 3864 5471
3 5215 2214 5759
3 884 883 885
3 6620 4736 6685
3 4177 4333 6853
3 4575 6227 6421
3 3655 3702 3703
3 5515 5513 5516
3 1156 1155 1157
3 5639 5641 6712
3 5914 5916 5918
3 1782 1780 5462
3 1173 1171 2176
3 1372 6368 6380
3 560 558 5745
3 3976 4594 4683
3 1889 522 6034
3 2706 2156 2707
3 1971 2540 5606
3 3019 3565 3566
3 3022 3023 3024
3 2959 3072 5660
3 5727 3833 5728
3 816 5335 5611
3 4273 5546 5635
3 3371 2880 3451
3 1177 1175 1410
3 648 647 649
3 5043 5044 5045
3 3445 3367 3446
3 2645 1856 5477
3 3146 2564 3786
3 5641 1785 6074
3 1931 2551 6133
3 904 905 906
3 3595 4900 5876
3 816 710 5335
3 3312 2965 3385
3 4028 3371 5631
3 2399 2561 4148
3 1132 5767 5768
3 1705 5428 6916
3 2387 2239 3418
3 848 825 850
3 4020 3665 4229
3 4200 4430 4431
3 467 222 5679
3 5862 2808 5863
3 6340 3599 6445
3 5197 5196 6034
3 5496 2088 5497
3 1054 1023 1055
3 2948 3388 3389
3 2540 3112 3376
3 2190 5745 5746
3 5032 5031 5039
3 4395 3580 4610
3 3559 3359 3560
3 1965 1980 6305
3 613 612 614
3 5563 5562 6123
3 2096 1745 2630
3 2145 922 5644
3 5920 5919 5921
3 3781 3780 4315
3 571 1132 6046
3 2494 2503 3378
3 2290 2692 2719
3 5519 5520 5522
3 2130 2128 5861
3 4539 7075 7416
3 4206 5017 5018
3 4449 4326 4664
3 4807 4769 4808
3 2009 2011 2012
3 2761 2397 5537
3 2198 2221 5734
3 4640 4639 4641
3 1763 1760 5853
3 144 441 6647
3 4259 4258 4260
3 4844 4044 4845
3 326 327 374
3 3668 5259 5261
3 4277 4276 4279
3 904 906 2117
3 5027 5026 5028
3 3787 3788 6041
3 3468 3448 3469
3 4504 4584 4585
3 3017 3018 3019
3 4657 3822 6577
3 4361 5898 6055
3 2383 3022 5459
3 4416 3692 4532
3 1154 1037 1155
3 875 883 884
3 2129 2130 2494
3 3703 3702 5112
3 4094 3592 4521
3 2274 767 5897
3 1815 1813 2148
3 2690 2543 3619
3 2276 1307 5865
3 820 818 1690
3 4259 4260 4261
3 5452 6398 7518
3 3048 3623 5661
3 902 903 904
3 323 324 428
3 1517 1667 1668
3 1076 1074 5240
3 4834 2922 7947
3 2600 1446 6121
3 2546 3011 5720
3 5823 3125 5824
3 1848 1703 1849
3 4339 2381 6412
3 3737 3735 3738
3 3212 3213 6366
3 23 390 6290
3 3990 5618 5619
3 1623 1314 1624
3 2719 2904 3513
3 3376 3708 4187
3 2893 2891 2895
3 4530 3560 4940
3 2289 5375 6482
3 646 645 647
3 4620 4267 5789
3 3036 2347 3457
3 3722 4132 5618
3 900 901 902
3 1310 1309 1408
3 4324 4322 4951
3 3518 4202 4294
3 599 3800 6238
3 7064 409 7924
3 563 560 5745
3 1856 1787 2602
3 617 619 3118
3 4652 3685 5156
3 930 932 2159
3 869 2112 6417
3 1725 1723 2177
3 3721 3720 3722
3 4206 4205 5017
3 320 321 382
3 5989 470 5990
3 4273 4275 5546
3 1110 2766 5485
3 4061 1458 6099
3 4528 1920 5394
3 1187 1126 1189
3 2884 3223 3224
3 3071 3844 3845
3 5043 5018 5044
3 2404 3806 6383
3 1238 1237 1309
3 3719 3718 3720
3 5525 5524 5526
3 621 623 1248
3 1778 1775 5567
3 3499 3473 3572
3 5638 2558 6035
3 4446 3550 5854
3 2964 2680 2965
3 1826 1667 5441
3 2540 3376 5606
3 4066 3572 4548
3 729 728 730
3 4230 6566 6735
3 910 909 911
3 4257 4256 4258
3 2918 2919 2920
3 3683 3682 3716
3 4211 3998 4321
3 1814 1859 1860
3 731 730 732
3 2284 2285 2286
3 2812 3126 3127
3 1855 1856 2482
3 3306 3595 5876
3 2619 1966 5723
3 3681 3680 3682
3 6024 5388 6673
3 3717 3716 3718
3 5280 5279 6916
3 5754 2896 5755
3 613 615 1273
3 3439 3583 4442
3 5260 5258 6971
3 3132 1993 3133
3 3989 3722 3990
3 4050 3354 4051
3 1838 1345 2128
3 2286 2287 2288
3 2736 2735 3357
3 1902 2576 6018
3 5876 4900 6448
3 733 732 734
3 2996 2993 3614
3 1780 3675 5462
3 5386 3482 7306
3 3802 4205 4206
3 1343 1340 1411
3 1838 2128 2129
3 5549 3768 7115
3 2911 5753 5907
3 727 726 728
3 1137 1136 1237
3 2494 2130 2503
3 2503 2505 5645
3 3929 3378 4471
3 1231 1148 5753
3 1204 3841 6052
3 4062 4794 6622
3 3094 3529 3530
3 3861 4154 4155
3 2659 2089 5647
3 2102 1897 2127
3 5855 4240 5856
3 4564 3710 6590
3 2526 3057 5409
3 5460 5458 5684
3 4296 3871 5790
3 3679 3461 3680
3 3773 1842 3774
3 5967 5359 7289
3 2397 2669 5537
3 3393 2644 3498
3 2089 1976 2292
3 1490 2119 2284
3 3655 2187 3702
3 1110 2005 2766
3 3829 2962 3831
3 1783 1786 6074
3 1255 5954 5955
3 908 907 909
3 2216 2219 2362
3 697 696 698
3 5771 5774 6225
3 4257 4258 4259
3 2178 1871 5668
3 3355 3356 3983
3 2141 1918 5797
3 2558 2343 6035
3 1629 1624 1702
3 1208 1369 5957
3 3472 3471 3473
3 1500 2158 3591
3 4718 5870 5872
3 2339 4916 4917
3 3171 1994 6197
3 3708 3377 5721
3 2705 5017 7249
3 4294 4202 4295
3 2077 2023 5171
3 2983 2981 2985
3 5065 5063 5066
3 912 914 2133
3 3615 5806 5807
3 2205 2218 5667
3 4559 4760 7717
3 2773 2771 6114
3 5379 4035 7792
3 4255 4254 4256
3 884 1116 5545
3 3810 3813 5446
3 2155 2154 2156
3 2145 5644 5719
3 1897 1895 5639
3 2445 2814 2884
3 1920 1702 1921
3 388 339 6560
3 1018 1043 5733
3 5464 3994 6060
3 898 899 900
3 1970 1922 2471
3 4747 4177 4748
3 2129 2128 2130
3 1786 1787 1855
3 2190 563 5745
3 2442 2362 2702
3 2920 3217 3218
3 3481 4871 8018
3 4960 4957 5952
3 920 922 1199
3 2133 2887 2888
3 3008 3438 3439
3 5426 6522 6655
3 2197 2198 2199
3 2493 7739 7822
3 4192 5756 5757
3 2804 2702 3355
3 3118 619 6054
3 5162 5166 5740
3 3150 2560 3991
3 3165 2708 5649
3 3057 3462 3463
3 4288 5569 7209
3 1823 1716 6016
3 2834 3553 4677
3 5651 5650 5652
3 3654 2187 3655
3 5914 5913 5915
3 735 734 1351
3 4217 1750 6001
3 1343 1411 5539
3 5612 3983 5613
3 3235 2737 3898
3 5413 5414 5415
3 4219 3829 5670
3 3736 3737 5766
3 3547 4817 4818
3 2531 2147 2699
3 5574 5572 5575
3 675 674 676
3 5056 3662 5265
3 3595 3307 3861
3 3046 5669 6943
3 2498 3089 3090
3 2512 2511 5975
3 536 538 2466
3 2211 2209 2212
3 2215 2212 2216
3 3361 5303 5304
3 2208 2207 2209
3 915 916 917
3 2195 2196 2197
3 3101 2642 5806
3 3157 3581 5909
3 3318 3315 3662
3 532 534 1372
3 2201 2213 5677
3 3428 3355 5612
3 2206 2205 2207
3 2497 2496 2735
3 1307 1286 5865
3 4149 6771 6865
3 2112 600 5410
3 2693 2835 2836
3 5523 5525 5527
3 3926 4445 4865
3 5844 5845 6961
3 2204 2203 2205
3 3551 4838 5893
3 3193 2991 3746
3 2705 2156 2706
3 4280 4279 4632
3 2684 4110 6692
3 2015 2023 2024
3 3606 4099 4868
3 4793 4061 6099
3 3731 3730 3732
3 4312 3646 4786
3 2471 5506 6825
3 3818 3820 5903
3 3979 3662 4287
3 1255 813 5954
3 3729 3728 3730
3 3376 3112 3377
3 5801 313 5802
3 5561 5562 5563
3 2548 2489 2549
3 3749 6195 6418
3 1092 1090 6042
3 3185 2600 6121
3 3316 2629 3317
3 997 995 2120
3 3215 3214 3419
3 2127 1897 5639
3 363 5271 7949
3 2978 3225 4319
3 2202 2201 2203
3 4102 4103 4723
3 1102 1100 1104
3 2193 2194 2195
3 2024 2032 2033
3 5663 5664 5665
3 906 905 907
3 19 20 5429
3 978 873 979
3 3149 3764 3795
3 3306 3307 3595
3 5808 5807 5809
3 5602 1973 6378
3 2642 2471 2883
3 85 86 4739
3 3984 3986 4997
3 4255 4256 4257
3 2677 2964 5716
3 433 312 5801
3 2234 2896 5754
3 621 1248 6054
3 5255 5253 7310
3 2806 2854 3475
3 258 259 380
3 1490 2284 5795
3 4057 4058 6883
3 4803 672 7713
3 5210 451 5211
3 1132 569 5767
3 2200 2199 2201
3 2258 2610 2918
3 3741 3738 3742
3 3595 3861 4174
3 980 979 981
3 3342 3644 4118
3 540 609 5449
3 2161 2162 3342
3 2173 2172 2474
3 1248 5521 6054
3 725 724 726
3 462 5154 6286
3 5747 5746 5748
3 5930 5931 6209
3 2655 3125 5823
3 2258 2918 5736
3 2311 2309 5727
3 2193 2220 5741
3 407 5984 5996
3 3306 2619 3307
3 741 739 743
3 3377 4043 5721
3 3431 4391 6008
3 1602 1603 6332
3 3616 5814 7303
3 2159 2160 2161
3 3213 3129 3214
3 890 891 892
3 3679 5103 5965
3 2191 2192 2193
3 5709 5710 5711
3 2220 2195 5695
3 2782 3460 3461
3 5914 5915 5916
3 261 262 431
3 2144 2142 5986
3 4820 6003 6004
3 4253 4252 4254
3 4149 5543 5544
3 1025 976 5934
3 5304 5303 5305
3 5791 3929 5792
3 5771 5770 5772
3 3675 1778 5567
3 4283 4478 5864
3 3115 3114 3631
3 896 897 898
3 5042 5018 5043
3 3581 3117 5758
3 1808 1807 1809
3 4384 3742 5960
3 5491 5683 6051
3 4088 2428 5234
3 4753 4748 6853
3 5285 1494 6708
3 2621 2149 3821
3 2782 3679 5965
3 894 895 896
3 3926 3924 4445
3 4866 3578 4902
3 5581 4135 6854
3 4271 4273 5635
3 3121 2666 5083
3 2488 3375 5337
3 477 4881 6328
3 4368 3428 4369
3 1455 1252 6099
3 3733 3732 3739
3 892 893 894
3 264 265 376
3 5916 5919 5920
3 3818 2911 3820
3 943 946 6048
3 3072 3924 3926
3 4906 3656 4982
3 2362 2219 2544
3 2508 2215 5702
3 2012 2014 2015
3 3048 3509 3623
3 4882 3667 4883
3 2502 2500 2691
3 2045 2046 2047
3 644 643 645
3 2836 2837 2838
3 1032 999 1136
3 3615 3101 5806
3 3762 3760 5418
3 1080 1110 5485
3 4089 4854 5135
3 3666 3570 3667
3 3015 3697 5384
3 5665 5664 5666
3 1206 3008 5578
3 4915 4161 5929
3 3983 3356 3984
3 4410 6664 6835
3 2852 2508 4239
3 5854 4240 5855
3 4347 3226 4410
3 904 903 905
3 2819 3148 4400
3 4253 4254 4255
3 896 2116 5725
3 2238 744 5769
3 1442 1376 1448
3 3679 3680 3681
3 1510 1530 5912
3 4278 5635 5636
3 2824 3700 3749
3 3681 3682 3683
3 5857 4045 5858
3 3805 5352 5663
3 5431 5715 6738
3 2142 2791 5986
3 4397 3550 4446
3 1792 1687 2940
3 1213 1258 5814
3 1344 1343 1345
3 5843 3857 5844
3 5510 5509 5765
3 1277 1231 5753
3 1883 1882 2541
3 2782 3461 3679
3 1802 1688 2154
3 3990 3722 5618
3 2766 2005 6044
3 3158 1750 4217
3 1408 3860 5712
3 3869 4296 5820
3 5568 5570 5571
3 2102 2127 2962
3 4278 4271 5635
3 1346 1345 1838
3 511 509 5993
3 5663 5352 5664
3 2911 1277 5753
3 5913 514 5993
3 3235 3898 4826
3 1604 5620 5994
3 5798 1917 5847
3 2005 2007 6044
3 4161 3170 5929
3 902 901 903
3 3907 6699 6847
3 2362 2544 6000
3 908 910 1007
3 2918 2920 5735
3 4190 4189 4191
3 5387 4191 5389
3 2006 2004 3622
3 3712 3574 6727
3 3683 3716 3717
3 3355 2702 3356
3 1878 1749 1882
3 2209 2207 2214
3 5357 5318 5358
3 2216 2212 2219
3 3319 3317 3320
3 2383 3021 3022
3 3379 3378 3929
3 982 981 983
3 4883 4885 4886
3 2914 1315 3997
3 5295 5296 5299
3 3785 3783 3839
3 3985 3356 6000
3 3014 3015 3380
3 3727 3396 3728
3 3722 3720 4132
3 1590 5242 6826
3 5161 5160 5162
3 1215 1142 2187
3 1772 1770 5885
3 2158 1498 5285
3 3719 3720 3721
3 1342 1340 1343
3 4239 2508 5702
3 3680 4070 5715
3 5158 1406 7979
3 3717 3718 3719
3 5435 5186 7358
3 2205 2203 2218
3 3560 3359 6171
3 4160 4161 4481
3 5344 5346 7183
3 308 309 375
3 311 312 433
3 314 315 378
3 1923 1876 2499
3 3413 3546 5440
3 1152 985 1153
3 313 314 5802
3 2123 2666 3014
3 7492 6395 7866
3 896 898 2116
3 2755 3169 3570
3 984 983 985
3 4936 4642 4937
3 2149 2148 5535
3 4226 4217 4670
3 930 2159 6135
3 900 899 901
3 3135 2582 3780
3 4050 4051 6390
3 5622 2874 5906
3 2838 2839 2840
3 1268 1153 1404
3 1018 5733 5934
3 5506 2501 6416
3 6424 3077 6425
3 2526 3056 3057
3 2288 2287 6224
3 5317 4865 5318
3 4130 4225 7302
3 2520 2521 3047
3 2236 2698 2755
3 4783 6012 7178
3 3356 2702 6000
3 2800 3538 6047
3 1614 5969 6110
3 3761 3760 3762
3 2035 2036 2037
3 2131 5625 5626
3 2611 2094 2711
3 3721 3722 3989
3 679 3838 6233
3 5457 4323 6623
3 3047 3048 5661
3 4251 4250 4252
3 3775 3776 3777
3 912 2133 6102
3 3761 3762 5940
3 6288 3119 7133
3 4216 4553 4554
3 2977 2976 3688
3 4818 4817 4819
3 2968 2711 3167
3 540 542 609
3 3224 3541 4193
3 1821 5968 5969
3 2234 2235 2236
3 2592 1387 6140
3 3780 2582 5706
3 834 832 835
3 1339 1338 1340
3 5418 3760 6133
3 875 884 5545
3 953 5498 5501
3 995 992 5928
3 5832 5833 5835
3 1983 1804 6003
3 751 753 6011
3 3777 3778 3789
3 5824 5825 5826
3 3989 3990 4663
3 2476 2781 2782
3 2156 2154 5599
3 3042 2957 5660
3 5916 5915 5919
3 3373 3101 3615
3 5937 7598 7775
3 1877 4188 4189
3 3026 3606 5455
3 1716 1613 6016
3 4478 4901 5248
3 884 886 1116
3 831 830 832
3 1454 1252 1455
3 1206 3007 3008
3 2201 2199 2213
3 3348 3851 4102
3 2197 2199 2200
3 1985 1837 2094
3 3087 3030 3503
3 2171 2170 2172
3 2339 4917 6437
3 2013 2010 2016
3 2772 2771 2773
3 3242 3167 4021
3 839 3805 6263
3 2829 2833 3558
3 890 889 891
3 1003 6182 6362
3 3768 4376 5718
3 1276 3518 5910
3 2941 2942 2943
3 2646 2976 2977
3 5132 4970 6704
3 2442 2702 2804
3 438 5584 6766
3 2503 2504 2505
3 2804 3355 3428
3 2133 3750 6102
3 5830 5831 5832
3 2957 2959 5660
3 2759 2139 2760
3 2019 2020 2021
3 1196 1242 2191
3 5379 345 7034
3 4328 3655 5739
3 2216 2362 2442
3 5817 4282 6498
3 3800 3801 3802
3 2232 2233 2234
3 4481 4161 4914
3 1312 1277 2911
3 687 689 6909
3 2193 2195 2220
3 4169 3612 6483
3 609 3864 5449
3 3773 3774 3775
3 5824 3125 5825
3 3289 3290 3291
3 1199 2145 2520
3 3687 5237 6533
3 2681 2684 6341
3 5035 3917 5036
3 4883 4886 4887
3 1530 2624 2978
3 3291 3292 3293
3 3716 3682 5431
3 4075 3797 5688
3 2755 3570 3666
3 3287 3288 3289
3 565 563 2190
3 3802 3803 4205
3 4098 5098 7039
3 1460 1459 1461
3 609 610 611
3 4534 3789 5866
3 3666 3667 4882
3 2646 2779 2976
3 3285 3286 3287
3 3355 3983 5612
3 4207 2467 4208
3 2696 2697 3480
3 4013 5990 5991
3 4938 4937 4939
3 1136 999 5556
3 2591 3042 5967
3 4251 4252 4253
3 2242 2363 2364
3 2755 3666 5992
3 4282 4283 5864
3 3222 6026 6884
3 4160 3170 4161
3 5825 3125 5975
3 1827 2002 5566
3 263 264 5788
3 2896 2236 5992
3 4437 4524 5587
3 5676 2079 6707
3 3625 3626 4288
3 2887 914 5543
3 3768 3767 4376
3 3666 4884 5992
3 2567 2566 2568
3 2234 2236 2896
3 5650 2805 5658
3 4892 4893 4946
3 4431 4665 5532
3 2211 2212 2215
3 2208 2209 2211
3 5223 5224 6917
3 5844 3857 5845
3 2411 2412 2454
3 5649 5651 6113
3 3511 3857 5843
3 3970 4416 7609
3 2206 2207 2208
3 3283 3284 3285
3 3013 2300 3760
3 5323 5322 5324
3 2191 2193 5741
3 4983 4982 4985
3 1725 2177 2306
3 1872 1870 1955
3 1190 1192 2905
3 887 885 6131
3 3157 3117 3581
3 3810 3811 3812
3 1456 1455 1457
3 2647 2619 3306
3 2053 2054 2055
3 5631 3451 6141
3 1105 1102 5850
3 2204 2205 2206
3 2774 2773 2775
3 2424 2428 2696
3 5519 5522 5935
3 1651 1649 1660
3 5612 5613 6465
3 2202 2203 2204
3 3800 3802 5794
3 4439 4437 5587
3 2776 2775 2777
3 2454 2455 2456
3 2840 2841 2842
3 898 897 899
3 5828 5825 5975
3 1381 5913 5914
3 6179 4153 6836
3 2778 2777 2816
3 3039 4033 6255
3 4416 4532 5033
3 2817 2816 2876
3 611 610 612
3 3711 4564 4565
3 2232 2234 5754
3 3281 3282 3283
3 2852 4239 4240
3 2852 4240 5854
3 1144 887 6131
3 3743 5202 5203
3 2715 2381 4339
3 6014 3059 6015
3 3145 2792 3154
3 2831 2832 3625
3 2569 2568 2570
3 3326 3170 4160
3 4283 4476 4478
3 1462 1461 1463
3 1847 1789 6097
3 2954 2542 3114
3 3651 4044 4844
3 896 895 897
3 5232 3688 5233
3 5076 4398 7595
3 1738 2131 5629
3 5786 4147 5787
3 3360 6050 7447
3 1866 2105 5603
3 4575 4574 5432
3 1464 1463 1465
3 2197 2196 2198
3 2325 2641 6361
3 2386 4951 7434
3 2193 2192 2194
3 5603 2105 5604
3 3898 6101 6318
3 2195 2194 2196
3 4269 4271 4278
3 5375 5374 5838
3 3299 3710 3711
3 5649 5650 5651
3 2200 2201 2202
3 5606 4187 6031
3 4820 3605 6002
3 1007 910 6102
3 4207 5633 5968
3 3060 2530 3061
3 894 893 895
3 892 891 893
3 3647 3649 4988
3 4005 3154 4197
3 1381 517 5913
3 926 927 6135
3 1466 1465 1467
3 3812 4024 4025
3 3160 2793 3645
3 5827 5829 5830
3 3057 4199 5409
3 829 828 830
3 3022 5458 5459
3 3279 3280 3281
3 2990 2995 5678
3 4437 4435 4524
3 3823 3688 5232
3 257 258 5760
3 709 6160 6223
3 1881 4207 5968
3 1645 1644 1695
3 923 924 925
3 5690 2556 5841
3 1309 1237 5821
3 5666 3099 7264
3 3680 3461 4070
3 4190 4191 5387
3 2159 3770 6135
3 2505 2506 2590
3 2590 2591 5967
3 2905 1192 4179
3 3734 3736 3740
3 3476 3592 4094
3 1356 1400 1877
3 3028 3026 5455
3 4786 3646 5947
3 3228 2827 5737
3 1877 4189 4190
3 1868 1866 5603
3 1881 1997 2467
3 3293 3294 3397
3 3917 3308 5876
3 2049 2050 2051
3 1408 1449 3860
3 4349 2575 4350
3 1211 5839 6734
3 705 707 5862
3 3836 4173 4282
3 1678 6236 7204
3 3961 3503 4588
3 1973 5602 5971
3 1043 1190 5733
3 2160 932 5576
3 1662 1659 6212
3 1530 2978 5912
3 2191 1242 2192
3 2456 2513 2514
3 3646 2793 5947
3 5784 5771 6225
3 3277 3278 3279
3 2290 2719 6224
3 1557 1558 1559
3 6750 5397 6814
3 2188 1966 2619
3 1098 1096 1099
3 3703 5113 5114
3 2753 3062 6624
3 307 308 5803
3 933 934 935
3 2187 1142 5508
3 1912 1910 5932
3 1866 1864 2105
3 1468 1467 1469
3 5826 5825 5827
3 1633 1634 1635
3 1431 1707 2232
3 1555 1556 1557
3 2148 5510 5535
3 1697 1813 1815
3 4207 4208 5144
3 927 928 929
3 5119 5121 5122
3 1506 1504 6511
3 1799 1631 5847
3 4258 4974 5800
3 3883 3881 3884
3 6034 524 6396
3 937 938 939
3 2842 2843 2844
3 4053 7750 7797
3 2474 2827 3228
3 476 5355 7848
3 517 514 5913
3 1470 1469 1471
3 2356 2354 6201
3 1881 2467 4207
3 2514 2667 2668
3 49 50 446
3 3154 2792 3726
3 2700 2699 2733
3 4613 4289 4777
3 7332 3726 7377
3 3029 3031 3585
3 1712 1713 1714
3 3834 3836 5817
3 675 677 5859
3 4814 1414 7554
3 4941 3560 6171
3 4037 7327 7600
3 4191 4189 4192
3 2655 2653 3125
3 934 5488 6512
3 3654 3655 4328
3 1877 4190 6023
3 2467 4023 5722
3 2923 1291 3199
3 1559 1560 1561
3 3615 5808 5813
3 868 600 869
3 4325 4327 4685
3 3822 4106 4107
3 3642 4901 7618
3 4434 4436 4441
3 3275 3276 3277
3 5832 5831 5833
3 4258 4256 4974
3 3072 3073 3924
3 3754 3308 3917
3 3645 2793 3646
3 2782 2781 3460
3 1553 1554 1555
3 5832 5835 5836
3 4433 4431 5532
3 2404 2406 3806
3 1681 2266 5930
3 2790 2655 5823
3 5669 4681 6943
3 4873 669 7244
3 4739 4740 4741
3 1472 1471 1473
3 1215 2187 3654
3 5693 2251 6677
3 2150 1763 5853
3 1551 1552 1553
3 1310 1408 5712
3 3861 3307 4154
3 2890 2891 2892
3 2914 4210 5247
3 3511 3856 3857
3 4073 3791 5732
3 5599 2154 5600
3 4883 3667 4885
3 255 256 435
3 1611 1394 5951
3 4951 2386 7316
3 3328 3327 3329
3 2668 2741 2742
3 4766 4771 4784
3 1917 1799 5847
3 1323 1321 2922
3 2844 2845 2846
3 1815 2148 2149
3 5760 5761 5762
3 2997 2973 3170
3 4764 4763 4766
3 3729 3731 6472
3 4190 5388 6023
3 5884 990 6417
3 5306 5305 5307
3 3677 4474 4475
3 3511 2915 3856
3 1966 1964 5723
3 5830 5829 5831
3 3867 3869 5820
3 5381 1810 7032
3 2547 1391 6608
3 3168 1946 5452
3 648 650 5868
3 512 814 5883
3 4249 4250 4251
3 7585 5749 7679
3 2221 2476 5965
3 6126 1509 6285
3 4148 6398 6521
3 4313 3818 5903
3 2179 2180 2181
3 3884 4222 4493
3 939 940 941
3 522 524 6034
3 1238 1309 1310
3 1549 1550 1551
3 1190 2905 5733
3 3880 4716 5887
3 894 896 5725
3 5656 5650 5658
3 1835 1680 1837
3 4478 4476 4901
3 3836 4282 5817
3 5163 5162 5167
3 2791 2141 2792
3 1792 2940 2941
3 2928 2765 5886
3 1474 1473 1475
3 1137 1237 1238
3 4262 4260 4894
3 4206 5018 5042
3 3648 3218 4045
3 5668 1873 6357
3 3876 3877 3878
3 524 526 6396
3 4897 4095 6778
3 525 523 5976
3 1312 2911 3818
3 1561 1562 1563
3 2267 2265 5911
3 4440 4639 4640
3 951 952 953
3 2529 2080 2530
3 4266 4264 4812
3 3878 3880 3881
3 5930 3430 5931
3 3238 3347 3348
3 1528 1526 5620
3 3869 3871 4296
3 2933 2935 6107
3 2742 2743 2744
3 3198 4048 4049
3 2755 2698 3169
3 5917 5914 5918
3 4200 3463 4430
3 5839 1211 6737
3 1863 1865 2519
3 2621 3821 4601
3 2236 2235 2698
3 7213 4473 7527
3 2990 2994 2995
3 5980 5981 5982
3 1547 1548 1549
3 2706 2708 3165
3 3273 3274 3275
3 1877 1400 4188
3 3397 3398 3399
3 2846 2847 2848
3 776 1255 5897
3 1041 3999 6222
3 4148 2561 5714
3 941 942 943
3 5640 3624 6820
3 3805 4234 5352
3 1824 1879 1881
3 2234 2233 2235
3 3146 3786 3787
3 1023 990 5884
3 721 720 722
3 3259 3260 3261
3 3878 3881 3883
3 1837 1680 6122
3 1032 1136 1137
3 5545 4293 6709
3 5036 3917 6448
3 267 268 432
3 2918 2610 2919
3 2591 2957 3042
3 3232 2762 3791
3 4282 4173 4283
3 2172 2170 5894
3 5891 2886 6091
3 2646 2977 6043
3 5357 5358 5359
3 2408 2410 2411
3 3817 4689 8000
3 5377 5378 7075
3 2181 2182 2183
3 2959 2961 3072
3 6013 3059 6014
3 3982 3981 4593
3 1545 1546 1547
3 2973 2790 5929
3 953 954 955
3 1814 1698 1859
3 4262 4894 5822
3 3984 3985 3986
3 2266 2270 5930
3 1908 1906 5974
3 4265 4267 4620
3 3871 3873 5790
3 4769 4768 5614
3 2737 752 6101
3 943 945 946
3 341 465 5804
3 5886 2765 6055
3 723 722 724
3 3314 3313 3686
3 1543 1544 1545
3 744 741 5769
3 3873 3876 5790
3 3330 3696 6442
3 5130 5001 5131
3 886 888 5848
3 3008 4236 5578
3 6095 1672 6096
3 946 947 948
3 2977 3824 6043
3 1802 2154 2155
3 2155 2156 2705
3 3986 3987 4297
3 3733 3739 6391
3 2744 2745 2746
3 3493 3494 3495
3 2360 2716 3539
3 3026 3025 3606
3 3439 3438 3583
3 3873 3875 3876
3 3024 3023 3025
3 3404 3402 6463
3 257 5760 5763
3 1337 1335 1338
3 4345 4343 5752
3 864 1025 5953
3 1363 1409 2179
3 5845 3857 6124
3 4230 2940 5490
3 3926 4865 5317
3 1476 1475 1477
3 2232 1707 2233
3 4249 4248 4250
3 2463 6758 6859
3 3145 3154 4005
3 1695 2823 2890
3 3271 3272 3273
3 312 313 5801
3 3059 1823 6016
3 767 776 5897
3 4208 2467 5722
3 4180 3344 4182
3 989 869 990
3 3652 3650 3891
3 1541 1542 1543
3 2848 2849 2850
3 1764 1763 1765
3 2185 2385 3840
3 1848 1849 5580
3 2384 1092 6042
3 580 5655 6381
3 748 746 5784
3 2494 3378 3379
3 1869 1871 2178
3 937 944 6925
3 44 45 2723
3 2920 2919 3217
3 1533 1534 1535
3 5033 1602 7546
3 3269 3270 3271
3 3013 3760 3761
3 5317 5318 5357
3 2909 3809 3810
3 5982 5981 5983
3 1758 1757 4135
3 2307 2267 5911
3 3740 3988 4668
3 1281 1365 6075
3 3267 3268 3269
3 3343 3179 3344
3 1779 1778 1780
3 976 1018 5934
3 1756 1755 1757
3 4462 3816 4463
3 3617 5218 5219
3 305 306 434
3 1327 1325 1818
3 3265 3266 3267
3 1321 1267 6052
3 3925 3928 4522
3 1563 1564 1565
3 1418 1700 6301
3 3105 3185 3186
3 4749 4748 4750
3 3255 3256 3257
3 3261 3262 3263
3 3417 4926 6294
3 4460 3652 5696
3 3394 2863 3395
3 3263 3264 3265
3 3003 4364 6375
3 2573 2572 2862
3 2806 2709 2854
3 1450 1423 3890
3 1333 1331 1334
3 2746 2751 2752
3 2976 2779 3038
3 6378 2353 6458
3 2653 2512 5975
3 4431 4430 4665
3 2190 5746 5747
3 2791 2792 3145
3 2270 3430 5930
3 5651 5654 6113
3 3652 3891 5696
3 1099 1096 6177
3 382 6327 7923
3 2152 2150 5581
3 2894 2893 3128
3 530 527 600
3 3411 5440 7790
3 2360 3540 5487
3 2467 1997 4023
3 2719 4123 6224
3 1904 1902 6018
3 2329 4090 6402
3 3518 4201 4202
3 3833 2307 5911
3 5207 4972 5208
3 1604 1528 5620
3 1163 2277 2278
3 804 1045 6304
3 2752 3252 3253
3 5508 1034 6175
3 1875 1922 1970
3 2850 2851 3455
3 4418 4617 4618
3 2246 3855 6367
3 6112 5389 6762
3 579 577 720
3 3820 2911 5907
3 5113 6084 6085
3 2502 2691 6277
3 1539 1540 1541
3 3581 5758 6006
3 4425 5886 5898
3 5696 3891 5697
3 5869 4620 5871
3 1478 1477 1479
3 4640 4641 4910
3 2707 2156 5599
3 4270 4268 4684
3 340 341 5804
3 2977 3688 3823
3 3232 3791 4073
3 871 874 875
3 4462 4463 4987
3 1514 6127 6129
3 1565 1566 1567
3 2915 2311 5727
3 599 602 3800
3 963 964 965
3 1354 1356 6023
3 2884 2814 3223
3 3399 3400 3401
3 5941 5942 5944
3 3495 3496 3497
3 2223 2555 2646
3 5123 5125 6948
3 762 767 2274
3 5651 5652 5653
3 4261 4263 4718
3 1725 2306 5889
3 3510 2915 3511
3 1537 1538 1539
3 3798 3797 4075
3 3607 3566 3976
3 959 960 961
3 4904 4075 5327
3 4487 3761 5940
3 1968 2223 2353
3 4074 2933 6107
3 1535 1536 1537
3 1781 1780 1782
3 3497 3576 3577
3 2270 2686 3430
3 3326 4160 4394
3 2579 1912 5932
3 4455 4453 4628
3 5980 471 5981
3 4064 3511 5843
3 1751 1611 5951
3 1860 1859 2526
3 1881 1879 1997
3 222 223 5679
3 4713 386 4733
3 1935 1912 2579
3 2300 1933 6133
3 3257 3542 3543
3 4424 3488 4425
3 5979 471 5980
3 1440 1672 6095
3 5680 5679 5681
3 1838 2129 2603
3 2606 5527 7128
3 52 53 379
3 2229 3501 3756
3 3317 2629 6277
3 1394 1307 2276
3 4381 5999 6967
3 3310 5403 5634
3 3884 3881 4222
3 1783 1782 1786
3 753 762 6011
3 2309 2307 3833
3 3297 3067 6561
3 3816 3814 5849
3 4856 6287 6691
3 223 224 5890
3 5758 4843 6006
3 2988 2990 5678
3 3488 2928 5886
3 1797 1973 5875
3 2003 5441 6517
3 240 452 5937
3 1597 1598 1599
3 1821 1824 5968
3 5809 5811 5812
3 2997 3170 3326
3 3876 3875 3877
3 569 567 5767
3 3692 3047 5661
3 813 845 5954
3 915 913 916
3 3518 4294 5910
3 5981 471 5996
3 1116 886 5848
3 3022 3021 3023
3 4964 4463 7551
3 3878 3877 3880
3 2109 2355 3763
3 2762 2144 5986
3 469 251 5939
3 5561 5558 5562
3 965 967 968
3 2986 2987 2988
3 1369 4448 5957
3 875 874 883
3 6033 5035 6248
3 2418 2584 2585
3 247 407 5996
3 3308 3306 5876
3 4686 7680 7747
3 3249 3664 3665
3 1804 1627 3241
3 5747 5748 5749
3 3008 3007 3438
3 2124 2125 2126
3 1407 5344 5345
3 955 956 957
3 3481 5198 7336
3 1030 3847 6202
3 1668 1826 1827
3 1401 1431 5900
3 4423 5411 7905
3 5883 3772 6317
3 1754 1752 1755
3 3044 1039 3797
3 2353 2223 6043
3 2278 2279 2418
3 2983 2985 2986
3 4425 3488 5886
3 5197 6034 6396
3 3543 3544 3545
3 3250 2592 6140
3 1719 1611 1751
3 3379 3929 5791
3 2879 2482 2880
3 2771 3339 6114
3 2120 995 5928
3 3405 3406 3407
3 1010 894 5725
3 2111 646 6718
3 3615 5807 5808
3 2800 2799 3538
3 2313 2311 2915
3 2003 1826 5441
3 2834 2830 3553
3 1158 1160 5972
3 746 744 2238
3 6015 3059 6016
3 861 870 871
3 3684 1136 5556
3 501 499 768
3 4857 5873 5874
3 776 813 1255
3 3747 3748 4421
3 3595 4174 4900
3 3401 3402 3403
3 3090 3089 3179
3 3475 2854 4647
3 3403 3404 3405
3 3425 4637 6208
3 5984 5981 5996
3 6015 6016 6350
3 3546 4860 5440
3 4463 3816 5849
3 270 392 5999
3 2503 2130 2504
3 2738 1847 6097
3 2170 1634 5895
3 3170 2973 5929
3 4540 3694 5796
3 845 5953 5954
3 3301 3300 3313
3 1910 1908 2632
3 1315 1220 6455
3 571 569 1132
3 6163 5291 7655
3 512 515 814
3 3377 3846 4043
3 2357 2359 2360
3 7131 3644 7664
3 1970 2471 2642
3 5968 5633 5969
3 1480 1479 1481
3 3505 2738 4383
3 5807 5806 5973
3 2647 3306 3308
3 1633 1607 1634
3 814 859 3772
3 871 870 874
3 3629 4928 6371
3 3828 2962 3829
3 3193 3746 3747
3 3545 3968 4117
3 5910 4294 6570
3 3631 4843 5758
3 3605 3690 6002
3 3930 3250 4422
3 1096 1094 6177
3 3754 3917 5035
3 2632 1908 5974
3 3407 3408 3409
3 4041 5244 7967
3 1785 1783 6074
3 1750 2599 6001
3 1211 6709 6737
3 4265 4620 5869
3 1762 1760 1763
3 839 847 3805
3 4424 4425 4721
3 5827 5828 5829
3 4739 4741 5842
3 4117 4687 4952
3 4252 4250 4293
3 3057 3056 3462
3 4863 5187 7780
3 3924 3925 5707
3 5282 5281 6944
3 968 970 971
3 1898 1897 2102
3 1748 1738 5629
3 2748 2733 2749
3 2017 2016 2018
3 2722 1982 6080
3 1620 1708 1709
3 1599 1619 1620
3 1896 1895 1897
3 6031 4187 6821
3 1587 1589 1590
3 892 894 1010
3 762 2274 6011
3 2628 3315 3318
3 4768 4764 5616
3 4287 6822 6987
3 1424 1669 6092
3 2675 5716 6245
3 2101 2545 2546
3 3409 3410 3411
3 1280 1354 5978
3 852 4627 6488
3 4718 4263 5869
3 4087 3950 4427
3 508 510 2169
3 3856 2915 5727
3 3373 3615 5813
3 3429 3428 4368
3 5584 4145 6766
3 3830 3829 4219
3 3413 3414 3415
3 3411 3412 3413
3 1094 1092 2384
3 20 21 444
3 1317 1385 2281
3 4660 3976 5705
3 2710 2492 6526
3 2198 2210 2221
3 6398 4148 7024
3 269 270 5999
3 3338 3336 7928
3 2802 2800 6047
3 3702 2187 5508
3 3814 2902 6145
3 1906 1904 1978
3 1567 1568 1569
3 5440 4779 7790
3 5148 2146 6540
3 2168 3059 6013
3 3802 3801 3803
3 4445 3924 5707
3 1643 1641 1644
3 130 131 415
3 2240 1653 5941
3 2098 2100 6679
3 2188 2619 2647
3 1581 1582 1583
3 1869 2178 5892
3 4168 3612 4169
3 2936 2934 6017
3 971 987 1037
3 4009 3395 4304
3 2564 1852 6536
3 1777 1775 1778
3 3107 3124 4133
3 1482 1481 1483
3 4089 3229 4854
3 1196 2191 5742
3 519 517 1381
3 1797 1887 1973
3 5753 1148 6169
3 238 239 3669
3 3650 3648 5857
3 1590 1591 1592
3 1302 1378 5997
3 3738 3735 6391
3 6009 2823 6959
3 3669 239 5937
3 36 37 383
3 815 817 2808
3 3631 4651 4843
3 3095 3421 4429
3 1484 1483 1485
3 1339 1340 1342
3 1592 1593 1594
3 2798 2796 2799
3 4205 3803 5115
3 5671 4029 7162
3 3551 3951 4838
3 3368 3369 4014
3 4149 2887 5543
3 4212 4861 6787
3 2505 2504 2506
3 4014 4286 4599
3 3098 3547 6305
3 5708 3844 6230
3 3387 3862 4363
3 4257 4259 4857
3 2264 2215 2508
3 4599 4780 4781
3 5923 5921 5926
3 1190 1191 1192
3 508 2169 5956
3 2353 6043 6321
3 861 860 870
3 2476 2782 5965
3 2792 2141 5797
3 1569 1570 1571
3 1770 1768 1773
3 252 395 5939
3 1730 1729 6109
3 1344 1345 1346
3 845 864 5953
3 1342 1343 1344
3 4114 3910 7142
3 911 909 2224
3 1369 1371 3368
3 3160 4183 6385
3 1486 1485 1487
3 4722 1048 8010
3 2090 2089 2659
3 1635 1634 1720
3 1337 1338 1339
3 2168 1823 3059
3 1720 2170 2171
3 1365 1422 6075
3 3303 2802 3637
3 1276 3517 3518
3 1041 1114 3999
3 1636 1635 1637
3 2950 2880 3371
3 3125 2653 5975
3 4677 3553 4708
3 252 253 395
3 2236 2755 5992
3 609 542 610
3 1184 1165 6159
3 4785 3084 6139
3 1968 1984 2223
3 2540 3111 3112
3 6726 4990 6845
3 5205 2158 5285
3 575 573 2874
3 2063 2062 5469
3 3860 1449 6235
3 224 398 5890
3 1653 1651 5941
3 859 860 861
3 2693 2291 2835
3 4694 4692 6143
3 3765 2160 5576
3 1500 3591 6433
3 864 976 1025
3 1902 1900 2576
3 3465 3466 6108
3 1824 1881 5968
3 5614 4768 5615
3 2443 2445 6470
3 1333 1334 1335
3 2828 2826 4134
3 3640 3638 3653
3 7861 7719 7966
3 1196 1197 1242
3 1954 1674 6343
3 1488 1487 1490
3 1978 1904 6018
3 1356 1357 1400
3 284 485 5987
3 4283 4284 4476
3 2199 2198 5734
3 2528 2092 2795
3 3797 1039 6181
3 1977 1976 2089
3 4072 3816 4462
3 5915 5913 5993
3 545 543 6066
3 2552 2508 2852
3 5844 6961 7010
3 4263 4265 5869
3 5444 4082 7643
3 245 471 5979
3 5763 5762 5764
3 1354 1355 1356
3 1720 1634 2170
3 2874 573 6046
3 392 271 5988
3 3924 3073 3925
3 1043 1129 1190
3 2590 2506 2591
3 2313 2915 3510
3 3974 826 6456
3 3867 3868 3869
3 1842 1730 6109
3 3072 2961 3073
3 3791 5986 6216
3 3372 3371 4028
3 3832 3152 6189
3 2490 1957 6087
3 2593 3248 3249
3 3580 3076 6068
3 4166 4005 4501
3 1679 1657 6028
3 3815 3814 3816
3 3869 3870 3871
3 2353 6321 6458
3 2702 2362 6000
3 3690 4569 4714
3 331 332 5970
3 4914 4161 4915
3 3834 3835 3836
3 250 251 469
3 3791 2762 5986
3 3596 3817 4889
3 3178 3865 6022
3 5369 5368 5370
3 4361 4073 4623
3 2338 2554 3913
3 4522 3928 5938
3 2906 2288 2907
3 4989 2875 7077
3 1422 4360 4470
3 2171 2172 2173
3 1270 1239 2239
3 1316 1259 5361
3 2476 2477 2781
3 2367 2369 6118
3 2918 5735 5736
3 3865 3866 3867
3 3836 4172 4173
3 1575 1576 1577
3 2221 2222 2476
3 3016 2907 3017
3 485 285 5995
3 3093 3092 3094
3 6103 5144 6658
3 3510 3511 4064
3 2763 2762 3232
3 2223 2646 6043
3 4253 4255 5019
3 2142 2141 2791
3 7564 4624 7959
3 5912 2978 6698
3 3362 2936 6017
3 240 241 452
3 5492 5491 6051
3 1359 1310 5712
3 4319 3225 4320
3 4302 4039 6918
3 1193 1195 1196
3 3800 602 3801
3 4396 3550 4397
3 5908 3840 6573
3 890 892 5899
3 2901 3070 4505
3 4049 4813 6353
3 510 512 5883
3 6895 5325 7279
3 5882 5880 5964
3 1022 990 1023
3 1697 1815 6235
3 2329 2898 4090
3 4029 4028 4891
3 2819 2597 3148
3 1894 1791 1895
3 1505 1504 1506
3 2561 3183 5714
3 3833 5911 6207
3 917 916 1145
3 1867 1869 5892
3 3003 3452 4364
3 1511 1509 6126
3 3108 2685 6149
3 251 252 5939
3 3324 2734 3950
3 5792 3929 6665
3 239 240 5937
3 422 244 5979
3 946 950 6048
3 5695 2200 6094
3 3871 3872 3873
3 3489 3488 4424
3 284 285 485
3 819 821 1318
3 630 631 632
3 1637 1635 6078
3 1571 1572 1573
3 442 283 5987
3 272 470 5988
3 3880 3882 4716
3 1573 1574 1575
3 2523 2144 2762
3 1234 1280 5978
3 2734 2356 6201
3 1609 1733 1742
3 5421 5422 6918
3 226 475 5998
3 270 271 392
3 885 883 5805
3 285 286 5995
3 2458 2948 6540
3 243 244 422
3 224 225 398
3 573 571 6046
3 3387 3484 3862
3 4144 3362 4145
3 5847 1631 6095
3 1916 1915 2536
3 6321 4247 6458
3 246 247 5996
3 2164 2394 2395
3 245 246 471
3 3657 2902 3814
3 4247 4248 4249
3 3115 3631 5758
3 2869 4869 7634
3 3425 4241 4637
3 403 276 6005
3 2978 2624 3225
3 3033 3034 3035
3 2190 5747 6231
3 247 248 407
3 2901 4505 6081
3 3790 3789 4534
3 1817 1670 2480
3 3873 3874 3875
3 3387 4363 5815
3 398 225 5998
3 1960 1959 6081
3 3467 2722 6080
3 1821 1822 1824
3 272 273 470
3 5698 5857 5858
3 4123 3513 4124
3 4023 4097 4098
3 1091 7307 7433
3 1979 1848 5580
3 2019 2018 2020
3 5879 5878 5880
3 3690 4714 6002
3 2297 521 5927
3 3318 3662 3979
3 2485 2481 2511
3 2062 5468 5469
3 1356 1877 6023
3 888 890 2230
3 3357 3358 4136
3 1431 1432 1707
3 3937 3467 3938
3 282 283 442
3 283 284 5987
3 2107 5281 5282
3 3550 2916 5854
3 2916 2852 5854
3 1953 1918 2141
3 4133 3124 5985
3 786 788 6056
3 271 272 5988
3 2935 3107 6107
3 3819 3818 4313
3 244 245 5979
3 4948 3058 7956
3 4477 5743 5744
3 444 21 5579
3 2859 2737 3235
3 3487 2928 3488
3 472 301 6012
3 1280 1353 1354
3 4943 3972 6326
3 4392 3787 6041
3 277 473 6005
3 1887 1967 1968
3 5909 3581 6915
3 4438 5107 7265
3 3841 1130 6270
3 1981 2721 3382
3 4222 5887 5888
3 876 2295 6181
3 279 280 419
3 302 303 394
3 4903 4902 5840
3 1503 1501 1504
3 2951 6022 6239
3 4207 5144 5633
3 1133 4872 6792
3 1669 1981 6092
3 4751 4750 4752
3 277 278 473
3 3881 3880 5887
3 302 394 6012
3 3637 2802 6047
3 3984 3356 3985
3 275 276 403
3 650 1024 5868
3 5539 1411 6748
3 3679 3681 5103
3 5873 2243 5874
3 4031 2945 6278
3 3548 2916 3550
3 1843 1842 3773
3 788 791 6056
3 276 277 6005
3 1622 1749 1878
3 5138 1604 5994
3 2395 2396 2397
3 5468 5467 6436
3 978 979 980
3 4120 3157 5909
3 471 246 5996
3 225 226 5998
3 3805 847 4234
3 3666 4882 4884
3 292 293 6037
3 1824 1825 1879
3 2344 545 6066
3 3357 4136 6171
3 1065 1064 1066
3 2654 2653 2655
3 301 302 6012
3 300 301 472
3 226 227 475
3 4482 5813 6030
3 5084 4124 5085
3 5113 5112 6084
3 2630 2860 2886
3 1892 1799 1917
3 1675 1684 2243
3 3178 3706 3865
3 4245 3825 6384
3 2652 2512 2653
3 1278 1277 1312
3 3213 3216 6366
3 1717 1820 1821
3 4630 4313 5143
3 2626 3321 3673
3 1445 1750 3158
3 1185 1252 1454
3 230 231 6045
3 3742 3909 5960
3 2137 2139 2759
3 2646 2555 2779
3 3417 4352 4926
3 2633 3383 3834
3 3792 3317 6277
3 5223 1701 5224
3 1926 2490 6019
3 2760 2771 2772
3 5827 5825 5828
3 4844 5341 6761
3 504 506 1313
3 4145 3362 6017
3 6209 5931 6297
3 1109 5247 6429
3 3726 2792 5797
3 3824 3823 3825
3 2429 2425 6457
3 823 826 3974
3 2922 1321 6052
3 1633 1635 1636
3 2789 2655 2790
3 3466 3936 6108
3 3044 3797 3798
3 2951 3178 6022
3 1375 1373 6437
3 756 5784 6225
3 292 6037 6038
3 4144 4145 5584
3 475 227 6021
3 3936 5004 5005
3 2878 2877 6515
3 3393 3498 4176
3 1991 1993 3132
3 3503 3030 6347
3 4697 4694 6143
3 3798 4075 4904
3 1632 1607 1633
3 1401 1403 1431
3 227 228 6021
3 523 521 2297
3 297 298 406
3 1030 1123 3847
3 5757 2687 6811
3 1971 2539 2540
3 5292 5291 6163
3 3723 3418 4486
3 3028 5455 6347
3 291 292 6038
3 296 297 6029
3 4136 4137 4725
3 4505 3070 4506
3 293 421 6037
3 3536 4354 4382
3 4274 4272 4622
3 295 296 474
3 2369 2371 6681
3 4142 3362 4144
3 1659 1679 6212
3 5983 5981 5984
3 681 5542 6683
3 849 873 978
3 2546 3009 3010
3 2633 3834 6136
3 3808 3152 3832
3 294 295 6032
3 4347 4410 4411
3 2238 5770 5771
3 3756 3501 6104
3 3744 3061 3745
3 2972 2790 2973
3 293 294 421
3 4144 5584 5585
3 6224 4123 6585
3 1499 1498 1500
3 1164 1166 2272
3 4670 4217 7004
3 1631 1440 6095
3 1322 1321 1323
3 3106 3694 4540
3 2415 2900 2901
3 1998 2135 3201
3 228 229 413
3 1834 6019 6249
3 3853 3054 4503
3 90 91 417
3 1204 1130 3841
3 2313 3510 6025
3 2630 2886 5706
3 1921 2495 2496
3 1497 1495 1498
3 4247 4246 4248
3 619 621 6054
3 297 406 6029
3 1440 1438 1672
3 923 921 924
3 5831 5829 5834
3 5881 5880 5882
3 1493 1491 1494
3 3754 5035 6033
3 1975 1845 1976
3 1208 1284 1369
3 1372 5590 6368
3 2954 3114 3115
3 474 296 6029
3 1834 1926 6019
3 3530 3531 3532
3 6046 4563 7394
3 2651 3076 3579
3 2364 2363 3564
3 1959 2415 6081
3 7299 6056 7929
3 3843 3761 4487
3 4256 4254 6039
3 1457 1459 1460
3 290 291 450
3 1655 1653 2240
3 3795 3764 6079
3 228 413 6021
3 5592 5594 5595
3 2970 2945 4031
3 295 474 6032
3 1381 5914 5917
3 3683 3717 4921
3 4624 1272 7959
3 3898 2737 6101
3 5877 3753 5878
3 5833 5831 5949
3 859 858 860
3 3080 2537 3081
3 231 438 6045
3 3705 5055 6567
3 4482 3373 5813
3 1421 1366 1437
3 4714 4569 4841
3 231 232 438
3 3970 3692 4416
3 421 294 6032
3 2397 2398 2669
3 2974 2973 2997
3 3986 3985 3987
3 1635 1720 6078
3 506 508 5956
3 5915 5993 6649
3 3691 3047 3692
3 502 504 6088
3 4383 2738 6097
3 1143 1142 1215
3 1926 1957 2490
3 1320 1267 1321
3 3862 4214 4216
3 2932 2933 4074
3 3122 2754 6557
3 6713 4302 6830
3 289 290 6050
3 1605 1604 5138
3 3568 3605 4820
3 3815 3816 4072
3 907 905 1004
3 4190 5387 5388
3 1883 2541 2542
3 3489 4424 6069
3 2901 3055 3070
3 4072 4462 4464
3 3173 2413 6586
3 5303 5302 6447
3 2607 4150 6749
3 3091 2749 3092
3 980 981 982
3 1494 1491 5795
3 450 291 6038
3 1275 1231 1277
3 3385 3848 4947
3 5462 3675 7065
3 2576 1900 5948
3 2301 2300 3013
3 1053 1023 1054
3 1458 1455 6099
3 4297 3987 4303
3 1507 1506 1517
3 1957 2393 6087
3 3928 4834 5938
3 3657 3814 3815
3 2861 2631 6151
3 3124 4068 5985
3 2669 2670 3109
3 1413 1415 1416
3 2179 1409 2180
3 998 997 999
3 2338 3913 6291
3 1514 1511 6126
3 4248 4246 5839
3 1830 1730 1842
3 1936 2870 3482
3 933 931 934
3 3311 4128 4359
3 288 289 3360
3 2866 2869 4086
3 2611 2711 2968
3 5498 5500 5501
3 1422 4470 6075
3 6017 2934 6152
3 3118 7519 7795
3 2836 2835 2837
3 3487 3488 3489
3 1584 1586 1587
3 2393 2695 2932
3 1606 2229 6332
3 2810 2168 6013
3 4176 4177 4747
3 128 129 488
3 3161 2936 3362
3 5882 5964 6772
3 883 874 1150
3 4808 4769 5614
3 6092 3382 6093
3 3232 4073 4361
3 1973 1887 6378
3 1446 1405 6121
3 3753 3108 6149
3 106 107 401
3 1491 1490 5795
3 1578 1580 1581
3 5243 5244 5245
3 910 912 6102
3 3826 3825 4245
3 3880 3877 3882
3 1985 2094 2611
3 861 871 1211
3 5521 5519 5935
3 5327 4075 6474
3 996 995 997
3 1268 1404 1417
3 1324 1323 1325
3 2968 3167 3242
3 903 901 2533
3 4249 4251 5602
3 888 2230 5848
3 4254 4252 6507
3 1832 1959 1960
3 927 925 928
3 1152 1153 1268
3 2855 2662 3144
3 2181 2180 2182
3 2191 5741 5742
3 3159 7526 7553
3 3329 3327 4592
3 1878 1882 1883
3 2935 2937 3107
3 892 1010 5899
3 2707 5599 6292
3 3862 4216 6992
3 532 1372 6548
3 4082 4083 7643
3 1815 2620 6235
3 937 935 938
3 114 468 6428
3 927 930 6135
3 234 235 463
3 3719 3721 4795
3 3242 4021 4600
3 334 335 6339
3 3705 6567 6731
3 4400 3148 4757
3 290 450 6050
3 2523 2762 2763
3 2077 5171 6582
3 2223 1984 2555
3 4506 4507 4508
3 5904 3712 5905
3 3869 3868 3870
3 5924 7759 7842
3 984 985 1152
3 332 381 5970
3 2194 2192 2955
3 26 27 443
3 3224 3223 3541
3 4585 5851 7902
3 4033 4502 4715
3 2308 2307 2309
3 1514 6126 6127
3 2140 5512 6524
3 2213 2199 5734
3 1522 1521 6236
3 3938 3467 6080
3 2389 2303 3099
3 2535 1937 6164
3 1358 1310 1359
3 1000 999 1032
3 3107 3123 3124
3 2901 2900 3055
3 3536 4382 6089
3 3536 4100 4354
3 2252 5736 6309
3 6420 4226 7857
3 5646 5549 6991
3 4506 3070 4507
3 4116 3084 4785
3 1700 1936 6301
3 3158 4217 4226
3 782 1364 6654
3 3145 4005 4166
3 929 2109 6063
3 774 1731 6160
3 4422 3250 6140
3 2838 2837 2839
3 3871 3870 3872
3 3387 2618 3484
3 4283 4173 4284
3 6044 2007 6547
3 982 983 984
3 3230 3231 6453
3 1742 1743 1744
3 2657 3163 3904
3 1016 1002 3858
3 3161 3362 4142
3 6182 3221 6183
3 2269 2267 2307
3 2202 2204 2237
3 7195 5881 7898
3 685 686 687
3 4318 5061 7502
3 3875 3874 3879
3 2312 2311 2313
3 4222 3881 5887
3 4498 4497 4635
3 3195 5646 6638
3 4188 1400 5900
3 4202 4201 5340
3 2310 2309 2311
3 1248 5519 5521
3 2977 3823 3824
3 1976 1845 6242
3 86 87 369
3 1724 1723 1725
3 2299 1933 2300
3 3867 3866 3868
3 3998 3997 5555
3 3512 4707 6218
3 1069 1068 1070
3 1835 1837 1985
3 2620 2149 2621
3 2198 2196 2210
3 1190 1129 1191
3 5277 5274 7358
3 3360 289 6050
3 5760 5762 5763
3 3220 5073 6282
3 4716 3882 4964
3 1855 2482 2879
3 1141 1112 1142
3 3081 2537 5717
3 1981 3382 6092
3 2854 2709 6292
3 2233 1707 3340
3 4558 459 4595
3 59 60 371
3 3873 3872 3874
3 4683 7093 7762
3 3107 4133 6107
3 512 513 515
3 3303 3637 3638
3 662 663 664
3 408 161 7158
3 2885 2413 3173
3 2804 3428 3429
3 5135 3342 7020
3 3320 3792 3793
3 1689 1688 1802
3 2698 2235 2908
3 2206 2208 2217
3 1450 3890 6319
3 899 897 1149
3 814 858 859
3 1968 2353 6378
3 3329 4592 5609
3 4253 5019 5971
3 883 1150 5805
3 3386 2618 3387
3 2364 3564 6026
3 510 511 512
3 1817 2480 2481
3 3937 3938 4119
3 3124 4067 4068
3 3989 4663 4673
3 2102 2962 3828
3 3857 3856 6124
3 3584 3539 4645
3 3587 4076 6546
3 1953 2141 2142
3 562 560 563
3 2021 2022 2025
3 5831 5834 5949
3 4251 4253 5971
3 3354 2996 5672
3 1192 1191 1193
3 6311 4339 6412
3 3304 4175 4367
3 1356 1355 1357
3 4023 1997 4097
3 3571 3489 3671
3 889 887 1144
3 4642 4639 5703
3 2415 2901 6081
3 2211 2215 2264
3 1443 1442 1688
3 1859 1698 6319
3 3055 3516 3536
3 582 585 2350
3 3070 3055 6089
3 1377 1376 1442
3 3547 4582 4817
3 4483 3380 6808
3 2970 4031 6120
3 2151 2153 2821
3 632 633 634
3 529 531 532
3 4143 4142 4497
3 1841 5871 7913
3 508 509 510
3 3165 5649 6113
3 496 497 498
3 3132 3133 3807
3 3865 3706 3866
3 2899 2414 2902
3 6465 2483 6466
3 1360 1359 1376
3 1336 1335 1337
3 1454 1455 1456
3 3810 3809 3811
3 2785 2152 5581
3 3936 5005 6108
3 3161 4142 4143
3 1354 1353 1355
3 2327 2317 6885
3 1821 1820 1822
3 2454 2412 2455
3 4771 4772 4773
3 3700 3701 4979
3 3423 4724 5933
3 3536 3516 4100
3 3834 3383 3835
3 2798 2799 2800
3 3143 3345 3346
3 3571 4306 4307
3 1931 1885 2551
3 1958 1831 2263
3 3760 2300 6133
3 1990 1625 6197
3 3518 3517 4201
3 494 495 496
3 951 948 952
3 1741 5867 7906
3 3346 3573 3574
3 2242 2183 2363
3 3836 3835 4172
3 2772 2773 2774
3 1088 1089 1090
3 2415 2899 2900
3 1047 1049 1050
3 506 507 508
3 1196 1195 1197
3 1326 1325 1327
3 2485 2511 2512
3 3862 3484 4214
3 1151 1115 3863
3 6092 6093 6258
3 2393 2932 6087
3 4507 3070 6089
3 2009 2012 6547
3 1661 1663 1919
3 3082 3081 3149
3 3482 5386 7230
3 3671 3489 6069
3 4476 4284 4477
3 1824 1822 1825
3 4267 4269 5789
3 2411 2410 2412
3 532 533 534
3 2182 2185 5908
3 760 752 2737
3 2657 3904 6374
3 1400 1357 1401
3 2604 3068 3103
3 787 1122 6253
3 2840 2839 2841
3 3304 2902 3657
3 637 638 639
3 2937 2936 3161
3 3660 5001 5130
3 4428 4069 5194
3 639 640 641
3 3064 3221 6182
3 1692 1433 1693
3 1879 1825 1880
3 2677 2678 2680
3 1777 1778 1779
3 679 882 3838
3 5877 5878 5879
3 2889 6865 7099
3 3055 3536 6089
3 534 535 536
3 4367 4175 4742
3 6697 1131 6823
3 3677 4475 6049
3 634 636 637
3 895 893 2580
3 1744 1745 2096
3 551 549 1232
3 3812 3811 4024
3 2547 5711 7561
3 1381 5917 5927
3 1656 1658 2275
3 711 712 713
3 536 537 538
3 855 866 867
3 1892 1917 1918
3 2774 2775 2776
3 3218 3217 5729
3 3619 5445 7409
3 3386 3387 5815
3 3540 5081 5487
3 1075 1074 1076
3 2528 2795 2796
3 3055 2900 3516
3 2537 2536 5717
3 504 505 506
3 2935 2934 2936
3 1380 1434 1435
3 2314 2313 6025
3 1460 1461 1462
3 3824 3825 3826
3 1839 2000 2824
3 2776 2777 2778
3 3826 4246 4247
3 5879 5880 5881
3 2932 2695 2933
3 3799 3738 6391
3 2368 2366 3222
3 3259 2510 3260
3 876 853 2295
3 3309 3308 3754
3 3487 3489 3571
3 3825 6226 6384
3 2675 2676 2677
3 2778 2816 2817
3 4098 4097 5097
3 1038 1013 1039
3 2456 2455 2513
3 2096 2630 5706
3 5949 5834 5950
3 3107 2937 3123
3 3571 3671 4306
3 2266 2268 2270
3 3830 4219 4412
3 1013 876 6181
3 5005 5004 5006
3 5602 6378 6458
3 2270 2685 2686
3 1298 1241 1299
3 2765 2763 6055
3 547 545 2344
3 3311 4359 6167
3 2221 2210 2222
3 555 553 2273
3 3486 2928 3487
3 1400 1401 5900
3 2684 3097 4110
3 5729 5730 5731
3 1462 1463 1464
3 2933 2695 2934
3 1071 1070 1072
3 35 36 6741
3 5747 5750 6231
3 2763 3232 6055
3 1779 1780 1781
3 5094 3635 5095
3 1896 1897 1898
3 1464 1465 1466
3 4008 4955 6298
3 3826 4245 4246
3 4143 4497 4498
3 342 343 6310
3 5999 4381 7232
3 2824 2825 3700
3 502 503 504
3 3174 3942 3944
3 4773 4772 4806
3 2102 3828 5948
3 2817 2876 4403
3 564 563 565
3 6220 4819 6221
3 4357 3001 6117
3 1898 2102 5948
3 994 992 995
3 4067 3123 4069
3 641 642 643
3 2025 2026 2028
3 4512 453 4790
3 2927 2765 2928
3 4025 4024 6327
3 4123 5084 6585
3 3135 3780 3781
3 3384 2853 4298
3 5304 5305 5306
3 2686 3108 3751
3 5702 2442 6100
3 612 610 2132
3 2694 2392 3152
3 1678 1522 6236
3 2899 2902 3304
3 1431 1403 1432
3 526 528 529
3 20 444 5429
3 2781 2477 2865
3 5885 1773 6450
3 671 673 674
3 3583 4447 4774
3 3793 3794 4654
3 3304 3657 4175
3 4614 3599 4615
3 2652 2653 2654
3 973 857 991
3 3828 3829 3830
3 750 748 756
3 2476 2222 2477
3 1328 1327 1329
3 2935 2936 2937
3 2514 2513 2667
3 5290 5289 6740
3 162 466 7158
3 3815 4072 4669
3 2959 2960 2961
3 2933 2934 2935
3 4229 3665 4237
3 3515 5193 7579
3 3928 4609 4834
3 1466 1467 1468
3 3925 3927 3928
3 4216 4554 6892
3 500 501 502
3 4378 3808 4468
3 841 809 2280
3 1303 1253 3006
3 1533 1379 1534
3 422 5979 6302
3 903 2533 6061
3 2927 3486 3659
3 3377 3112 3846
3 4067 4069 4428
3 1312 3818 3819
3 3255 3253 3256
3 3449 5701 7047
3 666 667 668
3 1524 1522 1678
3 592 594 2282
3 5602 4251 5971
3 3124 3123 4067
3 814 515 858
3 687 688 689
3 929 928 2109
3 3359 3357 6171
3 5728 3833 6207
3 691 693 694
3 595 593 6165
3 664 665 666
3 3512 4065 4707
3 1864 1862 5816
3 3420 3152 3808
3 587 589 1029
3 2312 2313 2314
3 3039 4032 4033
3 34 35 2815
3 3326 4394 4586
3 2264 2508 2552
3 4239 6100 6469
3 4949 3224 7312
3 668 670 671
3 1959 2414 2415
3 939 938 940
3 3420 3808 4378
3 4342 4341 4343
3 694 695 696
3 1332 1331 1333
3 1728 1726 1729
3 1330 1329 1331
3 4193 3541 4814
3 1832 1958 1959
3 2668 2667 2741
3 2764 2763 2765
3 2842 2841 2843
3 5829 5828 5966
3 2258 2608 2610
3 5894 2170 5895
3 2591 2956 2957
3 1216 1256 1257
3 2415 2414 2899
3 3429 4368 4370
3 2465 1039 3044
3 2654 2655 2789
3 809 804 6304
3 2957 2958 2959
3 689 690 691
3 1894 1895 1896
3 1520 1515 1521
3 1781 1782 1783
3 3659 4496 4796
3 1320 1321 1322
3 836 810 837
3 1719 1751 1752
3 5103 3681 6059
3 1797 1886 1887
3 4482 6030 7641
3 5268 5269 7435
3 3526 3973 4744
3 1468 1469 1470
3 5438 3661 7757
3 1603 1528 1604
3 746 2238 5784
3 1915 1827 5566
3 498 499 500
3 4818 4819 6220
3 1337 1339 1341
3 1052 1118 1119
3 4501 7221 7287
3 3285 3284 3286
3 1980 1966 2188
3 4993 5531 7321
3 1875 1970 6357
3 3287 3286 3288
3 2308 2309 2310
3 1215 3654 3796
3 2310 2311 2312
3 538 539 540
3 3281 3280 3282
3 3283 3282 3284
3 941 940 942
3 2672 2674 2675
3 2789 2790 2972
3 390 4923 8000
3 547 2344 6200
3 2855 3144 6158
3 3608 3404 6463
3 1695 2890 6554
3 1470 1471 1472
3 1722 1677 1723
3 2393 2694 2695
3 2552 2852 2916
3 496 495 497
3 1035 1133 6792
3 2694 3152 3420
3 2809 2168 2810
3 1014 1040 1041
3 616 614 1028
3 2522 2144 2523
3 7786 4702 7900
3 5878 3753 6149
3 963 961 964
3 2167 1823 2168
3 953 952 954
3 1957 2392 2393
3 2742 2741 2743
3 2269 2307 2308
3 3279 3278 3280
3 5771 5772 5774
3 2927 2928 3486
3 4363 6009 6959
3 2664 5160 5161
3 5115 5116 5117
3 4766 4767 4771
3 4567 4565 4869
3 3019 3566 3607
3 5406 3228 7226
3 1412 1615 7361
3 4841 4569 4842
3 3240 2585 3390
3 3099 2303 6194
3 1333 1335 1336
3 3579 3580 4395
3 4792 4061 4793
3 3486 3487 6157
3 1694 1831 1832
3 3277 3276 3278
3 1163 1161 2277
3 2844 2843 2845
3 943 942 945
3 2972 2973 2974
3 566 565 567
3 1421 1437 1438
3 3204 3205 3206
3 3681 3683 6059
3 1959 1958 2414
3 4369 5612 6465
3 959 957 960
3 3659 3486 4496
3 3889 3755 5196
3 3206 3207 3767
3 4344 4343 4345
3 3289 3288 3290
3 3752 4472 4646
3 4090 2898 6115
3 916 913 6370
3 1832 1831 1958
3 4346 4345 4691
3 1472 1473 1474
3 715 716 717
3 4974 4256 6039
3 1819 1716 1823
3 2133 2888 3750
3 709 774 6160
3 1050 1051 1052
3 3548 3550 4396
3 946 945 947
3 2255 2257 2258
3 713 714 715
3 3840 2385 6174
3 3105 2600 3185
3 2648 3364 3365
3 2900 2899 6116
3 3562 3177 4242
3 2393 2392 2694
3 1521 1515 6129
3 3013 3761 3843
3 1666 1430 1676
3 5780 5778 5783
3 3855 2244 6316
3 774 778 1731
3 2699 2147 6582
3 3822 3415 4106
3 3291 3290 3292
3 596 598 599
3 4621 4377 4816
3 1206 2656 3007
3 2360 2359 2716
3 865 977 2296
3 2764 2765 2927
3 2287 2290 6224
3 1155 1037 2225
3 3690 4568 4569
3 717 754 755
3 798 796 1186
3 822 820 6978
3 519 1381 5927
3 5254 7574 7596
3 3516 2900 6116
3 5647 7033 7187
3 811 838 839
3 1707 1432 6110
3 5911 2265 6190
3 3331 3329 5609
3 5977 5917 7987
3 1726 1725 5889
3 1159 1157 1264
3 3304 4367 6116
3 3493 3186 3494
3 2919 2921 6082
3 3819 4313 4630
3 1748 5629 5846
3 2448 2450 2731
3 6280 3194 6427
3 626 624 3905
3 2143 2522 2633
3 2174 2173 2617
3 2846 2845 2847
3 2744 2743 2745
3 1977 2089 2090
3 1764 1765 1766
3 1223 1221 6252
3 504 1313 6088
3 1322 1323 1324
3 1347 1346 1395
3 540 541 542
3 1275 1277 1278
3 1762 1763 1764
3 1041 1113 1114
3 583 581 6173
3 3683 4921 6059
3 2523 2763 2764
3 4284 4173 6215
3 3098 3424 3547
3 2246 2244 3855
3 1968 1967 1984
3 3950 2734 6201
3 2974 2997 3084
3 3232 4361 6055
3 4700 4699 4703
3 579 720 721
3 3460 4888 7049
3 804 802 1045
3 3879 3874 4385
3 885 5805 6131
3 379 53 4778
3 3854 837 4907
3 3734 3740 6472
3 604 606 2583
3 4279 4276 4523
3 1224 1441 6168
3 764 772 2293
3 4647 4648 4972
3 3275 3274 3276
3 2791 3145 6216
3 3391 3713 4574
3 622 620 1243
3 64 65 6073
3 2604 3103 6180
3 1956 1925 2622
3 1513 1511 1514
3 500 502 6146
3 2879 2880 2950
3 1099 6177 6178
3 4698 4697 4699
3 5095 3635 6354
3 1016 3858 6175
3 1219 1220 1315
3 5436 2118 7409
3 3657 3815 6132
3 3466 2722 3467
3 3863 1115 6232
3 1754 1755 1756
3 3384 4377 4621
3 1259 1260 1261
3 1474 1475 1476
3 771 763 2294
3 3384 4298 4377
3 2169 510 5883
3 1324 1325 1326
3 2241 5368 5369
3 3571 4307 6157
3 2641 2787 3396
3 1077 1076 1078
3 839 846 847
3 5094 1334 7062
3 605 603 2331
3 137 138 7123
3 2971 4578 4579
3 3217 2919 6082
3 5925 5923 6757
3 546 548 1436
3 2143 2142 2144
3 1926 1956 1957
3 1217 7229 7993
3 1339 1342 6130
3 1652 1654 1841
3 3742 3799 3909
3 608 719 759
3 1664 1833 1834
3 899 1149 6076
3 1957 1956 2392
3 4589 3503 6347
3 3777 3789 3790
3 2175 3141 3143
3 3161 4143 6125
3 5478 4114 7142
3 1266 1319 1890
3 568 567 569
3 3935 3467 3937
3 747 749 2283
3 2633 2853 3383
3 2295 853 6269
3 4175 3657 6132
3 3466 3935 3936
3 3216 3328 3643
3 1694 1692 1831
3 1434 1692 1694
3 2484 2481 2485
3 1434 1433 1692
3 2247 2249 2254
3 2159 2161 3770
3 1952 1918 1953
3 1424 1352 1425
3 630 628 631
3 1380 1433 1434
3 2937 3161 6125
3 3293 3292 3294
3 1432 1614 6110
3 1054 1056 1131
3 1879 1880 6219
3 3487 3571 6157
3 1270 2239 2387
3 4496 3486 6157
3 4838 3951 4839
3 6043 3824 6321
3 1756 1757 1758
3 2899 3304 6116
3 5745 558 6261
3 2194 2955 6112
3 3199 3200 4289
3 3872 3870 4013
3 2746 2745 2751
3 2848 2847 2849
3 2233 3340 6103
3 2944 2946 4041
3 2859 3235 4388
3 2681 2683 2684
3 2532 5415 7267
3 1100 1099 6179
3 1669 1816 1981
3 3197 3203 3204
3 2721 2722 3465
3 3273 3272 3274
3 2934 2695 6152
3 3773 3775 5901
3 1515 1514 6129
3 1981 1982 2721
3 1043 1128 1129
3 1958 2263 6145
3 4648 2854 6292
3 2663 2856 3074
3 4145 6017 6346
3 1816 1670 1817
3 1729 1726 5889
3 1669 1425 1670
3 2526 2688 3056
3 1380 1370 1433
3 3636 3364 4491
3 1557 1556 1558
3 2263 1831 6153
3 2310 2312 2897
3 1193 1194 1195
3 1965 1964 1966
3 1058 1060 2228
3 1279 1233 2452
3 2902 2414 6145
3 2752 2751 3252
3 5437 3687 6522
3 4043 3846 4358
3 1839 2824 6418
3 1834 1925 1926
3 3110 4380 4720
3 738 740 2341
3 3271 3270 3272
3 3936 5003 5004
3 1476 1477 1478
3 642 640 6528
3 5054 5145 6728
3 1914 1827 1915
3 955 954 956
3 1559 1558 1560
3 4359 4128 6205
3 1308 1370 1380
3 3261 3260 3262
3 2895 2891 6009
3 1399 1395 1627
3 567 565 6231
3 3636 4590 5328
3 2822 1644 6303
3 3606 3714 4099
3 4696 4694 4697
3 911 2224 6370
3 2950 3371 3372
3 2270 2268 2685
3 4632 4279 6064
3 1018 1042 1043
3 3553 2830 6382
3 742 745 1044
3 2633 2522 2853
3 2850 2849 2851
3 1717 1819 1820
3 3220 5072 5073
3 2648 2512 2652
3 782 784 1364
3 2200 2202 6094
3 3641 3640 3642
3 1551 1550 1552
3 3269 3268 3270
3 1555 1554 1556
3 2302 2304 3187
3 1553 1552 1554
3 4006 4007 4008
3 1280 1352 1353
3 3196 3194 6280
3 1614 1716 1717
3 3267 3266 3268
3 3843 4487 4656
3 2269 2308 2598
3 1692 1693 6153
3 3383 2853 3384
3 976 1017 1018
3 1003 3064 6182
3 1308 1298 1370
3 1326 1327 1328
3 3265 3264 3266
3 599 601 602
3 2929 2642 3101
3 1432 1613 1614
3 2250 2248 2251
3 3263 3262 3264
3 2828 4134 6382
3 1082 1080 5485
3 2117 5597 7952
3 3868 3866 4580
3 2167 2809 2951
3 1012 1027 1671
3 6286 5129 6803
3 728 1207 7045
3 1549 1548 1550
3 5834 5829 5966
3 4340 3522 4341
3 3257 3256 3542
3 1332 1333 6190
3 1234 1279 1280
3 2235 2233 6103
3 718 607 757
3 1256 1298 1308
3 2629 2502 6277
3 788 790 791
3 1664 1627 1804
3 2143 2144 2522
3 753 761 762
3 792 794 795
3 3865 3867 6606
3 3372 4028 4029
3 3815 4669 6132
3 1953 2142 2143
3 3887 3480 3992
3 1449 1697 6235
3 1236 1426 6206
3 1197 1233 1234
3 4069 3123 6125
3 760 2737 2859
3 1543 1542 1544
3 1289 1290 1291
3 4008 4953 4954
3 1681 5930 6209
3 1330 1331 1332
3 2299 2300 2301
3 1547 1546 1548
3 2991 2988 5678
3 1328 1329 1330
3 776 812 813
3 1401 1402 1403
3 1811 1884 6188
3 1545 1544 1546
3 1932 2298 3110
3 1975 1976 1977
3 5097 4097 5099
3 1222 1224 6168
3 1833 1804 1983
3 3639 3638 3640
3 530 600 868
3 2442 2804 6100
3 3827 3373 4482
3 767 775 776
3 1630 1798 1800
3 3502 3001 4357
3 1478 1479 1480
3 3178 3562 3706
3 5986 2791 6216
3 1817 2481 2484
3 2726 2724 6476
3 2686 2685 3108
3 3891 3650 5857
3 1151 3863 6161
3 2204 2206 6105
3 2240 5941 5944
3 2549 2565 2566
3 1561 1560 1562
3 5028 5026 5082
3 3123 2937 6125
3 813 844 845
3 3139 2868 3604
3 3455 2851 3456
3 1884 1930 2788
3 2268 2267 2269
3 3249 3248 3664
3 2230 890 5899
3 1041 1040 1113
3 597 595 1202
3 1427 1685 3946
3 2951 3177 3178
3 2260 2259 2634
3 1926 1925 1956
3 3598 3137 3599
3 2316 2318 3901
3 3102 3101 3373
3 3516 6116 6247
3 4111 4556 4650
3 3925 3073 3927
3 4355 3787 4392
3 3052 6781 6793
3 3299 2913 3710
3 1113 1040 1115
3 4914 4915 7036
3 4172 3835 4783
3 1256 1241 1298
3 2688 1859 6319
3 1216 1151 1241
3 3209 3211 3391
3 860 858 1383
3 2202 2237 6094
3 4216 4214 4553
3 462 6286 6803
3 762 765 767
3 2694 3420 6152
3 1017 975 2330
3 2540 2539 3111
3 3543 3542 3544
3 845 862 864
3 3241 4981 7134
3 1825 1822 1969
3 1128 1042 1130
3 864 975 976
3 7275 2703 7857
3 3427 4299 4300
3 2695 2694 6152
3 2485 2512 2648
3 1938 1801 3804
3 2208 2211 6111
3 1892 1918 1952
3 2174 2618 3386
3 3324 3950 4087
3 1341 1339 6130
3 414 353 7191
3 1541 1540 1542
3 1238 1310 1358
3 590 588 591
3 4234 847 4754
3 5592 5591 5594
3 4477 4479 5743
3 2229 3001 3501
3 2434 2433 2435
3 4472 3753 5877
3 1146 1115 1151
3 1216 1241 1256
3 4097 1997 6219
3 1535 1534 1536
3 965 964 967
3 2237 2204 6105
3 1997 1879 6219
3 1146 1151 1216
3 2801 2800 2802
3 5269 1806 6941
3 1664 1804 1833
3 1038 1039 2465
3 3340 1707 6110
3 1297 1294 1626
3 3790 4534 4991
3 1891 1799 1892
3 879 2469 6217
3 3143 5111 6461
3 3936 3935 5003
3 1819 1823 2167
3 559 561 1206
3 4017 4018 4038
3 2167 2168 2809
3 3751 3108 3752
3 1141 1142 1143
3 1299 1241 6161
3 736 738 6106
3 6128 6126 6285
3 4038 4152 4426
3 968 967 970
3 3423 3963 4724
3 1802 2155 2400
3 3465 2722 3466
3 824 1622 6053
3 3466 3467 3935
3 3562 4242 4381
3 3302 2802 3303
3 3752 3108 3753
3 3519 2970 6120
3 2286 2288 2906
3 2721 1982 2722
3 1539 1538 1540
3 1135 1201 1219
3 3993 3992 4680
3 1330 1332 1681
3 2266 2265 2267
3 3397 3294 3398
3 2550 2461 2831
3 2647 3308 3309
3 1224 1226 1441
3 2325 2588 2641
3 3586 6857 7081
3 1537 1536 1538
3 4173 4172 6215
3 1606 1605 1607
3 1798 1631 1799
3 58 59 6198
3 1365 1420 1422
3 1039 1013 6181
3 3145 4166 6216
3 2383 3020 3021
3 1887 1886 1967
3 5643 805 6481
3 2278 2277 2279
3 5654 2350 8019
3 4940 3560 4941
3 1432 1403 1613
3 4750 4753 7090
3 6116 4367 6247
3 1193 1191 1194
3 3957 3958 4017
3 1401 1357 1402
3 797 799 2340
3 3545 3544 3968
3 2436 2435 2437
3 2320 2322 2323
3 1942 1943 1944
3 3607 3976 4660
3 1952 1953 6136
3 2183 2182 5908
3 1333 1336 6190
3 1032 1137 2336
3 3639 3641 4292
3 3918 3919 3957
3 3365 3364 3636
3 6369 4291 6646
3 1669 1670 1816
3 2339 4198 4916
3 1630 1440 1631
3 2414 1958 6145
3 3328 3330 6442
3 3937 4119 4488
3 1981 1816 1982
3 4866 466 7471
3 839 838 846
3 565 2190 6231
3 2648 2652 3364
3 6963 4098 7039
3 4824 458 7884
3 5336 1616 6689
3 1254 732 7058
3 2465 3044 3045
3 3928 3927 4609
3 586 583 2361
3 895 2580 6098
3 1399 1627 1664
3 4099 5002 5023
3 2908 2235 6103
3 1712 1709 1713
3 1228 1236 6206
3 2206 2217 6105
3 2443 2444 2445
3 2917 3549 3918
3 1353 1352 1424
3 1113 1115 1146
3 2591 2506 2956
3 2971 2970 3519
3 1197 1195 1233
3 1632 1633 6117
3 2948 3676 6540
3 5688 2295 6578
3 1424 1425 1669
3 404 4986 7388
3 974 2382 2383
3 4182 4218 4674
3 4310 3535 6942
3 1280 1279 1352
3 1834 1833 1925
3 897 895 6098
3 4298 2853 6172
3 2997 3326 6139
3 2520 3047 3691
3 2628 3318 6416
3 4308 3535 4310
3 4117 3968 4687
3 2627 2564 3146
3 3588 3899 4317
3 2196 2194 6112
3 1717 1716 1819
3 2460 2262 3077
3 1347 1399 2963
3 2229 1632 3001
3 1614 1613 1716
3 1236 1245 1426
3 2266 2267 2268
3 2217 2208 6111
3 2784 6118 6576
3 7386 5718 7611
3 1681 1332 2265
3 2484 2485 6150
3 1480 1481 1482
3 1484 1485 1486
3 5196 3755 6033
3 1312 3819 6259
3 3547 4818 6305
3 2385 3427 6174
3 2385 3426 3427
3 1938 3804 6070
3 1563 1562 1564
3 1884 2788 6188
3 3084 2997 6139
3 862 844 863
3 2418 2279 2584
3 1681 2265 2266
3 1014 1038 1040
3 1250 1288 1289
3 5795 6541 6708
3 3152 2392 6189
3 520 522 1889
3 5956 2169 6384
3 2789 2972 3507
3 998 999 1000
3 2780 2347 3036
3 4766 4763 4767
3 2951 2809 3177
3 1203 1130 1204
3 1815 2149 2620
3 3522 2710 6526
3 1646 1648 2166
3 2301 3013 6194
3 1831 1692 6153
3 3700 4979 6656
3 1437 1366 6432
3 1830 1842 1843
3 971 970 987
3 2028 2029 2030
3 1482 1483 1484
3 5383 5382 6462
3 107 108 6071
3 2182 2184 2185
3 4940 3974 7916
3 4704 4633 5190
3 846 838 853
3 725 726 727
3 4707 4065 5057
3 996 997 998
3 1266 1204 1267
3 2423 2422 2424
3 6125 4143 6300
3 2804 3429 6100
3 2171 2173 2174
3 498 500 1987
3 2961 2960 3512
3 3755 3754 6033
3 3120 3450 4057
3 2421 2420 2422
3 4477 4284 4479
3 2248 2246 6367
3 1001 1015 3005
3 1382 1223 6252
3 905 903 6061
3 6001 4540 7004
3 1422 2952 4360
3 1014 1013 1038
3 2211 2264 6111
3 3368 1371 3369
3 4014 3369 4286
3 755 769 770
3 1234 1233 1279
3 2432 2430 2433
3 1043 1042 1128
3 2399 2525 2561
3 1417 1404 6490
3 2709 2707 6292
3 4599 4286 4780
3 3442 3036 3443
3 901 899 6076
3 2946 2945 2970
3 647 645 2925
3 3501 4329 6104
3 1018 1017 1042
3 4572 2952 4573
3 5657 5656 7216
3 2561 2858 3183
3 2974 3084 4115
3 1406 5158 7855
3 1486 1487 1488
3 3759 3758 4633
3 3495 3494 3496
3 2522 2523 6172
3 3175 2609 6289
3 1249 1246 1616
3 3183 3341 4232
3 1143 1215 6169
3 4115 3084 4116
3 2445 2446 2814
3 1344 1346 1347
3 1606 1632 2229
3 494 493 495
3 1313 506 5956
3 1944 1945 1946
3 4130 3506 4225
3 3605 3689 3690
3 1324 1326 1444
3 335 426 6339
3 1202 595 6165
3 3178 3177 3562
3 2523 2764 6172
3 6213 6211 6214
3 1319 1267 1320
3 3064 3066 3221
3 3801 602 4401
3 5013 5078 7103
3 3357 2735 3358
3 2174 2617 2618
3 1439 1438 1440
3 3824 3826 6321
3 1328 1330 6209
3 1443 1688 1689
3 4479 4284 6215
3 2185 2186 2385
3 4418 3459 4617
3 4274 4622 6203
3 836 837 3854
3 1347 1395 1399
3 5613 3983 6790
3 3752 3753 4472
3 1996 1994 3171
3 552 554 556
3 977 1013 1014
3 1850 1848 1979
3 4504 4503 4584
3 3915 5011 5012
3 6709 4293 6737
3 354 5212 7191
3 5115 3803 5116
3 1313 5956 6226
3 1704 1703 1848
3 6074 1786 6399
3 2574 4185 4587
3 3181 2729 3590
3 1457 1460 6419
3 4492 4116 5152
3 1636 1637 1638
3 977 876 1013
3 738 2341 6106
3 1195 1194 6154
3 2959 2958 2960
3 2797 2796 2798
3 6171 4136 6257
3 494 496 2998
3 1657 1655 6028
3 1622 1878 6053
3 5575 1036 6613
3 3695 4831 4833
3 4898 4706 5642
3 1951 1949 2259
3 808 840 2351
3 2966 2943 2967
3 1232 549 6200
3 2641 3727 6361
3 65 66 400
3 1429 1665 2339
3 976 975 1017
3 1377 1442 1443
3 1062 1064 1065
3 2957 2956 2958
3 5651 5653 5654
3 1970 2929 6357
3 4020 4229 6859
3 2076 2086 2443
3 3497 3496 3576
3 3835 3383 6204
3 3689 3569 4649
3 3080 3081 3082
3 3117 3115 5758
3 516 518 2975
3 2574 4587 6086
3 1363 1367 1409
3 1565 1564 1566
3 1369 1284 1371
3 3303 3638 3639
3 2615 3233 4006
3 787 785 1122
3 4979 3701 4980
3 5006 5004 5007
3 4247 4249 6458
3 2944 2857 2945
3 3330 3332 3696
3 801 803 805
3 2169 6317 6384
3 944 5331 6685
3 2265 1332 6190
3 5197 6396 6548
3 5729 3217 5730
3 1853 1941 1942
3 4708 4709 5195
3 1360 1376 1377
3 562 563 564
3 4152 4018 4598
3 658 656 6057
3 5588 5589 7059
3 5194 4069 6300
3 1358 1359 1360
3 3690 3689 4568
3 2427 2425 2429
3 2302 3187 6345
3 5880 5878 6598
3 369 87 5316
3 4100 3516 6247
3 3384 4621 6204
3 813 812 844
3 4413 4412 4414
3 6017 6152 6346
3 1266 1267 1319
3 3399 3398 3400
3 2210 2196 6112
3 678 676 2189
3 2971 3519 4578
3 1203 1204 1266
3 1963 1935 1964
3 2477 2222 2687
3 4115 4116 4492
3 2989 2988 2991
3 776 775 812
3 1420 1366 1421
3 4540 5796 7448
3 1355 1353 6258
3 1606 1607 1632
3 6684 3969 6855
3 846 853 865
3 865 876 977
3 865 853 876
3 2113 5507 6617
3 3711 3710 4564
3 4398 4920 7595
3 1182 1181 1703
3 1365 1282 1366
3 3945 3845 4525
3 656 653 2305
3 2281 1385 6083
3 1319 1320 1419
3 1033 1111 1117
3 2919 2610 2921
3 812 775 2332
3 4146 3979 4147
3 845 844 862
3 4045 3218 5729
3 1921 1702 2495
3 2127 5640 6889
3 1488 1490 1491
3 1220 1222 6455
3 599 598 601
3 1296 1373 1375
3 1278 1312 6259
3 651 649 654
3 3016 3017 4053
3 3469 3470 3471
3 1128 1130 1203
3 4631 4630 5243
3 767 765 775
3 3958 3919 3959
3 3854 4907 4908
3 3858 1002 6315
3 5521 5935 5936
3 3326 4586 6139
3 1891 5864 6675
3 864 862 975
3 3886 1202 5621
3 516 514 517
3 1698 1450 6319
3 5020 4948 7956
3 1936 3482 6301
3 2946 2970 2971
3 2648 3365 6150
3 3001 1632 6117
3 2331 603 6364
3 3639 3640 3641
3 2282 594 6238
3 3435 3895 3896
3 1630 1631 1798
3 4269 4278 5789
3 3164 2658 3483
3 1798 1799 1891
3 57 58 478
3 662 660 663
3 879 1008 2469
3 4415 4414 4451
3 2801 3302 3311
3 1953 2143 6136
3 2483 5613 6732
3 2856 2855 2857
3 1639 1637 3885
3 2440 2438 2461
3 5979 5980 6302
3 5785 4147 5786
3 4452 4451 4453
3 1739 1738 1748
3 1424 6092 6258
3 3210 3208 3758
3 4278 5637 5789
3 1525 1527 1854
3 1170 1169 1171
3 5099 4097 6219
3 781 779 1350
3 6164 1938 6590
3 2716 3551 5893
3 1655 2240 6028
3 3866 3706 6192
3 2164 2115 2394
3 1597 1594 1598
3 1241 1151 6161
3 1421 1438 1439
3 2917 2916 3548
3 1081 1080 1082
3 555 2273 6261
3 1724 1725 1726
3 3583 3438 4447
3 4069 6125 6300
3 2498 2768 3089
3 1523 1525 6251
3 3309 3754 3755
3 1281 1278 1282
3 2798 2800 2801
3 777 773 3051
3 316 317 6495
3 2261 2459 6250
3 1261 1262 1263
3 1680 1417 6122
3 5697 3891 5698
3 851 879 6217
3 1311 2245 2419
3 2392 1956 6189
3 811 836 838
3 2992 2991 3193
3 1948 1950 2399
3 5621 1202 6166
3 4454 4453 4455
3 1230 1274 1276
3 3231 3588 6453
3 2906 2907 3016
3 2652 2654 6170
3 1940 1852 2564
3 1683 1674 1954
3 502 6088 6146
3 2570 2571 2572
3 3515 3196 6280
3 3383 3384 6204
3 3587 3586 4076
3 2459 2881 3120
3 1179 1210 4221
3 721 722 723
3 1886 1796 2553
3 1689 1802 6262
3 2312 2314 6199
3 4612 6629 7820
3 1956 2622 6189
3 2719 3513 4123
3 2229 3756 6332
3 2459 3120 6250
3 1276 3162 3517
3 2853 2522 6172
3 1172 1171 1173
3 3842 916 6370
3 2857 2855 6158
3 4292 3641 4337
3 2663 2662 2855
3 4278 5636 5637
3 2982 2981 2983
3 1851 5571 6562
3 1009 880 1396
3 1899 1898 1900
3 858 515 6193
3 994 995 996
3 4747 4748 4749
3 1235 1227 2352
3 2143 2633 6136
3 1180 1178 1181
3 3116 3115 3117
3 2485 2648 6150
3 3030 3028 6347
3 1301 1305 1363
3 507 505 1913
3 3446 3447 3448
3 2306 2177 6646
3 1225 1223 1382
3 751 6011 6272
3 973 991 992
3 3953 3952 3954
3 566 567 568
3 3453 3004 3892
3 2527 2092 2528
3 2464 2381 2715
3 1699 1687 1792
3 1686 1428 1687
3 4456 4455 4516
3 1439 1440 1630
3 856 972 974
3 3691 3692 3970
3 564 565 566
3 1168 1121 1169
3 1969 6408 6606
3 1057 1055 6691
3 4941 6171 6257
3 2898 3663 6115
3 3501 3502 4329
3 2504 5861 6405
3 685 683 686
3 2337 2453 2498
3 868 869 989
3 4108 4016 4109
3 4919 4918 7888
3 2944 2945 2946
3 4491 3364 6170
3 1737 1736 1738
3 2801 2802 3302
3 1174 1173 1175
3 3819 4630 4631
3 1035 1120 1133
3 1176 1175 1177
3 5077 460 7643
3 5574 6613 7029
3 3289 3291 6914
3 2620 2621 3479
3 2105 1864 5816
3 4647 2854 4648
3 811 810 836
3 880 852 6488
3 3512 2960 3635
3 2390 2389 2662
3 3700 2825 3701
3 1887 1968 6378
3 3311 4127 4128
3 5934 5733 6807
3 2824 2000 2825
3 723 724 725
3 568 569 570
3 2980 1265 2981
3 2361 583 6173
3 518 517 519
3 5291 5290 6740
3 3320 3317 3792
3 1274 1231 1275
3 3156 3117 3157
3 596 599 6238
3 5747 5749 5750
3 4325 4685 6623
3 1929 1747 2420
3 5795 2284 6541
3 2001 1840 2381
3 4242 3177 6244
3 2958 2956 4301
3 727 728 729
3 770 806 807
3 1972 1847 2738
3 3769 3157 4120
3 1014 1041 6222
3 6738 5715 6953
3 3298 3297 3677
3 3636 4491 4590
3 4042 3589 5319
3 5496 5497 6400
3 762 761 765
3 4038 4018 4152
3 4937 4642 5703
3 1056 1058 6090
3 4357 6550 6747
3 1893 2328 2329
3 1149 897 6098
3 3281 3283 6379
3 3202 3196 3515
3 990 869 6417
3 2091 2527 3003
3 2304 2303 2389
3 3013 3843 6194
3 1728 1729 1730
3 6758 5617 6859
3 1715 5188 7677
3 3401 3400 3402
3 1510 1512 1530
3 3889 5196 5197
3 1901 1900 1902
3 2625 4484 4835
3 2256 2253 2345
3 2329 2873 2898
3 3182 4228 4353
3 1275 1278 1281
3 1757 2157 6936
3 608 607 718
3 2856 2857 2944
3 496 498 6119
3 719 718 763
3 947 3037 5896
3 1530 2391 2624
3 764 763 771
3 772 771 810
3 2302 2301 2303
3 1567 1566 1568
3 2898 3520 3663
3 3885 1637 6078
3 4017 3958 4018
3 2614 2877 2878
3 2886 2860 6091
3 2296 977 6222
3 3943 3175 4016
3 4123 4124 5084
3 4517 4516 4518
3 2809 2810 6244
3 4163 6534 6612
3 2873 2328 6295
3 1233 1195 6154
3 765 761 766
3 1281 6075 6365
3 7158 4903 7799
3 2927 3659 6387
3 601 598 603
3 1525 1854 6251
3 3520 2873 3966
3 3110 2298 4380
3 1493 1494 1495
3 6259 4631 6432
3 6026 3564 6027
3 1504 1501 6433
3 764 771 772
3 772 810 811
3 6080 1982 6240
3 719 763 764
3 5615 4768 5616
3 1422 1420 2952
3 3364 2652 6170
3 3639 4292 6323
3 608 718 719
3 2533 901 6076
3 1934 1912 1935
3 1215 3796 6169
3 2452 1233 6154
3 1147 1143 1148
3 526 529 6396
3 1353 1424 6258
3 4973 4688 6832
3 1979 5580 7051
3 1776 1775 1777
3 1659 1657 1679
3 3512 3635 4065
3 1148 1143 6169
3 1714 1713 1794
3 1230 1148 1231
3 865 2296 6254
3 1609 1742 6083
3 6152 3420 6346
3 2016 2010 6627
3 1980 2188 2704
3 1414 4814 7991
3 2552 2916 2917
3 4065 3635 5094
3 1649 1647 6537
3 2835 2291 6482
3 1303 3006 6155
3 3735 3733 6391
3 1784 1790 3440
3 3405 3404 3406
3 1784 1783 1785
3 1893 1791 1894
3 3957 3919 3958
3 2897 2312 6199
3 2663 2855 2856
3 1900 1898 5948
3 570 569 571
3 1365 1366 1420
3 3539 2716 5893
3 1790 1785 1791
3 3663 4386 4830
3 4783 3835 6204
3 3403 3402 3404
3 3984 4997 6790
3 2779 2555 3219
3 729 730 731
3 1373 1429 6437
3 2231 2812 6707
3 606 607 608
3 4128 4127 4962
3 2640 2639 3071
3 6252 1221 6580
3 213 214 6866
3 3990 5619 6860
3 2299 2301 2302
3 6016 1613 6350
3 5434 4050 6390
3 3174 3944 6336
3 3918 3549 3919
3 576 578 580
3 3530 3529 3531
3 4143 4498 6300
3 371 60 4591
3 6239 6022 6408
3 2012 2388 6547
3 4201 3517 4583
3 2534 2626 6062
3 7750 4757 7797
3 606 605 607
3 3311 3302 4127
3 1873 1875 6357
3 4360 2952 4572
3 2280 809 6304
3 1735 1452 1736
3 2298 1933 2299
3 2859 4388 4389
3 3826 4247 6321
3 1004 905 6061
3 1684 1796 1797
3 789 787 6253
3 2528 2796 2797
3 3136 3485 4084
3 56 57 6279
3 2390 2662 2663
3 807 827 828
3 1202 6165 6166
3 2754 3695 6557
3 1901 1903 2660
3 3630 3085 4466
3 1000 1032 6315
3 2747 2682 3952
3 3231 3041 3586
3 6938 5712 7872
3 2346 2345 2347
3 3407 3406 3408
3 5717 2786 6385
3 1281 1282 1365
3 1965 1966 1980
3 2038 2037 2039
3 1774 1772 1775
3 1200 1134 1265
3 2750 2738 3505
3 2374 2372 3153
3 1903 1902 1904
3 5815 4363 6959
3 2526 1859 2688
3 4771 4767 4772
3 948 947 5896
3 2182 2180 2184
3 346 464 7034
3 513 511 514
3 1952 5817 6498
3 1722 1723 1724
3 4016 3175 6289
3 2589 2326 3040
3 3568 3569 3605
3 1843 3773 6242
3 1638 1637 1639
3 1633 1636 6117
3 604 603 605
3 3112 3111 6208
3 594 593 595
3 3547 3424 4582
3 596 595 597
3 6186 1388 6784
3 4051 3354 5672
3 1932 1931 1933
3 1026 1011 1924
3 731 732 733
3 3073 2961 6218
3 5470 5469 6313
3 847 846 6254
3 1905 1904 1906
3 2304 2389 2390
3 3830 4412 4413
3 3534 2872 3535
3 2626 3673 6062
3 3819 4631 6259
3 1817 2484 6240
3 1031 988 6338
3 751 752 753
3 3433 3434 3435
3 1330 1681 6209
3 753 760 761
3 2269 2598 6335
3 1720 2171 6260
3 608 759 6265
3 4989 3601 4990
3 2961 3512 6218
3 601 603 604
3 6172 2764 6387
3 1905 1907 2606
3 852 833 4627
3 811 839 6263
3 764 2293 6271
3 742 744 745
3 1816 1817 6240
3 733 734 735
3 745 746 747
3 747 748 749
3 749 750 751
3 1721 2333 2337
3 3427 3426 4299
3 1141 1143 1147
3 1740 5363 6633
3 2583 606 6265
3 2293 772 6263
3 1389 1391 2547
3 4195 4194 4581
3 2378 2376 2794
3 1503 1504 1505
3 4580 3866 6192
3 740 741 742
3 2917 3548 3549
3 6101 756 6318
3 3409 3408 3410
3 604 605 606
3 4136 3358 4137
3 1425 1352 6246
3 596 597 598
3 1811 6188 6411
3 4279 4523 6064
3 594 595 596
3 5389 4191 6811
3 3920 4736 6620
3 4128 4962 4963
3 3517 3162 6191
3 2303 2301 6194
3 3007 2656 3220
3 1855 2879 6399
3 1907 1906 1908
3 1914 1915 1916
3 3501 3001 3502
3 3665 3664 6156
3 1911 1910 1912
3 3023 3021 4291
3 1603 1604 1605
3 2797 2798 6167
3 3385 2965 3848
3 4640 4910 5106
3 1820 1819 6239
3 2302 2303 2304
3 2636 1962 2637
3 1970 2642 2929
3 1930 1885 1931
3 576 577 578
3 1569 1568 1570
3 2830 2828 6382
3 3411 3410 3412
3 549 547 6200
3 574 575 576
3 3413 3412 3414
3 2395 2394 2396
3 738 739 740
3 529 528 531
3 5494 427 6883
3 4015 4667 6134
3 592 593 594
3 931 929 6063
3 592 590 593
3 2034 2033 2035
3 3296 3067 3297
3 3149 3795 3900
3 4709 3553 6382
3 1664 1834 6249
3 572 574 2349
3 3664 4459 6156
3 513 514 516
3 1896 1898 1899
3 1282 6259 6432
3 1969 5820 6711
3 2953 2542 2954
3 4417 4418 7083
3 759 719 6271
3 3792 6277 6657
3 1909 1908 1910
3 2174 3386 6260
3 1776 1789 1828
3 989 990 1022
3 572 573 574
3 3740 4719 6472
3 557 5578 6484
3 2860 2866 6091
3 1418 1417 1680
3 2258 2257 2608
3 1385 1609 6083
3 3521 4978 6591
3 4376 3767 6227
3 2167 2951 6239
3 2385 2186 3426
3 1279 2452 6246
3 2324 2321 2386
3 2319 2317 2327
3 1844 1974 2335
3 4053 3017 6147
3 1206 561 2656
3 3605 3569 3689
3 6078 1720 6260
3 2169 5883 6317
3 4754 847 6254
3 3017 3019 6147
3 913 911 6370
3 578 577 579
3 576 575 577
3 155 156 366
3 3661 6134 7757
3 2335 2587 2909
3 1520 1521 1522
3 1802 2400 6262
3 4321 3998 5555
3 574 573 575
3 2091 2090 2092
3 2945 2857 6278
3 5161 5162 5163
3 589 588 590
3 587 586 588
3 2294 763 6284
3 706 703 6148
3 2866 4086 6091
3 81 82 2732
3 1034 1016 6175
3 2615 4006 6804
3 585 583 586
3 1884 1812 1885
3 3606 3025 3714
3 4046 3443 4047
3 1230 1231 1274
3 4803 3567 4804
3 3003 3004 3452
3 3515 6280 6281
3 1497 1498 1499
3 6647 7487 7768
3 1445 3158 6490
3 624 622 6138
3 2272 1166 6489
3 572 571 573
3 2404 2405 2406
3 3420 4378 6346
3 582 581 583
3 1613 1403 6350
3 1932 1933 2298
3 1147 1148 1230
3 2877 3182 6515
3 2185 2184 2186
3 4740 4800 4801
3 2638 2637 2639
3 773 642 6528
3 4231 3528 4944
3 2941 2943 2966
3 498 497 499
3 4988 3649 6761
3 1111 1034 1112
3 1140 1112 1141
3 3920 4735 4736
3 977 1014 6222
3 2908 6103 6658
3 2030 2031 2080
3 1513 1514 1515
3 1115 1040 6232
3 597 1202 3886
3 2387 3418 3723
3 317 430 6495
3 4298 6172 6387
3 2610 2608 6336
3 1033 1016 1034
3 6149 2685 6335
3 711 708 712
3 6541 3908 6708
3 753 752 760
3 2101 2099 2545
3 2268 2269 6335
3 3318 4146 6416
3 2186 2184 3000
3 1811 1689 1812
3 2909 3078 3809
3 751 750 752
3 515 513 6330
3 1403 1402 6350
3 463 235 6565
3 3163 3164 3568
3 2657 2658 3163
3 4615 3599 6340
3 605 2331 6268
3 589 590 592
3 587 588 589
3 585 586 587
3 703 700 2334
3 1276 1274 3162
3 582 583 585
3 2283 749 6272
3 1443 1689 1811
3 1040 1038 6232
3 1700 1680 1835
3 512 511 513
3 4276 4274 6203
3 1930 1931 1932
3 604 2583 6348
3 1247 5700 6439
3 510 509 511
3 401 107 6071
3 745 744 746
3 1185 1454 6489
3 747 746 748
3 749 748 750
3 957 956 6196
3 2261 6250 6569
3 3381 2699 6582
3 6550 1927 6747
3 1037 987 6202
3 4588 3503 4589
3 2061 2062 2063
3 508 507 509
3 742 741 744
3 502 501 503
3 506 505 507
3 1155 2225 6187
3 80 81 6267
3 3083 2967 3251
3 2397 2396 2398
3 1982 1816 6240
3 3309 3755 3888
3 55 56 423
3 504 503 505
3 1372 6380 6548
3 425 356 7819
3 1393 1307 1394
3 580 581 582
3 4413 4414 4415
3 2406 2407 2408
3 747 2283 6283
3 3527 2783 3528
3 2551 7426 7545
3 1285 1209 1286
3 1282 1278 6259
3 2188 2647 6376
3 2654 2789 6266
3 500 499 501
3 740 739 741
3 1496 2403 2404
3 2725 2727 3058
3 3525 3524 4194
3 343 393 6310
3 2001 2464 2657
3 1124 1031 2949
3 2701 3514 3920
3 1159 1264 6176
3 3003 2527 3004
3 2685 2268 6335
3 1583 1582 1584
3 1675 1683 1684
3 875 5545 6709
3 808 2351 6481
3 1753 1752 1754
3 1828 1847 1971
3 3883 5100 6903
3 1610 1394 1611
3 1599 1598 1619
3 1984 1967 2661
3 2496 2495 3039
3 1375 5632 6931
3 1015 1002 1016
3 570 571 572
3 1399 1664 6249
3 3849 3251 3939
3 568 570 1269
3 1571 1570 1572
3 4980 3701 4981
3 1819 2167 6239
3 632 631 633
3 2605 2451 3119
3 2798 2801 6167
3 1306 1286 1307
3 88 89 489
3 2040 2039 2041
3 5548 6369 6646
3 1971 1972 2539
3 2408 2409 2410
3 3065 3063 4420
3 757 607 6268
3 3177 2809 6244
3 2254 2249 6309
3 22 23 6290
3 1909 1911 2930
3 1666 1676 1677
3 1884 1885 1930
3 2625 4835 6137
3 1781 1783 1784
3 3911 5264 6834
3 3793 3792 3794
3 5858 4045 6829
3 1620 1619 1708
3 846 865 6254
3 1360 1377 2470
3 738 737 739
3 6610 4163 6611
3 2750 3506 3916
3 2753 2562 3062
3 6097 1789 6394
3 1590 1589 1591
3 1587 1586 1589
3 5490 1368 6566
3 1797 1796 1886
3 1731 778 6389
3 2963 1399 6249
3 1718 1611 1719
3 4909 6940 7051
3 3453 3892 4365
3 4385 7173 7543
3 1769 1771 1788
3 2998 496 6119
3 79 80 364
3 2109 2354 2355
3 1017 2330 6270
3 1352 1279 6246
3 4415 4451 4452
3 5512 5339 6426
3 2177 5548 6646
3 1038 2465 6232
3 4369 6465 6977
3 5030 367 6744
3 3056 2688 3243
3 1581 1580 1582
3 5095 6813 6969
3 4179 5741 6720
3 5544 1199 6771
3 4427 3950 6844
3 3589 3587 6546
3 3561 3226 4347
3 3728 3396 5933
3 2731 2450 6180
3 1932 3110 6320
3 1667 1506 6511
3 736 737 738
3 1130 1042 6270
3 532 531 533
3 1397 1451 1453
3 1767 1769 6360
3 2669 2398 2670
3 6932 4847 7925
3 3894 1456 4079
3 718 757 6284
3 3927 3073 6218
3 3946 1685 6195
3 742 1044 6274
3 2555 1984 6308
3 2171 2174 6260
3 3421 3422 4243
3 2716 2717 3551
3 78 79 6296
3 1663 1674 1675
3 520 519 521
3 1577 1576 1578
3 534 533 535
3 6579 3905 6722
3 521 519 5927
3 2898 2873 3520
3 7582 5338 7724
3 3220 2656 3903
3 2879 2950 3624
3 2501 2628 6416
3 1592 1591 1593
3 1934 1963 2577
3 2329 2328 2873
3 2341 740 6274
3 685 687 6726
3 3372 4029 4925
3 3086 3707 4015
3 536 535 537
3 538 537 539
3 4128 4963 6205
3 1179 4221 6668
3 1771 1770 1772
3 1499 1500 1501
3 1032 2336 6315
3 6130 1342 6293
3 3911 3910 4114
3 3102 3373 3827
3 3699 3121 5083
3 3096 3053 4010
3 2251 2248 6367
3 580 578 581
3 1145 916 3842
3 1963 1964 1965
3 1767 1766 1768
3 1811 1812 1884
3 2355 2356 2357
3 3199 1291 3200
3 4452 4453 4454
3 2357 2358 2359
3 516 517 518
3 1581 2121 7150
3 1893 1894 2328
3 3911 5263 5264
3 3598 3599 4614
3 1790 1791 1893
3 1044 745 6283
3 1916 2536 2537
3 1776 1777 1789
3 1137 1238 6237
3 2929 3101 3102
3 2472 2492 2578
3 3052 3053 3095
3 1786 1855 6399
3 77 78 479
3 2383 2382 3020
3 1761 3002 3052
3 104 105 3490
3 3216 3643 6366
3 1006 878 2813
3 698 696 701
3 3095 3096 3421
3 1899 1900 1901
3 5411 7323 7905
3 2673 2671 3524
3 3888 3755 3889
3 1774 1775 1776
3 1980 2704 3098
3 1746 1928 2472
3 5808 1436 7798
3 1575 1574 1576
3 1784 1785 1790
3 956 2271 6196
3 2788 1930 6320
3 6800 6106 6977
3 4243 4473 4873
3 5086 6071 6072
3 3803 3801 6275
3 3111 3425 6208
3 1573 1572 1574
3 2506 2504 6405
3 4410 6618 6664
3 7581 5730 7649
3 3019 3607 6147
3 1999 5416 7202
3 3966 2873 6295
3 4727 4002 4729
3 3937 4488 6403
3 518 519 520
3 6289 2609 6505
3 4708 3553 4709
3 2789 3507 6266
3 76 77 6306
3 4033 4032 4502
3 562 564 584
3 561 560 562
3 3982 5140 6659
3 2750 3505 3506
3 1505 1506 1507
3 2478 2315 4371
3 1131 1056 6090
3 102 103 429
3 3732 3730 4238
3 1761 1760 1762
3 3552 2717 3910
3 756 6225 6318
3 4749 4750 4751
3 5003 3935 6403
3 5698 3891 5857
3 1759 1758 1760
3 1769 1768 1770
3 1661 1662 1663
3 2704 2188 6376
3 4223 4087 4224
3 4454 4455 4456
3 2338 2478 2554
3 3651 4844 6761
3 3935 3937 6403
3 3663 3520 4386
3 1974 1845 1975
3 96 97 477
3 1022 1023 1053
3 6226 5956 6384
3 540 539 541
3 1379 1303 6155
3 2917 3918 6352
3 3917 5876 6448
3 3888 3889 3948
3 6193 515 6330
3 75 76 411
3 3247 2592 3250
3 853 838 6269
3 6921 6042 7382
3 1969 1822 6408
3 2445 2884 6470
3 3659 4796 6529
3 2601 1579 3226
3 2330 975 6312
3 3452 3453 4570
3 4608 4678 4679
3 5730 3217 6082
3 3303 3639 6323
3 3893 3380 4483
3 3611 3069 3612
3 3686 4465 5127
3 2416 4489 4490
3 1253 1184 6159
3 1638 1640 1927
3 3225 2624 6137
3 2091 2092 2527
3 1042 1017 6270
3 1977 2090 2091
3 1808 6653 6843
3 5611 5335 7016
3 622 1243 6138
3 3724 2613 4002
3 1342 1344 6293
3 3554 3250 3930
3 3151 3150 4629
3 550 549 551
3 3568 3164 3569
3 552 551 553
3 554 553 555
3 557 555 558
3 559 558 560
3 838 836 6269
3 2764 2927 6387
3 5009 4232 7378
3 947 949 3037
3 3790 4991 4992
3 1363 1305 1367
3 4713 4733 4734
3 74 75 6307
3 1047 1021 1049
3 6317 4245 6384
3 3163 2658 3164
3 1753 2315 2338
3 1001 1000 1002
3 1658 1659 1661
3 1822 1820 6408
3 3318 3979 4146
3 1686 1699 1839
3 1844 1843 1845
3 5072 3903 5074
3 1033 1034 1111
3 2021 2020 2022
3 1829 5447 6774
3 1111 1112 1140
3 1015 1016 1033
3 736 735 737
3 3146 3787 4355
3 3551 3552 3951
3 1157 1155 6187
3 548 547 549
3 3020 2382 3914
3 4583 3517 6191
3 3098 2704 3374
3 3611 4167 4634
3 2288 6224 6585
3 4077 3078 4078
3 987 1030 6202
3 546 545 547
3 2358 2356 2734
3 3302 3303 6323
3 2001 2381 2464
3 1326 1328 6297
3 4024 4995 4996
3 5012 5011 5013
3 3021 3020 6397
3 2819 4400 7571
3 6335 2598 6598
3 3773 5901 6242
3 4167 3612 4168
3 6184 6186 7185
3 5728 6207 6607
3 73 74 480
3 925 924 6503
3 6258 6093 6496
3 6170 2654 6266
3 998 1000 1001
3 4762 4765 6801
3 2831 3625 4204
3 2657 2464 2658
3 4182 3344 4218
3 2578 2710 3300
3 3323 2734 3324
3 974 972 2382
3 7297 4615 7477
3 772 811 6263
3 156 157 6264
3 4250 4248 6737
3 594 596 6238
3 1845 1843 6242
3 1684 1683 1796
3 1812 1689 6262
3 4456 4516 4517
3 634 633 636
3 3223 2814 3906
3 3554 4004 4899
3 2780 3036 3442
3 3664 4096 4459
3 2857 6158 6278
3 4517 4518 4626
3 6387 3659 6529
3 2643 2085 2644
3 3220 3903 5072
3 2822 6303 6929
3 2801 3311 6167
3 3742 3738 3799
3 3424 3374 4366
3 4244 4047 4821
3 1161 1159 6176
3 5452 1946 6398
3 544 543 545
3 1901 1902 1903
3 639 638 640
3 1892 1952 6498
3 3204 3203 3205
3 637 636 638
3 719 764 6271
3 1829 1730 1830
3 2921 2610 6336
3 100 101 3474
3 758 5356 7243
3 2892 2893 2894
3 3098 3374 3424
3 6281 7299 7929
3 3775 3777 6431
3 836 3854 6269
3 1686 1687 1699
3 862 863 6312
3 1828 1789 1847
3 1734 4162 4163
3 1839 1840 2000
3 3206 3205 3207
3 5629 5630 5846
3 3436 949 3437
3 1971 1847 1972
3 1328 6209 6297
3 3831 2962 6889
3 1460 2441 6419
3 4911 3633 4913
3 1263 1348 1349
3 4329 3502 4330
3 3391 3211 3713
3 1347 2963 6293
3 5991 7319 7543
3 606 608 6265
3 855 843 866
3 3068 3069 3610
3 491 493 494
3 602 601 6348
3 1336 1337 6607
3 2954 3115 3116
3 1721 2337 6523
3 791 790 792
3 1934 1935 1963
3 3915 3914 4164
3 2612 5134 7936
3 1066 1068 1069
3 4099 3714 5002
3 2157 1755 7021
3 763 718 6284
3 935 934 6512
3 3794 3792 6657
3 3438 3007 6282
3 993 992 994
3 5901 3775 6431
3 6408 6022 6606
3 1820 6239 6408
3 3731 3734 6472
3 2604 2605 3068
3 1240 1271 1300
3 749 751 6272
3 641 640 642
3 2316 3901 6467
3 643 642 709
3 94 95 363
3 2363 2183 5908
3 3747 4421 4655
3 2647 3309 6376
3 47 48 6337
3 1656 1657 1658
3 3801 4401 6275
3 1391 1397 6608
3 1675 1674 1683
3 1344 1347 6293
3 6295 2328 6334
3 2593 3247 3248
3 70 71 362
3 5176 3804 7225
3 3452 3004 3453
3 3777 3790 6431
3 2271 2592 2593
3 4312 4858 7354
3 6008 3678 7393
3 1771 1772 1774
3 5701 1947 6568
3 4075 5688 6474
3 3244 2644 3393
3 6781 4371 6793
3 1444 1326 6297
3 1903 1904 1905
3 6466 731 6800
3 607 605 6268
3 4214 3484 4215
3 5069 4552 7972
3 7079 1999 7202
3 5867 7492 7866
3 4401 602 6348
3 349 350 6803
3 4419 4417 6640
3 1238 1358 6237
3 1456 1457 6419
3 1699 1792 6412
3 2240 5944 5945
3 2445 2444 2446
3 95 96 6328
3 522 521 523
3 4523 4276 6203
3 3643 3328 6442
3 986 981 7503
3 2986 2988 2989
3 3095 4429 6781
3 2487 2380 3130
3 2146 2458 6540
3 1383 858 6193
3 1972 2738 2750
3 973 992 993
3 1306 1393 1406
3 863 844 6329
3 62 63 451
3 3675 5567 7046
3 2336 1137 6237
3 3102 3827 3969
3 2554 2926 3335
3 4146 4147 5785
3 2007 2009 6547
3 1905 1906 1907
3 4573 2952 6331
3 1392 1390 2524
3 2042 2041 2043
3 4203 5179 7651
3 3147 2753 6624
3 5046 3035 5963
3 745 747 6283
3 740 742 6274
3 4736 5139 6925
3 3335 3567 4531
3 3260 2510 6524
3 1427 1428 1685
3 524 523 525
3 4997 3986 6912
3 3521 4035 4978
3 1001 1002 1015
3 1228 6206 6435
3 956 1387 2271
3 960 5617 6758
3 2949 1031 6338
3 1894 1896 6334
3 526 525 527
3 528 527 530
3 3786 2564 6536
3 1610 1718 2402
3 2675 2674 2676
3 3846 3112 6208
3 2696 3480 3887
3 2250 2251 6401
3 1671 1027 6429
3 987 988 1030
3 1421 1439 6331
3 5574 7029 7224
3 6207 1336 6607
3 1987 500 6146
3 2879 3624 6399
3 541 539 543
3 1072 1074 1075
3 2291 2289 6482
3 3111 3113 3425
3 760 2859 6299
3 3916 4130 4131
3 972 857 973
3 535 533 1531
3 478 58 6198
3 3007 3220 6282
3 975 862 6312
3 1663 1662 1674
3 1719 1752 1753
3 1150 874 6661
3 1427 3946 6404
3 2720 2560 3150
3 2759 2760 6678
3 3456 3633 3634
3 1219 1201 1220
3 5715 4070 6953
3 46 47 404
3 2862 2572 6086
3 1830 1843 1844
3 2968 3242 4643
3 1420 1421 6331
3 1907 1908 1909
3 558 555 6261
3 2339 1665 4198
3 1985 2611 2612
3 559 560 561
3 557 558 559
3 554 555 557
3 552 553 554
3 550 551 552
3 1127 1188 3100
3 579 721 2969
3 1911 1912 1934
3 3209 3391 6421
3 1402 1357 6496
3 548 549 550
3 1083 1082 1084
3 3886 5431 6738
3 7010 6019 7109
3 4645 3539 5893
3 6212 6213 6343
3 859 861 6734
3 2192 1242 6673
3 1654 1655 1656
3 4910 2499 7944
3 3759 4633 4704
3 1764 1766 1767
3 6173 581 6373
3 3943 4016 4108
3 6212 6211 6213
3 3608 5381 6906
3 2680 2678 2681
3 3174 3175 3942
3 1661 1659 1662
3 2838 2840 7019
3 3942 3943 4563
3 2109 928 2354
3 1268 1417 1418
3 546 547 548
3 3020 3914 3915
3 3324 4087 4223
3 664 663 665
3 2716 2359 2717
3 544 545 546
3 112 113 372
3 4024 3811 4995
3 2450 2451 2604
3 2624 2391 2625
3 4141 4672 6971
3 3599 3137 6445
3 4674 4218 4929
3 766 761 6299
3 3767 3207 6421
3 2256 2345 2346
3 1728 1730 1829
3 2677 2676 2678
3 2450 2604 6180
3 541 543 544
3 3769 4120 4390
3 307 5803 6873
3 3916 3506 4130
3 2443 2086 2444
3 1078 1080 1081
3 1053 1054 6316
3 2412 2410 3180
3 2890 4156 6554
3 2549 2489 2565
3 4877 387 4878
3 653 651 6256
3 856 841 857
3 934 931 6063
3 3033 3012 3034
3 4474 3297 6561
3 4814 3541 4815
3 1909 1910 1911
3 2264 2552 6352
3 1030 1031 1123
3 3442 3443 4046
3 59 371 6198
3 3116 3117 3156
3 1289 1288 1290
3 2625 2391 3941
3 3915 4164 5011
3 3160 3859 4183
3 3156 3157 3769
3 4598 4018 6349
3 3634 4911 4912
3 1211 871 6709
3 4596 7976 8014
3 2956 2506 6405
3 2780 3442 3444
3 1166 1185 6489
3 4289 3200 4290
3 4542 7744 7949
3 1841 5637 7803
3 2584 2613 2703
3 5116 3803 6275
3 3969 3827 4671
3 2335 1974 2587
3 2903 1316 5361
3 3136 3082 3137
3 1658 1657 1659
3 5605 4441 7265
3 2684 2683 3097
3 2238 5771 5784
3 674 673 679
3 666 665 667
3 2608 2609 3174
3 1660 1649 6537
3 4916 4198 6415
3 1123 1124 1208
3 5668 6684 6855
3 3210 3758 3759
3 3724 4727 4728
3 952 948 5896
3 4246 4245 6631
3 2000 1840 2001
3 1839 1699 1840
3 1208 1209 1284
3 993 994 1741
3 668 667 670
3 3769 4390 4756
3 3396 2787 3423
3 844 812 6329
3 520 521 522
3 4237 3665 6156
3 4724 3963 4805
3 2255 2256 2257
3 3419 4550 4551
3 65 400 6073
3 5948 3828 6363
3 4393 373 6407
3 4024 4996 6327
3 982 984 1229
3 812 2332 6329
3 4126 2835 6482
3 671 670 673
3 2409 2407 2413
3 1355 6258 6496
3 832 830 1447
3 1991 3132 6609
3 7132 7124 7566
3 840 809 841
3 860 1383 6575
3 4304 3395 4305
3 761 760 6299
3 2252 2253 2255
3 1603 1605 1606
3 947 945 949
3 3828 3830 6363
3 4654 3794 7424
3 5922 5924 7842
3 4127 3302 6323
3 1404 1445 6490
3 2641 2588 2787
3 130 415 6452
3 4057 3450 4058
3 1652 1653 1654
3 4757 3148 4758
3 522 523 524
3 524 525 526
3 526 527 528
3 2909 2587 3078
3 1679 6028 6210
3 1700 1836 1936
3 4698 4699 4700
3 775 765 6324
3 1530 1512 2391
3 3958 3959 6349
3 3111 2539 3113
3 2703 3724 6420
3 687 686 688
3 978 980 2417
3 2513 2455 3131
3 5400 6424 7849
3 1311 1053 2244
3 1098 1099 1100
3 4989 4990 6909
3 3158 4226 5016
3 940 938 2348
3 3532 4054 4055
3 530 868 2979
3 1951 2259 2260
3 4855 4168 4856
3 1756 1758 1759
3 2249 2250 2252
3 1883 2542 2953
3 516 2975 6330
3 3136 4084 6314
3 2576 5948 6363
3 4928 4932 6371
3 3669 5937 7775
3 4696 4697 4698
3 1367 1305 1368
3 2025 2022 2026
3 2044 2043 2045
3 2735 2496 6255
3 4525 4526 7616
3 3425 3932 4241
3 3040 6544 7547
3 6375 4364 6603
3 2527 2528 6358
3 2460 3077 6423
3 5907 3796 7401
3 2597 2003 6517
3 3421 3096 3422
3 6897 919 7076
3 2332 775 6324
3 4346 4691 4692
3 1002 1000 6315
3 6240 2484 6596
3 2608 2257 2609
3 1441 1226 6435
3 1685 1428 1686
3 2563 2754 3122
3 3664 3248 4096
3 1518 4063 6986
3 4243 3422 4473
3 4342 4343 4344
3 2528 2797 6358
3 645 643 6223
3 1454 1456 3894
3 4484 3941 4485
3 1311 2244 2245
3 1393 1394 1610
3 1069 1070 1071
3 2859 4389 6299
3 2346 2347 2780
3 2741 2667 3322
3 2772 2774 3325
3 4627 833 6723
3 3940 3922 4509
3 1769 1788 6360
3 3892 3004 6358
3 1975 1977 6375
3 1367 1368 1427
3 6813 1411 6969
3 6590 6070 7865
3 1513 1515 1519
3 1242 6024 6673
3 4110 3097 4111
3 1492 1491 1493
3 1464 1466 1682
3 2756 4085 7084
3 3415 3414 6294
3 6503 924 6844
3 1777 1779 6394
3 5002 3714 5548
3 1523 1522 1524
3 694 693 695
3 3447 5052 7261
3 3915 5012 6397
3 1769 1770 1771
3 2225 1037 6202
3 4403 2876 6731
3 1426 1245 6439
3 4223 4224 4659
3 1275 1281 6365
3 987 970 988
3 2701 2413 2885
3 689 688 690
3 1460 1462 2441
3 2776 2778 3049
3 4249 5602 6458
3 4531 3567 4803
3 4344 4345 4346
3 2299 2302 6345
3 5624 1398 6637
3 601 604 6348
3 1527 1526 1528
3 1942 1941 1943
3 996 998 6395
3 1525 1524 1526
3 4232 3341 4233
3 1602 1528 1603
3 4105 3677 6049
3 1519 1515 1520
3 2561 2525 2858
3 1429 2339 6437
3 2837 2835 4126
3 5835 1194 6911
3 1610 1611 1718
3 3183 2858 3341
3 4978 464 7604
3 1727 1726 1728
3 556 554 6484
3 691 690 693
3 1448 1376 6938
3 2496 3039 6255
3 2992 3193 3194
3 3740 4668 4719
3 3120 2881 3450
3 7457 5905 7686
3 1306 1307 1393
3 1656 1655 1657
3 4529 4336 6567
3 3911 4114 5263
3 808 804 809
3 1222 6168 6455
3 803 802 804
3 1060 1062 6273
3 1496 1495 1497
3 7739 5960 7822
3 1650 1651 1652
3 2989 2991 2992
3 5242 6609 6826
3 2351 840 6409
3 4340 4341 4342
3 1724 1726 1727
3 3514 2885 4782
3 3082 3149 6445
3 3429 4370 6469
3 3095 3053 3096
3 4736 4735 5139
3 1704 1848 1850
3 6698 4319 6699
3 2570 2568 2571
3 1844 1845 1974
3 4168 4169 6287
3 4157 3416 4158
3 3080 3082 3136
3 2357 2356 2358
3 1767 1768 1769
3 2337 2498 6816
3 3863 6232 6530
3 2817 4403 4404
3 3116 3156 3508
3 4027 4607 4608
3 2510 2140 6524
3 1936 2783 2870
3 1264 1157 6187
3 1944 1943 1945
3 960 957 6196
3 6396 529 6548
3 2982 2983 2984
3 1001 3005 6395
3 801 800 802
3 1520 1522 1523
3 1274 1275 6365
3 3052 3002 3053
3 4023 4098 6963
3 2952 1420 6331
3 2768 2453 2769
3 723 725 1283
3 4592 3327 6558
3 1285 1286 1306
3 1718 1719 6291
3 2399 1950 2525
3 1930 1932 6320
3 2247 2248 2249
3 4649 3569 6388
3 826 849 6456
3 2355 2354 2356
3 1470 1472 1516
3 1427 1368 1428
3 2226 5483 7587
3 2751 2745 3353
3 2870 3527 3678
3 3952 2682 6663
3 4301 2956 6405
3 2298 2299 6345
3 4298 6387 6529
3 1512 1511 1513
3 1523 6251 6386
3 1366 1282 6432
3 620 618 6581
3 1761 1762 3002
3 1940 2564 2627
3 5422 4138 7119
3 3158 5016 6490
3 3083 3849 4027
3 1182 1703 1704
3 2563 3122 6036
3 4368 4369 6833
3 1357 1355 6496
3 765 766 6324
3 3552 3910 3911
3 3542 3256 3977
3 1792 2941 6311
3 3089 2768 3352
3 1058 2228 6090
3 2180 1409 6356
3 3588 4317 6453
3 3164 3483 6388
3 1654 1653 1655
3 2841 2839 3392
3 3635 2960 6354
3 5637 1841 7913
3 2405 2403 3947
3 2498 2453 2768
3 6039 4254 6507
3 3483 2658 6414
3 967 964 2463
3 2554 2478 2926
3 2358 2734 3323
3 3369 1371 3370
3 1753 1754 2315
3 3006 1253 6159
3 3910 2717 6518
3 2559 2558 2560
3 1085 1084 1086
3 2434 2435 2436
3 6111 2264 6352
3 5185 454 5186
3 3782 3781 3783
3 3809 3078 4077
3 3485 3137 3598
3 3745 3922 3923
3 856 857 972
3 4956 4954 4959
3 870 860 6575
3 643 709 6223
3 1759 1760 1761
3 2960 2958 6354
3 3822 4107 6577
3 3219 2555 6308
3 2277 1161 6176
3 2958 4301 6354
3 4167 4168 4855
3 799 798 800
3 3551 2717 3552
3 2432 2433 2434
3 856 974 6409
3 2436 2437 2438
3 2345 2253 6401
3 4042 5319 5320
3 2980 2981 2982
3 6147 7371 7750
3 2966 2967 3083
3 3920 3514 4735
3 1510 1509 1511
3 1665 1430 1666
3 6447 1516 6510
3 2337 2333 2453
3 2581 2096 2582
3 1829 1830 6333
3 3909 3799 4867
3 840 841 856
3 1643 1644 1645
3 434 306 6873
3 1484 1486 2730
3 3038 4946 7491
3 2338 2315 2478
3 4447 3438 6282
3 1721 1677 1722
3 2440 2461 2550
3 797 796 798
3 2328 1894 6334
3 2906 3016 3908
3 2518 2563 6036
3 1409 1367 6404
3 1534 1379 6155
3 3758 3208 6504
3 2406 2405 2407
3 3887 3992 3993
3 3174 2609 3175
3 2847 2845 3350
3 3262 3260 4170
3 3610 3069 3611
3 1418 1680 1700
3 4291 3021 6397
3 5443 4129 7059
3 3942 3175 3943
3 1630 1800 6628
3 3611 3612 4167
3 1304 6621 6735
3 4687 3968 4688
3 4231 4944 4945
3 4018 3958 6349
3 3276 3274 3523
3 2404 2403 2405
3 3993 4680 4681
3 3456 2851 3633
3 2245 2244 2246
3 2408 2407 2409
3 656 2305 6057
3 1652 1651 1653
3 6149 6335 6598
3 2625 3941 4484
3 6178 6177 7085
3 2427 2429 2430
3 3527 3528 4231
3 3576 4003 4374
3 1700 1835 1836
3 2048 2047 2049
3 1508 1507 1509
3 1147 5910 6570
3 956 954 1387
3 1474 1476 2457
3 67 68 454
3 1891 1892 6498
3 4459 4096 4658
3 603 598 6364
3 1668 1827 1914
3 1180 1181 1182
3 2815 35 6741
3 3068 2605 3069
3 2552 2917 6352
3 1488 1491 1492
3 2953 2954 6241
3 794 793 796
3 3799 6391 6742
3 1480 1482 1489
3 676 674 6233
3 1259 1214 1260
3 3272 3270 4071
3 2381 1840 6412
3 1713 1709 6601
3 1779 1781 6393
3 3266 3264 3478
3 2147 2077 6582
3 5597 1007 7859
3 1454 3894 6489
3 3396 3423 5933
3 4380 2298 6345
3 4608 4607 4678
3 628 626 6579
3 3282 3280 3687
3 1523 1524 1525
3 3247 3250 3554
3 3083 3251 3849
3 1103 1106 1295
3 598 597 6364
3 1525 1526 1527
3 5964 2598 6702
3 2052 2051 2053
3 1139 1119 5699
3 4353 4228 4399
3 3554 3930 4004
3 2245 2246 2247
3 2624 2625 6137
3 4895 5246 7878
3 808 809 840
3 2608 3174 6336
3 2255 2253 2256
3 1527 1528 1602
3 1679 6211 6212
3 6631 3772 6734
3 1176 1177 1178
3 1350 779 6444
3 6168 6546 8026
3 792 790 793
3 2550 2831 6497
3 1030 988 1031
3 3759 4704 4705
3 6100 3429 6469
3 2584 2279 2613
3 99 100 6322
3 2252 2250 2253
3 3231 3586 3587
3 2249 2248 2250
3 1284 1209 1285
3 1208 1124 1209
3 1123 1031 1124
3 1170 1171 1172
3 4576 3785 4577
3 1542 1540 1628
3 5839 6631 6734
3 2589 3040 3041
3 1297 1626 6556
3 3335 2926 3567
3 4374 4375 4612
3 1538 1536 2718
3 3134 2582 3135
3 57 478 6279
3 1314 692 6845
3 1200 1265 2980
3 3676 3389 7087
3 2557 2343 2558
3 1075 1076 1077
3 2582 2096 5706
3 1502 1501 1503
3 2593 2592 3247
3 3037 949 3436
3 1461 1459 6986
3 6367 3855 6863
3 1893 2329 6402
3 1429 1374 1430
3 1789 1777 6394
3 2423 2424 2425
3 2249 2252 6309
3 3286 3284 3912
3 1510 1511 1512
3 94 363 4755
3 1594 1593 6344
3 1546 1544 2462
3 6406 584 6682
3 1519 1520 6386
3 2352 1227 6471
3 2284 2286 6541
3 2240 5945 6028
3 1638 1639 1640
3 3905 624 6138
3 1099 6178 6179
3 2604 2451 2605
3 1666 1677 1721
3 801 802 803
3 2814 2446 6535
3 803 804 808
3 1172 1173 1174
3 3079 3080 6314
3 2421 2422 2423
3 1493 1495 1496
3 2586 2016 6627
3 1168 1169 1170
3 3133 3628 7073
3 1022 1053 1311
3 2448 2449 2450
3 626 3905 6579
3 3436 3437 4316
3 1174 1175 1176
3 2747 3952 3953
3 235 236 6565
3 2992 3194 3195
3 1648 1649 1650
3 3724 4002 4727
3 1243 620 6581
3 3784 3783 3785
3 1508 5912 6614
3 3610 5977 7987
3 1359 5712 6938
3 713 712 714
3 2271 1387 2592
3 5448 5481 7308
3 2464 2715 6414
3 4104 5080 6826
3 1508 1509 1510
3 788 787 789
3 4341 3522 6526
3 2448 2731 6535
3 4063 4062 6622
3 1946 1945 6521
3 3713 3211 4514
3 1896 1899 6334
3 3079 2537 3080
3 1301 1304 1305
3 786 785 787
3 42 43 370
3 4046 4047 4244
3 799 800 801
3 1301 1271 1304
3 674 679 6233
3 2286 2906 6541
3 279 419 6799
3 2295 6269 6578
3 473 278 6799
3 3590 2729 6497
3 2028 2026 2029
3 4371 2315 6478
3 794 796 797
3 696 695 6467
3 4079 1456 6419
3 797 798 799
3 2247 2246 2248
3 3136 3137 3485
3 578 579 6373
3 1550 1548 1939
3 1087 1086 1088
3 792 793 794
3 3162 1274 6365
3 581 578 6373
3 1650 1649 1651
3 3525 4194 4195
3 3309 3888 6376
3 5228 2104 6642
3 3386 5815 6635
3 2572 2571 2574
3 784 783 785
3 6227 3767 6421
3 2566 2565 2931
3 3830 4413 6363
3 1784 3440 6393
3 1091 1090 1092
3 1984 2661 6308
3 777 3051 6444
3 3025 3023 6369
3 715 714 716
3 1556 1554 1715
3 6045 4468 7190
3 3440 1790 6402
3 1886 2553 6595
3 2244 1053 6316
3 4077 4078 4373
3 2546 2545 3009
3 717 716 754
3 6305 4818 6721
3 4705 4706 4890
3 2982 2984 4125
3 3745 3921 3922
3 2409 2413 2701
3 3485 3598 4209
3 574 576 6381
3 3004 2527 6358
3 3771 3147 4184
3 2701 2885 3514
3 3425 3113 3932
3 4377 4298 6529
3 6331 1439 6628
3 3414 3417 6294
3 1929 2420 2421
3 755 754 769
3 1300 1271 1301
3 6232 2465 6530
3 3358 2735 6255
3 6015 6350 6719
3 1141 1147 6570
3 597 3886 6364
3 1413 1362 1415
3 6028 5945 6210
3 2530 2080 4171
3 784 785 786
3 786 787 788
3 3207 3205 3208
3 1840 1699 6412
3 3790 4992 6431
3 2091 3003 6375
3 1429 1430 1665
3 782 781 783
3 1936 1836 2783
3 1502 1503 3907
3 788 789 790
3 4245 6317 6631
3 6323 4292 6602
3 4705 4704 4706
3 2825 2000 6374
3 631 628 6579
3 4890 4706 4898
3 1640 1639 1641
3 1396 880 6488
3 513 516 6330
3 6074 6399 6712
3 3634 3633 4911
3 339 340 6560
3 1290 1288 1292
3 1416 1617 1618
3 1225 1382 6471
3 2673 3524 3525
3 3209 3210 3211
3 2703 2613 3724
3 6080 6240 6596
3 4058 3450 4220
3 709 773 774
3 1373 1297 1374
3 780 779 781
3 1496 1497 2403
3 709 642 773
3 3292 3290 3351
3 2870 2783 3527
3 6018 2576 6794
3 727 729 2483
3 3207 3208 3209
3 782 783 784
3 3525 4195 4196
3 3020 3915 6397
3 2184 2180 6356
3 5790 3876 6903
3 6515 4353 6516
3 1621 7697 7705
3 5096 396 7638
3 2941 2966 6311
3 3195 3196 3197
3 780 781 782
3 3197 3202 3203
3 3938 6080 6596
3 984 1152 6440
3 3149 3900 6445
3 1721 1722 2333
3 1492 1493 6383
3 1562 1560 1691
3 3298 3677 4105
3 708 706 6342
3 1844 2335 6333
3 2607 4093 4150
3 3889 5197 6380
3 1402 6496 6719
3 778 777 779
3 2465 3045 6530
3 778 779 780
3 1702 1624 6588
3 2954 3116 6241
3 2479 6579 6722
3 1948 2399 6521
3 5805 1150 6630
3 2012 2015 2388
3 2651 3579 6679
3 2704 6376 6667
3 6399 3624 6712
3 733 735 736
3 1800 5248 6849
3 4290 3200 4331
3 2925 645 6223
3 2450 2449 2451
3 789 6253 7975
3 3039 3601 4032
3 774 777 778
3 774 773 777
3 5824 5826 7036
3 1377 1443 6411
3 576 580 6381
3 4027 3849 4607
3 1499 1501 1502
3 2614 2878 6502
3 498 1987 6119
3 3341 2858 4037
3 3010 3009 3556
3 3209 3208 3210
3 562 584 6406
3 3393 4176 4178
3 1373 1374 1429
3 1737 1738 1739
3 3182 4353 6515
3 3576 3496 4003
3 2010 2008 6627
3 2001 2657 6374
3 1250 1249 1287
3 3195 3194 3196
3 1293 1292 1294
3 1505 1507 1508
3 1054 1131 6316
3 5846 5630 7296
3 529 532 6548
3 3903 6406 6682
3 1296 1294 1297
3 2601 3561 3956
3 651 654 6256
3 3051 773 6528
3 4064 7151 7154
3 638 636 1793
3 1220 1201 1221
3 679 881 882
3 1516 6010 6713
3 2948 3389 3676
3 6277 2691 6657
3 807 806 827
3 1290 1292 1293
3 2117 7952 8007
3 3000 2184 6356
3 1951 2260 2261
3 394 303 6842
3 3039 2495 3601
3 1955 5106 7995
3 4399 4228 5009
3 1247 1246 1249
3 3231 3587 3588
3 2881 2460 2882
3 1719 1753 6291
3 2965 2680 6341
3 4323 4325 6623
3 579 2969 6373
3 770 769 806
3 367 4965 6243
3 1222 1223 1224
3 3948 3889 6380
3 1646 1647 1648
3 3203 3202 3931
3 2310 2897 6702
3 3724 4728 6420
3 5194 452 7367
3 3569 3164 6388
3 4856 4168 6287
3 2680 2681 6341
3 3200 1291 6552
3 3918 3957 6729
3 3296 3297 3298
3 1220 1221 1222
3 4877 4878 4879
3 3878 3883 6903
3 499 497 7516
3 700 698 6355
3 1247 1249 1250
3 1250 1287 1288
3 3896 4604 4605
3 1293 1294 1296
3 3695 4833 6557
3 1296 1297 1373
3 4155 4154 6877
3 3197 3196 3202
3 2598 2308 6702
3 6605 5104 7502
3 1496 2404 6383
3 431 262 7008
3 4867 3799 6742
3 1224 1225 1226
3 5586 3708 7088
3 2030 2029 2031
3 2459 2262 2460
3 1566 1564 2473
3 2446 2444 2447
3 1648 1647 1649
3 2261 2260 2262
3 1945 1943 1947
3 2670 2671 2672
3 4573 6331 6628
3 4290 4331 4332
3 3956 4457 4458
3 6609 4104 6826
3 2601 3226 3561
3 4537 4538 4539
3 2589 3041 3230
3 1916 2537 3079
3 6685 4736 6925
3 6356 1409 6404
3 4170 3260 6524
3 882 1011 1012
3 633 631 2479
3 67 454 5184
3 1704 1850 1851
3 561 562 6406
3 5897 1255 6957
3 4119 3938 6754
3 5590 2466 7107
3 1226 1227 1228
3 1989 1991 6609
3 3332 3333 3334
3 4502 5366 7960
3 3186 3185 6743
3 2572 2574 6086
3 1224 1223 1225
3 3414 3416 3417
3 5134 4643 7741
3 5593 5592 7001
3 1245 1244 1246
3 3964 3965 4387
3 882 881 1011
3 2349 574 6381
3 1501 1500 6433
3 2224 6880 7262
3 423 56 6279
3 2688 6319 6666
3 2228 1060 6273
3 1245 1246 1247
3 2103 5221 6672
3 530 2979 6430
3 3572 3473 4203
3 2606 1907 6459
3 3686 3313 4465
3 4196 4536 4537
3 1228 1227 1235
3 1443 1811 6411
3 2396 2394 3971
3 1009 1396 6613
3 1228 1235 1236
3 1140 1141 6570
3 1830 1844 6333
3 1781 1784 6393
3 5319 3589 6546
3 5348 2075 6705
3 1792 6311 6412
3 1291 1290 6552
3 961 960 6758
3 1977 2091 6375
3 3040 2326 6544
3 1226 1225 1227
3 1236 1244 1245
3 851 6217 6587
3 1236 1235 1244
3 6370 2224 6563
3 2261 2262 2459
3 3903 2656 6406
3 2786 3160 6385
3 3023 4291 6369
3 2305 653 6256
3 5152 395 7514
3 4475 4474 7395
3 2459 2460 2881
3 867 866 1003
3 1735 1736 1737
3 1790 1893 6402
3 6621 3934 6735
3 2670 2398 2671
3 3080 3136 6314
3 2672 2673 2674
3 1367 1427 6404
3 3469 3448 3470
3 6014 6015 6922
3 1640 1641 1642
3 3094 3227 3529
3 6567 4336 6731
3 4466 3085 6593
3 1222 1221 1223
3 3400 3398 3902
3 6269 3854 6578
3 3071 3845 3945
3 3132 3807 4104
3 1798 1891 6675
3 1135 1200 1201
3 1753 2338 6291
3 2000 2001 6374
3 554 557 6484
3 3899 4042 4909
3 1762 1764 6454
3 2470 1377 6411
3 3005 5866 7866
3 6886 3456 7071
3 1825 1969 6711
3 3811 3809 6443
3 6078 6260 6635
3 2890 2892 4156
3 5205 3908 7026
3 1746 2472 6652
3 3588 3589 3899
3 2733 2699 3381
3 6317 3772 6631
3 2974 4115 6696
3 3507 2972 6696
3 4127 6323 6602
3 998 1001 6395
3 1305 1304 6566
3 1584 1585 1586
3 1950 1949 1951
3 1948 1947 1949
3 3423 2787 3962
3 5774 5772 6862
3 683 681 6683
3 6338 988 6525
3 3417 4157 4352
3 1340 1338 6969
3 2656 561 6406
3 2643 2644 3244
3 1578 1579 1580
3 1909 2930 6459
3 1835 1985 6438
3 1945 1947 1948
3 98 99 387
3 2658 2464 6414
3 703 2334 6148
3 2831 4204 6497
3 1176 1178 1179
3 4106 3415 6294
3 2446 2447 2448
3 2495 1702 6588
3 2189 676 6233
3 1948 1949 1950
3 1027 1108 1109
3 1593 3500 6344
3 220 221 6882
3 1109 1134 1135
3 1012 1026 1027
3 3344 3179 6422
3 3446 3367 3447
3 3423 3962 3963
3 2643 3244 3964
3 2676 2674 2679
3 3588 3587 3589
3 1679 6210 6211
3 81 2732 6267
3 3193 3747 6427
3 2440 2550 2614
3 2115 2113 6617
3 4032 3601 4989
3 4701 4700 4702
3 1371 1284 6485
3 2436 2438 2439
3 828 827 6587
3 6260 3386 6635
3 6025 7192 7193
3 7418 4790 7858
3 6022 3865 6606
3 3899 3589 4042
3 1722 1724 6410
3 4015 3707 4667
3 3714 3025 6369
3 2661 1967 6595
3 2747 3953 3955
3 1851 1850 1852
3 6183 6185 7985
3 32 33 440
3 2681 2678 2682
3 4374 4003 4375
3 1135 1134 1200
3 1109 1108 1134
3 528 530 6430
3 3182 3181 4227
3 4537 4536 4538
3 2024 2033 2034
3 1853 1940 1941
3 945 942 6468
3 4987 3882 7639
3 1027 1026 1108
3 6462 3608 6463
3 4182 4674 6764
3 6195 1685 6418
3 1337 1341 6607
3 679 673 881
3 5993 509 6649
3 1179 1178 1180
3 334 6339 7285
3 6465 6466 6977
3 1853 1852 1940
3 3854 4908 6578
3 1012 1011 1026
3 3182 4227 4228
3 4196 4195 4536
3 3330 3329 3331
3 6128 6285 6700
3 4698 4700 4701
3 3243 2688 6666
3 2681 2682 2683
3 2614 2550 2729
3 6398 1946 6521
3 1754 1756 6478
3 5714 3183 7146
3 1851 1852 1853
3 3230 3041 3231
3 1172 1174 2475
3 2983 2986 6434
3 2056 2055 2057
3 1794 4535 5689
3 3730 3728 6413
3 874 870 6661
3 1708 1710 2342
3 3234 2616 3995
3 1779 6393 6394
3 29 30 389
3 1520 1523 6386
3 3406 3404 3608
3 4555 5451 7580
3 2877 2729 3181
3 4008 4007 4953
3 1584 1582 1585
3 3109 5219 7592
3 3929 4471 6665
3 2472 1928 2492
3 2325 2326 2588
3 736 6106 6800
3 1179 1180 1210
3 263 5788 7008
3 3137 3082 6445
3 1286 1209 6500
3 695 1386 2316
3 3993 4681 5669
3 2455 2412 6475
3 3035 3034 4121
3 1578 1576 1579
3 1062 1065 6273
3 3574 3573 4153
3 1572 1570 1600
3 667 665 1612
3 3190 3188 4165
3 849 978 6456
3 443 27 4797
3 1686 1839 6418
3 1168 1170 1217
3 3906 2814 6535
3 1593 1595 3500
3 2672 2671 2673
3 3963 3962 4859
3 4695 4694 4696
3 364 80 6267
3 6939 1203 7130
3 2667 2513 6479
3 4179 6720 6773
3 2539 1972 6446
3 2316 2317 2318
3 250 469 6904
3 6948 5338 7582
3 4693 4692 4694
3 6970 2862 7347
3 2394 2115 6617
3 1767 6360 6454
3 2605 3119 6483
3 2427 2430 2431
3 2588 2326 2589
3 2324 2386 6544
3 2720 3151 3184
3 3410 3408 4052
3 383 37 7478
3 2035 2037 2038
3 1934 2577 6486
3 4387 3965 4450
3 2432 2434 2623
3 2930 1911 6486
3 5489 2532 7258
3 2322 2324 2325
3 1050 1049 1051
3 2318 2319 2320
3 2431 2430 2432
3 2320 2321 2322
3 2439 2438 2440
3 2877 3181 3182
3 3194 3193 6427
3 2574 2571 3960
3 1052 1051 1118
3 3135 3781 3782
3 2484 6150 6596
3 1035 1009 1036
3 2224 909 6880
3 3956 3561 4457
3 1119 1118 1183
3 3035 4121 5963
3 2557 2559 2924
3 3534 3535 4308
3 1120 1036 1121
3 5164 5163 5165
3 2376 2374 6392
3 1167 1121 1168
3 379 4778 4779
3 531 528 6430
3 3246 3980 3981
3 928 925 6503
3 2472 2578 6974
3 2614 2729 2877
3 6611 4163 6612
3 1901 2660 6687
3 4006 3233 4007
3 1967 1886 6595
3 1077 1078 6593
3 778 780 6389
3 3414 3412 3416
3 3524 2671 6615
3 2574 3960 4185
3 6380 5197 6548
3 2720 3150 3151
3 3002 1762 6454
3 2099 1740 6633
3 2701 3920 6545
3 2984 2983 6434
3 870 6575 6661
3 6358 2797 6676
3 695 693 1386
3 4030 3227 4467
3 954 952 6493
3 3237 3127 3238
3 4566 4567 6867
3 938 935 6512
3 3782 3784 4533
3 2578 2492 2710
3 1974 1975 6603
3 1744 2096 2581
3 7096 4352 7206
3 1124 2949 6500
3 2664 5161 6681
3 1685 1686 6418
3 6374 3904 6669
3 2683 2682 2747
3 1642 1641 1643
3 3132 4104 6609
3 4990 3601 6588
3 3968 3544 6513
3 2076 2443 6634
3 1008 880 1009
3 3934 3723 5141
3 4174 3861 7203
3 5856 4370 7057
3 1878 1883 6480
3 3955 3953 4113
3 1773 1768 6924
3 1618 1805 1807
3 79 364 6296
3 2778 2817 6491
3 5839 4246 6631
3 1975 6375 6603
3 840 856 6409
3 4358 3846 6508
3 701 696 6467
3 366 156 6264
3 1961 5682 6733
3 1081 1082 1083
3 4346 4692 4693
3 2097 657 7174
3 5305 5303 6812
3 2342 2343 2556
3 4157 4158 4625
3 907 1004 6880
3 4002 2613 6564
3 3914 2382 6460
3 6187 2225 6626
3 4111 3097 4112
3 973 993 6460
3 3300 2710 3521
3 1368 1305 6566
3 688 686 3043
3 4111 4112 4556
3 2316 1386 2317
3 3612 3069 6483
3 2448 2447 2449
3 3207 3209 6421
3 7225 1794 7470
3 5391 986 7399
3 2018 2016 2586
3 3945 4525 4527
3 2325 2324 2326
3 2851 2849 6514
3 6319 3890 6666
3 3848 2965 6341
3 4163 4162 6534
3 1836 1835 6438
3 479 78 6296
3 4342 4344 4602
3 1709 1708 6601
3 2076 2085 2086
3 6140 1387 6493
3 398 5998 6933
3 1472 1474 6510
3 5827 5830 6993
3 2635 3245 3246
3 2322 2321 2324
3 2318 2317 2319
3 2320 2319 2321
3 2717 2359 6518
3 2124 1858 2125
3 3842 6370 6563
3 371 4591 4653
3 4119 6754 6815
3 2439 2440 6502
3 2581 3134 4059
3 805 803 6481
3 6208 4637 6508
3 507 1913 6649
3 3809 4077 6443
3 5383 6462 6463
3 2906 3908 6541
3 3296 3298 3363
3 5552 25 7118
3 4962 4127 6602
3 1493 1496 6383
3 1120 1121 1167
3 1035 1036 1120
3 3955 4113 4372
3 1586 1585 1588
3 1152 1268 6632
3 980 982 6487
3 3535 2872 6641
3 3879 4385 7804
3 2359 2358 6518
3 2423 2425 2426
3 4015 6134 7106
3 2869 2867 7357
3 1008 1009 1035
3 6339 4399 7285
3 6201 2354 6503
3 3541 3223 6499
3 3636 5328 6815
3 4530 4940 7853
3 2253 2250 6401
3 972 973 6460
3 1182 1704 6562
3 4301 6405 6748
3 4979 5793 6656
3 77 479 6306
3 2315 1754 6478
3 3840 6174 7222
3 4357 6117 6550
3 2079 2231 6707
3 2849 2847 6519
3 4185 3960 4186
3 5481 4025 7440
3 1646 1645 1647
3 1199 2520 6771
3 1809 1807 2227
3 5395 6008 7393
3 3521 2710 3522
3 1066 1069 6643
3 1374 1297 6556
3 1397 1453 6608
3 2374 3153 6392
3 5878 6149 6598
3 2426 2425 2427
3 2750 3916 6446
3 3564 2363 6573
3 2714 5298 8021
3 3180 2410 6545
3 2839 2837 6506
3 2882 2460 6423
3 2794 2376 6392
3 2086 2085 2643
3 1580 1579 2601
3 6376 3888 6667
3 2371 2664 6681
3 1072 1075 6636
3 3094 3092 3227
3 4760 4561 7214
3 431 5328 7462
3 970 967 6525
3 1598 1594 6344
3 1517 1668 6700
3 411 76 6306
3 1284 1285 6485
3 1943 1941 6568
3 3544 3542 6520
3 3014 3380 3893
3 3964 3244 3965
3 3280 3278 6522
3 879 880 1008
3 878 867 6362
3 6185 2813 7985
3 1240 1270 1271
3 7207 5936 7439
3 4324 4951 7120
3 7013 4726 7014
3 1734 4163 6610
3 4990 6726 6909
3 4612 4375 6629
3 2410 2409 6545
3 4693 4694 4695
3 4509 5799 7867
3 3213 3214 3215
3 4981 3701 6669
3 4689 6290 8000
3 879 852 880
3 5468 6436 7444
3 5127 4465 5128
3 2559 2560 2720
3 6075 4470 6730
3 2380 2378 6449
3 5184 454 5185
3 2071 2073 2081
3 4556 4112 4822
3 3148 2597 6517
3 3116 3508 6241
3 2382 972 6460
3 2424 2696 6457
3 4035 3522 4340
3 75 411 6307
3 2425 2424 6457
3 3437 949 6468
3 287 288 6901
3 2978 4319 6698
3 3471 3470 3978
3 2812 3237 6707
3 1929 2421 2491
3 1593 1591 1595
3 2022 2020 2084
3 4947 3991 7783
3 3944 5768 7813
3 827 806 833
3 112 372 7762
3 3113 2539 6446
3 4331 3200 6552
3 3554 4899 6539
3 3728 5933 6413
3 6167 4359 6676
3 1907 1909 6459
3 1439 1630 6628
3 1708 1619 1710
3 3284 3282 6533
3 706 6148 6342
3 6405 5861 6748
3 1296 1375 6795
3 5326 3050 7019
3 1544 1542 6532
3 2557 2558 2559
3 3278 3276 6655
3 5647 6767 7033
3 2568 2566 6473
3 480 74 6307
3 3417 3416 4157
3 1240 1239 1270
3 1226 1228 6435
3 72 73 6841
3 698 701 6355
3 207 4510 7937
3 2273 7017 7581
3 1764 1767 6454
3 6341 2684 6692
3 23 24 390
3 1972 2750 6446
3 3346 3345 3573
3 4509 3922 6441
3 6222 3999 6879
3 1794 1713 4535
3 2378 2794 6449
3 4670 7275 7857
3 6496 6093 6719
3 4913 3633 6514
3 2031 2029 2075
3 1027 1109 6429
3 1737 1739 1746
3 6053 1878 6480
3 3923 3922 3940
3 1638 1927 6550
3 3603 5435 7358
3 4096 3248 6539
3 779 777 6444
3 4995 3811 6443
3 2080 2031 6634
3 1531 533 6559
3 3374 2704 6667
3 1083 1084 1085
3 1188 1187 1239
3 1088 1090 1091
3 2446 2448 6535
3 1245 1247 6439
3 646 648 6718
3 1548 1546 6542
3 3066 3067 3295
3 166 167 481
3 2581 2582 3134
3 6035 1710 6695
3 6991 5549 7115
3 1071 1072 6636
3 1229 984 6440
3 6447 6510 6812
3 2210 6112 6762
3 1453 1451 6610
3 1119 1183 5699
3 1065 1066 6643
3 2760 2772 6678
3 2638 2639 2640
3 4871 4870 8018
3 2863 2862 6970
3 1188 1239 1240
3 2334 700 6355
3 712 708 6342
3 4304 6697 6823
3 3295 3067 3296
3 5344 7183 7294
3 3248 3247 6539
3 2587 1974 6603
3 5548 3714 6369
3 921 919 6897
3 3226 1579 6618
3 2640 3071 6641
3 4576 4577 4722
3 2955 2192 6673
3 2100 2651 6679
3 4218 3344 6422
3 2687 2222 6762
3 3747 4655 6427
3 175 176 5132
3 1911 1934 6486
3 3500 1595 4356
3 39 40 439
3 2031 2075 2076
3 6255 4033 6625
3 2515 2516 3054
3 3954 3952 6645
3 2038 2039 2040
3 509 507 6649
3 1985 2612 6438
3 4846 3192 4847
3 1928 1747 1929
3 3579 4395 4743
3 5256 5251 7338
3 3745 3061 3921
3 2609 2257 6505
3 4383 6097 6868
3 3223 3906 6499
3 5632 5400 7849
3 3922 3921 6441
3 1418 6301 6632
3 1085 1086 1087
3 3782 3783 3784
3 2076 2075 2085
3 1746 1739 1747
3 2021 2025 7236
3 2333 1722 6410
3 6391 3739 6742
3 2251 6367 6677
3 4059 4060 4443
3 616 1028 6822
3 851 852 879
3 1486 1488 6670
3 1645 1695 6554
3 2257 2256 6505
3 2931 4000 4001
3 6748 1411 6813
3 5729 5731 6829
3 2566 2931 6473
3 827 833 851
3 4238 3730 6413
3 3064 3065 3066
3 4535 1713 6601
3 3066 3065 3067
3 2931 2565 4000
3 4532 5662 7794
3 1513 1519 6509
3 5328 4590 7462
3 2723 45 7388
3 2986 2989 6434
3 6291 3913 6674
3 2363 5908 6573
3 2412 3180 6475
3 3695 3771 4831
3 716 714 1621
3 2220 5695 7179
3 7274 3897 7602
3 4001 4362 4644
3 3892 6358 6676
3 2479 631 6579
3 2808 817 6966
3 851 833 852
3 3143 3141 3345
3 439 7268 7443
3 1610 2402 6538
3 1091 1092 1093
3 3184 3151 4036
3 3784 3785 4576
3 1512 1513 6509
3 5331 5334 6685
3 1857 2123 6653
3 6117 1636 6550
3 3947 2403 6594
3 1800 1798 6675
3 949 945 6468
3 363 95 6328
3 1756 1759 6478
3 6286 5154 7201
3 448 110 7093
3 2636 2637 2638
3 6849 5248 7556
3 1304 1271 6621
3 5161 5163 5164
3 1127 1187 1188
3 3370 1371 6485
3 2279 2277 6564
3 1127 1126 1187
3 4370 4368 6937
3 6460 993 6746
3 1406 1393 6538
3 4980 4981 6887
3 1093 1095 1212
3 867 1003 6362
3 2387 3723 3934
3 1945 1948 6521
3 4366 6956 7107
3 1724 1727 6410
3 4574 3713 6689
3 1497 1499 6594
3 4005 4197 7023
3 2749 5420 6920
3 1636 1638 6550
3 695 2316 6467
3 3131 2455 6475
3 1227 1225 6471
3 769 754 2493
3 3521 3522 4035
3 4831 3771 4832
3 5798 5847 7054
3 1003 3063 3064
3 2729 2550 6497
3 1734 1452 1735
3 404 47 6337
3 4304 4305 6863
3 3069 2605 6483
3 1746 1747 1928
3 830 828 6494
3 2358 3323 6518
3 3064 3063 3065
3 2342 1710 2343
3 6450 5264 7046
3 1093 1092 1094
3 1209 1124 6500
3 3941 2391 6509
3 2354 928 6503
3 3846 6208 6508
3 692 685 6726
3 6014 6922 6984
3 2513 3131 6479
3 4569 4568 6902
3 803 808 6481
3 3322 2667 6479
3 1643 1645 1646
3 1268 1418 6632
3 4815 3541 6499
3 1492 6142 6670
3 4337 5803 7734
3 3514 4782 6543
3 6729 3957 6851
3 3701 2825 6669
3 4906 4984 7282
3 5078 6109 7103
3 17 18 399
3 1240 1300 6592
3 978 2417 6456
3 1131 6090 6823
3 2894 3128 3129
3 3907 1503 6614
3 1069 1071 2416
3 1083 1085 1218
3 5091 5089 7907
3 988 970 6525
3 2556 2343 2557
3 2403 1497 6594
3 871 875 6709
3 5264 6450 6834
3 2095 4975 7525
3 3675 7046 7065
3 1078 1081 6593
3 3205 3203 6504
3 3532 3531 4054
3 1665 1666 6523
3 5645 2505 7149
3 3707 3630 4543
3 167 168 6604
3 2256 2346 6505
3 2391 1512 6509
3 214 409 6866
3 5782 5780 6724
3 6295 6334 6687
3 4861 4555 7499
3 3086 3630 3707
3 6789 5669 6981
3 533 531 6559
3 952 5896 6493
3 1666 1721 6523
3 6334 1899 6687
3 5191 4633 7984
3 1883 2953 6480
3 4158 3416 6639
3 4343 4341 7074
3 3049 2778 6491
3 1752 1751 7021
3 3723 4486 6686
3 3914 6460 6746
3 1214 1139 6464
3 2416 1071 3967
3 396 5096 6954
3 1503 1505 6614
3 3455 3456 6886
3 2045 2047 2048
3 2348 938 6512
3 69 5277 7048
3 6466 6800 6977
3 2489 2487 6680
3 114 115 468
3 2817 4404 6491
3 4774 5892 7828
3 3086 3085 3630
3 4368 6833 6937
3 2040 2041 2042
3 4688 3968 6513
3 3579 4743 6679
3 2417 980 6487
3 982 1229 6487
3 6697 4304 6863
3 1387 954 6493
3 7229 4984 7993
3 4059 3134 4060
3 3601 2495 6588
3 5125 5338 6948
3 98 387 4876
3 4817 1273 7969
3 967 2463 6525
3 1075 1077 2401
3 1963 1965 6721
3 2972 2974 6696
3 236 237 6950
3 2413 2407 6586
3 4216 6892 6992
3 3893 4483 4810
3 5383 6463 6796
3 1516 1472 6510
3 2754 3147 3695
3 2769 2453 6574
3 1003 866 3063
3 5580 4317 7051
3 1564 1562 6583
3 4145 6346 6766
3 1036 1009 6613
3 2939 5342 6964
3 3542 3977 6520
3 1106 1126 1127
3 3633 2851 6514
3 1393 1610 6538
3 4514 3211 6531
3 3162 6365 6730
3 2088 1057 6691
3 2825 6374 6669
3 3100 1188 6592
3 6459 2930 7300
3 2696 3887 6457
3 3210 3759 6531
3 5396 337 7291
3 1106 1105 1126
3 6365 6075 6730
3 4383 6868 7007
3 6439 5700 7283
3 2797 6167 6676
3 4009 4304 6823
3 1261 1260 1262
3 3247 3554 6539
3 2837 4126 6506
3 1734 1735 4162
3 1474 2457 6510
3 6285 1517 6700
3 1451 1398 1452
3 3628 3629 6782
3 2402 1718 6674
3 2049 2051 2052
3 4001 4000 4362
3 1965 6305 6721
3 2847 3350 6519
3 2416 3967 4489
3 3392 2839 6506
3 3211 3210 6531
3 2808 6966 7573
3 3888 3948 6667
3 693 690 6619
3 3088 3087 7467
3 3461 3460 7049
3 4735 3514 6543
3 1880 1825 6711
3 16 17 6616
3 96 477 6328
3 4198 1665 6523
3 4010 3053 6768
3 5619 6065 7720
3 5787 1028 7155
3 3130 2380 6449
3 1392 2524 6637
3 2308 2310 6702
3 4171 2080 6634
3 3695 3147 3771
3 3203 3931 6504
3 6281 6280 7070
3 659 669 7174
3 1880 6711 6736
3 100 3474 6322
3 2409 2701 6545
3 1101 1100 1102
3 6440 1152 6632
3 116 418 6994
3 2444 2086 6527
3 4192 5757 6811
3 2440 2614 6502
3 372 113 6428
3 1290 1293 6552
3 1451 1452 1734
3 5507 850 6710
3 4094 4521 7216
3 3782 4533 6690
3 1488 1492 6670
3 4758 3148 6517
3 3971 2394 6617
3 2082 2725 5958
3 4354 6806 7447
3 3957 4017 6851
3 3045 3044 6910
3 2730 1486 6670
3 1270 2387 6621
3 3276 3523 6655
3 3687 3280 6522
3 3216 3327 3328
3 1576 1574 6618
3 3759 4705 6531
3 4496 6157 6874
3 1542 1628 6532
3 3885 6078 6635
3 1718 6291 6674
3 2401 1077 3085
3 4443 4060 4444
3 6201 6503 6844
3 2405 3947 6586
3 2768 2769 6597
3 2462 1544 6532
3 6934 7313 7978
3 1447 830 6494
3 2401 3085 3086
3 3282 3687 6533
3 2058 2057 2059
3 2350 5946 8019
3 3786 6536 6940
3 843 835 6714
3 2772 3325 6678
3 1582 1580 6553
3 531 6430 6559
3 6352 3918 6729
3 3089 3352 6785
3 5685 5851 7658
3 3102 3969 6684
3 3772 859 6734
3 168 169 405
3 1468 1470 6713
3 2876 3705 6731
3 3120 4057 7053
3 3534 4308 4309
3 1761 3052 6793
3 4664 4326 7120
3 1947 1943 6568
3 2571 2568 6473
3 3912 3284 6533
3 3528 2783 6837
3 5208 6938 7872
3 6510 2457 6812
3 1546 2462 6542
3 780 782 6654
3 1263 1262 1348
3 2813 878 6362
3 3393 4178 6644
3 381 333 7285
3 4194 3524 7181
3 2070 2072 2515
3 4876 387 4877
3 5974 1978 7063
3 150 373 4393
3 7763 5069 7972
3 2487 3130 6680
3 1704 1851 6562
3 2613 2279 6564
3 3244 3393 6644
3 2053 2055 2056
3 6227 4575 7636
3 4420 3063 6714
3 6494 828 6587
3 819 1318 6966
3 1939 1548 6542
3 1283 725 6732
3 52 379 7583
3 15 16 483
3 6509 1519 6798
3 4509 7554 7992
3 4754 6254 6755
3 1103 1102 1105
3 5074 3903 6682
3 2277 6176 6564
3 2881 2882 6555
3 2545 2099 6633
3 3208 3205 6504
3 5113 6085 7172
3 3450 2881 6555
3 6111 6352 6729
3 5461 829 7880
3 2453 2333 6574
3 4184 3147 6624
3 5781 5782 6763
3 4293 4250 6737
3 2787 2588 6549
3 5668 6357 6684
3 3071 3945 6641
3 7647 1254 7770
3 4221 4905 7895
3 3010 3556 6780
3 1988 1005 7879
3 1774 6031 6821
3 2971 4579 6952
3 7300 2930 7439
3 5161 5164 6681
3 2326 2324 6544
3 1349 1348 3537
3 4359 6205 6871
3 2905 6773 6807
3 3855 6316 6697
3 2407 2405 6586
3 5026 2108 6896
3 1899 1901 6687
3 1021 1006 6753
3 3002 6454 6768
3 2601 3956 6553
3 1397 1392 1398
3 4030 4467 4825
3 6316 1131 6697
3 430 318 7454
3 5427 5425 6777
3 3938 6596 6754
3 2034 2035 6688
3 208 150 7858
3 1194 1191 6911
3 1470 1516 6713
3 1391 1390 1392
3 1221 1201 6580
3 3313 3300 6591
3 1728 1829 6774
3 1463 1461 6896
3 219 384 7482
3 827 851 6587
3 1103 1105 1106
3 4055 4054 4862
3 5104 6605 7907
3 4965 481 7953
3 2042 2043 2044
3 1101 1102 1103
3 3529 3227 4030
3 2525 1950 6569
3 2416 4490 6643
3 4811 4576 8010
3 6513 3544 6520
3 1951 2261 6569
3 1708 2342 6601
3 1940 2627 6572
3 5500 3353 7972
3 7258 2532 7267
3 866 843 6714
3 1499 1502 6594
3 1505 1508 6614
3 2659 5340 7288
3 1389 1390 1391
3 3451 2880 7234
3 1729 5889 7103
3 1836 6438 6837
3 6363 4413 6794
3 3930 4422 6776
3 2273 553 7017
3 3586 3041 6857
3 2589 3230 6549
3 4109 4016 6995
3 1397 1398 1451
3 2577 1963 6721
3 5213 3725 7968
3 6514 2849 6519
3 3556 3557 4603
3 3372 4925 6820
3 4220 3450 6555
3 3649 3651 6761
3 1097 1096 1098
3 1006 2813 6753
3 917 1145 7076
3 2721 3465 6984
3 2331 6364 6738
3 1391 1392 1397
3 1201 1200 6580
3 2398 2396 6615
3 1950 1951 6569
3 1180 1182 6571
3 2066 2068 2095
3 172 173 6703
3 2038 2040 2468
3 169 170 6605
3 6693 3184 6694
3 1200 2980 6580
3 3418 3618 7816
3 4137 3358 6625
3 14 15 6650
3 4765 4770 6801
3 3624 2950 6820
3 3848 6341 6692
3 5246 7293 7878
3 4041 2946 6952
3 1668 1914 6700
3 3300 3521 6591
3 1978 6018 6955
3 2588 2589 6549
3 2871 2640 2872
3 1389 1388 1390
3 3352 2768 6597
3 686 683 6683
3 1986 4823 7880
3 2043 2041 7353
3 3626 4905 7366
3 1941 1940 6572
3 4729 4002 6927
3 3533 2872 3534
3 2217 6111 6729
3 5641 6074 6712
3 3113 6446 6783
3 5081 4212 6787
3 2992 3195 6638
3 2482 2645 7234
3 727 2483 6732
3 6581 618 6822
3 1362 1349 6451
3 3941 6509 6798
3 3847 5957 7605
3 2565 2489 6680
3 6870 4027 7002
3 338 388 7291
3 1788 5586 7068
3 4503 3054 4636
3 4164 3914 6746
3 5069 2743 7656
3 5786 5787 7245
3 5538 2176 7450
3 2679 2674 6600
3 4953 4007 4961
3 2691 4935 7911
3 1210 1180 6571
3 2333 6410 6574
3 6984 3465 7025
3 415 5634 7437
3 6522 3278 6655
3 6350 1402 6719
3 4160 4481 7177
3 2086 2643 6527
3 1183 1388 1389
3 3525 4196 6600
3 6089 4382 7000
3 6137 4118 7131
3 2780 3444 6805
3 1771 1774 6821
3 1051 1049 4026
3 2905 4179 6773
3 4167 4855 6765
3 2754 2753 3147
3 1562 1691 6583
3 1095 1094 1096
3 3978 3470 4281
3 3138 3600 7357
3 48 49 6979
3 3494 3186 6743
3 6854 4135 6936
3 1098 1100 1101
3 2035 2038 6688
3 91 92 7006
3 3097 2683 6589
3 1416 1415 1617
3 1097 1098 6584
3 2674 2673 6600
3 7817 6542 7825
3 2643 3964 6527
3 4671 3827 6791
3 2638 2640 2871
3 1183 1118 1388
3 2108 1463 6896
3 2031 2076 6634
3 5424 5423 7537
3 1580 2601 6553
3 1494 5795 6708
3 373 490 491
3 1025 5934 8003
3 6276 4408 7328
3 5861 5539 6748
3 6446 3916 6783
3 5517 6422 6785
3 3380 5384 6808
3 2060 2059 2061
3 3978 4281 4616
3 4568 3689 6933
3 6090 2228 6814
3 6191 3162 6730
3 6596 6150 6754
3 6568 1941 6572
3 3558 2833 7198
3 3151 4629 6671
3 13 14 412
3 2615 2616 3233
3 3556 3009 3557
3 1128 1203 6939
3 2548 5819 7756
3 3412 3410 6639
3 2673 3525 6600
3 4039 5421 6918
3 5105 4182 6764
3 4436 4438 7265
3 300 472 7035
3 3983 3984 6790
3 5885 6450 7046
3 2473 1564 6583
3 7331 4888 7335
3 2044 2045 6745
3 12 13 6651
3 2706 3165 7121
3 1271 1270 6621
3 443 4797 4798
3 2447 2444 6527
3 2463 964 6758
3 1069 2416 6643
3 2747 3955 6589
3 3142 3140 4545
3 551 1232 7017
3 5349 5350 7677
3 3962 2787 6549
3 2228 6273 6750
3 11 12 484
3 2042 2044 2615
3 2563 2753 2754
3 3471 3978 6599
3 5936 6221 7519
3 4017 4038 6976
3 170 171 482
3 6192 3706 6967
3 2576 6363 6794
3 6357 2929 6684
3 3916 4131 6783
3 1742 1744 6648
3 1075 2401 6636
3 3473 3471 6599
3 10 11 6660
3 3713 4514 6739
3 429 6895 7175
3 2812 3127 3237
3 5923 5926 6757
3 3496 3494 6752
3 6095 6096 7054
3 6083 1742 6648
3 3562 4381 6967
3 1095 1096 1097
3 6454 6360 6768
3 3980 3245 4056
3 5569 4288 7272
3 9 10 436
3 2433 2430 6981
3 4151 4597 4799
3 5796 4140 7448
3 2683 2747 6589
3 734 1254 7647
3 4366 3374 6956
3 2222 2210 6762
3 2989 2992 6638
3 4871 3481 7948
3 2387 3934 6621
3 1386 693 6619
3 1585 1582 6553
3 964 961 6758
3 1049 1021 6753
3 4147 3979 6987
3 6926 3079 7072
3 5188 4562 7677
3 5051 2046 7280
3 2871 2872 3533
3 3342 4118 7020
3 2081 2082 2575
3 1093 1094 1095
3 2567 2569 7773
3 5143 2390 7915
3 1188 1240 6592
3 3085 1077 6593
3 4409 5550 7328
3 1579 1576 6618
3 3234 3996 4011
3 2929 3102 6684
3 7124 4809 7566
3 83 424 7041
3 350 462 6803
3 423 6279 7766
3 3332 3331 3333
3 1139 5699 6464
3 4331 6552 6795
3 1048 4731 7879
3 5523 5527 7212
3 3358 6255 6625
3 4811 1125 7939
3 4078 3078 6905
3 7462 4590 7660
3 3086 4015 6946
3 5958 3058 5959
3 6463 3402 6796
3 2396 3971 6615
3 5537 2669 7608
3 3246 3245 3980
3 3061 2530 6662
3 3012 3010 6780
3 3221 3066 6965
3 6254 2296 6755
3 6327 4996 7923
3 5844 7010 7109
3 2671 2398 6615
3 3837 4828 7928
3 4054 3531 4675
3 2635 1962 2636
3 1574 1572 6664
3 2429 6789 6981
3 3402 3400 6796
3 3228 5737 7226
3 4004 3930 6828
3 3981 3980 4519
3 1521 6129 7215
3 4528 5394 7393
3 4073 5732 7170
3 6754 3365 6815
3 4528 7393 7425
3 5538 7450 7690
3 3135 3782 6690
3 5254 5252 7505
3 1773 6924 6997
3 6717 2979 7539
3 387 99 6322
3 1182 6562 6571
3 5095 6354 6813
3 6364 3886 6738
3 4003 3496 6752
3 2227 1807 6733
3 3670 7026 7797
3 6150 3365 6754
3 5597 7859 7952
3 3216 3215 3327
3 4121 3034 4122
3 6859 4229 7126
3 3234 3995 3996
3 2575 2082 5958
3 1349 3537 6451
3 174 175 6704
3 3286 3912 6797
3 49 446 6979
3 725 727 6732
3 3134 3135 6690
3 790 789 6945
3 4772 4767 4998
3 4371 6478 6793
3 4779 4778 7940
3 1682 1466 6830
3 3963 4859 6770
3 2678 2676 6663
3 6289 6505 6805
3 2743 5069 7763
3 6422 3179 6785
3 6755 2296 6879
3 5733 2905 6807
3 618 616 6822
3 670 667 6756
3 6552 1293 6795
3 433 6205 7964
3 2530 4171 6662
3 940 2348 6846
3 82 83 7041
3 723 1283 6872
3 6461 5111 7167
3 3965 3244 6644
3 5830 5832 7168
3 4191 4192 6811
3 6389 780 6654
3 5932 2632 7266
3 4465 3313 6591
3 3960 2571 6473
3 315 316 7165
3 367 6243 6744
3 3179 3089 6785
3 4112 3097 6589
3 5485 2766 7528
3 4634 4167 6765
3 2520 3691 6771
3 278 279 6799
3 6182 6183 7985
3 2292 5901 6767
3 993 1741 6746
3 3552 3911 6834
3 3262 4170 6827
3 2682 2678 6663
3 3478 3264 6827
3 373 491 6407
3 3673 3321 8009
3 4144 5585 7122
3 7067 4046 7171
3 2478 4371 6907
3 6473 2931 6893
3 2617 5404 8020
3 485 5995 6806
3 4280 4994 8013
3 6588 1624 6845
3 5772 5775 6862
3 3034 3012 6780
3 1807 1805 6733
3 5356 2758 7412
3 2217 6729 6851
3 5480 4980 6887
3 4797 4977 7271
3 3238 3348 3349
3 2969 721 6872
3 5289 5288 8024
3 1260 1214 6464
3 2676 2679 6663
3 92 2595 7006
3 2615 2044 2616
3 4393 6407 7418
3 2563 2562 2753
3 5065 5068 7400
3 5987 485 7152
3 3967 1071 6636
3 1961 1806 1962
3 1176 1179 6668
3 5517 428 7360
3 1577 1578 7150
3 2429 6457 6789
3 5506 6416 6825
3 3288 3286 6797
3 6689 3713 6739
3 1174 1176 6668
3 3083 4027 6870
3 4085 2785 6828
3 3212 3129 3213
3 1150 6661 7203
3 6434 2989 6638
3 1451 1734 6610
3 3199 4613 7346
3 4878 387 6322
3 1727 1728 6774
3 3215 3419 6558
3 4497 4142 7122
3 243 422 7157
3 667 1612 6756
3 6249 6019 7010
3 6198 7345 7652
3 6478 1759 6793
3 36 383 6741
3 3410 4052 6639
3 6202 3847 6988
3 5224 5225 6917
3 3462 5565 7223
3 4391 5386 7306
3 3416 3412 6639
3 6953 4070 7094
3 5032 5039 6923
3 2518 2562 2563
3 7853 4940 7916
3 3233 2616 3234
3 4805 3963 6770
3 3465 6108 7025
3 1348 1262 3166
3 5141 3723 6686
3 731 733 6800
3 2872 2640 6641
3 6087 2932 7154
3 6430 2979 6717
3 1572 1600 6664
3 3142 4546 4547
3 6346 4378 6766
3 5920 5922 7891
3 2475 1174 6668
3 5713 4845 7259
3 3063 866 6714
3 1619 1598 6695
3 1735 1737 6652
3 2516 2072 2517
3 5015 1217 7993
3 1398 1392 6637
3 2058 2060 2175
3 432 268 7232
3 4748 4177 6853
3 3433 2740 3434
3 2720 3184 6693
3 4433 5532 7270
3 6523 2337 6816
3 4485 3941 6798
3 3947 6594 6847
3 1186 796 7139
3 2515 2072 2516
3 424 5842 7674
3 6676 4359 6871
3 4773 4806 6962
3 2894 3129 3212
3 5780 5783 6724
3 3052 3095 6781
3 4074 6107 7193
3 464 5128 7604
3 1098 1101 6584
3 3043 686 6683
3 2635 2636 3245
3 6468 942 6846
3 2982 4125 6861
3 3995 2616 6745
3 6402 4090 7007
3 6626 2225 6988
3 7375 4603 7607
3 630 635 7364
3 1691 1560 6817
3 1961 1962 2635
3 4037 2858 6839
3 5486 4164 7428
3 4777 4289 7164
3 417 91 7006
3 1008 1035 6792
3 5922 7842 7891
3 2331 6738 6953
3 1415 1362 6451
3 3725 7940 7968
3 6566 1304 6735
3 7463 1531 7635
3 2306 6646 6852
3 831 1986 7880
3 3892 6676 6871
3 6549 3230 6888
3 3452 4570 7012
3 1647 1645 6554
3 3053 3002 6768
3 1929 2491 6775
3 4203 3473 6599
3 6526 2492 6775
3 3827 4482 6791
3 5601 4699 7540
3 2581 4059 6648
3 6569 6250 6839
3 4915 5824 7036
3 5751 7581 7649
3 3993 5669 6789
3 5630 3295 7296
3 6018 6794 6955
3 6976 4038 7050
3 3184 4036 6982
3 4317 5580 6985
3 3921 3061 6662
3 4310 6612 7104
3 5460 5684 6840
3 2924 2559 6693
3 612 2132 7155
3 2056 2057 2058
3 3062 2562 7137
3 3523 3274 6894
3 6416 4146 6825
3 4603 7361 7607
3 4413 4415 6794
3 6687 2660 6869
3 2469 1008 6792
3 6505 2346 6805
3 6252 6580 6861
3 3272 4071 6894
3 173 174 368
3 4011 3996 4012
3 5134 2612 7876
3 4176 4747 6973
3 4317 3899 7051
3 3902 3398 6831
3 1744 2581 6648
3 2950 3372 6820
3 4730 5071 7156
3 5070 4730 7999
3 4366 5471 7242
3 3365 3636 6815
3 4345 5752 7349
3 407 248 7195
3 3330 3331 3332
3 4427 6897 7076
3 405 6605 7502
3 4045 5729 6829
3 2518 6036 6788
3 6128 6700 6926
3 4663 3990 6860
3 3119 2451 7042
3 6311 2966 6870
3 1618 1617 1805
3 269 5999 7232
3 3399 4379 7481
3 5061 7061 7998
3 4425 5898 7251
3 733 736 6800
3 255 435 7286
3 1624 1314 6845
3 3351 3290 6876
3 6594 1502 6847
3 3264 3262 6827
3 6744 4081 7471
3 4162 1735 6652
3 5198 7257 7336
3 6628 1800 6849
3 4705 4890 6968
3 452 5194 7598
3 6618 1574 6664
3 3962 6549 6888
3 4036 3151 6671
3 4891 4028 7262
3 2632 5974 7184
3 1266 1890 7130
3 4000 2565 6680
3 3887 3993 6789
3 3463 3462 7223
3 2492 1928 6775
3 3949 4738 7980
3 4712 7297 7477
3 4403 6886 7071
3 4208 5722 6878
3 230 6045 7190
3 4990 6588 6845
3 3327 3215 6558
3 3213 3215 3216
3 4763 457 6786
3 2123 3014 6653
3 2026 2022 6701
3 280 281 7194
3 5905 3712 6727
3 1928 1929 6775
3 1788 1771 6821
3 1466 1468 6830
3 4956 4959 6875
3 1103 1295 6947
3 303 304 6842
3 6747 1927 8013
3 1737 1746 6652
3 413 229 7190
3 325 326 7304
3 2998 7417 7418
3 4065 5094 7062
3 1759 1761 6793
3 6808 4122 6809
3 1097 5740 6759
3 3573 3345 4101
3 7038 4537 7277
3 4291 6397 6852
3 117 118 7135
3 4494 4495 4515
3 3292 3351 6890
3 661 672 7575
3 6559 6430 6717
3 2178 5668 6855
3 4038 4426 7050
3 4154 5724 6877
3 5617 4020 6859
3 3045 6963 7039
3 3398 3294 6831
3 6113 5654 8019
3 2064 2063 2065
3 5335 2864 7016
3 909 907 6880
3 5901 6431 6767
3 2587 6603 6905
3 6422 5517 7360
3 4198 6523 6816
3 2725 3058 5958
3 4681 5015 6943
3 4411 4410 6835
3 5405 2617 7320
3 5283 5282 6944
3 3932 3113 6783
3 5811 2132 7667
3 3118 6054 7519
3 1710 1619 6695
3 7550 6428 7610
3 6633 5362 7055
3 2346 2780 6805
3 942 940 6846
3 6404 3946 6769
3 5616 4784 8031
3 116 117 418
3 1519 6386 6798
3 1560 1558 6817
3 4702 4700 6864
3 5652 5657 7407
3 2058 2059 2060
3 7499 4555 7580
3 1916 3079 6926
3 1805 1806 1961
3 2038 2468 6688
3 6589 3955 6913
3 4669 4072 7169
3 3494 6743 6752
3 3159 2834 7526
3 2029 2026 6705
3 3510 4064 7192
3 832 1447 6975
3 1468 6713 6830
3 5244 4041 7978
3 1805 1617 1806
3 2559 2720 6693
3 3154 3726 7332
3 6085 6237 7100
3 5689 3839 7626
3 6356 6404 6769
3 2097 7174 7703
3 7697 5201 7705
3 3725 3409 7790
3 2518 2517 2562
3 6070 4086 7865
3 221 467 6882
3 4729 6927 7089
3 2175 3140 3141
3 375 309 7376
3 6644 4624 7564
3 1293 1296 6795
3 3400 3902 6796
3 6851 4017 6976
3 4060 3134 6690
3 4339 6870 7002
3 2795 2092 7288
3 4524 4435 7270
3 1598 6344 6695
3 4071 3270 6949
3 2962 2127 6889
3 6415 4198 6816
3 833 806 6723
3 2516 2517 2518
3 190 191 6838
3 4146 5785 6825
3 3951 3552 6834
3 754 716 6715
3 6781 4429 6907
3 6354 4301 6813
3 3142 4545 4546
3 4013 5991 7173
3 3956 4458 6900
3 4658 4096 7030
3 4870 3992 8018
3 4196 4537 7038
3 7519 6221 7795
3 4688 6513 6832
3 6805 3444 6995
3 4474 6561 7250
3 806 769 6723
3 4348 2575 4349
3 2045 2048 6745
3 2126 2125 2607
3 2075 2029 6705
3 5531 4295 7321
3 6105 2217 6851
3 1905 2606 7128
3 6262 5117 7426
3 6106 2341 6833
3 3545 4117 7771
3 7243 5356 7412
3 1419 1320 7138
3 5659 4839 6924
3 2317 1386 6885
3 2579 5932 7362
3 3150 3991 7411
3 4388 3235 7222
3 4427 6844 6897
3 6457 3887 6789
3 7017 5731 7581
3 6388 5681 7814
3 4467 3227 6920
3 4385 3874 7173
3 6450 1773 6997
3 4112 6589 6913
3 6295 6687 6869
3 2022 2084 6701
3 3699 5083 7650
3 306 307 6873
3 4305 3395 6970
3 3389 5142 7368
3 7025 6108 7086
3 2447 6527 6899
3 3266 3478 6983
3 5882 5984 7898
3 4026 1049 6753
3 6893 4001 7003
3 5279 1705 6916
3 1714 1794 7225
3 2061 2063 2064
3 3872 4013 7173
3 4890 4898 6850
3 3798 4904 6878
3 5799 4509 7992
3 4150 4093 4151
3 3613 3289 6914
3 3092 2749 6920
3 6205 4963 7964
3 2068 2067 2069
3 1978 6955 7063
3 2493 754 6715
3 2783 1836 6837
3 6431 4992 6767
3 6477 3673 8009
3 7663 3879 7804
3 4541 123 7848
3 4044 4460 7539
3 716 1621 6715
3 5836 6939 7130
3 2070 2069 2071
3 2066 2065 2067
3 1793 636 6958
3 115 116 6994
3 881 673 6930
3 6157 4307 6874
3 6003 3241 7134
3 3367 2939 6964
3 427 5476 6883
3 4422 6140 6972
3 3691 3970 6865
3 6527 3964 6899
3 6646 4291 6852
3 2718 1536 6990
3 2840 2842 7606
3 3795 6079 7231
3 1324 1444 7160
3 2525 6569 6839
3 4606 7197 7584
3 1028 614 7155
3 4078 6905 7012
3 4037 6839 7053
3 4194 7181 7363
3 891 889 7315
3 3131 5333 8028
3 5039 5058 6923
3 6090 6814 6823
3 1020 1048 7879
3 3406 3608 6906
3 5845 6130 6961
3 4994 6747 8013
3 3960 6473 6893
3 4052 3408 6906
3 5030 6744 7471
3 3000 6356 6769
3 1628 1540 6999
3 786 6056 7299
3 3290 3288 6876
3 5580 1849 6985
3 1621 714 6751
3 769 2493 6723
3 6015 6719 6922
3 825 822 7459
3 4573 6628 6849
3 261 431 7462
3 1538 2718 6999
3 4007 3233 6706
3 3014 3893 6653
3 4156 2892 6881
3 2858 2525 6839
3 4139 4140 7774
3 3625 4288 7209
3 2039 2078 7281
3 1534 6155 6990
3 1727 6774 6779
3 1602 6332 7546
3 3839 3783 7626
3 4463 5849 7551
3 5636 5635 7542
3 5662 3623 7493
3 5258 4141 6971
3 4370 6937 7057
3 2474 3228 7320
3 3876 3878 6903
3 3986 4297 6912
3 6580 2980 6861
3 5952 4957 7693
3 1360 2470 7100
3 7016 2864 7075
3 4224 4087 7127
3 2660 1903 7128
3 5550 429 7241
3 6553 3956 6900
3 158 460 7737
3 2553 1796 7188
3 714 712 6751
3 4649 6388 7814
3 5531 4993 7871
3 2155 2705 7249
3 3964 4387 6899
3 4578 7332 7377
3 3900 5355 7973
3 7197 4150 7584
3 7226 6891 7437
3 3230 6453 6888
3 6130 6293 6961
3 4349 4350 4351
3 467 5680 7714
3 6605 482 7907
3 288 3360 6901
3 6161 3863 7254
3 5385 4530 7754
3 73 480 6841
3 3908 3016 7026
3 2078 5178 7348
3 6719 6093 6922
3 4122 3034 6780
3 1585 6553 6900
3 2296 6222 6879
3 2931 4001 6893
3 4365 3892 6871
3 633 2479 6958
3 1244 5432 7788
3 5094 5095 7018
3 3950 6201 6844
3 6613 1396 7029
3 6026 6027 6884
3 6814 4009 6823
3 4339 6311 6870
3 7308 5481 7440
3 6771 3691 6865
3 1502 3907 6847
3 6880 4891 7262
3 3294 3292 6890
3 6966 4725 7573
3 3160 3645 3859
3 4014 5134 7741
3 721 723 6872
3 5047 4335 7508
3 5953 1025 7933
3 6029 4796 7629
3 5871 4620 7913
3 6868 3440 7007
3 2711 2094 7778
3 2186 3000 7117
3 275 403 7319
3 4371 6781 6907
3 1114 1113 7221
3 249 250 6904
3 4403 6731 6886
3 2070 2071 2072
3 7144 5255 7310
3 3274 3272 6894
3 4842 4569 6902
3 1438 1437 7313
3 2980 2982 6861
3 481 167 6604
3 6833 2341 6937
3 1927 1640 7091
3 4225 3506 7233
3 1146 1216 7287
3 6108 5005 7086
3 5890 398 7814
3 4633 3758 7984
3 3054 2516 6788
3 5648 5534 7943
3 4951 4322 7434
3 6726 687 6909
3 5303 6447 6812
3 6067 6066 7812
3 6603 4364 6905
3 6004 6003 7134
3 154 155 6760
3 924 921 6897
3 2616 2044 6745
3 979 873 7820
3 2228 6750 6814
3 3141 3140 3142
3 1212 1095 6759
3 6237 1358 7100
3 5414 2111 7311
3 712 6342 6751
3 2976 3038 7491
3 2090 2659 7288
3 4236 3439 7718
3 217 218 7861
3 155 366 6760
3 3044 3798 6910
3 2441 1462 7060
3 3528 6837 7619
3 1191 1129 6911
3 422 6302 7329
3 6397 5012 6852
3 1464 1682 7060
3 5540 2189 7962
3 2966 3083 6870
3 4448 3368 7741
3 4151 4093 4235
3 7502 5061 7885
3 6174 4388 7222
3 4135 1757 6936
3 2114 2165 7710
3 4407 4406 4730
3 6410 1727 6779
3 4804 3567 7182
3 2823 2822 6959
3 3225 6137 7131
3 4958 4956 6875
3 6924 4839 6997
3 5546 5547 7542
3 324 325 7864
3 4402 5486 7906
3 5082 5026 6896
3 5134 4599 7936
3 4700 4703 6864
3 6096 1672 6934
3 6303 3885 6929
3 1805 1961 6733
3 3798 6878 6910
3 1683 1954 7188
3 1048 4811 8010
3 3288 6797 6876
3 4313 5903 7452
3 2636 2638 6725
3 468 5034 7610
3 2068 2069 2070
3 213 6866 7355
3 663 6058 7352
3 5005 5006 7129
3 5855 5856 7334
3 6211 6210 7381
3 4285 5412 7882
3 2066 2067 2068
3 944 6685 6925
3 4336 3455 6886
3 6574 6410 6779
3 3991 5638 7342
3 7144 1568 7442
3 6696 4115 7343
3 3966 6295 6869
3 4636 3054 6788
3 4301 6748 6813
3 3192 3190 6716
3 7399 986 7503
3 5694 6970 7347
3 6093 3382 6922
3 3442 4046 7067
3 730 7045 7058
3 6699 4319 7504
3 4186 6893 7003
3 2175 2060 3140
3 6493 5896 6972
3 5157 4423 7905
3 452 241 7367
3 3339 5032 7772
3 1890 1319 7255
3 989 5713 7259
3 4140 3240 7448
3 3190 4165 6716
3 6956 6368 7107
3 5804 465 7688
3 6393 3440 6868
3 3913 2554 7148
3 7371 4400 7750
3 4090 6115 7176
3 2064 2065 2066
3 4493 4222 7429
3 17 399 6616
3 3390 2585 7275
3 491 494 6407
3 6700 1914 6926
3 3408 3406 6906
3 3623 3509 7356
3 3421 4243 7252
3 3663 4830 7305
3 3234 4011 6706
3 7086 5005 7129
3 31 5180 7742
3 1007 6102 7764
3 4638 4439 7975
3 5180 31 7748
3 6128 6926 7072
3 584 564 7161
3 4525 7616 7846
3 3041 3040 6857
3 7466 2580 7497
3 6794 4415 6955
3 4223 7260 7340
3 2864 5377 7075
3 6661 4174 7203
3 1255 5955 6957
3 2517 6998 7137
3 785 783 7324
3 4767 4763 6786
3 4217 6001 7004
3 5813 5808 7798
3 4901 3642 7881
3 568 1269 7189
3 5140 4235 7670
3 265 266 7413
3 2384 6921 7085
3 375 6602 7734
3 3975 5439 7520
3 2330 5938 7856
3 5974 7063 7184
3 5108 486 7893
3 4542 4529 7744
3 437 4541 7231
3 4021 3167 8004
3 1083 1218 6919
3 2026 6701 6705
3 4002 6564 6927
3 2815 6741 6867
3 2711 7778 7909
3 1376 1359 6938
3 3978 4616 7102
3 4697 6143 7540
3 5722 4023 6963
3 1095 1097 6759
3 1809 2227 6935
3 1570 1568 7144
3 168 405 6604
3 4652 5158 7979
3 2306 6852 7098
3 4032 4989 7077
3 5193 3515 7929
3 5711 2547 7735
3 4859 3962 6888
3 6911 1129 6939
3 4068 4067 7329
3 465 6325 7688
3 3509 4089 7256
3 3233 3234 6706
3 1459 1518 6986
3 817 819 6966
3 820 1690 6978
3 4468 6045 7965
3 6775 2491 7074
3 176 177 455
3 1616 5336 7709
3 4643 5134 7876
3 4983 5015 7993
3 6394 6393 6868
3 1646 2166 7374
3 4553 4214 7263
3 3443 3036 7490
3 4475 7395 7517
3 3955 4372 6913
3 4961 4007 6706
3 3807 7073 7096
3 3187 5903 7935
3 5186 454 7048
3 5233 3688 7491
3 494 2998 6407
3 4056 3245 6725
3 3581 6006 6915
3 2758 5461 7105
3 6584 1101 6947
3 3078 2587 6905
3 6922 3382 6984
3 2386 2321 7316
3 5970 381 7378
3 2070 2515 6856
3 1129 1128 6939
3 1872 1955 7995
3 759 6271 7113
3 4223 4659 7260
3 3896 3895 4604
3 6714 835 6975
3 6801 4770 7124
3 4036 6671 7910
3 1939 6542 7817
3 6831 3294 6890
3 670 6756 6930
3 6564 6176 6927
3 2926 2478 6907
3 380 259 7660
3 6852 5012 7098
3 2813 6185 7588
3 2018 2586 7005
3 5096 5108 6954
3 3689 4649 6933
3 1364 784 7299
3 647 2925 7298
3 4335 4334 7498
3 2084 2020 7005
3 2617 2173 7320
3 6516 7786 7900
3 6289 6805 6995
3 492 490 7027
3 4578 3519 7384
3 490 151 7597
3 6176 1264 6927
3 3000 6665 7117
3 6253 4638 7975
3 3435 3434 3895
3 7012 4570 7111
3 483 16 6616
3 6134 4667 7757
3 5752 2491 7239
3 7744 4755 7949
3 6690 4533 6980
3 1118 1051 6784
3 3345 3141 6810
3 3245 2636 6725
3 434 5743 7716
3 3480 3481 8018
3 2551 1885 7426
3 1411 1340 6969
3 3843 4656 7264
3 5584 438 7685
3 6652 2472 6974
3 6635 5815 6929
3 6271 5665 7113
3 4151 4235 4597
3 4671 6791 7657
3 1914 1916 6926
3 3804 1801 7225
3 4446 5855 7423
3 68 69 7048
3 4422 6972 7116
3 4460 6717 7539
3 6302 4068 7329
3 6878 5722 6910
3 6638 5646 6991
3 6593 1081 6919
3 3252 2751 7217
3 3556 4603 7375
3 2607 4092 4093
3 1588 1585 6900
3 42 370 7082
3 4070 7049 7094
3 63 64 7163
3 4186 3960 6893
3 673 670 6930
3 2946 2971 6952
3 3951 6834 6997
3 3058 2727 7956
3 2125 1858 6935
3 3270 3268 6949
3 4420 6714 6975
3 2449 2447 6899
3 6097 6394 6868
3 5744 434 7577
3 6284 757 7331
3 6301 3482 7230
3 3099 6194 7264
3 2632 7184 7266
3 2638 2871 6725
3 370 43 7101
3 6536 1979 6940
3 2519 1865 7659
3 1388 1118 6784
3 2274 5897 7683
3 1433 1370 7420
3 6452 415 6891
3 395 253 7514
3 2892 2894 6881
3 7313 5245 7978
3 4455 4628 7513
3 319 320 7923
3 5124 5121 7273
3 3050 2838 7019
3 4771 4773 7558
3 5826 5827 6993
3 6740 5289 8024
3 4 5 487
3 405 169 6605
3 4909 4042 7141
3 6839 6250 7053
3 5256 7338 7511
3 6105 6851 6976
3 730 728 7045
3 1858 1809 6935
3 2042 2615 6804
3 4297 4303 7486
3 1939 5199 7836
3 6140 6493 6972
3 6040 5373 7632
3 4109 6995 7078
3 2341 6274 6937
3 3424 4366 7242
3 1051 4026 6784
3 3453 4365 7246
3 5860 3508 7408
3 3706 3562 6967
3 4129 5588 7059
3 2584 2703 7275
3 3999 1114 6996
3 199 238 7712
3 6795 1375 6931
3 1065 6643 6951
3 1081 1083 6919
3 4527 4525 7846
3 6969 1338 7018
3 3837 5610 7438
3 3382 2721 6984
3 7390 2533 7430
3 5942 5943 7549
3 15 483 6650
3 4847 3192 6716
3 5638 6035 7159
3 3395 2863 6970
3 6320 3110 7569
3 237 199 7712
3 793 790 6945
3 3419 4551 6558
3 3619 4945 7986
3 5165 5163 7140
3 4822 4112 6913
3 6764 4674 7495
3 6636 2401 6946
3 4332 4331 6931
3 3948 6368 6956
3 6837 4781 7619
3 5188 1715 7787
3 180 181 486
3 1810 5430 7032
3 3979 4287 6987
3 2468 2040 6804
3 4488 4119 7290
3 4451 7466 7497
3 4229 4237 7410
3 6998 4348 7137
3 7425 4231 7451
3 4816 4377 7396
3 176 455 5132
3 5592 5595 7001
3 2237 6105 6976
3 3930 6776 6828
3 4581 4194 7363
3 2740 2126 6749
3 3227 3092 6920
3 3885 6635 6929
3 2607 2125 4092
3 5889 2306 7098
3 146 147 3337
3 4692 4691 7449
3 5340 4201 7351
3 6640 370 7101
3 2384 6042 6921
3 6014 6984 7025
3 178 179 385
3 893 891 7441
3 6011 2274 7637
3 6187 6626 7089
3 2930 6486 7439
3 6528 7211 7930
3 461 7861 7966
3 2922 6052 7947
3 6268 2331 6953
3 4393 7418 7858
3 3268 3266 6983
3 835 832 6975
3 7307 5124 7433
3 4066 4549 7061
3 3142 4547 6810
3 2081 2575 4348
3 732 730 7058
3 4415 4452 6955
3 2056 6461 7167
3 2040 2042 6804
3 4060 6690 6980
3 4113 3953 7166
3 5738 6891 7226
3 5328 431 7290
3 7176 6115 7233
3 104 3490 7241
3 636 633 6958
3 4932 6372 8033
3 654 649 7298
3 5187 3923 6908
3 6641 3945 6942
3 1045 802 7530
3 3045 6910 6963
3 435 5764 7343
3 2715 4339 7002
3 6899 4387 7042
3 410 4406 4407
3 4746 6651 7957
3 1755 1752 7021
3 2895 6009 6992
3 5896 3037 6972
3 6177 2384 7085
3 1389 2547 7561
3 6905 4364 7012
3 5932 7266 7362
3 7426 5117 7545
3 4471 5645 7314
3 4547 4546 6928
3 4901 4476 7618
3 5346 6480 7183
3 4520 4449 7747
3 2874 6046 7394
3 4162 6652 6974
3 2766 6875 7528
3 6961 2963 7010
3 412 14 6650
3 5239 5203 7818
3 3855 6697 6863
3 3967 6636 6946
3 572 2349 7350
3 5909 6915 7148
3 2516 2518 6788
3 4507 6089 7000
3 5656 4094 7216
3 4442 3583 7828
3 798 1186 7404
3 1308 1380 7522
3 6215 4172 7178
3 5764 6696 7343
3 4494 4351 4495
3 1536 1534 6990
3 4233 5970 7378
3 6276 3490 7621
3 286 200 7701
3 4970 5093 7510
3 3781 4315 7626
3 7327 5476 7600
3 305 434 7716
3 4148 5714 7024
3 5818 2457 7339
3 18 19 7143
3 170 482 6605
3 6293 2963 6961
3 6061 2533 7390
3 442 5987 7372
3 2319 2327 7316
3 200 287 7701
3 3219 6308 6962
3 5 6 6819
3 2095 2068 6856
3 6427 4655 7070
3 6833 4369 6977
3 4477 5744 7618
3 5176 7225 7470
3 4381 4242 7465
3 544 546 7479
3 1690 5611 7751
3 4178 4176 6973
3 4153 3573 6836
3 3638 3637 7633
3 6360 1788 7068
3 4466 6593 6919
3 5254 7505 7574
3 403 6005 7011
3 3945 4527 6942
3 6565 236 6950
3 6030 550 7641
3 1019 4022 7066
3 2967 2943 7572
3 4027 4608 7002
3 3448 3447 7261
3 4839 3951 6997
3 1540 1538 6999
3 4501 4005 7023
3 6567 5055 7531
3 6629 979 7820
3 4462 4987 7663
3 1954 6343 7446
3 310 311 7964
3 5888 5887 7578
3 4474 7250 7395
3 3931 5191 7984
3 5308 5309 7284
3 13 412 6651
3 6005 473 7544
3 262 263 7008
3 2237 6976 7050
3 6372 4107 8033
3 2691 2500 7832
3 3430 2686 7698
3 6528 640 7211
3 6750 6273 6951
3 1480 1489 7248
3 2280 6304 7868
3 4545 3140 6898
3 1257 1256 7484
3 6273 1065 6951
3 2225 6202 6988
3 6161 7254 7414
3 484 12 6651
3 6013 6014 7025
3 6434 6638 6991
3 2020 2018 7005
3 6927 1264 7089
3 3457 5692 7445
3 4397 4446 7532
3 5985 4068 7022
3 6526 6775 7074
3 638 1793 7211
3 4730 4406 7999
3 345 346 7034
3 4364 3452 7012
3 6083 6648 7069
3 11 484 6660
3 299 300 7035
3 5789 5637 7913
3 6066 543 7812
3 3141 3142 6810
3 7517 6217 7738
3 4057 6883 7327
3 5954 5953 7904
3 429 103 7241
3 1386 6619 6885
3 6665 4471 7117
3 7007 4090 7176
3 466 5030 7471
3 5167 6584 6947
3 5865 6500 7496
3 3875 3879 7639
3 436 10 6660
3 4286 3369 7323
3 2052 5904 7457
3 4469 5069 7938
3 3447 3367 6964
3 6760 366 7595
3 3066 3295 6965
3 4331 6795 6931
3 3295 3296 7296
3 3324 4223 7340
3 5990 470 7982
3 6337 48 6979
3 2499 1876 7944
3 7933 1025 8003
3 7373 4297 7486
3 6694 3184 6982
3 868 989 7259
3 2401 3086 6946
3 3139 3604 7559
3 7280 2046 7353
3 6892 2895 6992
3 1172 2475 7229
3 2430 2429 6981
3 4998 4767 6786
3 6508 1024 7920
3 2984 6434 6991
3 2272 6489 7227
3 1269 570 7350
3 5692 5694 7347
3 3374 6667 6956
3 1382 6252 7386
3 5158 6485 7855
3 4485 6798 7009
3 4804 7182 7252
3 3456 3634 7071
3 6776 4085 6828
3 5951 2276 7776
3 6731 4336 6886
3 5129 4309 8034
3 7637 2274 7683
3 6949 3268 6983
3 2894 3212 6881
3 7129 5006 7186
3 6534 4162 6974
3 6923 424 7674
3 553 551 7017
3 2556 5690 8038
3 1101 1103 6947
3 2263 6153 7551
3 6844 924 6897
3 3893 4810 6843
3 7076 1145 7127
3 4621 4816 7035
3 6480 2953 7183
3 4666 4091 7108
3 4070 3461 7049
3 1812 6262 7426
3 3732 4238 7379
3 470 273 7982
3 1960 6081 7752
3 6 7 447
3 7108 383 7478
3 3535 6641 6942
3 1694 1832 7681
3 6532 1628 6960
3 3167 2711 7909
3 497 495 7991
3 3686 5127 8034
3 5238 701 7917
3 438 232 7685
3 2963 6249 7010
3 4551 6647 7114
3 1867 5892 7659
3 2449 6899 7042
3 6127 6128 7072
3 468 115 6994
3 4349 4351 4494
3 6648 4059 7069
3 6185 6184 7185
3 3882 3877 7639
3 439 40 7147
3 46 404 7388
3 281 282 7789
3 4059 4443 7069
3 1437 6432 7509
3 3016 4053 7026
3 3557 3009 7055
3 5204 4566 7196
3 4367 4742 7622
3 3049 5029 7745
3 4183 3859 4461
3 5121 5123 7273
3 5809 5812 7942
3 6643 4490 6951
3 4418 4619 7083
3 4354 4100 7152
3 249 6904 7195
3 7130 1890 7168
3 4016 6289 6995
3 5016 4226 7536
3 4157 4625 7206
3 101 102 7175
3 5229 4314 7269
3 401 6276 7621
3 173 368 6703
3 3980 4056 7043
3 6798 6386 7009
3 2757 2756 7084
3 4101 3345 6810
3 3640 3653 7881
3 4587 4185 7037
3 5567 5885 7046
3 7050 4426 7179
3 2423 2426 7239
3 19 5429 7143
3 1652 1841 7803
3 2517 2072 6998
3 2126 2607 6749
3 4544 3940 4662
3 1217 1170 7229
3 4444 4060 6980
3 5856 7057 7334
3 451 63 7163
3 6667 3948 6956
3 2060 2061 6898
3 6612 3314 7104
3 3769 4756 7408
3 4084 3485 7431
3 4446 7423 7532
3 7002 4608 7092
3 2545 6633 7055
3 6972 3037 7116
3 4386 3520 7419
3 2439 5601 7613
3 5147 7067 7171
3 4770 4809 7124
3 5147 5146 7079
3 5761 380 7830
3 3440 6402 7007
3 1287 5648 7943
3 6776 7116 7153
3 6551 2815 7805
3 3616 7303 7468
3 550 552 7641
3 6834 6450 6997
3 4552 5500 7972
3 6013 7025 7086
3 2457 1476 7339
3 5404 4215 8020
3 365 135 6989
3 4738 7507 7980
3 3173 6586 7309
3 6386 6251 7009
3 106 401 7621
3 3708 5721 7088
3 2878 6515 7900
3 4001 4644 7003
3 665 663 7352
3 3534 4309 7201
3 4109 7079 7202
3 182 183 6954
3 1207 5147 7171
3 6776 4422 7116
3 3348 4102 6932
3 6955 4452 7063
3 4204 5452 7518
3 2053 2056 7167
3 1218 1085 7180
3 1435 1434 7689
3 381 5009 7378
3 1642 1643 7374
3 6280 6427 7070
3 3096 4010 7427
3 6094 2237 7050
3 6215 7178 7806
3 5918 5916 7946
3 3146 4355 7455
3 3910 6518 7142
3 6539 4899 7030
3 7046 5264 7065
3 2061 2064 6898
3 2276 5865 7675
3 6147 3607 7371
3 41 42 7082
3 4752 4750 7090
3 1484 2730 7370
3 4527 7846 7977
3 7526 4614 7553
3 5699 1183 7561
3 175 5132 6704
3 2944 4041 7967
3 4092 2125 6935
3 3751 3752 7779
3 7430 6076 7432
3 5847 6095 7054
3 2715 7002 7092
3 4185 4186 7031
3 919 917 7076
3 184 185 7145
3 7039 5098 7254
3 3363 3298 7257
3 2491 2421 7239
3 793 6945 7139
3 446 50 7218
3 4775 4776 7482
3 3576 4374 7511
3 1489 1482 7370
3 2577 6220 7207
3 5022 5021 7918
3 4096 6539 7030
3 2732 82 7041
3 368 174 6704
3 3573 4101 6836
3 1924 1011 7934
3 5942 7549 7733
3 2583 6265 7835
3 4939 4937 8025
3 3334 3333 7565
3 4993 1117 7871
3 7436 1351 7647
3 4088 5235 7136
3 1462 1464 7060
3 4608 4679 7092
3 4110 4111 7910
3 1093 1212 7307
3 4326 4324 7120
3 2390 2663 7915
3 6946 4015 7106
3 6891 415 7437
3 6436 3237 7444
3 1741 994 7492
3 380 7660 7830
3 4724 4805 7974
3 6645 7038 7277
3 4869 4565 7634
3 1246 1244 7788
3 4514 6531 6968
3 3349 3348 6932
3 3674 7536 7778
3 5057 4065 7062
3 444 5048 8017
3 6982 4036 7066
3 3807 3133 7073
3 5244 3074 7967
3 3574 4153 7040
3 996 6395 7492
3 4076 3586 7081
3 7410 4237 7496
3 43 44 7101
3 2553 7188 8031
3 2984 6991 7115
3 210 420 7672
3 2071 2081 6998
3 6109 1729 7103
3 5048 444 7623
3 6883 5476 7327
3 4225 7233 7305
3 3119 7042 7133
3 5415 5414 7267
3 4138 5530 7119
3 2066 2095 7276
3 4508 4507 7711
3 3508 3156 7408
3 5987 7152 7372
3 4929 4218 7360
3 6198 371 7345
3 5220 4480 7740
3 2843 6163 7655
3 134 365 4676
3 2034 5952 7590
3 6274 1044 7057
3 123 124 7848
3 4605 4604 4827
3 2451 2449 7042
3 2281 6083 7069
3 6531 4705 6968
3 6530 3045 7039
3 4185 7031 7037
3 5855 7334 7423
3 3750 2888 7722
3 6653 3893 6843
3 5852 4101 7653
3 6915 3913 7148
3 3444 3442 7067
3 3997 1315 7834
3 5264 5263 7065
3 5095 6969 7018
3 2810 6013 7086
3 3527 4231 7425
3 5131 6479 8028
3 5312 5315 7380
3 3959 3919 7850
3 3944 3942 7838
3 4674 4929 7304
3 3202 3515 7579
3 140 141 449
3 3068 3610 7989
3 110 111 7093
3 2132 610 7667
3 537 535 7463
3 3899 4909 7051
3 3674 5016 7536
3 4452 4454 7063
3 6529 4796 7396
3 7117 4471 7314
3 7469 4120 7485
3 2068 2070 6856
3 5243 5245 7509
3 4379 5220 7652
3 4172 4783 7178
3 6937 6274 7057
3 7126 4229 7410
3 4140 6960 7774
3 4631 5243 7509
3 5699 7561 7997
3 5007 5004 7796
3 4548 3572 7651
3 2618 2617 8020
3 5521 5936 7519
3 3074 2856 7967
3 3548 4396 7760
3 1140 5531 7871
3 389 4977 7912
3 2166 1648 7692
3 1298 1299 7541
3 497 7326 7516
3 4378 4468 7965
3 5843 5844 7109
3 6265 759 7862
3 454 68 7048
3 5194 6300 7598
3 6934 1672 7313
3 6907 4429 7182
3 2705 2706 7121
3 6250 3120 7053
3 4400 7371 7571
3 146 3337 3837
3 4781 4780 7619
3 6630 4155 7453
3 6129 6127 7240
3 4604 3895 4606
3 5805 6630 7601
3 3009 2545 7055
3 7109 2490 7151
3 4581 7363 7459
3 6912 4297 7373
3 4342 4602 7383
3 6645 2679 7038
3 7156 4554 7533
3 3766 5141 7398
3 5843 7109 7151
3 6452 6891 7235
3 6019 2490 7109
3 2554 3335 7148
3 6037 421 7112
3 421 6032 7914
3 2926 6907 7182
3 556 6484 7657
3 4502 4032 7077
3 6671 4110 7910
3 6735 3934 7080
3 6071 108 7552
3 2810 7086 7129
3 7904 5953 7933
3 2342 2556 8038
3 6993 1890 7255
3 185 186 7200
3 1249 1616 7709
3 1640 1642 7091
3 4292 4337 7734
3 6268 6953 7094
3 5514 5515 7472
3 7023 1114 7221
3 2533 6076 7430
3 3726 5798 7377
3 4519 3980 7043
3 1591 1589 7474
3 2072 2071 6998
3 5412 7091 7882
3 6163 2843 7875
3 3079 6314 7072
3 6106 6833 6977
3 3959 7850 7904
3 4142 4144 7122
3 5933 4724 7851
3 1358 1360 7100
3 30 31 7742
3 4404 4403 7071
3 1578 1581 7150
3 5918 7946 7989
3 31 32 7748
3 4029 4891 7162
3 6695 6344 7159
3 757 6268 7094
3 1566 2473 7442
3 3474 101 7175
3 189 190 391
3 4383 7007 7176
3 1751 5951 7886
3 4003 6752 7399
3 5053 4082 7695
3 4362 4000 7333
3 3598 4614 7628
3 363 6328 8015
3 2743 2741 7656
3 4224 7624 7777
3 6568 6572 7047
3 4592 6558 7114
3 2470 6411 7330
3 2505 2590 7149
3 5386 5385 7687
3 6891 5738 7235
3 1088 1091 7433
3 377 149 7937
3 4662 7027 7028
3 6525 2463 7126
3 1117 1111 7871
3 4353 4399 7863
3 1306 1406 7855
3 3934 5141 7080
3 40 41 7147
3 1264 6187 7089
3 3509 7256 7356
3 2426 2427 7555
3 7317 4213 7361
3 4470 4360 7603
3 7760 5955 7850
3 5012 5013 7098
3 4308 4310 7104
3 4087 4427 7127
3 7511 4374 7627
3 2081 4348 6998
3 1299 6161 7414
3 4195 4581 7644
3 4078 7012 7111
3 2845 2843 7655
3 5183 4184 7924
3 5022 6838 6858
3 1806 1617 6941
3 4806 4772 7691
3 183 184 396
3 541 544 7725
3 3434 2740 6749
3 172 6703 7210
3 5690 4535 8038
3 614 612 7155
3 109 448 7552
3 7127 1145 7624
3 4281 3470 7261
3 881 6930 7934
3 3181 3590 7826
3 7650 5083 7810
3 4610 4611 7387
3 4389 4388 7125
3 7035 472 7785
3 657 659 7174
3 4320 3225 7131
3 6072 6071 7552
3 1602 5033 8027
3 5710 3166 7931
3 2921 6336 7585
3 44 2723 7101
3 7603 4360 7642
3 4064 5843 7151
3 6414 2715 7092
3 6767 4992 7033
3 4215 3484 8020
3 7837 6980 7939
3 1415 6451 6941
3 7835 6265 7862
3 3183 4232 7146
3 2388 2015 7590
3 6477 4617 8021
3 152 153 3672
3 3426 2186 7117
3 6073 400 7746
3 6251 1854 7684
3 1235 2352 8002
3 4961 1107 7961
3 378 315 7165
3 2025 2083 7236
3 2490 6087 7151
3 1272 6400 7959
3 3140 2060 6898
3 1203 1266 7130
3 7078 5147 7079
3 2932 4074 7154
3 6035 6695 7159
3 1320 1322 7138
3 4783 6204 7785
3 5638 7159 7342
3 7211 5589 7930
3 4463 4964 7941
3 1903 1905 7128
3 4064 7154 7192
3 5701 6568 7047
3 2745 2743 7763
3 4117 7199 7771
3 482 171 7210
3 539 537 7812
3 5114 5113 7172
3 25 26 7118
3 3610 7987 7989
3 6270 2330 7856
3 4617 3459 8021
3 5038 4213 7317
3 7345 4379 7652
3 1589 1586 7576
3 6244 2810 7129
3 6373 2969 7373
3 4230 6735 7080
3 5732 4166 7341
3 5430 1577 7723
3 418 7135 7354
3 5703 1122 8025
3 783 781 7847
3 242 243 7157
3 2925 6223 7767
3 3974 6456 7916
3 5163 5167 7140
3 2815 6867 7805
3 6662 4949 7312
3 4010 6768 7068
3 7563 5430 7723
3 5008 3699 7392
3 6170 6266 8023
3 3837 3337 4828
3 6583 1691 7056
3 1617 1415 6941
3 3167 7909 8004
3 2679 6600 7038
3 2843 2841 7875
3 4125 2984 7115
3 2612 2611 7876
3 5721 4043 7527
3 4623 4073 7170
3 5832 5836 7168
3 2436 2439 7613
3 6995 3444 7078
3 5298 6477 8021
3 5761 7830 8023
3 1426 6439 7666
3 5211 451 7163
3 3325 2774 7745
3 4734 4733 7682
3 5573 5574 7224
3 2078 7102 7281
3 4373 4078 7111
3 3037 3436 7116
3 796 793 7139
3 410 4405 4406
3 4893 4791 7417
3 4550 7488 7706
3 1288 1287 7943
3 3600 5150 7403
3 4789 3504 7501
3 6947 1295 7140
3 161 162 7158
3 4394 4160 7177
3 5951 7776 7886
3 3623 7356 7493
3 6910 5722 6963
3 2189 6233 7962
3 442 7372 7622
3 121 122 7922
3 6806 4354 7152
3 1007 7764 7859
3 4595 459 4596
3 2776 3049 7745
3 1322 1324 7160
3 3341 4037 7600
3 2431 2432 7708
3 4072 4464 7169
3 5563 2280 7868
3 7082 370 7083
3 3538 2799 7460
3 6600 4196 7038
3 4922 4605 6351
3 1556 1715 7671
3 2659 5647 7187
3 4399 6339 7863
3 6368 5590 7107
3 6647 441 7114
3 2968 4643 7876
3 3921 6662 7312
3 6146 5233 7237
3 50 51 7218
3 6864 2878 7900
3 1600 1570 7144
3 2557 2924 7971
3 7138 1322 7160
3 6869 2660 7385
3 3882 4987 7941
3 4489 3967 7106
3 6076 1149 7432
3 7069 4443 7303
3 564 566 7161
3 3967 6946 7106
3 5231 6073 7746
3 7063 4454 7184
3 4042 5320 7141
3 7149 2590 7289
3 41 7082 7147
3 3874 3872 7173
3 64 6073 7163
3 7148 3335 7485
3 4777 7047 7515
3 4077 4373 7894
3 7644 1690 7751
3 4151 4799 7584
3 5905 3995 7686
3 6012 394 7178
3 3505 4383 7176
3 6338 6525 7126
3 2833 3159 7198
3 6625 4715 7369
3 7397 4732 7662
3 3237 3238 7444
3 6960 1628 7774
3 4341 6526 7074
3 6327 5514 7473
3 2463 6859 7126
3 4959 4954 7815
3 4411 6835 7456
3 5170 4311 7874
3 1715 1554 7787
3 4387 4450 7133
3 7754 4530 7853
3 3940 4509 7867
3 4401 6348 7769
3 39 439 7476
3 353 354 7191
3 6815 5328 7290
3 6599 3978 7102
3 1550 1939 7836
3 4702 6864 7900
3 171 172 7210
3 4289 4290 7164
3 413 4874 7617
3 5570 5569 7272
3 3953 3954 7166
3 3971 6710 7181
3 4725 4137 7573
3 6975 1447 7250
3 448 7093 7889
3 5803 375 7734
3 5522 5523 7212
3 7432 1149 7464
3 7193 4133 7208
3 2049 2052 7457
3 4543 3630 7724
3 1436 5808 7942
3 6791 556 7657
3 7057 1044 7334
3 2462 6532 7318
3 6468 6846 7499
3 5609 4592 7570
3 3436 4316 7153
3 3947 6847 7309
3 6419 2441 7648
3 3321 5229 7494
3 2623 2434 7613
3 7067 5147 7078
3 4137 6625 7369
3 6497 4204 7518
3 1410 5538 7690
3 7116 3436 7153
3 4874 4842 7617
3 229 230 7190
3 7037 3443 7490
3 6752 5391 7399
3 7472 6597 7473
3 7464 6098 7466
3 635 5489 7302
3 7220 3686 8034
3 6025 3510 7192
3 4374 4612 7627
3 4698 4701 7883
3 38 7476 7478
3 4537 4539 7277
3 5098 4493 7414
3 419 280 7194
3 4166 4501 7341
3 4397 7532 7637
3 6842 304 7716
3 7174 4873 7703
3 6968 3088 7467
3 2024 2034 7590
3 6236 1521 7215
3 5255 7144 7442
3 4628 4453 7497
3 2799 2796 7406
3 248 249 7195
3 4307 4306 7914
3 6485 1285 7855
3 7173 5991 7543
3 372 6428 7550
3 3923 3940 4544
3 3966 6869 7489
3 2178 6855 7538
3 5695 6094 7179
3 6783 4131 7095
3 6107 4133 7193
3 6610 6611 7977
3 6768 6360 7068
3 4380 6345 7935
3 6619 690 7680
3 6264 157 7737
3 426 6516 7863
3 566 568 7189
3 2052 2053 7167
3 6615 3971 7181
3 4242 6244 7186
3 9 436 7278
3 4731 4732 7458
3 4133 5985 7208
3 5692 7347 7445
3 4379 7345 7481
3 7094 7049 7331
3 5737 5738 7226
3 4046 4244 7171
3 3235 4826 7222
3 5486 7428 7906
3 3965 6644 7564
3 4373 6495 7894
3 1796 1683 7188
3 5325 5326 7279
3 6518 3323 7142
3 688 3043 7680
3 6869 7385 7489
3 6928 4585 7902
3 2276 7675 7776
3 1085 1087 7180
3 7123 4407 7533
3 4454 4456 7184
3 7442 2473 7505
3 488 6452 7235
3 7161 566 7189
3 6587 6217 7517
3 5378 758 7243
3 5418 2551 7545
3 5731 5730 7581
3 6749 4150 7197
3 4713 4734 7512
3 6957 5955 7760
3 7332 4578 7384
3 4394 7654 7731
3 5909 7148 7485
3 3567 2926 7182
3 4390 7758 7808
3 1801 1714 7225
3 3058 4948 7823
3 4905 4906 7282
3 2880 2482 7234
3 6344 3500 7159
3 6094 7050 7179
3 4619 4618 7268
3 4348 4349 7301
3 3219 7365 7676
3 5814 2281 7303
3 4686 6619 7680
3 3981 4519 7669
3 3505 7176 7233
3 2813 6362 7985
3 195 196 2594
3 102 429 7175
3 6591 4978 7604
3 1149 6098 7464
3 6865 3970 7099
3 267 432 7548
3 2953 6241 7183
3 6244 7129 7186
3 4550 3852 7488
3 3524 6615 7181
3 5529 3038 7676
3 7178 394 7806
3 4430 3463 7223
3 6440 6632 7230
3 2796 2795 7406
3 440 33 7897
3 7224 3739 7379
3 2281 7069 7303
3 6847 6699 7309
3 7208 5985 7228
3 29 389 7912
3 5128 4465 7604
3 6809 7375 7607
3 4108 4109 7202
3 3894 4079 7199
3 7761 6148 7827
3 7450 4238 7690
3 4497 7122 7821
3 6930 5675 7934
3 4043 4358 7213
3 103 104 7241
3 4531 7469 7485
3 6230 3537 7793
3 4522 6312 7932
3 1113 1146 7221
3 186 187 445
3 5212 425 8006
3 6898 2064 7276
3 7145 185 7200
3 7283 2923 7346
3 268 269 7232
3 399 18 7143
3 5525 5526 7489
3 4081 4866 7471
3 7042 4387 7133
3 5167 6947 7140
3 5311 5308 7284
3 7277 4539 7416
3 3672 7027 7597
3 4807 4808 7945
3 6867 6741 7196
3 4231 4945 7451
3 5522 7212 7300
3 7053 4057 7327
3 3322 5001 7938
3 4035 4340 7792
3 6574 6779 7308
3 4243 4873 7244
3 4360 4572 7642
3 26 443 7118
3 4113 7166 7243
3 4311 4312 7354
3 5366 1888 7960
3 4774 4447 7791
3 8 9 7278
3 4435 4433 7270
3 4085 6776 7153
3 4396 6957 7760
3 4204 3625 7209
3 6978 1690 7644
3 5104 4318 7502
3 6558 4551 7114
3 6127 7072 7240
3 4577 5841 7253
3 6205 433 7500
3 1444 6297 7654
3 5802 378 7954
3 2041 2039 7281
3 418 117 7135
3 2562 2517 7137
3 433 5801 7500
3 3932 6783 7095
3 4721 4425 7251
3 5700 2923 7283
3 640 638 7211
3 194 195 7015
3 4352 4157 7206
3 7092 4679 7205
3 5940 3762 7736
3 3483 6414 7205
3 4791 4790 7418
3 4441 4436 7265
3 4581 6978 7644
3 4712 4713 7297
3 2969 6912 7373
3 2751 3353 7217
3 1413 1416 7919
3 5573 7224 7379
3 242 7157 7367
3 4874 413 7958
3 4010 7088 7427
3 7181 6710 7363
3 7087 4548 7651
3 7072 6314 7240
3 5241 5863 7829
3 3426 7117 7314
3 4407 7156 7533
3 4113 7243 7412
3 5826 6993 7255
3 4213 1412 7361
3 701 6467 7917
3 6428 468 7610
3 2334 7818 7827
3 3906 6535 7759
3 6561 4420 7250
3 5470 6716 7293
3 6551 440 7897
3 7081 3997 7834
3 7326 497 7991
3 439 7147 7268
3 337 338 7291
3 4429 3421 7252
3 2027 2019 7841
3 3506 3505 7233
3 4475 7517 7738
3 6693 6694 7397
3 333 334 7285
3 3538 7460 7506
3 4131 7258 7267
3 3590 7024 7826
3 4308 7104 7220
3 4407 4730 7156
3 7622 4742 7789
3 2590 5967 7289
3 6817 1558 7671
3 2400 2155 7249
3 3533 3534 7201
3 5216 5217 7665
3 5935 5522 7300
3 4235 4093 7670
3 7170 1257 7484
3 5082 4063 7591
3 6730 4470 7506
3 1170 1172 7229
3 6098 2580 7466
3 485 6806 7152
3 4582 3424 7242
3 3999 6996 7475
3 7427 5721 7527
3 7164 4290 7295
3 4514 6968 7467
3 2046 2043 7353
3 7188 5615 8031
3 1319 1419 7255
3 6008 4391 7306
3 6779 5448 7308
3 6414 7092 7205
3 5114 7330 7421
3 4776 7719 7861
3 7476 4666 7478
3 6630 1150 7203
3 6486 2577 7207
3 1987 6146 7237
3 4567 7403 7805
3 5269 6941 7435
3 7027 3672 7028
3 7184 4456 7266
3 4408 4409 7328
3 1888 7829 7960
3 4570 3453 7246
3 7301 4494 7631
3 7182 4429 7252
3 5208 4972 7461
3 2585 2584 7275
3 4984 4983 7993
3 1478 1480 7248
3 6530 7039 7254
3 473 7169 7544
3 4513 4511 7365
3 4972 4648 7461
3 6489 3894 7227
3 5124 7273 7433
3 6542 2462 7825
3 3038 2779 7676
3 7851 4724 7974
3 4022 6982 7066
3 5218 5216 7665
3 7093 111 7762
3 3 4 6818
3 6388 3483 7721
3 1888 5241 7829
3 4389 7125 7970
3 649 647 7298
3 6875 4959 7528
3 5326 4878 7860
3 5865 7496 7675
3 3932 7095 7311
3 1216 1257 7287
3 4615 6340 7477
3 5274 3603 7358
3 4628 7315 7513
3 4835 4484 7256
3 6194 3843 7264
3 2867 3138 7357
3 4338 3385 7630
3 5925 768 7567
3 254 255 7286
3 4309 4308 7220
3 2421 2423 7239
3 4545 6898 7276
3 5681 6388 7721
3 5739 5114 7421
3 6338 7126 7410
3 4125 5718 7386
3 4503 4636 7870
3 326 374 7304
3 4131 4130 7258
3 6314 4084 7240
3 7758 5583 7808
3 2979 868 7259
3 5750 5749 7813
3 5122 5124 7521
3 4920 6760 7595
3 7186 5006 7292
3 4605 4827 6351
3 7032 5430 7563
3 6424 4332 7849
3 4558 4595 7661
3 4427 7076 7127
3 7488 3852 7999
3 2173 2474 7320
3 7354 7135 7874
3 7159 3500 7342
3 3762 5418 7668
3 5077 6264 7737
3 5836 7130 7168
3 2092 2090 7288
3 7687 5385 7754
3 122 437 8030
3 6741 383 7196
3 4349 4494 7301
3 2074 5470 7293
3 5842 4741 7674
3 4214 4215 7263
3 4963 4962 7376
3 6846 4861 7499
3 5439 3577 7596
3 5006 5007 7292
3 7142 3323 7340
3 3298 4105 7257
3 5944 5942 7733
3 7215 4084 7431
3 2799 7406 7460
3 191 192 6858
3 4456 4517 7266
3 1672 1438 7313
3 7559 3604 7640
3 6079 4183 7389
3 6717 4460 7694
3 7056 1691 7520
3 6680 3130 7333
3 3166 1262 7931
3 4796 4496 7629
3 4334 5008 7402
3 201 202 7926
3 889 1144 7315
3 4164 6746 7428
3 481 7061 7953
3 3444 7067 7078
3 5253 5424 7456
3 6342 6148 7761
3 2888 2889 7337
3 7324 4939 8025
3 3062 7137 7301
3 3894 7199 7227
3 5898 4361 7612
3 3130 6763 7333
3 7438 5610 7570
3 2910 7123 7533
3 7393 3678 7425
3 7082 4619 7147
3 4621 7035 7785
3 487 5 6819
3 5110 1988 7458
3 4653 4591 7274
3 486 5902 7707
3 4109 7078 7079
3 4335 7498 7508
3 4501 7023 7221
3 3863 6530 7254
3 7141 5320 7247
3 274 275 7319
3 4789 7550 7610
3 4587 7037 7490
3 7260 5478 7340
3 4453 4451 7497
3 4568 6933 7831
3 4873 4473 7703
3 5751 2273 7581
3 7905 3370 7951
3 4197 3154 7332
3 3062 7301 7631
3 6213 4808 7446
3 1122 785 7324
3 5201 4384 7705
3 784 786 7299
3 5429 444 8017
3 3561 4347 7699
3 3470 3448 7261
3 7818 6355 7955
3 4290 4332 7295
3 5394 5395 7393
3 6559 6717 7694
3 188 189 7359
3 5768 5750 7813
3 629 7364 7405
3 4420 6975 7250
3 2923 3199 7346
3 5251 5254 7338
3 6871 6205 7500
3 7172 2470 7330
3 4996 4995 7454
3 209 210 7672
3 4691 4345 7349
3 7102 4616 7281
3 6504 3931 7984
3 5314 5312 7380
3 7095 5414 7311
3 6632 6301 7230
3 455 177 7887
3 7538 4442 7828
3 450 6038 7711
3 3923 4544 6908
3 3859 5170 7839
3 629 630 7364
3 6115 3663 7305
3 6563 2224 7262
3 5069 7656 7938
3 5812 7479 7942
3 3296 3363 7296
3 4186 7003 7110
3 7183 6241 7294
3 4067 4428 7329
3 7251 1435 7689
3 441 7438 7570
3 4299 3426 7314
3 458 5170 7874
3 5943 6881 7549
3 4549 4548 7368
3 5064 5065 7400
3 233 5585 7685
3 4120 5909 7485
3 4610 7387 7559
3 5350 6817 7671
3 7755 4584 7870
3 4541 5355 8035
3 3537 1348 7793
3 2661 6595 7558
3 5579 4690 7623
3 5935 7300 7439
3 4314 4666 7443
3 4288 3626 7366
3 361 7219 7344
3 6228 455 7887
3 4814 4815 7326
3 5662 7493 7684
3 2321 2319 7316
3 6411 6188 7330
3 4235 5140 7990
3 5186 5435 7988
3 6809 4122 7375
3 5406 7226 7437
3 3654 4328 7673
3 7031 4186 7110
3 7297 7512 7553
3 4241 3932 7311
3 2189 5540 8011
3 5527 5525 7385
3 4586 4394 7731
3 4566 6867 7196
3 6484 4236 7657
3 5414 7095 7267
3 4614 7526 7628
3 7106 6134 7645
3 4535 6601 8038
3 6881 3212 7549
3 4511 5529 7365
3 4782 2885 7593
3 704 629 7405
3 3369 3370 7323
3 3385 4947 7630
3 1478 7248 7339
3 4823 4822 7620
3 7033 4992 7896
3 3715 5485 7528
3 5670 7390 7430
3 5445 5436 7409
3 5944 7733 7840
3 5670 5671 7390
3 7218 51 7583
3 5902 385 7707
3 6742 3739 7224
3 4115 4492 7343
3 4922 6351 7344
3 7137 4348 7301
3 7330 6188 7421
3 7186 7292 7465
3 6 447 6819
3 444 5579 7623
3 2441 7119 7648
3 7276 2095 7525
3 5478 7142 7340
3 6595 4784 7558
3 3954 7277 7416
3 3820 7401 7415
3 2294 6284 7335
3 1476 1478 7339
3 7254 5098 7414
3 7512 3159 7553
3 1044 6283 7334
3 7256 4484 7356
3 570 572 7350
3 4328 5739 7534
3 5048 5047 8017
3 266 267 7548
3 7266 4517 7362
3 6241 3508 7294
3 7152 4100 7372
3 768 499 7516
3 4201 4583 7351
3 7024 5714 7826
3 3653 7556 7881
3 254 7286 7514
3 241 242 7367
3 6441 3921 7312
3 6440 7230 7687
3 3293 3397 7602
3 4480 5213 7766
3 5229 7269 7494
3 7420 5888 7578
3 4528 7425 7451
3 4025 6327 7473
3 7269 4618 7494
3 5271 4542 7949
3 2885 3173 7593
3 3323 3324 7340
3 5542 4520 7599
3 5029 5028 7591
3 5582 3118 7795
3 7486 4303 7720
3 309 310 7376
3 45 46 7388
3 5903 3820 7415
3 6214 6211 7381
3 5589 4836 7930
3 4508 7112 7845
3 376 265 7413
3 34 2815 7897
3 6464 5710 7931
3 7233 6115 7305
3 5355 4711 7973
3 5157 7905 7951
3 4496 6874 7629
3 1091 1093 7307
3 5906 2874 7394
3 2769 7308 7440
3 4798 4797 7271
3 5439 7056 7520
3 4619 7082 7083
3 2769 6574 7308
3 5653 5652 7407
3 4361 4623 7612
3 4976 3602 7387
3 3954 6645 7277
3 385 6228 7887
3 6586 3947 7309
3 7338 3577 7511
3 2862 6086 7347
3 4447 5536 7791
3 6546 4076 8026
3 6143 4692 7449
3 6639 4052 7563
3 4083 5077 7643
3 4322 4321 7434
3 3820 5907 7401
3 6313 3349 7925
3 1260 6464 7931
3 460 5444 7643
3 371 4653 7345
3 4579 4578 7377
3 7513 1144 7529
3 4076 7834 8026
3 4648 5837 7461
3 2064 2066 7276
3 6547 2388 8029
3 404 6337 7322
3 5739 7421 7534
3 6479 3131 8028
3 7506 4470 7603
3 6141 3451 7777
3 2118 4528 7451
3 3739 3732 7379
3 7349 2426 7555
3 4864 4863 7780
3 4183 4461 7389
3 4219 5670 7430
3 4100 6247 7372
3 4219 7430 7432
3 4484 4485 7356
3 2475 6668 7895
3 437 7231 7389
3 4840 4746 7957
3 701 5238 7955
3 4122 6780 7375
3 7250 1447 7395
3 1612 665 7352
3 5697 6067 7635
3 4517 4626 7362
3 1482 1484 7370
3 4629 3150 7411
3 7047 6572 7515
3 2910 137 7123
3 7379 4238 7450
3 3607 4660 7371
3 6045 438 7965
3 7201 5154 7983
3 37 38 7478
3 6339 426 7863
3 3500 4356 7342
3 7606 3582 7843
3 1794 5689 7470
3 4306 7112 7914
3 5123 7180 7273
3 4567 4869 7403
3 3860 5207 7872
3 2176 5573 7450
3 7269 4314 7443
3 2227 6659 7524
3 4606 3895 7197
3 7088 5721 7427
3 318 319 7454
3 193 194 7238
3 7599 4520 7747
3 4785 6139 7811
3 6343 6213 7446
3 4222 5888 7429
3 4119 6815 7290
3 5738 3558 7483
3 1643 1646 7374
3 5924 5925 7732
3 6173 6373 7373
3 4562 5349 7677
3 1693 1433 7420
3 3490 105 7621
3 3504 2819 7571
3 397 7124 7132
3 7537 2761 7589
3 6516 426 7786
3 7400 2925 7767
3 6780 3556 7375
3 7325 3750 7722
3 5435 6379 7988
3 6069 4424 7802
3 6941 6451 7435
3 455 6228 7391
3 7833 4444 7837
3 800 798 7404
3 5252 5255 7505
3 5945 5944 7840
3 7726 4389 7970
3 4232 4233 7378
3 4412 4219 7432
3 1125 5286 7837
3 5239 7818 7955
3 5143 4313 7452
3 1621 6751 7697
3 3762 7668 7736
3 4644 7647 7770
3 118 119 458
3 6322 3474 7860
3 4808 5614 7446
3 4218 6422 7360
3 7413 5007 7796
3 6835 1600 7310
3 6778 447 7535
3 5985 7022 7228
3 5936 5935 7439
3 1885 1812 7426
3 7529 6131 7601
3 4660 5705 7501
3 6173 7373 7486
3 6068 3949 7980
3 3036 3457 7490
3 3397 3399 7481
3 4340 4342 7383
3 6861 4125 7386
3 4382 4354 7447
3 5127 5129 8034
3 5423 2761 7537
3 3796 3654 7673
3 4782 7593 7664
3 3240 3390 7448
3 3156 3769 7408
3 3520 3966 7419
3 2998 6119 7417
3 3109 7592 7608
3 7231 6079 7389
3 4082 5444 7695
3 2352 7636 8002
3 4315 5176 7470
3 2924 7253 7971
3 5351 1189 7755
3 6838 191 6858
3 150 4393 7858
3 6624 3062 7631
3 4412 7432 7464
3 2580 893 7441
3 6283 2283 7423
3 260 261 7462
3 4375 4003 7399
3 7652 5220 7740
3 4430 7223 7743
3 2815 6551 7897
3 7166 5378 7243
3 6866 4495 7355
3 7423 2283 7532
3 3688 2976 7491
3 4377 6529 7396
3 6188 2788 7421
3 5376 2097 7702
3 546 1436 7479
3 6772 2897 7696
3 4414 7464 7466
3 6086 4587 7445
3 4518 7529 7601
3 5635 5546 7542
3 850 825 7459
3 1144 6131 7529
3 5748 5751 7649
3 4052 7032 7563
3 3422 3096 7427
3 2834 4677 7526
3 180 486 7707
3 6630 7453 7601
3 4337 3641 7782
3 5585 5584 7685
3 7273 1087 7433
3 7052 4852 7908
3 4414 4412 7464
3 3678 3527 7425
3 1410 7690 7851
3 3212 6366 7549
3 7334 6283 7423
3 5418 7545 7668
3 4510 4513 7557
3 5152 4116 7901
3 1273 5582 7969
3 486 181 7893
3 7363 850 7459
3 4319 4320 7504
3 4451 4414 7466
3 218 219 7482
3 3485 4209 7431
3 4643 3242 7753
3 7052 391 7918
3 434 6873 7577
3 7449 2431 7708
3 7154 4074 7192
3 7177 1444 7654
3 7568 3593 7706
3 4000 6680 7333
3 6148 2334 7827
3 2730 6670 8012
3 2949 6338 7410
3 6054 5521 7519
3 4660 7501 7571
3 2093 5182 7586
3 7147 4619 7268
3 6210 5945 7921
3 6583 7056 7574
3 38 39 7476
3 6723 2493 7822
3 4576 4722 8010
3 2627 3146 7455
3 7421 2788 7534
3 5983 6772 7696
3 4845 4044 7539
3 6933 5998 7831
3 1189 5685 7658
3 4626 4518 7453
3 1299 7429 7541
3 5028 5082 7591
3 4372 4113 7412
3 7122 463 7821
3 7406 4583 7460
3 1568 1566 7442
3 3995 6745 7686
3 800 7404 7530
3 105 106 7621
3 1447 6494 7395
3 183 396 6954
3 5796 4661 8037
3 2949 7410 7496
3 7011 4385 7543
3 1087 1088 7433
3 7434 4321 7547
3 391 190 6838
3 1256 1308 7484
3 7111 4570 7954
3 3895 3434 7197
3 461 217 7861
3 6980 4533 7939
3 7829 4715 7960
3 5483 5484 7587
3 7624 6141 7777
3 7415 4380 7935
3 535 1531 7463
3 2019 2021 7841
3 4400 4757 7750
3 3519 6120 7475
3 447 7 7535
3 1370 1298 7541
3 5610 5609 7570
3 669 661 7575
3 7387 3602 7559
3 7567 6499 7732
3 4140 5796 8037
3 7549 6366 7733
3 4699 4697 7540
3 274 7319 7982
3 2910 7533 7784
3 4026 6753 7588
3 7230 5386 7687
3 6532 6960 7318
3 7501 5705 7550
3 4516 7513 7529
3 6299 4389 7869
3 4583 6191 7460
3 4924 5183 7924
3 5849 2263 7551
3 3641 3642 7782
3 7347 6086 7445
3 3707 4543 7899
3 51 52 7583
3 3335 4531 7485
3 5892 2178 7538
3 4011 6921 7382
3 3852 5070 7999
3 253 254 7514
3 2761 5537 7589
3 4424 4721 7802
3 4745 4840 7650
3 7546 3756 7609
3 1295 6040 7632
3 4618 4617 7494
3 5218 7665 7728
3 1351 734 7647
3 1380 1435 7522
3 6485 5158 7951
3 5444 5000 7695
3 4573 6849 7700
3 4516 4455 7513
3 6902 4568 7831
3 4635 4497 7821
3 4551 4550 7487
3 4390 4120 7469
3 7321 7033 7896
3 3242 4600 7753
3 5126 423 7968
3 6706 4011 7382
3 2943 3766 7572
3 3577 3576 7511
3 4193 4814 7554
3 6710 850 7363
3 5945 7840 7921
3 994 996 7492
3 5863 2808 7573
3 260 7462 7660
3 6451 3537 7435
3 5089 5104 7907
3 7112 4306 7845
3 4734 7198 7512
3 4815 6499 7567
3 5432 1244 8002
3 5396 4702 7786
3 5248 4901 7556
3 6716 4165 7293
3 4776 3939 7719
3 108 109 7552
3 4518 4516 7529
3 2842 3582 7606
3 3336 5610 7928
3 4076 7081 7834
3 4375 7399 7503
3 7 8 7535
3 4935 4936 7911
3 5887 4716 7578
3 3434 6749 7197
3 3422 7427 7527
3 4832 5183 7966
3 1595 1591 7474
3 7372 6247 7622
3 2924 6693 7397
3 2361 6173 7486
3 6874 474 7629
3 6304 1045 7562
3 393 5379 7792
3 2048 2049 7457
3 6495 430 7894
3 439 7443 7476
3 3437 7499 7580
3 6134 3661 7645
3 4784 4771 7558
3 7460 6191 7506
3 6597 2769 7440
3 5959 3058 7823
3 111 112 7762
3 4789 7501 7550
3 4572 4573 7700
3 438 6766 7965
3 1615 1413 7919
3 2669 3109 7608
3 4732 4722 7662
3 6432 4631 7509
3 7607 1615 7801
3 7095 4131 7267
3 3602 3139 7559
3 6900 4458 7728
3 4226 4670 7857
3 5256 7511 7627
3 4372 7105 7620
3 6047 3538 7603
3 802 800 7530
3 2 3 3594
3 4394 7177 7654
3 5141 6686 7398
3 7093 4594 7889
3 4501 7287 7341
3 4105 6049 7892
3 1107 2093 7961
3 7000 450 7711
3 2779 3219 7676
3 5114 7172 7330
3 426 5396 7786
3 7422 4490 7523
3 142 3593 7568
3 4936 4938 7715
3 5420 5174 7594
3 3110 4720 7569
3 7119 5530 7648
3 7654 5931 7731
3 8 7278 7535
3 6021 413 7617
3 5202 5201 7697
3 2469 6792 7625
3 5540 4520 8011
3 6214 3334 7945
3 4443 4444 7468
3 4614 4615 7553
3 5412 4280 8013
3 5117 5116 7545
3 4384 5960 7739
3 7356 4485 7493
3 7118 443 7507
3 7818 5203 7827
3 178 385 7887
3 430 6443 7894
3 7180 1087 7273
3 4 487 6818
3 3590 6497 7518
3 4321 5555 7547
3 3842 6141 7624
3 4957 4958 7693
3 6139 4586 7811
3 5881 5882 7898
3 6500 2949 7496
3 4449 4686 7747
3 1693 7578 7614
3 2283 6272 7532
3 672 5583 7758
3 6328 4881 8015
3 2332 7852 7854
3 4473 3422 7527
3 3375 2548 7756
3 6746 1741 7428
3 4961 6706 7382
3 4575 5432 7636
3 6217 2469 7738
3 4490 4489 7523
3 2788 6320 7534
3 5957 4448 7605
3 1854 1527 8027
3 5749 5748 7679
3 4158 7563 7723
3 6243 4965 7953
3 6629 4375 7503
3 5286 5133 7833
3 7049 4888 7331
3 7501 3504 7571
3 2627 7455 7515
3 5718 4376 7611
3 3238 3349 7444
3 2547 6608 7616
3 3756 6104 7609
3 4779 5440 7950
3 7586 4959 7815
3 4545 7276 7525
3 6332 3756 7546
3 196 197 7013
3 5207 5208 7872
3 3437 6468 7499
3 7578 4716 7614
3 186 445 7200
3 6047 7603 7642
3 5583 2226 7808
3 4716 4964 7614
3 391 6838 7918
3 7852 6324 7873
3 3352 6597 7472
3 5696 5697 7635
3 4037 7053 7327
3 6336 3944 7585
3 7091 1642 7882
3 4623 7170 7484
3 2165 5256 7627
3 385 179 7707
3 192 193 416
3 7305 4830 7704
3 4467 7594 7678
3 1595 7474 7560
3 4798 6068 7980
3 1198 2114 7710
3 5866 5867 7866
3 1198 7710 7820
3 3653 3638 7633
3 6252 6861 7386
3 6389 4421 8005
3 3620 3619 7986
3 432 7292 7548
3 443 4798 7507
3 6739 4514 7467
3 5582 7795 7969
3 5397 6750 7422
3 6494 6587 7517
3 4695 5804 7688
3 6565 4635 7821
3 5064 7767 7903
3 1125 7837 7939
3 5183 461 7966
3 1024 5376 7920
3 4466 7582 7724
3 766 7869 7873
3 5000 408 7799
3 4529 6567 7531
3 5819 2567 7773
3 3783 3781 7626
3 4476 4477 7618
3 6935 2227 7524
3 4944 3528 7619
3 483 6616 7402
3 2427 2431 7555
3 1865 1867 7659
3 4116 4785 7901
3 7852 4865 7854
3 474 6029 7629
3 4356 1595 7560
3 3931 3202 7579
3 5165 7140 7632
3 5542 2189 8011
3 2015 2024 7590
3 1183 1389 7561
3 4450 3965 7564
3 4405 139 7765
3 7223 7562 7743
3 2569 5438 7757
3 4977 4976 7730
3 552 556 7641
3 118 458 7135
3 7205 5680 7721
3 6153 1693 7614
3 4395 4610 7640
3 6131 5805 7601
3 4526 5709 7735
3 1189 7658 7755
3 3877 3875 7639
3 4679 4678 7714
3 6300 4498 7598
3 3515 6281 7929
3 4473 7213 7703
3 829 831 7880
3 5286 7833 7837
3 7282 2475 7895
3 4499 7817 7825
3 4565 4564 7634
3 6572 2627 7515
3 5748 7649 7679
3 179 180 7707
3 287 6901 7701
3 5530 3545 7771
3 5710 6464 7997
3 1414 5799 7992
3 4220 6764 7495
3 4872 4871 7948
3 757 7094 7331
3 4549 6243 7953
3 3939 3251 7749
3 3593 7487 7706
3 7026 4053 7797
3 4316 3437 7580
3 7778 4728 7909
3 1005 1020 7879
3 7395 6494 7517
3 6960 4140 8037
3 7561 5711 7997
3 7557 377 7937
3 1600 7144 7310
3 5238 5239 7955
3 5840 5000 7799
3 4376 6227 7729
3 2795 7351 7406
3 4520 5542 8011
3 182 6954 7893
3 3439 4442 7718
3 157 158 7737
3 4397 7637 7683
3 7505 2473 7574
3 3637 6047 7642
3 1145 3842 7624
3 7824 4472 8001
3 1586 1588 7576
3 6683 5542 7599
3 4722 4577 7662
3 259 260 7660
3 1691 6817 7520
3 6996 4197 7384
3 7719 3939 7749
3 7199 4079 7771
3 356 357 7819
3 2727 3176 7956
3 6247 4367 7622
3 6191 6730 7506
3 7844 201 7926
3 6950 237 7712
3 4486 3418 7816
3 4233 3341 7600
3 6223 6160 7767
3 4457 3561 7699
3 4464 4462 7663
3 4158 6639 7563
3 873 1198 7820
3 189 391 7359
3 3333 3338 7565
3 3969 4671 7800
3 4672 4139 7774
3 5255 7442 7505
3 4646 4472 7824
3 4929 7360 7864
3 2094 3674 7778
3 3350 6740 8024
3 4661 4499 7825
3 7646 7392 7807
3 7307 1212 7521
3 6362 6182 7985
3 3368 4014 7741
3 7185 4026 7588
3 6065 2361 7720
3 7056 5439 7596
3 4809 4807 7981
3 2334 6355 7818
3 3409 3411 7790
3 4499 4500 7817
3 7545 5116 7668
3 1 2 7219
3 7496 4237 7675
3 6750 6951 7422
3 396 184 7145
3 6471 1382 7611
3 4544 4662 8032
3 5210 3897 8022
3 4620 5789 7913
3 7649 6082 7679
3 1832 1960 7681
3 5925 7567 7732
3 7759 2731 7842
3 5680 5681 7721
3 5359 5358 7726
3 6044 6547 8029
3 6931 5632 7849
3 4546 4545 7525
3 232 233 7685
3 5707 4522 7932
3 437 7389 8030
3 141 142 7568
3 4209 3598 7628
3 2686 3751 7698
3 7598 4498 7775
3 2434 2436 7613
3 151 152 7597
3 610 542 7667
3 3334 7565 7981
3 5547 4285 7882
3 7223 5565 7562
3 238 3669 7712
3 5995 286 7701
3 4396 4397 7683
3 7767 6160 7903
3 5788 376 7996
3 6753 2813 7588
3 4662 3940 7867
3 6236 7215 7431
3 7110 7003 7770
3 5681 5890 7814
3 6233 3838 7962
3 4392 6041 7666
3 1434 1694 7689
3 6272 6011 7637
3 5730 6082 7649
3 4832 7719 7749
3 6519 3350 8024
3 3251 2967 7727
3 428 324 7864
3 7615 7990 8006
3 4553 6989 7784
3 6082 2921 7679
3 7441 4628 7497
3 5033 4532 7794
3 7481 4653 7602
3 304 305 7716
3 4536 4195 7644
3 5203 5202 7827
3 5931 3430 7731
3 5001 4469 7938
3 766 6299 7869
3 5158 5157 7951
3 4693 4695 7688
3 7310 5253 7456
3 6142 5314 8012
3 4494 4515 7631
3 6049 4475 7738
3 7268 4618 7269
3 4636 6788 8008
3 7667 542 7725
3 7246 5802 7954
3 4651 4652 7979
3 2741 3322 7656
3 5124 7307 7521
3 4903 5840 7799
3 3474 7279 7860
3 4365 6871 7500
3 6297 5931 7654
3 7619 4780 8036
3 495 1414 7991
3 3572 4203 7651
3 5062 5064 7903
3 6616 399 7498
3 7593 4320 7664
3 7752 4505 7809
3 6081 4505 7752
3 3350 2845 7655
3 6464 5699 7997
3 5202 7761 7827
3 4991 4993 7896
3 4822 6913 7620
3 4865 4445 7854
3 5712 3860 7872
3 4829 7132 7566
3 6102 3750 7764
3 1648 1650 7692
3 2473 6583 7574
3 5867 4402 7906
3 3991 7342 7783
3 1616 1246 7788
3 7523 4489 7645
3 6030 5813 7798
3 5984 407 7898
3 2500 2499 7832
3 6855 3969 7800
3 7257 4105 7336
3 5140 4593 7990
3 4079 6419 7648
3 5062 7903 8005
3 1527 1602 8027
3 4554 4553 7784
3 7733 3643 7840
3 394 6842 7806
3 478 6198 7652
3 5318 7852 7873
3 1558 1556 7671
3 5047 7508 8016
3 5711 5710 7997
3 7303 4443 7468
3 635 7302 7704
3 2897 6199 7696
3 4875 5210 8022
3 6325 4693 7688
3 6114 3339 7772
3 4237 6156 7675
3 7292 432 7465
3 4165 6476 7878
3 6704 4970 7510
3 4111 4650 7910
3 5318 4865 7852
3 5116 6275 7668
3 481 6604 7998
3 4487 5940 7835
3 7630 4947 7783
3 413 7190 7958
3 6919 1218 7582
3 7532 6272 7637
3 3752 4646 7779
3 209 7672 8032
3 4311 7354 7874
3 4599 4781 7936
3 3841 6270 7856
3 1218 6948 7582
3 3583 4774 7828
3 6324 766 7873
3 5358 5318 7873
3 4332 6931 7849
3 6951 4490 7422
3 4101 6810 7653
3 7015 4760 7238
3 4465 6591 7604
3 6036 4486 8008
3 282 442 7789
3 5440 4860 7950
3 1287 1249 7709
3 4627 6723 7822
3 3795 7231 8035
3 3538 7506 7603
3 475 6902 7831
3 542 541 7725
3 4439 5587 7975
3 5939 395 7824
3 5170 4824 7839
3 6371 4932 8033
3 7166 3954 7416
3 4445 5707 7890
3 1876 1874 7944
3 4498 4635 7775
3 7944 1874 7995
3 5877 469 8001
3 4197 7332 7384
3 4665 4430 7743
3 3992 3480 8018
3 4053 6147 7750
3 4536 7644 7751
3 6913 4372 7620
3 7692 1650 7803
3 5749 7585 7813
3 4987 4463 7941
3 4080 3477 7877
3 6873 4337 7577
3 4505 4506 7809
3 7385 5525 7489
3 400 6377 7746
3 4611 7271 7730
3 311 433 7964
3 4744 4745 7810
3 1874 1872 7995
3 4531 4803 7713
3 5526 7419 7489
3 7584 4799 7927
3 195 2594 7015
3 1315 6455 7834
3 690 688 7680
3 5998 475 7831
3 7903 1731 8005
3 5939 7824 8001
3 6867 4567 7805
3 7402 6616 7498
3 4593 3981 7669
3 4421 5062 8005
3 4778 5126 7940
3 3841 7856 7947
3 2432 2623 7708
3 4107 6371 8033
3 4666 7108 7478
3 7198 3159 7512
3 4041 6934 7978
3 7318 6960 8037
3 6668 4221 7895
3 3397 7481 7602
3 4678 6882 7714
3 4667 3707 7899
3 7809 4506 7845
3 4150 4151 7584
3 5916 5920 7946
3 7946 3103 7989
3 4485 7009 7493
3 7869 5358 7873
3 6221 4819 7795
3 6348 2583 7769
3 4958 6044 8029
3 2352 6471 7729
3 1177 1410 7974
3 2774 2776 7745
3 3549 3548 7760
3 6056 5193 7929
3 3043 6683 7599
3 4825 4467 7678
3 4597 4235 7615
3 7061 481 7998
3 7850 5955 7904
3 3630 4466 7724
3 6400 4450 7959
3 7660 4590 7830
3 6275 4401 7736
3 4506 4508 7845
3 7287 1257 7341
3 4833 4831 7727
3 463 6565 7821
3 6379 5185 7988
3 7417 4791 7418
3 6180 3103 7891
3 6340 3900 7973
3 6515 6516 7900
3 6052 3841 7947
3 5004 5003 7796
3 4479 6215 7806
3 6204 4621 7785
3 5863 7369 7829
3 5808 5809 7942
3 6535 2731 7759
3 5955 5954 7904
3 469 5939 8001
3 4467 6920 7594
3 543 539 7812
3 4625 4158 7723
3 4617 6477 8009
3 1650 1652 7803
3 7776 4459 7886
3 5841 2556 7971
3 4538 4536 7751
3 320 382 7923
3 6156 4459 7776
3 3642 3640 7881
3 1531 6559 7694
3 445 187 7781
3 2663 3074 7915
3 3353 2745 7763
3 3643 6442 7840
3 7616 6608 7846
3 4238 6413 7690
3 4656 4487 7862
3 5709 5711 7735
3 3942 4563 7838
3 2332 6324 7852
3 5946 5045 8019
3 7675 6156 7776
3 7795 4819 7969
3 4829 4828 7844
3 7668 6275 7736
3 2703 6420 7857
3 4560 4558 7661
3 3338 4829 7566
3 3549 7760 7850
3 7498 399 7508
3 4590 4491 7830
3 1229 6440 7687
3 4659 4224 7777
3 4472 5877 8001
3 7830 4491 8023
3 187 188 7781
3 2731 6180 7842
3 478 7652 7740
3 7846 1453 7977
3 2048 7457 7686
3 273 274 7982
3 3794 6657 7715
3 7293 4165 7878
3 5917 5918 7987
3 6279 478 7740
3 1554 1552 7787
3 4347 7589 7699
3 3919 3549 7850
3 4227 3181 7826
3 5032 6923 7674
3 376 7796 7996
3 379 4779 7950
3 7169 4464 7544
3 7338 5254 7596
3 6160 1731 7903
3 7796 5003 7996
3 4819 4817 7969
3 4721 7251 7689
3 7516 4815 7567
3 6602 4292 7734
3 6366 3643 7733
3 1229 7687 7754
3 7727 4831 7749
3 152 3672 7597
3 7653 4547 7902
3 7380 2730 8012
3 7890 5707 7932
3 3459 2714 8021
3 6345 3187 7935
3 863 7890 7932
3 7611 4376 7729
3 403 7011 7543
3 7011 6005 7544
3 4564 6590 7865
3 4964 3882 7941
3 5378 7166 7416
3 6467 3901 7917
3 4756 4390 7808
3 33 34 7897
3 1111 1140 7871
3 3349 6932 7925
3 389 30 7742
3 6838 5022 7918
3 32 440 7748
3 7940 5126 7968
3 6203 4622 8007
3 4810 4483 7801
3 368 6704 7510
3 28 29 7912
3 7665 1588 7728
3 4954 4953 7815
3 4831 4832 7749
3 781 1350 7847
3 6499 3906 7732
3 7027 490 7597
3 2611 2968 7876
3 1552 1550 7836
3 6792 4872 7625
3 7990 4593 8006
3 4772 4998 7691
3 4309 7220 8034
3 1731 6389 8005
3 6064 4523 7859
3 4092 7524 7670
3 2856 2944 7967
3 6471 7611 7729
3 1285 1306 7855
3 391 7052 7908
3 4937 5703 8025
3 5245 5244 7978
3 7859 4523 7952
3 6329 2332 7854
3 7560 4338 7630
3 483 7402 7646
3 4745 7650 7810
3 3484 2618 8020
3 4992 4991 7896
3 6395 3005 7866
3 4092 6935 7524
3 4662 7028 8032
3 2841 3392 7875
3 3758 6504 7984
3 3251 7727 7749
3 7787 1552 7836
3 3103 3068 7989
3 5615 5616 8031
3 1292 1288 7943
3 7389 4461 8030
3 4093 4092 7670
3 4715 4502 7960
3 863 6329 7890
3 4459 4658 7886
3 7028 209 8032
3 4242 7186 7465
3 4615 7297 7553
3 6487 1229 7754
3 7842 6180 7891
3 6745 2048 7686
3 6516 4353 7863
3 7702 4358 7920
3 768 7516 7567
3 6835 7310 7456
3 6901 5995 7701
3 7834 6455 8026
3 2388 7693 8029
3 4491 6170 8023
3 1011 881 7934
3 4523 6203 7952
3 7140 1295 7632
3 6312 863 7932
3 177 178 7887
3 7840 6442 7921
3 1244 1235 8002
3 7678 2027 7841
3 6349 3959 7933
3 181 182 7893
3 4728 4727 7909
3 4466 6919 7582
3 399 7143 7508
3 4945 4944 7986
3 4334 7402 7498
3 5003 6403 7996
3 7315 1144 7513
3 4487 7835 7862
3 5376 7702 7920
3 3173 7504 7593
3 7351 4583 7406
3 4905 7282 7895
3 4696 4698 7883
3 6715 1621 7705
3 5573 7379 7450
3 4598 6349 8003
3 6442 3696 7921
3 7661 5959 7823
3 6810 4547 7653
3 6413 5933 7851
3 6403 5788 7996
3 6920 5420 7594
3 7987 5918 7989
3 139 140 7765
3 7235 5738 7483
3 1453 6610 7977
3 4328 7569 7673
3 6650 483 7646
3 4727 4729 8004
3 449 141 7568
3 6443 4077 7894
3 5021 7052 7918
3 5217 7576 7665
3 4711 7477 7973
3 4184 7064 7924
3 4610 7559 7640
3 1348 3166 7793
3 119 120 7884
3 2417 7853 7916
3 6329 7854 7890
3 4058 4220 7963
3 5185 5186 7988
3 4444 6980 7837
3 4358 6508 7920
3 7909 4727 8004
3 3669 6950 7712
3 5179 7087 7651
3 7952 6203 8007
3 7477 6340 7973
3 4584 4503 7870
3 7231 4541 8035
3 6882 467 7714
3 4755 363 7949
3 2417 6487 7853
3 6842 4479 7806
3 194 7015 7238
3 2493 6715 7739
3 3959 7904 7933
3 7105 4823 7620
3 442 7622 7789
3 7634 4564 7865
3 7690 6413 7851
3 7854 4445 7890
3 2556 2557 7971
3 4948 4560 7823
3 5008 7392 7646
3 2594 7013 7014
3 3051 6528 7930
3 6608 1453 7846
3 6455 6168 8026
3 6355 701 7955
3 4356 7630 7783
3 7384 3519 7475
3 7483 4734 7682
3 6456 2417 7916
3 4623 7522 7612
3 7213 7702 7703
3 6751 6342 7761
3 6788 6036 8008
3 4936 7715 7911
3 7336 7892 7948
3 6349 7933 8003
3 1410 7851 7974
3 6996 7384 7475
3 7815 4953 7961
3 2547 7616 7735
3 188 7359 7781
3 3370 6485 7951
3 5288 6519 8024
3 7764 6064 7859
3 4814 7326 7991
3 192 416 6858
3 6487 7754 7853
3 4560 7661 7823
3 7345 4653 7481
3 7702 2097 7703
3 7297 4713 7512
3 1588 6900 7728
3 6657 2691 7911
3 7544 4464 7804
3 4953 4961 7961
3 144 6647 7768
3 4507 7000 7711
3 6954 5108 7893
3 7009 6251 7684
3 4840 7392 7650
3 4489 7106 7645
3 1262 1260 7931
3 4577 7253 7662
3 7326 4815 7516
3 7715 6657 7911
3 4495 4351 7976
3 7292 5007 7548
3 4878 6322 7860
3 4351 4350 8014
3 6766 4378 7965
3 2093 7815 7961
3 7402 5008 7646
3 7419 3966 7489
3 6601 2342 8038
3 4320 7131 7664
3 7531 2595 7744
3 6908 4544 7672
3 2361 7486 7720
3 4691 7349 7555
3 3483 7205 7721
3 6185 7185 7588
3 4824 121 7922
3 2594 196 7013
3 2580 7441 7497
3 4661 7318 8037
3 197 4726 7013
3 7219 3594 7344
3 7526 4677 7628
3 5132 455 7994
3 7443 4666 7476
3 4220 7495 7963
3 4653 7274 7602
3 6670 6142 8012
3 3594 3 6818
3 4385 7011 7804
3 6715 7705 7739
3 6650 7646 7807
3 7577 4337 7782
3 5514 7472 7473
3 4547 6928 7902
3 7135 458 7874
3 412 6650 7807
3 7565 3338 7566
3 7493 7009 7684
3 6049 7625 7892
3 4330 7325 7722
3 7011 7544 7804
3 7003 4644 7770
3 7922 122 8030
3 6604 405 7885
3 488 7235 7682
3 7371 4660 7571
3 4600 7605 7753
3 7533 4554 7784
3 1122 7324 8025
3 7429 5888 7541
3 4828 3337 7844
3 7892 4872 7948
3 7279 5326 7860
3 140 449 7765
3 7044 3533 7983
3 3577 7338 7596
3 4225 7305 7704
3 3593 143 7768
3 4389 7726 7869
3 7705 4384 7739
3 1693 7420 7578
3 7360 428 7864
3 4760 7015 7717
3 7359 391 7908
3 7453 4518 7601
3 3321 7494 8009
3 7392 4840 7807
3 4461 3859 7839
3 7976 4351 8014
3 4390 7469 7758
3 197 198 4726
3 4809 7565 7566
3 7213 4358 7702
3 7323 3370 7905
3 7336 4105 7892
3 7302 4225 7704
3 7633 4572 7700
3 4464 7663 7804
3 6651 412 7957
3 4721 7681 7802
3 416 193 7238
3 6067 7463 7635
3 6989 2910 7784
3 7253 5841 7971
3 412 7807 7957
3 5903 7415 7935
3 7428 1741 7906
3 396 7145 7638
3 7365 5529 7676
3 7816 4636 8008
3 7061 4549 7953
3 7504 4320 7593
3 7271 4977 7730
3 7794 1854 8027
3 7112 421 7914
3 5064 7400 7767
3 7522 1435 7612
3 7342 4356 7783
3 4586 7698 7811
3 7392 3699 7650
3 3533 7201 7983
3 2888 7337 7722
3 7839 4824 7922
3 5314 7380 8012
3 6143 7449 7708
3 449 7568 7706
3 7383 393 7792
3 4596 7355 7976
3 4356 7560 7630
3 4976 7387 7730
3 7235 7483 7682
3 7387 4611 7730
3 7132 4829 7926
3 7125 4300 7970
3 7480 4864 7780
3 458 119 7884
3 4993 7321 7896
3 7576 1588 7665
3 7190 4468 7958
3 2 3594 7219
3 7469 4531 7713
3 3481 7336 7948
3 376 7413 7796
3 4340 7383 7792
3 7807 4840 7957
3 7359 4853 7781
3 4671 7718 7800
3 6819 447 7888
3 420 7480 7780
3 4785 7779 7901
3 7569 4720 7673
3 4570 7246 7954
3 7143 5429 8016
3 7562 1045 7743
3 7355 4495 7976
3 7487 4550 7706
3 2594 7014 7717
3 7479 1436 7942
3 7369 4715 7829
3 7669 5212 8006
3 425 7615 8006
3 4529 7531 7744
3 3897 7274 8022
3 7589 5537 7699
3 3353 7763 7972
3 3043 7599 7747
3 4944 7619 8036
3 3653 7633 7700
3 7801 1615 7919
3 5892 7538 7828
3 7015 2594 7717
3 7468 4444 7833
3 7616 4526 7735
3 5744 7577 7782
3 7773 4667 7899
3 7986 4944 8036
3 7605 4448 7753
3 7556 4901 7881
3 3620 7986 8036
3 405 7502 7885
3 7697 6751 7761
3 7585 3944 7813
3 2093 7586 7815
3 7494 4617 8009
3 7713 672 7758
3 7469 7713 7758
3 455 7391 7994
3 423 7766 7968
3 4829 7844 7926
3 5202 7697 7761
3 7508 7143 8016
3 7681 1960 7802
3 7391 4969 7994
3 4510 7557 7937
3 7554 1414 7992
3 5940 7769 7835
3 7698 3751 7811
3 7718 4442 7800
3 4853 7359 7908
3 4825 7678 7841
3 7565 4809 7981
3 7507 4798 7980
3 4606 7584 7927
3 7625 4872 7892
3 4450 7564 7959
3 7769 2583 7835
3 7636 5432 8002
3 7615 4235 7990
3 7726 5358 7869
3 7656 3322 7938
3 6604 7885 7998
3 4593 7669 8006
3 5819 7773 7899
3 7779 4646 7901
3 7945 3334 7981
3 7719 4832 7966
3 7885 5061 7998
3 4810 7801 7919
3 5359 7726 7970
3 5920 7891 7946
3 4807 7945 7981
3 4461 7839 7922
3 7766 5213 7968
3 7693 4958 8029
3 7891 3103 7946
3 4461 7922 8030
3 5033 7794 8027
3 4486 7816 8008
3 7672 4544 8032
3 8016 5429 8017
3 5047 8016 8017
3 198 211 4726
3 0 1 7219
3 145 146 3837
3 147 201 3337
3 153 209 3672
3 210 154 7480
3 420 210 7480

CELL_TYPES 16277
1
1
1
1
1
1
1
1
1
1
1
1
1
1
1
1
1
1
1
1
1
1
1
1
1
1
1
1
1
1
1
1
1
1
1
1
1
1
1
1
1
1
1
1
1
1
1
1
1
1
1
1
1
1
1
1
1
1
1
1
1
1
1
1
1
1
1
1
1
1
1
1
1
1
1
1
1
1
1
1
1
1
1
1
1
1
1
1
1
1
1
1
1
1
1
1
1
1
1
1
1
1
1
1
1
1
1
1
1
1
1
1
1
1
1
1
1
1
1
1
1
1
1
1
1
1
1
1
1
1
1
1
1
1
1
1
1
1
1
1
1
1
1
1
1
1
1
1
1
1
1
1
1
1
1
1
1
1
1
1
1
1
1
1
1
1
1
1
1
1
1
1
1
1
1
1
1
1
1
1
1
1
1
1
1
1
1
1
1
1
1
1
1
1
1
1
1
1
1
1
1
3
3
3
3
3
3
3
3
3
3
3
3
3
3
3
3
3
3
3
3
3
3
3
3
3
3
3
3
3
3
3
3
3
3
3
3
3
3
3
3
3
3
3
3
3
3
3
3
3
3
3
3
3
3
3
3
3
3
3
3
3
3
3
3
3
3
3
3
3
3
3
3
3
3
3
3
3
3
3
3
3
3
3
3
3
3
3
3
3
3
3
3
3
3
3
3
3
3
3
3
3
3
3
3
3
3
3
3
3
3
3
3
3
3
3
3
3
3
3
3
3
3
3
3
3
3
3
3
3
3
3
3
3
3
3
3
3
3
3
3
3
3
3
3
3
3
3
3
3
3
3
3
3
3
3
3
3
3
3
3
3
3
3
3
3
3
3
3
3
3
3
3
3
3
3
3
3
3
3
3
3
3
3
3
3
3
3
3
3
3
3
3
3
3
3
3
3
3
3
3
3
3
3
3
3
3
3
3
3
3
3
3
3
3
3
3
3
3
3
3
3
3
3
3
3
3
3
3
3
3
3
3
3
3
3
3
3
3
3
3
3
3
3
3
3
3
3
3
3
3
3
3
3
3
3
3
3
3
3
3
3
3
3
3
3
3
3
3
3
3
3
3
3
3
3
3
3
3
3
3
3
3
3
3
3
3
3
3
3
3
3
3
3
3
3
3
3
3
3
3
3
3
3
3
3
3
3
3
3
3
3
3
3
3
3
3
3
3
3
3
3
3
3
3
3
3
3
3
3
3
3
3
3
3
3
3
3
3
3
3
3
3
3
3
3
3
3
3
3
3
3
3
3
3
3
3
3
3
3
3
3
3
5
5
5
5
5
5
5
5
5
5
5
5
5
5
5
5
5
5
5
5
5
5
5
5
5
5
5
5
5
5
5
5
5
5
5
5
5
5
5
5
5
5
5
5
5
5
5
5
5
5
5
5
5
5
5
5
5
5
5
5
5
5
5
5
5
5
5
5
5
5
5
5
5
5
5
5
5
5
5
5
5
5
5
5
5
5
5
5
5
5
5
5
5
5
5
5
5
5
5
5
5
5
5
5
5
5
5
5
5
5
5
5
5
5
5
5
5
5
5
5
5
5
5
5
5
5
5
5
5
5
5
5
5
5
5
5
5
5
5
5
5
5
5
5
5
5
5
5
5
5
5
5
5
5
5
5
5
5
5
5
5
5
5
5
5
5
5
5
5
5
5
5
5
5
5
5
5
5
5
5
5
5
5
5
5
5
5
5
5
5
5
5
5
5
5
5
5
5
5
5
5
5
5
5
5
5
5
5
5
5
5
5
5
5
5
5
5
5
5
5
5
5
5
5
5
5
5
5
5
5
5
5
5
5
5
5
5
5
5
5
5
5
5
5
5
5
5
5
5
5
5
5
5
5
5
5
5
5
5
5
5
5
5
5
5
5
5
5
5
5
5
5
5
5
5
5
5
5
5
5
5
5
5
5
5
5
5
5
5
5
5
5
5
5
5
5
5
5
5
5
5
5
5
5
5
5
5
5
5
5
5
5
5
5
5
5
5
5
5
5
5
5
5
5
5
5
5
5
5
5
5
5
5
5
5
5
5
5
5
5
5
5
5
5
5
5
5
5
5
5
5
5
5
5
5
5
5
5
5
5
5
5
5
5
5
5
5
5
5
5
5
5
5
5
5
5
5
5
5
5
5
5
5
5
5
5
5
5
5
5
5
5
5
5
5
5
5
5
5
5
5
5
5
5
5
5
5
5
5
5
5
5
5
5
5
5
5
5
5
5
5
5
5
5
5
5
5
5
5
5
5
5
5
5
5
5
5
5
5
5
5
5
5
5
5
5
5
5
5
5
5
5
5
5
5
5
5
5
5
5
5
5
5
5
5
5
5
5
5
5
5
5
5
5
5
5
5
5
5
5
5
5
5
5
5
5
5
5
5
5
5
5
5
5
5
5
5
5
5
5
5
5
5
5
5
5
5
5
5
5
5
5
5
5
5
5
5
5
5
5
5
5
5
5
5
5
5
5
5
5
5
5
5
5
5
5
5
5
5
5
5
5
5
5
5
5
5
5
5
5
5
5
5
5
5
5
5
5
5
5
5
5
5
5
5
5
5
5
5
5
5
5
5
5
5
5
5
5
5
5
5
5
5
5
5
5
5
5
5
5
5
5
5
5
5
5
5
5
5
5
5
5
5
5
5
5
5
5
5
5
5
5
5
5
5
5
5
5
5
5
5
5
5
5
5
5
5
5
5
5
5
5
5
5
5
5
5
5
5
5
5
5
5
5
5
5
5
5
5
5
5
5
5
5
5
5
5
5
5
5
5
5
5
5
5
5
5
5
5
5
5
5
5
5
5
5
5
5
5
5
5
5
5
5
5
5
5
5
5
5
5
5
5
5
5
5
5
5
5
5
5
5
5
5
5
5
5
5
5
5
5
5
5
5
5
5
5
5
5
5
5
5
5
5
5
5
5
5
5
5
5
5
5
5
5
5
5
5
5
5
5
5
5
5
5
5
5
5
5
5
5
5
5
5
5
5
5
5
5
5
5
5
5
5
5
5
5
5
5
5
5
5
5
5
5
5
5
5
5
5
5
5
5
5
5
5
5
5
5
5
5
5
5
5
5
5
5
5
5
5
5
5
5
5
5
5
5
5
5
5
5
5
5
5
5
5
5
5
5
5
5
5
5
5
5
5
5
5
5
5
5
5
5
5
5
5
5
5
5
5
5
5
5
5
5
5
5
5
5
5
5
5
5
5
5
5
5
5
5
5
5
5
5
5
5
5
5
5
5
5
5
5
5
5
5
5
5
5
5
5
5
5
5
5
5
5
5
5
5
5
5
5
5
5
5
5
5
5
5
5
5
5
5
5
5
5
5
5
5
5
5
5
5
5
5
5
5
5
5
5
5
5
5
5
5
5
5
5
5
5
5
5
5
5
5
5
5
5
5
5
5
5
5
5
5
5
5
5
5
5
5
5
5
5
5
5
5
5
5
5
5
5
5
5
5
5
5
5
5
5
5
5
5
5
5
5
5
5
5
5
5
5
5
5
5
5
5
5
5
5
5
5
5
5
5
5
5
5
5
5
5
5
5
5
5
5
5
5
5
5
5
5
5
5
5
5
5
5
5
5
5
5
5
5
5
5
5
5
5
5
5
5
5
5
5
5
5
5
5
5
5
5
5
5
5
5
5
5
5
5
5
5
5
5
5
5
5
5
5
5
5
5
5
5
5
5
5
5
5
5
5
5
5
5
5
5
5
5
5
5
5
5
5
5
5
5
5
5
5
5
5
5
5
5
5
5
5
5
5
5
5
5
5
5
5
5
5
5
5
5
5
5
5
5
5
5
5
5
5
5
5
5
5
5
5
5
5
5
5
5
5
5
5
5
5
5
5
5
5
5
5
5
5
5
5
5
5
5
5
5
5
5
5
5
5
5
5
5
5
5
5
5
5
5
5
5
5
5
5
5
5
5
5
5
5
5
5
5
5
5
5
5
5
5
5
5
5
5
5
5
5
5
5
5
5
5
5
5
5
5
5
5
5
5
5
5
5
5
5
5
5
5
5
5
5
5
5
5
5
5
5
5
5
5
5
5
5
5
5
5
5
5
5
5
5
5
5
5
5
5
5
5
5
5
5
5
5
5
5
5
5
5
5
5
5
5
5
5
5
5
5
5
5
5
5
5
5
5
5
5
5
5
5
5
5
5
5
5
5
5
5
5
5
5
5
5
5
5
5
5
5
5
5
5
5
5
5
5
5
5
5
5
5
5
5
5
5
5
5
5
5
5
5
5
5
5
5
5
5
5
5
5
5
5
5
5
5
5
5
5
5
5
5
5
5
5
5
5
5
5
5
5
5
5
5
5
5
5
5
5
5
5
5
5
5
5
5
5
5
5
5
5
5
5
5
5
5
5
5
5
5
5
5
5
5
5
5
5
5
5
5
5
5
5
5
5
5
5
5
5
5
5
5
5
5
5
5
5
5
5
5
5
5
5
5
5
5
5
5
5
5
5
5
5
5
5
5
5
5
5
5
5
5
5
5
5
5
5
5
5
5
5
5
5
5
5
5
5
5
5
5
5
5
5
5
5
5
5
5
5
5
5
5
5
5
5
5
5
5
5
5
5
5
5
5
5
5
5
5
5
5
5
5
5
5
5
5
5
5
5
5
5
5
5
5
5
5
5
5
5
5
5
5
5
5
5
5
5
5
5
5
5
5
5
5
5
5
5
5
5
5
5
5
5
5
5
5
5
5
5
5
5
5
5
5
5
5
5
5
5
5
5
5
5
5
5
5
5
5
5
5
5
5
5
5
5
5
5
5
5
5
5
5
5
5
5
5
5
5
5
5
5
5
5
5
5
5
5
5
5
5
5
5
5
5
5
5
5
5
5
5
5
5
5
5
5
5
5
5
5
5
5
5
5
5
5
5
5
5
5
5
5
5
5
5
5
5
5
5
5
5
5
5
5
5
5
5
5
5
5
5
5
5
5
5
5
5
5
5
5
5
5
5
5
5
5
5
5
5
5
5
5
5
5
5
5
5
5
5
5
5
5
5
5
5
5
5
5
5
5
5
5
5
5
5
5
5
5
5
5
5
5
5
5
5
5
5
5
5
5
5
5
5
5
5
5
5
5
5
5
5
5
5
5
5
5
5
5
5
5
5
5
5
5
5
5
5
5
5
5
5
5
5
5
5
5
5
5
5
5
5
5
5
5
5
5
5
5
5
5
5
5
5
5
5
5
5
5
5
5
5
5
5
5
5
5
5
5
5
5
5
5
5
5
5
5
5
5
5
5
5
5
5
5
5
5
5
5
5
5
5
5
5
5
5
5
5
5
5
5
5
5
5
5
5
5
5
5
5
5
5
5
5
5
5
5
5
5
5
5
5
5
5
5
5
5
5
5
5
5
5
5
5
5
5
5
5
5
5
5
5
5
5
5
5
5
5
5
5
5
5
5
5
5
5
5
5
5
5
5
5
5
5
5
5
5
5
5
5
5
5
5
5
5
5
5
5
5
5
5
5
5
5
5
5
5
5
5
5
5
5
5
5
5
5
5
5
5
5
5
5
5
5
5
5
5
5
5
5
5
5
5
5
5
5
5
5
5
5
5
5
5
5
5
5
5
5
5
5
5
5
5
5
5
5
5
5
5
5
5
5
5
5
5
5
5
5
5
5
5
5
5
5
5
5
5
5
5
5
5
5
5
5
5
5
5
5
5
5
5
5
5
5
5
5
5
5
5
5
5
5
5
5
5
5
5
5
5
5
5
5
5
5
5
5
5
5
5
5
5
5
5
5
5
5
5
5
5
5
5
5
5
5
5
5
5
5
5
5
5
5
5
5
5
5
5
5
5
5
5
5
5
5
5
5
5
5
5
5
5
5
5
5
5
5
5
5
5
5
5
5
5
5
5
5
5
5
5
5
5
5
5
5
5
5
5
5
5
5
5
5
5
5
5
5
5
5
5
5
5
5
5
5
5
5
5
5
5
5
5
5
5
5
5
5
5
5
5
5
5
5
5
5
5
5
5
5
5
5
5
5
5
5
5
5
5
5
5
5
5
5
5
5
5
5
5
5
5
5
5
5
5
5
5
5
5
5
5
5
5
5
5
5
5
5
5
5
5
5
5
5
5
5
5
5
5
5
5
5
5
5
5
5
5
5
5
5
5
5
5
5
5
5
5
5
5
5
5
5
5
5
5
5
5
5
5
5
5
5
5
5
5
5
5
5
5
5
5
5
5
5
5
5
5
5
5
5
5
5
5
5
5
5
5
5
5
5
5
5
5
5
5
5
5
5
5
5
5
5
5
5
5
5
5
5
5
5
5
5
5
5
5
5
5
5
5
5
5
5
5
5
5
5
5
5
5
5
5
5
5
5
5
5
5
5
5
5
5
5
5
5
5
5
5
5
5
5
5
5
5
5
5
5
5
5
5
5
5
5
5
5
5
5
5
5
5
5
5
5
5
5
5
5
5
5
5
5
5
5
5
5
5
5
5
5
5
5
5
5
5
5
5
5
5
5
5
5
5
5
5
5
5
5
5
5
5
5
5
5
5
5
5
5
5
5
5
5
5
5
5
5
5
5
5
5
5
5
5
5
5
5
5
5
5
5
5
5
5
5
5
5
5
5
5
5
5
5
5
5
5
5
5
5
5
5
5
5
5
5
5
5
5
5
5
5
5
5
5
5
5
5
5
5
5
5
5
5
5
5
5
5
5
5
5
5
5
5
5
5
5
5
5
5
5
5
5
5
5
5
5
5
5
5
5
5
5
5
5
5
5
5
5
5
5
5
5
5
5
5
5
5
5
5
5
5
5
5
5
5
5
5
5
5
5
5
5
5
5
5
5
5
5
5
5
5
5
5
5
5
5
5
5
5
5
5
5
5
5
5
5
5
5
5
5
5
5
5
5
5
5
5
5
5
5
5
5
5
5
5
5
5
5
5
5
5
5
5
5
5
5
5
5
5
5
5
5
5
5
5
5
5
5
5
5
5
5
5
5
5
5
5
5
5
5
5
5
5
5
5
5
5
5
5
5
5
5
5
5
5
5
5
5
5
5
5
5
5
5
5
5
5
5
5
5
5
5
5
5
5
5
5
5
5
5
5
5
5
5
5
5
5
5
5
5
5
5
5
5
5
5
5
5
5
5
5
5
5
5
5
5
5
5
5
5
5
5
5
5
5
5
5
5
5
5
5
5
5
5
5
5
5
5
5
5
5
5
5
5
5
5
5
5
5
5
5
5
5
5
5
5
5
5
5
5
5
5
5
5
5
5
5
5
5
5
5
5
5
5
5
5
5
5
5
5
5
5
5
5
5
5
5
5
5
5
5
5
5
5
5
5
5
5
5
5
5
5
5
5
5
5
5
5
5
5
5
5
5
5
5
5
5
5
5
5
5
5
5
5
5
5
5
5
5
5
5
5
5
5
5
5
5
5
5
5
5
5
5
5
5
5
5
5
5
5
5
5
5
5
5
5
5
5
5
5
5
5
5
5
5
5
5
5
5
5
5
5
5
5
5
5
5
5
5
5
5
5
5
5
5
5
5
5
5
5
5
5
5
5
5
5
5
5
5
5
5
5
5
5
5
5
5
5
5
5
5
5
5
5
5
5
5
5
5
5
5
5
5
5
5
5
5
5
5
5
5
5
5
5
5
5
5
5
5
5
5
5
5
5
5
5
5
5
5
5
5
5
5
5
5
5
5
5
5
5
5
5
5
5
5
5
5
5
5
5
5
5
5
5
5
5
5
5
5
5
5
5
5
5
5
5
5
5
5
5
5
5
5
5
5
5
5
5
5
5
5
5
5
5
5
5
5
5
5
5
5
5
5
5
5
5
5
5
5
5
5
5
5
5
5
5
5
5
5
5
5
5
5
5
5
5
5
5
5
5
5
5
5
5
5
5
5
5
5
5
5
5
5
5
5
5
5
5
5
5
5
5
5
5
5
5
5
5
5
5
5
5
5
5
5
5
5
5
5
5
5
5
5
5
5
5
5
5
5
5
5
5
5
5
5
5
5
5
5
5
5
5
5
5
5
5
5
5
5
5
5
5
5
5
5
5
5
5
5
5
5
5
5
5
5
5
5
5
5
5
5
5
5
5
5
5
5
5
5
5
5
5
5
5
5
5
5
5
5
5
5
5
5
5
5
5
5
5
5
5
5
5
5
5
5
5
5
5
5
5
5
5
5
5
5
5
5
5
5
5
5
5
5
5
5
5
5
5
5
5
5
5
5
5
5
5
5
5
5
5
5
5
5
5
5
5
5
5
5
5
5
5
5
5
5
5
5
5
5
5
5
5
5
5
5
5
5
5
5
5
5
5
5
5
5
5
5
5
5
5
5
5
5
5
5
5
5
5
5
5
5
5
5
5
5
5
5
5
5
5
5
5
5
5
5
5
5
5
5
5
5
5
5
5
5
5
5
5
5
5
5
5
5
5
5
5
5
5
5
5
5
5
5
5
5
5
5
5
5
5
5
5
5
5
5
5
5
5
5
5
5
5
5
5
5
5
5
5
5
5
5
5
5
5
5
5
5
5
5
5
5
5
5
5
5
5
5
5
5
5
5
5
5
5
5
5
5
5
5
5
5
5
5
5
5
5
5
5
5
5
5
5
5
5
5
5
5
5
5
5
5
5
5
5
5
5
5
5
5
5
5
5
5
5
5
5
5
5
5
5
5
5
5
5
5
5
5
5
5
5
5
5
5
5
5
5
5
5
5
5
5
5
5
5
5
5
5
5
5
5
5
5
5
5
5
5
5
5
5
5
5
5
5
5
5
5
5
5
5
5
5
5
5
5
5
5
5
5
5
5
5
5
5
5
5
5
5
5
5
5
5
5
5
5
5
5
5
5
5
5
5
5
5
5
5
5
5
5
5
5
5
5
5
5
5
5
5
5
5
5
5
5
5
5
5
5
5
5
5
5
5
5
5
5
5
5
5
5
5
5
5
5
5
5
5
5
5
5
5
5
5
5
5
5
5
5
5
5
5
5
5
5
5
5
5
5
5
5
5
5
5
5
5
5
5
5
5
5
5
5
5
5
5
5
5
5
5
5
5
5
5
5
5
5
5
5
5
5
5
5
5
5
5
5
5
5
5
5
5
5
5
5
5
5
5
5
5
5
5
5
5
5
5
5
5
5
5
5
5
5
5
5
5
5
5
5
5
5
5
5
5
5
5
5
5
5
5
5
5
5
5
5
5
5
5
5
5
5
5
5
5
5
5
5
5
5
5
5
5
5
5
5
5
5
5
5
5
5
5
5
5
5
5
5
5
5
5
5
5
5
5
5
5
5
5
5
5
5
5
5
5
5
5
5
5
5
5
5
5
5
5
5
5
5
5
5
5
5
5
5
5
5
5
5
5
5
5
5
5
5
5
5
5
5
5
5
5
5
5
5
5
5
5
5
5
5
5
5
5
5
5
5
5
5
5
5
5
5
5
5
5
5
5
5
5
5
5
5
5
5
5
5
5
5
5
5
5
5
5
5
5
5
5
5
5
5
5
5
5
5
5
5
5
5
5
5
5
5
5
5
5
5
5
5
5
5
5
5
5
5
5
5
5
5
5
5
5
5
5
5
5
5
5
5
5
5
5
5
5
5
5
5
5
5
5
5
5
5
5
5
5
5
5
5
5
5
5
5
5
5
5
5
5
5
5
5
5
5
5
5
5
5
5
5
5
5
5
5
5
5
5
5
5
5
5
5
5
5
5
5
5
5
5
5
5
5
5
5
5
5
5
5
5
5
5
5
5
5
5
5
5
5
5
5
5
5
5
5
5
5
5
5
5
5
5
5
5
5
5
5
5
5
5
5
5
5
5
5
5
5
5
5
5
5
5
5
5
5
5
5
5
5
5
5
5
5
5
5
5
5
5
5
5
5
5
5
5
5
5
5
5
5
5
5
5
5
5
5
5
5
5
5
5
5
5
5
5
5
5
5
5
5
5
5
5
5
5
5
5
5
5
5
5
5
5
5
5
5
5
5
5
5
5
5
5
5
5
5
5
5
5
5
5
5
5
5
5
5
5
5
5
5
5
5
5
5
5
5
5
5
5
5
5
5
5
5
5
5
5
5
5
5
5
5
5
5
5
5
5
5
5
5
5
5
5
5
5
5
5
5
5
5
5
5
5
5
5
5
5
5
5
5
5
5
5
5
5
5
5
5
5
5
5
5
5
5
5
5
5
5
5
5
5
5
5
5
5
5
5
5
5
5
5
5
5
5
5
5
5
5
5
5
5
5
5
5
5
5
5
5
5
5
5
5
5
5
5
5
5
5
5
5
5
5
5
5
5
5
5
5
5
5
5
5
5
5
5
5
5
5
5
5
5
5
5
5
5
5
5
5
5
5
5
5
5
5
5
5
5
5
5
5
5
5
5
5
5
5
5
5
5
5
5
5
5
5
5
5
5
5
5
5
5
5
5
5
5
5
5
5
5
5
5
5
5
5
5
5
5
5
5
5
5
5
5
5
5
5
5
5
5
5
5
5
5
5
5
5
5
5
5
5
5
5
5
5
5
5
5
5
5
5
5
5
5
5
5
5
5
5
5
5
5
5
5
5
5
5
5
5
5
5
5
5
5
5
5
5
5
5
5
5
5
5
5
5
5
5
5
5
5
5
5
5
5
5
5
5
5
5
5
5
5
5
5
5
5
5
5
5
5
5
5
5
5
5
5
5
5
5
5
5
5
5
5
5
5
5
5
5
5
5
5
5
5
5
5
5
5
5
5
5
5
5
5
5
5
5
5
5
5
5
5
5
5
5
5
5
5
5
5
5
5
5
5
5
5
5
5
5
5
5
5
5
5
5
5
5
5
5
5
5
5
5
5
5
5
5
5
5
5
5
5
5
5
5
5
5
5
5
5
5
5
5
5
5
5
5
5
5
5
5
5
5
5
5
5
5
5
5
5
5
5
5
5
5
5
5
5
5
5
5
5
5
5
5
5
5
5
5
5
5
5
5
5
5
5
5
5
5
5
5
5
5
5
5
5
5
5
5
5
5
5
5
5
5
5
5
5
5
5
5
5
5
5
5
5
5
5
5
5
5
5
5
5
5
5
5
5
5
5
5
5
5
5
5
5
5
5
5
5
5
5
5
5
5
5
5
5
5
5
5
5
5
5
5
5
5
5
5
5
5
5
5
5
5
5
5
5
5
5
5
5
5
5
5
5
5
5
5
5
5
5
5
5
5
5
5
5
5
5
5
5
5
5
5
5
5
5
5
5
5
5
5
5
5
5
5
5
5
5
5
5
5
5
5
5
5
5
5
5
5
5
5
5
5
5
5
5
5
5
5
5
5
5
5
5
5
5
5
5
5
5
5
5
5
5
5
5
5
5
5
5
5
5
5
5
5
5
5
5
5
5
5
5
5
5
5
5
5
5
5
5
5
5
5
5
5
5
5
5
5
5
5
5
5
5
5
5
5
5
5
5
5
5
5
5
5
5
5
5
5
5
5
5
5
5
5
5
5
5
5
5
5
5
5
5
5
5
5
5
5
5
5
5
5
5
5
5
5
5
5
5
5
5
5
5
5
5
5
5
5
5
5
5
5
5
5
5
5
5
5
5
5
5
5
5
5
5
5
5
5
5
5
5
5
5
5
5
5
5
5
5
5
5
5
5
5
5
5
5
5
5
5
5
5
5
5
5
5
5
5
5
5
5
5
5
5
5
5
5
5
5
5
5
5
5
5
5
5
5
5
5
5
5
5
5
5
5
5
5
5
5
5
5
5
5
5
5
5
5
5
5
5
5
5
5
5
5
5
5
5
5
5
5
5
5
5
5
5
5
5
5
5
5
5
5
5
5
5
5
5
5
5
5
5
5
5
5
5
5
5
5
5
5
5
5
5
5
5
5
5
5
5
5
5
5
5
5
5
5
5
5
5
5
5
5
5
5
5
5
5
5
5
5
5
5
5
5
5
5
5
5
5
5
5
5
5
5
5
5
5
5
5
5
5
5
5
5
5
5
5
5
5
5
5
5
5
5
5
5
5
5
5
5
5
5
5
5
5
5
5
5
5
5
5
5
5
5
5
5
5
5
5
5
5
5
5
5
5
5
5
5
5
5
5
5
5
5
5
5
5
5
5
5
5
5
5
5
5
5
5
5
5
5
5
5
5
5
5
5
5
5
5
5
5
5
5
5
5
5
5
5
5
5
5
5
5
5
5
5
5
5
5
5
5
5
5
5
5
5
5
5
5
5
5
5
5
5
5
5
5
5
5
5
5
5
5
5
5
5
5
5
5
5
5
5
5
5
5
5
5
5
5
5
5
5
5
5
5
5
5
5
5
5
5
5
5
5
5
5
5
5
5
5
5
5
5
5
5
5
5
5
5
5
5
5
5
5
5
5
5
5
5
5
5
5
5
5
5
5
5
5
5
5
5
5
5
5
5
5
5
5
5
5
5
5
5
5
5
5
5
5
5
5
5
5
5
5
5
5
5
5
5
5
5
5
5
5
5
5
5
5
5
5
5
5
5
5
5
5
5
5
5
5
5
5
5
5
5
5
5
5
5
5
5
5
5
5
5
5
5
5
5
5
5
5
5
5
5
5
5
5
5
5
5
5
5
5
5
5
5
5
5
5
5
5
5
5
5
5
5
5
5
5
5
5
5
5
5
5
5
5
5
5
5
5
5
5
5
5
5
5
5
5
5
5
5
5
5
5
5
5
5
5
5
5
5
5
5
5
5
5
5
5
5
5
5
5
5
5
5
5
5
5
5
5
5
5
5
5
5
5
5
5
5
5
5
5
5
5
5
5
5
5
5
5
5
5
5
5
5
5
5
5
5
5
5
5
5
5
5
5
5
5
5
5
5
5
5
5
5
5
5
5
5
5
5
5
5
5
5
5
5
5
5
5
5
5
5
5
5
5
5
5
5
5
5
5
5
5
5
5
5
5
5
5
5
5
5
5
5
5
5
5
5
5
5
5
5
5
5
5
5
5
5
5
5
5
5
5
5
5
5
5
5
5
5
5
5
5
5
5
5
5
5
5
5
5
5
5
5
5
5
5
5
5
5
5
5
5
5
5
5
5
5
5
5
5
5
5
5
5
5
5
5
5
5
5
5
5
5
5
5
5
5
5
5
5
5
5
5
5
5
5
5
5
5
5
5
5
5
5
5
5
5
5
5
5
5
5
5
5
5
5
5
5
5
5
5
5
5
5
5
5
5
5
5
5
5
5
5
5
5
5
5
5
5
5
5
5
5
5
5
5
5
5
5
5
5
5
5
5
5
5
5
5
5
5
5
5
5
5
5
5
5
5
5
5
5
5
5
5
5
5
5
5
5
5
5
5
5
5
5
5
5
5
5
5
5
5
5
5
5
5
5
5
5
5
5
5
5
5
5
5
5
5
5
5
5
5
5
5
5
5
5
5
5
5
5
5
5
5
5
5
5
5
5
5
5
5
5
5
5
5
5
5
5
5
5
5
5
5
5
5
5
5
5
5
5
5
5
5
5
5
5
5
5
5
5
5
5
5
5
5
5
5
5
5
5
5
5
5
5
5
5
5
5
5
5
5
5
5
5
5
5
5
5
5
5
5
5
5
5
5
5
5
5
5
5
5
5
5
5
5
5
5
5
5
5
5
5
5
5
5
5
5
5
5
5
5
5
5
5
5
5
5
5
5
5
5
5
5
5
5
5
5
5
5
5
5
5
5
5
5
5
5
5
5
5
5
5
5
5
5
5
5
5
5
5
5
5
5
5
5
5
5
5
5
5
5
5
5
5
5
5
5
5
5
5
5
5
5
5
5
5
5
5
5
5
5
5
5
5
5
5
5
5
5
5
5
5
5
5
5
5
5
5
5
5
5
5
5
5
5
5
5
5
5
5
5
5
5
5
5
5
5
5
5
5
5
5
5
5
5
5
5
5
5
5
5
5
5
5
5
5
5
5
5
5
5
5
5
5
5
5
5
5
5
5
5
5
5
5
5
5
5
5
5
5
5
5
5
5
5
5
5
5
5
5
5
5
5
5
5
5
5
5
5
5
5
5
5
5
5
5
5
5
5
5
5
5
5
5
5
5
5
5
5
5
5
5
5
5
5
5
5
5
5
5
5
5
5
5
5
5
5
5
5
5
5
5
5
5
5
5
5
5
5
5
5
5
5
5
5
5
5
5
5
5
5
5
5
5
5
5
5
5
5
5
5
5
5
5
5
5
5
5
5
5
5
5
5
5
5
5
5
5
5
5
5
5
5
5
5
5
5
5
5
5
5
5
5
5
5
5
5
5
5
5
5
5
5
5
5
5
5
5
5
5
5
5
5
5
5
5
5
5
5
5
5
5
5
5
5
5
5
5
5
5
5
5
5
5
5
5
5
5
5
5
5
5
5
5
5
5
5
5
5
5
5
5
5
5
5
5
5
5
5
5
5
5
5
5
5
5
5
5
5
5
5
5
5
5
5
5
5
5
5
5
5
5
5
5
5
5
5
5
5
5
5
5
5
5
5
5
5
5
5
5
5
5
5
5
5
5
5
5
5
5
5
5
5
5
5
5
5
5
5
5
5
5
5
5
5
5
5
5
5
5
5
5
5
5
5
5
5
5
5
5
5
5
5
5
5
5
5
5
5
5
5
5
5
5
5
5
5
5
5
5
5
5
5
5
5
5
5
5
5
5
5
5
5
5
5
5
5
5
5
5
5
5
5
5
5
5
5
5
5
5
5
5
5
5
5
5
5
5
5
5
5
5
5
5
5
5
5
5
5
5
5
5
5
5
5
5
5
5
5
5
5
5
5
5
5
5
5
5
5
5
5
5
5
5
5
5
5
5
5
5
5
5
5
5
5
5
5
5
5
5
5
5
5
5
5
5
5
5
5
5
5
5
5
5
5
5
5
5
5
5
5
5
5
5
5
5
5
5
5
5
5
5
5
5
5
5
5
5
5
5
5
5
5
5
5
5
5
5
5
5
5
5
5
5
5
5
5
5
5
5
5
5
5
5
5
5
5
5
5
5
5
5
5
5
5
5
5
5
5
5
5
5
5
5
5
5
5
5
5
5
5
5
5
5
5
5
5
5
5
5
5
5
5
5
5
5
5
5
5
5
5
5
5
5
5
5
5
5
5
5
5
5
5
5
5
5
5
5
5
5
5
5
5
5
5
5
5
5
5
5
5
5
5
5
5
5
5
5
5
5
5
5
5
5
5
5
5
5
5
5
5
5
5
5
5
5
5
5
5
5
5
5
5
5
5
5
5
5
5
5
5
5
5
5
5
5
5
5
5
5
5
5
5
5
5
5
5
5
5
5
5
5
5
5
5
5
5
5
5
5
5
5
5
5
5
5
5
5
5
5
5
5
5
5
5
5
5
5
5
5
5
5
5
5
5
5
5
5
5
5
5
5
5
5
5
5
5
5
5
5
5
5
5
5
5
5
5
5
5
5
5
5
5
5
5
5
5
5
5
5
5
5
5
5
5
5
5
5
5
5
5
5
5
5
5
5
5
5
5
5
5
5
5
5
5
5
5
5
5
5
5
5
5
5
5
5
5
5
5
5
5
5
5
5
5
5
5
5
5
5
5
5
5
5
5
5
5
5
5
5
5
5
5
5
5
5
5
5
5
5
5
5
5
5
5
5
5
5
5
5
5
5
5
5
5
5
5
5
5
5
5
5
5
5
5
5
5
5
5
5
5
5
5
5
5
5
5
5
5
5
5
5
5
5
5
5
5
5
5
5
5
5
5
5
5
5
5
5
5
5
5
5
5
5
5
5
5
5
5
5
5
5
5
5
5
5
5
5
5
5
5
5
5
5
5
5
5
5
5
5
5
5
5
5
5
5
5
5
5
5
5
5
5
5
5
5
5
5
5
5
5
5
5
5
5
5
5
5
5
5
5
5
5
5
5
5
5
5
5
5
5
5
5
5
5
5
5
5
5
5
5
5
5
5
5
5
5
5
5
5
5
5
5
5
5
5
5
5
5
5
5
5
5
5
5
5
5
5
5
5
5
5
5
5
5
5
5
5
5
5
5
5
5
5
5
5
5
5
5
5
5
5
5
5
5
5
5
5
5
5
5
5
5
5
5
5
5
5
5
5
5
5
5
5
5
5
5
5
5
5
5
5
5
5
5
5
5
5
5
5
5
5
5
5
5
5
5
5
5
5
5
5
5
5
5
5
5
5
5
5
5
5
5
5
5
5
5
5
5
5
5
5
5
5
5
5
5
5
5
5
5
5
5
5
5
5
5
5
5
5
5
5
5
5
5
5
5
5
5
5
5
5
5
5
5
5
5
5
5
5
5
5
5
5
5
5
5
5
5
5
5
5
5
5
5
5
5
5
5
5
5
5
5
5
5
5
5
5
5
5
5
5
5
5
5
5
5
5
5
5
5
5
5
5
5
5
5
5
5
5
5
5
5
5
5
5
5
5
5
5
5
5
5
5
5
5
5
5
5
5
5
5
5
5
5
5
5
5
5
5
5
5
5
5
5
5
5
5
5
5
5
5
5
5
5
5
5
5
5
5
5
5
5
5
5
5
5
5
5
5
5
5
5
5
5
5
5
5
5
5
5
5
5
5
5
5
5
5
5
5
5
5
5
5
5
5
5
5
5
5
5
5
5
5
5
5
5
5
5
5
5
5
5
5
5
5
5
5
5
5
5
5
5
5
5
5
5
5
5
5
5
5
5
5
5
5
5
5
5
5
5
5
5
5
5
5
5
5
5
5
5
5
5
5
5
5
5
5
5
5
5
5
5
5
5
5
5
5
5
5
5
5
5
5
5
5
5
5
5
5
5
5
5
5
5
5
5
5
5
5
5
5
5
5
5
5
5
5
5
5
5
5
5
5
5
5
5
5
5
5
5
5
5
5
5
5
5
5
5
5
5
5
5
5
5
5
5
5
5
5
5
5
5
5
5
5
5
5
5
5
5
5
5
5
5
5
5
5
5
5
5
5
5
5
5
5
5
5
5
5
5
5
5
5
5
5
5
5
5
5
5
5
5
5
5
5
5
5
5
5
5
5
5
5
5
5
5
5
5
5
5
5
5
5
5
5
5
5
5
5
5
5
5
5
5
5
5
5
5
5
5
5
5
5
5
5
5
5
5
5
5
5
5
5
5
5
5
5
5
5
5
5
5
5
5
5
5
5
5
5
5
5
5
5
5
5
5
5
5
5
5
5
5
5
5
5
5
5
5
5
5
5
5
5
5
5
5
5
5
5
5
5
5
5
5
5
5
5
5
5
5
5
5
5
5
5
5
5
5
5
5
5
5
5
5
5
5
5
5
5
5
5
5
5
5
5
5
5
5
5
5
5
5
5
5
5
5
5
5
5
5
5
5
5
5
5
5
5
5
5
5
5
5
5
5
5
5
5
5
5
5
5
5
5
5
5
5
5
5
5
5
5
5
5
5
5
5
5
5
5
5
5
5
5
5
5
5
5
5
5
5
5
5
5
5
5
5
5
5
5
5
5
5
5
5
5
5
5
5
5
5
5
5
5
5
5
5
5
5
5
5
5
5
5
5
5
5
5
5
5
5
5
5
5
5
5
5
5
5
5
5
5
5
5
5
5
5
5
5
5
5
5
5
5
5
5
5
5
5
5
5
5
5
5
5
5
5
5
5
5
5
5
5
5
5
5
5
5
5
5
5
5
5
5
5
5
5
5
5
5
5
5
5
5
5
5
5
5
5
5
5
5
5
5
5
5
5
5
5
5
5
5
5
5
5
5
5
5
5
5
5
5
5
5
5
5
5
5
5
5
5
5
5
5
5
5
5
5
5
5
5
5
5
5
5
5
5
5
5
5
5
5
5
5
5
5
5
5
5
5
5
5
5
5
5
5
5
5
5
5
5
5
5
5
5
5
5
5
5
5
5
5
5
5
5
5
5
5
5
5
5
5
5
5
5
5
5
5
5
5
5
5
5
5
5
5
5
5
5
5
5
5
5
5
5
5
5
5
5
5
5
5
5
5
5
5
5
5
5
5
5
5
5
5
5
5
5
5
5
5
5
5
5
5
5
5
5
5
5
5
5
5
5
5
5
5
5
5
5
5
5
5
5
5
5
5
5
5
5
5
5
5
5
5
5
5
5
5
5
5
5
5
5
5
5
5
5
5
5
5
5
5
5
5
5
5
5
5
5
5
5
5
5
5
5
5
5
5
5
5
5
5
5
5
5
5
5
5
5
5
5
5
5
5
5
5
5
5
5
5
5
5
5
5
5
5
5
5
5
5
5
5
5
5
5
5
5
5
5
5
5
5
5
5
5
5
5
5
5
5
5
5
5
5
5
5
5
5
5
5
5
5
5
5
5
5
5
5
5
5
5
5
5
5
5
5
5
5
5
5
5
5
5
5
5
5
5
5
5
5
5
5
5
5
5
5
5
5
5
5
5
5
5
5
5
5
5
5
5
5
5
5
5
5
5
5
5
5
5
5
5
5
5
5
5
5
5
5
5
5
5
5
5
5
5
5
5
5
5
5
5
5
5
5
5
5
5
5
5
5
5
5
5
5
5
5
5
5
5
5
5
5
5
5
5
5
5
5
5
5
5
5
5
5
5
5
5
5
5
5
5
5
5
5
5
5
5
5
5
5
5
5
5
5
5
5
5
5
5
5
5
5
5
5
5
5
5
5
5
5
5
5
5
5
5
5
5
5
5
5
5
5
5
5
5
5
5
5
5
5
5
5
5
5
5
5
5
5
5
5
5
5
5
5
5
5
5
5
5
5
5
5
5
5
5
5
5
5
5
5
5
5
5
5
5
5
5
5
5
5
5
5
5
5
5
5
5
5
5
5
5
5
5
5
5
5
5
5
5
5
5
5
5
5
5
5
5
5
5
5
5
5
5
5
5
5
5
5
5
5
5
5
5
5
5
5
5
5
5
5
5
5
5
5
5
5
5
5
5
5
5
5
5
5
5
5
5
5
5
5
5
5
5
5
5
5
5
5
5
5
5
5
5
5
5
5
5
5
5
5
5
5
5
5
5
5
5
5
5
5
5
5
5
5
5
5
5
5
5
5
5
5
5
5
5
5
5
5
5
5
5
5
5
5
5
5
5
5
5
5
5
5
5
5
5
5
5
5
5
5
5
5
5
5
5
5
5
5
5
5
5
5
5
5
5
5
5
5
5
5
5
5
5
5
5
5
5
5
5
5
5
5
5
5
5
5
5
5
5
5
5
5
5
5
5
5
5
5
5
5
5
5
5
5
5
5
5
5
5
5
5
5
5
5
5
5
5
5
5
5
5
5
5
5
5
5
5
5
5
5
5
5
5
5
5
5
5
5
5
5
5
5
5
5
5
5
5
5
5
5
5
5
5
5
5
5
5
5
5
5
5
5
5
5
5
5
5
5
5
5
5
5
5
5
5
5
5
5
5
5
5
5
5
5
5
5
5
5
5
5
5
5
5
5
5
5
5
5
5
5
5
5
5
5
5
5
5
5
5
5
5
5
5
5
5
5
5
5
5
5
5
5
5
5
5
5
5
5
5
5
5
5
5
5
5
5
5
5
5
5
5
5
5
5
5
5
5
5
5
5
5
5
5
5
5
5
5
5
5
5
5
5
5
5
5
5
5
5
5
5
5
5
5
5
5
5
5
5
5
5
5
5
5
5
5
5
5
5
5
5
5
5
5
5
5
5
5
5
5
5
5
5
5
5
5
5
5
5
5
5
5
5
5
5
5
5
5
5
5
5
5
5
5
5
5
5
5
5
5
5
5
5
5
5
5
5
5
5
5
5
5
5
5
5
5
5
5
5
5
5
5
5
5
5
5
5
5
5
5
5
5
5
5
5
5
5
5
5
5
5
5
5
5
5
5
5
5
5
5
5
5
5
5
5
5
5
5
5
5
5
5
5
5
5
5
5
5
5
5
5
5
5
5
5
5
5
5
5
5
5
5
5
5
5
5
5
5
5
5
5
5
5
5
5
5
5
5
5
5
5
5
5
5
5
5
5
5
5
5
5
5
5
5
5
5
5
5
5
5
5
5
5
5
5
5
5
5
5
5
5
5
5
5
5
5
5
5
5
5
5
5
5
5
5
5
5
5
5
5
5
5
5
5
5
5
5
5
5
5
5
5
5
5
5
5
5
5
5
5
5
5
5
5
5
5
5
5
5
5
5
5
5
5
5
5
5
5
5
5
5
5
5
5
5
5
5
5
5
5
5
5
5
5
5
5
5
5
5
5
5
5
5
5
5
5
5
5
5
5
5
5
5
5
5
5
5
5
5
5
5
5
5
5
5
5
5
5
5
5
5
5
5
5
5
5
5
5
5
5
5
5
5
5
5
5
5
5
5
5
5
5
5
5
5
5
5
5
5
5
5
5
5
5
5
5
5
5
5
5
5
5
5
5
5
5
5
5
5
5
5
5
5
5
5
5
5
5
5
5
5
5
5
5
5
5
5
5
5
5
5
5
5
5
5
5
5
5
5
5
5
5
5
5
5
5
5
5
5
5
5
5
5
5
5
5
5
5
5
5
5
5
5
5
5
5
5
5
5
5
5
5
5
5
5
5
5
5
5
5
5
5
5
5
5
5
5
5
5
5
5
5
5
5
5
5
5
5
5
5
5
5
5
5
5
5
5
5
5
5
5
5
5
5
5
5
5
5
5
5
5
5
5
5
5
5
5
5
5
5
5
5
5
5
5
5
5
5
5
5
5
5
5
5
5
5
5
5
5
5
5
5
5
5
5
5
5
5
5
5
5
5
5
5
5
5
5
5
5
5
5
5
5
5
5
5
5
5
5
5
5
5
5
5
5
5
5
5
5
5
5
5
5
5
5
5
5
5
5
5
5
5
5
5
5
5
5
5
5
5
5
5
5
5
5
5
5
5
5
5
5
5
5
5
5
5
5
5
5
5
5
5
5
5
5
5
5
5
5
5
5
5
5
5
5
5
5
5
5
5
5
5
5
5
5
5
5
5
5
5
5
5
5
5
5
5
5
5
5
5
5
5
5
5
5
5
5
5
5
5
5
5
5
5
5
5
5
5
5
5
5
5
5
5
5
5
5
5
5
5
5
5
5
5
5
5
5
5
5
5
5
5
5
5
5
5
5
5
5
5
5
5
5
5
5
5
5
5
5
5
5
5
5
5
5
5
5
5
5
5
5
5
5
5
5
5
5
5
5
5
5
5
5
5
5
5
5
5
5
5
5
5
5
5
5
5
5
5
5
5
5
5
5
5
5
5
5
5
5
5
5
5
5
5
5
5
5
5
5
5
5
5
5
5
5
5
5
5
5
5
5
5
5
5
5
5
5
5
5
5
5
5
5
5
5
5
5
5
5
5
5
5
5
5
5
5
5
5
5
5
5
5
5
5
5
5
5
5
5
5
5
5
5
5
5
5
5
5
5
5
5
5
5
5
5
5
5
5
5
5
5
5
5
5
5
5
5
5
5
5
5
5
5
5
5
5
5
5
5
5
5
5
5
5
5
5
5
5
5
5
5
5
5
5
5
5
5
5
5
5
5
5
5
5
5
5
5
5
5
5
5
5
5
5
5
5
5
5
5
5
5
5
5
5
5
5
5
5
5
5
5
5
5
5
5
5
5
5
5
5
5
5
5
5
5
5
5
5
5
5
5
5
5
5
5
5
5
5
5
5
5
5
5
5
5
5
5
5
5
5
5
5
5
5
5
5
5
5
5
5
5
5
5
5
5
5
5
5
5
5
5
5
5
5
5
5
5
5
5
5
5
5
5
5
5
5
5
5
5
5
5
5
5
5
5
5
5
5
5
5
5
5
5
5
5
5
5
5
5
5
5
5
5
5
5
5
5
5
5
5
5
5
5
5
5
5
5
5
5
5
5
5
5
5
5
5
5
5
5
5
5
5
5
5
5
5
5
5
5
5
5
5
5
5
5
5
5
5
5
5
5
5
5
5
5
5
5
5
5
5
5
5
5
5
5
5
5
5
5
5
5
5
5
5
5
5
5
5
5
5
5
5
5
5
5
5
5
5
5
5
5
5
5
5
5
5
5
5
5
5
5
5
5
5
5
5
5
5
5
5
5
5
5
5
5
5
5
5
5
5
5
5
5
5
5
5
5
5
5
5
5
5
5
5
5
5
5
5
5
5
5
5
5
5
5
5
5
5
5
5
5
5
5
5
5
5
5
5
5
5
5
5
5
5
5
5
5
5
5
5
5
5
5
5
5
5
5
5
5
5
5
5
5
5
5
5
5
5
5
5
5
5
5
5
5
5
5
5
5
5
5
5
5
5
5
5
5
5
5
5
5
5
5
5
5
5
5
5
5
5
5
5
5
5
5
5
5
5
5
5
5
5
5
5
5
5
5
5
5
5
5
5
5
5
5
5
5
5
5
5
5
5
5
5
5
5
5
5
5
5
5
5
5
5
5
5
5
5
5
5
5
5
5
5
5
5
5
5
5
5
5
5
5
5
5
5
5
5
5
5
5
5
5
5
5
5
5
5
5
5
5
5
5
5
5
5
5
5
5
5
5
5
5
5
5
5
5
5
5
5
5
5
5
5
5
5
5
5
5
5
5
5
5
5
5
5
5
5
5
5
5
5
5
5
5
5
5
5
5
5
5
5
5
5
5
5
5
5
5
5
5
5
5
5
5
5
5
5
5
5
5
5
5
5
5
5
5
5
5
5
5
5
5
5
5
5
5
5
5
5
5
5
5
5
5
5
5
5
5
5
5
5
5
5
5
5
5
5
5
5
5
5
5
5
5
5
5
5
5
5
5
5
5
5
5
5
5
5
5
5
5
5
5
5
5
5
5
5
5
5
5
5
5
5
5
5
5
5
5
5
5
5
5
5
5
5
5
5
5
5
5
5
5
5
5
5
5
5
5
5
5
5
5
5
5
5
5
5
5
5
5
5
5
5
5
5
5
5
5
5
5
5
5
5
5
5
5
5
5
5
5
5
5
5
5
5
5
5
5
5
5
5
5
5
5
5
5
5
5
5
5
5
5
5
5
5
5
5
5
5
5
5
5
5
5
5
5
5
5
5
5
5
5
5
5
5
5
5
5
5
5
5
5
5
5
5
5
5
5
5
5
5
5
5
5
5
5
5
5
5
5
5
5
5
5
5
5
5
5
5
5
5
5
5
5
5
5
5
5
5
5
5
5
5
5
5
5
5
5
5
5
5
5
5
5
5
5
5
5
5
5
5
5
5
5
5
5
5
5
5
5
5
5
5
5
5
5
5
5
5
5
5
5
5
5
5
5
5
5
5
5
5
5
5
5
5
5
5
5
5
5
5
5
5
5
5
5
5
5
5
5
5
5
5
5
5
5
5
5
5
5
5
5
5
5
5
5
5
5
5
5
5
5
5
5
5
5
5
5
5
5
5
5
5
5
5
5
5
5
5
5
5
5
5
5
5
5
5
5
5
5
5
5
5
5
5
5
5
5
5
5
5
5
5
5
5
5
5
5
5
5
5
5
5
5
5
5
5
5
5
5
5
5
5
5
5
5
5
5
5
5
5
5
5
5
5
5
5
5
5
5
5
5
5
5
5
5
5
5
5
5
5
5
5
5
5
5
5
5
5
5
5
5
5
5
5
5
5
5
5
5
5
5
5
5
5
5
5
5
5
5
5
5
5
5
5
5
5
5
5
5
5
5
5
5
5
5
5
5
5
5
5
5
5
5
5
5
5
5
5
5
5
5
5
5
5
5
5
5
5
5
5
5
5
5
5
5
5
5
5
5
5
5
5
5
5
5
5
5
5
5
5
5
5
5
5
5
5
5
5
5
5
5
5
5
5
5
5
5
5
5
5
5
5
5
5
5
5
5
5
5
5
5
5
5
5
5
5
5
5
5
5
5
5
5
5
5
5
5
5
5
5
5
5
5
5
5
5
5
5
5
5
5
5
5
5
5
5
5
5
5
5
5
5
5
5
5
5
5
5
5
5
5
5
5
5
5
5
5
5
5
5
5
5
5
5
5
5
5
5
5
5
5
5
5
5
5
5
5
5
5
5
5
5
5
5
5
5
5
5
5
5
5
5
5
5
5
5
5
5
5
5
5
5
5
5
5
5
5
5
5
5
5
5
5
5
5
5
5
5
5
5
5
5
5
5
5
5
5
5
5
5
5
5
5
5
5
5
5
5
5
5
5
5
5
5
5
5
5
5
5
5
5
5
5
5
5
5
5
5
5
5
5
5
5
5
5
5
5
5
5
5
5
5
5
5
5
5
5
5
5
5
5
5
5
5
5
5
5
5
5
5
5
5
5
5
5
5
5
5
5
5
5
5
5
5
5
5
5
5
5
5
5
5
5
5
5
5
5
5
5
5
5
5
5
5
5
5
5
5
5
5
5
5
5
5
5
5
5
5
5
5
5
5
5
5
5
5
5
5
5
5
5
5
5
5
5
5
5
5
5
5
5
5
5
5
5
5
5
5
5
5
5
5
5
5
5
5
5
5
5
5
5
5
5
5
5
5
5
5
5
5
5
5
5
5
5
5
5
5
5
5
5
5
5
5
5
5
5
5
5
5
5
5
5
5
5
5
5
5
5
5
5
5
5
5
5
5
5
5
5
5
5
5
5
5
5
5
5
5
5
5
5
5
5
5
5
5
5
5
5
5
5
5
5
5
5
5
5
5
5
5
5
5
5
5
5
5
5
5
5
5
5
5
5
5
5
5
5
5
5
5
5
5
5
5
5
5
5
5
5
5
5
5
5
5
5
5
5
5
5
5
5
5
5
5
5
5
5
5
5
5
5
5
5
5
5
5
5
5
5
5
5
5
5
5
5
5
5
5
5
5
5
5
5
5
5
5
5
5
5
5
5
5
5
5
5
5
5
5
5
5
5
5
5
5
5
5
5
5
5
5
5
5
5
5
5
5
5
5
5
5
5
5
5
5
5
5
5
5
5
5
5
5
5
5
5
5
5
5
5
5
5
5
5
5
5
5
5
5
5
5
5
5
5
5
5
5
5
5
5
5
5
5
5
5
5
5
5
5
5
5
5
5
5
5
5
5
5
5
5
5
5
5
5
5
5
5
5
5
5
5
5
5
5
5
5
5
5
5
5
5
5
5
5
5
5
5
5
5
5
5
5
5
5
5
5
5
5
5
5
5
5
5
5
5
5
5
5
5
5
5
5
5
5
5
5
5
5
5
5
5
5
5
5
5
5
5
5
5
5
5
5
5
5
5
5
5
5
5
5
5
5
5
5
5
5
5
5
5
5
5
5
5
5
5
5
5
5
5
5
5
5
5
5
5
5
5
5
5
5
5
5
5
5
5
5
5
5
5
5
5
5
5
5
5
5
5
5
5
5
5
5
5
5
5
5
5
5
5
5
5
5
5
5
5
5
5
5
5
5
5
5
5
5
5
5
5
5
5
5
5
5
5
5
5
5
5
5
5
5
5
5
5
5
5
5
5
5
5
5
5
5
5
5
5
5
5
5
5
5
5
5
5
5
5
5
5
5
5
5
5
5
5
5
5
5
5
5
5
5
5
5
5
5
5
5
5
5
5
5
5
5
5
5
5
5
5
5
5
5
5
5
5
5
5
5
5
5
5
5
5
5
5
5
5
5
5
5
5
5
5
5
5
5
5
5
5
5
5
5
5
5
5
5
5
5
5
5
5
5
5
5
5
5
5
5
5
5
5
5
5
5
5
5
5
5
5
5
5
5
5
5
5
5
5
5
5
5
5
5
5
5
5
5
5
5
5
5
5
5
5
5
5
5
5
5
5
5
5
5
5
5
5
5
5
5
5
5
5
5
5
5
5
5
5
5
5
5
5
5
5
5
5
5
5
5
5
5
5
5
5
5
5
5
5
5
5
5
5
5
5
5
5
5
5
5
5
5
5
5
5
5
5
5
5
5
5
5
5
5
5
5
5
5
5
5
5
5
5
5
5
5
5
5
5
5
5
5
5
5
5
5
5
5
5
5
5
5
5
5
5
5
5
5
5
5
5
5
5
5
5
5
5
5
5
5
5
5
5
5
5
5
5
5
5
5
5
5
5
5
5
5
5
5
5
5
5
5
5
5
5
5
5
5
5
5
5
5
5
5
5
5
5
5
5
5
5
5
5
5
5
5
5
5
5
5
5
5
5
5
5
5
5
5
5
5
5
5
5
5
5
5
5
5
5
5
5
5
5
5
5
5
5
5
5
5
5
5
5
5
5
5
5
5
5
5
5
5
5
5
5
5
5
5
5
5
5
5
5
5
5
5
5
5
5
5
5
5
5
5
5
5
5
5
5
5
5
5
5
5
5
5
5
5
5
5
5
5
5
5
5
5
5
5
5
5
5
5
5
5
5
5
5
5
5
5
5
5
5
5
5
5
5
5
5
5
5
5
5
5
5
5
5
5
5
5
5
5
5
5
5
5
5
5
5
5
5
5
5
5
5
5
5
5
5
5
5
5
5
5
5
5
5
5
5
5
5
5
5
5
5
5
5
5
5
5
5
5
5
5
5
5
5
5
5
5
5
5
5
5
5
5
5
5
5
5
5
5
5
5
5
5
5
5
5
5
5
5
5
5
5
5
5
5
5
5
5
5
5
5
5
5
5
5
5
5
5
5
5
5
5
5
5
5
5
5
5
5
5
5
5
5
5
5
5
5
5
5
5
5
5
5
5
5
5
5
5
5
5
5
5
5
5
5
5
5
5
5
5
5
5
5
5
5
5
5
5
5
5
5
5
5
5
5
5
5
5
5
5
5
5
5
5
5
5
5
5
5
5
5
5
5
5
5
5
5
5
5
5
5
5
5
5
5
5
5
5
5
5
5
5
5
5
5
5
5
5
5
5
5
5
5
5
5
5
5
5
5
5
5
5
5
5
5
5
5
5
5
5
5
5
5
5
5
5
5
5
5
5
5
5
5
5
5
5
5
5
5
5
5
5
5
5
5
5
5
5
5
5
5
5
5
5
5
5
5
5
5
5
5
5
5
5
5
5
5
5
5
5
5
5
5
5
5
5
5
5
5
5
5
5
5
5
5
5
5
5
5
5
5
5
5
5
5
5
5
5
5
5
5
5
5
5
5
5
5
5
5
5
5
5
5
5
5
5
5
5
5
5
5
5
5
5
5
5
5
5
5
5
5
5
5
5
5
5
5
5
5
5
5
5
5
5
5
5
5
5
5
5
5
5
5
5
5
5
5
5
5
5
5
5
5
5
5
5
5
5
5
5
5
5
5
5
5
5
5
5
5
5
5
5
5
5
5
5
5
5
5
5
5
5
5
5
5
5
5
5
5
5
5
5
5
5
5
5
5
5
5
5
5
5
5
5
5
5
5
5
5
5
5
5
5
5
5
5
5
5
5
5
5
5
5
5
5
5
5
5
5
5
5
5
5
5
5
5
5
5
5
5
5
5
5
5
5
5
5
5
5
5
5
5
5
5
5
5
5
5
5
5
5
5
5
5
5
5
5
5
5
5
5
5
5
5
5
5
5
5
5
5
5
5
5
5
5
5
5
5
5
5
5
5
5
5
5
5
5
5
5
5
5
5
5
5
5
5
5
5
5
5
5
5
5
5
5
5
5
5
5
5
5
5
5
5
5
5
5
5
5
5
5
5
5
5
5
5
5
5
5
5
5
5
5
5
5
5
5
5
5
5
5
5
5
5
5
5
5
5
5
5
5
5
5
5
5
5
5
5
5
5
5
5
5
5
5
5
5
5
5
5
5
5
5
5
5
5
5
5
5
5
5
5
5
5
5
5
5
5
5
5
5
5
5
5
5
5
5
5
5
5
5
5
5
5
5
5
5
5
5
5
5
5
5
5
5
5
5
5
5
5
5
5
5
5
5
5
5
5
5
5
5
5
5
5
5
5
5
5
5
5
5
5
5
5
5
5
5
5
5
5
5
5
5
5
5
5
5
5
5
5
5
5
5
5
5
5
5
5
5
5
5
5
5
5
5
5
5
5
5
5
5
5
5
5
5
5
5
5
5
5
5
5
5
5
5
5
5
5
5
5
5
5
5
5
5
5
5
5
5
5
5
5
5
5
5
5
5
5
5
5
5
5
5
5
5
5
5
5
5
5
5
5
5
5
5
5
5
5
5
5
5
5
5
5
5
5
5
5
5
5
5
5
5
5
5
5
5
5
5
5
5
5
5
5
5
5
5
5
5
5
5
5
5
5
5
5
5
5
5
5
5
5
5
5
5
5
5
5
5
5
5
5
5
5
5
5
5
5
5
5
5
5
5
5
5
5
5
5
5
5
5
5
5
5
5
5
5
5
5
5
5
5
5
5
5
5
5
5
5
5
5
5
5
5
5
5
5
5
5
5
5
5
5
5
5
5
5
5
5
5
5
5
5
5
5
5
5
5
5
5
5
5
5
5
5
5
5
5
5
5
5
5
5
5
5
5
5
5
5
5
5
5
5
5
5
5
5
5
5
5
5
5
5
5
5
5
5
5
5
5
5
5
5
5
5
5
5
5
5
5
5
5
5
5
5
5
5
5
5
5
5
5
5
5
5
5
5
5
5
5
5
5
5
5
5
5
5
5
5
5
5
5
5
5
5
5
5
5
5
5
5
5
5
5
5
5
5
5
5
5
5
5
5
5
5
5
5
5
5
5
5
5
5
5
5
5
5
5
5
5
5
5
5
5
5
5
5
5
5
5
5
5
5
5
5
5
5
5
5
5
5
5
5
5
5
5
5
5
5
5
5
5
5
5
5
5
5
5
5
5
5
5
5
5
5
5
5
5
5
5
5
5
5
5
5
5
5
5
5
5
5
5
5
5
5
5
5
5
5
5
5
5
5
5
5
5
5
5
5
5
5
5
5
5
5
5
5
5
5
5
5
5
5
5
5
5
5
5
5
5
5
5
5
5
5
5
5
5
5
5
5
5
5
5
5
5
5
5
5
5
5
5
5
5
5
5
5
5
5
5
5
5
5
5
5
5
5
5
5
5
5
5
5
5
5
5
5
5
5
5
5
5
5
5
5
5
5
5
5
5
5
5
5
5
5
5
5
5
5
5
5
5
5
5
5
5
5
5
5
5
5
5
5
5
5
5
5
5
5
5
5
5
5
5
5
5
5
5
5
5
5
5
5
5
5
5
5
5
5
5
5
5
5
5
5
5
5
5
5
5
5
5
5
5
5
5
5
5
5
5
5
5
5
5
5
5
5
5
5
5
5
5
5
5
5
5
5
5
5
5
5
5
5
5
5
5
5
5
5
5
5
5
5
5
5
5
5
5
5
5
5
5
5
5
5
5
5
5
5
5
5
5
5
5
5
5
5
5
5
5
5
5
5
5
5
5
5
5
5
5
5
5
5
5
5
5
5
5
5
5
5
5
5
5
5
5
5
5
5
5
5
5
5
5
5
5
5
5
5
5
5
5
5
5
5
5
5
5
5
5
5
5
5
5
5
5
5
5
5
5
5
5
5
5
5
5
5
5
5
5
5
5
5
5
5
5
5
5
5
5
5
5
5
5
5
5
5
5
5
5
5
5
5
5
5
5
5
5
5
5
5
5
5
5
5
5
5
5
5
5
5
5
5
5
5
5
5
5
5
5
5
5
5
5
5
5
5
5
5
5
5
5
5
5
5
5
5
5
5
5
5
5
5
5
5
5
5
5
5
5
5
5
5
5
5
5
5
5
5
5
5
5
5
5
5
5
5
5
5
5
5
5
5
5
5
5
5
5
5
5
5
5
5
5
5
5
5
5
5
5
5
5
5
5
5
5
5
5
5
5
5
5
5
5
5
5
5
5
5
5
5
5
5
5
5
5
5
5
5
5
5
5
5
5
5
5
5
5
5
5
5
5
5
5
5
5
5
5
5
5
5
5
5
5
5
5
5
5
5
5
5
5
5
5
5
5
5
5
5
5
5
5
5
5
5
5
5
5
5
5
5
5
5
5
5
5
5
5
5
5
5
5
5
5
5
5
5
5
5
5
5
5
5
5
5
5
5
5
5
5
5
5
5
5
5
5
5
5
5
5
5
5
5
5
5
5
5
5
5
5
5
5
5
5
5
5
5
5
5
5
5
5
5
5
5
5
5
5
5
5
5
5
5
5
5
5
5
5
5
5
5
5
5
5
5
5
5
5
5
5
5
5
5
5
5
5
5
5
5
5
5
5
5
5
5
5
5
5
5
5
5
5
5
5
5
5
5
5
5
5
5
5
5
5
5
5
5
5
5
5
5
5
5
5
5
5
5
5
5
5
5
5
5
5
5
5
5
5
5
5
5
5
5
5
5
5
5
5
5
5
5
5
5
5
5
5
5
5
5
5
5
5
5
5
5
5
5
5
5
5
5
5
5
5
5
5
5
5
5
5
5
5
5
5
5
5
5
5
5
5
5
5
5
5
5
5
5
5
5
5
5
5
5
5
5
5
5
5
5
5
5
5
5
5
5
5
5
5
5
5
5
5
5
5
5
5
5
5
5
5
5
5
5
5
5
5
5
5
5
5
5
5
5
5
5
5
5
5
5
5
5
5
5
5
5
5
5
5
5
5
5
5
5
5
5
5
5
5
5
5
5
5
5
5
5
5
5
5
5
5
5
5
5
5
5
5
5
5
5
5
5
5
5
5
5
5
5
5
5
5
5
5
5
5
5
5
5
5
5
5
5
5
5
5
5
5
5
5
5
5
5
5
5
5
5
5
5
5
5
5
5
5
5
5
5
5
5
5
5
5
5
5
5
5
5
5
5
5
5
5
5
5
5
5
5
5
5
5
5
5
5
5
5
5
5
5
5
5
5
5
5
5
5
5
5
5
5
5
5
5
5
5
5
5
5
5
5
5
5
5
5
5
5
5
5
5
5
5
5
5
5
5
5
5
5
5
5
5
5
5
5
5
5
5
5
5
5
5
5
5
5
5
5
5
5
5
5
5
5
5
5
5
5
5
5
5
5
5
5
5
5
5
5
5
5
5
5
5
5
5
5
5
5
5
5
5
5
5
5
5
5
5
5
5
5
5
5
5
5
5
5
5
5
5
5
5
5
5
5
5
5
5
5
5
5
5
5
5
5
5
5
5
5
5
5
5
5
5
5
5
5
5
5
5
5
5
5
5
5
5
5
5
5
5
5
5
5
5
5
5
5
5
5
5
5
5
5
5
5
5
5
5
5
5
5
5
5
5
5
5
5
5
5
5
5
5
5
5
5
5
5
5
5
5
5
5
5
5
5
5
5
5
5
5
5
5
5
5
5
5
5
5
5
5
5
5
5
5
5
5
5
5
5
5
5
5
5
5
5
5
5
5
5
5
5
5
5
5
5
5
5
5
5
5
5
5
5
5
5
5
5
5
5
5
5
5
5
5
5
5
5
5
5
5
5
5
5
5
5
5
5
5
5
5
5
5
5
5
5
5
5
5
5
5
5
5
5
5
5
5
5
5
5
5
5
5
5
5
5
5
5
5
5
5
5
5
5
5
5
5
5
5
5
5
5
5
5
5
5
5
5
5
5
5
5
5
5
5
5
5
5
5
5
5
5
5
5
5
5
5
5
5
5
5
5
5
5
5
5
5
5
5
5
5
5
5
5
5
5
5
5
5
5
5
5
5
5
5
5
5
5
5
5
5
5
5
5
5
5
5
5
5
5
5
5
5
5
5
5
5
5
5
5
5
5
5
5
5
5
5
5
5
5
5
5
5
5
5
5
5
5
5
5
5
5
5
5
5
5
5
5
5
5
5
5
5
5
5
5
5
5
5
5
5
5
5
5
5
5
5
5
5
5
5
5
5
5
5
5
5
5
5
5
5
5
5
5
5
5
5
5
5
5
5
5
5
5
5
5
5
5
5
5
5
5
5
5
5
5
5
5
5
5
5
5
5
5
5
5
5
5
5
5
5
5
5
5
5
5
5
5
5
5
5
5
5
5
5
5
5
5
5
5
5
5
5
5
5
5
5
5
5
5
5
5
5
5
5
5
5
5
5
5
5
5
5
5
5
5
5
5
5
5
5
5
5
5
5
5
5
5
5
5
5
5
5
5
5
5
5
5
5
5
5
5
5
5
5
5
5
5
5
5
5
5
5
5
5
5
5
5
5
5
5
5
5
5
5
5
5
5
5
5
5
5
5
5
5
5
5
5
5
5
5
5
5
5
5
5
5
5
5
5
5
5
5
5
5
5
5
5
5
5
5
5
5
5
5
5
5
5
5
5
5
5
5
5
5
5
5
5
5
5
5
5
5
5
5
5
5
5
5
5
5
5
5
5
5
5
5
5
5
5
5
5
5
5
5
5
5
5
5
5
5
5
5
5
5
5
5
5
5
5
5
5
5
5
5
5
5
5
5
5
5
5
5
5
5
5
5
5
5
5
5
5
5
5
5
5
5
5
5
5
5
5
5
5
5
5
5
5
5
5
5
5
5
5
5
5
5
5
5
5
5
5
5
5
5
5
5
5
5
5
5
5
5
5
5
5
5
5
5
5
5
5
5
5
5
5
5
5
5
5
5
5
5
5
5
5
5
5
5
5
5
5
5
5
5
5
5
5
5
5
5
5
5
5
5
5
5
5
5
5
5
5
5
5
5
5
5
5
5
5
5
5
5
5
5
5
5
5
5
5
5
5
5
5
5
5
5
5
5
5
5
5
5
5
5
5
5
5
5
5
5
5
5
5
5
5
5
5
5
5
5
5
5
5
5
5
5
5
5
5
5
5
5
5
5
5
5
5
5
5
5
5
5
5
5
5
5
5
5
5
5
5
5
5
5
5
5
5
5
5
5
5
5
5
5
5
5
5
5
5
5
5
5
5
5
5
5
5
5
5
5
5
5
5
5
5
5
5
5
5
5
5
5
5
5
5
5
5
5
5
5
5
5
5
5
5
5
5
5
5
5
5
5
5
5
5
5
5
5
5
5
5
5
5
5
5
5
5
5
5
5
5
5
5
5
5
5
5
5
5
5
5
5
5
5
5
5
5
5
5
5
5
5
5
5
5
5
5
5
5
5
5
5
5
5
5
5
5
5
5
5
5
5
5
5
5
5
5
5
5
5
5
5
5
5
5
5
5
5
5
5
5
5
5
5
5
5
5
5
5
5
5
5
5
5
5
5
5
5
5
5
5
5
5
5
5
5
5
5
5
5
5
5
5
5
5
5
5
5
5
5
5
5
5
5
5
5
5
5
5
5
5
5
5
5
5
5
5
5
5
5
5
5
5
5
5
5
5
5
5
5
5
5
5
5
5
5
5
5
5
5
5
5
5
5
5
5
5
5
5
5
5
5
5
5
5
5
5
5
5
5
5
5
5
5
5
5
5
5
5
5
5
5
5
5
5
5
5
5
5
5
5
5
5
5
5
5
5
5
5
5
5
5
5
5
5
5
5
5
5
5
5
5
5
5
5
5
5
5
5
5
5
5
5
5
5
5
5
5
5
5
5
5
5
5
5
5
5
5
5
5
5
5
5
5
5
5
5
5
5
5
5
5
5
5
5
5
5
5
5
5
5
5
5
5
5
5
5
5
5
5
5
5
5
5
5
5
5
5
5
5
5
5
5
5
5
5
5
5
5
5
5
5
5
5
5
5
5
5
5
5
5
5
5
5
5
5
5
5
5
5
5
5
5
5
5
5
5
5
5
5
5
5
5
5
5
5
5
5
5
5
5
5
5
5
5
5
5
5
5
5
5
5
5
5
5
5
5
5
5
5
5
5
5
5
5
5
5
5
5
5
5
5
5
5
5
5
5
5
5
5
5
5
5
5
5
5
5
5
5
5
5
5
5
5
5
5
5
5
5
5
5
5
5
5
5
5
5
5
5
5
5
5
5
5
5
5
5
5
5
5
5
5
5
5
5
5
5
5
5
5
5
5
5
5
5
5
5
5
5
5
5
5
5
5
5
5
5
5
5
5
5
5
5
5
5
5
5
5
5
5
5
5
5
5
5
5
5
5
5
5
5
5
5
5
5
5
5
5
5
5
5
5
5
5
5
5
5
5
5
5
5
5
5
5
5
5
5
5
5
5
5
5
5
5
5
5
5
5
5
5
5
5
5
5
5
5
5
5
5
5
5
5
5
5
5
5
5
5
5
5
5
5
5
5
5
5
5
5
5
5
5
5
5
5
5
5
5
5
5
5
5
5
5
5
5
5
5
5
5
5
5
5
5
5
5
5
5
5
5
5
5
5
5
5
5
5
5
5
5
5
5
5
5
5
5
5
5
5
5
5
5
5
5
5
5
5
5
5
5
5
5
5
5
5
5
5
5
5
5
5
5
5
5
5
5
5
5
5
5
5
5
5
5
5
5
5
5
5
5
5
5
5
5
5
5
5
5
5
5
5
5
5
5
5
5
5
5
5
5
5
5
5
5
5
5
5
5
5
5
5
5
5
5
5
5
5
5
5
5
5
5
5
5
5
5
5
5
5
5
5
5
5
5
5
5
5
5
5
5
5
5
5
5
5
5
5
5
5
5
5
5
5
5
5
5
5
5
5
5
5
5
5
5
5
5
5
5
5
5
5
5
5
5
5
5
5
5
5
5
5
5
5
5
5
5
5
5
5
5
5
5
5
5
5
5
5
5
5
5
5
5
5
5
5
5
5
5
5
5
5
5
5
5
5
5
5
5
5
5
5
5
5
5
5
5
5
5
5
5
5
5
5
5
5
5
5
5
5
5
5
5
5
5
5
5
5
5
5
5
5
5
5
5
5
5
5
5
5
5
5
5
5
5
5
5
5
5
5
5
5
5
5
5
5
5
5
5
5
5
5
5
5
5
5
5
5
5
5
5
5
5
5
5
5
5
5
5
5
5
5
5
5
5
5
5
5
5
5
5
5
5
5
5
5
5
5
5
5
5
5
5
5
5
5
5
5
5
5
5
5
5
5
5
5
5
5
5
5
5
5
5
5
5
5
5
5
5
5
5
5
5
5
5
5
5
5
5
5
5
5
5
5
5
5
5
5
5
5
5
5
5
5
5
5
5
5
5
5
5
5
5
5
5
5
5
5
5
5
5
5
5
5
5
5
5
5
5
5
5
5
5
5
5
5
5
5
5
5
5
5
5
5
5
5
5
5
5
5
5
5
5
5
5
5
5
5
5
5
5
5
5
5
5
5
5
5
5
5
5
5
5
5
5
5
5
5
5
5
5
5
5
5
5
5
5
5
5
5
5
5
5
5
5
5
5
5
5
5
5
5
5
5
5
5
5
5
5
5
5
5
5
5
5
5
5
5
5
5
5
5
5
5
5
5
5
5
5
5
5
5
5
5
5
5
5
5
5
5
5
5
5
5
5
5
5
5
5
5
5
5
5
5
5
5
5
5
5
5
5
5
5
5
5
5
5
5
5
5
5
5
5
5
5
5
5
5
5
5
5
5
5
5
5
5
5
5
5
5
5
5
5
5
5
5
5
5
5
5
5
5
5
5
5
5
5
5
5
5
5
5
5
5
5
5
5
5
5
5
5
5
5
5
5
5
5
5
5
5
5
5
5
5
5
5
5
5
5
5
5
5
5
5
5
5
5
5
5
5
5
5
5
5
5
5
5
5
5
5
5
5
5
5
5
5
5
5
5
5
5
5
5
5
5
5
5
5
5
5
5
5
5
5
5
5
5
5
5
5
5
5
5
5
5
5
5
5
5
5
5
5
5
5
5
5
5
5
5
5
5
5
5
5
5
5
5
5
5
5
5
5
5
5
5
5
5
5
5
5
5
5
5
5
5
5
5
5
5
5
5
5
5
5
5
5
5
5
5
5
5
5
5
5
5
5
5
5
5
5
5
5
5
5
5
5
5
5
5
5
5
5
5
5
5
5
5
5
5
5
5
5
5
5
5
5
5
5
5
5
5
5
5
5
5
5
5
5
5
5
5
5
5
5
5
5
5
5
5
5
5
5
5
5
5
5
5
5
5
5
5
5
5
5
5
5
5
5
5
5
5
5
5
5
5
5
5
5
5
5
5
5
5
5
5
5
5
5
5
5
5
5
5
5
5
5
5
5
5
5
5
5
5
5
5
5
5
5
5
5
5
5
5
5
5
5
5
5
5
5
5
5
5
5
5
5
5
5
5
5
5
5
5
5
5
5
5
5
5
5
5
5
5
5
5
5
5
5
5
5
5
5
5
5
5
5
5
5
5
5
5
5
5
5
5
5
5
5
5
5
5
5
5
5
5
5
5
5
5
5
5
5
5
5
5
5
5
5
5
5
5
5
5
5
5
5
5
5
5
5
5
5
5
5
5
5
5
5
5
5
5
5
5
5
5
5
5
5
5
5
5
5
5
5
5
5
5
5
5
5
5
5
5
5
5
5
5
5
5
5
5
5
5
5
5
5
5
5
5
5
5
5
5
5
5
5
5
5
5
5
5
5
5
5
5
5
5
5
5
5
5
5
5
5
5
5
5
5
5
5
5
5
5
5
5
5
5
5
5
5
5
5
5
5
5
5
5
5
5
5
5
5
5
5
5
5
5
5
5
5
5
5
5
5
5
5
5
5
5
5
5
5
5
5
5
5
5
5
5
5
5
5
5
5
5
5
5
5
5
5
5
5
5
5
5
5
5
5
5
5
5
5
5
5
5
5
5
5
5
5
5
5
5
5
5
5
5
5
5
5
5
5
5
5
5
5
5
5
5
5
5
5
5
5
5
5
5
5
5
5
5
5
5
5
5
5
5
5
5
5
5
5
5
5
5
5
5
5
5
5
5
5
5
5
5
5
5
5
5
5
5
5
5
5
5
5
5
5
5
5
5
5
5
5
5
5
5
5
5
5
5
5
5
5
5
5
5
5
5
5
5
5
5
5
5
5
5
5
5
5
5
5
5
5
5
5
5
5
5
5
5
5
5
5
5
5
5
5
5
5
5
5
5
5
5
5
5
5
5
5
5
5
5
5
5
5
5
5
5
5
5
5
5
5
5
5
5
5
5
