# vtk DataFile Version 2.0
profile_6, Created by Gmsh 4.14.0 
ASCII
DATASET UNSTRUCTURED_GRID
POINTS 7550 double
-53 -132.5 572.8000000000001
-53 -131.1683417085427 572.5336683417086
-53 -129.8366834170854 572.2673366834172
-53 -128.5050251256282 572.0010050251257
-53 -127.1733668341708 571.6693467336684
-53 -125.8417085427136 571.1366834170855
-53 -124.5100502512563 570.6040201005026
-53 -123.178391959799 570.0713567839196
-53 -121.8467336683417 569.7693467336683
-53 -120.5150753768844 569.5030150753769
-53 -119.1834170854271 569.2366834170855
-53 -117.8517587939699 568.9407035175878
-53 -116.5201005025126 568.5080402010051
-53 -115.1884422110553 567.9753768844222
-53 -113.856783919598 567.4427135678392
-53 -112.5251256281407 566.9100502512563
-53 -111.1934673366834 566.6386934673367
-53 -109.8618090452261 566.3723618090453
-53 -108.5301507537689 566.1060301507538
-53 -107.1984924623115 565.7396984924623
-53 -105.8668341708543 565.4733668341709
-53 -104.535175879397 565.2070351758795
-53 -103.2035175879397 564.940703517588
-53 -101.8718592964824 564.548743718593
-53 -100.5402010050251 564.0160804020101
-53 -99.20854271356784 563.4834170854272
-53 -97.87688442211055 562.9507537688442
-53 -96.54522613065326 562.4180904522614
-53 -95.21356783919597 561.8854271356784
-53 -93.8819095477387 561.3527638190956
-53 -92.5502512562814 560.8201005025126
-53 -91.21859296482413 560.5437185929649
-53 -89.88693467336682 560.2773869346734
-53 -88.55527638190955 560.011055276382
-53 -87.22361809045225 559.689447236181
-53 -85.89195979899498 559.156783919598
-53 -84.56030150753769 558.6241206030152
-53 -83.2286432160804 558.0914572864322
-53 -81.89698492462311 557.5793969849246
-53 -80.56532663316582 557.3130653266331
-53 -79.23366834170854 557.0467336683417
-53 -77.90201005025125 556.7804020100502
-53 -76.57035175879398 556.3281407035176
-53 -75.23869346733667 555.7954773869346
-53 -73.9070351758794 555.2628140703517
-53 -72.5753768844221 554.8150753768844
-53 -71.24371859296483 554.4487437185931
-53 -69.91206030150752 554.1824120603015
-53 -68.58040201005025 553.91608040201
-53 -67.24874371859296 553.5994974874371
-53 -65.91708542713567 553.0668341708542
-53 -64.58542713567839 552.5341708542715
-53 -63.2537688442211 552.0015075376884
-53 -61.92211055276381 551.3844221105528
-53 -60.59045226130652 551.1180904522613
-53 -59.25879396984924 550.8517587939698
-53 -57.92713567839195 550.5854271356784
-53 -56.59547738693466 550.1381909547739
-53 -55.26381909547739 549.605527638191
-53 -53.9321608040201 549.072864321608
-53 -52.60050251256281 548.3804020100503
-53 -51.26884422110552 547.5613065326634
-53 -49.93718592964824 546.762311557789
-53 -48.60552763819095 545.9633165829146
-53 -47.27386934673366 545.119095477387
-53 -45.94221105527637 544.2653266331658
-53 -44.61055276381909 543.4663316582914
-53 -43.2788944723618 542.667336683417
-53 -41.94723618090451 541.9788944723618
-53 -40.61557788944722 541.4462311557788
-53 -39.28391959798994 540.9135678391959
-53 -37.95226130653266 540.380904522613
-53 -36.62060301507537 539.7482412060301
-53 -35.28894472361809 539.2155778894472
-53 -33.9572864321608 538.6829145728643
-53 -32.62562814070351 538.1502512562813
-53 -31.29396984924622 537.8587939698493
-53 -29.96231155778894 537.5924623115578
-53 -28.63065326633165 537.3261306532663
-53 -27.29899497487436 537.0597989949748
-53 -25.96733668341707 537
-53 -24.63567839195979 537
-53 -23.3040201005025 537
-53 -21.97236180904521 537.1
-53 -20.64070351758794 537.1
-53 -19.30904522613065 537.1
-53 -17.97738693467336 537.1
-53 -16.64572864321607 537.2708542713568
-53 -15.31407035175879 537.5371859296483
-53 -13.9824120603015 537.8035175879397
-53 -12.65075376884421 538
-53 -11.31909547738692 538
-53 -9.987437185929636 538
-53 -8.655778894472348 538
-53 -7.324120603015061 538.235175879397
-53 -5.992462311557773 538.5015075376884
-53 -4.6608040201005 538.7678391959799
-53 -3.329145728643198 539.0341708542713
-53 -1.997487437185924 539.0994974874372
-53 -0.6658291457286225 538.8331658291457
-53 0.6658291457286509 538.5668341708542
-53 1.997487437185953 538.3005025125628
-53 3.329145728643226 538.1341708542714
-53 4.6608040201005 537.86783919598
-53 5.992462311557802 537.6015075376883
-53 7.324120603015075 537.335175879397
-53 8.655778894472377 537.3000000000001
-53 9.98743718592965 537.3
-53 11.31909547738695 537.3000000000001
-53 12.65075376884423 537.2698492462312
-53 13.98241206030153 537.0035175879397
-53 15.3140703517588 536.7371859296483
-53 16.6457286432161 536.4708542713568
-53 17.97738693467338 536.2045226130654
-53 19.30904522613068 535.938190954774
-53 20.64070351758795 535.6718592964824
-53 21.97236180904522 535.405527638191
-53 23.30402010050253 535.3000000000001
-53 24.6356783919598 535.3
-53 25.9673366834171 535.3000000000001
-53 27.29899497487438 535.3000000000001
-53 28.63065326633168 535.3000000000001
-53 29.96231155778895 535.3000000000001
-53 31.29396984924625 535.3
-53 32.62562814070353 535.4
-53 33.95728643216083 535.4000000000001
-53 35.2889447236181 535.4
-53 36.6206030150754 535.4
-53 37.95226130653268 535.219095477387
-53 39.28391959798995 534.686432160804
-53 40.61557788944725 534.1537688442211
-53 41.94723618090453 533.6211055276382
-53 43.27889447236183 533.2442211055277
-53 44.6105527638191 532.9778894472362
-53 45.9422110552764 532.7115577889447
-53 47.27386934673368 532.4452261306533
-53 48.60552763819098 532.5211055276382
-53 49.93718592964825 532.7874371859297
-53 51.26884422110555 533.0537688442211
-53 52.60050251256283 533.3402010050252
-53 53.93216080402013 533.8728643216081
-53 55.2638190954774 534.405527638191
-53 56.59547738693468 534.9381909547739
-53 57.92713567839198 535.2854271356784
-53 59.25879396984925 535.5517587939698
-53 60.59045226130655 535.8180904522613
-53 61.92211055276383 536.0844221105529
-53 63.25376884422113 535.9477386934674
-53 64.5854271356784 535.1487437185929
-53 65.9170854271357 534.3497487437186
-53 67.24874371859298 533.7
-53 68.58040201005028 533.2517587939699
-53 69.91206030150755 532.4527638190955
-53 71.24371859296485 531.6537688442211
-53 72.57537688442213 530.9000000000001
-53 73.9070351758794 530.7185929648242
-53 75.2386934673367 530.4522613065326
-53 76.57035175879398 530.1859296482412
-53 77.90201005025128 530
-53 79.23366834170855 530
-53 80.56532663316585 530
-53 81.89698492462313 530
-53 83.22864321608043 530
-53 84.5603015075377 530
-53 85.891959798995 530
-53 87.22361809045228 529.9552763819095
-53 88.55527638190958 528.6336683417085
-53 89.88693467336685 527.0356783919598
-53 91.21859296482413 525.4376884422111
-53 92.55025125628143 523.6989949748743
-53 93.8819095477387 508.6713567839195
-53 95.213567839196 488.69648241206
-53 96.54522613065328 468.7216080402009
-53 97.87688442211058 453.1939698492462
-53 99.20854271356785 448.9326633165829
-53 100.5402010050252 444.6713567839195
-53 101.8718592964824 440.4100502512563
-53 103.2035175879397 431.9929648241205
-53 104.535175879397 429.329648241206
-53 105.8668341708543 426.6663316582914
-53 107.1984924623116 424.0030150753769
-53 108.5301507537689 422.1638190954774
-53 109.8618090452262 420.5658291457286
-53 111.1934673366834 418.9678391959799
-53 112.5251256281407 417.1698492462311
-53 113.856783919598 415.5718592964824
-53 115.1884422110553 413.9738693467336
-53 116.5201005025126 412.3758793969849
-53 117.8517587939699 410.7075376884422
-53 119.1834170854272 409.0798994974875
-53 120.5150753768845 407.4819095477386
-53 121.8467336683417 405.88391959799
-53 123.178391959799 404.2859296482412
-53 124.5100502512563 402.6879396984925
-53 125.8417085427136 401.0899497487437
-53 127.1733668341708 399.491959798995
-53 128.5050251256282 398.2959798994975
-53 129.8366834170855 397.2306532663316
-53 131.1683417085428 396.1653266331658
-53 132.5 254.5
-53 -132.5 254.5
-53 92.80921233960649 520.7766435798419
-53 93.0718073347328 517.8132838329541
-53 93.33808725078099 514.8083401010971
-53 93.60810387793687 511.7612279369097
-53 94.09600503555646 505.4599244666531
-53 94.31317980866524 502.2023028700214
-53 94.53347825773811 498.8978261339283
-53 94.75694525100401 495.5458212349399
-53 94.98362638488574 492.1456042267139
-53 95.47155923381055 484.8266114928417
-53 95.73365490312678 480.8951764530984
-53 95.9999202620632 476.901196069052
-53 96.2704215433582 472.8436768496272
-53 96.87102002025128 464.9227283463978
-53 97.20151552875194 461.0690260019939
-53 97.53678081836672 457.159706209882
-53 102.5329510678793 436.2314513188418
-53 131.2176623860041 390.9184626837921
-53 131.2669830634651 385.6715987344518
-53 131.3163037409265 380.4247347850783
-53 131.3656244183877 375.1778708357268
-53 131.4149450958489 369.9310068863676
-53 131.4642657733102 364.6841429369906
-53 131.5135864507716 359.437278987619
-53 131.5629071282326 354.1904150382767
-53 131.6122278056938 348.9435510889253
-53 131.6615484831549 343.6966871395738
-53 131.7108691606164 338.4498231901891
-53 131.7601898380777 333.2029592408155
-53 131.809510515539 327.9560952914489
-53 131.8588311930004 322.7092313420752
-53 131.9081518704619 317.4623673926835
-53 131.9574725479232 312.2155034433099
-53 132.0067932253847 306.9686394939252
-53 132.0561139028461 301.7217755445478
-53 132.1054345803078 296.4749115951327
-53 132.1547552577694 291.2280476457376
-53 132.2040759352308 285.9811836963528
-53 132.2533966126922 280.7343197469759
-53 132.3027172901537 275.4874557975944
-53 132.3520379676153 270.2405918481899
-53 132.401358645077 264.9937278987807
-53 132.4506793225386 259.7468639493819
-53 127.1999999999921 254.5
-53 121.9000000000071 254.5
-53 116.6000000000246 254.5
-53 111.300000000042 254.5
-53 106.0000000000595 254.5
-53 100.7000000000759 254.5
-53 95.40000000008877 254.5
-53 90.10000000010621 254.5
-53 84.80000000012365 254.5
-53 79.50000000014107 254.5
-53 74.2000000001585 254.5
-53 68.90000000017592 254.5
-53 63.60000000019335 254.5
-53 58.30000000021077 254.5
-53 53.00000000022821 254.5
-53 47.70000000024564 254.5
-53 42.40000000026308 254.5
-53 37.1000000002805 254.5
-53 31.80000000029793 254.5
-53 26.50000000031535 254.5
-53 21.20000000033276 254.5
-53 15.90000000035022 254.5
-53 10.60000000036764 254.5
-53 5.300000000382624 254.5
-53 3.747686605493072e-10 254.5
-53 -5.299999999636185 254.5
-53 -10.59999999964717 254.5
-53 -15.89999999965815 254.5
-53 -21.1999999996691 254.5
-53 -26.49999999968009 254.5
-53 -31.79999999969101 254.5
-53 -37.09999999970199 254.5
-53 -42.39999999971303 254.5
-53 -47.69999999972401 254.5
-53 -52.99999999973505 254.5
-53 -58.29999999974603 254.5
-53 -63.59999999975707 254.5
-53 -68.89999999976806 254.5
-53 -74.1999999997791 254.5
-53 -79.49999999979008 254.5
-53 -84.79999999980109 254.5
-53 -90.09999999981213 254.5
-53 -95.39999999982311 254.5
-53 -100.6999999998341 254.5
-53 -105.9999999998451 254.5
-53 -111.2999999998562 254.5
-53 -116.5999999998672 254.5
-53 -121.8999999998782 254.5
-53 -127.1999999999322 254.5
-53 -132.5 259.7747048453874
-53 -132.5 265.0494096907775
-53 -132.5 270.3241145361844
-53 -132.5 275.5988193815883
-53 -132.5 280.8735242269993
-53 -132.5 286.1482290723991
-53 -132.5 291.4229339178007
-53 -132.5 296.6976387631881
-53 -132.5 301.9723436085977
-53 -132.5 307.2470484539851
-53 -132.5 312.5217532993873
-53 -132.5 317.7964581447822
-53 -132.5 323.071162990176
-53 -132.5 328.3458678355792
-53 -132.5 333.6205726809666
-53 -132.5 338.8952775263756
-53 -132.5 344.1699823717637
-53 -132.5 349.4446872171642
-53 -132.5 354.7193920625573
-53 -132.5 359.994096907926
-53 -132.5 365.2688017533305
-53 -132.5 370.5435065987044
-53 -132.5 375.8182114440969
-53 -132.5 381.0929162894977
-53 -132.5 386.3676211348969
-53 -132.5 391.6423259803153
-53 -132.5 396.9170308256822
-53 -132.5 402.1917356710851
-53 -132.5 407.4664405164624
-53 -132.5 412.7411453618515
-53 -132.5 417.986043711837
-53 -132.5 423.1460214363923
-53 -132.5 428.22119677737
-53 -132.5 433.2129598798159
-53 -132.5 438.122684553444
-53 -132.5 442.9517179559123
-53 -132.5 447.7013861384239
-53 -132.5 452.3729941160068
-53 -132.5 456.9678248508865
-53 -132.5 461.4871394598238
-53 -132.5 465.9321791827078
-53 -132.5 470.3041657032238
-53 -132.5 474.6042981706623
-53 -132.5 478.8337583369847
-53 -132.5 482.9937078108858
-53 -132.5 487.0852893439203
-53 -132.5 491.1096246668006
-53 -132.5 495.0678209981508
-53 -132.5 498.9609646499966
-53 -132.5 502.7901249945563
-53 -132.5 506.5563532109729
-53 -132.5 510.2606830225408
-53 -132.5 513.9041331821805
-53 -132.5 517.4877029254053
-53 -132.5 521.0123776054079
-53 -132.5 524.4791237042417
-53 -132.5 527.8888948514596
-53 -132.5 531.2426257099171
-53 -132.5 534.5412387696872
-53 -132.5 537.7856396206258
-53 -132.5 540.9767190042653
-53 -132.5 544.1153521536623
-53 -132.5 547.2024027950304
-53 -132.5 550.2387175788035
-53 -132.5 553.2251312458968
-53 -132.5 556.1624631664981
-53 -132.5 559.0515202965832
-53 -132.5 561.8930955311163
-53 -132.5 564.6879701194368
-53 -132.5 567.4369116417133
-53 -132.5 570.1406728139981
-52.99999999999999 -18.64321608040201 535.9467500904378
-52.99999999999999 19.74422438994675 534.651775216066
-52.99999999999999 27.96482412060303 534.1467500904379
-52.99999999999999 6.42984156255719 536.3260922348978
-52.99999999999999 -30.85879068543006 536.5723782311413
-52.99999999999999 104.499985554009 424.3183344855472
-52.99999999999999 -48.6653100215515 544.396640225338
-52.99999999999999 -81.46180576080715 556.2929812462166
-52.99999999999999 -128.0680487168131 420.5660325741146
-52.99999999999999 -41.74270699900107 540.5593129045083
-52.99999999999999 94.29683327798442 454.8843947202768
-52.99999999999999 45.04573192763544 531.6914737085283
-52.99999999999999 -127.9319716064223 378.4555638667973
-52.99999999999999 -2.649999999630708 259.0899346400657
-52.99999999999999 113.1387131738521 413.6196144120458
-52.99999999999999 -128.4875143361979 450.0371901272153
-52.99999999999999 -70.80853942914833 553.1623279798849
-52.99999999999999 52.18235896295672 532.0454641707186
-52.99999999999999 126.9943293191709 356.7711340533348
-52.99999999999999 -92.12359928318038 559.5295104432621
-52.99999999999999 -128.8672790644062 476.7190282538235
-52.99999999999999 92.64876930512753 474.6400096861673
-52.99999999999999 29.15000000030664 259.0899346400424
-52.99999999999999 -34.4499999996965 259.089934640067
-52.99999999999999 -7.787833302693206 536.9731251575735
-52.99999999999999 -129.1561442816834 497.0143928240738
-52.99999999999999 -61.48693138894737 550.0980063718447
-52.99999999999999 -127.9319716064268 346.8073347944639
-52.99999999999999 73.0841029292626 529.6560465728501
-52.99999999999999 -25.30150753768843 535.8467500904378
-52.99999999999999 91.94648796612614 493.6507928740388
-52.99999999999999 -129.422039876588 515.6959180537926
-52.99999999999999 55.65000000021949 259.0899346400424
-52.99999999999999 119.7970046311386 405.529664663302
-52.99999999999999 -109.42662988141 565.0859460703373
-52.99999999999999 -100.3356718231222 562.5964988341567
-52.99999999999999 127.2409327064561 330.5368143065189
-52.99999999999999 -60.94999999975155 259.089934640067
-52.99999999999999 99.78531512207162 433.624462644886
-52.99999999999999 -127.9319716064241 320.4338105674792
-52.99999999999999 -129.619450586052 529.5657602806883
-52.99999999999999 34.62311557788952 534.2467500904379
-52.99999999999999 -36.41607383317136 538.3286596381764
-52.99999999999999 1.102369109966826 537.2872224342543
-52.99999999999999 -127.9319716064429 399.5543832483837
-52.99999999999999 76.85000000014978 259.0899346400424
-52.99999999999999 127.438215416294 309.5493585090042
-52.99999999999999 91.25814499670516 506.8835864722902
-52.99999999999999 14.41759122411867 535.7171018492317
-52.99999999999999 -82.14999999979558 259.089934640067
-52.99999999999999 66.03476873045771 532.9014509516123
-52.99999999999999 125.2201838758427 399.218159930036
-52.99999999999999 126.7970466093179 377.7585898507893
-52.99999999999999 -129.8041998406342 542.5460355789638
-52.99999999999999 -75.02944821261971 554.3876860011183
-52.99999999999999 -55.05928991357523 548.185946070338
-52.99999999999999 78.5678391959799 528.8467500904378
-52.99999999999999 -127.9319716064296 299.3349911858929
-52.99999999999999 -14.4186064403725 536.5221779305072
-52.99999999999999 -113.640158878491 566.0533716479943
-52.99999999999999 40.82819231997235 532.7544003979244
-52.99999999999999 -85.68743061708994 557.7372023517439
-52.99999999999999 56.38161209587012 533.5419496598212
-52.99999999999999 98.05000000008232 259.0899346400429
-52.99999999999999 -65.71255624523207 551.6472526030008
-52.99999999999999 -118.7733386679647 567.9380322960171
-52.99999999999999 -129.9349429177502 551.7319244123493
-52.99999999999999 -105.4316550070379 564.186951095463
-52.99999999999999 -128.6821156436908 463.709659321266
-52.99999999999999 -128.2829940523948 435.6678222166302
-52.99999999999999 -122.7733981323429 568.770245946119
-52.99999999999999 127.6354981261355 288.5619027114318
-52.99999999999999 90.62059607771285 516.081802412775
-52.99999999999999 -127.9319716064436 362.6314493306281
-52.99999999999999 -103.3499999998396 259.089934640067
-52.99999999999999 13.25000000035893 259.0899346400424
-52.99999999999999 -18.54999999966363 259.089934640067
-52.99999999999999 23.96984924623138 534.1467500904378
-52.99999999999999 -96.34069694875055 560.9985088844081
-52.99999999999999 82.56281407035178 528.8467500904378
-52.99999999999999 48.0054119778764 531.3299159195836
-52.99999999999999 109.1437382994804 418.6135842612918
-52.99999999999999 -127.9319716064188 283.5108766496992
-52.99999999999999 69.89101386556501 530.9084736955396
-52.99999999999999 89.16886392762117 525.083433507523
-52.99999999999999 60.15527309749018 534.5316747135535
-52.99999999999999 -3.766428434702337 537.758272826781
-52.99999999999999 10.65326633165792 536.1467500904378
-52.99999999999999 96.18397214869769 445.6487601406886
-52.99999999999999 -130.0593456331262 560.4723079138495
-52.99999999999999 113.9500000000333 259.0899346400424
-52.99999999999999 -44.624670331152 541.9335896490915
-52.99999999999999 -10.65326633165828 536.8467500904378
-52.99999999999999 -125.6371793608113 569.7171018492323
-52.99999999999999 -22.55183156926855 535.8999880824789
-52.99999999999999 126.6984052544051 388.252317749509
-52.99999999999999 93.41819675469789 466.54002240851
-52.99999999999999 126.8956879642284 367.2648619520662
-52.99999999999999 91.58185710406602 500.3606330400333
-52.99999999999999 -129.7133553156514 536.1634391951563
-52.99999999999999 38.17132027800275 533.8358383834538
-52.99999999999999 -129.5223806876787 522.7457506548255
-52.99999999999999 127.7834601585094 272.8213108632787
-52.99999999999999 -129.3183179417579 508.4085181167575
-52.99999999999999 92.17334671767975 486.550265831196
-52.99999999999999 -129.0434624004615 489.097457005361
-52.99999999999999 -33.74132970822479 537.2919018600908
-52.99999999999999 127.0929706740852 346.2774061546364
-52.99999999999999 -127.9448781975419 410.1037929391567
-52.99999999999999 -127.9319716064334 389.0049735576057
-52.99999999999999 39.7500000002718 259.0899346400424
-52.99999999999999 127.3395740613728 320.0430864077661
-52.99999999999999 87.45000000011494 259.0899346400424
-52.99999999999999 66.25000000018463 259.0899346400424
-52.99999999999999 -45.04999999971852 259.089934640067
-52.99999999999999 -113.9499999998617 259.089934640067
-52.99999999999999 -92.7499999998176 259.089934640067
-52.99999999999999 -71.54999999977356 259.089934640067
-52.99999999999999 -127.9319716064293 336.2579251036713
-52.99999999999999 127.5368567712078 299.0556306102268
-52.99999999999999 -127.9319716064264 309.8844008766859
-52.99999999999999 -127.9319716064153 272.9614669588867
-52.99999999999999 -28.19334853114373 536.0503427714276
-52.99999999999999 -89.45175550954913 558.9909711959652
-52.99999999999999 17.0809078070335 535.1844385326486
-52.99999999999999 30.62814070351817 534.1467500904378
-52.99999999999999 -78.7984891778968 555.7603179296348
-52.99999999999999 -58.82361480602722 549.5653430552608
-52.99999999999999 -39.07939041608642 539.4939862713424
-52.99999999999999 85.22613065326635 528.8467500904378
-52.99999999999999 -51.29496502111422 546.008559135664
-52.99999999999999 3.765685692885963 536.8545591176705
-52.99999999999999 117.1156738636714 408.7467373328632
-52.99999999999999 75.67501521366341 529.1715584803693
-52.99999999999999 122.4603212140528 402.3336847638049
-52.99999999999999 128.248254343706 396.6100666733532
-52.99999999999999 -102.8734535813413 563.6039830812997
-52.99999999999999 -68.18766585294338 552.6090644687484
-52.99999999999999 -116.3100943383206 567.10215108887
-52.99999999999999 -128.1249232387588 570.6879376430552
-52.99999999999999 -130.138910473613 566.0624408805776
-52.99999999999999 63.2753932634175 534.4745666618205
-52.99999999999999 100.3252702456143 430.3591989002095
-52.99999999999999 97.26988707513074 431.5312266231828
-52.99999999999999 97.78641249520676 428.3091828939279
-52.99999999999999 94.68726145116339 429.4647823113713
-52.99999999999999 95.22279780425797 426.1674757375156
-52.99999999999999 92.0654967872115 427.3468217747574
-52.99999999999999 92.61094801023701 423.9911063462739
-52.99999999999999 89.39924205887178 425.1912506026897
-52.99999999999999 89.95401398184299 421.7783805509704
-52.99999999999999 86.68890823393915 422.9991530622625
-52.99999999999999 87.25273202622715 419.5303198517458
-52.99999999999999 83.9354192803341 420.7713627159344
-52.99999999999999 84.50836471526669 417.2487314236912
-52.99999999999999 81.14097048497152 418.5089444082745
-52.99999999999999 81.72248165581206 414.9337051209902
-52.99999999999999 78.30546041501414 416.2128389667494
-52.99999999999999 78.89545947761296 412.5853300362743
-52.99999999999999 75.42910973334111 413.8832777347504
-52.99999999999999 76.02754303935706 410.2038188034455
-52.99999999999999 72.51218525823776 411.5204697393895
-52.99999999999999 73.11899554117889 407.7894126882836
-52.99999999999999 69.5630718796119 409.1259593043088
-52.99999999999999 70.17555875292935 405.3569037800037
-52.99999999999999 66.58360885758051 406.7074908605865
-52.99999999999999 65.97273206719005 410.5045962511031
-52.99999999999999 62.99509085853023 408.0778630275907
-52.99999999999999 62.38382449919725 411.8680705644983
-52.99999999999999 59.41651331640541 409.4451221423526
-52.99999999999999 58.80543270887561 413.2219560165778
-52.99999999999999 55.8455504480542 410.8052033170092
-52.99999999999999 55.23566966398383 414.5730582655148
-52.99999999999999 52.28255052022633 412.1617676280316
-52.99999999999999 51.67402125828026 415.9210311858543
-52.99999999999999 48.72751203654312 413.515181709536
-52.99999999999999 48.12036550349372 417.2660302541536
-52.99999999999999 45.18042336723767 414.8655810152899
-52.99999999999999 44.57466055804535 418.6080537234491
-52.99999999999999 41.64220515558962 416.2131404141173
-52.99999999999999 41.03790202079861 419.9458618369799
-52.99999999999999 38.11286082069263 417.5570397669186
-52.99999999999999 37.51009382604072 421.2803337105136
-52.99999999999999 34.59238565548065 418.8975454483544
-52.99999999999999 33.99010866952363 422.6127806872015
-52.99999999999999 31.07831099071747 420.2343138108099
-52.99999999999999 30.47700315928721 423.9420475772695
-52.99999999999999 31.66655562088176 416.4934266151651
-52.99999999999999 27.57157543862313 421.5682291231911
-52.99999999999999 26.97143793944998 425.2677193928382
-52.99999999999999 24.07222823488407 422.8989819561869
-52.99999999999999 23.47336398501823 426.59056882734
-52.99999999999999 52.87906977235455 408.3711478146118
-52.99999999999999 20.58027914633994 424.2268722939015
-52.99999999999999 19.98270569696552 427.9106494438833
-52.99999999999999 17.09571778895924 425.551972187417
-52.99999999999999 16.49943553170677 429.227968313317
-52.99999999999999 19.36862783653718 431.5508090475024
-52.99999999999999 15.94790665401365 432.8426669310241
-52.99999999999999 18.76112696950152 435.1170093814446
-52.99999999999999 15.41213973021402 436.3824379340848
-52.99999999999999 12.63415155841152 434.1515403292105
-52.99999999999999 12.09505771185362 437.6679085906421
-52.99999999999999 18.166745543734 438.6082666760515
-52.99999999999999 9.323635249673778 435.4435139377654
-52.99999999999999 8.78484188872488 438.9534940713357
-52.99999999999999 6.017407399949231 436.7323405477646
-52.99999999999999 5.479292405731412 440.2374140259263
-52.99999999999999 2.715568685967735 438.0192707718467
-52.99999999999999 2.1781812743825 441.5196553701912
-52.99999999999999 -0.5818726988426048 439.3044824867877
-52.99999999999999 -1.11921337265472 442.8010645093479
-52.99999999999999 1.626100578699753 444.9822360197685
-52.99999999999999 -1.611387275821246 446.2388046282325
-52.99999999999999 1.0795761658472 448.3730417111294
-52.99999999999999 -2.088069824145962 449.6034080518972
-52.99999999999999 -4.7447073690407 447.5109581867615
-52.99999999999999 -5.224903043220525 450.8533276814755
-52.99999999999999 0.5453968035721311 451.6905902941088
-52.99999999999999 -7.875875191453042 448.76678511599
-52.99999999999999 -8.355927487872183 452.1040100481952
-52.99999999999999 -11.00394262193672 450.019959342875
-52.99999999999999 -11.483522341373 453.3536402766509
-52.99999999999999 -14.12855650013358 451.2717921587944
-52.99999999999999 -14.60761341208679 454.6016558890363
-52.99999999999999 -17.24969501408998 452.5221559431582
-52.99999999999999 -17.72896934060982 455.8492728793236
-52.99999999999999 -15.10066273373987 457.8965156916005
-52.99999999999999 -18.16442834079814 459.1190946626215
-52.99999999999999 -15.58975349828666 461.1210272757048
-52.99999999999999 -18.58549162206437 462.3172259890877
-52.99999999999999 -16.06765333162934 464.273518865769
-52.99999999999999 -18.99477969070479 465.442431310839
-52.99999999999999 -21.47902570807278 463.5276819899081
-52.99999999999999 -21.89202699575075 466.6324583475771
-52.99999999999999 -24.37214606188542 464.7226926085267
-52.99999999999999 -24.78602091797869 467.8254589219826
-52.99999999999999 -16.53469258142026 467.353415593291
-52.99999999999999 -27.26676244697767 465.9155689912354
-52.99999999999999 -27.68087618966549 469.0195113202731
-52.99999999999999 -30.16299583127559 467.1087625650402
-52.99999999999999 -30.5773123224038 470.2145201612004
-52.99999999999999 -33.0610787608708 468.3026647081629
-52.99999999999999 -33.47563231362651 471.4105344422077
-52.99999999999999 -35.96144123444796 469.4973733722917
-52.99999999999999 -36.37627792608822 472.6078905563796
-52.99999999999999 -31.00249572877553 473.2939456812892
-52.99999999999999 -38.86488389539022 470.6930744562826
-52.99999999999999 -39.28008485542559 473.8072700028522
-52.99999999999999 -38.46101518879625 467.5507919895534
-52.99999999999999 -41.7722156528773 471.8902298298431
-52.99999999999999 -42.18790336719999 475.0090103892873
-52.99999999999999 -44.68282573717553 473.0893810052445
-52.99999999999999 -45.09904474143712 476.2114635574829
-52.99999999999999 -47.59617730015273 474.2897741761288
-52.99999999999999 -48.01284539427761 477.4145018607295
-52.99999999999999 -45.52618777207063 479.307090729302
-52.99999999999999 -48.38407664047426 480.4821540498172
-52.99999999999999 -45.95307554939735 482.3317391944118
-52.99999999999999 -48.74507026734078 483.4790107627639
-52.99999999999999 -51.15246251921621 481.668851967001
-52.99999999999999 -51.51652338418692 484.6589451446516
-52.99999999999999 -46.37093835754657 485.2857586424637
-52.99999999999999 -53.92509192006938 482.848478384888
-52.99999999999999 -54.28989137462067 485.8411544995125
-52.99999999999999 -56.7012539553041 484.0286435457899
-52.99999999999999 -57.06654786622164 487.0249227037322
-52.99999999999999 40.41709379314147 423.6349846014697
-52.99999999999999 -59.48049215669985 485.2102175041087
-52.99999999999999 -59.84623748313982 488.2096191938132
-52.99999999999999 -57.44296065442083 489.9951175008255
-52.99999999999999 -60.1676307055918 491.1523656101449
-52.99999999999999 -57.81942226512844 492.8949203469065
-52.99999999999999 -60.47826091762607 494.024421405821
-52.99999999999999 -62.79883498130091 492.3206111136045
-52.99999999999999 -63.11385778947314 495.181874793495
-52.99999999999999 -58.18686985479992 495.7241465186261
-52.99999999999999 -65.43648011966663 493.4781822429601
-52.99999999999999 -65.7524160017871 496.343940581177
-52.99999999999999 -68.0790621388695 494.6371448259981
-52.99999999999999 -68.39565831686329 497.5079184720097
-52.99999999999999 67.20210057169038 402.9006252518341
-52.99999999999999 -70.7265196584561 495.7980208518058
-52.99999999999999 -71.04372527406026 498.6740378023512
-52.99999999999999 -68.72258742155063 500.3552396726253
-52.99999999999999 -71.31819569005323 501.4959142737735
-52.99999999999999 -69.04890040242303 503.136207829667
-52.99999999999999 -71.581845645115 504.2505624343754
-52.99999999999999 -69.3665012922115 505.8501852459326
-52.99999999999999 -71.83678909121181 506.9374829778719
-52.99999999999999 -69.67593831444947 508.4969953134552
-52.99999999999999 -72.08423120839321 509.5571242593383
-52.99999999999999 -74.21301021458257 508.0345403716203
-52.99999999999999 -74.46765266415764 510.640018078896
-52.99999999999999 -72.3505069183623 512.1354298507093
-52.99999999999999 -74.68499304027577 513.1941122506752
-52.99999999999999 -76.77984320696113 511.7295568309213
-52.99999999999999 -77.00185635663291 514.277595732324
-52.99999999999999 -73.3782501213518 496.9610538640642
-52.99999999999999 17.6791493861853 421.8420438897387
-52.99999999999999 -72.61651410650452 514.6520739828306
-52.99999999999999 -16.78448580924927 449.1627534280431
-52.99999999999999 -73.07453615830312 494.049019111649
-52.99999999999999 -79.10174470292274 512.8109388204114
-52.99999999999999 -79.3248709925429 515.3669879188378
-52.99999999999999 70.82544627271196 401.5422743978356
-52.99999999999999 67.82644874193156 399.0543094919029
-52.99999999999999 -81.43139828281035 513.895338650473
-52.99999999999999 -81.65537945535912 516.4594189177327
-52.99999999999999 71.49772612934706 397.6804259495231
-52.99999999999999 68.46292462730233 395.162977271104
-52.99999999999999 -75.7892739927365 495.2377379262535
-52.99999999999999 -75.47855215265888 492.253097163344
-52.99999999999999 -83.76870691071443 514.9829896494797
-52.99999999999999 -83.99439573529861 517.5567347180214
-52.99999999999999 -81.88765474070601 519.0058635119904
-52.99999999999999 -84.17595225583526 520.0766339290175
-52.99999999999999 -82.12159942476501 521.4864067922457
-52.99999999999999 -84.34787088633003 522.5288687220492
-52.99999999999999 -86.37367747647772 521.1547019203895
-52.99999999999999 -86.55241452784016 523.5985100972651
-52.99999999999999 72.17723180875014 393.7733159681107
-52.99999999999999 69.10609302169907 391.2233891213763
-52.99999999999999 -82.34891561682177 523.8993852663674
-52.99999999999999 54.60993038155107 418.2990395418915
-52.99999999999999 72.86825491158655 389.8166385233038
-52.99999999999999 69.75881250038394 387.2349292439524
-52.99999999999999 -78.25752995326614 493.4722807991912
-52.99999999999999 -77.94023666780146 490.4187521337427
-52.99999999999999 83.37847370127139 424.2752467932597
-52.99999999999999 73.56769033959893 385.8108499078656
-52.99999999999999 70.41962920114348 383.1966668088953
-52.99999999999999 -0.05845579317787042 435.7747077420867
-52.99999999999999 -88.58482719834466 522.2214216051443
-52.99999999999999 -88.76508678659405 524.6758019007131
-52.99999999999999 66.58433793928526 384.6422629480679
-52.99999999999999 67.24415188755479 380.5823289172899
-52.99999999999999 63.38354866915697 382.0384928581938
-52.99999999999999 64.04754994068074 377.9531768416549
-52.99999999999999 60.16302637475557 379.418430376636
-52.99999999999999 60.83113783443205 375.3079124529916
-52.99999999999999 56.92263775604226 376.7821917729284
-52.99999999999999 57.59490957407935 372.646366456768
-52.99999999999999 53.66235952092605 374.1296877237068
-52.99999999999999 54.33880589664267 369.9684605792237
-52.99999999999999 50.38211301618155 371.4608580738002
-52.99999999999999 51.06268652072431 367.273961420122
-52.99999999999999 47.08154875659901 368.7755951077154
-52.99999999999999 47.76453668871564 364.5581139619053
-52.99999999999999 43.75110209507184 366.0722126029593
-52.99999999999999 44.43883431522254 361.8189179311204
-52.99999999999999 40.38996639521778 363.3464887118048
-52.99999999999999 41.08366086054793 359.0555420808895
-52.99999999999999 36.99876194576832 360.5967045097193
-52.99999999999999 37.6986308670256 356.2675718587658
-52.99999999999999 33.57884788227469 357.8226858914607
-52.99999999999999 41.81730504680921 354.7158219191373
-52.99999999999999 34.28444259625012 353.4573477178133
-52.99999999999999 30.13017950272832 355.0255640354908
-52.99999999999999 30.84165064130551 350.6237708876295
-52.99999999999999 26.65266704575441 352.2050914737563
-52.99999999999999 27.3703818155359 347.7672919253158
-52.99999999999999 23.14764096798021 349.3612950137802
-52.99999999999999 22.43248691186432 353.8246336706698
-52.99999999999999 18.92717742410512 350.9740198317435
-52.99999999999999 18.21187484046898 355.4340956551505
-52.99999999999999 14.70825872285441 352.5847914655999
-52.99999999999999 13.99317454411243 357.0428309521438
-52.99999999999999 10.49135192544426 354.1947564313078
-52.99999999999999 9.775676700993856 358.6515614271618
-52.99999999999999 6.273829001014998 355.8033693816353
-52.99999999999999 5.557978389611456 360.2603607765921
-52.99999999999999 2.056249664299818 357.4119545939749
-52.99999999999999 1.34033139768724 361.8687320578303
-52.99999999999999 -2.160918462147349 359.0204159825985
-52.99999999999999 -2.87681564250535 363.4765093689545
-52.99999999999999 -6.377228062677376 360.628594659417
-52.99999999999999 -7.093019857898152 365.0835451885907
-52.99999999999999 -10.59305994653151 362.2362024513223
-52.99999999999999 -11.30874241326733 366.6907901625416
-52.99999999999999 -14.80881990110394 363.8436758059451
-52.99999999999999 -15.52605192715741 368.3003527668636
-52.99999999999999 -19.03064877838175 365.450290967887
-52.99999999999999 -19.74886927779075 369.9132113786236
-52.99999999999999 -23.25871509453887 367.0591177174685
-52.99999999999999 -23.97795813321312 371.52879104534
-52.99999999999999 -22.54691762593136 362.5695682722414
-52.99999999999999 -26.8104088255007 364.1948121356765
-52.99999999999999 -26.09427413922575 359.6686276995559
-52.99999999999999 -30.39386925486875 361.3080898392037
-52.99999999999999 -29.6714871059248 356.74486987044
-52.99999999999999 2.764125006556026 352.9345787908757
-52.99999999999999 -34.00570262198223 358.3975288172725
-52.99999999999999 -33.27746691465426 353.7976551533133
-52.99999999999999 -37.64643668068358 355.4635580143175
-52.99999999999999 -36.91235243165912 350.8268094556244
-52.99999999999999 23.87120137242039 344.8877873826308
-52.99999999999999 58.29889314071612 368.4718586454504
-52.99999999999999 -38.37455114053665 360.0929277675306
-52.99999999999999 28.12625282308066 343.2828974928308
-52.99999999999999 -41.31476053286048 352.5063096263063
-52.99999999999999 -40.57533839576835 347.8348477909116
-52.99999999999999 24.60036536232045 340.377859968867
-52.99999999999999 28.89260451263739 338.7605350774888
-52.99999999999999 -45.01073017008753 349.5270426117455
-52.99999999999999 -44.26581483237671 344.8206575713362
-52.99999999999999 -39.80208102608263 343.1217518772991
-52.99999999999999 -43.51105229073175 340.0902355233769
-52.99999999999999 -39.02249833956677 338.3832884389719
-52.99999999999999 25.33812563650619 335.8315348175747
-52.99999999999999 29.66541938836067 334.2014247095609
-52.99999999999999 -48.00093263544653 341.799276712603
-52.99999999999999 -47.24302125863563 337.0381320979029
-52.99999999999999 -51.76419148973275 338.7593185261925
-52.99999999999999 -51.00120106516676 333.9648803642651
-52.99999999999999 26.08235193965684 331.2484828990409
-52.99999999999999 30.44491725457434 329.6052920592148
-52.99999999999999 71.10903397061571 379.1235901687907
-52.99999999999999 -20.47138900888693 374.3648921646893
-52.99999999999999 -24.66702469698993 375.9665763354003
-52.99999999999999 -55.55424137834003 335.6982366817252
-52.99999999999999 -54.78589734916137 330.8700033376678
-52.99999999999999 -21.1930658753042 378.7705561638803
-52.99999999999999 -25.33866194954904 380.3526943881158
-52.99999999999999 26.83284010557773 326.6282207203605
-52.99999999999999 31.23100983262686 324.9717267154454
-52.99999999999999 -80.78227825202814 491.6666839122418
-52.99999999999999 -80.45814261036091 488.5446702415357
-52.99999999999999 -90.80757534690376 523.2919836594102
-52.99999999999999 -90.98887417303517 525.7588227994511
-52.99999999999999 -59.36977421217477 332.6157972683006
-52.99999999999999 -60.13784546032117 337.469246381566
-52.99999999999999 -58.59584371962273 327.7571140385522
-52.99999999999999 -53.98757217398733 326.0049213461317
-52.99999999999999 -21.90740379295016 383.1211290235548
-52.99999999999999 -26.00029643441784 384.6833439195805
-52.99999999999999 4.834017468407716 364.6960844462671
-52.99999999999999 -83.36342749621934 489.820869091598
-52.99999999999999 -83.0322166913537 486.6298145464219
-52.99999999999999 27.58955425397796 321.9703243526661
-52.99999999999999 23.16215167836933 323.6414712939431
-52.99999999999999 32.02365085378143 320.3003522008161
-52.99999999999999 35.68513429890309 323.3245695387349
-52.99999999999999 36.48320673357267 318.629700359704
-52.99999999999999 40.1648437688301 321.670801314266
-52.99999999999999 40.97021800049749 316.9467000921064
-52.99999999999999 44.67862803271714 320.009618773369
-52.99999999999999 -93.04197917106968 524.3678493168389
-52.99999999999999 -93.22427757407141 526.8476244431063
-52.99999999999999 -91.17674218301994 528.2122521448192
-52.99999999999999 -93.36259348146389 529.2735693966798
-52.99999999999999 -91.36813372955338 530.5996783729897
-52.99999999999999 -93.49241493427904 531.6317021579823
-52.99999999999999 76.71392322762753 388.4241587782055
-52.99999999999999 -22.61261783958302 387.4161702582271
-52.99999999999999 -26.6528563458881 388.9584111305004
-52.99999999999999 -57.81439292324385 322.8763520638169
-52.99999999999999 -53.18351947984988 321.116675137086
-52.99999999999999 -62.44571123800694 324.6377786729689
-52.99999999999999 -95.46031458671546 530.3407241831202
-52.99999999999999 -95.59687895059045 532.6942666990948
-52.99999999999999 -91.55405539191474 532.919268295895
-52.99999999999999 39.70498852930941 367.6263446276567
-52.99999999999999 45.49019372248895 315.2505938790828
-52.99999999999999 49.22484075727652 318.3361818156151
-52.99999999999999 23.92147064584578 318.9527740363444
-52.99999999999999 19.46252456924312 320.6364957332779
-52.99999999999999 -86.00152076602453 487.9343360462519
-52.99999999999999 -85.6630429935382 484.6731954002655
-52.99999999999999 -23.30869606401032 391.6559068128687
-52.99999999999999 -27.29670178220932 393.1782762015952
-52.99999999999999 -30.61412658733204 390.5130706289774
-52.99999999999999 -31.26224774931431 394.717026742373
-52.99999999999999 -34.58080627214266 392.0534684829935
-52.99999999999999 -35.23043423017816 396.261942238957
-52.99999999999999 -38.55462882201001 393.5944375056449
-52.99999999999999 -39.20742691722293 397.8129692857161
-52.99999999999999 -42.54135772826276 395.1372844413744
-52.99999999999999 -43.19647236980242 399.3684624635748
-52.99999999999999 -46.54134455183027 396.6842700222519
-52.99999999999999 -47.19864263992147 400.9295347815176
-52.99999999999999 -50.55491564377715 398.2363626701605
-52.99999999999999 -51.21444893491916 402.496189207323
-52.99999999999999 -54.58063402941048 399.7940453106258
-52.99999999999999 -55.24390576597858 404.0680913049069
-52.99999999999999 -58.62879791964039 401.3543155076285
-52.99999999999999 -59.29520825499436 405.6534046629915
-52.99999999999999 -55.90195154003774 408.3556932691608
-52.99999999999999 -59.92742816598874 409.9288776284811
-52.99999999999999 -56.56329615263655 412.6002423761794
-52.99999999999999 -60.53759142876113 414.1512350151445
-52.99999999999999 -63.8832448179776 411.512496907083
-52.99999999999999 -64.50091413643176 415.7359835488639
-52.99999999999999 -61.15613990732729 418.3526398611289
-52.99999999999999 -65.07665374839156 419.9180083014322
-52.99999999999999 -39.8628587353023 402.0248000442327
-52.99999999999999 -61.7732579678106 422.4992570415445
-52.99999999999999 -65.64012720423402 424.0435348505634
-52.99999999999999 -68.92650950802583 421.4934300602633
-52.99999999999999 -69.49877881268858 425.6236004360078
-52.99999999999999 -57.96838184538621 397.0361118442324
-52.99999999999999 -66.21045202298528 428.1523611078134
-52.99999999999999 -70.02847876026175 429.7148094021362
-52.99999999999999 -19.31351960666048 390.1348240626028
-52.99999999999999 -73.30466772398705 427.2107369808456
-52.99999999999999 -73.84215737905799 431.3091863696709
-52.99999999999999 -70.56412782192562 433.7918238220315
-52.99999999999999 -74.33621743598358 435.3669785006441
-52.99999999999999 -61.66158978221703 319.7301938710073
-52.99999999999999 -66.32027863061001 321.5022752495273
-52.99999999999999 50.0415856654685 313.5447206912133
-52.99999999999999 53.80109935343049 316.6509025533556
-52.99999999999999 85.14011595314136 413.6547201317878
-52.99999999999999 -97.57460564079456 531.3987757246754
-52.99999999999999 -97.71258196805987 533.7667808969219
-52.99999999999999 -59.12727142627156 482.1816669620015
-52.99999999999999 20.2271529224839 315.9153337668303
-52.99999999999999 15.73747216378792 317.6106952621128
-52.99999999999999 -77.60189929383988 432.9103891037835
-52.99999999999999 -78.10302580768104 436.9754862291939
-52.99999999999999 -74.83644797045262 439.4103526980408
-52.99999999999999 -78.56183384627303 440.9996432167191
-52.99999999999999 54.62321553493567 311.8276461673082
-52.99999999999999 58.40614292137078 314.9541323421235
-52.99999999999999 -92.87350182407226 521.8595647237835
-52.99999999999999 -23.99573852801372 395.8408108539948
-52.99999999999999 -65.53171708732498 316.5656147004212
-52.99999999999999 -88.69747048624968 486.0063842967739
-52.99999999999999 -88.35155259315668 482.6738417982867
-52.99999999999999 -85.25585578243425 481.3183730888201
-52.99999999999999 -87.99225593666883 479.2816251152852
-52.99999999999999 -89.0310141539855 489.3217102018922
-52.99999999999999 -70.21824628139294 318.3483191340881
-52.99999999999999 -75.33624734051078 443.3996967165114
-52.99999999999999 59.23358795229147 310.1011148246823
-52.99999999999999 63.04017257079943 313.2471907711187
-52.99999999999999 62.20340206708465 318.1192502350091
-52.99999999999999 66.83031422228045 316.406030067049
-52.99999999999999 67.6816070253324 311.5313787835241
-52.99999999999999 65.99740009286313 321.2611557326372
-52.99999999999999 70.60952777217786 319.5533751625464
-52.99999999999999 69.77933789043681 324.3930931655657
-52.99999999999999 16.50738538316705 312.8570911411869
-52.99999999999999 11.98686554650431 314.564080420226
-52.99999999999999 -99.70327430325449 532.4627671073184
-52.99999999999999 -99.84230586944126 534.8465019009051
-52.99999999999999 41.75476912768789 312.1667362568167
-52.99999999999999 -69.42451644026612 313.3834145472497
-52.99999999999999 -81.38603403513434 434.5073351938435
-52.99999999999999 -19.96153649800354 450.4347085413509
-52.99999999999999 -19.4867615651568 447.0168391749679
-52.99999999999999 -22.70890706392007 448.3111622558829
-52.99999999999999 -22.22772807351287 444.8511928908247
-52.99999999999999 -25.4880409408656 446.1612237268855
-52.99999999999999 -25.0026102488047 442.6572951670851
-52.99999999999999 -28.30611325827281 443.9852210431324
-52.99999999999999 74.37662642445108 322.6906343932313
-52.99999999999999 73.55045111858959 327.5180920333634
-52.99999999999999 12.76212160659555 309.7779369462196
-52.99999999999999 8.212798000162344 311.4969002421842
-52.99999999999999 -91.74010439265902 487.3747165436859
-52.99999999999999 -92.0761735291197 490.7005716141414
-52.99999999999999 -27.81478142801694 440.4344630241259
-52.99999999999999 -74.13573319965714 315.1761396284531
-52.99999999999999 -74.92927977400305 320.1611732879022
-52.99999999999999 -84.84073101279547 477.9040765583111
-52.99999999999999 -87.62189788061563 475.8351534697931
-52.99999999999999 -101.8427388750228 533.5339045375105
-52.99999999999999 -101.982851205999 535.9280944415278
-52.99999999999999 -99.9909810525794 537.2112023910672
-52.99999999999999 -102.0767775417165 538.2615266558147
-52.99999999999999 -100.1441651601452 539.503211853907
-52.99999999999999 -102.1628957577826 540.520407980356
-52.99999999999999 -101.7191048417788 531.1086215468404
-52.99999999999999 -62.07118770813323 398.618241295759
-52.99999999999999 -61.40150009542569 394.2440881541905
-52.99999999999999 -65.55535543058971 395.8464698981462
-52.99999999999999 -64.87825956655439 391.4164940456685
-52.99999999999999 -69.08577401634064 393.0401330990222
-52.99999999999999 -68.40021451428632 388.5531818371406
-52.99999999999999 -72.66223315931875 390.1978385133419
-52.99999999999999 -71.9678068214331 385.652700695165
-52.99999999999999 -76.28477071145153 387.3187534619855
-52.99999999999999 -75.58095473893229 382.7164944346031
-52.99999999999999 -73.33799237033848 310.1857574363158
-52.99999999999999 -68.60537978408247 308.3873116317843
-52.99999999999999 -100.2922936364557 541.721023194889
-52.99999999999999 -102.2446706594369 542.7053568862116
-52.99999999999999 -104.0841455937139 541.5425071267026
-52.99999999999999 -104.1755651082616 543.7234489751985
-52.99999999999999 -31.16297791481065 441.7805331322506
-52.99999999999999 -76.97949577602519 391.9114007522678
-52.99999999999999 -90.82862077683441 477.2336940016991
-52.99999999999999 -90.45341511712589 473.7183771522257
-52.99999999999999 55.42738630214271 306.9562052497485
-52.99999999999999 49.71193160378854 375.634857958728
-52.99999999999999 42.2340734746694 412.4483394248238
-52.99999999999999 -79.95008606879381 384.4032765294328
-52.99999999999999 -79.23792893631791 379.7460281561532
-52.99999999999999 78.13904842496542 325.8189635727877
-52.99999999999999 77.31454665158488 330.637801557291
-52.99999999999999 78.98147673300076 320.979094967603
-52.99999999999999 8.992887438179469 306.6819569746968
-52.99999999999999 4.416575919388842 308.4111937188868
-52.99999999999999 13.56918342914514 304.9529334787577
-52.99999999999999 3.639691346291024 313.2449877544591
-52.99999999999999 -0.1564207673980826 310.1555515811131
-52.99999999999999 -47.19144229812044 471.1365196524036
-52.99999999999999 -30.66515894110047 438.1816370145766
-52.99999999999999 -27.27358379586769 436.8200888893755
-52.99999999999999 -78.07335137146869 311.9877362957038
-52.99999999999999 -103.9926088034695 534.6092850199042
-52.99999999999999 -13.66805095140855 466.2127570222326
-52.99999999999999 -14.12668013598266 469.232628769558
-52.99999999999999 -11.31488242587288 468.1148956864781
-52.99999999999999 -11.76477172208008 471.0787241362799
-52.99999999999999 -9.004525578029799 469.9816516878191
-52.99999999999999 -9.446018026740033 472.891792710646
-52.99999999999999 -6.73528889853982 471.8144731882198
-52.99999999999999 -7.169114480865703 474.6718902991943
-52.99999999999999 -4.507697402577698 473.6143170924063
-52.99999999999999 -4.93356774319735 476.4201582005705
-52.99999999999999 -2.319832145847165 475.3816309446866
-52.99999999999999 -2.732403698423057 478.1516337032222
-52.99999999999999 -0.1423591328390201 477.121675676036
-52.99999999999999 -0.5502508618894049 479.8675297437894
-52.99999999999999 2.017915403537701 478.8458034377683
-52.99999999999999 1.611560637560414 481.5628859749491
-52.99999999999999 4.149400413048618 480.5535064182897
-52.99999999999999 -0.9151291698419345 482.5587806402179
-52.99999999999999 1.197293902575713 484.2150341778181
-52.99999999999999 -1.269563342053552 485.1860767232715
-52.99999999999999 0.7913270497004332 486.8026570218437
-52.99999999999999 -1.616332608262613 487.7501027644306
-52.99999999999999 0.3948405461656949 489.3280097305319
-52.99999999999999 -1.955188652259794 490.252659752338
-52.99999999999999 0.007739254876222068 491.7928429724216
-52.99999999999999 -2.286095608896727 492.6953377472743
-52.99999999999999 -0.3701498120895929 494.1986989889922
-52.99999999999999 1.878256460862903 493.3192517168023
-52.99999999999999 -2.609138247659318 495.0795975952486
-52.99999999999999 1.507203078387937 495.6844877570148
-52.99999999999999 3.719282603209421 494.8197911920533
-52.99999999999999 3.353939183712569 497.1469997997189
-52.99999999999999 5.530552566672109 496.2964200639321
-52.99999999999999 5.170965026612238 498.5864849677976
-52.99999999999999 7.312971485193281 497.7495604793374
-52.99999999999999 6.959027704049374 500.0032491869995
-52.99999999999999 9.067096353775202 499.1796852668708
-52.99999999999999 4.855565607864055 500.8212593797037
-52.99999999999999 8.718679118355192 501.3976285079344
-52.99999999999999 10.79337067833361 500.5872042083834
-52.99999999999999 10.45038718440026 502.7699883969597
-52.99999999999999 12.49226954103969 501.9724930193889
-52.99999999999999 12.84372152852744 499.8070798753511
-52.99999999999999 14.55813431377745 501.1965607145963
-52.99999999999999 14.91598948712955 499.0026149624925
-52.99999999999999 16.64725861917722 500.4111606188924
-52.99999999999999 17.00702510133047 498.2007250337743
-52.99999999999999 18.75042970794861 499.6189736641427
-52.99999999999999 19.11319166770018 497.3923645886411
-52.99999999999999 20.87068766963056 498.8215534104256
-52.99999999999999 21.23715807705143 496.5756943122432
-52.99999999999999 23.01158972667475 498.0180681977649
-52.99999999999999 23.3816590973873 495.7501487011669
-52.99999999999999 25.17365818164053 497.2067123355803
-52.99999999999999 25.54782181753254 494.915758488066
-52.99999999999999 27.35925319436296 496.3876369952279
-52.99999999999999 27.73802665362291 494.0708852398165
-52.99999999999999 29.57899149227138 495.5612100564772
-52.99999999999999 29.96839004627742 493.1979810443048
-52.99999999999999 31.8486020834425 494.7214868615023
-52.99999999999999 32.24702050113465 492.3078139348019
-52.99999999999999 34.16686731938537 493.8644372064547
-52.99999999999999 34.57390902214925 491.4001918778
-52.99999999999999 36.53362132942883 492.9896353405634
-52.99999999999999 36.94916108244051 490.4744532116551
-52.99999999999999 38.94920599215441 492.0968030744554
-52.99999999999999 39.37325297583757 489.5300248068457
-52.99999999999999 34.94766660282719 488.8491060943397
-52.99999999999999 26.97306001931009 498.6826555563462
-52.99999999999999 41.41426175699488 491.1856282263807
-52.99999999999999 41.8469141658701 488.5663915913847
-52.99999999999999 36.10918890943213 495.4803413818358
-52.99999999999999 18.38091111240883 501.8258814686379
-52.99999999999999 43.92963318349566 490.2557722564878
-52.99999999999999 44.37102694224519 487.5830993427515
-52.99999999999999 46.49626379911304 489.3068683598465
-52.99999999999999 46.03641254981716 492.0086565757497
-52.99999999999999 46.94655122489434 486.5797204369653
-52.99999999999999 44.77697920469989 484.8179352018685
-52.99999999999999 47.4110653455288 483.7909231852098
-52.99999999999999 45.19078894286608 481.987811311939
-52.99999999999999 47.88628428427549 480.9372248995122
-52.99999999999999 45.61525916282711 479.0936600680905
-52.99999999999999 48.37087499391589 478.0196920964927
-52.99999999999999 46.05045420240489 476.1380946792185
-52.99999999999999 48.86216234749783 475.0422357694328
-52.99999999999999 48.59190781938647 491.0535803562053
-52.99999999999999 48.13639913364925 493.7311813528422
-52.99999999999999 46.49443699498264 473.1222368365853
-52.99999999999999 49.36347125574176 472.0040979167313
-52.99999999999999 50.66721279453787 492.7841731807305
-52.99999999999999 50.21706613096185 495.4364035209509
-52.99999999999999 -4.494855869681269 493.6100878922201
-52.99999999999999 -4.818565355865218 495.970140047041
-52.99999999999999 -6.692006516093359 494.5109487021386
-52.99999999999999 -7.013981460475857 496.8565709580974
-52.99999999999999 -8.876512691899972 495.4059988562876
-52.99999999999999 -9.196800523869806 497.738276645967
-52.99999999999999 -11.04902103813084 496.2957830890246
-52.99999999999999 -11.36872654770956 498.6167080837224
-52.99999999999999 -13.21352726980413 497.1801062183112
-52.99999999999999 -13.53202479495396 499.4918961834475
-52.99999999999999 -11.70269205549829 500.902433587994
-52.99999999999999 -13.82163750775576 501.7590002160076
-52.99999999999999 -12.03230022415797 503.1362310724508
-52.99999999999999 -14.10025369941488 503.9719804861621
-52.99999999999999 -12.35451646781903 505.3152647617743
-52.99999999999999 -14.37153180369835 506.1305599490886
-52.99999999999999 -12.66869423541896 507.440663274282
-52.99999999999999 -14.63595289389164 508.2359506969011
-52.99999999999999 -16.31170909346815 506.9561884290438
-52.99999999999999 -16.57768325550938 509.0414843229144
-52.99999999999999 -18.24465208923671 507.7692565990549
-52.99999999999999 -18.50951604191304 509.8445094345043
-52.99999999999999 -20.16886805934059 508.5781981149572
-52.99999999999999 -12.97510187907831 509.5135129385154
-52.99999999999999 -20.43338922210057 510.6451704483408
-52.99999999999999 -22.08701302720233 509.383135400352
-52.99999999999999 -22.35066056423866 511.4429640264422
-52.99999999999999 -23.99869153362505 510.1852374031946
-52.99999999999999 -24.26142055307843 512.2380894938888
-52.99999999999999 -25.90389421460287 510.9846433112818
-52.99999999999999 -26.1657044695736 513.0305548266188
-52.99999999999999 -27.80219487014122 511.7814298185374
-52.99999999999999 -28.06297982819815 513.8196398635554
-52.99999999999999 -29.69334575519056 512.5752492733569
-52.99999999999999 -23.74522804631137 508.1101890169781
-52.99999999999999 -29.95312006719574 514.6058236808927
-52.99999999999999 -31.57822108733721 513.3660183090908
-52.99999999999999 46.94761033773739 470.0451359422051
-52.99999999999999 49.87475329472461 468.9044235119152
-52.99999999999999 44.04184747748622 471.1891165423168
-52.99999999999999 -31.83723671496927 515.3904988933756
-52.99999999999999 -33.4578714547432 514.1543422666034
-52.99999999999999 -33.71620524689881 516.1734511293528
-52.99999999999999 -35.33318096980036 514.9404874243487
-52.99999999999999 -35.59111172152057 516.9555286999315
-52.99999999999999 -37.20564011173922 515.7248361285656
-52.99999999999999 -37.46383169537242 517.737938964765
-52.99999999999999 -39.07822633587665 516.5077752464503
-52.99999999999999 52.72545473740539 494.4978213404126
-52.99999999999999 52.27932591652088 497.1266913052704
-52.99999999999999 -39.33643452969046 518.5210327518754
-52.99999999999999 -40.95147929787598 517.2907100469552
-52.99999999999999 -41.20978179880971 519.3049798589084
-52.99999999999999 47.41071599475669 466.9075187721762
-52.99999999999999 50.39395527776567 465.7450904178046
-52.99999999999999 -20.71076086904647 512.6812927374868
-52.99999999999999 54.76595163630332 496.1963909325539
-52.99999999999999 54.32359010313737 498.802426178984
-52.99999999999999 51.22472496961584 476.9613241563997
-52.99999999999999 -42.82658560029246 518.0739501431293
-52.99999999999999 -43.08517273887995 520.0908218592788
-52.99999999999999 -31.32826939313817 511.3200257536514
-52.99999999999999 -38.82822588771869 514.4748725813956
-52.99999999999999 -44.70498535042781 518.8581296150555
-52.99999999999999 -44.96408733777422 520.8792003334
-52.99999999999999 56.78026350721464 497.8788723223688
-52.99999999999999 56.34463312391583 500.4492653498276
-52.99999999999999 53.9438105628031 501.3320586630869
-52.99999999999999 55.89088542086184 502.9212695512858
-52.99999999999999 53.57630812759926 503.7696839371488
-52.99999999999999 55.45080544819831 505.3021089500789
-52.99999999999999 53.2163003830943 506.1227301447208
-52.99999999999999 55.02797691348797 507.6032967884935
-52.99999999999999 57.20356785355835 506.8136077596093
-52.99999999999999 52.86864675004243 508.3968328746332
-52.99999999999999 56.79564032725759 509.0814864491888
-52.99999999999999 58.94704365798299 508.2978366543076
-52.99999999999999 4.569589892934789 477.8449754043986
-52.99999999999999 47.88866406983581 463.7248325768169
-52.99999999999999 50.9039570939925 462.549129077857
-52.99999999999999 -46.58817626857449 519.6438477100943
-52.99999999999999 -46.8474268272932 521.6699302998176
-52.99999999999999 25.89837242430681 492.5631850284537
-52.99999999999999 58.54591734677424 510.5416159237548
-52.99999999999999 60.67094918440475 509.7637686081533
-52.99999999999999 53.42379212076715 464.58990964933
-52.99999999999999 53.94747403504752 461.3672363869734
-52.99999999999999 -28.33658201341249 515.8270725075567
-52.99999999999999 -48.47443556228338 520.4321161590733
-52.99999999999999 -48.73411676085382 522.4616407307137
-52.99999999999999 57.24941027588502 495.2701624120621
-52.99999999999999 59.29849935598789 496.9852080544748
-52.99999999999999 59.77794302973901 494.3307617291393
-52.99999999999999 48.37138921566957 460.5083944119004
-52.99999999999999 60.27647757677273 511.9777489341976
-52.99999999999999 62.37337762037627 511.2092277258523
-52.99999999999999 58.20433593770752 512.7139673325871
-52.99999999999999 -46.3347873607584 517.6015111523591
-52.99999999999999 -50.36306399798736 521.2218384824436
-52.99999999999999 -50.62308943501229 523.2534988370132
-52.99999999999999 56.49531810185324 463.4351446628953
-52.99999999999999 57.02761614501481 460.175769233766
-52.99999999999999 -33.98493719028204 518.1676427614511
-52.99999999999999 59.86239750571231 514.0964975249655
-52.99999999999999 61.86809733471546 496.0788049951081
-52.99999999999999 62.36060137654638 493.3662808404042
-52.99999999999999 57.86666897817541 514.8044472167752
-52.99999999999999 45.32677891766743 461.6959002402816
-52.99999999999999 45.81828724718619 458.4593185190764
-52.99999999999999 42.76180173885453 459.6507708239412
-52.99999999999999 -12.15371335549014 473.9654202608723
-52.99999999999999 -52.25308669473001 522.0124108489297
-52.99999999999999 -52.51329778769665 524.0450939649819
-52.99999999999999 -39.60175418362308 520.5172971241715
-52.99999999999999 12.15461610993878 504.1207094007761
-52.99999999999999 10.14868445287192 504.9011407550315
-52.99999999999999 11.81784321611572 506.2232313431043
-52.99999999999999 9.855705607598217 506.9857448524277
-52.99999999999999 11.48690296293056 508.2774311536407
-52.99999999999999 9.570015635328797 509.0223429653997
-52.99999999999999 11.16338478685929 510.2837457286797
-52.99999999999999 9.291435494862716 511.0112890555868
-52.99999999999999 10.84750659709438 512.2430087935201
-52.99999999999999 9.019568233566741 512.9535248656324
-52.99999999999999 10.53911591412096 514.1562332338752
-52.99999999999999 12.3307512893087 513.4635582913469
-52.99999999999999 8.754199919206297 514.8500827952741
-52.99999999999999 12.02832813146615 515.3447378157434
-52.99999999999999 13.79166385155779 514.6633171903993
-52.99999999999999 13.4938832501467 516.5149727567999
-52.99999999999999 15.22958495694807 515.8443337157223
-52.99999999999999 7.25761885916498 513.673835384257
-52.99999999999999 6.993143598676774 515.5505367190452
-52.99999999999999 14.93638158597125 517.6669162122578
-52.99999999999999 16.64485740907592 517.0068875340304
-52.99999999999999 5.508414497676785 514.384314045853
-52.99999999999999 5.245870429019425 516.2467840375386
-52.99999999999999 16.35618170012691 518.8008524278479
-52.99999999999999 18.03787663061907 518.151253664621
-52.99999999999999 14.67841739476523 519.4457459321148
-52.99999999999999 59.46266088567984 516.1366096988806
-52.99999999999999 43.25479783234994 456.3992804390935
-52.99999999999999 40.18303931490004 457.5966551889492
-52.99999999999999 -52.00051015628392 519.9617195917739
-52.99999999999999 -45.22765671807046 522.889646631957
-52.99999999999999 -50.89041801078993 525.2677210933228
-52.99999999999999 -52.74554465612967 526.0417670487604
-52.99999999999999 -54.35229294464765 524.8430313701444
-52.99999999999999 -54.58598196267693 526.8324466492822
-52.99999999999999 -56.19004676571443 525.635590362588
-52.99999999999999 -56.42340570918276 527.6216828665854
-52.99999999999999 -58.02450788150395 526.4268032615286
-52.99999999999999 -58.25741107584869 528.4090402323311
-52.99999999999999 -59.85542568101317 527.2164803143445
-52.99999999999999 -60.08800638289328 529.1950746315348
-52.99999999999999 -61.68320757423007 528.0045942891486
-52.99999999999999 -61.91603734646232 529.980574395258
-52.99999999999999 -60.33057465810722 531.1504300553688
-52.99999999999999 -62.12267564729547 531.9199114384016
-52.99999999999999 -63.68835481137155 530.7724094778106
-52.99999999999999 -63.89725849450455 532.6993187268649
-52.99999999999999 -94.7969464592661 488.7457374802152
-52.99999999999999 -95.13462400887147 492.0865502566214
-52.99999999999999 59.60621939735007 462.2700416829249
-52.99999999999999 60.1457320540858 458.9711514137817
-52.99999999999999 -0.9334061396770899 314.9871986101365
-52.99999999999999 -4.729474279159918 311.8984487557267
-52.99999999999999 -3.957411401131302 307.0533151708615
-52.99999999999999 -8.554823317239407 308.8048064450102
-52.99999999999999 19.45877209854609 495.1208351220135
-52.99999999999999 -77.27154870544662 306.971832351623
-52.99999999999999 -106.0298177479556 542.5533364776956
-52.99999999999999 -106.123130566617 544.7554611453061
-52.99999999999999 6.716582562590421 479.5649089903161
-52.99999999999999 7.139219228451709 476.8373197428568
-52.99999999999999 -100.4351411180576 543.8660806135407
-52.99999999999999 40.67828222009346 454.3283077239661
-52.99999999999999 43.77360438272096 453.1156092103038
-52.99999999999999 57.539652484943 516.8183450983273
-52.99999999999999 64.50209339898237 495.1560777086513
-52.99999999999999 65.0067749468764 492.3761801388053
-52.99999999999999 -93.72940112713076 475.1463984779016
-52.99999999999999 -93.34621056595057 471.5537786673074
-52.99999999999999 -84.42079270140761 474.4358062758552
-52.99999999999999 9.300262159595999 478.5687088846395
-52.99999999999999 9.725756593722101 475.8232722409269
-52.99999999999999 11.90486567189449 477.5666862563746
-52.99999999999999 12.33546427869545 474.794925967524
-52.99999999999999 -65.45967776838167 531.555152158849
-52.99999999999999 -65.6684920266725 533.4791648373584
-52.99999999999999 17.75365475082109 519.9170570601253
-52.99999999999999 19.40899085776698 519.2777225129573
-52.99999999999999 19.70022116215911 517.5255629554808
-52.99999999999999 21.07905700205412 518.6550250957526
-52.99999999999999 21.37286866579199 516.8899773965841
-52.99999999999999 22.76311150697702 518.0283766025427
-52.99999999999999 23.05919013469427 516.2486976140106
-52.99999999999999 24.46081348621844 517.3963487688892
-52.99999999999999 24.75905379167824 515.6023836217597
-52.99999999999999 26.17199987322624 516.7590541338579
-52.99999999999999 26.47244600199638 514.95070351893
-52.99999999999999 27.89741338296905 516.1165868532975
-52.99999999999999 28.20070645253812 514.2921412493451
-52.99999999999999 29.63967336460741 515.4687852178109
-52.99999999999999 29.3273586605777 517.2956175781267
-52.99999999999999 31.05574188258306 516.6509886539433
-52.99999999999999 31.37475877715175 514.8296631347537
-52.99999999999999 32.80324832119773 516.0184739697148
-52.99999999999999 33.12875754809871 514.174687513502
-52.99999999999999 34.57976990785117 515.3814814350022
-52.99999999999999 34.91069752590974 513.5078605604956
-52.99999999999999 32.47467883049769 517.8409604946844
-52.99999999999999 36.38576130178064 514.7344285967472
-52.99999999999999 36.7220732326148 512.8297460820075
-52.99999999999999 24.15536332745818 519.1720019878977
-52.99999999999999 -67.26124345085243 507.4378027977806
-52.99999999999999 3.772133456686989 515.0892980971316
-52.99999999999999 3.511572569128559 516.9379904412616
-52.99999999999999 59.07717205276961 518.1022755115839
-52.99999999999999 60.9433745818932 517.4476262723689
-52.99999999999999 -62.34406555160337 533.8257638684702
-52.99999999999999 14.53665829205074 476.556213270976
-52.99999999999999 14.9729712841563 473.7547943534785
-52.99999999999999 -54.82991259822572 528.7980254445688
-52.99999999999999 -7.778760387033457 303.9323425236213
-52.99999999999999 -12.40264990886909 305.6939071150995
-52.99999999999999 81.89431414848085 328.9414434412833
-52.99999999999999 81.07157173043464 333.7505586453295
-52.99999999999999 -15.36955761233508 498.0609026836827
-52.99999999999999 -15.06235275949368 495.7337002911317
-52.99999999999999 -17.2546427833653 496.628182340156
-52.99999999999999 -16.94241206565716 494.2596422927287
-52.99999999999999 -19.1748795954287 495.1701990096971
-52.99999999999999 -98.54576873874197 542.9146159757106
-52.99999999999999 -34.05896033016016 439.5460664432577
-52.99999999999999 -83.65879478694812 381.4530906341267
-52.99999999999999 -82.93831926515048 376.74094151261
-52.99999999999999 -82.03114209512167 308.7830383432054
-52.99999999999999 -33.55438513692796 435.8981315110336
-52.99999999999999 -81.22523756477372 303.741469158598
-52.99999999999999 -67.22843387249944 532.3365256984207
-52.99999999999999 -67.43688290333012 534.257245611843
-52.99999999999999 -78.47518741264868 375.0259783870327
-52.99999999999999 -82.19785487850213 372.002920084292
-52.99999999999999 17.19809592908555 475.5360378689216
-52.99999999999999 17.63891117710298 472.704940996488
-52.99999999999999 4.969568655012528 518.0748748907707
-52.99999999999999 3.270617025989174 518.7503484681935
-52.99999999999999 4.696017706133709 519.8611783168294
-52.99999999999999 3.036611088075305 520.5205630976119
-52.99999999999999 1.631936726425088 519.4343041682722
-52.99999999999999 1.39888544428778 521.1870128194689
-52.99999999999999 0.005219518239753196 520.1098538246246
-52.99999999999999 -0.2261521363210963 521.8493768727384
-52.99999999999999 -1.608507475020848 520.7803628791319
-52.99999999999999 -1.83787092306624 522.5052330851505
-52.99999999999999 -3.208518573998149 521.4452873139563
-52.99999999999999 -3.435999636882641 523.1556355640067
-52.99999999999999 -4.795274921248009 522.1045462483667
-52.99999999999999 4.42832201372071 521.6052181195242
-52.99999999999999 -5.021086951953821 523.8010240926227
-52.99999999999999 -6.369478177074153 522.7582771794506
-52.99999999999999 -0.4719257488482008 523.5536749181044
-52.99999999999999 -98.68515831901634 544.9894672848989
-52.99999999999999 -96.8582848848494 544.0700897972142
-52.99999999999999 -10.69384070247241 506.646667151172
-52.99999999999999 -97.8681141958665 490.1227867132708
-52.99999999999999 -98.20737438062771 493.479368179761
-52.99999999999999 37.58999801755412 455.532044335549
-52.99999999999999 62.75608786975568 461.0916206891258
-52.99999999999999 63.30248009745124 457.7520524494053
-52.99999999999999 -18.85769558928445 492.7558415429946
-52.99999999999999 -21.13524458774424 493.684644237208
-52.99999999999999 -6.593406530894485 524.4410278216599
-52.99999999999999 -7.930892092238883 523.40677015323
-52.99999999999999 -107.9929310139581 543.5731908791025
-52.99999999999999 -108.087791472018 545.79292738906
-52.99999999999999 -106.2235562381747 546.9442667695198
-52.99999999999999 -108.1339047539969 547.9525370882176
-52.99999999999999 19.88734695881601 474.5049000930417
-52.99999999999999 38.22213472440461 514.0766463694227
-52.99999999999999 37.87148579387807 515.9899696152947
-52.99999999999999 39.68987536750494 515.3344275362075
-52.99999999999999 39.34260435062903 517.2209029778402
-52.99999999999999 -68.99363661274826 533.1166254835272
-52.99999999999999 -69.20157536665273 535.0330896652986
-52.99999999999999 -67.65674911179741 536.15200847704
-52.99999999999999 -69.38249906967404 536.9087658957906
-52.99999999999999 -70.90632311357402 535.8152172281663
-52.99999999999999 -71.08907041818127 537.6783432139129
-52.99999999999999 -72.60860127911306 536.5887724104946
-52.99999999999999 -72.79198579464239 538.448888073374
-52.99999999999999 -74.31071882180794 537.3600621252167
-52.99999999999999 -74.49410879676893 539.2194652665927
-52.99999999999999 41.13083983582261 516.5748881963752
-52.99999999999999 19.12915322057817 521.0158075344617
-52.99999999999999 -96.69483334800356 473.0133584971371
-52.99999999999999 -96.3031021468307 469.3410250119576
-52.99999999999999 -86.69287347377984 373.7273036097845
-52.99999999999999 -85.94889184007255 368.9458069430108
-52.99999999999999 -5.506272888997246 316.730188342423
-52.99999999999999 57.22372720475242 518.7592315656208
-52.99999999999999 58.70555007383503 519.9968370745264
-52.99999999999999 -11.62211153503654 300.7933721624485
-52.99999999999999 -16.27265803568457 302.5650790410709
-52.99999999999999 -59.63160478690394 525.2180339195816
-52.99999999999999 85.64248935193824 332.0576153690562
-52.99999999999999 84.8212911493659 336.857565372478
-52.99999999999999 62.21095316546879 464.4334409032222
-52.99999999999999 38.56382582931437 512.1398194267325
-52.99999999999999 -8.152928556734217 525.0758405346274
-52.99999999999999 -9.479535113922477 524.0500580909204
-52.99999999999999 -109.9698975944412 546.8330366987535
-52.99999999999999 -110.0238133169467 548.9867334006765
-52.99999999999999 -76.01226276141379 538.1309868537816
-52.99999999999999 -76.19559019366973 539.9896434904786
-52.99999999999999 72.74969401924412 332.3148936116784
-52.99999999999999 67.2019208737497 494.2104623373104
-52.99999999999999 67.71816562686155 491.3620124186814
-52.99999999999999 38.08803879757692 452.2463179884098
-52.99999999999999 -67.65885867809978 383.9970038812579
-52.99999999999999 15.385732920115 470.8931412850665
-52.99999999999999 60.66709151345164 455.6245569919248
-52.99999999999999 63.84165454093998 454.3881490844751
-52.99999999999999 61.17909631227312 452.2455055193947
-52.99999999999999 64.37611361566927 450.9983658234202
-52.99999999999999 61.69267242670839 448.8407331278244
-52.99999999999999 64.91252488602728 447.5837226156136
-52.99999999999999 -5.260818056245368 525.4634564481244
-52.99999999999999 40.7895892601903 518.4282888767461
-52.99999999999999 -86.0077383194681 305.5621745018933
-52.99999999999999 -86.8133023141428 310.622010698177
-52.99999999999999 -85.1977024061256 300.4983988750789
-52.99999999999999 -80.39735114504548 298.6728955083912
-52.99999999999999 -2.98835343784985 519.7175521175586
-52.99999999999999 -83.55764475484499 512.381345589481
-52.99999999999999 -67.87594239257025 537.9982732433866
-52.99999999999999 18.10215785689445 469.8219001506184
-52.99999999999999 51.38626901076356 504.6386787601694
-52.99999999999999 -96.99168425521749 546.0797724504783
-52.99999999999999 -95.2201420919971 545.1880957136765
-52.99999999999999 -68.79482418263672 531.1793041601821
-52.99999999999999 -36.9954681530174 437.2810310593089
-52.99999999999999 -37.49528184554921 440.9650523418651
-52.99999999999999 65.37718283977242 463.2345597065394
-52.99999999999999 -92.88687656876949 467.8579564552521
-52.99999999999999 -95.89307287211926 465.6093753515298
-52.99999999999999 -72.98513498991424 540.2874349274632
-52.99999999999999 89.38388643552568 335.1679335621908
-52.99999999999999 88.56411133784697 339.9593701663904
-52.99999999999999 90.22137396218555 330.3551015109113
-52.99999999999999 84.02630446143866 341.6258990295784
-52.99999999999999 87.72665587029371 344.6903375348624
-52.99999999999999 -111.8668337434527 547.8630719444301
-52.99999999999999 -111.9259097052959 550.0332521808546
-52.99999999999999 -106.3271467376539 549.0618797223248
-52.99999999999999 62.20877117216801 445.410371339209
-52.99999999999999 64.83483813008966 466.5826606982868
-52.99999999999999 42.54627221275744 517.7936155638581
-52.99999999999999 -36.48356275281856 433.5821197609216
-52.99999999999999 -100.9577952430973 491.5059387655861
-52.99999999999999 -101.2986758112461 494.8844149680165
-52.99999999999999 -15.48757057573142 297.6363979059471
-52.99999999999999 -20.16476595275253 299.4182381887188
-52.99999999999999 -10.81045832955884 295.8546108739567
-52.99999999999999 -77.71277952949418 538.901626959865
-52.99999999999999 -77.89597893402758 540.7589240246058
-52.99999999999999 -9.699654089854198 525.7054466939765
-52.99999999999999 -11.014956106781 524.6882203911948
-52.99999999999999 -20.9465529944055 304.3655348455262
-52.99999999999999 -24.84131783098087 301.2146535955512
-52.99999999999999 -77.71046022927193 370.2806540000201
-52.99999999999999 -28.91273415352616 352.1369157121799
-52.99999999999999 -10.80421132568611 523.0290775494506
-52.99999999999999 -12.36098018365097 523.6742921909588
-52.99999999999999 -12.56581377107885 525.3466261347331
-52.99999999999999 -13.90488836102034 524.3339000177895
-52.99999999999999 -20.81169807931738 491.2211943240943
-52.99999999999999 -23.13574067190727 492.1689294617441
-52.99999999999999 -43.64669276218834 484.1645543793803
-52.99999999999999 -44.05246874908472 487.04883977961
-52.99999999999999 15.80391333094971 467.9738122880603
-52.99999999999999 -41.89569354538016 390.8833926223601
-52.99999999999999 -90.49107429205239 370.6876902448413
-52.99999999999999 -89.73832404226317 365.857481213056
-52.99999999999999 7.543046803461116 474.0615929432663
-52.99999999999999 65.45227820990345 444.1437678816065
-52.99999999999999 68.16239613672735 446.3313275596548
-52.99999999999999 34.98315553200328 453.4562978284593
-52.99999999999999 -99.72524333382175 470.833041960996
-52.99999999999999 -24.06323524557722 296.2548434749305
-52.99999999999999 -28.76247557128026 298.058575309726
-52.99999999999999 -8.56622968709774 493.049956733644
-52.99999999999999 56.91755708364226 520.6317370418147
-52.99999999999999 58.34835970063553 521.8260300610034
-52.99999999999999 -95.34987811973755 547.1359896135556
-52.99999999999999 -93.63305744848024 546.2720680483653
-52.99999999999999 3.652090819157195 450.4890385555219
-52.99999999999999 35.21882130058317 511.5725934044088
-52.99999999999999 42.21092514091945 519.6138813560642
-52.99999999999999 40.49427675122912 520.2270948818843
-52.99999999999999 -40.43498898915794 438.6903045843327
-52.99999999999999 -40.9343503812952 442.3725387789874
-52.99999999999999 -79.41178205467209 539.6717250666761
-52.99999999999999 -79.59478691673533 541.5271625315801
-52.99999999999999 -78.08983506219457 542.5926581215562
-52.99999999999999 -79.74874330863939 543.3401943677161
-52.99999999999999 -81.23329494949516 542.3010787375352
-52.99999999999999 -81.38938985428314 544.104110398538
-52.99999999999999 -90.00045274549637 302.3267955724119
-52.99999999999999 -89.18692988273624 297.2416980873166
-52.99999999999999 83.24618033926849 346.3342412986489
-52.99999999999999 86.8975043287431 349.358218502085
-52.99999999999999 91.33182722679183 347.7383021229072
-52.99999999999999 90.51385701608034 352.3783751422195
-52.99999999999999 21.45356499567021 437.3716179298229
-52.99999999999999 -7.816898080980623 369.5172854697389
-52.99999999999999 74.84501944342172 417.5449856886746
-52.99999999999999 37.1041747075929 458.8028788696599
-52.99999999999999 48.4027432348128 323.1148443399215
-52.99999999999999 -98.54530162896647 496.8390538210434
-52.99999999999999 -101.5948182050148 498.2181418239485
-52.99999999999999 26.75751964655234 513.1018081679977
-52.99999999999999 17.48818179330916 359.8721698765302
-52.99999999999999 14.97659978039639 322.3532523461286
-52.99999999999999 -77.55767150398452 487.2762641981746
-52.99999999999999 69.96759492094958 493.2406987271877
-52.99999999999999 70.49601113558512 490.3219932012669
-52.99999999999999 69.42564098154001 496.1236995154733
-52.99999999999999 -14.10775109791381 525.9937918491315
-52.99999999999999 -15.4358163425689 524.9891408172357
-52.99999999999999 43.93618669883998 518.9907024776342
-52.99999999999999 68.01067149667747 465.3791239464808
-52.99999999999999 -12.14786970679508 521.9877962844853
-52.99999999999999 -41.38864480274629 485.9529141060399
-52.99999999999999 -41.78535396369924 488.7740380758711
-52.99999999999999 68.18900103895757 488.3898319677197
-52.99999999999999 71.04093974420186 487.3279743736652
-52.99999999999999 -104.3364842301232 496.2945765918852
-52.99999999999999 -104.6369870021779 499.6385214870162
-52.99999999999999 -101.8960249487809 501.5410653029217
-52.99999999999999 -104.8927816211342 502.9327406615906
-52.99999999999999 -4.064603176748647 470.7874975589502
-52.99999999999999 -79.23843327726942 537.794937792416
-52.99999999999999 21.65300151690756 515.0887887135468
-52.99999999999999 -92.42193091142067 464.1025284213042
-52.99999999999999 -95.47621036427586 461.8182018528686
-52.99999999999999 -74.13681784998303 535.480034356043
-52.99999999999999 14.15643142127714 423.1888934327778
-52.99999999999999 14.74677445763791 419.4526477754241
-52.99999999999999 11.19809828858524 420.8067027427895
-52.99999999999999 11.79289393343248 417.0383575157652
-52.99999999999999 8.212459280053919 418.4043355660718
-52.99999999999999 8.812526353351357 414.6017830830616
-52.99999999999999 5.199491493862592 415.980246551697
-52.99999999999999 5.804973255290118 412.1430287910151
-52.99999999999999 9.454184465446243 410.7481060293046
-52.99999999999999 6.412943679594564 408.2627684321691
-52.99999999999999 10.1011082018778 406.8530717658064
-52.99999999999999 7.027858654544841 404.3420714096533
-52.99999999999999 10.75386651968071 402.9179540487245
-52.99999999999999 2.15901533103067 413.5341052062706
-52.99999999999999 7.649190418046319 400.3813477000345
-52.99999999999999 11.41328801601751 398.9425706007073
-52.99999999999999 8.27675205819504 396.379996917672
-52.99999999999999 12.07940906700519 394.9264388716305
-52.99999999999999 15.23208495519256 397.5126537013875
-52.99999999999999 15.89861271644559 393.4854236033009
-52.99999999999999 19.05649113811054 396.0768410639984
-52.99999999999999 19.72396206911972 392.0436767824995
-52.99999999999999 22.88627095636829 394.6388388709301
-52.99999999999999 62.72822277526338 441.9543045215735
-52.99999999999999 18.57487257635342 466.8809726921194
-52.99999999999999 -43.87245382142523 440.0991144899032
-52.99999999999999 -44.37152483418477 443.7793677585888
-52.99999999999999 -113.7904676340971 548.8966015812541
-52.99999999999999 -113.8512351808884 551.0939171325525
-52.99999999999999 -113.7519724013099 546.6613249031775
-52.99999999999999 -111.9894144470616 552.19574172343
-52.99999999999999 -113.8505968701691 553.2167672996454
-52.99999999999999 -93.75899554531726 548.1596279632786
-52.99999999999999 -95.42201433847796 548.9961501597095
-52.99999999999999 -18.48739903161992 490.2730596648084
-52.99999999999999 -20.48219584387655 488.7059387723376
-52.99999999999999 65.99584776854131 440.6781572407608
-52.99999999999999 59.50523297635344 383.5163036175367
-52.99999999999999 93.9925037465124 333.4906031969393
-52.99999999999999 94.84016094299059 328.6355521838799
-52.99999999999999 -27.98053038861978 293.0724650815076
-52.99999999999999 -32.70527603279933 294.8858775871881
-52.99999999999999 7.681458150379159 495.4778497057274
-52.99999999999999 94.93280887159565 350.7652312469515
-52.99999999999999 94.11887971899193 355.3946822505794
-52.99999999999999 43.60666725044037 520.7782027933841
-52.99999999999999 -94.31995739961826 367.6172291669277
-52.99999999999999 -93.56165565931408 362.7473397182598
-52.99999999999999 -95.07713069073553 372.4839792040933
-52.99999999999999 -88.95195265573277 360.9856832591647
-52.99999999999999 -92.78658896989555 357.8635439362032
-52.99999999999999 -88.15760318850005 356.0941218839858
-52.99999999999999 -92.00898317025865 352.9581819392222
-52.99999999999999 23.55463546352934 390.6001289385355
-52.99999999999999 26.72125895469323 393.1988308609187
-52.99999999999999 20.38282131922502 387.9876491692351
-52.99999999999999 82.48017939769653 350.9755527805879
-52.99999999999999 8.910701539559614 392.3376243152218
-52.99999999999999 4.025524964311581 513.2227618117971
-52.99999999999999 72.18187777932476 495.1493846870638
-52.99999999999999 71.64406045698338 498.0136677293253
-52.99999999999999 -25.62285049321742 306.1632719617529
-52.99999999999999 91.53786042804934 430.6816533892598
-52.99999999999999 -15.63686633446514 526.6350337185038
-52.99999999999999 -16.95366396683844 525.6389577144711
-52.99999999999999 -16.76217260339072 523.9886359104374
-52.99999999999999 -18.30218596806436 524.6462144735943
-52.99999999999999 -18.48727663334595 526.3099117231934
-52.99999999999999 -19.82921838604193 525.3184726626791
-52.99999999999999 -94.00981096739325 299.0777482203185
-52.99999999999999 -93.19286827033089 293.971344329495
-52.99999999999999 -87.36125015302721 351.1830961752576
-52.99999999999999 -91.22589489892795 348.0363968639689
-52.99999999999999 -23.4523266368814 494.6647927838711
-52.99999999999999 -81.09430883723148 494.7709569505906
-52.99999999999999 3.886855499510315 401.8202348732245
-52.99999999999999 -28.78745752481234 447.5213943406415
-52.99999999999999 59.45769684488766 443.2298105239364
-52.99999999999999 56.62263963115043 522.4392789099936
-52.99999999999999 58.00406967222096 523.5919424545367
-52.99999999999999 59.68521872096651 523.0031883052964
-52.99999999999999 -25.45299553528857 493.1430091757294
-52.99999999999999 -25.76837174835666 495.6336484860985
-52.99999999999999 -80.18164125412048 522.8863582730421
-52.99999999999999 -102.2059530415141 504.7960459422984
-52.99999999999999 -105.140162647793 506.1582709423224
-52.99999999999999 -107.8113734891858 504.3311517248386
-52.99999999999999 -108.0635751636494 507.5660527578541
-52.99999999999999 11.46614526460717 480.3124442967297
-52.99999999999999 -47.30810862454523 441.5071785274334
-52.99999999999999 -47.80776074427836 445.1866495551911
-52.99999999999999 45.30087763010948 520.1664015291135
-52.99999999999999 -78.28426919379456 544.3756420601509
-52.99999999999999 -82.87171755739786 543.0675073055093
-52.99999999999999 -83.02788174603391 544.8689752073134
-52.99999999999999 16.23063613881842 464.9964080436779
-52.99999999999999 -5.158964065583163 498.2889772866835
-52.99999999999999 -96.66147001230497 354.7349769657219
-52.99999999999999 -19.65316030786224 523.64793422287
-52.99999999999999 -21.20370754963457 524.3290686213739
-52.99999999999999 -21.37367915854677 526.0146232318664
-52.99999999999999 -22.74268508443669 525.0252251572821
-52.99999999999999 -18.96561567783982 443.5398613821427
-52.99999999999999 -22.91109218401864 526.7000749951962
-52.99999999999999 -24.27037472972024 525.7175067319666
-52.99999999999999 42.89951472165889 515.952052348935
-52.99999999999999 -112.0623481807587 554.2696404442851
-52.99999999999999 -113.8426152125663 555.2482698021863
-52.99999999999999 -115.5933356356611 554.2393813519877
-52.99999999999999 -115.5951370107674 556.2659608575635
-52.99999999999999 19.05550132382206 463.8828152014617
-52.99999999999999 59.34586692301419 524.728774163449
-52.99999999999999 60.98471421045058 524.154906847563
-52.99999999999999 21.43209003468464 465.8014045481227
-52.99999999999999 -14.32553602442028 527.6182553646742
-52.99999999999999 -105.3937771901897 509.3708960889599
-52.99999999999999 -108.2714879754429 510.7506646513
-52.99999999999999 -31.91906987420951 289.8725565654825
-52.99999999999999 -36.66964709401461 291.6958630700125
-52.99999999999999 -27.16842552185311 288.0491149141702
-52.99999999999999 59.9857286635308 439.7530052807535
-52.99999999999999 56.70089110078096 441.0326275451242
-52.99999999999999 93.22041733799087 420.5577632946789
-52.99999999999999 -115.7614262953396 547.7446885348836
-52.99999999999999 -115.7231784953216 545.4103535150754
-52.99999999999999 19.43278716702129 477.3417981168997
-52.99999999999999 22.09750224115551 476.3139024550781
-52.99999999999999 -93.49186994344916 544.3615088035889
-52.99999999999999 55.72341733200032 517.5188651720788
-52.99999999999999 68.68101590142939 485.3504868121236
-52.99999999999999 71.59855009734362 484.2656204630782
-52.99999999999999 33.23838642098998 337.1521335271109
-52.99999999999999 35.48403750756316 450.1529406510574
-52.99999999999999 32.36118770108883 451.3690811715272
-52.99999999999999 2.26697662485548 513.9344979166762
-52.99999999999999 2.523598753743471 512.0401892751295
-52.99999999999999 0.7376420080177482 512.7627822153835
-52.99999999999999 0.9981415306829002 510.8382544899927
-52.99999999999999 -44.88037417185482 447.435745101014
-52.99999999999999 -48.27286212563312 448.821685431324
-52.99999999999999 -51.18133653186312 446.6022745928233
-52.99999999999999 -51.6491252999135 450.2307400578799
-52.99999999999999 9.776243869633792 301.8346354974912
-52.99999999999999 14.38726934749898 300.0919365711803
-52.99999999999999 10.56458946835656 296.9489974890979
-52.99999999999999 15.21116309598163 295.1936692427804
-52.99999999999999 11.35992922957925 292.0266662252686
-52.99999999999999 16.04164842247739 290.258609714306
-52.99999999999999 19.91228809054184 293.4473794892675
-52.99999999999999 20.74502710709347 288.4930284873516
-52.99999999999999 24.62884035429088 291.6929888611215
-52.99999999999999 25.4647496431048 286.721554975204
-52.99999999999999 29.36242626408572 289.9329129192536
-52.99999999999999 -24.43744912798627 527.380135263753
-52.99999999999999 -25.78673940073162 526.4048388737086
-52.99999999999999 44.97711811132226 521.9215598202773
-52.99999999999999 -93.88115632389577 549.9880848550705
-52.99999999999999 -95.49201356309483 550.79762741936
-52.99999999999999 -92.27055387988288 549.1773813112294
-52.99999999999999 -91.95010761337571 460.2876335859034
-52.99999999999999 -95.05220022430781 457.9680523880515
-52.99999999999999 -98.64288870684361 459.5210387016197
-52.99999999999999 -98.21157952662853 455.5907347606036
-52.99999999999999 -101.8799106293773 457.176992096355
-52.99999999999999 -101.4390841694843 453.161669266941
-52.99999999999999 27.39069680997177 389.1544133169263
-52.99999999999999 30.56194821151648 391.7569353805918
-52.99999999999999 -9.885339522555268 357.7604899356608
-52.99999999999999 -28.78728860202457 377.5801310258204
-52.99999999999999 60.21875112808679 491.571021150469
-52.99999999999999 16.66645598844059 461.96222560498
-52.99999999999999 13.79998208742893 463.0988859250197
-52.99999999999999 42.88338281822252 480.1711929194512
-52.99999999999999 98.52232115803747 353.7825992486523
-52.99999999999999 97.71320062437709 358.3925598773022
-52.99999999999999 93.35273553949904 359.9669084270432
-52.99999999999999 96.88205452187886 362.9162919295553
-52.99999999999999 92.60270930759977 364.4507470219223
-52.99999999999999 96.05157366631802 367.3346419390553
-52.99999999999999 -55.59191395455309 494.6226937711396
-52.99999999999999 -55.95108926354899 497.3840042851166
-52.99999999999999 -53.4176295001332 496.309527104725
-52.99999999999999 -53.76841783702247 499.0064216576399
-52.99999999999999 -51.29369485090514 497.9570508619601
-52.99999999999999 -51.63649221443019 500.5913798891334
-52.99999999999999 -49.21912446116303 499.566476618668
-52.99999999999999 -49.55399369049838 502.139933825435
-52.99999999999999 -47.19227223350749 501.1387351861389
-52.99999999999999 -51.9155522696043 503.1412115471272
-52.99999999999999 -47.51948176990224 503.653007175763
-52.99999999999999 -45.21249512740849 502.6748127562061
-52.99999999999999 -50.15663301076614 472.3585256016634
-52.99999999999999 -98.03447914450911 295.8153150746401
-52.99999999999999 -98.85184866947007 300.9373673444762
-52.99999999999999 -97.21457715429511 290.6899270410936
-52.99999999999999 -92.35760462021375 288.8424300077458
-52.99999999999999 -89.49105237514733 531.9173777616234
-52.99999999999999 100.2459667214059 365.8358031232613
-52.99999999999999 99.43962460178849 370.1975861200143
-52.99999999999999 95.31979007691932 371.6368527257186
-52.99999999999999 98.60415653393297 374.4221489791985
-52.99999999999999 -105.6539974863665 512.5189976549042
-52.99999999999999 -108.4731902795126 513.870599011685
-52.99999999999999 -98.9334835183688 369.3917285428104
-52.99999999999999 -99.69587744724113 374.2932702628435
-52.99999999999999 -27.76368668746775 494.1157056757128
-52.99999999999999 -27.45940167873419 491.607618761098
-52.99999999999999 -28.07813558638284 496.5994228491919
-52.99999999999999 -21.02583306061329 522.6285707268282
-52.99999999999999 -85.95506213492196 513.4962350119529
-52.99999999999999 -85.7380449914417 510.8277967544947
-52.99999999999999 -86.56262986650074 346.2557167391252
-52.99999999999999 -90.43970932445215 343.0988230607254
-52.99999999999999 -82.69727131213153 349.4106158477791
-52.99999999999999 74.38439275515128 497.0455775687652
-52.99999999999999 73.84944635675535 499.8938442392692
-52.99999999999999 -95.17079366045469 522.9650598824721
-52.99999999999999 -46.81938034813216 437.8041633656674
-52.99999999999999 12.16186802653889 287.0676579006286
-52.99999999999999 -49.74320673982281 469.1531897237139
-52.99999999999999 -52.75359400486631 470.3942379808624
-52.99999999999999 -37.45232687319593 296.7268898085337
-52.99999999999999 -41.41874970966587 293.5334367372155
-52.99999999999999 -40.63978398020721 288.4909514751024
-52.99999999999999 -45.40962804378071 290.3355136442073
-52.99999999999999 -117.3579524821885 555.251103382229
-52.99999999999999 -117.3607279627125 557.2943653684384
-52.99999999999999 98.64414534058945 331.8012236134177
-52.99999999999999 99.50085769759835 326.9034295015252
-52.99999999999999 -88.19772891668504 511.9708009065945
-52.99999999999999 -97.69779516211423 451.5493393583018
-52.99999999999999 -100.9794391408889 449.0813872741223
-52.99999999999999 -18.10850813407665 487.7376129863761
-52.99999999999999 -20.14577517966845 486.1371065406491
-52.99999999999999 102.601585335661 373.0178036771674
-52.99999999999999 101.8062012665429 377.1452217568948
-52.99999999999999 97.92043213919493 378.4703052011504
-52.99999999999999 100.9849584232153 381.0969455963922
-52.99999999999999 97.22806181894263 382.3791263778031
-52.99999999999999 100.1929900611758 384.9215128077909
-52.99999999999999 96.55401813509862 386.165236609387
-52.99999999999999 99.43006701168188 388.6347385432202
-52.99999999999999 95.89347798519906 389.844032767609
-52.99999999999999 98.69650125318317 392.2654568013829
-52.99999999999999 102.1366175800582 391.0710470330944
-52.99999999999999 101.4267401232977 394.5777552002812
-52.99999999999999 104.7425932494722 393.4237912803916
-52.99999999999999 95.22257257718589 393.4537600369598
-52.99999999999999 104.0596629170873 396.8023723578294
-52.99999999999999 46.6407078810672 521.3209886874555
-52.99999999999999 -0.8168643197736115 511.5724737518072
-52.99999999999999 -0.5520729800218833 509.6165672199408
-52.99999999999999 -54.55930241978887 448.0111675613014
-52.99999999999999 -55.02775534684532 451.6429919197267
-52.99999999999999 -111.0773888367635 512.1357516269863
-52.99999999999999 -111.2829758740973 515.2663798890487
-52.99999999999999 46.97570416798393 519.5775547263056
-52.99999999999999 -87.97555281465502 509.23085568468
-52.99999999999999 62.79750506554774 508.9844301483691
-52.99999999999999 64.54477598795128 510.4703494792155
-52.99999999999999 47.72897280548606 496.3503106936006
-52.99999999999999 60.65339137481424 525.8357562473144
-52.99999999999999 62.25497665609028 525.2783755645102
-52.99999999999999 30.20199415553247 284.9429006363856
-52.99999999999999 34.11444136102605 288.1668032146832
-52.99999999999999 -105.1869115314655 454.7820697936789
-52.99999999999999 -25.95297464969305 528.0558172482114
-52.99999999999999 -27.29308240415829 527.0870250178375
-52.99999999999999 -27.13700170138544 525.4274889443546
-52.99999999999999 -28.6704824119027 526.1203716444483
-52.99999999999999 -28.8204791017226 527.7987707988869
-52.99999999999999 -30.19426466193071 526.8300949946002
-52.99999999999999 -30.34273889493855 528.4991586171652
-52.99999999999999 -31.70771432711818 527.5365993440104
-52.99999999999999 -31.85549911332453 529.1952626485452
-52.99999999999999 -33.21420760220477 528.2382880837697
-52.99999999999999 56.33713214118504 524.1855818409391
-52.99999999999999 74.01902003274425 486.2882963738689
-52.99999999999999 74.58814688081412 483.147654481894
-52.99999999999999 104.7370823944218 379.8155110117083
-52.99999999999999 -80.40417045757712 525.235129928973
-52.99999999999999 -78.29415916604263 524.2501109590726
-52.99999999999999 1.560731091451143 417.39043197821
-52.99999999999999 -1.47421324304379 414.9450065714207
-52.99999999999999 -2.070135559154477 418.7905899606326
-52.99999999999999 -5.095653436571327 416.3527826951981
-52.99999999999999 -5.689786970386821 420.186511926231
-52.99999999999999 -8.705420741182925 417.7562603816103
-52.99999999999999 -8.121577795656922 413.9139850955333
-52.99999999999999 -11.76026088571161 415.3265742835213
-52.99999999999999 -9.298521201084212 421.5783579754847
-52.99999999999999 -108.6794676628934 516.9813698516366
-52.99999999999999 -111.4456438176048 518.3469985694295
-52.99999999999999 57.23110266022885 437.5377394407189
-52.99999999999999 53.92820148552798 438.824317741133
-52.99999999999999 -89.67131450456058 534.1711187152521
-52.99999999999999 -119.1362941889221 556.2703206363426
-52.99999999999999 -119.1478146738615 558.3416236136222
-52.99999999999999 107.254126087267 395.6897732852908
-52.99999999999999 29.85898505548225 427.6056193675096
-52.99999999999999 -61.95925460147405 483.3862453300434
-52.99999999999999 -61.59967221038297 480.3003210833171
-52.99999999999999 -30.06767884751481 495.0857745635174
-52.99999999999999 -30.38117709359138 497.5621920500993
-52.99999999999999 31.23248841349834 387.7064683454292
-52.99999999999999 34.40862118326994 390.313001937733
-52.99999999999999 -29.76077434890937 463.9734690489958
-52.99999999999999 29.88561366620612 395.7914770856001
-52.99999999999999 -46.18542996861866 295.3928716907503
-52.99999999999999 -50.17768602942357 292.1922738081778
-52.99999999999999 -49.40541779503303 287.1249807398495
-52.99999999999999 -54.19152963063249 288.9880595807441
-52.99999999999999 -112.1311593082338 556.2530582367456
-52.99999999999999 -110.4292993475947 555.3191986839576
-52.99999999999999 -92.38844816701773 550.9483855435952
-52.99999999999999 -90.82665985730218 550.1629263209998
-52.99999999999999 -102.074116901586 292.5408258435976
-52.99999999999999 -101.2504333742125 287.3985924524636
-52.99999999999999 -33.36188594751358 529.8909927817879
-52.99999999999999 -34.71672219938648 528.9369803475104
-52.99999999999999 -34.86437634698119 530.5857090563482
-52.99999999999999 -36.2177252864506 529.6335320080783
-52.99999999999999 78.87089440541116 347.9960111976237
-52.99999999999999 78.11448560049357 352.5881263491372
-52.99999999999999 74.54157849182728 349.6412454735245
-52.99999999999999 21.64899529066622 479.1191431368221
-52.99999999999999 24.28353191828242 478.1018832227831
-52.99999999999999 46.32265621728637 523.0443495902892
-52.99999999999999 44.6971525702218 523.6247006807515
-52.99999999999999 -100.1111813331075 474.5655884385391
-52.99999999999999 -103.1641274052584 472.3636939352516
-52.99999999999999 -103.5524800660171 476.1195638370387
-52.99999999999999 -106.6246098112916 473.9038965662029
-52.99999999999999 -107.0154095720547 477.6834211334254
-52.99999999999999 13.41020357537267 507.5335251533954
-52.99999999999999 -1.71532468019447 319.8059031077931
-52.99999999999999 -6.263321908381343 321.5373923817422
-52.99999999999999 -2.496449722103157 324.5928876683872
-52.99999999999999 -7.013478003221591 326.3118821183218
-52.99999999999999 -10.7691087833556 323.2756304296258
-52.99999999999999 -11.51920650615556 328.0443008223537
-52.99999999999999 -15.27305260832244 325.0105026824876
-52.99999999999999 -16.02324663578693 329.7780442640804
-52.99999999999999 -19.77666834035607 326.7446325563167
-52.99999999999999 -12.2746682534788 332.7990365466748
-52.99999999999999 -3.409496361781791 437.0814897752694
-52.99999999999999 6.053645390770262 520.9621273827104
-52.99999999999999 5.791652950029301 522.6754135276659
-52.99999999999999 -11.17231117545675 411.448342169037
-52.99999999999999 -14.84635085578925 412.8750319258522
-52.99999999999999 107.9342424729399 392.4111195091346
-52.99999999999999 -94.99742650194624 520.3856187303816
-52.99999999999999 34.95707283764658 283.1582316903061
-52.99999999999999 38.88398582474179 286.3940542537045
-52.99999999999999 -81.90173727333483 344.4905799488854
-52.99999999999999 -88.88344604019568 462.6035407533395
-52.99999999999999 -88.41742712116786 458.7981024173055
-52.99999999999999 -85.36678970305145 461.1029412449399
-52.99999999999999 -81.62531796615674 476.5338406895582
-52.99999999999999 -45.38871827251312 451.0364421951534
-52.99999999999999 -103.5798377138298 371.1790897728874
-52.99999999999999 -104.3476739927851 376.1158233329761
-52.99999999999999 -100.4422865498339 379.2359587693745
-52.99999999999999 -105.0911918789096 381.0506647334408
-52.99999999999999 -101.1992761806559 384.1588312872803
-52.99999999999999 -105.8300348618662 385.96654292195
-52.99999999999999 -101.9527742702129 389.0637097365415
-52.99999999999999 -23.09442925107302 528.341526482463
-52.99999999999999 64.76353539667025 396.5556139464765
-52.99999999999999 -3.643831008866433 486.1704334087129
-52.99999999999999 106.5967634324609 398.9445980645643
-52.99999999999999 103.5054156315145 400.032277616631
-52.99999999999999 62.58722077255948 523.622867480251
-52.99999999999999 63.85764415425399 524.7389219994327
-52.99999999999999 64.19208041918213 523.0771283790965
-52.99999999999999 65.47742888160961 524.2003544776952
-52.99999999999999 65.81600090211046 522.5158656668029
-52.99999999999999 67.11833817970312 523.6538974154248
-52.99999999999999 67.46100597545524 521.9475580542181
-52.99999999999999 68.78863696998386 523.101750501613
-52.99999999999999 69.13852642314059 521.3586215989449
-52.99999999999999 70.4976176595821 522.53810533462
-52.99999999999999 70.85420415649321 520.7544529151756
-52.99999999999999 72.25932812703682 521.9628347458909
-52.99999999999999 72.62950892360401 520.111242919104
-52.99999999999999 74.09245085725594 521.366522854075
-52.99999999999999 74.47685333763361 519.4384095713674
-52.99999999999999 75.99992281283591 520.7444348737056
-52.99999999999999 76.40082926639478 518.7357986432663
-52.99999999999999 74.80186028341919 517.3428440939331
-52.99999999999999 76.85379602426606 516.6016357661698
-52.99999999999999 75.16476179783726 515.1366297466827
-52.99999999999999 77.3170741761748 514.3613498978084
-52.99999999999999 77.98781771201264 520.0968746875559
-52.99999999999999 75.54888494664954 512.8277851357767
-52.99999999999999 77.79756544275907 512.0212097311319
-52.99999999999999 -36.36540612075726 531.2812937819474
-52.99999999999999 -37.71845438516583 530.329527836445
-52.99999999999999 -37.86616292419453 531.9771553862593
-52.99999999999999 -39.21992153430195 531.0253572178091
-52.99999999999999 -39.07964513762101 529.3601923173782
-52.99999999999999 -40.61529833236936 530.0693172271893
-52.99999999999999 -40.74916401301969 531.7610220897841
-52.99999999999999 -42.14983967464428 530.7990368652411
-52.99999999999999 -42.2834924544782 532.4943416317435
-52.99999999999999 -43.68724459765652 531.5307532157525
-52.99999999999999 -43.82121231547053 533.2302016537744
-52.99999999999999 -45.22968564114995 532.264166973482
-52.99999999999999 -45.36372096023736 533.9693803178719
-52.99999999999999 -46.77741944850199 533.0003845369499
-52.99999999999999 -46.91197965161398 534.71244119186
-52.99999999999999 39.7295817120992 281.3671475589745
-52.99999999999999 43.67036045265161 284.6146154250935
-52.99999999999999 19.54529481475256 460.8273785418729
-52.99999999999999 17.11098250174297 458.8709938870782
-52.99999999999999 21.01613493664036 337.4632017158054
-52.99999999999999 67.77277942617242 520.1520262064435
-52.99999999999999 -48.33244004620158 533.7394829352678
-52.99999999999999 -48.46763081370988 535.4602257014126
-52.99999999999999 -49.89519267549716 534.4823867575011
-52.99999999999999 -50.03051003915463 536.2109176703328
-52.99999999999999 -51.46186938250229 535.2293021765313
-52.99999999999999 -51.59664906565121 536.9602217099242
-52.99999999999999 -53.02725978948833 535.9781187153563
-52.99999999999999 -53.16179830449923 537.7071215992526
-52.99999999999999 -32.36498118122789 496.0530032798872
-52.99999999999999 -32.6775612678812 498.5223182047662
-52.99999999999999 -34.65732172877412 497.0172671829724
-52.99999999999999 76.578619136429 498.9320543138339
-52.99999999999999 95.66449032753637 323.7171809783778
-52.99999999999999 100.3547626113569 321.9726025560406
-52.99999999999999 96.49240902481111 318.7658759786437
-52.99999999999999 101.2132255246646 317.0092474919821
-52.99999999999999 97.32490434042293 313.7814023251573
-52.99999999999999 102.0762702350338 312.013714180034
-52.99999999999999 98.16424551403463 308.7680278678765
-52.99999999999999 102.940883830678 306.9911714202701
-52.99999999999999 99.00858092578559 303.7289818864726
-52.99999999999999 94.21801021240582 305.516541452819
-52.99999999999999 95.06482522894194 300.4729381886642
-52.99999999999999 99.8641004556803 298.6763854455621
-52.99999999999999 95.90463628194652 295.4077722014812
-52.99999999999999 91.09290993340464 297.2121856388334
-52.99999999999999 91.93568119034319 292.1417708985751
-52.99999999999999 87.12200713943963 293.9469207439773
-52.99999999999999 96.75611634555332 290.3284200793728
-52.99999999999999 87.96493535239095 288.8739733240079
-52.99999999999999 83.14849923058676 290.6801721858306
-52.99999999999999 83.99164783546763 285.6036358092736
-52.99999999999999 79.16951531731922 287.4110268314973
-52.99999999999999 -45.53202066613798 505.1307506022378
-52.99999999999999 -43.27849978834934 504.17518645064
-52.99999999999999 -106.5632393708037 390.8599251134484
-52.99999999999999 -102.7086293471516 393.9387073126951
-52.99999999999999 69.18641457673641 482.2441571937377
-52.99999999999999 66.24242421189149 483.3594499522774
-52.99999999999999 -107.2890414544792 395.7209845034253
-52.99999999999999 -103.4626297493827 398.7778597196972
-52.99999999999999 -97.17897757708036 447.4436834926233
-52.99999999999999 -100.5121362842557 444.9372774428209
-52.99999999999999 24.74905260915754 475.3023886065889
-52.99999999999999 26.95887541919148 477.1083067254748
-52.99999999999999 27.43173612734447 474.2746971186709
-52.99999999999999 -53.41638852984835 283.900216581114
-52.99999999999999 -58.22233245667955 285.7709917588165
-52.99999999999999 -98.93602166642474 397.0048442666869
-52.99999999999999 -99.67783828061368 401.7757948923195
-52.99999999999999 -104.1476353808863 403.5307091078207
-52.99999999999999 -100.3991416115011 406.5084054099763
-52.99999999999999 -95.98112879813361 404.7604878464144
-52.99999999999999 -96.68974129782391 409.426821992103
-52.99999999999999 -101.0531604373944 411.1562753329895
-52.99999999999999 -92.33633810362348 407.7009432089025
-52.99999999999999 -97.37964268587316 414.0553879167578
-52.99999999999999 -101.7167022320078 415.7740076205848
-52.99999999999999 -98.06656732454177 418.6536341240719
-52.99999999999999 -102.3741918632058 420.3606415674811
-52.99999999999999 -98.75198905990332 423.212613835876
-52.99999999999999 -103.0145792397432 424.9001886654451
-52.99999999999999 47.95616944275213 522.4547904153743
-52.99999999999999 -64.48851490475252 481.5276153102409
-52.99999999999999 -64.12151181939278 478.3779081337773
-52.99999999999999 -85.45242897624289 508.0616338874747
-52.99999999999999 -87.74227496442884 506.4272577185214
-52.99999999999999 -81.20973952078991 473.0687150961423
-52.99999999999999 15.53470910478909 514.0069732938985
-52.99999999999999 -57.94060554268456 449.4211522706653
-52.99999999999999 -58.40954296985505 453.056238324132
-52.99999999999999 -117.8201180482549 546.5434762641005
-52.99999999999999 -117.7806535933366 544.1096651413194
-52.99999999999999 -57.48152472712487 445.7627136966844
-52.99999999999999 54.46046368188273 435.3078504484522
-52.99999999999999 57.78918234268512 434.0081198131897
-52.99999999999999 51.13541920344231 436.603078521664
-52.99999999999999 -33.07586908739576 526.5672644104392
-52.99999999999999 20.8745216210678 440.818862025153
-52.99999999999999 24.13705350501257 439.5946249381659
-52.99999999999999 77.13566756478752 496.064803322122
-52.99999999999999 -84.50901714069121 543.833077075119
-52.99999999999999 -78.04529984772633 347.6384718312776
-52.99999999999999 -44.87685624386157 500.1983648884415
-52.99999999999999 -110.4943253855834 557.218355017723
-52.99999999999999 -108.8628796820924 556.3235234009982
-52.99999999999999 -112.124654166491 558.1124488216418
-52.99999999999999 7.390155445400501 522.0431787082513
-52.99999999999999 7.132429813128823 523.7284552040569
-52.99999999999999 5.563454263131211 524.3460532026637
-52.99999999999999 6.874525814110441 525.3750128609315
-52.99999999999999 5.341907398852144 525.9780871434886
-52.99999999999999 8.412440503776404 524.7724230018364
-52.99999999999999 8.159622888587743 526.3909967739733
-52.99999999999999 9.672793742071626 525.7983190281961
-52.99999999999999 9.423985853120048 527.3910692742444
-52.99999999999999 10.91313262746223 526.8078843756801
-52.99999999999999 10.66822417358976 528.3753576399658
-52.99999999999999 12.13380529230102 527.8014766640043
-52.99999999999999 9.206151585839416 528.9449980705602
-52.99999999999999 -113.9056575569578 513.5220849512569
-52.99999999999999 -84.36285810106861 542.0120577252651
-52.99999999999999 -87.66566090490799 533.1974584689808
-52.99999999999999 93.61709695546384 383.6893192735426
-52.99999999999999 -110.1066805907755 475.4538197567664
-52.99999999999999 -110.4999952109402 479.2569128030452
-52.99999999999999 -109.7245099856148 471.6260208412432
-52.99999999999999 110.4388137341099 394.6405297774429
-52.99999999999999 111.1207831483679 391.352837613512
-52.99999999999999 -94.50506047527897 421.5201052459464
-52.99999999999999 64.98304494344124 508.1847404971889
-52.99999999999999 26.28648722281783 281.7122755558373
-52.99999999999999 29.66863662949413 476.1042408460817
-52.99999999999999 30.14763299844874 473.2363431330377
-52.99999999999999 3.127158259633333 453.7488501611676
-52.99999999999999 -115.60654003933 542.9482128551106
-52.99999999999999 -117.7198601682025 541.6078845650969
-52.99999999999999 -115.4789336966182 540.4107942062489
-52.99999999999999 -117.6567965488331 539.0299108705495
-52.99999999999999 -115.3497898657826 537.7992627658439
-52.99999999999999 -117.5879473338752 536.3812644499111
-52.99999999999999 -115.2189937717405 535.1174709400472
-52.99999999999999 -117.5169159479512 533.6622384175488
-52.99999999999999 -115.0868249522859 532.3668536946421
-52.99999999999999 -117.4418559851384 530.8759778494028
-52.99999999999999 -54.58954353229087 536.7262889292643
-52.99999999999999 -54.72332085343528 538.450583566467
-52.99999999999999 61.92885841690091 526.9210018265738
-52.99999999999999 -106.0276663913908 417.4964772236067
-52.99999999999999 -28.51254017669578 524.4265446928033
-52.99999999999999 103.3372270297808 330.0983038200483
-52.99999999999999 -30.70780832775332 500.007225388723
-52.99999999999999 -32.95994609609434 500.9458140161924
-52.99999999999999 73.78933556474618 354.1926951991364
-52.99999999999999 70.24581458163759 351.2691496451372
-52.99999999999999 -24.53702027998876 514.2600443675956
-52.99999999999999 26.47994181518678 479.9173673812484
-52.99999999999999 -91.67629454005871 535.1448265254124
-52.99999999999999 -108.8971273042842 520.0248407400753
-52.99999999999999 60.36612899170337 527.4655078973212
-52.99999999999999 -90.9410012593767 551.881013464759
-52.99999999999999 -89.42549219782018 551.119024604829
-52.99999999999999 -17.72141512650645 485.148025929165
-52.99999999999999 -19.80225605025925 483.5133699344286
-52.99999999999999 -22.2769159861478 484.5237253765496
-52.99999999999999 -21.92611506464694 481.8471752633841
-52.99999999999999 -24.45022728263565 482.8776173955149
-52.99999999999999 -78.51041261247516 526.5393133661637
-52.99999999999999 -76.45296699055406 525.5788579282928
-52.99999999999999 47.64373076374991 524.1469021954949
-52.99999999999999 11.89279119089542 529.3443191971635
-52.99999999999999 13.33582927710628 528.7794962205909
-52.99999999999999 13.58302894382285 527.2480014003714
-52.99999999999999 14.7914203784458 528.2287464671292
-52.99999999999999 -90.50180574224264 510.4049879139594
-52.99999999999999 -39.17946133260046 487.7020264029027
-52.99999999999999 -36.8005866806816 475.6954807088268
-52.99999999999999 102.0960058451758 356.7858240686202
-52.99999999999999 102.9326085930274 352.1624455196436
-52.99999999999999 105.9820218200882 402.1342864972011
-52.99999999999999 102.94485857967 403.2027156194801
-52.99999999999999 -2.396537605402324 510.3627399661555
-52.99999999999999 -2.127447400860264 508.3751514285854
-52.99999999999999 80.01311080354756 282.3253077892031
-52.99999999999999 75.18085049182071 284.1365802360116
-52.99999999999999 74.34313566400563 289.2235734057575
-52.99999999999999 70.36727764838786 285.9563647661413
-52.99999999999999 84.85030615575111 280.5082641492335
-52.99999999999999 65.12765290883978 525.853474940026
-52.99999999999999 -56.243031864655 500.0561657094607
-52.99999999999999 77.32975449430663 357.1044188354859
-52.99999999999999 -98.76213949468053 546.9693492225076
-52.99999999999999 44.51866225591441 279.5704201631459
-52.99999999999999 -92.45530416284046 552.6416859085746
-52.99999999999999 20.04274651985617 457.7157146503512
-52.99999999999999 17.56437529618755 455.7239499604206
-52.99999999999999 -8.388891108902866 526.7108508911242
-52.99999999999999 77.07209695772021 485.2196675713428
-52.99999999999999 77.65445204525413 481.9966357709273
-52.99999999999999 -52.12493310381713 453.8400251666725
-52.99999999999999 -8.850546508743252 455.4047822604144
-52.99999999999999 -16.75358662935635 334.5204773792118
-52.99999999999999 -47.78504721132295 506.0855435400996
-52.99999999999999 -45.84450014600193 507.5290240183746
-52.99999999999999 -48.04550256351591 508.4618176379602
-52.99999999999999 -67.06827928991629 479.6307866734185
-52.99999999999999 -66.69395842609171 476.4193540342175
-52.99999999999999 -7.544311175630126 477.4551163017853
-52.99999999999999 -23.78185448981714 497.12973342125
-52.99999999999999 28.51813912990331 294.9076106313282
-52.99999999999999 -52.59212661586933 411.0451949108349
-52.99999999999999 -107.3959326346404 497.7051147766475
-52.99999999999999 -81.55614407933454 545.8843092862762
-52.99999999999999 -83.15552578141936 546.6283134365327
-52.99999999999999 -81.72395924693537 547.6146511041856
-52.99999999999999 -67.56549036553936 510.0262430785011
-52.99999999999999 -65.20668081933783 508.9913982226385
-52.99999999999999 -65.50485942057595 511.5174741166174
-52.99999999999999 -63.20346812328265 510.5084944108471
-52.99999999999999 -63.49440302888053 512.974020626001
-52.99999999999999 -61.24778039606216 511.9891962262693
-52.99999999999999 -61.53167910742842 514.3965115878325
-52.99999999999999 -63.72537460420794 515.3580191126185
-52.99999999999999 -59.33770551793908 513.4348525437763
-52.99999999999999 3.210149103259567 485.8564839877095
-52.99999999999999 -16.85777141573778 511.0928898237428
-52.99999999999999 61.75483141472068 415.6114914822361
-52.99999999999999 -17.80812572411228 381.5602744203916
-52.99999999999999 -67.86019116492483 413.0877924448185
-52.99999999999999 22.63360732275351 500.2649069919086
-52.99999999999999 -45.10147088008058 530.5451559333936
-52.99999999999999 -59.61497435434841 515.7858246725131
-52.99999999999999 -73.82088442827937 502.6463207633258
-52.99999999999999 65.19449302385682 326.080085775039
-52.99999999999999 -53.24650666031111 415.222254519247
-52.99999999999999 -49.34175712177503 413.6941868043457
-52.99999999999999 -49.98493293085559 417.8036836840136
-52.99999999999999 -46.14115195951727 416.3001923546753
-52.99999999999999 35.08057657887467 386.2558365313316
-52.99999999999999 38.26192754130282 388.8669658488819
-52.99999999999999 31.89410412738559 383.6323111828611
-52.99999999999999 11.54017220602022 441.1436312847777
-52.99999999999999 -28.98485859803247 529.4459734755283
-52.99999999999999 -13.03003706352434 337.5211267755865
-52.99999999999999 -96.65233219584255 443.2738077593026
-52.99999999999999 37.58331402953296 392.9156817939052
-52.99999999999999 41.41158531504585 391.4761162602911
-52.99999999999999 22.21183916301927 398.6615077087981
-52.99999999999999 -8.582887496070576 335.8110533512618
-52.99999999999999 -15.81820878193949 528.2429680513225
-52.99999999999999 -14.54045530671535 529.2003663323636
-52.99999999999999 -15.9938296170466 529.8087039295433
-52.99999999999999 -31.91638621403935 398.9055344770814
-52.99999999999999 31.44168498809752 497.1086905287802
-52.99999999999999 -83.27737659086485 548.3372210093917
-52.99999999999999 -81.88717756924591 549.2948486528236
-52.99999999999999 -80.37749082991265 548.5934766768075
-52.99999999999999 -83.39545884403111 549.996540114581
-52.99999999999999 -16.93522025473995 470.3490622515897
-52.99999999999999 86.28588766592812 299.0108777588748
-52.99999999999999 -8.545022088696978 467.0498917814813
-52.99999999999999 56.18007081375903 444.5141745574738
-52.99999999999999 -61.32463604231223 450.832392013533
-52.99999999999999 -61.79394062060097 454.4700968781244
-52.99999999999999 32.88108994492994 362.1780164041626
-52.99999999999999 40.73753367212706 395.4936842667062
-52.99999999999999 44.53507339817816 394.0654915762048
-52.99999999999999 79.63311788179787 513.6174948161005
-52.99999999999999 80.13413985729416 511.1878902547809
-52.99999999999999 51.67101742650338 433.0624817316374
-52.99999999999999 48.32155516222749 434.3666063693531
-52.99999999999999 47.79318600800963 437.9197819457103
-52.99999999999999 44.98945702954357 435.686985097287
-52.99999999999999 -15.86198828324962 502.6261473805521
-52.99999999999999 -110.7531904740231 505.729081359565
-52.99999999999999 -2.653831698823342 512.3349526917673
-52.99999999999999 -59.04542270970647 511.0640012411531
-52.99999999999999 -57.1409780567103 512.5022268258168
-52.99999999999999 -84.90142051972792 457.3156881501386
-52.99999999999999 -81.86426799698029 459.6111049633192
-52.99999999999999 -48.61022727255887 282.0291101078111
-52.99999999999999 -52.52232223748657 343.5471388995119
-52.99999999999999 -45.75086017074522 354.2273966563038
-52.99999999999999 -90.69840495047724 548.4245471158787
-52.99999999999999 -15.42922526827465 416.7769871442446
-52.99999999999999 -18.51465512903441 414.3215728366358
-52.99999999999999 -19.09636963565085 418.2188001613018
-52.99999999999999 -22.17689549958914 415.7669614357935
-52.99999999999999 -22.75948516435797 419.6600637015446
-52.99999999999999 -25.83883917380844 417.2091063022083
-52.99999999999999 -19.68793960779443 422.0909850028938
-52.99999999999999 -31.12885184405765 284.8311362488673
-52.99999999999999 -26.35152624554605 282.9976671703664
-52.99999999999999 79.54306422017552 408.887868361621
-52.99999999999999 77.38901562427205 384.4108252076604
-52.99999999999999 -67.10433013744594 326.4328032744838
-52.99999999999999 -60.84846645777939 314.7870044990835
-52.99999999999999 -120.9610017297955 557.2958552298719
-52.99999999999999 -120.9749739249844 559.4148460542415
-52.99999999999999 -120.9771206040187 555.1310802418058
-52.99999999999999 -46.45223727762278 332.2366041054116
-52.99999999999999 42.81627179729119 289.6442370663818
-52.99999999999999 47.59005393252716 287.8675532290446
-52.99999999999999 67.04748771190964 453.1565801085424
-52.99999999999999 -95.12272615459632 344.8845464715463
-52.99999999999999 -94.33468505859103 339.9177539680146
-52.99999999999999 -99.05030975255183 341.7154759812734
-52.99999999999999 -98.25670099608986 336.71353506383
-52.99999999999999 -103.00441323572 338.5241897762532
-52.99999999999999 -102.2056778634985 333.488743076504
-52.99999999999999 -93.51432750787072 334.9112079834728
-52.99999999999999 -103.8003601507143 343.5556649985994
-52.99999999999999 13.15857340430092 409.3621249008808
-52.99999999999999 105.1005007321452 320.2375089049509
-52.99999999999999 -46.77358720247526 420.3485207322655
-52.99999999999999 -42.98390196139827 418.8669862743161
-52.99999999999999 32.7997343869776 315.5846059082343
-52.99999999999999 22.50878505266558 459.7055472528452
-52.99999999999999 75.24607377229799 396.319677288459
-52.99999999999999 66.74759559294932 480.249720333943
-52.99999999999999 5.071106129983262 393.8063717975375
-52.99999999999999 5.711276036363361 389.7267987761152
-52.99999999999999 1.836584347132491 391.2087935156094
-52.99999999999999 2.482687486827475 387.0918277674302
-52.99999999999999 6.394240369605722 385.5945184172193
-52.99999999999999 -69.76392932858415 397.5170949991982
-52.99999999999999 61.67889650677711 467.7593057128686
-52.99999999999999 49.62746098203365 485.5931799848898
-52.99999999999999 -56.14555676459184 537.4729043128015
-52.99999999999999 -56.27872194405341 539.1899277119001
-52.99999999999999 69.7102886887192 479.1152327003578
-52.99999999999999 71.19684886442188 280.8745278798192
-52.99999999999999 -106.1245610408455 289.2549396863751
-52.99999999999999 -105.2982284985748 284.0975411669992
-52.99999999999999 -106.9474408055925 294.4086791928263
-52.99999999999999 -100.411804026668 282.2379963907818
-52.99999999999999 11.19802800591862 349.7181634304546
-52.99999999999999 63.80368401160355 481.3673828831057
-52.99999999999999 64.74295336151769 373.8295552899371
-52.99999999999999 -60.67782047258823 389.8029866622081
-52.99999999999999 51.77825900530382 363.044388400328
-52.99999999999999 -32.99642349103327 432.1821034169155
-52.99999999999999 -117.3707240953745 559.3257176414568
-52.99999999999999 1.295854778299152 508.8660952778507
-52.99999999999999 -107.1041367852589 494.3147869137678
-52.99999999999999 -110.2300063926925 495.7534731818469
-52.99999999999999 15.04077991233486 526.6866950729681
-52.99999999999999 16.25847698283292 527.6747916561135
-52.99999999999999 -58.88698102655293 456.6709786265734
-52.99999999999999 -62.22756097933209 458.0630496315399
-52.99999999999999 -65.11578657300537 455.8918378162721
-52.99999999999999 -65.5537274367006 459.4810205342345
-52.99999999999999 -80.89335477363845 430.3928621953066
-52.99999999999999 -19.44314667728904 521.9312294293384
-52.99999999999999 55.22751037085965 521.2838202406206
-52.99999999999999 54.45402947551425 458.0996918779296
-52.99999999999999 24.65812152220118 419.1733292144989
-52.99999999999999 -1.427567255230705 388.5873467078721
-52.99999999999999 -2.068409706378771 392.728243790446
-52.99999999999999 -104.3830626243921 446.5991818012115
-52.99999999999999 -6.152685825459754 521.0580902495404
-52.99999999999999 20.54641580476075 454.5511818393221
-52.99999999999999 31.67488488958583 512.9573315481435
-52.99999999999999 -103.9071738619619 442.3685724808635
-52.99999999999999 -107.8552339255026 444.0665371725272
-52.99999999999999 60.06842756632341 305.2150024680456
-52.99999999999999 -24.11165083175193 524.0360177213403
-52.99999999999999 6.542478876604033 433.1941591214355
-52.99999999999999 -53.30674167219128 539.4142860579045
-52.99999999999999 7.452067148201339 288.8503656659573
-52.99999999999999 8.257255156749761 283.8647698055219
-52.99999999999999 -64.89408688513355 506.4426735494232
-52.99999999999999 106.5445743336853 355.2034137201205
-52.99999999999999 107.3971694225999 350.525154899926
-52.99999999999999 -57.44391269555954 280.6621968661375
-52.99999999999999 -62.26956889143683 282.5406193411702
-52.99999999999999 -27.55076195488902 509.7207626565234
-52.99999999999999 -108.2595750450711 372.9793050752147
-52.99999999999999 -107.4874134659517 368.0038752291636
-52.99999999999999 3.52323419400622 285.6580298781808
-52.99999999999999 4.332352592069135 280.6487260069061
-52.99999999999999 -0.4237560757243406 282.4505020887854
-52.99999999999999 -20.76456624350863 457.108913862331
-52.99999999999999 -65.26009309045214 529.6112098182147
-52.99999999999999 13.81949482628312 525.6885267823567
-52.99999999999999 -42.57550742214396 516.0388831434217
-52.99999999999999 -35.08410542326162 512.9048439620667
-52.99999999999999 -92.41707431294874 494.0158462948402
-52.99999999999999 -95.17997118371011 426.0011438240432
-52.99999999999999 9.090109200449131 278.8453201613679
-52.99999999999999 -36.07819444317096 527.9686719829709
-52.99999999999999 -67.77543741242992 491.7372550408928
-52.99999999999999 15.25868011025849 496.7689537864953
-52.99999999999999 -97.36160298117508 521.5222664316
-52.99999999999999 -80.56767066836669 527.4995632360558
-52.99999999999999 30.32429714011073 490.7475463451015
-52.99999999999999 113.6622404091196 393.594591638938
-52.99999999999999 59.38078937621035 506.0222127102466
-52.99999999999999 -108.9209585832071 558.1522660924642
-52.99999999999999 -107.3414199463057 557.2871369333679
-52.99999999999999 -57.69405548580888 538.2164847727993
-52.99999999999999 -57.82647210402374 539.9246421896431
-52.99999999999999 -56.42524767320883 540.8788596406863
-52.99999999999999 -57.94027816121529 541.5976866834961
-52.99999999999999 -59.31920921192828 540.6634942216124
-52.99999999999999 -59.43468429190003 542.3187370496998
-52.99999999999999 -60.80424130356651 541.3915429628756
-52.99999999999999 -60.91914666604589 543.0363518631425
-52.99999999999999 -62.28045909358309 542.1148333341223
-52.99999999999999 -62.39464671454189 543.7497749466722
-52.99999999999999 -63.74788209312262 542.8338039042835
-52.99999999999999 -63.86162211078176 544.4594464378515
-52.99999999999999 -65.207569938064 543.5484753489778
-52.99999999999999 -65.3209801904988 545.1658331774726
-52.99999999999999 -66.6605218852652 544.2592484679583
-52.99999999999999 -66.77337546441501 545.8689226143799
-52.99999999999999 -68.10606062789283 544.9666954848702
-52.99999999999999 -68.21835534352807 546.5679389226901
-52.99999999999999 -69.54375118947524 545.6704299987832
-52.99999999999999 -69.65551934044666 547.2628768407109
-52.99999999999999 -70.97333888609423 546.3702380734569
-52.99999999999999 -4.226501223120724 511.1268932409038
-52.99999999999999 -4.481501909924278 513.0865487378743
-52.99999999999999 -102.8478074660082 511.1661501216905
-52.99999999999999 38.61388746652815 448.9259245811899
-52.99999999999999 35.97735372563019 446.8059927531052
-52.99999999999999 92.40322751134218 391.0625443798054
-52.99999999999999 91.7309611106939 394.712846849657
-52.99999999999999 -19.9149079435345 506.4892675877742
-52.99999999999999 3.132921839067583 382.9325906888421
-52.99999999999999 7.084716144465705 381.4197655810181
-52.99999999999999 -113.2768918537169 473.2043256737591
-52.99999999999999 -112.8873350981546 469.2941956035817
-52.99999999999999 -86.04046901253457 542.7937841627905
-52.99999999999999 75.9555178447377 510.4235753739838
-52.99999999999999 16.00147778869863 529.2137766500813
-52.99999999999999 17.45003181337245 528.6647235501264
-52.99999999999999 17.7125840955729 527.1366088548032
-52.99999999999999 18.91000059780633 528.1289548819188
-52.99999999999999 -15.66291687222772 486.7794564424789
-52.99999999999999 -14.25319292740402 408.958469249806
-52.99999999999999 -10.54188980113559 407.5172566127076
-52.99999999999999 -63.04500342533656 287.6626545485478
-52.99999999999999 -67.09327143767511 284.4300647986004
-52.99999999999999 -20.84842545972222 520.8865113554496
-52.99999999999999 -19.22589366391176 520.1714980231362
-52.99999999999999 -106.9843758557378 335.3118059065239
-52.99999999999999 -106.1806411515109 330.2439877698705
-52.99999999999999 -101.3794775377975 328.4194853114997
-52.99999999999999 -105.3623963299873 325.1678294306891
-52.99999999999999 -30.3339870682759 279.7615680536353
-52.99999999999999 -14.74997211791555 530.7401025123947
-52.99999999999999 -13.32870681234475 530.149375713713
-52.99999999999999 79.37786735541184 497.9881541155758
-52.99999999999999 79.94941419643673 495.0532286124546
-52.99999999999999 32.41198082374699 475.0884844312387
-52.99999999999999 32.89683002192054 472.1855112812308
-52.99999999999999 114.3471171933243 390.2566615848635
-52.99999999999999 -40.47189147754869 528.3625357777872
-52.99999999999999 -76.22722291636732 523.3260461740275
-52.99999999999999 -74.39209677247766 524.6476521361427
-52.99999999999999 -50.17149050846267 537.9276159851771
-52.99999999999999 -96.7057680582321 542.0373908357039
-52.99999999999999 -89.535809661228 552.7876976269453
-52.99999999999999 -107.3703534663445 439.7550258441244
-52.99999999999999 -62.6724218994642 461.6296467395327
-52.99999999999999 -65.95654955395543 463.0274315677958
-52.99999999999999 -21.605053313255 411.8535828260088
-52.99999999999999 30.60093153247037 470.3006127956509
-52.99999999999999 105.3824338865875 405.2808726094755
-52.99999999999999 102.3763342099446 406.3382226684532
-52.99999999999999 99.90139744519904 404.2701762665238
-52.99999999999999 99.3193831984871 407.4816672686636
-52.99999999999999 96.77936695355098 405.3628591645771
-52.99999999999999 -48.86802827125328 496.9721223738019
-52.99999999999999 -55.96520899170082 523.6300009130762
-52.99999999999999 49.24767978655636 523.5681612400105
-52.99999999999999 48.94081298242102 525.2296957502639
-52.99999999999999 47.37347063642775 525.7889342152295
-52.99999999999999 -91.62539583539474 403.0905606098996
-52.99999999999999 -88.0056550414966 406.0087479296024
-52.99999999999999 31.91900005758402 477.969522902393
-52.99999999999999 106.8723271527269 310.2536474911026
-52.99999999999999 107.7434389560194 305.2038863042796
-52.99999999999999 -62.17471066569787 540.462556047784
-52.99999999999999 66.37493503805266 282.6960161647327
-52.99999999999999 73.33591606816542 513.6459885058213
-52.99999999999999 19.17471512023322 526.5909308918003
-52.99999999999999 20.38088660714416 527.5903216069545
-52.99999999999999 20.64704401022603 526.0415307528443
-52.99999999999999 21.86114021228281 527.0474361819664
-52.99999999999999 22.12902793813309 525.4884634542817
-52.99999999999999 23.35136253180825 526.5010073597365
-52.99999999999999 23.07624293862092 528.0559841779617
-52.99999999999999 24.54780152340647 527.5145180680987
-52.99999999999999 24.82854842677323 525.9701518987689
-52.99999999999999 26.03166955985331 526.9865658866073
-52.99999999999999 26.31547066481114 525.430363341524
-52.99999999999999 27.52977187695151 526.4557920333397
-52.99999999999999 27.81635110726537 524.8847327900119
-52.99999999999999 29.04248788477771 525.9200614967511
-52.99999999999999 28.74724696225293 527.4899604234812
-52.99999999999999 30.24119937201582 526.9582070606594
-52.99999999999999 30.54313974845534 525.3984382047798
-52.99999999999999 31.75042458983756 526.4412539211562
-52.99999999999999 32.05465075006057 524.8687917314173
-52.99999999999999 33.27188758822494 525.9199526098819
-52.99999999999999 33.57800877052764 524.3351102032916
-52.99999999999999 34.80634722656214 525.3943563652034
-52.99999999999999 34.49071777620207 526.9755857845789
-52.99999999999999 36.0057994211864 526.4558953358714
-52.99999999999999 31.44018244099037 527.9970533102074
-52.99999999999999 35.69298712864713 528.0122816731274
-52.99999999999999 37.18182297977825 527.5018885877125
-52.99999999999999 25.74404552798898 528.5274304741392
-52.99999999999999 -40.88827229483648 533.4417666965882
-52.99999999999999 -66.32094505115762 279.2996799016435
-52.99999999999999 -71.16016506328354 281.194510700665
-52.99999999999999 9.932217598981479 524.1924621704758
-52.99999999999999 -50.95305537444372 297.249591594219
-52.99999999999999 -46.96536433027043 300.4396186503277
-52.99999999999999 -93.306296952371 445.8145989431331
-52.99999999999999 -25.52966060037679 277.9177196813096
-52.99999999999999 -21.53600769101896 281.1702948261644
-52.99999999999999 -104.4678453511996 278.9296522095966
-52.99999999999999 108.9873245844308 401.0594087531754
-52.99999999999999 63.98592707089971 497.9034770935004
-52.99999999999999 61.60915967387503 528.5182336528738
-52.99999999999999 37.49835321688084 525.9619038319523
-52.99999999999999 38.67997219354938 527.0072975271263
-52.99999999999999 -111.3947300810739 441.4854580170348
-52.99999999999999 -110.9019113231166 437.0867227441662
-52.99999999999999 -111.8772593767627 445.8645999290912
-52.99999999999999 18.0294243767827 452.5287913727215
-52.99999999999999 73.06232668220923 358.6849712558447
-52.99999999999999 76.55162709617491 361.5547239640835
-52.99999999999999 -48.20272510481109 532.0070094945795
-52.99999999999999 -63.69155406443554 475.1445273342382
-52.99999999999999 30.83364350210948 523.8058743529975
-52.99999999999999 -71.08486316385785 547.9539638612755
-52.99999999999999 -72.39622845011071 547.0658293148699
-52.99999999999999 -72.50720593028989 548.641900152319
-52.99999999999999 20.10844928583934 529.1240023555384
-52.99999999999999 68.42511266097567 524.8045362901951
-52.99999999999999 -114.9530266155684 529.5500261067991
-52.99999999999999 -117.3637335318326 528.0238556721333
-52.99999999999999 101.8400153368925 409.5624339664733
-52.99999999999999 -99.28394968220843 503.4320236157542
-52.99999999999999 35.11573567793275 523.7937438818313
-52.99999999999999 -45.49953732470522 535.6709143327485
-52.99999999999999 35.78583343028983 278.1126036151945
-52.99999999999999 -9.332730037780038 340.4986200644206
-52.99999999999999 -4.918174373252397 338.801033318297
-52.99999999999999 -13.74753677755663 342.1963982697992
-52.99999999999999 -32.01485341221819 530.8289013025804
-52.99999999999999 -78.72088342560501 528.7722764229384
-52.99999999999999 -84.37231033911782 386.1562789848791
-52.99999999999999 -25.21148014832258 470.9001407335579
-52.99999999999999 -107.9170275354461 541.3199758919012
-52.99999999999999 49.5710207223085 521.8873241798422
-52.99999999999999 -77.25201544725441 342.7304512610729
-52.99999999999999 -85.16002783546257 505.2306799598078
-52.99999999999999 -42.04935676706917 449.6716587117135
-52.99999999999999 -42.54896024078834 453.2170034941947
-52.99999999999999 -85.89100296532519 540.923575666793
-52.99999999999999 -15.275425287754 484.1761331584981
-52.99999999999999 45.21467468371561 390.0671342816492
-52.99999999999999 48.33887363629568 392.655089370018
-52.99999999999999 -119.9658544641832 545.291457443977
-52.99999999999999 13.09837322285535 530.2986161255137
-52.99999999999999 11.68095336464991 530.8506042599446
-52.99999999999999 -71.67171981779371 441.8328215666986
-52.99999999999999 -80.72855851076916 529.7092807371336
-52.99999999999999 77.54966344886022 522.1268412694589
-52.99999999999999 79.4897813869265 521.4833327471774
-52.99999999999999 60.09022285974255 529.0515222749787
-52.99999999999999 -80.53610749901534 550.2275266631781
-52.99999999999999 -79.06743136875374 549.5453671231641
-52.99999999999999 -68.44790212372632 457.306572932398
-52.99999999999999 -59.56448619375487 543.9444194061936
-52.99999999999999 -122.9168099197488 556.2279706367584
-52.99999999999999 23.56137473844632 443.0198316103014
-52.99999999999999 35.77311649808777 382.1678236789074
-52.99999999999999 32.55736386502972 379.5196522717541
-52.99999999999999 -32.0626125808523 493.5593504664175
-52.99999999999999 -99.57027957167629 277.065752134543
-52.99999999999999 -109.9326791949548 492.284312774755
-52.99999999999999 -113.1333427438975 493.7573188548341
-52.99999999999999 -56.57069037525491 542.5283033177601
-52.99999999999999 65.55162718882031 287.7786822518057
-52.99999999999999 -13.53391586988253 531.660768286178
-52.99999999999999 -12.1375391267157 531.0807336920963
-52.99999999999999 78.79757128849975 500.8899189008211
-52.99999999999999 96.1822930256365 408.6605115645714
-52.99999999999999 93.58687415647793 406.4877048575645
-52.99999999999999 -78.84187281528509 352.5393329718845
-52.99999999999999 -74.21951323732173 350.7754720356273
-52.99999999999999 21.0278993102068 311.150064474588
-52.99999999999999 -6.042847524872752 511.8869594650027
-52.99999999999999 -6.295686238987765 513.8319384230429
-52.99999999999999 14.59595652337856 456.9024735702371
-52.99999999999999 -109.7328689277592 382.8664955575308
-52.99999999999999 -119.971278600805 540.2630511025421
-52.99999999999999 -116.5173302050016 470.9070183450357
-52.99999999999999 -116.1192453459093 466.9115484280393
-52.99999999999999 33.40437264341973 469.2265920247825
-52.99999999999999 31.06075326741875 467.3050299622333
-52.99999999999999 73.68478936396878 523.2290881891918
-52.99999999999999 -73.81251316133131 547.7580456217139
-52.99999999999999 -110.1794443127862 326.9953787010958
-52.99999999999999 -109.3587702289315 321.8963548263881
-52.99999999999999 -104.5239477041243 320.0669096817053
-52.99999999999999 -108.5275452816602 316.7896894963019
-52.99999999999999 -13.21000918181208 485.8140596927107
-52.99999999999999 -109.3655116328347 280.793346797734
-52.99999999999999 -74.62608534419763 526.8758868402216
-52.99999999999999 -72.60913297150655 525.9612854899075
-52.99999999999999 -72.36733524252249 523.7662949002413
-52.99999999999999 11.76227164128789 517.1807548301435
-52.99999999999999 -70.58990481669041 525.0729080443376
-52.99999999999999 -70.34751599390803 522.8809220728675
-52.99999999999999 -68.57006729357948 524.1868661598951
-52.99999999999999 -2.87581247387276 433.500035784241
-52.99999999999999 -6.265860343195057 434.8253638984164
-52.99999999999999 67.20596042882697 277.6028165457718
-52.99999999999999 -52.33535854334698 467.1370999923704
-52.99999999999999 -49.27461191377992 465.8762506026971
-52.99999999999999 0.3889890592727201 277.4177018066216
-52.99999999999999 -81.39963655205776 455.8393396735851
-52.99999999999999 -116.9003585568223 474.8813279562293
-52.99999999999999 -13.65511018550752 404.9994656416296
-52.99999999999999 -16.16406592273287 531.3323181272945
-52.99999999999999 -17.38509241100753 530.4245730089883
-52.99999999999999 -20.71427290542901 276.0832554505975
-52.99999999999999 -111.004889100099 291.1182775183483
-52.99999999999999 -111.8287961047561 296.2811046356705
-52.99999999999999 -87.61530886325291 541.7268469466277
-52.99999999999999 71.14441619747575 500.8332454203072
-52.99999999999999 -73.92323990297579 549.3273596523096
-52.99999999999999 116.9386432658269 392.5276177006698
-52.99999999999999 -112.5808165861546 531.0742967444759
-52.99999999999999 -107.2660454273473 555.4851959880916
-52.99999999999999 -105.7403652655417 556.4515615379894
-52.99999999999999 -105.8285635898426 558.2342502508844
-52.99999999999999 -104.2739758113492 557.4176371494631
-52.99999999999999 -104.1732777184437 555.6688478614846
-52.99999999999999 -102.71111165874 556.6303355519202
-52.99999999999999 -102.6105097459412 554.8848209690208
-52.99999999999999 -101.1519676296382 555.8445397219905
-52.99999999999999 -101.0517223891401 554.1040147036297
-52.99999999999999 -99.59725655981947 555.0609337270159
-52.99999999999999 -19.40099600172906 480.8151794128063
-52.99999999999999 96.70472795058151 434.7683793826259
-52.99999999999999 43.8662837149868 398.050084001039
-52.99999999999999 40.10186173670345 399.4644978585982
-52.99999999999999 -84.68775750737089 547.3778581752051
-52.99999999999999 80.20464156534319 484.1215454778518
-52.99999999999999 80.80155578797512 480.8124174252507
-52.99999999999999 78.1820351202709 478.6248261097824
-52.99999999999999 81.41506407204513 477.4156130388877
-52.99999999999999 78.73659257553396 475.18090376155
-52.99999999999999 82.03733143035849 473.9472455796501
-52.99999999999999 79.30723893639353 471.6751999964737
-52.99999999999999 -69.69782131808185 477.6967587818655
-52.99999999999999 -69.3162985571939 474.4233753648911
-52.99999999999999 80.85310980057262 277.2143606529214
-52.99999999999999 -56.02004667394718 535.7397355063304
-52.99999999999999 -68.32729712395187 521.993879131346
-52.99999999999999 -31.0335693400732 502.3968536291011
-52.99999999999999 -33.23345271322869 503.3131501257587
-52.99999999999999 -35.13640344954374 501.893827931702
-52.99999999999999 -35.41133399593802 504.247788010235
-52.99999999999999 -76.67073029800773 543.6495047594251
-52.99999999999999 50.51593988919898 524.6614993533203
-52.99999999999999 50.21441512976106 526.2929707993192
-52.99999999999999 -87.50344950132809 503.5580811084483
-52.99999999999999 17.19625626995249 530.1805631834297
-52.99999999999999 0.9497727728433467 421.2139357459097
-52.99999999999999 82.03833291347424 512.8470257795781
-52.99999999999999 82.55853431804989 510.3276988274632
-52.99999999999999 -56.84847635903073 510.1348969265298
-52.99999999999999 62.37251391120819 279.4285698430979
-52.99999999999999 -19.03170872330019 321.9642128111943
-52.99999999999999 -23.56086519359302 323.7066644492755
-52.99999999999999 -24.30273403862672 328.5066081145228
-52.99999999999999 -28.09035816656771 325.4638985241269
-52.99999999999999 -39.26008862480566 451.8725912473521
-52.99999999999999 -39.75212010434003 455.3639548835828
-52.99999999999999 -36.51329189281846 454.0400446429573
-52.99999999999999 -54.94557564375243 511.5717502093619
-52.99999999999999 -65.4473171978286 546.7565299834777
-52.99999999999999 56.25158024397892 513.4710573648983
-52.99999999999999 47.49716594041433 420.9744926001645
-52.99999999999999 38.99975666359008 525.4553471971167
-52.99999999999999 40.19234169868562 526.5100047520792
-52.99999999999999 -122.9348159422552 553.9326568195238
-52.99999999999999 85.71410543663856 275.3877544474504
-52.99999999999999 -38.77316630452735 484.9191730751611
-52.99999999999999 -36.56843451655216 486.6621487692514
-52.99999999999999 -46.71442635667668 488.1433949653022
-52.99999999999999 -112.2083128220347 369.8188482076554
-52.99999999999999 -111.4284499965805 364.8001206459318
-52.99999999999999 -97.54159286867653 486.7377471293357
-52.99999999999999 -112.8285356902197 490.2057977326048
-52.99999999999999 -116.1043847790466 491.713490554204
-52.99999999999999 -116.4018119969472 495.3272144727161
-52.99999999999999 -115.7923730261847 488.0787587615501
-52.99999999999999 3.789870214434191 378.7308266264059
-52.99999999999999 7.781492655612519 377.2028708707153
-52.99999999999999 -0.2001536081712332 380.2592231376753
-52.99999999999999 -35.02034618010848 532.2164936912644
-52.99999999999999 -115.4478374735447 443.2550092907189
-52.99999999999999 -28.83248438576744 501.4798934165281
-52.99999999999999 40.97240257402009 493.7802589303772
-52.99999999999999 37.56178742713047 517.8546492638288
-52.99999999999999 -99.7074053060221 556.7765063062972
-52.99999999999999 -98.19739984573928 556.0121342137573
-52.99999999999999 -111.1517252276913 392.6595350813847
-52.99999999999999 -111.8829980502841 397.5497268988982
-52.99999999999999 7.962774203795274 507.7585452329856
-52.99999999999999 -23.31347548229115 423.5160057815801
-52.99999999999999 -20.27628559460302 425.9186680081261
-52.99999999999999 31.87129032909141 454.6749619801034
-52.99999999999999 -97.18388241638513 518.8649026517522
-52.99999999999999 -42.34542837981095 414.8564773184689
-52.99999999999999 -9.957225977137902 502.3012023987292
-52.99999999999999 15.30752178819773 525.114108076888
-52.99999999999999 58.86964117924273 528.0221817512682
-52.99999999999999 -119.9405129620145 532.2028070477589
-52.99999999999999 19.02516456402853 480.1204614334512
-52.99999999999999 21.19043166753997 481.8559049550713
-52.99999999999999 18.63024297955985 482.8316897620264
-52.99999999999999 20.74084042285808 484.5228071412622
-52.99999999999999 18.2462708521133 485.4735290715553
-52.99999999999999 1.18216299591234 497.9921276371115
-52.99999999999999 -87.47469267766449 530.9835964247411
-52.99999999999999 -35.9634968630922 429.8346272141609
-52.99999999999999 103.7347259038833 347.4440342813587
-52.99999999999999 108.2598190242678 345.7824636364075
-52.99999999999999 64.3063320278083 478.2554049675436
-52.99999999999999 -66.54864099834516 523.3007128441469
-52.99999999999999 -68.00245177807267 543.3478305589974
-52.99999999999999 -20.66640351614785 519.1011035899924
-52.99999999999999 -22.32513268635707 519.833978934403
-52.99999999999999 -19.00400256728846 518.3683844329546
-52.99999999999999 -17.54359693841449 519.4633116500669
-52.99999999999999 -17.32085868557242 517.6448224638383
-52.99999999999999 -39.19709636740579 417.4137692304312
-52.99999999999999 -50.56509718455884 421.8344236874289
-52.99999999999999 -47.39268250080367 424.3490658177101
-52.99999999999999 -51.13869880289636 425.8165100688681
-52.99999999999999 -63.43925509573955 498.0195914422195
-52.99999999999999 66.78130921293238 509.7143842282964
-52.99999999999999 66.3171960480709 512.0276885078687
-52.99999999999999 0.07234932174348363 454.9322891730642
-52.99999999999999 2.614211270248068 456.9591868873691
-52.99999999999999 -0.3935808134544512 458.1238751571108
-52.99999999999999 2.106757817455745 460.1148308562811
-52.99999999999999 -5.332759179922201 390.1030185435765
-52.99999999999999 -92.78619433911213 441.6560251938913
-52.99999999999999 36.87387018769703 529.0302703617009
-52.99999999999999 35.41379177070043 529.5300686292275
-52.99999999999999 61.35686728588192 479.3755890693464
-52.99999999999999 60.86679146855136 482.4764135658141
-52.99999999999999 -115.9336207715332 447.6672043135035
-52.99999999999999 56.23290907725053 302.0474943157187
-52.99999999999999 82.65945585220609 470.4234363072939
-52.99999999999999 79.88868708424472 468.1178233017311
-52.99999999999999 -38.55856596085481 413.4110295104885
-52.99999999999999 -88.71772193598467 410.5740805359413
-52.99999999999999 -84.44503577469617 408.9023048239643
-52.99999999999999 -85.14750336535276 413.4028588903706
-52.99999999999999 88.88345489236281 392.3013732946997
-52.99999999999999 88.20595606738448 395.9883016807091
-52.99999999999999 -88.06176585831356 552.0471648748329
-52.99999999999999 -70.3854039919068 276.0463055072755
-52.99999999999999 -75.24186033155947 277.9478502264423
-52.99999999999999 111.0612428199191 353.6097390423998
-52.99999999999999 110.1882327415865 358.3327540922904
-52.99999999999999 -75.01084170938537 355.6403124641882
-52.99999999999999 -70.42365598993517 353.8896967900163
-52.99999999999999 -71.20893923288843 358.717269214153
-52.99999999999999 -66.65852397728376 356.9798125681722
-52.99999999999999 -67.43722018062572 361.7679183511999
-52.99999999999999 -62.92473264396143 360.0444172748233
-52.99999999999999 -63.696840436113 364.7919472807629
-52.99999999999999 -59.22354817056492 363.0829044784962
-52.99999999999999 -59.98872661400274 367.7888829788791
-52.99999999999999 -55.55589118843171 366.0944520041979
-52.99999999999999 -56.3137825856839 370.7573479277617
-52.99999999999999 -51.92237018293647 369.0780727887622
-52.99999999999999 -52.67332748649673 373.695821569087
-52.99999999999999 -48.32863962814578 372.0324363089823
-52.99999999999999 -49.07121840531193 376.5986115301811
-52.99999999999999 -44.77562990497339 374.9537169574027
-52.99999999999999 -64.42433369754524 369.4845717088511
-52.99999999999999 -65.87151851422645 352.1820322178563
-52.99999999999999 83.28731161710084 466.8512199063856
-52.99999999999999 80.48322886562391 464.5201366296761
-52.99999999999999 83.9172227535628 463.2414228232747
-52.99999999999999 81.08690524818039 460.8909504276363
-52.99999999999999 81.58995916306277 499.9394354191133
-52.99999999999999 -36.16147220129746 483.8814754455022
-52.99999999999999 -33.95660908217175 485.624282623933
-52.99999999999999 -33.54939758715411 482.8429969001475
-52.99999999999999 39.14726727082946 445.5630879476618
-52.99999999999999 36.47669040313491 443.4157668857461
-52.99999999999999 70.98106152541189 346.7274925717043
-52.99999999999999 66.6696354413409 348.3598605706539
-52.99999999999999 65.94522976962635 352.9029342203041
-52.99999999999999 62.39390854836142 350.007375149309
-52.99999999999999 63.10191159883859 345.4727599242493
-52.99999999999999 58.81106818209519 347.1253966264387
-52.99999999999999 59.52126866582181 342.5727241799877
-52.99999999999999 55.21219918598574 344.2322554609559
-52.99999999999999 55.92537487476179 339.6599172230225
-52.99999999999999 51.59788050593261 341.3267196529421
-52.99999999999999 -24.09231608873881 480.1476545638828
-52.99999999999999 -78.92651069499422 530.9510661997789
-52.99999999999999 -80.88549713666372 531.8654620754832
-52.99999999999999 -108.5337855521518 275.6118489586516
-52.99999999999999 -103.3539856772673 438.034266990886
-52.99999999999999 -107.4042258775357 481.4675166931689
-52.99999999999999 -99.6199906861963 520.0366040630551
-52.99999999999999 -99.78839352936059 522.7519402293652
-52.99999999999999 -68.0193151545545 453.6845991912691
-52.99999999999999 -24.71538765515359 272.8178279767878
-52.99999999999999 -58.71346721774059 479.0726140801412
-52.99999999999999 42.27937411318765 462.8868726207713
-52.99999999999999 4.099522964150591 492.4736147070429
-52.99999999999999 35.19172994477056 474.0607770978602
-52.99999999999999 54.51269161387997 348.7873384269398
-52.99999999999999 -9.901522638429148 403.5418231921992
-52.99999999999999 52.33219396149623 470.9017754385556
-52.99999999999999 75.98779998952774 472.9341689851441
-52.99999999999999 -76.01386060835655 283.1074874163742
-52.99999999999999 -80.09565752749545 279.8591837248544
-52.99999999999999 -42.98984515476376 456.6865474104646
-52.99999999999999 79.06412107394786 523.4463979801114
-52.99999999999999 80.93762782544255 522.8249573806194
-52.99999999999999 81.39879096043691 520.8752306681971
-52.99999999999999 82.88962799877206 522.2572561132536
-52.99999999999999 83.36939853000773 520.2445910131649
-52.99999999999999 -55.39709966268003 468.3993755524174
-52.99999999999999 63.20533479727762 274.3225158254105
-52.99999999999999 -4.389591674356176 279.2280355995493
-52.99999999999999 -31.10977729783505 365.864331806782
-52.99999999999999 20.30272251860931 487.1213158060554
-52.99999999999999 17.87204893064441 488.0476890005978
-52.99999999999999 22.74686092240294 486.1972178698486
-52.99999999999999 15.85278156432936 486.4398538538838
-52.99999999999999 15.48163485113689 488.9778825393777
-52.99999999999999 13.48581753586901 487.3898741747448
-52.99999999999999 39.35855013740399 326.3809002302546
-52.99999999999999 -51.33196912947378 533.4852391408876
-52.99999999999999 -62.5224348709467 545.3566637002482
-52.99999999999999 -81.10319736769129 339.5784421828257
-52.99999999999999 -35.30519427376585 341.4282287532193
-52.99999999999999 -12.33915094443441 532.5662106360013
-52.99999999999999 -10.96594446446815 531.9961648423514
-52.99999999999999 0.2295669037573118 518.3537455311647
-52.99999999999999 35.02847923247295 349.045062064929
-52.99999999999999 39.86315000741841 528.0572247711224
-52.99999999999999 41.35175143688431 527.5653146052076
-52.99999999999999 89.72549221315604 278.6975650721374
-52.99999999999999 -6.79156166302405 438.4271371778105
-52.99999999999999 -9.635605281893147 436.172779901227
-52.99999999999999 -109.2639173440827 467.6903872265031
-52.99999999999999 25.09810914349134 524.3948334177516
-52.99999999999999 67.46737199924354 468.7373765836143
-52.99999999999999 51.56746521543207 303.8023407136074
-52.99999999999999 -72.29419514634506 545.4714319818979
-52.99999999999999 -3.155002008888212 302.1709027923868
-52.99999999999999 60.0121325643828 405.6372574623704
-52.99999999999999 13.11816078944221 489.9001281824771
-52.99999999999999 11.14274311709869 488.328753749708
-52.99999999999999 -46.14967769811714 509.8720516865022
-52.99999999999999 -44.00004943495597 508.9606507100208
-52.99999999999999 -48.30014445272248 510.7835687151538
-52.99999999999999 -33.94122467803099 387.8229566693492
-52.99999999999999 -79.22148366852109 551.1357907817015
-52.99999999999999 -80.65020255853381 551.7981951696627
-52.99999999999999 -5.797405634518458 509.923183468533
-52.99999999999999 -0.8453568354031024 461.2567384224444
-52.99999999999999 1.606805694340032 463.2092590070088
-52.99999999999999 -21.79894299000917 358.0355457418617
-52.99999999999999 39.76313453366199 486.8740770778285
-52.99999999999999 -92.63726123257953 519.2519090472707
-52.99999999999999 92.58704271431394 315.5518531350407
-52.99999999999999 -7.84500449851036 512.6416104206704
-52.99999999999999 -8.095816478904355 514.5715167049993
-52.99999999999999 28.64372138216667 380.9983007676209
-52.99999999999999 29.31270242167023 376.8503597054167
-52.99999999999999 25.36544143130584 378.3416616525942
-52.99999999999999 26.04009758589021 374.1578131014929
-52.99999999999999 22.05859239612401 375.6621046060918
-52.99999999999999 -50.29985637472579 439.2285651107925
-52.99999999999999 68.57365186004064 461.9985716605702
-52.99999999999999 61.30306421096991 530.0761953235483
-52.99999999999999 62.79219679379312 529.5597174231428
-52.99999999999999 -27.35245043331986 320.6496615811698
-52.99999999999999 -31.90742181867229 322.4151633779437
-52.99999999999999 -0.8845845113322112 411.0799310633988
-52.99999999999999 -49.90389470067284 393.9544318071024
-52.99999999999999 -58.76064800601497 508.6753896863176
-52.99999999999999 -112.4533602879175 528.2678766091497
-52.99999999999999 -110.1007932518015 529.7808250712465
-52.99999999999999 5.068094753920561 458.9724148185833
-52.99999999999999 -66.1922589454947 537.2620204766536
-52.99999999999999 -67.42797506631416 482.8226943745814
-52.99999999999999 -84.43719283274919 453.5256460919923
-52.99999999999999 90.59213778034849 273.5614749398432
-52.99999999999999 94.61471785217046 276.8813931931854
-52.99999999999999 -39.56776512631703 490.4613850888333
-52.99999999999999 -42.11507377984094 491.5082729695891
-52.99999999999999 -88.16965240745391 553.6697365198157
-52.99999999999999 -89.60121112731379 554.3880100666709
-52.99999999999999 -86.73644018512614 552.9501597861462
-52.99999999999999 -70.59584921493372 531.973340732347
-52.99999999999999 0.2877178431250256 474.3510266711216
-52.99999999999999 -83.73159575961601 404.3868833989117
-52.99999999999999 -80.19418988132513 407.2598689593831
-52.99999999999999 13.04535098721893 469.0682766644448
-52.99999999999999 -65.52866674912896 274.1443192481751
-52.99999999999999 51.75992282923657 525.7350086634993
-52.99999999999999 51.46407763955801 527.3349861911213
-52.99999999999999 52.97970129502178 526.7878933416077
-52.99999999999999 -112.9621129418364 536.5716288158844
-52.99999999999999 84.10098889814269 479.6545330628516
-52.99999999999999 116.1985484879826 395.8189594681407
-52.99999999999999 -10.53722020930857 446.6543566375331
-52.99999999999999 -10.56112404881186 521.3278383401695
-52.99999999999999 -11.93535442581015 520.2612537886209
-52.99999999999999 -82.84862641847215 506.8999956094893
-52.99999999999999 -82.56035622975945 504.065957752159
-52.99999999999999 -14.70833003707711 493.3461967421817
-52.99999999999999 73.29397752075816 502.6586602404532
-52.99999999999999 68.05619049704497 272.4861693952986
-52.99999999999999 -31.16527947477731 317.5712468590124
-52.99999999999999 -35.74862423752475 319.3478375561787
-52.99999999999999 -35.00183884309373 314.4739592075633
-52.99999999999999 -39.61278128655027 316.2616125293497
-52.99999999999999 -72.13337454179084 521.5534202411905
-52.99999999999999 -3.573232297964963 274.1709395088515
-52.99999999999999 1.229710114637512 272.3506678930737
-52.99999999999999 71.15809142367026 518.8216151932974
-52.99999999999999 -51.71256263081261 302.2864317974023
-52.99999999999999 -55.69089506518738 299.1108540622803
-52.99999999999999 -67.86825130233136 289.5517729869529
-52.99999999999999 -55.24705750606311 513.9156191446475
-52.99999999999999 53.19873648166118 491.8364796488084
-52.99999999999999 -36.99817341062095 457.4775324542429
-52.99999999999999 -33.81214360209137 456.1740022175729
-52.99999999999999 -80.97619796244291 538.5808290718194
-52.99999999999999 -117.3793342182574 553.169051643238
-52.99999999999999 -90.14781524810019 504.782496546799
-52.99999999999999 -58.44886732491783 358.3658129610737
-52.99999999999999 -9.124665621050669 432.5631900848638
-52.99999999999999 -12.52563724237626 433.9227372779344
-52.99999999999999 111.6976225733676 308.4860213037715
-52.99999999999999 112.5744002848056 303.4067271301607
-52.99999999999999 -13.05000198964906 400.9959160018327
-52.99999999999999 -79.32688167896406 274.6927439428826
-52.99999999999999 -87.75596452936853 543.6301903737566
-52.99999999999999 59.82413845038079 530.5965884564937
-52.99999999999999 -10.30935106337306 519.5848448294105
-52.99999999999999 -11.71753467635101 518.4923056603258
-52.99999999999999 -102.8222693072139 558.3545410948071
-52.99999999999999 -53.04979189183955 493.5906791342911
-52.99999999999999 -102.517299770094 553.1245332344716
-52.99999999999999 -100.9194319530219 552.3198743907033
-52.99999999999999 -53.36814744831054 378.2443790488532
-52.99999999999999 72.34523979558958 363.1130463741365
-52.99999999999999 75.78510725287231 365.9419753117364
-52.99999999999999 52.31383869563506 336.7344453949598
-52.99999999999999 47.96720413899502 338.4087314794916
-52.99999999999999 -51.9086928434747 463.8273946554244
-52.99999999999999 64.50607098452026 521.3557044329204
-52.99999999999999 67.22887260842698 507.3663738040829
-52.99999999999999 65.38122950778406 505.7866968344134
-52.99999999999999 49.01975684912018 388.6533661622845
-52.99999999999999 52.14928921137966 391.2446351735495
-52.99999999999999 51.4608424936841 395.237005763084
-52.99999999999999 45.88639276489978 386.0475551712744
-52.99999999999999 6.18935544331708 452.5697894031404
-52.99999999999999 84.54777512829351 459.6028469046215
-52.99999999999999 81.69628883338113 457.2348636869846
-52.99999999999999 78.2374609869597 458.5371868342863
-52.99999999999999 78.84571457362252 454.9083460261126
-52.99999999999999 82.28986605979179 453.5979839316925
-52.99999999999999 79.43769309189612 451.2828210923348
-52.99999999999999 82.85738576139293 449.9843723899038
-52.99999999999999 80.02988834487699 447.6900663542672
-52.99999999999999 83.42244883121988 446.3985363440137
-52.99999999999999 80.61219688336537 444.1181468206289
-52.99999999999999 83.98512607790494 442.8333072726074
-52.99999999999999 81.19147910845173 440.5691791025057
-52.99999999999999 77.82986775805779 441.8422389148811
-52.99999999999999 78.41159472381896 438.3035080054875
-52.99999999999999 81.76094723535837 437.032228430373
-52.99999999999999 78.9911305798618 434.7825774289396
-52.99999999999999 75.64694294748172 436.0402933162832
-52.99999999999999 76.23016518996378 432.5161941764977
-52.99999999999999 72.8815535167776 433.7723241776006
-52.99999999999999 73.46516836218809 430.2366774922669
-52.99999999999999 70.1030051797508 431.4976896737671
-52.99999999999999 70.68839309100893 427.9457994726686
-52.99999999999999 67.30823335177379 429.2128985662141
-52.99999999999999 67.89673957656325 425.6407510021153
-52.99999999999999 64.49391547074471 426.9146921393058
-52.99999999999999 -51.15772978857384 527.2371439594979
-52.99999999999999 -49.34490768338767 526.4803474725499
-52.99999999999999 -17.55554240306033 531.9289351587934
-52.99999999999999 -18.76507715577448 531.0300528464802
-52.99999999999999 7.659247081731785 520.3438059019174
-52.99999999999999 14.05838096437247 524.0927891762263
-52.99999999999999 -9.633153369519908 513.3904723265852
-52.99999999999999 111.7425639766847 387.8868395680186
-52.99999999999999 115.1686891967186 386.7375344648617
-52.99999999999999 -6.563729353682899 515.7400663061402
-52.99999999999999 -84.19396946016226 276.608929757859
-52.99999999999999 11.0924127524778 379.9159622310367
-52.99999999999999 -87.46159082080936 539.8044816126776
-52.99999999999999 -89.23410807596815 540.6300744103552
-52.99999999999999 -103.6849973438237 314.957914394181
-52.99999999999999 -99.68363738738749 318.2383593175828
-52.99999999999999 -107.6943062947076 311.6756143411926
-52.99999999999999 -112.5486803078921 313.5096062128875
-52.99999999999999 61.67440483771715 354.5154030815513
-52.99999999999999 -76.44224794173039 337.812336084679
-52.99999999999999 -80.30565550147018 334.6498097205805
-52.99999999999999 -68.34454699501904 548.1404987232233
-52.99999999999999 -39.49747159931553 431.2540255657272
-52.99999999999999 -104.4808553462598 548.0908573480102
-52.99999999999999 12.86021590832211 531.782916275092
-52.99999999999999 33.87034729580294 522.7108792220988
-52.99999999999999 -85.68907576401546 538.9785172877051
-52.99999999999999 -16.35138372938116 532.8164041820788
-52.99999999999999 11.78888392034025 375.6892381100163
-52.99999999999999 22.73909406532978 371.4420333589459
-52.99999999999999 -84.74730276204875 432.0181129160683
-52.99999999999999 -84.24474115258275 427.827786395675
-52.99999999999999 -10.75735318624325 530.5217682702881
-52.99999999999999 -9.578289902285 531.4405306505799
-52.99999999999999 -9.794196459160947 532.9119187741981
-52.99999999999999 -8.424606557526714 532.3613530377904
-52.99999999999999 -8.201064562416668 530.8981542062811
-52.99999999999999 -7.037427062392122 531.8246057186814
-52.99999999999999 -6.811937148890036 530.3473877325689
-52.99999999999999 -5.637539643603946 531.2824725641001
-52.99999999999999 -5.870928630107336 532.7582691624722
-52.99999999999999 -4.487014121458189 532.2207746285452
-52.99999999999999 -4.248668275917515 530.7539944719514
-52.99999999999999 -3.091965421634923 531.6947092059036
-52.99999999999999 -2.851595905200465 530.2176525515496
-52.99999999999999 -1.686093277584724 531.1654078263227
-52.99999999999999 -1.443949386628185 529.6771148074025
-52.99999999999999 -0.2695780885699186 530.6320287285984
-52.99999999999999 -0.0256959340570363 529.1325087803694
-52.99999999999999 1.157428637420369 530.0945248318817
-52.99999999999999 0.9061778281185485 531.590500447356
-52.99999999999999 2.314780883727581 531.0579901980653
-52.99999999999999 -1.933791180410231 532.639212101712
-52.99999999999999 2.066783630351003 532.5312673398532
-52.99999999999999 3.452825234178705 532.0070689019798
-52.99999999999999 3.706170061945714 530.546425744414
-52.99999999999999 4.848779911533266 531.4969010922861
-52.99999999999999 -1.212664545427292 528.1604243474391
-52.99999999999999 0.2354682446934032 527.6028937111638
-52.99999999999999 -4.718163465983496 533.6759874534273
-52.99999999999999 5.104237707453545 530.0277741711776
-52.99999999999999 -113.4440954960204 277.4811561592147
-52.99999999999999 -12.82032000652516 483.2014615568073
-52.99999999999999 40.51506085207269 524.9434765105751
-52.99999999999999 80.58478634144402 508.6114125241596
-52.99999999999999 83.09391872619977 507.7189419092799
-52.99999999999999 11.47590958738126 532.3219286066346
-52.99999999999999 -89.4593355993709 444.1839181053733
-52.99999999999999 86.2419416562916 448.6802774433889
-52.99999999999999 4.050396944995574 524.971711633342
-52.99999999999999 -115.8944577820699 292.9851332530045
-52.99999999999999 -49.80301006000388 381.1202818536904
-52.99999999999999 58.35914513965183 276.1530254778361
-52.99999999999999 47.26143108065015 343.0045919481152
-52.99999999999999 79.94456119702919 364.4081084301572
-52.99999999999999 79.18624292115868 368.7583636567511
-52.99999999999999 33.27501953703877 444.6760878050711
-52.99999999999999 33.78011049930397 441.262340169319
-52.99999999999999 -119.3992516961869 493.2614086520463
-52.99999999999999 -119.6982115890312 496.9027061039524
-52.99999999999999 69.07337587894081 508.9346228550154
-52.99999999999999 -31.35301311244201 504.7288542718399
-52.99999999999999 6.723964839665515 449.330543604804
-52.99999999999999 82.32339322048179 433.5097801843903
-52.99999999999999 -5.662495567746618 343.454229339394
-52.99999999999999 -1.280448632269859 341.7690492651464
-52.99999999999999 -0.5321304912175155 337.1385957824352
-52.99999999999999 3.102582636680436 340.1016881815372
-52.99999999999999 3.851195052116941 335.4725650998151
-52.99999999999999 7.48645992335531 338.4355463601984
-52.99999999999999 8.23520764755137 333.8053784953718
-52.99999999999999 84.5319291453327 512.0485440134294
-52.99999999999999 -65.10306889701231 541.9139017997873
-52.99999999999999 -32.42915092796904 428.416261716356
-52.99999999999999 43.20089152467372 401.9958193176877
-52.99999999999999 39.47392313709856 403.3959572026656
-52.99999999999999 29.27006584478146 452.6002481250714
-52.99999999999999 24.7311422125545 436.1462932141068
-52.99999999999999 -66.30558016562382 521.1060666592871
-52.99999999999999 -68.09460733287314 519.7779355758955
-52.99999999999999 -63.11679745386226 465.1425353416238
-52.99999999999999 -2.925304076015935 514.2727962170754
-52.99999999999999 35.44676497707029 522.1554467279179
-52.99999999999999 -77.23232851800664 516.8076266958598
-52.99999999999999 60.26139697804015 337.9830375778295
-52.99999999999999 -10.74725466403082 484.8460368939465
-52.99999999999999 -38.86156417677667 311.3588563039884
-52.99999999999999 -43.49925811655454 313.1571830885437
-52.99999999999999 -54.65325769786058 509.2061354919532
-52.99999999999999 74.06924244392087 426.6761738748798
-52.99999999999999 -119.9969333961196 547.809434883008
-52.99999999999999 -122.1844849048237 546.5232538172122
-52.99999999999999 48.86155318626732 430.8001403074157
-52.99999999999999 52.23667265306278 429.4844067942703
-52.99999999999999 6.25474707505107 530.9846029277305
-52.99999999999999 5.992304988100329 532.4497879166894
-52.99999999999999 7.379252388844732 531.9421195432786
-52.99999999999999 85.08381998008443 435.7566789211118
-52.99999999999999 -64.52545954431039 522.414000868882
-52.99999999999999 -72.59137103981669 340.9721045277141
-52.99999999999999 84.92844610930389 521.6797455100981
-52.99999999999999 84.40549758430198 523.7211832987742
-52.99999999999999 -82.33603635495672 463.361005707258
-52.99999999999999 -78.89266164052532 461.8895840275028
-52.99999999999999 -97.36245829449436 387.2585678232557
-52.99999999999999 2.019885459062211 322.8726259576308
-52.99999999999999 -72.37740655246779 475.7255194736325
-52.99999999999999 -71.98877837453989 472.3899839768072
-52.99999999999999 -72.7522965563288 479.0419764917598
-52.99999999999999 -12.01056656382812 430.2775916484463
-52.99999999999999 80.5261367320611 524.7192279554997
-52.99999999999999 60.90727141417066 300.2932926173708
-52.99999999999999 57.04376462964211 297.1032448710635
-52.99999999999999 61.85995226105436 476.2571320757008
-52.99999999999999 -114.1979469963266 323.7330570037669
-52.99999999999999 -115.0217273962047 328.8539244824332
-52.99999999999999 -18.9340901228633 532.5206917251253
-52.99999999999999 -20.13299029827569 531.62985590989
-52.99999999999999 -71.40538954004678 455.120270264329
-52.99999999999999 21.05959586819493 451.3350252899099
-52.99999999999999 18.49995571292218 449.2804852102584
-52.99999999999999 -34.52801751710867 336.6879033789235
-52.99999999999999 -30.81312321861411 339.7308324071895
-52.99999999999999 -39.94841798419336 493.1576981693728
-52.99999999999999 -77.7914171163608 550.4716377332358
-52.99999999999999 -77.62951019065243 548.9065547686116
-52.99999999999999 -87.94221227820688 550.4055646120795
-52.99999999999999 -115.7759482290656 394.4678075786691
-52.99999999999999 -116.512872091872 399.3983233384952
-52.99999999999999 37.0085330842271 439.9846999588534
-52.99999999999999 34.27847530210484 437.803928148445
-52.99999999999999 -6.296717713026731 423.9871099467679
-52.99999999999999 -82.55554876767951 528.4655431619063
-52.99999999999999 85.33074817861032 393.5542504007943
-52.99999999999999 84.64678488842716 397.2773641004966
-52.99999999999999 86.01066006710512 389.818700070535
-52.99999999999999 -89.90454294597399 501.8401694342361
-52.99999999999999 -87.19449190980133 500.5893189483156
-52.99999999999999 58.45933458980306 480.506782638038
-52.99999999999999 57.97808166145059 483.5511311479885
-52.99999999999999 36.47337621421189 378.0409003250131
-52.99999999999999 -77.94150281419998 552.0201697675733
-52.99999999999999 -14.6980960654337 292.6792335891136
-52.99999999999999 15.43288310568927 450.4944386871005
-52.99999999999999 -67.24915837871856 408.8226978191166
-52.99999999999999 81.69657197696523 272.0776111909274
-52.99999999999999 -31.34496861596273 484.5862031141155
-52.99999999999999 -30.93747585922171 481.8054498696657
-52.99999999999999 49.95600770307471 527.8732241419333
-52.99999999999999 -36.48740552205202 324.21183674759
-52.99999999999999 -21.73208866648774 309.3030810192803
-52.99999999999999 -80.89490723927206 452.0259104285757
-52.99999999999999 -37.30944730075436 502.8330627620371
-52.99999999999999 -37.58398784153902 505.1821053625775
-52.99999999999999 -35.69869491595465 506.5728556229188
-52.99999999999999 -37.82706289328057 507.484837648674
-52.99999999999999 -116.6946632471338 498.9507547191702
-52.99999999999999 -119.9513741922588 500.5004180667493
-52.99999999999999 -98.84719114832758 313.1375199267011
-52.99999999999999 -97.4514900891258 529.0032896316793
-52.99999999999999 30.02279024159398 372.6522107747444
-52.99999999999999 71.24415496781968 464.1804580832054
-52.99999999999999 112.4246013977952 384.2386590276569
-52.99999999999999 116.0377905310266 383.0270299799698
-52.99999999999999 113.1443273946546 380.3917025775821
-52.99999999999999 116.9494479682779 379.1199682243746
-52.99999999999999 113.9104523857185 376.3555393300756
-52.99999999999999 117.8924922342568 375.0306288266416
-52.99999999999999 114.7255736020171 372.1589015801049
-52.99999999999999 33.91714957972807 466.2112170096702
-52.99999999999999 31.53012110034358 464.2542224368879
-52.99999999999999 36.29379047006175 468.1666620004211
-52.99999999999999 52.68956203339456 528.3570436201193
-52.99999999999999 54.17623733242306 527.82053425461
-52.99999999999999 2.722351058757698 290.6574739207776
-52.99999999999999 92.98116843310746 409.8477387189524
-52.99999999999999 90.33961374917789 407.6369400831076
-52.99999999999999 95.60779445989968 412.0207042493699
-52.99999999999999 10.61486437078798 424.5589984613579
-52.99999999999999 95.48286330256312 271.7325650879966
-52.99999999999999 99.5144650164784 275.0599378465428
-52.99999999999999 -106.6782958460014 362.9826827930585
-52.99999999999999 -110.62896347056 359.7733527994766
-52.99999999999999 85.4301452047474 519.5703408020698
-52.99999999999999 0.4630641949817902 376.0182502498423
-52.99999999999999 -23.85762455094866 427.3248383515468
-52.99999999999999 -20.85970915079202 429.6964566611896
-52.99999999999999 25.18995583034646 472.4380401551752
-52.99999999999999 -109.9742937022059 526.998581571146
-52.99999999999999 -112.3248039419293 525.4633743723632
-52.99999999999999 41.02709090993201 529.0811702242243
-52.99999999999999 42.48284627626145 528.6002635704268
-52.99999999999999 4.313069247686809 511.3125192692917
-52.99999999999999 -16.84261475827036 402.4701931519962
-52.99999999999999 -44.02797071472938 370.4230602607902
-52.99999999999999 -40.48352894711957 373.3349905898658
-52.99999999999999 -41.23584796359281 377.8398740696875
-52.99999999999999 -112.6097764294468 272.2888788462148
-52.99999999999999 53.89171609717425 529.3601759321003
-52.99999999999999 -19.97290550418924 530.1352104152484
-52.99999999999999 76.0209370090751 452.5860223359777
-52.99999999999999 -98.07878037656694 554.3318986844471
-52.99999999999999 -96.68771079610939 555.2744087753216
-52.99999999999999 -96.81464438953743 556.9282349888987
-52.99999999999999 -95.34889556750797 556.2089490892528
-52.99999999999999 -71.20949750114846 549.5106267510407
-52.99999999999999 3.829790119940634 526.5867265698909
-52.99999999999999 -49.80489689830267 435.4735695289052
-52.99999999999999 -53.33448592386432 436.9184406871396
-52.99999999999999 -46.44778772789771 512.1612130562235
-52.99999999999999 -48.54869358721491 513.0519091356829
-52.99999999999999 -124.9878342787196 555.096489643837
-52.99999999999999 -120.167380121779 472.5608530588094
-52.99999999999999 114.6950953379551 356.7236183324821
-52.99999999999999 115.6018807822117 351.9881461531612
-52.99999999999999 -4.020732229505485 529.2599964287438
-52.99999999999999 119.334865051841 394.7953149539277
-52.99999999999999 -9.993596432460489 290.8870004911851
-52.99999999999999 -42.43874162594392 494.181190315855
-52.99999999999999 -40.32071702702076 495.7932620165439
-52.99999999999999 -79.48426113479451 402.7715243300915
-52.99999999999999 -83.01209004054381 399.8871800480367
-52.99999999999999 -124.9554528947135 557.4983266595289
-52.99999999999999 97.37566257069597 402.0601058581016
-52.99999999999999 -3.564102194435804 377.5608128108823
-52.99999999999999 104.5449322993549 342.6579705553996
-52.99999999999999 109.1339100200711 340.9725412447958
-52.99999999999999 -107.6422123590854 528.4986112250292
-52.99999999999999 100.3843651142181 269.8998001349316
-52.99999999999999 104.4240568717493 273.2342076464634
-52.99999999999999 103.5493212397135 278.3960308662598
-52.99999999999999 108.4532162593953 276.5720282650853
-52.99999999999999 107.5793339258016 281.7267131855037
-52.99999999999999 112.478080995826 279.9057881232442
-52.99999999999999 111.6059042366917 285.0593072440261
-52.99999999999999 113.3565809168332 274.7486713680706
-52.99999999999999 36.57012468390807 530.5255164243783
-52.99999999999999 42.81178712160907 527.1052036276061
-52.99999999999999 43.94718161672996 528.1387279278416
-52.99999999999999 -80.86726289062325 285.0175092590297
-52.99999999999999 -24.7927249726035 485.5875434078779
-52.99999999999999 -20.30050431035673 533.1074655839712
-52.99999999999999 -21.48924001121065 532.2244004849539
-52.99999999999999 15.58122061552656 523.5048057082778
-52.99999999999999 -94.0989884058351 478.7193262463599
-52.99999999999999 77.22029876948324 524.0337049420928
-52.99999999999999 55.24553457735439 393.834096905917
-52.99999999999999 -119.5284140999088 445.0385771416322
-52.99999999999999 -119.0513234328035 440.570395618687
-52.99999999999999 39.30667874136181 523.865103990968
-52.99999999999999 -83.4229873453704 271.4279509270571
-52.99999999999999 77.65080167001938 493.0785978863156
-52.99999999999999 80.54205229629993 492.0381644251216
-52.99999999999999 82.90173899400023 494.0677584391004
-52.99999999999999 83.50731951298899 490.977156654567
-52.99999999999999 -55.80898461474214 471.6941487874442
-52.99999999999999 19.42889531602157 525.0245687270314
-52.99999999999999 -51.16119373280911 364.4467923547178
-52.99999999999999 -120.5524407809336 476.56305895008
-52.99999999999999 -88.27694918429995 555.2416125783179
-52.99999999999999 -20.47997133106981 517.2718869185238
-52.99999999999999 52.07224187633872 524.1155746753292
-52.99999999999999 87.06728357336105 521.0740806623669
-52.99999999999999 -19.87667304536421 270.9729594168003
-52.99999999999999 3.20858801226723 533.4558040741375
-52.99999999999999 1.848677455133579 533.9679623321958
-52.99999999999999 -115.3999015986809 361.591516353669
-52.99999999999999 -114.5971133277518 356.5294131813392
-52.99999999999999 -109.7995593720265 354.7097941466163
-52.99999999999999 -113.7757972602062 351.4605166870444
-52.99999999999999 -76.54884123772764 551.3736090363302
-52.99999999999999 -38.37573174993747 482.11401706065
-52.99999999999999 -80.79935561031812 536.6576429425292
-52.99999999999999 -79.01686558134773 535.8510188361712
-52.99999999999999 -102.0661858614736 521.2477832994143
-52.99999999999999 -102.2353124894673 523.9806419816612
-52.99999999999999 -116.7203220113987 298.1593895443068
-52.99999999999999 54.56161743672514 397.7955858497184
-52.99999999999999 -11.14619014367591 487.4478700587324
-52.99999999999999 117.3890449551608 278.0889732898189
-52.99999999999999 -48.79832612198588 462.5462596149171
-52.99999999999999 -46.14527332898341 464.6247803804886
-52.99999999999999 -99.43706672591873 517.29859312749
-52.99999999999999 -96.93173592697229 516.0983900463043
-52.99999999999999 -16.71758187431405 279.3387499844661
-52.99999999999999 81.81342893786073 518.7767081024617
-52.99999999999999 -68.871401582004 471.0657371440195
-52.99999999999999 -71.58989664431056 468.9975883067709
-52.99999999999999 -38.97051649931943 427.4569318591689
-52.99999999999999 -35.41391926977359 415.9649741629552
-52.99999999999999 -34.77597380566551 411.9665197983579
-52.99999999999999 -9.25437732054421 399.5217212290024
-52.99999999999999 -6.087032266665552 402.0937308558431
-52.99999999999999 -12.43838181355031 396.9472462399017
-52.99999999999999 37.54839177441738 436.5096293560372
-52.99999999999999 -95.47342726617573 557.8082626824796
-52.99999999999999 -13.55573361800597 520.938156054743
-52.99999999999999 49.72329943636717 384.6206232605817
-52.99999999999999 35.14260980128704 531.0144133667594
-52.99999999999999 -102.304795031538 461.1708516086266
-52.99999999999999 66.72612374268449 432.7766263385968
-52.99999999999999 -70.97006142974379 451.4360891710937
-52.99999999999999 90.95203460607867 404.2050657467279
-52.99999999999999 87.62113935843063 405.3812453692554
-52.99999999999999 -68.82157937599673 526.3587650425396
-52.99999999999999 55.35256934570256 528.8340271175728
-52.99999999999999 113.8304782668321 361.4179729224835
-52.99999999999999 -78.54154360177635 269.5054915813401
-52.99999999999999 -80.25504768705234 505.7321270503832
-52.99999999999999 -79.9675070465838 502.9063915722565
-52.99999999999999 59.19416524149713 271.0334162483751
-52.99999999999999 54.33393816410759 272.8686034445413
-52.99999999999999 -1.288158707170167 464.3289421462776
-52.99999999999999 1.114912078234339 466.2397950419139
-52.99999999999999 3.961455349930952 465.1466361113696
-52.99999999999999 -3.705565845060682 462.4125044540131
-52.99999999999999 3.477132774184984 468.1382023528761
-52.99999999999999 46.73864867853605 292.8816009103
-52.99999999999999 41.98579351627284 294.6452910469148
-52.99999999999999 57.53256342713156 281.2622639000973
-52.99999999999999 105.2957892729574 268.0638073247512
-52.99999999999999 -94.057437210914 557.1140145909562
-52.99999999999999 -109.9565069347157 542.3791584337772
-52.99999999999999 -88.30378140456128 273.3494937344641
-52.99999999999999 6.289438922813565 467.058515376589
-52.99999999999999 -90.71544796150285 513.1974786391689
-52.99999999999999 -93.03526630070962 511.6155808650781
-52.99999999999999 28.63615325707456 465.3704944128171
-52.99999999999999 29.11140644190598 462.2931179841135
-52.99999999999999 -36.01380805037998 450.5828289742028
-52.99999999999999 44.46493663257124 439.2223501789213
-52.99999999999999 47.2487485003094 441.4320280162239
-52.99999999999999 -107.6905842086647 270.4162569432047
-52.99999999999999 43.65009837753772 340.0978879813072
-52.99999999999999 -76.85957924562872 545.3856453628491
-52.99999999999999 -13.02989297434739 437.5514700702619
-52.99999999999999 92.4149326116129 413.2061727964299
-52.99999999999999 34.78280428479913 434.3003570035227
-52.99999999999999 38.09550489206464 432.9891179850075
-52.99999999999999 -84.00870960090802 470.9490749360593
-52.99999999999999 42.16490165457731 530.0816276840081
-52.99999999999999 -31.76106172593385 487.3436526793407
-52.99999999999999 -8.636971875573469 533.811854070666
-52.99999999999999 -41.70988055121392 410.8382824357346
-52.99999999999999 55.07261718922715 530.3478447964752
-52.99999999999999 -79.35647357216941 465.5689353573333
-52.99999999999999 19.87583723194106 489.6532887904056
-52.99999999999999 -56.45038343246212 304.1421302560423
-52.99999999999999 -60.42641186758879 300.9689733692873
-52.99999999999999 62.48749430668487 531.0861917082547
-52.99999999999999 10.77887699511444 490.8135427219593
-52.99999999999999 8.82336741360775 489.2581466192066
-52.99999999999999 9.173395369460605 486.772877881555
-52.99999999999999 48.6862637287727 333.7961722872145
-52.99999999999999 53.06000586111484 332.1048036531208
-52.99999999999999 -1.560204731131395 537.8235994599477
-52.99999999999999 -52.47859766514838 307.3066141417528
-52.99999999999999 75.07220564537594 370.2647309710526
-52.99999999999999 78.42100509375732 373.03952774473
-52.99999999999999 82.47631129568809 371.5554211787687
-52.99999999999999 81.72292251567907 375.7793888486258
-52.99999999999999 85.72330783049617 374.3137281625362
-52.99999999999999 84.98061671923878 378.4787926961582
-52.99999999999999 -23.89967187558849 267.689368484067
-52.99999999999999 -28.76439901335445 269.5447033706361
-52.99999999999999 63.94443444937863 530.5833660813689
-52.99999999999999 -73.98649165982293 373.3150673345423
-52.99999999999999 7.120614901548239 533.3839240410251
-52.99999999999999 55.61315099216975 481.6170684392544
-52.99999999999999 -64.28219443116474 520.217558658873
-52.99999999999999 -62.50060044621974 521.5265700218071
-52.99999999999999 -118.5933121037049 353.2809195183352
-52.99999999999999 -117.7683227460816 348.1794336098093
-52.99999999999999 65.08623813601346 423.3152329646103
-52.99999999999999 61.65642760005474 424.599293014384
-52.99999999999999 34.00187383593147 530.0390627832745
-52.99999999999999 33.73272790128787 531.5086042215438
-52.99999999999999 -36.05805998029332 419.9467793165012
-52.99999999999999 15.087099501977 491.4563971154052
-52.99999999999999 -110.2407287652296 532.5367795226393
-52.99999999999999 -125.0056611277496 552.6723490323975
-52.99999999999999 -89.66239085577048 555.9369411427123
-52.99999999999999 89.11904621132211 361.5633744329919
-52.99999999999999 -67.80598477340079 512.5279045070603
-52.99999999999999 -9.39201052152111 511.456957019326
-52.99999999999999 -64.77789121625199 524.5895050215737
-52.99999999999999 -88.10451930183015 383.1843521451793
-52.99999999999999 15.90885472764964 447.2155080992451
-52.99999999999999 56.51201103381463 529.8312388752248
-52.99999999999999 -13.70839145981618 533.1319849278816
-52.99999999999999 -12.54214374149719 534.0146930411782
-52.99999999999999 88.91056028965802 377.0308098085441
-52.99999999999999 -76.96911863816371 530.0367005412847
-52.99999999999999 -77.16904260062485 532.1610088162515
-52.99999999999999 -75.26067930064755 531.2690478478188
-52.99999999999999 -15.91498125561555 435.3011500464206
-52.99999999999999 -107.5166789540836 525.7405988898988
-52.99999999999999 -99.58522653069586 506.5983928328426
-52.99999999999999 -98.12636607804116 538.4869457082316
-52.99999999999999 109.3803932456476 362.978976751472
-52.99999999999999 -12.5890824561192 459.9268179291459
-52.99999999999999 39.57374271650004 529.5597113894001
-52.99999999999999 -85.65757118037364 532.2555092278544
-52.99999999999999 -85.85752021400833 534.4406914729093
-52.99999999999999 -86.73888838984134 526.0264804275112
-52.99999999999999 -55.08600009463548 541.8280844126572
-52.99999999999999 -55.22929285284775 543.4483784357739
-52.99999999999999 -53.77061362292246 542.7608954346274
-52.99999999999999 -124.5499999999053 259.0899346400857
-52.99999999999999 -56.68473095552001 544.1324294275508
-52.99999999999999 64.24553858298684 529.0841235396118
-52.99999999999999 65.390044342157 530.0938409949212
-52.99999999999999 -95.73889649227596 535.037150406314
-52.99999999999999 32.6026232036946 530.5422082870316
-52.99999999999999 -116.9963106335962 502.5137434154103
-52.99999999999999 -120.1971169845669 504.0364215113688
-52.99999999999999 -117.2936209851767 506.0143008167192
-52.99999999999999 -120.4372967576702 507.5090847695656
-52.99999999999999 -123.1396999862583 502.0553788983443
-52.99999999999999 8.472222850744821 516.7051656050859
-52.99999999999999 -71.82830519211484 458.7858621438326
-52.99999999999999 -6.078755344712119 534.2021900283893
-52.99999999999999 -51.89143619079002 487.6235835930744
-52.99999999999999 15.77346834222031 530.7172178340622
-52.99999999999999 16.94247235641583 531.6621140491527
-52.99999999999999 15.55236807238426 532.1863386772413
-52.99999999999999 -70.39353508413744 529.9926765367503
-52.99999999999999 2.549016393524581 525.5892015952222
-52.99999999999999 28.78493825846271 455.8765211099347
-52.99999999999999 -90.96138590836786 555.1099596177447
-52.99999999999999 124.5499999999996 259.0899346400435
-52.99999999999999 12.62738103002978 533.2320563084485
-52.99999999999999 -96.7412390945222 505.271477675696
-52.99999999999999 -66.51274252485885 502.0241667654218
-52.99999999999999 -85.23455851030121 436.1900886784098
-52.99999999999999 -88.61682144700013 433.6806237109004
-52.99999999999999 -111.7139225284254 308.3776259157138
-52.99999999999999 -120.0170623922545 449.4791838915625
-52.99999999999999 -116.4166471086729 452.0858373811923
-52.99999999999999 -120.4536478504709 453.8720597826344
-52.99999999999999 -116.9034379631044 456.4407305241887
-52.99999999999999 -120.8807559050333 458.2001166526218
-52.99999999999999 -96.43144134103113 502.1660942155019
-52.99999999999999 -16.69440778495889 424.5101734560797
-52.99999999999999 -97.00996424835256 549.8365464698577
-52.99999999999999 86.103392903894 469.1874611560525
-52.99999999999999 -91.91191690715186 545.4387613947216
-52.99999999999999 -116.5869794748369 310.2188642715744
-52.99999999999999 -71.78410007272929 336.0618093070023
-52.99999999999999 -9.90092725281751 527.3249843999326
-52.99999999999999 18.33746705023313 531.1385596937599
-52.99999999999999 -19.48076042923394 497.5665748579892
-52.99999999999999 36.39246855046902 400.8879053205517
-52.99999999999999 35.76479582934047 404.8060811612999
-52.99999999999999 65.19393603363939 357.3751797738319
-52.99999999999999 60.98062793039458 358.9648696385274
-52.99999999999999 64.45070217246543 361.7836285065941
-52.99999999999999 -75.76326329145658 360.4573109863116
-52.99999999999999 -94.8544030165138 316.4112664099318
-52.99999999999999 116.549250750221 306.7081788574834
-52.99999999999999 115.6667425612584 311.8086917224948
-52.99999999999999 -44.58199620635937 492.5656047808168
-52.99999999999999 117.4311905038626 301.6028222151709
-52.99999999999999 113.4378977323932 298.2914818349003
-52.99999999999999 118.308037626378 296.4818782876305
-52.99999999999999 -49.96602117827262 507.0489052367589
-52.99999999999999 8.484754844734208 532.8845296684253
-52.99999999999999 8.230332493529644 534.3023841920539
-52.99999999999999 -71.28168148774844 410.4213007537783
-52.99999999999999 -100.4957050295447 478.3014438133511
-52.99999999999999 50.80874987517064 399.1855087465796
-52.99999999999999 106.7103925116741 286.8754289343869
-52.99999999999999 120.0885513036524 391.5990486771595
-52.99999999999999 122.5150915857855 393.8582254678061
-52.99999999999999 64.82827482092499 475.1197949260981
-52.99999999999999 68.51669116030965 422.0304366855477
-52.99999999999999 57.49973100834055 356.1432942294484
-52.99999999999999 -54.06083013747475 382.7507968950174
-52.99999999999999 -57.61815411573978 379.8975545339059
-52.99999999999999 -117.2796855255614 478.8639081658507
-52.99999999999999 -120.8894624989506 480.5204702285095
-52.99999999999999 98.3827556889531 424.9901908156743
-52.99999999999999 32.69030036828303 402.3041989557782
-52.99999999999999 32.06374186037355 406.2141830958177
-52.99999999999999 35.12700727054325 408.6976928112618
-52.99999999999999 28.99532300280347 403.7172881312924
-52.99999999999999 28.36988337359001 407.6197150517968
-52.99999999999999 25.30732942289384 405.12754848332
-52.99999999999999 24.68305307450019 409.0225310951799
-52.99999999999999 21.6262393311039 406.5350740921953
-52.99999999999999 21.00299823558945 410.4229436056659
-52.99999999999999 5.75973841258505 533.8791876772692
-52.99999999999999 -37.45742628440947 492.1343387814389
-52.99999999999999 60.33950515011038 485.4787408840016
-52.99999999999999 57.51559685753799 486.5279383644547
-52.99999999999999 -55.37439205440629 545.0300295428085
-52.99999999999999 -56.79419950870219 545.6974669995727
-52.99999999999999 -95.69053033041992 321.4969584124339
-52.99999999999999 -90.8815355936671 319.6760156266141
-52.99999999999999 -91.71420049828335 324.7375971500234
-52.99999999999999 -86.9294723440851 322.9254374670863
-52.99999999999999 -112.5967248135304 402.4843118680104
-52.99999999999999 -117.2201639368154 404.3236904431276
-52.99999999999999 -113.3198748432279 407.397009785447
-52.99999999999999 -117.9231848715495 409.2274302118852
-52.99999999999999 -89.07226122942647 278.5392094234091
-52.99999999999999 9.002335893319216 521.427472229286
-52.99999999999999 -114.0409466345168 412.2872163958585
-52.99999999999999 -118.6242987903402 414.1097726293543
-52.99999999999999 -114.7578639857 417.1586871653253
-52.99999999999999 -13.17555983890733 310.5850186002848
-52.99999999999999 -76.7895663607802 288.2577094125841
-52.99999999999999 -23.17656380088876 451.7551998691142
-52.99999999999999 -91.02498711326353 556.6435621310543
-52.99999999999999 -95.21538991824796 554.5914315984077
-52.99999999999999 -89.07596586585686 538.6540389457687
-52.99999999999999 -90.89803163188799 539.5025647343009
-52.99999999999999 -88.82243684301174 387.9153854044127
-52.99999999999999 6.785508608597291 464.0812159711016
-52.99999999999999 -71.8904278768877 414.7307860980919
-52.99999999999999 -109.5587982929717 488.7068499715107
-52.99999999999999 0.4883127311743218 514.6721181737945
-52.99999999999999 -49.34782287380815 324.2578483515547
-52.99999999999999 58.47114045675693 450.0959171368306
-52.99999999999999 -4.950271611147328 535.0979593013323
-52.99999999999999 -3.615120089394804 534.5859663800422
-52.99999999999999 40.86240684347936 523.338035015151
-52.99999999999999 -114.2745807637045 282.6710538024678
-52.99999999999999 -118.356214838031 279.3565166356681
-52.99999999999999 -69.60888103275826 270.8773111651831
-52.99999999999999 -117.4239704923719 315.3692047644304
-52.99999999999999 119.9557527022288 381.8813388314214
-52.99999999999999 -49.60685073678545 528.4024973787009
-52.99999999999999 -47.83830155272808 527.6645850886343
-52.99999999999999 -51.37608511626703 529.1423856479413
-52.99999999999999 -76.08490102087416 498.1995806591067
-52.99999999999999 18.19785642488194 303.2325815194447
-52.99999999999999 58.22446716227008 502.0719633410716
-52.99999999999999 55.96750843047763 466.6935530305674
-52.99999999999999 -48.68302299885548 409.567273741814
-52.99999999999999 -112.9841682368662 374.835261679455
-52.99999999999999 -116.9594085398519 371.6522326734763
-52.99999999999999 -117.7420860255652 376.7035330590323
-52.99999999999999 64.76356524839069 303.4828897822316
-52.99999999999999 65.60679228014558 298.5374385252049
-52.99999999999999 69.48168231818451 301.7427419813826
-52.99999999999999 -49.45966658274942 351.2349499087071
-52.99999999999999 -35.13729859614597 281.6055481222186
-52.99999999999999 -34.33793263070321 276.5098160875596
-52.99999999999999 -38.24808342310676 333.631122466865
-52.99999999999999 29.74783919784919 449.3037435094275
-52.99999999999999 65.69145687296027 528.5986902915033
-52.99999999999999 66.83700298374613 529.6075815817178
-52.99999999999999 67.13828194941586 528.1106931401833
-52.99999999999999 83.98195515829808 514.6239122618804
-52.99999999999999 72.30152893900483 437.2994996841873
-52.99999999999999 118.2685213102779 272.9230784835317
-52.99999999999999 69.53295644533171 506.5252500861533
-52.99999999999999 -58.45783612195142 469.6898797385612
-52.99999999999999 39.70530190466833 380.7121681050647
-52.99999999999999 40.40573183565093 376.5739663188003
-52.99999999999999 34.16886530768469 521.0433320074573
-52.99999999999999 -4.2218924618996 381.826864092029
-52.99999999999999 -7.586692038586449 379.1243008928614
-52.99999999999999 -8.244035207845078 383.3886563164787
-52.99999999999999 87.41465364312612 461.9735910515034
-52.99999999999999 -107.7660343177941 299.5736151619217
-52.99999999999999 -87.75791119492344 327.9608206649916
-52.99999999999999 -82.99915556214782 326.1579073543224
-52.99999999999999 8.467616449166757 372.9577408025369
-52.99999999999999 12.50869605823661 371.4290705509973
-52.99999999999999 -39.16483109547457 278.3631861317959
-52.99999999999999 -38.36144548768257 273.2432674584141
-52.99999999999999 -43.21030117298019 275.1054058174009
-52.99999999999999 -42.40325978849443 269.962794845033
-52.99999999999999 -47.27345094554768 271.8331357948495
-52.99999999999999 21.38922428656944 379.8684481715124
-52.99999999999999 41.80845748758795 447.7088975789691
-52.99999999999999 5.923000919386259 298.706454314108
-52.99999999999999 -53.92814056523896 520.76520014894
-52.99999999999999 -53.67042981897588 518.6694444851559
-52.99999999999999 -55.64207065525666 519.4907187939718
-52.99999999999999 -51.69935392117829 517.8474561349601
-52.99999999999999 71.42714216059264 508.1350784664559
-52.99999999999999 -37.04537397591091 500.4606018650246
-52.99999999999999 -39.25994427599109 501.4150301445296
-52.99999999999999 30.55866087700865 442.52994113825
-52.99999999999999 18.29713687503002 418.0895521111381
-52.99999999999999 -10.35586169455018 482.2237811177403
-52.99999999999999 -12.4433126303288 480.556846976279
-52.99999999999999 48.88255138241443 457.2564065301988
-52.99999999999999 118.6180249474779 397.9154678026935
-52.99999999999999 115.6560531828302 398.8893795955327
-52.99999999999999 -115.041847217134 389.5282881621264
-52.99999999999999 -52.83291408163403 433.1101542697583
-52.99999999999999 -56.41333082418804 434.5757671574528
-52.99999999999999 -55.90494926290302 430.7115238859929
-52.99999999999999 -56.90960870636434 438.4225111044653
-52.99999999999999 -59.99761773438946 436.0687344896464
-52.99999999999999 -60.4947858541485 439.9235147776153
-52.99999999999999 -63.58924471266564 437.5649575533176
-52.99999999999999 -64.08743988300651 441.4278608010922
-52.99999999999999 -96.13000862112645 439.0935511679616
-52.99999999999999 55.64708875298103 527.3027731162736
-52.99999999999999 112.8964164931083 344.1406728756601
-52.99999999999999 113.7834781248678 339.2689271829678
-52.99999999999999 -64.73182084527102 268.9677029630341
-52.99999999999999 -60.64132567871726 272.2469983873419
-52.99999999999999 117.5944898486735 342.479479515007
-52.99999999999999 118.4936278438851 337.5450158712136
-52.99999999999999 114.6346252468714 334.2978710403482
-52.99999999999999 -59.88654924757596 463.7666065286153
-52.99999999999999 42.94918247685757 344.6654554348489
-52.99999999999999 46.53417089520138 347.5449115542556
-52.99999999999999 -23.97281873547997 461.589836878265
-52.99999999999999 -74.76356958594991 470.3440725611274
-52.99999999999999 99.98324545714458 344.3473572425323
-52.99999999999999 6.284177970066385 482.2695621734991
-52.99999999999999 -110.5156198744379 499.2017954464521
-52.99999999999999 -80.32723455200389 426.1812947006551
-52.99999999999999 -83.72357280420063 423.5840868920522
-52.99999999999999 -79.75948094301135 421.9195701572495
-52.99999999999999 114.2300134124939 269.5778988327606
-52.99999999999999 -10.05213793421081 517.7995406218831
-52.99999999999999 -11.49434507406803 516.6806732201233
-52.99999999999999 -13.19428871763265 517.3908079440472
-52.99999999999999 -12.96634665718878 515.5467054690604
-52.99999999999999 -67.52840105043626 449.9799621938317
-52.99999999999999 -127.0932351924696 556.3260112883859
-52.99999999999999 0.5200420546984836 432.1761007696481
-52.99999999999999 -70.66291439875988 406.0967782294982
-52.99999999999999 -48.00548406599232 428.2997785791504
-52.99999999999999 -82.2801503004694 501.2138578474078
-52.99999999999999 44.28035013183029 526.6323054208842
-52.99999999999999 45.42745209969235 527.676058595372
-52.99999999999999 71.81840416202814 460.7523961157526
-52.99999999999999 -8.275009271444773 483.874702417795
-52.99999999999999 -123.2133418651989 442.385557026354
-52.99999999999999 -119.0591524746818 325.577741168539
-52.99999999999999 -39.736285986071 368.8122992765199
-52.99999999999999 -36.19664692809742 371.720197215794
-52.99999999999999 9.273847476495025 519.7168217687104
-52.99999999999999 10.62700305929718 520.8084645248664
-52.99999999999999 -75.97953529112446 464.1257163997141
-52.99999999999999 -0.9789920088345467 526.6079076328288
-52.99999999999999 -2.456636463875564 527.1793479048822
-52.99999999999999 32.55863273796769 521.6155676386172
-52.99999999999999 -53.09632237882744 513.0009353985654
-52.99999999999999 28.52690690416333 512.4266056917397
-52.99999999999999 27.0466818637713 511.2035999590435
-52.99999999999999 28.86494471275638 510.5101987915704
-52.99999999999999 27.34449727869637 509.253883341692
-52.99999999999999 29.21222455977288 508.5416922296165
-52.99999999999999 25.48877564210106 509.9680291478518
-52.99999999999999 27.65034416279827 507.2508084719877
-52.99999999999999 29.5695273459981 506.5190547711741
-52.99999999999999 27.96463383677107 505.1924870367229
-52.99999999999999 26.00796616871239 505.9468746143611
-52.99999999999999 29.93547206682149 504.4422404475142
-52.99999999999999 31.5744508434229 505.801684204955
-52.99999999999999 31.94524366250271 503.6869288683317
-52.99999999999999 33.61169740294265 505.0690026022988
-52.99999999999999 33.98869893166764 502.9187167874181
-52.99999999999999 35.68427950131114 504.3241885926477
-52.99999999999999 36.06801170703208 502.1357269726798
-52.99999999999999 37.79444865080537 503.5663194773855
-52.99999999999999 38.18503318485091 501.3379355899896
-52.99999999999999 39.94389074552657 502.7946451332026
-52.99999999999999 39.53553377830738 505.0365904097849
-52.99999999999999 41.66891519588596 504.2670105853573
-52.99999999999999 41.26366279476554 506.48539871528
-52.99999999999999 43.37182149243378 505.7243049712001
-52.99999999999999 42.97141014101061 507.9154512402937
-52.99999999999999 43.79136149174538 503.5104518686679
-52.99999999999999 45.05252833449229 507.1635971599126
-52.99999999999999 44.65724529452023 509.3256363947459
-52.99999999999999 40.34151953674333 500.5243478545198
-52.99999999999999 46.7105456370314 508.5838846540169
-52.99999999999999 46.31998740693554 510.7155758065484
-52.99999999999999 39.16644488178398 507.2318918319738
-52.99999999999999 26.32723745969759 503.8602592928513
-52.99999999999999 24.34459665227332 504.6246304359246
-52.99999999999999 44.30762506566784 511.4333899438834
-52.99999999999999 45.92250974173028 512.7809580581423
-52.99999999999999 47.88572375255704 512.0878357814594
-52.99999999999999 47.49744335019221 514.1149475806113
-52.99999999999999 49.42750451341848 513.4338963262597
-52.99999999999999 49.04560492083285 515.4269825614601
-52.99999999999999 50.94307536358203 514.7574295801186
-52.99999999999999 50.56743895914894 516.7163315638049
-52.99999999999999 33.22569920276461 507.1943793370698
-52.99999999999999 30.27514977494704 502.2945650252711
-52.99999999999999 51.33774867194845 512.7759886213694
-52.99999999999999 47.11927289970252 506.4288309364094
-52.99999999999999 24.03518481327117 506.7212402558348
-52.99999999999999 22.38584536957924 505.4066993547239
-52.99999999999999 22.08017935369214 507.4821891359101
-52.99999999999999 20.44851101181515 506.1816333064799
-52.99999999999999 20.14602900879528 508.2349429526822
-52.99999999999999 18.53073767645365 506.9480525437168
-52.99999999999999 18.23105261589397 508.981407652306
-52.99999999999999 19.82613161859586 510.2438472142695
-52.99999999999999 34.33820740609616 500.694460653905
-52.99999999999999 30.76361291931057 509.8302714243686
-52.99999999999999 17.95267727042168 510.9720344358642
-52.99999999999999 -53.57330502659757 479.8270799129589
-52.99999999999999 -83.97753358199557 449.6781328656017
-52.99999999999999 -87.58155748412776 451.1987772549031
-52.99999999999999 -87.53061277757932 268.1538968293868
-52.99999999999999 -92.42395904230386 270.0810337557085
-52.99999999999999 118.850096193332 370.7925002453709
-52.99999999999999 108.8614975615607 385.4603715905383
-52.99999999999999 -72.70068750428722 491.0416209217788
-52.99999999999999 -91.76987987619695 543.5331969744312
-52.99999999999999 -93.35867516346492 542.4343178657213
-52.99999999999999 -102.78675201352 468.5831746302381
-52.99999999999999 118.3087293073015 359.81598666311
-52.99999999999999 -102.4290819709329 551.3108847088101
-52.99999999999999 -104.0793943665963 552.1395815200319
-52.99999999999999 -100.7825893166144 550.4812667228812
-52.99999999999999 -85.07758773429086 390.8805338263237
-52.99999999999999 -89.50566030203825 392.6256281241049
-52.99999999999999 -119.1878460353898 284.551015909434
-52.99999999999999 -26.94415262317043 523.7168351589482
-52.99999999999999 -28.35382436719804 522.689445765316
-52.99999999999999 -29.9589127665035 523.4185917980377
-52.99999999999999 -29.79659872430376 521.6446632445176
-52.99999999999999 -31.43601596853935 522.3890470801896
-52.99999999999999 -28.15553336896846 520.8970408285392
-52.99999999999999 -29.63429156152828 519.8260169628279
-52.99999999999999 -6.093918158278043 294.0792207959608
-52.99999999999999 11.8713759254043 336.7690100372334
-52.99999999999999 12.6202730959734 332.1376880353197
-52.99999999999999 8.977822040179918 329.159083094794
-52.99999999999999 -2.755340654198249 269.0823935237652
-52.99999999999999 2.078888368094196 267.2516033530976
-52.99999999999999 -7.583337126907448 270.9163841269411
-52.99999999999999 6.080931383109492 270.5383296164837
-52.99999999999999 -38.89725718426624 527.6353871231612
-52.99999999999999 -40.32494218786333 526.6122502443626
-52.99999999999999 -38.70995675497586 525.8663640112989
-52.99999999999999 -41.94016045720106 527.3579523420115
-52.99999999999999 -40.17397154499787 524.8178120818225
-52.99999999999999 -38.5191552367188 524.0536388439775
-52.99999999999999 -37.03883328176315 525.1258568433504
-52.99999999999999 -36.84960851601307 523.3066224707262
-52.99999999999999 -112.9267245293095 346.357681104741
-52.99999999999999 -116.9262904181921 343.0727325084638
-52.99999999999999 47.15778110731855 516.0851481385624
-52.99999999999999 -43.28345193844184 365.8840165489517
-52.99999999999999 -34.28891348910643 459.5540430586615
-52.99999999999999 -31.15660127704814 458.2722240302687
-52.99999999999999 -30.67128225528001 454.9284378448951
-52.99999999999999 -37.42029428457105 460.8339458321923
-52.99999999999999 -28.0191680471246 457.0204800355421
-52.99999999999999 -33.15129594047851 480.0387778620788
-52.99999999999999 -30.49364012219658 478.9788713574973
-52.99999999999999 81.04745885095936 505.9388113825688
-52.99999999999999 83.65019582806154 505.0130559909484
-52.99999999999999 78.48425247949007 506.8714257534425
-52.99999999999999 -62.25713595118552 519.3283088767049
-52.99999999999999 -60.47400892998039 520.6384087424224
-52.99999999999999 6.512140386097011 529.504996526922
-52.99999999999999 -88.4197241249347 519.738604973763
-52.99999999999999 -119.3207969814094 418.9690639101079
-52.99999999999999 -115.4788208209236 421.9970353345765
-52.99999999999999 -120.0057669548037 423.7895632295677
-52.99999999999999 -116.2015075824844 426.7844836969785
-52.99999999999999 -120.6785090978235 428.5577214318057
-52.99999999999999 36.81470677526753 465.1115392348224
-52.99999999999999 39.22269956124924 467.0940871141415
-52.99999999999999 38.68751240839508 470.1679500212968
-52.99999999999999 119.1517600030568 267.7464199143496
-52.99999999999999 13.84188827405374 484.853378923797
-52.99999999999999 -34.22406095414786 309.5615430302198
-52.99999999999999 -38.10534898099343 306.4284775581884
-52.99999999999999 -51.47497094147509 460.4641193093574
-52.99999999999999 -8.62318412344249 518.9165942457452
-52.99999999999999 91.44964339260243 268.4008984920272
-52.99999999999999 -88.38080669082689 556.7625866263844
-52.99999999999999 31.47987890803212 435.6129943269139
-52.99999999999999 32.33629225917425 531.9976269887834
-52.99999999999999 31.21809322589777 531.0409271142175
-52.99999999999999 -122.1687883687877 543.9376017360945
-52.99999999999999 -124.4778516635472 545.2164579526145
-52.99999999999999 -124.463208170027 542.5188829923435
-52.99999999999999 -47.57188929453124 525.7751680550674
-52.99999999999999 -46.07275361564314 526.9500406168877
-52.99999999999999 9.27248157369454 451.4148933848005
-52.99999999999999 8.726981952924893 454.6514459230689
-52.99999999999999 9.810866182804592 448.1564153570998
-52.99999999999999 -35.98602840697984 508.8418469753303
-52.99999999999999 -38.06236541416354 509.7314258938386
-52.99999999999999 -33.90833067624124 507.9522671178391
-52.99999999999999 -2.333196644054797 429.8747282916681
-52.99999999999999 1.101920434265421 428.5352815767765
-52.99999999999999 86.49081389733736 370.1199558360957
-52.99999999999999 -35.36825155199943 524.3801615985957
-52.99999999999999 -35.17901847599443 522.5602241215329
-52.99999999999999 16.3826525968786 509.7376995553179
-52.99999999999999 -50.52826894928239 385.6009419584726
-52.99999999999999 -46.31580767276935 383.9837622216598
-52.99999999999999 -9.982598596686339 534.3481883899868
-52.99999999999999 -50.20116581549 355.9485069301228
-52.99999999999999 -78.43050826957294 546.0917447665416
-52.99999999999999 36.27322067751231 531.9871221952732
-52.99999999999999 37.67241354930401 531.5103891706871
-52.99999999999999 19.509766935093 512.2039875160254
-52.99999999999999 21.34526752862909 511.4946348527612
-52.99999999999999 46.56156156068229 381.9909957507647
-52.99999999999999 -124.480334182597 547.8865892883952
-52.99999999999999 -126.8184967221174 546.5493485909784
-52.99999999999999 85.76469364528893 506.8578780850313
-52.99999999999999 86.34012608803981 504.0641206546388
-52.99999999999999 88.06017738150393 458.2741837315299
-52.99999999999999 110.64716727916 373.5442248614532
-52.99999999999999 -119.8866629933214 330.723393682682
-52.99999999999999 -111.7486497900397 425.0083919320913
-52.99999999999999 16.50381847961389 481.137574980863
-52.99999999999999 56.07480672287383 478.5973136664326
-52.99999999999999 9.571943874727344 533.8113710747872
-52.99999999999999 -109.8778463420487 540.0374985383567
-52.99999999999999 -107.7640698205856 538.9458976028467
-52.99999999999999 18.08835601508889 532.5950485938498
-52.99999999999999 19.46081287849695 532.0802393412863
-52.99999999999999 -122.7176788216781 494.8218786582991
-52.99999999999999 -122.4274807323465 491.1303553484537
-52.99999999999999 -73.22625634478707 368.5797547946866
-52.99999999999999 -29.44389131654647 430.7915970383625
-52.99999999999999 -120.8949371207087 552.7986115680628
-52.99999999999999 52.43190780430864 516.0583928396693
-52.99999999999999 52.06275712123616 517.9830306903179
-52.99999999999999 50.24058761711923 518.6181235830109
-52.99999999999999 51.68937529451159 519.843321330617
-52.99999999999999 85.9250174656998 493.0555170537869
-52.99999999999999 85.29068341943903 496.1818999993812
-52.99999999999999 86.54456047503719 489.8894200969953
-52.99999999999999 -27.95189724031842 519.0595117005361
-52.99999999999999 -26.45279087358183 520.1556917125079
-52.99999999999999 -26.24909168060268 518.3039593385788
-52.99999999999999 35.29355548773586 430.7505078511754
-52.99999999999999 -75.28701348213966 544.6783600957398
-52.99999999999999 -75.09057159428457 542.9692493526761
-52.99999999999999 -2.907180049449094 456.1271194200114
-52.99999999999999 -96.89092684054162 558.5065573489526
-52.99999999999999 -54.29686002381997 423.3292356048177
-52.99999999999999 -39.88061081628668 508.4053703770176
-52.99999999999999 -40.11735006775617 510.6395678189235
-52.99999999999999 48.80130746054753 507.8641318790321
-52.99999999999999 -37.53191439611747 268.0910548581285
-52.99999999999999 85.64297859047659 432.2506146840578
-52.99999999999999 14.30265091096089 522.4594122651968
-52.99999999999999 12.74941593212935 523.0620810908556
-52.99999999999999 61.06694269992437 428.2180477361485
-52.99999999999999 58.22766204030385 425.8981468825561
-52.99999999999999 11.11682476827589 341.3856345182699
-52.99999999999999 -81.62778738194461 290.1605375602708
-52.99999999999999 -26.87620342948063 424.9503026908794
-52.99999999999999 -112.9385175070289 454.6792767885895
-52.99999999999999 -113.4168914306548 458.945606375064
-52.99999999999999 2.761375072518101 523.9715436934266
-52.99999999999999 -89.36297618026759 415.055846481356
-52.99999999999999 -82.58243935761965 537.4634070363901
-52.99999999999999 -82.40109958290702 535.4889113750514
-52.99999999999999 -75.44192170626332 477.0585259658135
-52.99999999999999 -75.81722712981151 480.382788677609
-52.99999999999999 -73.13363923773566 482.3437062735286
-52.99999999999999 -116.9171683372956 431.5159096460998
-52.99999999999999 -115.8333199190716 334.0066765958435
-52.99999999999999 -92.83311538428224 508.7823928223859
-52.99999999999999 -95.43108762141189 510.0208306590795
-52.99999999999999 2.349649961157009 344.7170055589656
-52.99999999999999 -66.40612951650577 539.0662088791114
-52.99999999999999 -68.05038785459506 539.7837932024659
-52.99999999999999 -64.75962677349581 538.34661677733
-52.99999999999999 -64.53837310325069 536.5658923153408
-52.99999999999999 -63.10571133758461 537.6480069900526
-52.99999999999999 -104.5280239549415 522.467091799683
-52.99999999999999 -104.3709757950361 519.6892444662744
-52.99999999999999 -105.2029677841762 527.2277725792125
-52.99999999999999 32.0366012728568 461.1574538554457
-52.99999999999999 -11.20339289788912 512.2128412617413
-52.99999999999999 38.54571489494114 499.0291815029669
-52.99999999999999 40.76320394203024 498.1918440672773
-52.99999999999999 42.60242740617926 499.7287194626586
-52.99999999999999 43.03118763050563 497.3466458462304
-52.99999999999999 -36.66917402471807 521.4677133597947
-52.99999999999999 -30.03610914426181 334.9931427073082
-52.99999999999999 -26.32267045623205 338.0347351964189
-52.99999999999999 -27.10418801724693 342.7579834502358
-52.99999999999999 -22.64107843074598 341.0701781654616
-52.99999999999999 -23.41789391158206 345.760887681645
-52.99999999999999 55.93881949784948 389.8592924866892
-52.99999999999999 59.0376500303771 392.4476536914962
-52.99999999999999 86.47178795647332 513.8092119831994
-52.99999999999999 87.06463214233227 511.2070541375886
-52.99999999999999 0.6725626448204505 469.2090974783564
-52.99999999999999 53.88124450583998 401.7199767689083
-52.99999999999999 50.16425516804685 403.0964210743954
-52.99999999999999 8.749213633396234 531.4546892344414
-52.99999999999999 43.12924128461348 525.5743169316194
-52.99999999999999 35.78807191896989 520.4730039438858
-52.99999999999999 37.09040137399005 521.6130404294684
-52.99999999999999 7.241118077417015 446.0452402271844
-52.99999999999999 -80.38306593901355 448.156234720885
-52.99999999999999 26.20973731702118 453.8211497256523
-52.99999999999999 -109.4836374476263 410.4609366038151
-52.99999999999999 49.40226828165548 427.2003878084325
-52.99999999999999 46.00291898146108 428.5302614467986
-52.99999999999999 -74.79893918417801 456.585934106339
-52.99999999999999 -89.64937572203173 498.8318278129893
-52.99999999999999 -86.87754329377853 497.5533509535543
-52.99999999999999 81.74393272927598 394.819707484735
-52.99999999999999 81.05351473983158 398.5783671125973
-52.99999999999999 -84.32126265674293 359.2273907451134
-52.99999999999999 117.955809236743 400.8925610481137
-52.99999999999999 115.113992101318 401.8334040452075
-52.99999999999999 -48.31413604598155 459.1623028706766
-52.99999999999999 26.19481601224263 463.4180816752574
-52.99999999999999 0.2111992004192573 332.4950171356713
-52.99999999999999 -46.27568216947379 434.0301431466189
-52.99999999999999 -34.75834103433527 462.8760860183936
-52.99999999999999 -38.00561936237471 444.6233607984155
-52.99999999999999 -7.990003431098251 529.4032946321655
-52.99999999999999 -6.570550316652647 528.8391194683718
-52.99999999999999 45.08459755437756 529.1784584624095
-52.99999999999999 46.53905824751479 528.7200526442637
-52.99999999999999 -110.8477554720078 483.016909902059
-52.99999999999999 -59.67167690973901 295.9290368792675
-52.99999999999999 -64.42632711365718 297.7935031552565
-52.99999999999999 -78.89198354860935 510.2278903960601
-52.99999999999999 -13.90453730405065 287.6916506426529
-52.99999999999999 -87.69672681102635 425.2499962818565
-52.99999999999999 95.03970053925715 415.3830927611389
-52.99999999999999 98.2022110118007 414.1882306516932
-52.99999999999999 97.63657545877814 417.4737609096733
-52.99999999999999 100.7124102421058 416.3118404526872
-52.99999999999999 100.1585756324585 419.4978637320981
-52.99999999999999 103.1358271760237 418.3742581286539
-52.99999999999999 103.663896303403 415.2987463676937
-52.99999999999999 42.54172786919807 405.901618654985
-52.99999999999999 -124.4180313328623 455.6659430185961
-52.99999999999999 39.36053607480527 341.7771965901701
-52.99999999999999 40.04907865618301 337.2177816410073
-52.99999999999999 68.2872279099238 529.1207051219872
-52.99999999999999 68.5893356437644 527.6185388115514
-52.99999999999999 69.74195892751791 528.6318106118792
-52.99999999999999 70.04453056234681 527.1254219029458
-52.99999999999999 -120.7954000135258 294.8559290780957
-52.99999999999999 77.72841422383176 377.2337646745665
-52.99999999999999 -84.98789199384505 336.4209837581641
-52.99999999999999 9.127969310945959 466.0014871321329
-52.99999999999999 8.619970465710489 468.9771044764441
-52.99999999999999 6.930800300440479 265.4236137778726
-52.99999999999999 10.94376867248169 268.7183803417564
-52.99999999999999 74.53285796975406 462.9692342239412
-52.99999999999999 73.94553849995442 466.4448890341356
-52.99999999999999 51.49631398895639 291.1101615760878
-52.99999999999999 -83.5111226855756 445.7740037063833
-52.99999999999999 37.16278529483789 373.8848467080658
-52.99999999999999 -113.7099528747112 510.3431910218799
-52.99999999999999 -116.6080576358668 511.7602439016279
-52.99999999999999 -116.79555489318 515.0012954366011
-52.99999999999999 -119.5218834676163 513.2176260920129
-52.99999999999999 -119.7104001448566 516.4811964027801
-52.99999999999999 -116.9814155535076 518.2457421272601
-52.99999999999999 -119.8561563822778 519.6991667302382
-52.99999999999999 -122.5731816338648 517.9638143919714
-52.99999999999999 -122.7231847441282 521.1933598235579
-52.99999999999999 -117.1773862293192 521.4278294829345
-52.99999999999999 -125.4616412937703 519.4479100588565
-52.99999999999999 93.74205443666683 282.0212456402021
-52.99999999999999 76.81633584587506 273.9138925241901
-52.99999999999999 77.66349362087168 268.7621835995201
-52.99999999999999 82.56021866414424 266.9162723108846
-52.99999999999999 44.90639118553916 498.9137962874242
-52.99999999999999 -99.24061294353149 514.4937317958371
-52.99999999999999 -101.8132937020153 515.7228505705933
-52.99999999999999 -18.63683331729271 289.4956315912627
-52.99999999999999 -53.91584623337962 352.9490411193458
-52.99999999999999 -32.31562860695354 418.5091920556359
-52.99999999999999 -15.85013426312669 518.7478503115235
-52.99999999999999 70.32892432065776 296.7736832512225
-52.99999999999999 74.22152790742673 299.994144099839
-52.99999999999999 73.36588834995757 304.973142467641
-52.99999999999999 78.10172915031731 303.2239755610806
-52.99999999999999 77.2470449546575 308.19562129645
-52.99999999999999 81.97524836918031 306.4491669177446
-52.99999999999999 81.12232355206386 311.4136270754773
-52.99999999999999 85.84446572981345 309.6694212258562
-52.99999999999999 84.9933205782426 314.6293931114132
-52.99999999999999 76.40766364582569 313.1488470568718
-52.99999999999999 -21.65535899265289 533.6896603316618
-52.99999999999999 -22.83426816794297 532.8139588910782
-52.99999999999999 -22.67684566940713 531.3440413625108
-52.99999999999999 -24.04416251278453 531.9409954372067
-52.99999999999999 -24.19499620483053 533.42496087014
-52.99999999999999 -25.39955796706449 532.5528781560967
-52.99999999999999 -25.25688136479682 531.0617992233558
-52.99999999999999 -26.6358153293784 531.6822190181127
-52.99999999999999 -26.7714267844853 533.1877915238301
-52.99999999999999 -28.00161695435587 532.318090866847
-52.99999999999999 -20.48159055500284 534.5536232899367
-52.99999999999999 55.17134760557381 267.7329640820857
-52.99999999999999 50.29551154147114 269.5740107939967
-52.99999999999999 60.05175950090803 265.886252292579
-52.99999999999999 63.64380488718797 532.0744492281026
-52.99999999999999 62.21770654487928 532.572456124179
-52.99999999999999 -99.95977784634422 525.4614640465104
-52.99999999999999 -44.9072680540568 495.2265402082298
-52.99999999999999 -47.04752288422928 493.6145679067408
-52.99999999999999 -6.762743171381315 265.8047379726617
-52.99999999999999 -11.61525021565012 267.6474344718393
-52.99999999999999 -54.63600691853554 461.7660814991992
-52.99999999999999 45.88190150128219 297.8587349994012
-52.99999999999999 41.16525927535356 299.6087601402494
-52.99999999999999 37.29331682560494 296.4191135439501
-52.99999999999999 36.47549747453304 301.3567895083151
-52.99999999999999 2.988909882190321 471.0674898023594
-52.99999999999999 38.65011084837501 429.4221164754099
-52.99999999999999 -120.4418182383534 396.2907670226644
-52.99999999999999 71.20713066095163 528.1425219858852
-52.99999999999999 71.51170688374941 526.6213677193549
-52.99999999999999 -66.57842639986261 404.4821812233827
-52.99999999999999 -121.7483667549848 373.4964904546036
-52.99999999999999 -120.9604964406078 368.4025031300517
-52.99999999999999 -77.28920655321545 450.5341473692829
-52.99999999999999 57.6011863607358 400.3437306011519
-52.99999999999999 27.73462872246856 411.49636672198
-52.99999999999999 -29.19663421450374 486.3205006306083
-52.99999999999999 82.89476310849592 430.0107474752811
-52.99999999999999 -59.84468175548757 267.0624600913539
-52.99999999999999 -14.69559059729936 516.2690993446273
-52.99999999999999 -14.46362341966945 514.393473086513
-52.99999999999999 -16.2224117160322 515.1281131315142
-52.99999999999999 -97.08283404100099 551.6309199716648
-52.99999999999999 62.34787529244534 473.0883932673732
-52.99999999999999 59.35180438394694 474.2489923203401
-52.99999999999999 69.1101899277961 458.5482131759214
-52.99999999999999 72.38267579260015 457.2932495497037
-52.99999999999999 -123.9440246559288 327.4315339749847
-52.99999999999999 -2.218166840719103 525.5998035713899
-52.99999999999999 -27.94431585702594 264.3896027381096
-52.99999999999999 -67.94205592559264 339.214962586537
-52.99999999999999 -68.74987930989721 344.1070055938103
-52.99999999999999 -67.13664116791941 334.3162858960054
-52.99999999999999 -58.86926143137789 472.986123283529
-52.99999999999999 -61.51987225148288 470.9814854486202
-52.99999999999999 -56.22944367732867 474.9686135990396
-52.99999999999999 119.3970423418603 332.5547228488558
-52.99999999999999 115.4956147133582 329.2729396024914
-52.99999999999999 120.306079427013 327.5141212716644
-52.99999999999999 116.3704300826747 324.2077559391878
-52.99999999999999 111.5508128086244 325.9834898649477
-52.99999999999999 112.4252726533543 320.9284481617002
-52.99999999999999 -55.7503439831455 270.3450607350109
-52.99999999999999 -54.95284801506035 265.1556532789978
-52.99999999999999 110.7279524617589 290.1989095974085
-52.99999999999999 115.6170283717839 288.3892787500157
-52.99999999999999 105.8462748003165 292.0100460044308
-52.99999999999999 8.463155795290254 491.7179924707721
-52.99999999999999 10.39307842564814 493.2425279568291
-52.99999999999999 70.94220861151506 510.5718702946281
-52.99999999999999 -26.58215957522641 315.7951699179657
-52.99999999999999 17.62807337904256 442.0317766121292
-52.99999999999999 84.06549195680181 487.7514697863122
-52.99999999999999 -46.48970470524712 358.9311257396838
-52.99999999999999 100.7977828104965 339.5433399935114
-52.99999999999999 52.80992080339705 425.8723035024271
-52.99999999999999 78.96490037349309 298.2413116905995
-52.99999999999999 90.97920664654441 460.6895599306577
-52.99999999999999 21.57631461753886 448.0695448751242
-52.99999999999999 -5.276580432423098 289.1026736865402
-52.99999999999999 91.07021230302252 398.3955173738852
-52.99999999999999 -75.3268722035573 412.0476255345754
-52.99999999999999 -44.24744305117277 318.0788267772906
-52.99999999999999 -48.13697272268038 314.9698519879038
-52.99999999999999 88.17939272840503 381.10344647363
-52.99999999999999 84.34577514589128 382.5140691922643
-52.99999999999999 -28.13604055465414 533.8131341609235
-52.99999999999999 -29.35688452373679 532.9497997514266
-52.99999999999999 -29.49037214438591 534.4334319248684
-52.99999999999999 -30.70120957693164 533.5766673466405
-52.99999999999999 -94.17830303887237 558.6586487459241
-52.99999999999999 6.826681015077647 487.7096476040454
-52.99999999999999 16.8489349968774 524.5483352234046
-52.99999999999999 17.12386618797949 522.9225440971692
-52.99999999999999 3.950193361288095 529.060581956144
-52.99999999999999 96.22413888630221 341.2389256200871
-52.99999999999999 -33.44100272583207 304.6208475153151
-52.99999999999999 -4.147844469866027 465.4532831223645
-52.99999999999999 -121.3389571806427 433.2678514839745
-52.99999999999999 117.2432477092155 319.1449599495671
-52.99999999999999 25.73092986661838 466.5006901469633
-52.99999999999999 -61.18617238453695 305.9985679847759
-52.99999999999999 -31.59031019583677 524.1847987002075
-52.99999999999999 -16.08178505026673 520.5614471449827
-52.99999999999999 42.34525942591304 444.320084269389
-52.99999999999999 45.02515638499577 446.4815134179146
-52.99999999999999 80.49315490287628 386.9964261025138
-52.99999999999999 87.60679055832638 518.84365804973
-52.99999999999999 12.99854588165229 521.4012735097455
-52.99999999999999 -82.75156934886719 539.419682495633
-52.99999999999999 58.81259725181395 422.2671598062209
-52.99999999999999 88.3853586838691 434.4855987874098
-52.99999999999999 87.82959915178482 437.9653476537414
-52.99999999999999 91.11834681856931 436.7063465824093
-52.99999999999999 90.5611662767119 440.1758005401131
-52.99999999999999 93.85520597003934 438.9253427758399
-52.99999999999999 -77.6670975365023 504.5679736864881
-52.99999999999999 40.32630260567277 304.5229963796092
-52.99999999999999 35.67428705132155 306.2560550630662
-52.99999999999999 31.84838820543812 303.1152331540209
-52.99999999999999 31.04967824086538 307.9887713859109
-52.99999999999999 27.24054843047514 304.8622859735663
-52.99999999999999 -63.09984842719977 433.6808408445012
-52.99999999999999 -76.69511280091179 552.8816912473126
-52.99999999999999 -75.33873409250575 552.2521141448301
-52.99999999999999 -78.05012467631971 553.5096728118752
-52.99999999999999 -87.03655253287269 556.0903441679586
-52.99999999999999 -63.09629763393502 550.5959383347665
-52.99999999999999 -62.65711843715336 549.1656268598346
-52.99999999999999 -61.29164089495045 548.6523921874269
-52.99999999999999 -64.07293943381801 549.5134780249226
-52.99999999999999 87.1918340185584 486.6325896860357
-52.99999999999999 -62.4211620420871 547.7203304777099
-52.99999999999999 -61.03757676720703 547.194066716998
-52.99999999999999 -111.7742758858857 267.0862297378635
-52.99999999999999 -116.7026838321875 268.9631816002828
-52.99999999999999 105.5848568547489 421.8980894641252
-52.99999999999999 72.68980797668118 527.6483247508501
-52.99999999999999 72.99839224667318 526.1051005632908
-52.99999999999999 74.19394282057225 527.1466282210494
-52.99999999999999 74.50742047359705 525.5798537872357
-52.99999999999999 75.72606871157582 526.6384261869526
-52.99999999999999 71.79407620205139 525.0357773320736
-52.99999999999999 -105.3414232658068 529.9383808132899
-52.99999999999999 -55.378407918938 517.3463910072895
-52.99999999999999 20.74243815385827 504.1073166926868
-52.99999999999999 -75.22332078997265 548.4470659937228
-52.99999999999999 41.47950247324625 431.6886535638466
-52.99999999999999 83.97410745218875 401.0321500636646
-52.99999999999999 80.40335610995778 402.3172083306048
-52.99999999999999 -32.95209609354751 422.4423717118239
-52.99999999999999 -70.52260124749813 447.6983244880354
-52.99999999999999 -75.93743549479692 416.371786013812
-52.99999999999999 53.46339899094971 519.2317720412786
-52.99999999999999 -10.79037490517897 262.5090602192697
-52.99999999999999 65.68347062097962 419.6877499099163
-52.99999999999999 69.13904863789519 418.3931873300047
-52.99999999999999 2.965372162484809 534.8715375689335
-52.99999999999999 52.43934177065835 529.8788047095219
-52.99999999999999 -26.66625741607518 481.198641887107
-52.99999999999999 -26.30164371493168 478.4142316316138
-52.99999999999999 -23.67524026670658 477.3414156153424
-52.99999999999999 -25.93034054128252 475.571924416816
-52.99999999999999 -23.24925024581303 474.4767851541531
-52.99999999999999 -20.97196078389706 476.2794226126199
-52.99999999999999 -20.54731277558689 473.4031809368421
-52.99999999999999 -18.26687724225525 475.2093325218347
-52.99999999999999 -32.75282656299062 477.1760030316142
-52.99999999999999 94.62487262552347 450.9429278782513
-52.99999999999999 91.12261244534567 452.6358271117559
-52.99999999999999 91.43276413297406 448.8082896785816
-52.99999999999999 -82.17101898251276 321.1453425196773
-52.99999999999999 56.23569466174935 531.324911405894
-52.99999999999999 54.82190614671383 531.8270689710407
-52.99999999999999 -6.548910102797047 463.5514963490205
-52.99999999999999 -6.120914147773053 460.50141783079
-52.99999999999999 -57.39601588146404 518.1866831597274
-52.99999999999999 -5.439433017865644 398.0599884177282
-52.99999999999999 -2.265217716356107 400.63845023734
-52.99999999999999 -2.920951593608646 404.662389483212
-52.99999999999999 76.47405543570171 488.4067015859601
-52.99999999999999 -85.4663245009621 530.0483101156996
-52.99999999999999 -12.43169244137745 272.7753817840075
-52.99999999999999 -121.8411794757124 406.1634659693664
-52.99999999999999 -112.0806386951189 341.2502394387266
-52.99999999999999 15.10370188910066 378.4061908267282
-52.99999999999999 14.4000134688957 382.620224409389
-52.99999999999999 -54.19575446674251 458.3466479767373
-52.99999999999999 -46.46261652649509 266.6685426917336
-52.99999999999999 -66.34860228027259 466.5176908289636
-52.99999999999999 -69.16897971237158 464.4337355573267
-52.99999999999999 90.46969367651977 522.0419790826826
-52.99999999999999 -46.73880540560059 514.3978589442385
-52.99999999999999 -48.79147659003041 515.2682236870089
-52.99999999999999 -44.68679040082588 513.5275980649178
-52.99999999999999 -94.02010041542985 311.3219657691205
-52.99999999999999 -72.2373970397598 530.8050007592757
-52.99999999999999 -72.43246809623886 532.8164591528548
-52.99999999999999 -92.42333084844226 500.1115336665476
-52.99999999999999 122.3535613834402 340.7975078047129
-52.99999999999999 -8.853088763141988 535.2258419532321
-52.99999999999999 121.42599151389 304.921770741769
-52.99999999999999 -92.31592578660013 555.8219045403922
-52.99999999999999 -6.277985406521737 535.6118911487292
-52.99999999999999 26.6737521410538 460.316505137143
-52.99999999999999 -13.87655071113771 534.5659459405863
-52.99999999999999 -12.74032133224306 535.4256811781771
-52.99999999999999 51.13504749106041 264.4203254267439
-52.99999999999999 46.24170536235827 266.2684223570456
-52.99999999999999 45.40699734177493 271.4305514554564
-52.99999999999999 41.36145690738056 268.1278440110466
-52.99999999999999 -93.25016400577458 514.4226538360998
-52.99999999999999 -120.7032813096379 335.8751893173668
-52.99999999999999 18.72310839631353 372.9593435179727
-52.99999999999999 19.40945256094442 368.7025756194519
-52.99999999999999 23.46143000364949 367.1708631274263
-52.99999999999999 111.4760985633967 369.2885100744301
-52.99999999999999 -117.664414447169 482.7868268278135
-52.99999999999999 -121.2191441279512 484.4174265520558
-52.99999999999999 -124.4323132639761 482.1831695077892
-52.99999999999999 67.97699176441742 530.5999064802721
-52.99999999999999 9.628668785614121 463.0018323453735
-52.99999999999999 -90.93352565126682 515.980880420004
-52.99999999999999 1.636664090443953 535.3718098366392
-52.99999999999999 0.5355064774928784 534.4875764224531
-52.99999999999999 -16.41772129899126 438.9203182632014
-52.99999999999999 -19.29413564834347 436.6762524296782
-52.99999999999999 -13.54753173214644 441.1471148218585
-52.99999999999999 -125.0984069847444 430.3393379074877
-52.99999999999999 27.43424813338018 438.3873337685066
-52.99999999999999 -54.74790370369311 387.2166352455586
-52.99999999999999 -67.03014612785891 446.2206327937839
-52.99999999999999 -11.60714399336218 380.6873969105692
-52.99999999999999 -12.26413182368743 384.9495470245402
-52.99999999999999 -10.95717755240938 376.4071143068418
-52.99999999999999 -78.73751792930035 398.2585777621897
-52.99999999999999 -75.207540117506 401.1609261102736
-52.99999999999999 -24.39605801516047 431.086073038686
-52.99999999999999 -2.894731606797591 373.2801971486386
-52.99999999999999 1.170854586397867 371.7223221265342
-52.99999999999999 -126.824781742419 549.2730944193041
-52.99999999999999 57.65637718521955 530.8153309410957
-52.99999999999999 -123.204427238179 415.9328490925808
-52.99999999999999 -8.572176747003594 428.9008580403747
-52.99999999999999 -11.49364199605644 426.5865567377539
-52.99999999999999 -7.882116044820902 481.2426588459076
-52.99999999999999 -5.793335731486311 482.8998034728122
-52.99999999999999 34.47561596624715 519.3305294239992
-52.99999999999999 87.00348430561277 408.8915653706285
-52.99999999999999 84.23619473390094 406.5951500804047
-52.99999999999999 -111.6026297320239 521.3598722877337
-52.99999999999999 -26.9210831984638 534.6628050919826
-52.99999999999999 -106.8448510550867 306.5417257257342
-52.99999999999999 -68.54971711435428 529.1788145989542
-52.99999999999999 11.78599923937225 453.5027766921581
-52.99999999999999 -26.490969545971 530.1615437627121
-52.99999999999999 -27.53273967446179 453.6767430975696
-52.99999999999999 -112.3403337059002 565.5155391446509
-52.99999999999999 -113.472943602864 564.6178800940723
-52.99999999999999 -112.1011207487926 564.0503576408821
-52.99999999999999 -113.2948955870121 563.1065046465887
-52.99999999999999 -114.7315754934236 563.7034313826656
-52.99999999999999 -111.8564338912734 562.5140172975069
-52.99999999999999 -114.5456097196585 562.1236528379634
-52.99999999999999 -116.05375469325 562.7469543861447
-52.99999999999999 -116.2326375849617 564.3863229072888
-52.99999999999999 -117.5721618476128 563.4107142680357
-52.99999999999999 -117.751459520775 565.0642895359663
-52.99999999999999 -119.0967953493758 564.0819060748984
-52.99999999999999 -118.9334998509116 562.3856143757744
-52.99999999999999 -120.5401047938136 563.0869584428383
-52.99999999999999 -120.6880830954806 564.8459554950027
-52.99999999999999 -122.1386883306991 563.8381981479619
-52.99999999999999 -122.3045760438094 565.6248909464443
-52.99999999999999 -123.7949820507391 564.5854649240057
-52.99999999999999 -123.6548268653856 562.6869192466697
-52.99999999999999 -125.4640086779834 563.5078072499332
-52.99999999999999 -125.5970163948607 565.5450881475515
-52.99999999999999 -125.3125541023904 561.4375015540178
-52.99999999999999 -120.8447385581725 566.5876434506507
-52.99999999999999 -127.3146282453072 564.4099683475756
-52.99999999999999 -127.0637215264116 558.8075316367283
-52.99999999999999 -34.96289074739511 520.7029100638259
-52.99999999999999 -111.9962868213354 541.1384874132798
-52.99999999999999 -112.063529859598 543.546171828499
-52.99999999999999 -5.176501767153738 536.4855091051444
-52.99999999999999 122.1077677423619 373.7558196772391
-52.99999999999999 -90.19094047606585 544.6089638084657
-52.99999999999999 117.450602899405 364.4774752717889
-52.99999999999999 121.8996045744419 362.8867553780503
-52.99999999999999 -123.8405673145486 474.2270746758873
-52.99999999999999 -123.4643971115296 470.1744590610551
-52.99999999999999 -87.16883355866688 420.9381157668199
-52.99999999999999 46.20319257869909 530.1910036244752
-52.99999999999999 -42.55112928112953 428.8951315462032
-52.99999999999999 -42.0173051892375 425.0478314808897
-52.99999999999999 -64.12807825030227 342.3574844394878
-52.99999999999999 -1.785285840036092 426.2053507740869
-52.99999999999999 -67.18872532074398 439.064313281
-52.99999999999999 -110.6392256097075 563.4955325785004
-52.99999999999999 -110.3967069184648 561.9492704748171
-52.99999999999999 -109.1777714536001 562.9326002314409
-52.99999999999999 -108.9329627515591 561.3819743730879
-52.99999999999999 -107.708068048237 562.3699953072091
-52.99999999999999 -107.4613565896475 560.8108464006083
-52.99999999999999 -106.2288011283354 561.8049730535878
-52.99999999999999 -111.6263364189379 560.9398757849234
-52.99999999999999 2.330146519041795 527.1912080933216
-52.99999999999999 24.66796587629441 502.509900042129
-52.99999999999999 26.68407150679099 501.7271893416203
-52.99999999999999 -34.18881287893214 510.1682939747195
-52.99999999999999 -107.9639026924668 563.9026430237283
-52.99999999999999 -109.7854384759103 537.6240778192887
-52.99999999999999 -107.60726202074 536.4996217926309
-52.99999999999999 -105.5635592996214 537.8587880510859
-52.99999999999999 7.748226812968561 536.0585109533419
-52.99999999999999 -76.83956545404645 554.345864728549
-52.99999999999999 -98.00678422322027 308.0471730468076
-52.99999999999999 -53.39191631425638 515.2917924517052
-52.99999999999999 -79.63612420378057 500.0273559352893
-52.99999999999999 52.3555387130404 286.100909227007
-52.99999999999999 56.27308811264145 289.3511933570468
-52.99999999999999 43.97340090494617 513.4753124383319
-52.99999999999999 42.39565564837075 512.1687509880645
-52.99999999999999 -48.09432056166768 529.5392769611
-52.99999999999999 84.64078321406028 484.4317249568979
-52.99999999999999 87.86057206156957 483.2785363876045
-52.99999999999999 86.20815326998722 428.7512695006845
-52.99999999999999 -82.99559667702506 556.7099375304759
-52.99999999999999 -82.54968993397949 555.3206891398617
-52.99999999999999 -81.17934547400205 554.8821850217466
-52.99999999999999 -83.95523139718561 555.6357383017249
-52.99999999999999 -83.52831526049063 554.2475325513097
-52.99999999999999 -84.965759361994 554.5652219240577
-52.99999999999999 -84.5276435708375 553.1367225142277
-52.99999999999999 -83.04860174970158 552.8110409424021
-52.99999999999999 -57.65281655684478 520.3636410894693
-52.99999999999999 -38.99100705809878 498.9925881950643
-52.99999999999999 -41.25379773904512 499.9675248629866
-52.99999999999999 9.155686629994129 368.6709875354781
-52.99999999999999 13.2365240410081 367.1270748914035
-52.99999999999999 -72.0305173915096 528.7757725048078
-52.99999999999999 -85.69848897832885 286.9308378400623
-52.99999999999999 -68.82884621623508 265.6867788772643
-52.99999999999999 24.16237562555085 450.152376694182
-52.99999999999999 -47.03278973473057 388.4110938402114
-52.99999999999999 126.9195245680913 382.7142459959376
-52.99999999999999 -50.38191736437678 511.7032497266733
-52.99999999999999 112.8403451466422 399.8928594902746
-52.99999999999999 112.2924447815974 402.8370453395653
-52.99999999999999 114.5593629022216 404.7421126135316
-52.99999999999999 111.8059519846504 405.7172265037237
-52.99999999999999 -124.7672993140641 486.0925438019548
-52.99999999999999 -40.01921831716267 522.9790919578917
-52.99999999999999 -41.7152340574098 523.7622215918375
-52.99999999999999 0.503547411892542 526.0370155255237
-52.99999999999999 -75.12190346836962 546.8658597880712
-52.99999999999999 -127.4634159702345 566.5021733061468
-52.99999999999999 91.84167171824765 416.5682028798042
-52.99999999999999 -115.7492248536222 305.0668993798255
-52.99999999999999 -120.6414074899074 306.9154831948024
-52.99999999999999 -106.8447334990052 265.2099922836075
-52.99999999999999 -102.7557878750712 268.5461586634988
-52.99999999999999 -29.46798533430817 517.9614533353648
-52.99999999999999 -31.18980719867934 518.74757718828
-52.99999999999999 -24.74138454180304 519.40688426937
-52.99999999999999 -24.53667597636564 517.5450597536452
-52.99999999999999 -24.95438351309847 521.2501943675516
-52.99999999999999 66.28413870814418 416.0318428969056
-52.99999999999999 35.81125980820752 427.1537963374013
-52.99999999999999 -19.03382957071898 265.8340723998134
-52.99999999999999 123.3475724232082 385.3450784031023
-52.99999999999999 -70.97382622681745 331.1594696015105
-52.99999999999999 67.42958669107267 526.5843679851068
-52.99999999999999 127.2552940665396 392.4716244479762
-52.99999999999999 15.47391112746217 339.7277912171264
-52.99999999999999 14.72413217440511 344.3117415351476
-52.99999999999999 -29.23194175093426 531.448202599793
-52.99999999999999 40.52978070240337 273.2756559007062
-52.99999999999999 36.49664670710963 269.9829777261129
-52.99999999999999 89.07368065308408 513.0333836117247
-52.99999999999999 -102.3387518288757 549.4415012786068
-52.99999999999999 -125.8169704137797 492.7210689148755
-52.99999999999999 39.61920999654519 522.2280655773776
-52.99999999999999 -83.65329681737741 531.3172881228402
-52.99999999999999 97.59234054499939 441.7293460007331
-52.99999999999999 -127.2104474015128 471.870510901834
-52.99999999999999 89.69279539238093 510.3341394457102
-52.99999999999999 -79.38692994803429 413.6795384818847
-52.99999999999999 87.46643172686663 385.0804278495804
-52.99999999999999 -125.3232346669372 516.1643699689914
-52.99999999999999 -24.87648524365734 455.7704102388761
-52.99999999999999 56.81093983668914 360.5509654243643
-52.99999999999999 53.35994003588967 357.7540196061961
-52.99999999999999 38.91474461495503 496.6515540608456
-52.99999999999999 85.86141799567329 517.2389265955849
-52.99999999999999 -95.50912887387473 280.3810817681339
-52.99999999999999 -129.2612047884275 557.5927314587969
-52.99999999999999 17.95160432757674 407.9399041268234
-52.99999999999999 18.56735704413936 404.0422237691282
-52.99999999999999 17.3294415648182 411.8209171609918
-52.99999999999999 -100.6418413426585 548.5862203896612
-52.99999999999999 -102.2458996083635 547.5147151043132
-52.99999999999999 -29.60517945969192 489.021838740717
-52.99999999999999 -32.11558438310607 490.0229607812954
-52.99999999999999 -27.09461936041286 488.0199682233642
-52.99999999999999 -125.7895062485786 370.26353834038
-52.99999999999999 -88.94264952555507 440.0508089234221
-52.99999999999999 -121.6228618457367 300.0418629110843
-52.99999999999999 57.63962847673166 429.5152495826805
-52.99999999999999 49.39794633026716 329.1357702255893
-52.99999999999999 53.81852712807324 327.4262878584359
-52.99999999999999 57.51138399555853 330.4257525097115
-52.99999999999999 58.27459293520132 325.7131077425645
-52.99999999999999 44.99105278158096 330.8473414977498
-52.99999999999999 -26.05889304700061 516.4216959096234
-52.99999999999999 17.68187346128743 512.9143033084952
-52.99999999999999 19.20083357815366 514.1160585775187
-52.99999999999999 -93.91076477280363 503.9857054010441
-52.99999999999999 5.105841970296276 527.5742895133482
-52.99999999999999 48.92484872588231 359.3096689298122
-52.99999999999999 49.87604542461904 354.9215362338511
-52.99999999999999 122.307210641304 276.2684632280463
-52.99999999999999 121.4249788454854 281.4386313874573
-52.99999999999999 -123.3620356331723 560.5739988859073
-52.99999999999999 47.08379730217744 261.0958117628373
-52.99999999999999 -75.45552224536971 533.339644395583
-52.99999999999999 -30.19638682595534 451.5585146917603
-52.99999999999999 -115.8605381146609 561.0782525645499
-52.99999999999999 -114.2692539058449 560.4263725142021
-52.99999999999999 -9.001830335029899 461.6522273121034
-52.99999999999999 42.12646198512682 532.2339209281752
-52.99999999999999 41.0254346619902 531.3669724711654
-52.99999999999999 39.70857206110597 531.8874963263219
-52.99999999999999 67.31156995292498 532.2824572621907
-52.99999999999999 88.25013148626141 401.8579536382526
-52.99999999999999 -59.89456581097762 548.1444917003548
-52.99999999999999 -59.64010786899724 546.6759496401833
-52.99999999999999 -58.4916081885762 547.6312693524789
-52.99999999999999 71.71778153866239 529.8232778190144
-52.99999999999999 42.26583319348392 349.1876650043723
-52.99999999999999 0.3245757981426367 535.8780196168768
-52.99999999999999 -0.7690379351505103 535.0008973390246
-52.99999999999999 107.345176201205 370.6924732701492
-52.99999999999999 -75.18509817585318 550.7677958725795
-52.99999999999999 -73.97555481543866 551.6431011836438
-52.99999999999999 -73.70920619709896 543.9938655206082
-52.99999999999999 53.0990786014348 521.0538055547108
-52.99999999999999 54.55360908867994 322.6864589121907
-52.99999999999999 -60.72687126086583 522.8176336268136
-52.99999999999999 -5.398477445096423 480.257102347036
-52.99999999999999 49.37400391371114 531.3871883221628
-52.99999999999999 48.74137847034466 530.1238236997367
-52.99999999999999 50.17944028423236 530.19379405211
-52.99999999999999 -17.29769891422389 535.9387486653928
-52.99999999999999 -17.97752014328611 534.7550970097288
-52.99999999999999 -16.59333582376571 534.7471522630087
-52.99999999999999 59.7323875180779 388.4667348314151
-52.99999999999999 62.83737370709868 391.0596884285093
-52.99999999999999 114.0151643803693 407.5804038801829
-52.99999999999999 111.3206349212729 408.5340238797301
-52.99999999999999 109.112917957993 406.7034403908196
-52.99999999999999 108.6156391765464 409.5497327794264
-52.99999999999999 2.915440874069006 262.1189599920141
-52.99999999999999 -125.6143108651928 522.7083582714404
-52.99999999999999 -122.8661043800133 524.4367404269154
-52.99999999999999 -125.7188155026204 525.9236033403482
-52.99999999999999 -123.0209285011852 527.619745733537
-52.99999999999999 -125.8191112481148 529.0768369690745
-52.99999999999999 71.89884942794015 505.6607497210474
-52.99999999999999 73.84431762233758 507.3137623760935
-52.99999999999999 69.950022532966 503.9970018616146
-52.99999999999999 68.36084645459884 501.5897156169398
-52.99999999999999 11.27603153422233 533.7582801494598
-52.99999999999999 12.40015029632066 534.6467781432747
-52.99999999999999 13.72486579419803 534.1339425131597
-52.99999999999999 -2.219978021171876 368.9571841454686
-52.99999999999999 97.14761953637837 420.6662298917384
-52.99999999999999 33.45189399367965 532.9449819399042
-52.99999999999999 -121.7838368515703 344.8945536752187
-52.99999999999999 24.68371849021064 446.8582199825662
-52.99999999999999 86.91075710393481 528.3083397190513
-52.99999999999999 85.65190902285944 527.2742534510378
-52.99999999999999 84.12026173085663 527.7034271273315
-52.99999999999999 87.20666022946398 526.6648467293724
-52.99999999999999 84.50365068959434 526.1239964381605
-52.99999999999999 82.90891477473323 526.5731393228639
-52.99999999999999 88.31030603241592 495.1670289399756
-52.99999999999999 87.67672847964715 498.2815890225663
-52.99999999999999 9.850342613543205 364.3419395067389
-52.99999999999999 50.43387930300953 380.5506814701295
-52.99999999999999 53.61194590290772 383.2025486610402
-52.99999999999999 113.4805992667998 410.3535615422233
-52.99999999999999 -125.7300214225599 567.5840803345667
-52.99999999999999 -127.4856918112744 568.4674092308297
-52.99999999999999 -130.2141430227765 568.6484006034457
-52.99999999999999 -105.9799835131562 560.2353321134811
-52.99999999999999 -104.7386360730897 561.2366506397259
-52.99999999999999 -104.4881478628013 559.6560007405243
-52.99999999999999 -103.2402267378344 560.6639334608924
-52.99999999999999 -84.23305202994574 536.3162379694971
-52.99999999999999 -82.00195347719254 498.2945446144728
-52.99999999999999 -38.31366131816521 511.9419092550914
-52.99999999999999 -87.29038061321161 528.7554176290537
-52.99999999999999 101.2467220242262 264.719454210353
-52.99999999999999 106.1750733462316 262.8759275108657
-52.99999999999999 -124.851492109028 460.0067848356758
-52.99999999999999 -121.3121395617574 462.5188329129195
-52.99999999999999 71.98103089754819 420.7513387582362
-52.99999999999999 -95.57682087184803 552.5708701152272
-52.99999999999999 37.31988678148595 264.8356167008297
-52.99999999999999 32.43941384791262 266.6945739265817
-52.99999999999999 31.62248880712031 271.8496051100018
-52.99999999999999 27.57488533814313 268.5659304747056
-52.99999999999999 26.76145659343157 273.7050643291239
-52.99999999999999 22.72821882440797 270.4327360418783
-52.99999999999999 23.53268513752453 265.2963737511829
-52.99999999999999 21.91780161120996 275.5533026545689
-52.99999999999999 18.67270864987494 267.1663751071334
-52.99999999999999 19.4793460426114 262.0124218907616
-52.99999999999999 -29.25600526834816 421.0223870212806
-52.99999999999999 41.12720782215759 372.4039244643309
-52.99999999999999 44.38520303330196 375.115037215019
-52.99999999999999 -129.3187759765171 555.0056181077221
-52.99999999999999 64.72803310295986 533.5242006146624
-52.99999999999999 -92.81201081394086 557.9885136422872
-52.99999999999999 -8.36490794056335 517.1137052987214
-52.99999999999999 -6.924812313567308 518.2399532441883
-52.99999999999999 -5.156870659414762 517.2192934058407
-52.99999999999999 -5.247192255780601 519.1043472840115
-52.99999999999999 -109.5354879354155 457.2208351150678
-52.99999999999999 -110.003859861187 461.3965332110234
-52.99999999999999 -123.1752933682407 530.7386510967655
-52.99999999999999 -125.9171193679331 532.1667223674732
-52.99999999999999 -123.3245323718343 533.7982402032893
-52.99999999999999 -126.0154343380333 535.1986040269163
-52.99999999999999 -123.4730576642212 536.7984027631218
-52.99999999999999 -126.1108792179901 538.1703368472995
-52.99999999999999 -120.8587830435386 535.4240666765559
-52.99999999999999 102.8035741711227 422.1046520577119
-52.99999999999999 30.95439634885762 532.4809685458365
-52.99999999999999 29.84784092163343 531.5341743325885
-52.99999999999999 30.10329115564064 530.0939009774628
-52.99999999999999 28.71721607107033 530.5908537764011
-52.99999999999999 28.46771302913696 532.0391180411317
-52.99999999999999 27.3460206982672 531.1002519405187
-52.99999999999999 27.5873735675253 529.6497369317858
-52.99999999999999 27.09913611887256 532.5347058615293
-52.99999999999999 25.9873809509245 531.6048884508723
-52.99999999999999 25.74170339994597 533.0281929159148
-52.99999999999999 24.63648778538575 532.1045653805477
-52.99999999999999 24.87575825024808 530.6755103025981
-52.99999999999999 23.50568093377587 531.1806730218709
-52.99999999999999 23.27174505176872 532.6209781599706
-52.99999999999999 22.14934291586293 531.699525793812
-52.99999999999999 21.9169692822378 533.1268889651437
-52.99999999999999 22.3742493530839 530.2552213627062
-52.99999999999999 20.99841865843555 530.7806410052033
-52.99999999999999 -33.69638064132707 523.6341922833142
-52.99999999999999 -60.23030296048988 518.4381867663806
-52.99999999999999 90.54131894431262 519.3789366749489
-52.99999999999999 -99.25456933468621 551.5193894000886
-52.99999999999999 -77.04493123857837 547.0738246071393
-52.99999999999999 93.2965932610317 442.4177267242054
-52.99999999999999 89.96022794519286 443.6987621276621
-52.99999999999999 -76.15424569557547 483.6607641785225
-52.99999999999999 -78.81929638363638 481.7304495657557
-52.99999999999999 -73.51702209553775 485.5867707559838
-52.99999999999999 -57.44097939671323 548.8071554880686
-52.99999999999999 -77.56494141589033 293.3885631502604
-52.99999999999999 9.321688343763711 535.2059607448197
-52.99999999999999 -28.51293060183382 460.3406702029745
-52.99999999999999 124.1735071652496 390.7319726614958
-52.99999999999999 -60.79372981423285 545.708082534794
-52.99999999999999 59.84290663764935 471.0693082249617
-52.99999999999999 56.8399515764085 472.2332691958126
-52.99999999999999 -51.29132000276633 514.3983375881501
-52.99999999999999 -43.19637815825988 541.194809735662
-52.99999999999999 -44.50810031445351 540.4088986242049
-52.99999999999999 -45.88372554797922 541.0705270932998
-52.99999999999999 -45.77710269304161 539.531331812329
-52.99999999999999 -44.37276044596135 538.8568892846511
-52.99999999999999 -47.18822219990891 540.2068716190472
-52.99999999999999 -47.0776320075382 538.6262835349481
-52.99999999999999 -47.28966481588079 541.7771015775036
-52.99999999999999 -48.60892034636535 540.903481068517
-52.99999999999999 -48.70954339268146 542.4883471177062
-52.99999999999999 -50.03856081904551 541.6083405843985
-52.99999999999999 -50.13642111748894 543.1997008733304
-52.99999999999999 -51.4614278683283 542.3195308267241
-52.99999999999999 -51.36971062230568 540.7240791661
-52.99999999999999 -51.55958773483997 543.9047172251065
-52.99999999999999 -18.98715151219602 344.0849728304539
-52.99999999999999 -19.75827729529492 348.7411907111545
-52.99999999999999 -96.67436265551493 513.2646627906691
-52.99999999999999 -99.03833181875976 511.6224352530335
-52.99999999999999 -15.9150819856061 536.0876558956587
-52.99999999999999 106.0043415730404 417.283694618013
-52.99999999999999 106.5117590293889 414.3131211570649
-52.99999999999999 -41.55690151162996 521.8770340653612
-52.99999999999999 75.78462642585177 522.80385045705
-52.99999999999999 -103.7993044922073 546.1117496915123
-52.99999999999999 104.2367012110102 412.3466913634961
-52.99999999999999 32.86405035893096 529.0720038489677
-52.99999999999999 40.30414911649019 438.7172107193976
-52.99999999999999 -77.31521083018801 534.2084009002334
-52.99999999999999 20.100415757665 364.4050557359045
-52.99999999999999 24.19153720926731 362.8585764511751
-52.99999999999999 27.56915692346965 365.648386556418
-52.99999999999999 -32.44813536271334 536.7652607002738
-52.99999999999999 -33.55832612370588 535.8902034763443
-52.99999999999999 -34.88684680288461 536.429549385458
-52.99999999999999 -34.69904458174659 534.9862614049622
-52.99999999999999 -36.06811114103208 535.5419794630182
-52.99999999999999 -33.33187724169961 534.4327103518515
-52.99999999999999 -35.87410187072868 534.0556658805241
-52.99999999999999 -37.28316176777379 534.6275594289698
-52.99999999999999 -37.47240665433109 536.1434909249216
-52.99999999999999 -38.69551014470734 535.2210237496197
-52.99999999999999 -38.8851861530348 536.7446089180801
-52.99999999999999 -40.11372026108486 535.8180654915883
-52.99999999999999 -40.30463862221788 537.3489587728681
-52.99999999999999 -41.53952233545982 536.417604496389
-52.99999999999999 -41.73142903214763 537.956397818295
-52.99999999999999 -42.97277880053883 537.0202227992952
-52.99999999999999 -42.78641612781565 535.4577396374206
-52.99999999999999 -31.80013320446517 535.4602624020872
-52.99999999999999 -9.108242083779038 536.7373201453788
-52.99999999999999 78.75364887747605 525.2790922308477
-52.99999999999999 80.09725401392438 526.4471310105642
-52.99999999999999 78.47180216038362 526.9601026627638
-52.99999999999999 -0.5642199810934444 533.6070848071413
-52.99999999999999 -15.36037136321033 347.0775741224228
-52.99999999999999 -16.12586106034969 351.6988593049329
-52.99999999999999 -11.76141670874359 350.0477626681695
-52.99999999999999 -80.75445807936275 469.5596887852294
-52.99999999999999 -83.59791556225032 467.405462317987
-52.99999999999999 -86.91045671296027 468.8170722895569
-52.99999999999999 -73.51204626221697 542.2845871658108
-52.99999999999999 -72.12934100987231 543.3100879800155
-52.99999999999999 121.4357359693205 345.7743445137812
-52.99999999999999 -69.51505240552333 371.6042562330936
-52.99999999999999 -70.27718116922394 376.3110934386733
-52.99999999999999 -65.84739012082451 374.6132426650147
-52.99999999999999 -61.19971790594783 373.1410722048544
-52.99999999999999 -47.39253098668443 310.0353742440613
-52.99999999999999 -130.1042024843498 563.2019456718219
-52.99999999999999 43.49060836498894 531.8402923102385
-52.99999999999999 44.15233609300982 530.5554411452856
-52.99999999999999 -90.73589336587426 537.4701771814397
-52.99999999999999 -92.61040400855526 538.3432951472704
-52.99999999999999 -88.86190808550207 536.5982546804693
-52.99999999999999 10.90060050817196 519.0848448938758
-52.99999999999999 -45.80672288336418 525.0667020366376
-52.99999999999999 -44.31125752184798 526.2384021481118
-52.99999999999999 -44.58407897622226 528.0990027638294
-52.99999999999999 26.44472570862135 309.7155254822792
-52.99999999999999 -38.51097162476793 533.6828836997894
-52.99999999999999 -64.04910376213058 517.9979446484361
-52.99999999999999 78.95486048915674 504.1761715697174
-52.99999999999999 76.37896971169626 505.1151177701204
-52.99999999999999 19.04942196717496 342.665918015613
-52.99999999999999 37.43377692106672 519.9069014482897
-52.99999999999999 -57.01973727219036 547.3734846721495
-52.99999999999999 89.18168892387847 414.3847598118691
-52.99999999999999 84.15740883784486 502.1638271643895
-52.99999999999999 7.180967047113286 485.1893966678815
-52.99999999999999 9.569495797827308 484.2292459369058
-52.99999999999999 -120.2425226909189 526.1596217438779
-52.99999999999999 6.854824718747968 535.038340795103
-52.99999999999999 -15.98653929007329 513.2201495228051
-52.99999999999999 -17.77579977522205 513.9675134918706
-52.99999999999999 -14.19404677050376 512.4685794817975
-52.99999999999999 20.37020176123783 414.2857209859775
-52.99999999999999 -57.12608565759076 515.9924427141831
-52.99999999999999 -21.85675386241394 336.3685316012103
-52.99999999999999 -124.0284390802164 566.671241755137
-52.99999999999999 -62.88321658575815 535.8639948875093
-52.99999999999999 -61.44657163820618 536.9490477896784
-52.99999999999999 -73.72056267723633 553.8662993341019
-52.99999999999999 -72.3762113664876 553.4091642860361
-52.99999999999999 -71.78140203594721 552.0852268064806
-52.99999999999999 -70.38256314725426 551.7996698313276
-52.99999999999999 66.43441304339483 293.5500417794705
-52.99999999999999 64.54148459455166 527.5694995996342
-52.99999999999999 126.3456883759028 279.6179402274966
-52.99999999999999 86.70683867662414 304.6986495904659
-52.99999999999999 -84.07508909185623 551.6706598382729
-52.99999999999999 65.3667971563972 471.9322235370823
-52.99999999999999 67.89063757450892 473.9978881028869
-52.99999999999999 -62.29637996180683 377.7513709833573
-52.99999999999999 16.742869150839 334.9192129719759
-52.99999999999999 16.95465125684936 330.159438395566
-52.99999999999999 -0.97859269705393 536.3825053999101
-52.99999999999999 -2.066527145368013 535.5107973558889
-52.99999999999999 -9.76127734136867 515.6805631540159
-52.99999999999999 -129.216785231865 547.9056947261441
-52.99999999999999 25.9251733206332 401.215886982807
-52.99999999999999 -90.04838610177477 542.7031171057935
-52.99999999999999 57.38348849637786 532.2897150709649
-52.99999999999999 10.37620663605449 444.8487241396142
-52.99999999999999 -127.8781286184539 561.8733398747323
-52.99999999999999 -128.0002795141303 483.8464772656401
-52.99999999999999 14.59398387720037 405.4119914201272
-52.99999999999999 17.41770405097888 514.8090240047047
-52.99999999999999 15.85940919748973 511.9890385109628
-52.99999999999999 14.45913163248254 510.4771198552759
-52.99999999999999 -86.45943738828049 292.070132892186
-52.99999999999999 -52.5883504869586 510.575733394389
-52.99999999999999 -52.48079476618727 508.1721719698684
-52.99999999999999 -54.464105720732 506.8042981297664
-52.99999999999999 -55.51623035042679 546.5721664165211
-52.99999999999999 -54.12534985125223 545.9225016449595
-52.99999999999999 -77.96646640025226 507.3610917781804
-52.99999999999999 -70.33968321479962 513.6203526760975
-52.99999999999999 -70.59830106776884 516.0777748004276
-52.99999999999999 -72.82226118397006 517.084663441375
-52.99999999999999 -70.8519978379102 518.4769479266548
-52.99999999999999 -68.37276996770399 515.0696690923446
-52.99999999999999 -70.84115010811406 544.4953023590664
-52.99999999999999 -70.49987899642281 542.8317157220705
-52.99999999999999 -85.39395371223735 555.9816303398267
-52.99999999999999 -82.29266096115458 395.3514473800496
-52.99999999999999 -86.61227675323445 396.991219352887
-52.99999999999999 -91.46057601428363 397.0629076389718
-52.99999999999999 -94.2370634925349 393.1904061645801
-52.99999999999999 77.20474514329646 528.8286006452353
-52.99999999999999 53.22285628920612 479.7064776355073
-52.99999999999999 52.77629522018329 482.7156753871931
-52.99999999999999 121.6758892396156 396.8751573930327
-52.99999999999999 124.5512439345022 396.0497940552698
-52.99999999999999 -4.691261996423044 515.3678348331435
-52.99999999999999 -3.356918984558618 516.6876736016188
-52.99999999999999 -1.536002526178863 515.7671186163493
-52.99999999999999 -1.718397892507966 517.6675508753339
-52.99999999999999 42.03648819846141 428.0940711245183
-52.99999999999999 110.1485452545744 397.948442663806
-52.99999999999999 -109.1121586228725 522.9979978631072
-52.99999999999999 31.98185942995407 534.1340134923677
-52.99999999999999 45.81191887129717 352.0348472001639
-52.99999999999999 69.76870557813857 414.7254280446624
-52.99999999999999 -68.54839996319556 366.7529286260121
-52.99999999999999 -44.97115429283521 515.7114728786763
-52.99999999999999 127.0126613248823 372.806111786854
-52.99999999999999 -7.385984399181304 534.7363710664273
-52.99999999999999 7.916497555381915 518.6138338096837
-52.99999999999999 -91.64883032121521 264.8731142609682
-52.99999999999999 -96.55350559233389 266.8047628471024
-52.99999999999999 -86.74346210718048 262.9407251721312
-52.99999999999999 -15.02246296501303 533.7047254502044
-52.99999999999999 -119.0884252624584 560.3309717562169
-52.99999999999999 -25.0807410926565 529.5243585132106
-52.99999999999999 79.82480155554406 390.9429941678488
-52.99999999999999 92.01850587313741 379.6907369240338
-52.99999999999999 92.76158808615098 375.6768193904651
-52.99999999999999 59.82160959890957 488.4096926013813
-52.99999999999999 62.60072229339097 487.3895267735739
-52.99999999999999 57.06512049514168 489.433817894229
-52.99999999999999 54.80644045374515 487.595815213299
-52.99999999999999 -92.5764060887104 384.9257465150886
-52.99999999999999 -91.85963212920797 380.1538343979853
-52.99999999999999 -11.43295339989664 534.8898936026129
-52.99999999999999 14.25008941638716 531.2446663946738
-52.99999999999999 -89.38693314858141 495.7568154022723
-52.99999999999999 -86.55358896151918 494.4500355607606
-52.99999999999999 127.0535784583386 362.210196243656
-52.99999999999999 -66.61743912410418 540.8246207430286
-52.99999999999999 46.54492703476865 424.9061614243386
-52.99999999999999 -68.21982096020184 541.5238710729125
-52.99999999999999 -69.63279050380623 540.5080009591858
-52.99999999999999 -58.0824354646846 544.8210124442484
-52.99999999999999 77.47323468121681 399.8817308253406
-52.99999999999999 76.81686774492351 403.6517578275208
-52.99999999999999 -102.359942991128 526.6609417072297
-52.99999999999999 -100.1386752732249 528.1046031609224
-52.99999999999999 -36.64827175862998 423.8619511298315
-52.99999999999999 -115.6103198494062 558.2697024976204
-52.99999999999999 4.29793531202608 534.3717068008303
-52.99999999999999 -90.34316547318626 546.492780234162
-52.99999999999999 -88.66554155112394 545.6802848815647
-52.99999999999999 -88.81426945148236 547.5114041275467
-52.99999999999999 -87.18461918305854 546.7221685924465
-52.99999999999999 -87.32905519814976 548.501037016902
-52.99999999999999 -75.05187945966225 529.1791789648348
-52.99999999999999 24.98768863608226 500.3455446555267
-52.99999999999999 28.73633323459906 500.3860085931066
-52.99999999999999 -66.02854674952407 514.2583290762466
-52.99999999999999 -66.51894815436776 516.633679929767
-52.99999999999999 -70.55544256302807 484.2926842447752
-52.99999999999999 -70.93121187575618 487.4686202210986
-52.99999999999999 -68.03184676249607 486.2014682554795
-52.99999999999999 -65.04567628123763 484.99182141544
-52.99999999999999 -65.52610795563969 488.0965118107736
-52.99999999999999 -97.80717086748892 536.0821113886476
-52.99999999999999 -96.04400639617259 537.5397379992022
-52.99999999999999 -96.29596201093337 539.7483876022576
-52.99999999999999 -93.99446590803738 536.5197204530948
-52.99999999999999 22.38877336743455 502.531009468552
-52.99999999999999 -110.4938643995422 559.0098651949711
-52.99999999999999 -113.8081120530702 500.9893972859841
-52.99999999999999 -27.44855717423886 528.7952986363423
-52.99999999999999 -119.322792248205 565.8466451984492
-52.99999999999999 -107.7986466363674 485.192238153837
-52.99999999999999 -104.4220227711558 483.6665540563593
-52.99999999999999 -104.8089155916028 487.3096796710234
-52.99999999999999 -101.508902459266 485.8180281783562
-52.99999999999999 -101.1150232554108 482.2367752806353
-52.99999999999999 -106.4020087065486 490.6662710848859
-52.99999999999999 57.39354513618814 492.3445293284268
-52.99999999999999 28.29895499743343 361.3252758121146
-52.99999999999999 24.91058409919925 358.5166230779657
-52.99999999999999 -110.9128611751497 565.205046471689
-52.99999999999999 -24.15687440974341 350.4053433413809
-52.99999999999999 -113.8089340979824 463.0934117178073
-52.99999999999999 -104.2590881666751 550.1131334904695
-52.99999999999999 -106.0783211475711 551.1321833357114
-52.99999999999999 -105.8302884239553 553.1269064414458
-52.99999999999999 -107.6107697683429 552.3355170959585
-52.99999999999999 13.58933099623854 413.3983614432235
-52.99999999999999 -113.921362081461 557.2805718000993
-52.99999999999999 -76.94481158904995 365.5377235193495
-52.99999999999999 -110.0875706977421 551.122684969365
-52.99999999999999 -110.1661682334204 553.2052868277689
-52.99999999999999 -47.35893968183731 543.4116999431401
-52.99999999999999 -42.98338696086342 539.7016648079615
-52.99999999999999 91.39318633361607 503.5866491271524
-52.99999999999999 88.7902218250554 501.8158918240243
-52.99999999999999 -78.25212560414168 324.367482820928
-52.99999999999999 -79.08011410691313 329.3604162407469
-52.99999999999999 -101.3029116310967 557.586806547464
-52.99999999999999 -99.85418274194697 558.4634478376661
-52.99999999999999 -101.3120337189831 559.2372799182516
-52.99999999999999 -99.93037042402156 560.0800808575844
-52.99999999999999 -101.335855919689 560.8302630767224
-52.99999999999999 -98.52023358726801 559.3364251421613
-52.99999999999999 -98.59501759673408 560.9034125934845
-52.99999999999999 5.434263788094746 535.2835300057239
-52.99999999999999 -114.1627105414152 504.5173118812561
-52.99999999999999 -11.3150050248664 514.4450070777679
-52.99999999999999 -75.22277099771409 460.2638835195834
-52.99999999999999 82.46433209763286 524.2144332544054
-52.99999999999999 -17.73970608276054 339.3332383988169
-52.99999999999999 -65.0122054748043 540.1256202702773
-52.99999999999999 -120.0784369725324 523.0507350844719
-52.99999999999999 -117.3139244187967 524.5881209886004
-52.99999999999999 -114.59993257435 523.1222818411717
-52.99999999999999 -108.2555366511655 550.1084431704874
-52.99999999999999 -107.8359153119238 531.2773557190287
-52.99999999999999 91.95198404996863 490.0902564199725
-52.99999999999999 83.6103256209056 410.1649174844028
-52.99999999999999 51.16567706640446 528.8807311127882
-52.99999999999999 92.33928162029153 482.8503903252548
-52.99999999999999 92.38164954564741 478.9999148412799
-52.99999999999999 89.20450814341237 476.6171244269619
-52.99999999999999 89.282692085679 472.7647061776804
-52.99999999999999 92.58092205070719 470.8031691864552
-52.99999999999999 85.97820968682578 474.6246449546696
-52.99999999999999 48.63066512982102 526.836428903451
-52.99999999999999 48.45643928213885 528.4246379573615
-52.99999999999999 -50.22222201759692 544.8076674653341
-52.99999999999999 -52.6842894501253 545.1147461678073
-52.99999999999999 -52.70886848688405 546.6796264076339
-52.99999999999999 48.65926275422028 517.3553489797622
-52.99999999999999 -107.3870886389744 559.0419102398191
-52.99999999999999 -10.95915776319427 510.2498021497515
-52.99999999999999 -9.115033176789455 509.4765558130068
-52.99999999999999 -74.46596401342741 396.6611451503218
-52.99999999999999 -60.9965984393488 443.7672255120663
-52.99999999999999 46.0018751303632 524.7124845117547
-52.99999999999999 51.9780058078638 499.7436030461527
-52.99999999999999 49.9279947453087 498.1817544266585
-52.99999999999999 49.6281187726243 500.7016576014469
-52.99999999999999 47.6332847942801 499.1864717711105
-52.99999999999999 47.33879999692334 501.6449316881011
-52.99999999999999 49.28439514845502 503.1171594321965
-52.99999999999999 -37.76839790566929 519.7452012286586
-52.99999999999999 50.77350044039885 531.6376896192079
-52.99999999999999 33.31014588403935 398.3776148276331
-52.99999999999999 7.796756904229547 260.27964043087
-52.99999999999999 -35.56568951340116 526.1819916562674
-52.99999999999999 -30.46838403042199 530.1264669326657
-52.99999999999999 -69.7466292776184 548.8169366981186
-52.99999999999999 -68.47063284425276 549.6704524420271
-52.99999999999999 -67.10368884914931 549.0129320839275
-52.99999999999999 -67.22641878637862 550.5074401865229
-52.99999999999999 -65.8891586632102 549.8649634408454
-52.99999999999999 -65.75897766076314 548.3877534182656
-52.99999999999999 -69.83362267539316 550.3275488760459
-52.99999999999999 38.42528141179291 528.5593800947967
-52.99999999999999 -53.61895408591248 541.1531958531244
-52.99999999999999 -68.56057919994154 551.1474407031585
-52.99999999999999 23.70730555897883 508.7707064961422
-52.99999999999999 -33.48543775560717 531.5047032812569
-52.99999999999999 -32.17588215553226 532.4164328544329
-52.99999999999999 -37.83811432074648 464.1345925126337
-52.99999999999999 -40.48297375730363 462.123018129143
-52.99999999999999 66.13678797063406 531.4855577058099
-52.99999999999999 29.21855025175089 498.1225011070529
-52.99999999999999 30.91461232643609 499.6669491425106
-52.99999999999999 58.78421975993538 531.7865255245546
-52.99999999999999 58.51482677964993 533.2378210288039
-52.99999999999999 59.88885115431277 532.7422203149267
-52.99999999999999 36.1206675146914 516.6572403041024
-52.99999999999999 46.23448453174899 404.5163064189406
-52.99999999999999 45.58122168962156 408.3893900659369
-52.99999999999999 45.53628069360358 514.7796120888746
-52.99999999999999 45.28436671049339 516.7522290938196
-52.99999999999999 120.953030415013 399.76466582519
-52.99999999999999 20.61112143411149 501.1926712268177
-52.99999999999999 -95.547374223033 559.3323023646909
-52.99999999999999 -102.4330553160571 507.9327916267132
-52.99999999999999 34.31138225899077 517.2740968874451
-52.99999999999999 32.6264330929098 519.725822426059
-52.99999999999999 31.08467900559155 520.6165961889503
-52.99999999999999 25.72894332807741 457.0644793214693
-52.99999999999999 41.92086026991335 521.3803402667193
-52.99999999999999 43.2747689365056 522.5099350105619
-52.99999999999999 -47.85819883649037 405.1690805989791
-52.99999999999999 -79.60498031930854 517.930263008649
-52.99999999999999 -77.50347373616134 519.3031465791125
-52.99999999999999 -75.26892639569769 518.2834461153025
-52.99999999999999 -75.52107135038507 520.6891188353845
-52.99999999999999 -79.71044868006825 520.3865616603032
-52.99999999999999 -63.95575797209822 546.047998334535
-52.99999999999999 -64.12377892614457 547.6185277643223
-52.99999999999999 61.98453892521584 513.3932291889458
-52.99999999999999 -94.66775689957058 275.2053924515996
-52.99999999999999 -91.11677707767244 283.5626854083586
-52.99999999999999 68.89368301972372 360.2819973978631
-52.99999999999999 67.90124955961882 364.6693096373183
-52.99999999999999 63.73128977168101 366.1496975345521
-52.99999999999999 67.08188641454602 368.9744955449304
-52.99999999999999 71.19699503424293 367.5271196071506
-52.99999999999999 70.38657492415653 371.7965986600314
-52.99999999999999 73.89002297817161 374.5807731201986
-52.99999999999999 -57.9109922545137 420.954826927539
-52.99999999999999 -58.51821156705188 425.03784630156
-52.99999999999999 -69.91843611627182 511.1129364364575
-52.99999999999999 10.31508951395333 531.410207083444
-52.99999999999999 -22.58581189333151 513.4593826672118
-52.99999999999999 -22.90696918695893 515.4545971976131
-52.99999999999999 -20.98561595848041 514.6672493283667
-52.99999999999999 37.47429672071327 505.8187188890377
-52.99999999999999 37.11191623470803 507.972321582216
-52.99999999999999 38.7689006186913 509.349440472919
-52.99999999999999 35.45084834892339 506.5855287974778
-52.99999999999999 34.82556410680389 508.6708404972936
-52.99999999999999 36.7709782718534 510.0679690559313
-52.99999999999999 -66.02644285328536 499.1566552715531
-52.99999999999999 -63.91823200187829 500.9891769632371
-52.99999999999999 -61.32870537666587 499.8834317179562
-52.99999999999999 -61.70055507711637 502.5976605676728
-52.99999999999999 -59.21402443199663 501.5557294317153
-52.99999999999999 -59.57077017852972 504.1923416266278
-52.99999999999999 -57.14642062775482 503.1779264950295
-52.99999999999999 -57.49426520358167 505.7507958059601
-52.99999999999999 -61.99497848217709 505.2104427259013
-52.99999999999999 -54.53743145312263 502.2413334863955
-52.99999999999999 -58.74581275175272 498.7904646999456
-52.99999999999999 -64.34307021680047 503.6936453040394
-52.99999999999999 -62.57845530223297 507.8642057651721
-52.99999999999999 53.60427861821257 530.8481702649055
-52.99999999999999 40.90134596464141 508.6527814948494
-52.99999999999999 40.40478694729514 510.7448287129876
-52.99999999999999 -112.6552275632496 533.7967641291996
-52.99999999999999 -54.72180993096425 488.8310201384683
-52.99999999999999 -52.31807109284987 490.544584328166
-52.99999999999999 -49.64230749401782 489.443743394619
-52.99999999999999 -50.04526374663708 492.2666445345832
-52.99999999999999 -129.733213831646 539.3338999469808
-52.99999999999999 -18.74891420129774 511.8781696860897
-52.99999999999999 -72.50738204703772 462.8010549611367
-52.99999999999999 -79.95803160564223 545.1360976522672
-52.99999999999999 -79.98028261812398 546.8702978509638
-52.99999999999999 11.24488709216507 456.7093067959275
-52.99999999999999 12.76077037088732 459.5755334186033
-52.99999999999999 9.569782509757388 459.4292039417193
-52.99999999999999 45.70214262467184 494.6937673266451
-52.99999999999999 -66.76277218545995 525.4557870564682
-52.99999999999999 -65.03221725048739 526.7138612167755
-52.99999999999999 -63.09435482543121 525.8684584418135
-52.99999999999999 -66.96911684335404 527.5589033411868
-52.99999999999999 98.09133355193389 395.7480161766957
-52.99999999999999 94.70452196952958 397.042227604326
-52.99999999999999 93.97833005600098 400.6486937100568
-52.99999999999999 43.60371007266139 493.069171039755
-52.99999999999999 -15.01147450963245 377.980954501727
-52.99999999999999 -14.35663202255622 373.6589003900803
-52.99999999999999 -40.32557184220867 512.8281340072684
-52.99999999999999 -42.10841875227169 511.55432437972
-52.99999999999999 -42.31852201564489 513.732945839218
-52.99999999999999 57.70961856003578 525.2997561757132
-52.99999999999999 -114.4394937826121 520.0707108755146
-52.99999999999999 -129.6384583100891 532.8456708285233
-52.99999999999999 -79.37361472297815 552.6796454530374
-52.99999999999999 -79.39320067659256 554.1810507518112
-52.99999999999999 -80.76013713247877 553.3225655364654
-52.99999999999999 -62.71524359990612 523.6854094801446
-52.99999999999999 -6.799169332113243 526.0888428996903
-52.99999999999999 -5.497001837406552 527.0872249311814
-52.99999999999999 12.7768129687859 492.3556416097061
-52.99999999999999 12.31363400536794 494.7576215190644
-52.99999999999999 14.69764084959611 493.8731716377146
-52.99999999999999 16.96051344188258 492.9980617600769
-52.99999999999999 91.73840505729059 496.9909589512104
-52.99999999999999 -28.16211708347405 472.1170575442074
-52.99999999999999 -46.30852639536084 528.7944199657184
-52.99999999999999 -43.5333574327456 529.5990374799823
-52.99999999999999 -71.72976336426571 541.6567800652409
-52.99999999999999 60.56690313563896 519.3617303648675
-52.99999999999999 62.38544583715282 518.7253317399228
-52.99999999999999 62.77264244221755 516.8356822556373
-52.99999999999999 64.23793414334139 518.1204200784481
-52.99999999999999 64.63575164278787 516.1887152918362
-52.99999999999999 66.13867545548636 517.5050450350736
-52.99999999999999 66.54776604281776 515.5218155376596
-52.99999999999999 68.09369974642532 516.874510273344
-52.99999999999999 68.51629393265753 514.8318102062024
-52.99999999999999 62.01894556547858 520.5945280938311
-52.99999999999999 70.11095381726656 516.2267769697287
-52.99999999999999 70.54740945975209 514.1188883871224
-52.99999999999999 68.89502653721125 512.6610332891211
-52.99999999999999 64.99717477170104 514.1505814665921
-52.99999999999999 65.7179289574178 519.4486105922452
-52.99999999999999 60.24879194894828 521.2079534851038
-52.99999999999999 -61.6767746629907 538.7212617828764
-52.99999999999999 -60.04747541067601 538.0318426022952
-52.99999999999999 -59.81031854629169 536.2801139439573
-52.99999999999999 -82.04563739830148 550.926106442177
-52.99999999999999 -85.02468888465536 550.3101455502062
-52.99999999999999 -3.989214086504662 526.4774776484566
-52.99999999999999 -33.49927965857552 505.6229598305349
-52.99999999999999 -31.78012922369478 507.1254313339073
-52.99999999999999 -29.64007264814422 506.2704818797564
-52.99999999999999 -29.99266964430274 508.4937862265567
-52.99999999999999 -29.18559799845516 504.0430448789716
-52.99999999999999 -27.01758257354918 503.0358232612776
-52.99999999999999 -26.61386655049471 500.7284582545136
-52.99999999999999 -24.83049274847012 502.2294936432243
-52.99999999999999 -25.23452517550113 504.5028932886623
-52.99999999999999 -23.09170325756643 503.7111167356929
-52.99999999999999 -22.68124130698679 501.4683028352601
-52.99999999999999 -20.94370098311225 502.9452603270693
-52.99999999999999 -20.53205768784942 500.7004619846623
-52.99999999999999 -18.79147966447966 502.179785142906
-52.99999999999999 -18.37886272027604 499.9306508698537
-52.99999999999999 -27.49255459922787 505.5485674613994
-52.99999999999999 -22.2796572530104 499.2006362628982
-52.99999999999999 -28.37708023571425 499.1735172061853
-52.99999999999999 -26.13189982145306 498.4047737533497
-52.99999999999999 -25.5648773670009 506.7503626913084
-52.99999999999999 -72.59658787305172 550.1790445630863
-52.99999999999999 -21.4344161650787 433.4284463457035
-52.99999999999999 102.9547387233938 387.4239327639785
-52.99999999999999 -52.2733495838527 505.7496321143091
-52.99999999999999 -84.5790495741026 524.9712151733734
-52.99999999999999 -84.76090371100285 527.3369413259331
-52.99999999999999 -101.8391358516444 545.502863549142
-52.99999999999999 -129.5398943874729 526.1398557610739
-52.99999999999999 127.0762648969948 351.4689861172846
-52.99999999999999 122.6781310314732 354.0527275769625
-52.99999999999999 -14.96318979352817 510.3067424376958
-52.99999999999999 54.66110619930414 509.8380189865741
-52.99999999999999 52.56502800412984 510.6097243304342
-52.99999999999999 54.26339723863102 511.9902748984092
-52.99999999999999 50.8368135731442 509.2453308084175
-52.99999999999999 56.29829589115831 511.2534240774532
-52.99999999999999 54.17100898999522 514.1894358200437
-52.99999999999999 51.1159508267192 507.0567726581425
-52.99999999999999 -51.71235778482682 538.6641469986087
-52.99999999999999 47.06434875523903 504.0293240019236
-52.99999999999999 -25.58747288043929 534.0530156528862
-52.99999999999999 -40.49768539336078 538.8749048890013
-52.99999999999999 -83.85426489661315 533.4978957665115
-52.99999999999999 -86.4110703891796 536.5614122473722
-52.99999999999999 105.7126940019307 375.7576846301343
-52.99999999999999 108.6552099116752 378.6113402732768
-52.99999999999999 -98.2145010268958 557.6515826242426
-52.99999999999999 -11.91933874844028 456.6285801427537
-52.99999999999999 39.10122897721968 519.0747523344546
-52.99999999999999 -129.43800914069 519.2080656979153
-52.99999999999999 105.8079073662092 359.9644871231365
-52.99999999999999 105.0096696981881 364.5346120978609
-52.99999999999999 -49.82026299613909 530.2610812145655
-52.99999999999999 -51.54225085642108 531.0147050856482
-52.99999999999999 -53.07213450701408 529.9353968365077
-52.99999999999999 -53.24092049019781 531.7985791648506
-52.99999999999999 1.244677966141247 327.6260858451284
-52.99999999999999 34.87840657497368 532.4649324831466
-52.99999999999999 35.97147195239732 533.5307393770422
-52.99999999999999 -21.55789304904244 527.6683189275736
-52.99999999999999 -21.76612917276676 529.2831457450939
-52.99999999999999 -71.28262352366725 539.5175943659229
-52.99999999999999 13.19577008249795 518.3243576785527
-52.99999999999999 -95.51190437086505 495.4473243179315
-52.99999999999999 -95.84412001882981 498.724874245421
-52.99999999999999 -93.68014688430692 533.9861985566853
-52.99999999999999 16.10218892445668 520.5517588986004
-52.99999999999999 98.74777618516156 410.8987633201576
-52.99999999999999 -79.1277254921953 533.0756348249644
-52.99999999999999 -76.96803416818899 536.2707709925591
-52.99999999999999 -20.05359944748929 526.9987820038052
-52.99999999999999 -18.69971299261178 527.9520362661943
-52.99999999999999 -17.20101672846263 527.3111143962757
-52.99999999999999 -86.84331371384269 554.5243790101941
-52.99999999999999 6.648535266284118 502.2025731488926
-52.99999999999999 4.591440722610831 503.0184081633254
-52.99999999999999 2.842480511742214 501.693711218406
-52.99999999999999 2.577244105032286 503.8607954261286
-52.99999999999999 0.8430896799198093 502.54877301571
-52.99999999999999 4.304240214181132 505.1609190302968
-52.99999999999999 0.5797922474212474 504.6988472622174
-52.99999999999999 -1.141362324765596 503.3969164167766
-52.99999999999999 -0.8884412566299864 501.2430486028528
-52.99999999999999 -2.897823648141204 502.0988776656243
-52.99999999999999 -3.142283877823733 504.2670836810819
-52.99999999999999 -4.890363020274494 502.9721076163888
-52.99999999999999 -5.132892376285159 505.126844242769
-52.99999999999999 -6.869292724656355 503.840383877674
-52.99999999999999 -7.110120478032317 505.9805249111282
-52.99999999999999 -6.637051119268972 501.680422247348
-52.99999999999999 -2.641839442675421 499.9130903204498
-52.99999999999999 -5.391684967162679 507.2440397102462
-52.99999999999999 -8.834483229368191 504.7028636777772
-52.99999999999999 -7.328987421843266 508.0785247577157
-52.99999999999999 3.089717548275175 499.5054727055137
-52.99999999999999 6.650121914661097 526.9795950545631
-52.99999999999999 7.906652898591812 527.9721466813236
-52.99999999999999 -37.82948637585415 494.7720762907156
-52.99999999999999 -35.39233492193604 493.7707343688438
-52.99999999999999 -35.01186814730251 491.1693492822051
-52.99999999999999 -74.98306106318341 515.8591901529737
-52.99999999999999 48.78912046082375 510.072578798597
-52.99999999999999 75.94366198606376 501.7527918472923
-52.99999999999999 -122.5368680158581 378.5873679997837
-52.99999999999999 -118.5068737991345 381.8007915068888
-52.99999999999999 -123.3006923765307 383.6790341718124
-52.99999999999999 -93.87881184680393 551.737512035739
-52.99999999999999 -12.78489510269628 526.9851360008516
-52.99999999999999 -11.27421589051897 526.353224034024
-52.99999999999999 -11.48884644170051 527.9618251515091
-52.99999999999999 -10.18226712116629 528.921587268988
-52.99999999999999 8.370052505069959 503.5654899889437
-52.99999999999999 70.12367721015292 524.2769624846619
-52.99999999999999 -49.20233372797519 486.6004005092569
-52.99999999999999 -44.38916796968945 511.3260428110712
-52.99999999999999 -6.458152902640799 537.2007792868058
-52.99999999999999 -97.57233665751002 524.25229365588
-52.99999999999999 -36.30217389777476 511.0510567629591
-52.99999999999999 -12.96925659897027 528.5780413625043
-52.99999999999999 -0.7390255156256081 496.5470025684054
-52.99999999999999 -2.924597860674932 497.4070018184208
-52.99999999999999 -124.1680942261796 569.0497082229205
-52.99999999999999 80.97128804086955 379.9277269320076
-52.99999999999999 -7.308997079506625 499.1559868096527
-52.99999999999999 -129.3318872960473 512.0440661108224
-52.99999999999999 -126.2386859135568 510.2378118851771
-52.99999999999999 -126.2073442649332 506.6781073601394
-52.99999999999999 14.17272622809653 532.7229796544457
-52.99999999999999 15.12799196586361 533.8027552820367
-52.99999999999999 16.54455927525538 533.3107462676127
-52.99999999999999 -9.447298286380434 500.037577729338
-52.99999999999999 -60.8558564680304 496.8783116602276
-52.99999999999999 54.99094227640321 523.0689992128623
-52.99999999999999 54.70887511352463 524.7788663257202
-52.99999999999999 -112.4579489337318 429.700049302557
-52.99999999999999 -108.0985277575069 427.9596742652284
-52.99999999999999 -108.7925965440138 432.551208155386
-52.99999999999999 -104.5259094467287 430.8479466041247
-52.99999999999999 77.20619013886265 525.8837706061076
-52.99999999999999 -89.72072731167903 557.4349658044816
-52.99999999999999 -91.03833889798993 558.1360001091948
-52.99999999999999 -88.45634349212155 514.7747219929674
-52.99999999999999 -11.12060740571786 533.4684189054916
-52.99999999999999 103.8255939352921 383.6794489302857
-52.99999999999999 61.00638350632081 531.5947520113077
-52.99999999999999 -43.59049821780093 506.5744336584574
-52.99999999999999 -41.3883148756037 505.6408961135664
-52.99999999999999 -41.06818436490705 503.2764047963074
-52.99999999999999 47.10811082573893 400.584226384005
-52.99999999999999 -93.9484551286028 553.4198101553637
-52.99999999999999 32.92837490406711 527.4849815463889
-52.99999999999999 -87.00874898656544 558.2957154733144
-52.99999999999999 -56.63180966199122 529.571447657689
-52.99999999999999 -55.07014628069773 530.724051206099
-52.99999999999999 -56.83399442493045 531.4796391357612
-52.99999999999999 -54.97559338493442 532.6573467066598
-52.99999999999999 -56.76955321534763 533.4330673211119
-52.99999999999999 -58.41500516882306 532.5095717599551
-52.99999999999999 -58.37979158485359 534.3744814609213
-52.99999999999999 -60.00122178577686 533.4723103127732
-52.99999999999999 -53.39899785858838 533.6606352711117
-52.99999999999999 -58.53805931442507 530.3800740744186
-52.99999999999999 -42.61369463500778 478.1033348778873
-52.99999999999999 -39.76023556940261 476.9195245882549
-52.99999999999999 -37.27477419255985 478.7390594576551
-52.99999999999999 -43.06385346792863 481.1394469730969
-52.99999999999999 1.152141410113503 522.9062611765769
-52.99999999999999 2.331196954142343 505.9847019046836
-52.99999999999999 4.020344420563684 507.2556703738398
-52.99999999999999 5.955416483323664 506.4513118075166
-52.99999999999999 5.677090122838649 508.5115456391906
-52.99999999999999 7.373048831662454 509.8139953454551
-52.99999999999999 0.3719771922732984 506.8175848550038
-52.99999999999999 3.77666104962572 509.2978603510954
-52.99999999999999 -1.339198529239342 505.5801847503462
-52.99999999999999 -3.327197041513379 506.4155015587506
-52.99999999999999 21.60705134060787 528.5898178383389
-52.99999999999999 -17.94137912186345 432.0561101063652
-52.99999999999999 -23.03454676396833 436.8120384031153
-52.99999999999999 -21.04899187865852 439.9216010535578
-52.99999999999999 23.76393798857735 480.8803152919074
-52.99999999999999 25.92529106927081 482.6647010166213
-52.99999999999999 28.5461105590377 481.7641550253252
-52.99999999999999 28.00734588446723 484.4601128155297
-52.99999999999999 30.5909071470856 483.57460327367
-52.99999999999999 30.06026299251453 486.2380486457934
-52.99999999999999 27.5180190498845 487.0993023660118
-52.99999999999999 32.61477873384656 485.362407112821
-52.99999999999999 33.16173079263346 482.7037764451286
-52.99999999999999 35.211563868015 484.5110591452217
-52.99999999999999 35.7674573955154 481.8144516159756
-52.99999999999999 37.84908722535675 483.6491714948456
-52.99999999999999 38.41363443849266 480.9104056111354
-52.99999999999999 36.29593921875647 479.0365845836686
-52.99999999999999 39.00280137063429 478.1109946416418
-52.99999999999999 40.52803516744078 482.7738197606096
-52.99999999999999 32.09061731853782 487.9972419284412
-52.99999999999999 29.11736132438249 479.0458460564857
-52.99999999999999 25.50555536103167 485.3612181867419
-52.99999999999999 25.02310133898132 487.9539548396953
-52.99999999999999 26.99821723806474 489.650818845687
-52.99999999999999 22.51431937883543 488.8515811283706
-52.99999999999999 21.82971308793204 491.341067291145
-52.99999999999999 19.4471190743658 492.1244516944078
-52.99999999999999 -52.9175629166971 528.0557712897065
-52.99999999999999 51.52551223033766 502.2038615831008
-52.99999999999999 -9.883165211207409 475.7405307715965
-52.99999999999999 -12.53421589394036 476.7918090421134
-52.99999999999999 -14.78013439419689 475.05064534043
-52.99999999999999 -15.16201126860391 477.8623079114149
-52.99999999999999 -10.14271914282798 478.5470863768604
-52.99999999999999 -120.1583858432075 529.18455614203
-52.99999999999999 -1.130323051095167 513.5363179588395
-52.99999999999999 -78.35024640467871 458.1589490749263
-52.99999999999999 -5.720263689361473 454.1577429716499
-52.99999999999999 -22.31813622409703 469.70543933168
-52.99999999999999 -19.47837947394531 468.5331756363618
-52.99999999999999 -39.97176761954105 421.5619347004501
-52.99999999999999 49.21723158914205 505.6734670536296
-52.99999999999999 -110.9822014513061 420.1941829751527
-52.99999999999999 27.25566726742486 528.0122024491476
-52.99999999999999 55.13340715485855 484.5902699839262
-52.99999999999999 -64.93086661256136 347.2163033955326
-52.99999999999999 -60.34151959690518 345.4788398055258
-52.99999999999999 -61.13886249382991 350.3026298878661
-52.99999999999999 -56.58349122340761 348.5778118175242
-52.99999999999999 -127.9683840810794 404.8920097366145
-52.99999999999999 32.7980741642818 509.2627675939642
-52.99999999999999 -112.3546788035667 450.255546440866
-52.99999999999999 -34.37326889747358 488.38105085213
-52.99999999999999 -92.7649884225828 540.4159525111932
-52.99999999999999 8.894068132578576 481.2902227987061
-52.99999999999999 -3.702712795698458 524.8298811408326
-52.99999999999999 22.8580071710867 430.2385685298137
-52.99999999999999 26.40975984915793 428.9136085932075
-52.99999999999999 29.25616441215505 431.2178287944328
-52.99999999999999 25.85439937862438 432.5098384192534
-52.99999999999999 5.747861569398574 470.0219932581659
-52.99999999999999 -7.28008627585664 533.2844476264125
-52.99999999999999 -78.42216538689374 475.1605169488339
-52.99999999999999 38.13703107210355 530.049743740236
-52.99999999999999 -41.40048897775886 446.0098886307609
-52.99999999999999 10.31727376224189 516.0340751893357
-52.99999999999999 -0.5459119754554966 532.1147517706647
-52.99999999999999 -1.756359255299361 467.3369853256121
-52.99999999999999 -48.60487719582963 537.1767292564494
-52.99999999999999 -47.06933655443126 536.4357677183423
-52.99999999999999 -45.64562631383325 537.5364329050127
-52.99999999999999 -48.75786346953638 538.8672422110027
-52.99999999999999 86.5060692815122 523.1715800544698
-52.99999999999999 88.37754678123142 366.0032408941144
-52.99999999999999 84.92898374811853 363.1454465362218
-52.99999999999999 85.64883168047234 358.7122857606853
-52.99999999999999 91.81802525738613 368.8409093773387
-52.99999999999999 2.811528350424911 488.4022964488536
-52.99999999999999 122.3865383390535 378.1773874520571
-52.99999999999999 89.82771910893423 468.0486518123465
-52.99999999999999 -129.1659613788938 500.8428821781803
-52.99999999999999 -125.8973069275936 498.937006470669
-52.99999999999999 58.63567990266655 529.5964723978584
-52.99999999999999 14.80103488347646 439.8820612358438
-52.99999999999999 14.25391411715309 443.3129500013775
-52.99999999999999 -57.15492377906846 416.7574788065849
-52.99999999999999 -28.61051850192921 476.6672070013639
-52.99999999999999 101.8424946375252 288.6962188861737
-52.99999999999999 -106.2053265595702 459.7084832358704
-52.99999999999999 -105.4845372753638 463.7190133530088
-52.99999999999999 -84.32551585463557 557.1960114344198
-52.99999999999999 42.55642081165865 510.0248943906463
-52.99999999999999 -53.21709466391137 473.6911885506236
-52.99999999999999 -48.79371752852813 452.4431702460374
-52.99999999999999 -45.91242289246701 454.593091276584
-52.99999999999999 -13.07237407261923 463.0794328250595
-52.99999999999999 -92.52058708587033 329.7670330533126
-52.99999999999999 22.48274268839086 519.7889759217777
-52.99999999999999 23.84491675461929 520.9061092408053
-52.99999999999999 25.48394623298553 520.3046923252745
-52.99999999999999 22.21164753947153 521.5085838398497
-52.99999999999999 25.18002359130952 522.0105336032592
-52.99999999999999 26.7945337938711 521.4181892121624
-52.99999999999999 27.10598491629077 519.7235805203932
-52.99999999999999 28.42595068925628 520.842101297903
-52.99999999999999 28.10619374060881 522.5346247360727
-52.99999999999999 29.71876364745336 521.9628101350212
-52.99999999999999 28.74070905664365 519.132549275334
-52.99999999999999 23.57021815971014 522.5973827715826
-52.99999999999999 21.97409265324581 523.1969889782921
-52.99999999999999 20.64727424422491 522.1493942549192
-52.99999999999999 23.28143103543209 524.2528553328332
-52.99999999999999 20.87168697684668 520.4673279431054
-52.99999999999999 19.00400777664078 522.7667464271375
-52.99999999999999 -99.3597058910195 427.6731651078991
-52.99999999999999 -95.83288234172811 430.4292712301392
-52.99999999999999 -91.71449345732617 428.7743141964561
-52.99999999999999 -99.9650486318389 432.0823711207199
-52.99999999999999 10.34665262087995 522.5142281354788
-52.99999999999999 -117.4030555182018 460.7283966899945
-52.99999999999999 41.61037399693071 469.0933245879871
-52.99999999999999 -3.843885750544687 535.986271576318
-52.99999999999999 -2.667885992069355 536.8225600657327
-52.99999999999999 -2.252548432503604 534.0633383040608
-52.99999999999999 -62.32421362730956 426.5618549773155
-52.99999999999999 76.10691559604007 392.354298386497
-52.99999999999999 -128.2909186407878 440.503664093798
-52.99999999999999 -128.3343014888873 445.2715595406788
-52.99999999999999 -124.4255908965396 447.7825009562645
-52.99999999999999 55.77658412097366 515.4674408648489
-52.99999999999999 16.30529090311614 502.5998229328109
-52.99999999999999 18.00338604369439 503.9836592034727
-52.99999999999999 15.97436497764244 504.7396777219541
-52.99999999999999 14.30184734643016 503.3855088769136
-52.99999999999999 4.637534302862995 532.9640562040612
-52.99999999999999 -8.910089180837108 387.6305785373114
-52.99999999999999 -12.89293705317049 389.1747139093885
-52.99999999999999 -9.573976772095408 391.8268118777249
-52.99999999999999 -16.2284172325194 386.5189411798974
-52.99999999999999 -13.57494794261101 488.3954548883493
-52.99999999999999 -11.55178241215527 489.9946661522577
-52.99999999999999 -9.171167243641108 489.0680986054704
-52.99999999999999 -15.99028621056349 489.3593287385578
-52.99999999999999 -8.71772591846916 486.4887224237341
-52.99999999999999 -6.762467664348075 488.161991404627
-52.99999999999999 -7.193281292171354 490.6713317510591
-52.99999999999999 -4.831878576866687 489.7850947722063
-52.99999999999999 -6.263918182464281 485.5598053643137
-52.99999999999999 -13.92684317572735 490.9199994011375
-52.99999999999999 -11.94937963153889 492.4848609803276
-52.99999999999999 58.76738223965393 499.5377611859626
-52.99999999999999 60.65443778821557 501.2672915521349
-52.99999999999999 -93.78215797209909 416.9432427878492
-52.99999999999999 -17.75031044710115 521.2605161429011
-52.99999999999999 31.35843827026214 457.9222551116792
-52.99999999999999 34.4114904030185 456.7402857819034
-52.99999999999999 7.914672809252621 505.6375656408273
-52.99999999999999 21.80222478002709 509.504804887083
-52.99999999999999 23.24648407590943 510.8838580807948
-52.99999999999999 22.81651222762169 512.8098755286981
-52.99999999999999 24.67894353901154 512.2146491106032
-52.99999999999999 20.91076737050011 332.7200612246186
-52.99999999999999 -128.0724894199538 425.655041509384
-52.99999999999999 -34.61195132800871 443.2320302107863
-52.99999999999999 -35.11482384297837 446.8399501623725
-52.99999999999999 50.813995052248 345.9020406357867
-52.99999999999999 -71.12258080080125 437.8171875171353
-52.99999999999999 20.33158406476977 444.2221425206121
-52.99999999999999 -43.88604305724581 403.6159610236867
-52.99999999999999 -40.53278444134803 406.2127283331019
-52.99999999999999 -36.62028487363484 404.6910480589194
-52.99999999999999 -35.9180390037016 400.4817669531107
-52.99999999999999 -32.69956707942641 403.1819327713105
-52.99999999999999 -28.75251426829351 401.6948820698753
-52.99999999999999 -29.45867414324071 405.8023563583011
-52.99999999999999 -25.5818589897503 404.3544222562397
-52.99999999999999 -26.27574074544102 408.4105827787156
-52.99999999999999 -22.44192276611046 406.9789977477924
-52.99999999999999 -30.10955975042628 409.8429106952459
-52.99999999999999 -21.7433133475964 402.952675375629
-52.99999999999999 -26.96076662807022 412.4240495258639
-52.99999999999999 -30.75510139664966 413.8416359356491
-52.99999999999999 -33.83048693399768 407.8553419742038
-52.99999999999999 -27.94487550367469 397.5897864910722
-52.99999999999999 55.80223243650575 364.8406567240597
-52.99999999999999 59.99098419267329 363.5621856743255
-52.99999999999999 -127.9499193269766 394.2485920391087
-52.99999999999999 -123.4529410795007 391.6421442226916
-52.99999999999999 -59.39403465749237 460.2275170433346
-52.99999999999999 -108.741777591049 405.5613336693089
-52.99999999999999 -126.8279172775576 467.7304456867004
-52.99999999999999 56.3611375452419 475.4028426414352
-52.99999999999999 117.3295057590999 403.7630879498408
-52.99999999999999 51.0497318617001 419.6386815319875
-52.99999999999999 53.9764129034913 422.0159871520095
-52.99999999999999 -14.97214454893854 427.9811118032759
-52.99999999999999 -21.51252290916848 496.1786141622651
-52.99999999999999 76.61274127463089 449.0069688290536
-52.99999999999999 73.24205829258646 450.2880738954051
-52.99999999999999 73.82405122982399 446.7445290228908
-52.99999999999999 10.0756046005819 495.619772065369
-52.99999999999999 11.92683194933966 497.0894245017154
-52.99999999999999 13.97087985372693 362.7832056611666
-52.99999999999999 115.1020124322319 264.3923660006289
-52.99999999999999 120.0374190022639 262.555161112229
-52.99999999999999 124.0935927610175 265.9183466832109
-52.99999999999999 62.27092242370873 370.2486327827518
-52.99999999999999 18.6220768897931 529.6401052817339
-52.99999999999999 4.543786806574229 419.8276594100479
-52.99999999999999 3.93942777334589 423.6128171700376
-52.99999999999999 7.499207345942958 422.2403645688688
-52.99999999999999 6.900284986764493 425.9897084732111
-52.99999999999999 9.925895890047293 428.30768786024
-52.99999999999999 13.44760336997899 427.0172823553849
-52.99999999999999 50.54782371265583 440.1451016583507
-52.99999999999999 50.00750318560572 443.6320768599163
-52.99999999999999 53.28472405324491 442.3545451310748
-52.99999999999999 52.74820256385669 445.8204727834539
-52.99999999999999 49.49395096322058 447.0856325329838
-52.99999999999999 52.20894161271019 449.2512652380969
-52.99999999999999 48.99010070017098 450.5019636382485
-52.99999999999999 51.67417852504732 452.6423900277244
-52.99999999999999 54.86589061046494 451.4079796478831
-52.99999999999999 55.52790145519648 447.9620151540238
-52.99999999999999 57.68689065664891 453.5502119848802
-52.99999999999999 58.22400736492905 416.9545942297398
-52.99999999999999 -42.75451418971068 496.793490836257
-52.99999999999999 51.37423460663017 521.636424092167
-52.99999999999999 14.5192155344124 529.7425917327849
-52.99999999999999 -10.20196256295824 439.7936693068101
-52.99999999999999 -7.341044544817304 441.994682470678
-52.99999999999999 -4.018395509205845 440.6803567159001
-52.99999999999999 3.763222175384842 483.2197752194895
-52.99999999999999 -86.32783007981618 491.1784382025203
-52.99999999999999 24.24984304711743 490.6677245771761
-52.99999999999999 68.93893772740384 329.1828408140038
-52.99999999999999 68.19404808467644 333.9734375834768
-52.99999999999999 71.89201334065392 337.044975919165
-52.99999999999999 67.40649426874653 338.683453366589
-52.99999999999999 71.05678007040932 341.7174784879051
-52.99999999999999 75.50376078931055 340.1014962437749
-52.99999999999999 64.45814401666152 330.9393322434341
-52.99999999999999 -62.66221846705544 486.9501639155476
-52.99999999999999 24.08042197844878 412.8849391694088
-52.99999999999999 27.10186269349575 415.333705064899
-52.99999999999999 -35.81238914926073 518.9189732352306
-52.99999999999999 -32.91654183507674 520.036016861798
-52.99999999999999 28.02877070343987 299.9911175481371
-52.99999999999999 23.40454828432451 301.7422113801279
-52.99999999999999 17.4623380283584 490.531356043938
-52.99999999999999 2.815534972229932 522.2393971201471
-52.99999999999999 31.45832826904292 410.091860800561
-52.99999999999999 34.49198320159372 412.550711653496
-52.99999999999999 38.12706566633545 411.1709779321413
-52.99999999999999 -93.8992336040218 555.5143320353429
-52.99999999999999 -108.3599779318004 448.4684551001541
-52.99999999999999 39.67882604594218 460.8421453026822
-52.99999999999999 86.11389793439015 353.9717121699124
-52.99999999999999 81.748915367622 355.5639763655822
-52.99999999999999 81.51929893487511 515.3662089305504
-52.99999999999999 -107.9943777174391 533.9004326348755
-52.99999999999999 -20.00388582852094 394.3288292550326
-52.99999999999999 -16.05304330356431 392.8253465408336
-52.99999999999999 -20.71456424431693 398.4780626959372
-52.99999999999999 -16.73529392756426 396.9752736584218
-52.99999999999999 75.4765453452454 476.4225647595238
-52.99999999999999 72.77068143066279 474.2443346561786
-52.99999999999999 73.25369337701198 470.8254645423029
-52.99999999999999 76.45641237047084 469.4997270784277
-52.99999999999999 70.92652185774013 468.2130023274719
-52.99999999999999 80.32235196459482 338.5579304624812
-52.99999999999999 -109.0398730387207 453.0082004750796
-52.99999999999999 100.9659626844953 397.9340043309193
-52.99999999999999 -23.514287068112 505.9037622251178
-52.99999999999999 -28.73321973981346 483.548696196537
-52.99999999999999 -105.9094364292908 515.6021593196857
-52.99999999999999 -61.8208576431695 516.7199761653022
-52.99999999999999 -32.1759934119483 509.297292522503
-52.99999999999999 -123.6307544267782 539.7170392831865
-52.99999999999999 16.78812992420457 478.3290193544966
-52.99999999999999 14.2769752936403 479.4934822622835
-52.99999999999999 13.52033227806207 482.1296694513514
-52.99999999999999 -50.04504790675546 532.0915947249665
-52.99999999999999 -80.58634523439184 534.5238040163625
-52.99999999999999 13.78153655705282 505.4595348847431
-52.99999999999999 15.36532977713147 506.8133390033482
-52.99999999999999 -129.3186248122456 504.750187590415
-52.99999999999999 -31.76787708602177 445.4674429823388
-52.99999999999999 33.77929889019218 496.3055858335323
-52.99999999999999 35.6513058679196 497.8891922634492
-52.99999999999999 66.71110265696412 497.0298441726365
-52.99999999999999 66.08030229824003 499.7493690825004
-52.99999999999999 63.4746372683953 500.5946936651803
-52.99999999999999 65.49188842882563 502.3741862850035
-52.99999999999999 62.97934357706034 503.1892983498538
-52.99999999999999 -36.94946641318977 376.2193544116465
-52.99999999999999 -37.7124794604595 380.6802755084464
-52.99999999999999 -33.50705721497762 379.103872165748
-52.99999999999999 -41.90963325250481 382.2811465827109
-52.99999999999999 -38.43529639865332 385.0876699173891
-52.99999999999999 -45.41262477650224 379.4779616408285
-52.99999999999999 -32.70459813458051 374.6170639249037
-52.99999999999999 -29.96263379017516 382.0110963028743
-52.99999999999999 -28.40716236093859 373.0066225646788
-52.99999999999999 101.1718825316382 361.3662434628379
-52.99999999999999 -105.5565450341471 532.5307017210379
-52.99999999999999 12.67583982639798 511.5326831470005
-52.99999999999999 -72.50327817165729 419.0302170805377
-52.99999999999999 -45.96833185528256 542.712579236165
-52.99999999999999 21.1436337778378 328.0239113666068
-52.99999999999999 -70.15486751938346 481.0830184862454
-52.99999999999999 5.678707592384011 455.7798553022126
-52.99999999999999 55.50468412594252 519.4860456571405
-52.99999999999999 -16.02354440109618 420.6498417843849
-52.99999999999999 6.758775858836812 343.0398301788664
-52.99999999999999 5.982183317786406 347.6324088831001
-52.99999999999999 -37.74989770965551 538.8610109435702
-52.99999999999999 38.85254755685041 407.2876008764111
-52.99999999999999 79.54299113136994 343.2687228978892
-52.99999999999999 -93.84741279089413 449.9458866800009
-52.99999999999999 24.28165268387603 529.0416734023595
-52.99999999999999 -72.74505059595623 291.4929312215615
-52.99999999999999 -73.5174044875328 296.6045366889232
-52.99999999999999 -68.71631467635063 294.715818915991
-52.99999999999999 -69.48586656987599 299.8061354699079
-52.99999999999999 -74.26613894436407 301.6864719450079
-52.99999999999999 -65.3282789236666 302.8919770923253
-52.99999999999999 28.15029785858301 468.4206866058505
-52.99999999999999 69.42241822703967 355.786295841877
-52.99999999999999 30.74986364480451 518.4566863868843
-52.99999999999999 10.41829590394861 384.1153840460897
-52.99999999999999 13.69557267985256 386.7936277950545
-52.99999999999999 -74.71403775389261 378.0100440257967
-52.99999999999999 44.82547659739365 464.9074562680177
-52.99999999999999 -6.71409983866228 406.1021979198667
-52.99999999999999 34.85472553243494 311.1065344640178
-52.99999999999999 29.95409718700328 528.500891191764
-52.99999999999999 48.49797458561242 453.8722053227906
-52.99999999999999 77.17301970256793 445.4664742383301
-52.99999999999999 74.44983364905846 443.101289800004
-52.99999999999999 60.53199631548654 503.7825341741741
-52.99999999999999 62.26835158992296 505.6009436511393
-52.99999999999999 -99.497053011395 553.3248149650934
-52.99999999999999 -10.04474814023279 345.139421920308
-52.99999999999999 -7.095752122869895 348.9251877547969
-52.99999999999999 -2.480972930543997 347.2109282178054
-52.99999999999999 -3.390982752953574 351.8297982388923
-52.99999999999999 -7.710297177886103 353.5240098150008
-52.99999999999999 -20.4911199552449 353.3506034126308
-52.99999999999999 -16.88479022835981 356.2873119422494
-52.99999999999999 -103.5151607729076 562.1911340741444
-52.99999999999999 -73.37669349709833 345.8555573400413
-52.99999999999999 -83.46979631529537 354.3023575217485
-52.99999999999999 -127.201040344943 540.9967114430382
-52.99999999999999 58.17519179689643 351.7086383139642
-52.99999999999999 -14.91375870934175 532.2198825578052
-52.99999999999999 23.23618390739506 483.5721291565151
-52.99999999999999 65.80090164163111 486.443745263641
-52.99999999999999 -77.88697969235066 454.409539673135
-52.99999999999999 -122.7271569731512 437.8211730181348
-52.99999999999999 -18.71256738359419 478.036810175235
-52.99999999999999 -82.0586690553079 479.9747161329249
-52.99999999999999 -20.66604340865889 331.6866259334314
-52.99999999999999 -93.09337978587601 412.3285691508792
-52.99999999999999 10.46557305140852 529.8897472552474
-52.99999999999999 38.71143103958578 346.3378256098374
-52.99999999999999 35.11540592625106 343.4995032747145
-52.99999999999999 -125.0325616252573 478.1384717838711
-52.99999999999999 -70.73892316826974 533.9311645583007
-52.99999999999999 81.32161185614964 360.0829247269862
-52.99999999999999 50.64810265430781 296.1067665665507
-52.99999999999999 -107.9373318140826 400.5587301420197
-52.99999999999999 26.49688308286476 523.0966171402199
-52.99999999999999 -23.89890200358419 535.786040199854
-52.99999999999999 -23.12396554650633 534.6442677569629
-52.99999999999999 -31.56915327185246 344.442849798325
-52.99999999999999 -27.88398625364112 347.4500901243012
-52.99999999999999 -7.7973116697715 331.0730425109172
-52.99999999999999 -81.09295245472845 540.4767531610189
-52.99999999999999 -98.96676205532508 500.1314754442723
-52.99999999999999 58.31610109522602 396.4039846100081
-52.99999999999999 61.33950327284495 398.9873556100941
-52.99999999999999 -104.0212282476429 479.9030968921992
-52.99999999999999 -97.68652262750501 480.7599336134972
-52.99999999999999 45.03072868559453 302.7957916706497
-52.99999999999999 44.15899249839667 307.6918019271772
-52.99999999999999 2.856745487714023 318.0628729582192
-52.99999999999999 6.557630512782325 321.1844785918985
-52.99999999999999 7.403360294746135 316.4271721674103
-52.99999999999999 89.10950768712726 491.9654477863821
-52.99999999999999 58.99716883570574 526.3594873685662
-52.99999999999999 57.53203278844953 527.0833501558247
-52.99999999999999 72.55293834676627 309.947885029043
-52.99999999999999 -74.6534994678202 488.5453565188784
-52.99999999999999 -86.17851379585213 544.6451835283492
-52.99999999999999 -58.03374596512118 543.2083621422657
-52.99999999999999 -114.0372677453816 516.6655472672799
-52.99999999999999 -28.8322170412537 330.2661878101069
-52.99999999999999 -107.4013098686541 423.3644990234564
-52.99999999999999 -12.40005037718188 419.2238658997412
-52.99999999999999 102.8945052060006 426.844740040188
-52.99999999999999 2.000253753912354 515.804639214624
-52.99999999999999 73.33463238949687 509.7813263898921
-52.99999999999999 -79.70412203537627 357.4895072893222
-52.99999999999999 4.752438291052405 369.1215754017987
-52.99999999999999 -104.9332443341646 562.747482118825
-52.99999999999999 110.7118280594271 331.0394969374725
-52.99999999999999 -81.81505818598841 438.5904982338749
-52.99999999999999 61.53510181102343 284.5225189433738
-52.99999999999999 -57.1954187690575 309.1519964904078
-52.99999999999999 -53.24438980058704 312.3000585466878
-52.99999999999999 -73.19066361513383 519.428931445634
-52.99999999999999 -92.2648180883986 554.2746015440938
-52.99999999999999 23.80202242178882 296.6534358928859
-52.99999999999999 63.26783445635568 484.391565100612
-52.99999999999999 64.91848895610927 489.3449929419571
-52.99999999999999 -17.22666326029857 528.9030859091639
-52.99999999999999 75.07158100230927 439.5633331536937
-52.99999999999999 -42.2186206823155 298.5895501133017
-52.99999999999999 -42.99526628310301 303.6113245326621
-52.99999999999999 -0.2345599014440187 537.5501569125096
-52.99999999999999 -51.92497867493829 406.7717665680581
-52.99999999999999 -100.5039282902332 323.319437083105
-52.99999999999999 -89.04595499294423 527.1415067301184
-52.99999999999999 76.46652239960964 335.3806258388854
-52.99999999999999 -12.99295976013817 423.0339965864587
-52.99999999999999 38.0293284608822 291.3971711823107
-52.99999999999999 33.34977231849615 293.2762451853903
-52.99999999999999 29.58709513713315 532.9589525388533
-52.99999999999999 78.3320475591553 292.486384793332
-52.99999999999999 -25.98375155451838 449.6406042392186
-52.99999999999999 -95.25759391878597 400.0199351420076
-52.99999999999999 -36.02442841423336 346.1419420965996
-52.99999999999999 33.76734194321105 394.3327714618186
-52.99999999999999 7.510972470715101 511.7784581157822
-52.99999999999999 49.46356387043571 274.7161866500233
-52.99999999999999 53.49278531129085 277.9943945165276
-52.99999999999999 -86.60171970963272 551.3283428063958
-52.99999999999999 61.14462101115209 419.3199018561795
-52.99999999999999 1.202199853243192 395.311346491808
-52.99999999999999 102.7004376379031 283.5723582431597
-52.99999999999999 98.66972227242522 280.2535781182546
-52.99999999999999 -94.43518559340508 453.9591653367956
-52.99999999999999 24.70173811107434 382.5116788134599
-52.99999999999999 13.08814348383044 535.9944862633506
-52.99999999999999 122.2262021173137 367.5537556671135
-52.99999999999999 -15.59928175460515 500.4102901937569
-52.99999999999999 -71.96075989170295 286.3667108078237
-52.99999999999999 -85.12470158248765 364.0883365486735
-52.99999999999999 77.73011751573981 419.8222112596815
-52.99999999999999 -17.08922635978861 307.5104739263882
-52.99999999999999 -17.8617353579382 312.4184944402081
-52.99999999999999 -13.9611324350619 315.482604955841
-52.99999999999999 69.51342192248997 435.0385615431925
-52.99999999999999 66.16515930130083 436.3161911133091
-52.99999999999999 63.38688481519589 434.0616446782324
-52.99999999999999 68.96401465448149 438.5656360441441
-52.99999999999999 69.25343161223289 442.1137273374779
-52.99999999999999 63.2720868626658 438.3881643137057
-52.99999999999999 63.94016034768587 430.5182126213832
-52.99999999999999 50.02376551633636 350.4093071352156
-52.99999999999999 84.5358543952041 439.2489875642999
-52.99999999999999 -23.8379884396087 259.0829997626294
-52.99999999999999 -29.12830033680583 259.0912422334063
-52.99999999999999 34.4441214618166 259.0865406642733
-52.99999999999999 41.07761693211133 472.156526500953
-52.99999999999999 43.39136288589345 474.2210122295788
-52.99999999999999 40.47064183437303 475.1655795166647
-52.99999999999999 42.72914426591309 477.1612511984607
-52.99999999999999 -2.526565895581199 452.8616299401078
-52.99999999999999 2.423110093104944 537.0225051099549
-52.99999999999999 -47.30994671623743 523.8745884883791
-52.99999999999999 -19.22550737543698 504.3678126233882
-52.99999999999999 98.79766208006409 438.0385777249447
-52.99999999999999 -9.379461593954552 313.7057086404285
-52.99999999999999 59.11844740647648 465.6442063610555
-52.99999999999999 -96.52542349290896 326.5595368205038
-52.99999999999999 -16.0627669593626 504.8487232452408
-52.99999999999999 43.8817956360547 324.7510538978721
-52.99999999999999 79.18795470049501 515.9892366196092
-52.99999999999999 -127.9319716064459 357.3567444852415
-52.99999999999999 -123.3850265607206 359.9940969079327
-52.99999999999999 -127.9322197123951 352.0816099077057
-52.99999999999999 60.945067614819 259.0870869260143
-52.99999999999999 -3.377492315137456 533.1743986242883
-52.99999999999999 -86.10105378089864 317.8898537616827
-52.99999999999999 -81.32276665944845 316.1214113534982
-52.99999999999999 -90.04916731391459 314.6134459683835
-52.99999999999999 47.69269458519041 396.614877458025
-52.99999999999999 -53.82371336410712 440.709340273926
-52.99999999999999 -113.9331854950981 480.83545937797
-52.99999999999999 -114.2847703704624 484.6054705918473
-52.99999999999999 -50.59700073018729 475.5277286756065
-52.99999999999999 127.2916266668023 325.287622569763
-52.99999999999999 122.7784245843777 322.6238740316512
-52.99999999999999 122.8324097975195 317.3983219931781
-52.99999999999999 127.3763804719027 314.817461502575
-52.99999999999999 122.8648936946616 312.1300930310622
-52.99999999999999 -44.5565971627673 407.7570173284651
-52.99999999999999 71.55219436952011 259.0886677203064
-52.99999999999999 68.90219213822402 263.671797954744
-52.99999999999999 74.20000094636468 263.673378748774
-52.99999999999999 71.54973563834595 268.2334664850212
-52.99999999999999 -69.63831732648848 349.0620113547252
-52.99999999999999 -14.49437925195798 472.1370352600417
-52.99999999999999 91.78538366366551 320.5236753830974
-52.99999999999999 127.1916120289921 335.7836782558892
-52.99999999999999 -69.53531790826474 538.7064590337915
-52.99999999999999 -56.55708549668886 275.5102018751784
-52.99999999999999 34.90394163521327 327.999199856913
-52.99999999999999 38.53229112351838 331.0466337829712
-52.99999999999999 82.14780563077946 259.0886677203064
-52.99999999999999 -119.2527312168856 259.0883577712142
-52.99999999999999 -121.9000009059372 263.6736718189068
-52.99999999999999 -127.1910802261533 263.6747156273166
-52.99999999999999 -124.5446377096151 268.2507855007551
-52.99999999999999 -116.6081436421054 263.6720148924973
-52.99999999999999 -84.9426422555552 281.783201633181
-52.99999999999999 -61.98682846374356 355.065825967403
-52.99999999999999 -75.9668127747258 405.6282024447331
-52.99999999999999 92.75165502512176 259.088979110902
-52.99999999999999 95.40000045891294 263.6754140917395
-52.99999999999999 23.86965372932925 259.0785875543112
-52.99999999999999 74.99276174602826 479.7798804427625
-52.99999999999999 -39.75114628354228 259.0892728327862
-52.99999999999999 -108.6511755139918 259.089255956661
-52.99999999999999 93.39710024657624 310.5333154096903
-52.99999999999999 -98.0492452433772 259.0894988812265
-52.99999999999999 -76.84942716713812 259.0896039149843
-52.99999999999999 -74.1999999464519 263.6783533248923
-52.99999999999999 -66.24999999976255 260.7633712791688
-52.99999999999999 -79.49174701797541 263.674442861618
-52.99999999999999 36.29080088979259 364.9049839914961
-52.99999999999999 35.65970152670634 369.1991344853417
-52.99999999999999 32.26590417172525 366.5069068140762
-52.99999999999999 -50.34885371589476 259.0892728327863
-52.99999999999999 -55.64461290477027 259.0881466015672
-52.99999999999999 45.50914114466631 432.1338374990443
-52.99999999999999 -127.9320003869116 341.5325800997913
-52.99999999999999 49.226727087561 407.0126339957017
-52.99999999999999 -127.9319716064296 330.9832202582729
-52.99999999999999 127.4875383328504 304.3024985234455
-52.99999999999999 113.1549901296501 396.7311585077248
-52.99999999999999 17.89900876985725 272.292845481577
-52.99999999999999 17.09155488110328 277.3950834391743
-52.99999999999999 13.08685157602662 274.1463090045139
-52.99999999999999 21.09295954637285 280.6361636221581
-52.99999999999999 16.29888679593027 282.4642902684797
-52.99999999999999 -127.9319716064237 315.1591057220853
-52.99999999999999 -123.3625099835469 312.5217532993835
-52.99999999999999 -123.3674931603446 317.7903071367447
-52.99999999999999 -127.9319716064296 304.6096960312919
-52.99999999999999 -54.79772567413288 361.4319806198436
-52.99999999999999 -127.9319716064296 294.0602863404943
-52.99999999999999 -127.9319716064273 288.7855814951006
-52.99999999999999 -40.3701499155355 321.1487804740583
-52.99999999999999 -41.06871658553726 326.0267074094897
-52.99999999999999 9.775047568412733 388.2467739383806
-52.99999999999999 -127.9319716064171 278.2361718042932
-52.99999999999999 -123.3600909457959 275.5988193815916
-52.99999999999999 -44.35852297098169 489.8032590064646
-52.99999999999999 127.586177448668 293.8087666608212
-52.99999999999999 123.0624085623581 291.1425793158787
-52.99999999999999 -30.76124593306881 531.7579916109989
-52.99999999999999 -50.6688178989916 494.9226495198247
-52.99999999999999 116.4999070284643 283.2450156876241
-52.99999999999999 68.82500356150787 498.843414201557
-52.99999999999999 -82.54088284998656 483.3029324071845
-52.99999999999999 -98.39798492909999 540.7336923557496
-52.99999999999999 40.07111303887776 513.4042856971214
-52.99999999999999 73.04553571543067 515.9209911008044
-52.99999999999999 -66.85474971477841 432.205477128076
-52.99999999999999 11.0773531087775 319.5341439415533
-52.99999999999999 10.59124636013336 324.3126755160306
-52.99999999999999 -20.34814516596543 453.8248944440975
-52.99999999999999 -76.75940116410648 527.8307578361652
-52.99999999999999 -8.412949865205574 276.0045849686869
-52.99999999999999 -9.18348021600945 281.0889321561486
-52.99999999999999 110.85062101694 411.283785546102
-52.99999999999999 110.3172769898335 414.0948097122279
-52.99999999999999 108.5990916012554 300.1123176105096
-52.99999999999999 -55.21805903364029 491.7582994357578
-52.99999999999999 -117.5252616125715 274.1622057900354
-52.99999999999999 -19.17551873857791 533.9827515756234
-52.99999999999999 -32.6582540985888 327.2370433593497
-52.99999999999999 26.81636143543661 441.8059204318978
-52.99999999999999 -104.7684771838259 408.2635298297893
-52.99999999999999 -130.7331625447363 571.2472526030026
-52.99999999999999 -40.15470383405466 458.7394687516137
-52.99999999999999 -43.31547927197364 460.1204222358169
-52.99999999999999 -97.03933035467924 547.9579720942776
-52.99999999999999 -98.62972587863995 548.9223500683319
-52.99999999999999 79.57368143458332 487.3387133967797
-52.99999999999999 90.993827324652 325.43786897057
-52.99999999999999 87.12226983485274 322.2934088217487
-52.99999999999999 104.7892346056193 408.3962987750068
-52.99999999999999 110.8215864471224 313.5645023046494
-52.99999999999999 -96.50369637299681 434.743501520988
-52.99999999999999 -8.900610737981467 520.6780162916347
-52.99999999999999 120.5170093722261 286.5823396738854
-52.99999999999999 -49.79718729897842 504.5912988923906
-52.99999999999999 109.9036836029944 336.0029713803007
-52.99999999999999 61.4869313889568 534.7980063718314
-52.99999999999999 -108.9707401048362 349.6379839814222
-52.99999999999999 -105.0056016755822 352.8895810354943
-52.99999999999999 -105.8334025886369 357.932485335133
-52.99999999999999 -101.918171034196 361.18327352081
-52.99999999999999 -102.7653042257133 366.1381614332881
-52.99999999999999 105.4272787558645 390.0458078377081
-52.99999999999999 -76.47163101251286 541.836615193083
-52.99999999999999 109.3268557214914 271.4166827469064
-52.99999999999999 -64.50092952795679 550.8814429897724
-52.99999999999999 -102.8404826859914 309.8636865644305
-52.99999999999999 -58.27329835045586 384.3884772133654
-52.99999999999999 -61.48795007139166 277.4108411448017
-52.99999999999999 -110.1782601375789 285.9605470007196
-52.99999999999999 -42.10260844241892 357.2103427123466
-52.99999999999999 101.1969488207718 413.1937074767232
-52.99999999999999 -102.9010112251389 297.6747177172254
-52.99999999999999 -78.5921435002402 496.488977796977
-52.99999999999999 -76.72274760678881 501.3240559536876
-52.99999999999999 -66.94633784849604 504.7578306118558
-52.99999999999999 42.09844626670998 514.1335358442012
-52.99999999999999 -97.18265406279356 476.7547323528223
-52.99999999999999 -94.35784957293014 482.4381047511471
-52.99999999999999 0.1684993849165646 516.4995476442161
-52.99999999999999 -34.74159902169591 362.9779183429537
-52.99999999999999 -97.38234712504527 331.5871335267933
-52.99999999999999 -44.6270589986776 285.2697160063493
-52.99999999999999 -37.07077168490154 489.4057673159088
-52.99999999999999 -110.9874362892043 332.0792937637743
-52.99999999999999 -84.57878392065538 545.6597447186798
-52.99999999999999 -73.98744430738638 505.4011445080658
-52.99999999999999 -117.6502103453145 436.1218852795435
-52.99999999999999 -96.38762002047901 285.5558426634172
-52.99999999999999 6.52713077774491 490.1781904079789
-52.99999999999999 -103.633173589662 273.7564794092519
-52.99999999999999 79.56777799001485 431.2636387666928
-52.99999999999999 80.14267406716137 427.7464839902079
-52.99999999999999 15.47070900979922 401.5073709903872
-52.99999999999999 -99.83998574636158 346.7125181345534
-52.99999999999999 74.25725399871796 381.7778846327404
-52.99999999999999 26.09945423870233 397.1851395896647
-52.99999999999999 -16.33751657405911 522.2918095172876
-52.99999999999999 61.25035555308281 498.7228685248284
-52.99999999999999 -83.18595666501861 509.6428927109133
-52.99999999999999 -113.3694900351321 318.6225367607769
-52.99999999999999 -26.61306631179774 521.9480475622004
-52.99999999999999 19.1343277681762 298.3538665903457
-52.99999999999999 76.02293457727895 279.0442365750754
-52.99999999999999 -50.7301111816099 442.9499931856176
-52.99999999999999 -65.96865995337576 535.3877545451843
-52.99999999999999 -71.01779253783556 323.2982204617109
-52.99999999999999 -82.48492848506164 526.1809846030166
-52.99999999999999 -53.79951304212818 419.2721394018283
-52.99999999999999 30.09430093922448 445.909786138233
-52.99999999999999 -73.57905930504114 499.8749264585991
-52.99999999999999 -113.5363233949013 497.3824047836261
-52.99999999999999 -56.99333543236724 375.3235457565148
-52.99999999999999 -68.79135367828182 460.9241089096993
-52.99999999999999 -83.71172655359879 492.9756548216723
-52.99999999999999 -22.64574613623427 487.1581943754352
-52.99999999999999 -92.14450321728795 547.3193657206693
-52.99999999999999 -72.37517535575283 363.8564906982787
-52.99999999999999 -54.9280643040817 294.0520605788741
-52.99999999999999 122.3037929185402 299.8016042138242
-52.99999999999999 -110.3152424447965 415.32400377531
-52.99999999999999 38.9788763291289 384.7887282956923
-52.99999999999999 -85.75859559488033 341.3426151068074
-52.99999999999999 52.83823930282991 387.2535217175923
-52.99999999999999 54.03530968999431 353.3645292111334
-52.99999999999999 -122.6178530065938 350.0126391249941
-52.99999999999999 -58.97375430675481 290.8461976970403
-52.99999999999999 -22.81138451273855 318.8972438814239
-52.99999999999999 -38.76795749040463 448.3810048545367
-52.99999999999999 6.243951045729554 504.3804929335388
-52.99999999999999 -89.25022321133389 492.5369813316968
-52.99999999999999 43.93650582031697 422.264928340585
-52.99999999999999 48.44149183292414 282.8535697974632
-52.99999999999999 21.07588268141022 534.3854435577814
-52.99999999999999 20.17409304445717 533.3388069306895
-52.99999999999999 86.57251500850553 270.252780037283
-52.99999999999999 -63.23769517884291 329.5251046310037
-52.99999999999999 -74.46769892641507 272.7854922062971
-52.99999999999999 -34.10289222473457 383.4445544694058
-52.99999999999999 50.80561415113361 308.6737012194064
-52.99999999999999 -123.3871192243443 280.8735242269975
-52.99999999999999 11.17667439761558 525.2173855732259
-52.99999999999999 63.4524716524491 526.3698058383479
-52.99999999999999 34.0137139087652 332.5747223491276
-52.99999999999999 -98.72800250925977 271.8954879949183
-52.99999999999999 -80.73800360308945 389.1136119109111
-52.99999999999999 85.1454865763092 455.9309303076676
-52.99999999999999 -56.29755616922321 340.4954132992856
-52.99999999999999 15.74924951557277 535.4507701909392
-52.99999999999999 -46.86488090638551 498.624112336974
-52.99999999999999 -46.65740820367532 467.8824091688954
-52.99999999999999 -43.56118631780203 466.7000981171798
-52.99999999999999 -50.14616438917268 509.4209239795823
-52.99999999999999 88.84120068251229 283.7850749166499
-52.99999999999999 52.51416167877512 485.8258856005907
-52.99999999999999 52.12798021755525 488.6953963079303
-52.99999999999999 -64.73229558674666 311.6155395792728
-52.99999999999999 30.77610722089884 276.9275358429299
-52.99999999999999 -3.362309376072461 329.3580787272797
-52.99999999999999 20.91979928018241 468.7663432795511
-52.99999999999999 73.49077425319778 489.3822662097825
-52.99999999999999 -57.24641513735956 392.6416485281563
-52.99999999999999 44.35163601670553 335.5295050461626
-52.99999999999999 -91.28513821478099 480.7835948954205
-52.99999999999999 -42.96619947088809 501.7759728621025
-52.99999999999999 33.04882964508464 498.7732323197749
-52.99999999999999 58.90941201595228 446.6549602031789
-52.99999999999999 -68.71321028260252 517.4901106910635
-52.99999999999999 -100.7778199668604 263.6750850917862
-52.99999999999999 -57.02363032148894 317.984087919001
-52.99999999999999 -50.22579047385766 329.1550645488098
-52.99999999999999 -115.0608447283816 287.8318117316486
-52.99999999999999 80.54847475677263 422.0561123593973
-52.99999999999999 77.18804341005489 423.4009213076059
-52.99999999999999 103.8002080339653 301.9541966413011
-52.99999999999999 -11.98492462311557 536.8467500904463
-52.99999999999999 32.64496433806747 298.2442852929823
-52.99999999999999 36.72464857782712 523.2662439292039
-52.99999999999999 -48.71404277945086 346.5287469460986
-52.99999999999999 -68.38003567311459 417.3371931246132
-52.99999999999999 103.4805151639231 368.8497021946818
-52.99999999999999 -33.75019842139513 331.9492784462343
-52.99999999999999 126.827903983381 397.7679514497619
-52.99999999999999 -41.58792074686459 264.8098835224064
-52.99999999999999 -29.52863985232175 274.6789842520921
-52.99999999999999 24.71697919639892 314.2198826943531
-52.99999999999999 -7.447605071627144 410.0027284139442
-52.99999999999999 -35.87338593663131 286.6700952534957
-52.99999999999999 110.2012407823447 266.2343364897422
-52.99999999999999 64.04309958558358 269.2104038821912
-52.99999999999999 -6.301568526116429 468.9562848395247
-52.99999999999999 -42.74598621644261 335.3470585473258
-52.99999999999999 0.6199998813277792 305.3245632542644
-52.99999999999999 6.719644950536909 293.8023192937747
-52.99999999999999 -17.97909048981061 515.8594599362469
-52.99999999999999 61.7387448871489 295.3516900751629
-52.99999999999999 -10.86469430816954 465.1513182045029
-52.99999999999999 54.31719458250345 454.7327392532658
-52.99999999999999 83.25112060313343 367.2257150673453
-52.99999999999999 -95.87290327213837 349.8202171437593
-52.99999999999999 -19.36928613210344 294.4767508738647
-52.99999999999999 -66.97477625210537 547.4590742731099
-52.99999999999999 -17.40502771811551 406.4576470123516
-52.99999999999999 3.303711022310932 405.7665524660405
-52.99999999999999 -30.4120862662217 312.7134934163804
-52.99999999999999 67.5892168644576 449.7536624709311
-52.99999999999999 63.87586941958358 308.3721635541302
-52.99999999999999 -114.9839459337423 566.5557130551075
-52.99999999999999 -25.36378260479923 355.1246364418217
-52.99999999999999 -43.29679846747942 522.6801468946439
-52.99999999999999 5.150194712405877 275.6286876367811
-52.99999999999999 -6.992403173073734 299.0471455882583
-52.99999999999999 -118.8492730775321 320.3761309960381
-52.99999999999999 -10.02405091790023 318.4979640474285
-52.99999999999999 -84.18312671378968 331.4739280352548
-52.99999999999999 -110.2612604442355 535.1026393791377
-52.99999999999999 -4.290102867516458 444.1358834611955
-52.99999999999999 -20.2540025018829 528.5731902195234
-52.99999999999999 -13.70903174506021 522.6556560724001
-52.99999999999999 75.2906476392712 345.0936079848691
-52.99999999999999 -4.183378264436417 334.1595747354676
-52.99999999999999 -54.9381298326879 540.157054707047
-52.99999999999999 8.674603532852826 523.101951487878
-52.99999999999999 18.41256609848068 534.9181068743658
-52.99999999999999 58.95139933694834 477.3877184484811
-52.99999999999999 5.207100452075733 303.5831926250747
-52.99999999999999 105.9534737985471 315.2558704497601
-52.99999999999999 92.7817720967611 287.0771735286173
-52.99999999999999 -63.72659426597612 292.729315667546
-52.99999999999999 25.80021392946172 518.5408527368439
-52.99999999999999 104.1881100247981 325.1758011982021
-52.99999999999999 -113.7698250065576 379.8270522712859
-52.99999999999999 32.85649219123152 448.0563016670158
-52.99999999999999 -108.9838144015766 377.9407423526647
-52.99999999999999 49.08348721897787 488.3333043358252
-52.99999999999999 89.63882522061891 372.9485917923192
-52.99999999999999 57.55129103885519 456.8934033463829
-52.99999999999999 -76.40251449293078 549.8651401951366
-52.99999999999999 -81.44585967465315 367.2443861784481
-52.99999999999999 68.60869009798922 306.6420338843339
-52.99999999999999 -49.93493373659788 539.9769071615659
-52.99999999999999 36.31736136854656 524.8954449105647
-52.99999999999999 76.81763966105967 429.0085530932979
-52.99999999999999 -80.53927823204387 362.2729578614358
-52.99999999999999 -39.94338801280982 434.988180169558
-52.99999999999999 -96.38014695747924 381.9146102803884
-52.99999999999999 28.36032213989272 317.2951861766489
-52.99999999999999 -117.8492912934356 548.9582201993177
-52.99999999999999 -119.9227689270352 550.2526750393023
-52.99999999999999 -122.090655061137 549.0957354386455
-52.99999999999999 85.68537923133162 452.2798807497806
-52.99999999999999 -86.19383062845577 516.1151443652674
-52.99999999999999 89.87625131748948 357.034069544953
-52.99999999999999 37.02376193105584 396.935449056886
-52.99999999999999 -78.004426263149 471.7005424592792
-52.99999999999999 -116.1666668462231 366.6338019704337
-52.99999999999999 -37.90787718298769 409.343255142518
-52.99999999999999 1.260089868742262 524.5972295718175
-52.99999999999999 17.28931337259852 308.0886965427775
-52.99999999999999 71.28033808533378 424.385876839044
-52.99999999999999 -18.08953368300676 360.6816418187446
-52.99999999999999 29.62064042205416 399.814982629368
-52.99999999999999 40.88789942508058 435.2022755528234
-52.99999999999999 22.24934189132833 402.6473440170635
-52.99999999999999 -110.4180576455734 387.7807135144905
-52.99999999999999 4.459277903395405 462.0825179272895
-52.99999999999999 28.05632764358466 385.0998816526397
-52.99999999999999 -75.62312941947198 332.9190846961598
-52.99999999999999 51.40651428529424 459.3336158968702
-52.99999999999999 -119.9523318360189 289.7096018715916
-52.99999999999999 15.01132351770597 453.698051734314
-52.99999999999999 60.609278732029 431.8130355233065
-52.99999999999999 -2.707818241821216 422.5279394277077
-52.99999999999999 42.07758086661862 387.4665110642623
-52.99999999999999 -6.279232210127022 457.3069293980777
-52.99999999999999 -117.9635768424177 566.6074196362273
-52.99999999999999 2.261475611353581 490.8839778743199
-52.99999999999999 -16.25648620917535 445.7234633310227
-52.99999999999999 -24.88180484113406 400.3148386773631
-52.99999999999999 -6.929133749812573 374.8596219350389
-52.99999999999999 22.67180311772303 306.5612281731052
-52.99999999999999 83.33316819048724 516.9277091368589
-52.99999999999999 -119.3120602271682 386.8024499981602
-52.99999999999999 -74.42922017721568 327.5665633904798
-52.99999999999999 -89.31438006806725 549.4514302592332
-52.99999999999999 -90.78236746066811 307.3730931380497
-52.99999999999999 39.47486394841457 533.2837202004584
-52.99999999999999 31.02831042111654 439.0726717750847
-52.99999999999999 72.02499001433866 275.7944153574732
-52.99999999999999 -64.18003003382904 386.9599438140458
-52.99999999999999 -63.33173189484687 382.4402049535498
-52.99999999999999 -66.85156706224674 379.4488433892674
-52.99999999999999 -87.37922855942853 378.4730918560998
-52.99999999999999 -47.60145988408284 367.484969645476
-52.99999999999999 -87.26640230018535 401.5142889462001
-52.99999999999999 86.46370379629835 327.2575823851936
-52.99999999999999 7.637683170201726 530.4995524908304
-52.99999999999999 -43.42669528168123 524.5668521289216
-52.99999999999999 -17.93240065411593 410.4235967729547
-52.99999999999999 -18.1076590348343 522.9696828013909
-52.99999999999999 -29.52713239398182 536.3060465728747
-52.99999999999999 22.05448174473867 433.8431871740977
-52.99999999999999 33.23491261875608 375.3893850243198
-52.99999999999999 14.08942323899905 512.8114085305824
-52.99999999999999 -47.26249702518203 490.8557535487737
-52.99999999999999 -107.5804971858175 501.0681395709564
-52.99999999999999 -19.97487437185929 535.9467500904445
-52.99999999999999 18.32209309999374 516.3852478845729
-52.99999999999999 4.52128820396131 397.8408875293447
-52.99999999999999 5.890153331719994 494.0061357671237
-52.99999999999999 -42.77910837646692 386.5836898579242
-52.99999999999999 26.72813920271631 369.9574467952263
-52.99999999999999 -52.62626283107617 278.8215952698683
-52.99999999999999 -5.720909379072141 431.2209359251843
-52.99999999999999 63.60764042818447 404.2703176975868
-52.99999999999999 4.46233384566323 374.5097434524757
-52.99999999999999 -45.49033000908027 412.2996971521294
-52.99999999999999 52.89289670492822 467.7484200404392
-52.99999999999999 -113.5992966808498 477.038929918306
-52.99999999999999 -30.05376573582449 525.1410988250168
-52.99999999999999 2.763622334374459 409.6699062578808
-52.99999999999999 39.67158894128763 442.1766704584823
-52.99999999999999 56.64585352817183 335.0784941207796
-52.99999999999999 -89.66096702024875 338.1702282417677
-52.99999999999999 38.4126685438678 351.9209862898376
-52.99999999999999 -0.7675804174620382 384.4532513813385
-52.99999999999999 -92.26145494572336 437.5083481780524
-52.99999999999999 -23.88382587987921 530.4438555099639
-52.99999999999999 -121.1205991983317 401.2501129482402
-52.99999999999999 -80.13014746932855 556.0266495879373
-52.99999999999999 65.92100324752293 459.894955492751
-52.99999999999999 -95.36286181677994 525.490576154994
-52.99999999999999 -74.37702702725274 452.9013272833483
-52.99999999999999 -99.10099771827311 463.3930947183923
-52.99999999999999 -71.25198715804822 381.0807566365233
-52.99999999999999 82.20279464987992 497.0151657123398
-52.99999999999999 -105.3674684994416 412.8928735987844
-52.99999999999999 2.422330910417343 476.1236444821251
-52.99999999999999 -75.07140889226343 473.7212297028745
-52.99999999999999 16.51381781275099 526.1311875266423
-52.99999999999999 44.452112515857 449.8085094679279
-52.99999999999999 -14.51664955379216 320.2603840637394
-52.99999999999999 21.96836163408249 462.7531092381093
-52.99999999999999 84.76818718265744 499.1812260933528
-52.99999999999999 13.4256370095762 466.0839568122411
-52.99999999999999 -33.94036747367551 474.3968400795565
-52.99999999999999 71.43392673821873 314.720826654383
-52.99999999999999 67.9145975224603 376.5093427089825
-52.99999999999999 56.45507805922853 407.0376356650622
-52.99999999999999 5.088554852495859 536.5879617901944
-52.99999999999999 -22.46662532556186 521.6017804327611
-52.99999999999999 -17.34614420154137 482.5285887524806
-52.99999999999999 -3.313490111939902 483.6116710763396
-52.99999999999999 105.3782812262987 337.844009759035
-52.99999999999999 41.17988511423874 451.0519732616887
-52.99999999999999 72.69692634255897 453.7764996626292
-52.99999999999999 -122.4898682551977 411.063157421271
-52.99999999999999 4.775264430993714 443.7090421795508
-52.99999999999999 13.14741649785584 430.6017494166471
-52.99999999999999 -39.87246326354412 283.4627941451434
-52.99999999999999 53.84746056644057 517.3911114226507
-52.99999999999999 38.23044440001197 473.1479502375212
-52.99999999999999 -17.67765487424309 533.3552863298978
-52.99999999999999 -43.37339296063666 436.4187380722399
-52.99999999999999 97.87790070728332 285.3223355091337
-52.99999999999999 44.43019496158188 501.2318498716445
-52.99999999999999 -59.50032471961561 432.2135990909496
-52.99999999999999 -45.6933297182947 327.4560154881261
-52.99999999999999 20.92284319748474 524.4190430624977
-52.99999999999999 -33.54985398571424 271.4278949917789
-52.99999999999999 21.17783426386343 420.5429321325367
-52.99999999999999 25.35422025203319 469.4596868153363
-52.99999999999999 -63.26720712196958 407.250539958249
-52.99999999999999 26.63316582914577 534.1467500904409
-52.99999999999999 -64.67595300007261 452.2491598753578
-52.99999999999999 2.094898449122259 295.5678323298514
-52.99999999999999 -109.9498479416334 544.6464012936444
-52.99999999999999 -4.500549282147338 412.5217777862957
-52.99999999999999 -32.5257566113734 349.2072546321514
-52.99999999999999 16.23156866765402 483.8318833309132
-52.99999999999999 -22.46941157816298 286.2172433899328
-52.99999999999999 99.33245128942268 349.175098238338
-52.99999999999999 -91.4828517958494 456.4618648542203
-52.99999999999999 -37.9000937795772 389.3880456919723
-52.99999999999999 4.608003238904032 330.8649931808641
-52.99999999999999 -4.105892867347748 508.8090481890128
-52.99999999999999 -30.14991693701066 434.5601596937346
-52.99999999999999 -53.91432374071265 395.535145511443
-52.99999999999999 -121.4193997382409 568.4437048264225
-52.99999999999999 -122.4019062291415 567.3401934702815
-52.99999999999999 -87.939803511035 455.0200765319378
-52.99999999999999 20.38704745576911 471.6326484718732
-52.99999999999999 75.19490381024117 317.8777565290902
-52.99999999999999 22.54673808463967 473.5104130634227
-52.99999999999999 12.69402425132107 471.9320496391092
-52.99999999999999 -83.1842723385525 419.3158909724601
-52.99999999999999 34.27631450235341 528.5362585210036
-52.99999999999999 -33.50780289905682 521.8134644016981
-52.99999999999999 -23.29831634854257 291.3111259550384
-52.99999999999999 -3.258449312113057 459.3097513662714
-52.99999999999999 89.56277909744813 388.6118554012922
-52.99999999999999 31.57121592856024 346.2174087418584
-52.99999999999999 66.03618730108411 388.6733535111448
-52.99999999999999 100.6825654611247 293.6524575038025
-52.99999999999999 -29.97433542860611 386.3192723280797
-52.99999999999999 -119.7784068775269 468.5645376985924
-52.99999999999999 -4.647361927173434 500.816681544388
-52.99999999999999 0.750098846919961 533.0662830003458
-52.99999999999999 111.900382791766 348.8944463571818
-52.99999999999999 1.868805877860227 517.6417790064777
-52.99999999999999 11.50666741057194 485.8438295337684
-52.99999999999999 4.274643209775576 523.3191047840972
-52.99999999999999 -77.10087546404984 428.7973538340355
-52.99999999999999 1.106204046250017 500.3988947942459
-52.99999999999999 87.42426099144133 265.1477835643133
-52.99999999999999 -4.687408487921963 385.9770104705944
-52.99999999999999 31.48155270102359 529.6011292087998
-52.99999999999999 34.41861323223008 463.1652839946036
-52.99999999999999 5.770856474510609 512.5219312124094
-52.99999999999999 -7.594123713194977 510.7115693288081
-52.99999999999999 24.22616249203735 386.5697987741008
-52.99999999999999 -74.85167816343005 541.1346128889018
-52.99999999999999 -119.0961587849522 489.62591371117
-52.99999999999999 -94.77007464501507 304.1142400522886
-52.99999999999999 -98.13142624841363 364.5297533616898
-52.99999999999999 -54.0871440448613 444.389258943494
-52.99999999999999 25.65401612779475 507.9452692837285
-52.99999999999999 -33.34976395989752 452.8121994456293
-52.99999999999999 -9.259312109454745 522.3944845783069
-52.99999999999999 -57.56604505893112 536.4989085568463
-52.99999999999999 31.122608638319 480.9141133244199
-52.99999999999999 1.399171716898038 528.5886856179467
-52.99999999999999 4.183943323874041 447.2473529702255
-52.99999999999999 -100.0188708468265 440.7303978481283
-52.99999999999999 -54.11533164583054 522.8070149978715
-52.99999999999999 -1.893868712736997 472.5758892234405
-52.99999999999999 61.33759310618788 515.4447632047558
-52.99999999999999 118.9349977321881 385.6626707708537
-52.99999999999999 -88.82468100707862 333.2578460855762
-52.99999999999999 -27.45522116987352 368.6285441557906
-52.99999999999999 -5.417396029176426 529.8009677464106
-52.99999999999999 48.26856214623982 520.7623310676934
-52.99999999999999 35.73523129724168 471.1123118204867
-52.99999999999999 3.252903622316516 434.5187151334063
-52.99999999999999 -54.95948744625102 465.1164601974357
-52.99999999999999 42.07342330023963 502.0463859061306
-52.99999999999999 80.21977443743236 316.2339329578317
-52.99999999999999 -108.8004565022543 554.5024487840805
-52.99999999999999 -64.27925527872169 534.6755519044651
-52.99999999999999 29.32410893856643 524.3428190376139
-52.99999999999999 6.617745625096629 517.3890582115421
-52.99999999999999 -79.69577900704188 484.8462534767482
-52.99999999999999 86.7116542606109 465.5889107406882
-52.99999999999999 104.6331251454178 296.951789569422
-52.99999999999999 67.25453316908889 477.1378258329192
-52.99999999999999 26.23215197200763 530.1826284036212
-52.99999999999999 -93.66446134767308 559.9654797966215
-52.99999999999999 -40.37874415060562 479.9861350964558
-52.99999999999999 31.11071638127429 507.8341866105306
-52.99999999999999 4.985723475000815 475.1259182188004
-52.99999999999999 -63.47749936259926 528.7948800759625
-52.99999999999999 -25.13699906524018 490.6514201367108
-52.99999999999999 -44.26679359226776 469.9672559366242
-52.99999999999999 -60.15527309749604 549.8316747135653
-52.99999999999999 -73.9373552969211 545.6286907696991
-52.99999999999999 -127.6208427848711 552.9912035136749
-52.99999999999999 -12.89512489332038 494.8683116760297
-52.99999999999999 -66.29811169017701 473.1786660516486
-52.99999999999999 -65.72133552323743 469.8527817907558
-52.99999999999999 -13.64959909403878 447.9418014186157
-52.99999999999999 27.89692523859584 471.4204375922811
-52.99999999999999 -14.89024184955526 481.5669492664518
-52.99999999999999 -22.5737337132533 523.34955242755
-52.99999999999999 60.49349208453997 436.2446367692781
-52.99999999999999 88.51564229602383 505.9683533149081
-52.99999999999999 89.79283911372742 411.0371337958383
-52.99999999999999 -9.387714079064358 458.5173287988319
-52.99999999999999 -70.16671703308926 527.9115698330318
-52.99999999999999 -21.32314220817975 530.7591139334347
-52.99999999999999 -18.59621785251535 529.53956786857
-52.99999999999999 51.70884684439457 473.9515256107261
-52.99999999999999 -32.64560554039232 465.1968258666181
-52.99999999999999 -35.54533051234081 466.3896335329845
-52.99999999999999 -13.33395737922353 519.1911518582281
-52.99999999999999 5.605891828668161 325.8973833190558
-52.99999999999999 -87.23326967445256 472.3631175617112
-52.99999999999999 -17.76071630258433 284.4783011902176
-52.99999999999999 -99.30661165176511 467.122651323553
-52.99999999999999 -29.75418621498124 492.6092265338594
-52.99999999999999 28.29953972507298 503.1085171377892
-52.99999999999999 9.863274338792747 431.9388966743322
-52.99999999999999 -104.7161682371238 450.7264741593282
-52.99999999999999 -50.10316909611061 519.1901820272069
-52.99999999999999 81.5471648919459 503.222080763711
-52.99999999999999 -48.21360568347603 518.40529667333
-52.99999999999999 57.45260484312857 528.617127755754
-52.99999999999999 -115.841526937961 550.0097141851647
-52.99999999999999 -31.89319250251739 370.2432479105724
-52.99999999999999 -66.5476748314542 542.6494907032798
-52.99999999999999 -63.63439297161284 541.2084412377654
-52.99999999999999 -21.06454592554821 460.3640517020139
-52.99999999999999 -25.62091459217273 524.7543373270614
-52.99999999999999 49.97032406619164 423.6221397497499
-52.99999999999999 -34.85931976389072 499.4963001115511
-52.99999999999999 -25.64208217312106 508.9386007303395
-52.99999999999999 -78.06962043040323 521.978675692402
-52.99999999999999 -27.86694035626046 530.8226133916997
-52.99999999999999 -40.97391198255185 483.1766391132377
-52.99999999999999 -87.09276396057035 447.3260438780194
-52.99999999999999 -57.79164057389499 524.4444711995253
-52.99999999999999 -21.82345010035065 507.3232852681623
-52.99999999999999 -50.78687014088217 478.6350922018863
-52.99999999999999 -56.33417529629921 481.0368056180575
-52.99999999999999 -61.21986043451553 477.1867873012828
-52.99999999999999 -32.72600239739373 266.2717035075044
-52.99999999999999 72.74894947514241 492.2527727839537
-52.99999999999999 -29.43356702212043 510.5445359824803
-52.99999999999999 -122.4244934260746 514.6871897949708
-52.99999999999999 -122.2767382231003 511.3777005291029
-52.99999999999999 -106.222723107036 470.1492870570865
-52.99999999999999 -84.8677439548656 502.3994528977633
-52.99999999999999 -7.394377027704956 445.4359081058548
-52.99999999999999 93.09751255333879 387.44330865099
-52.99999999999999 87.28322590851202 441.4309838722598
-52.99999999999999 -66.06300491234198 518.9103128330077
-52.99999999999999 2.558024756474064 529.5889350984797
-52.99999999999999 47.16729554632419 527.3145684394041
-52.99999999999999 -22.13196503044873 518.0276259853318
-52.99999999999999 12.37180454033239 526.2624622319007
-52.99999999999999 -40.69270628294605 515.2774077093695
-52.99999999999999 -128.7242375775459 454.6704094834467
-52.99999999999999 -67.02001959583785 530.4156936225188
-52.99999999999999 -33.19958319325502 512.1351489615566
-52.99999999999999 6.32023404095191 519.2605789698615
-52.99999999999999 -70.1048738725295 520.689512336026
-52.99999999999999 -76.49738292489525 424.5228327407109
-52.99999999999999 -49.09859949289014 524.5752229052611
-52.99999999999999 -36.94811232137381 513.712411310197
-52.99999999999999 -38.3319398461558 522.2328688253008
-52.99999999999999 43.52896555913966 379.2309813715491
-52.99999999999999 -22.79454486265189 489.6822280143544
-52.99999999999999 86.7084684125667 445.0901313400851
-52.99999999999999 -43.86221567765296 280.2613693567409
-52.99999999999999 -91.16470838570402 375.422301285784
-52.99999999999999 1.426734189452502 300.5373226104825
-52.99999999999999 -55.84768420556409 521.5569214726765
-52.99999999999999 17.36364166406745 495.981915050404
-52.99999999999999 -60.94492132710284 509.6262580280085
-52.99999999999999 -21.55663514502793 479.1459627838825
-52.99999999999999 79.89949748743724 528.8467500904416
-52.99999999999999 -31.56023493248868 525.8782422468956
-52.99999999999999 61.05751336768758 533.4827849202651
-52.99999999999999 10.14743284241948 473.067796331685
-52.99999999999999 -114.8081508007854 526.7547371388486
-52.99999999999999 -46.63980110949684 531.2947045503455
-52.99999999999999 -24.41346344629249 499.9921495295676
-52.99999999999999 -2.613516913339406 528.7345113061916
-52.99999999999999 -74.14013016116988 522.460057214037
-52.99999999999999 -78.48679407923586 478.4535793003417
-52.99999999999999 -128.2047034061162 415.3635945368446
-52.99999999999999 -37.57084416393079 528.6818512134071
-52.99999999999999 23.73694450635962 493.4435205303284
-52.99999999999999 21.36230381613329 493.6813706139152
-52.99999999999999 29.93879407592311 513.6347697760766
-52.99999999999999 82.67873141956133 324.178675862617
-52.99999999999999 -70.40693118855097 492.9275719315415
-52.99999999999999 90.28440540528437 464.3504767800331
-52.99999999999999 44.5432752025829 468.0872758696793
-52.99999999999999 -16.61516246951907 491.8712676389555
-52.99999999999999 57.63342426356843 504.47445695264
-52.99999999999999 -51.02200427825205 457.0757392953905
-52.99999999999999 -106.6185950017413 563.3395300067468
-52.99999999999999 69.97546842306292 471.4029460790793
-52.99999999999999 74.91935860658542 494.1969326955826
-52.99999999999999 116.6356225486974 347.2416580739317
-52.99999999999999 42.26875595966467 485.9179132581833
-52.99999999999999 -89.32553392747255 529.685780280265
-52.99999999999999 63.07569777457365 528.0450276466484
-52.99999999999999 -110.8755650347245 509.0099730420236
-52.99999999999999 6.547881596175401 429.583316973752
-52.99999999999999 32.35647157613386 523.2893167159872
-52.99999999999999 -10.76866269530596 443.204511761668
-52.99999999999999 -5.169808715684955 427.5755701461007
-52.99999999999999 42.79167224146593 383.4480068216962
-52.99999999999999 27.4478874132835 517.9549651500829
-52.99999999999999 -61.21058040186325 535.1906423019624
-52.99999999999999 -72.42604149435346 534.7307255848324
-52.99999999999999 -55.56383922535606 455.1129845712739
-52.99999999999999 19.99077519475741 515.7714877658607
-52.99999999999999 -54.00684346154313 544.3580059924259
-52.99999999999999 -92.14422844973852 497.0701945049161
-52.99999999999999 12.7619093706208 390.9536751992066
-52.99999999999999 -66.13895908468409 400.1557876593447
-52.99999999999999 -101.8968535775969 518.5139243676823
-52.99999999999999 -90.2557388586474 507.6296250488059
-52.99999999999999 -102.0658842769053 304.8555082322487
-52.99999999999999 37.35414409262981 487.9307270641513
-52.99999999999999 72.14320406944033 481.1658189247016
-52.99999999999999 -81.2035397494374 511.3402174930577
-52.99999999999999 66.42871214250033 456.5279706031848
-52.99999999999999 -90.89904543882658 553.5334776259913
-52.99999999999999 -126.9502681455058 543.7689307947122
-52.99999999999999 7.929267736925285 442.541456835165
-52.99999999999999 -41.77829044936892 525.5864065084968
-52.99999999999999 33.29145728643023 534.2647430621929
-52.99999999999999 -5.245525843258357 284.1283072643184
-52.99999999999999 21.00142034975721 513.3343264216533
-52.99999999999999 20.86297691257404 383.9251920527809
-52.99999999999999 32.309055147717 501.5527563351655
-52.99999999999999 -104.0701373876825 553.9249197391846
-52.99999999999999 -82.71428337093521 541.2695876777763
-52.99999999999999 -47.89680529656183 277.0179175311965
-52.99999999999999 -94.80098879221757 517.7710045516243
-52.99999999999999 54.97038940645026 431.8189998702321
-52.99999999999999 -2.428728501401595 297.3597874579729
-52.99999999999999 53.53419442967734 532.3237697375376
-52.99999999999999 -110.4834269924256 502.5024150711755
-52.99999999999999 -64.16636910772209 448.512876391886
-52.99999999999999 -95.06886476667147 543.2843190358559
-52.99999999999999 -35.75419907061534 481.1015837021922
-52.99999999999999 -62.5947630771456 402.94073875528
-52.99999999999999 -35.07292430363174 537.8247244167703
-52.99999999999999 -86.19881197746022 518.6643985670106
-52.99999999999999 -97.30649398523495 359.6496274211554
-52.99999999999999 41.66529534424032 526.0562973546045
-52.99999999999999 -45.86324402302405 392.4928047701127
-52.99999999999999 95.71228536209776 346.1825124813344
-52.99999999999999 81.23115577889438 528.8467500904413
-52.99999999999999 -6.191053179566615 394.0707119529059
-52.99999999999999 33.44880341770085 512.315612082447
-52.99999999999999 117.6732670139 389.2127501869749
-52.99999999999999 121.53957302248 388.3790508015381
-52.99999999999999 -41.95052962588937 330.6791127212285
-52.99999999999999 -1.880412422774165 264.0948323373317
-52.99999999999999 -90.61974262620495 520.8392053460636
-52.99999999999999 -95.3281278068827 527.9445883895136
-52.99999999999999 -51.31664165205589 389.8599472586957
-52.99999999999999 100.5116580285424 401.1377333076525
-52.99999999999999 -85.8328208898039 442.5384236221435
-52.99999999999999 -27.98857640622137 507.6281509654606
-52.99999999999999 -83.95262947670653 495.9873445269237
-52.99999999999999 37.81549022005164 524.4235657196626
-52.99999999999999 -32.33113793852564 448.8610209983418
-52.99999999999999 -95.60708192202202 377.2160900785721
-52.99999999999999 -86.4703693883113 465.2573224139622
-52.99999999999999 -54.4476333860706 535.0173988359879
-52.99999999999999 -122.9144295194282 551.5676751013115
-52.99999999999999 -33.56241564768091 299.7163851785878
-52.99999999999999 61.06647714888273 507.5520314166845
-52.99999999999999 -18.35583104665555 317.2687879257423
-52.99999999999999 127.3857652392138 341.0328308670666
-52.99999999999999 62.8372817886081 385.9792480447384
-52.99999999999999 42.02234737456552 524.4292902961578
-52.99999999999999 -35.2809019279911 367.3803849246437
-52.99999999999999 -53.41312147393791 476.7580938173728
-52.99999999999999 33.70196401166698 480.0317326995683
-52.99999999999999 -114.272370332708 384.6951701968451
-52.99999999999999 94.24048939660648 432.6702490747384
-52.99999999999999 -57.23670834270039 442.0894068276065
-52.99999999999999 123.0066919806385 271.0678244682719
-52.99999999999999 17.97592428946254 525.6105110915943
-52.99999999999999 -61.08966228738755 467.7259742672184
-52.99999999999999 -111.8913014669471 538.7519255515894
-52.99999999999999 16.59842701659706 389.5464992924347
-52.99999999999999 28.1114195901644 491.7390836828486
-52.99999999999999 -31.69465707504002 461.4254469668502
-52.99999999999999 -119.8975415381376 542.8065957011738
-52.99999999999999 45.80513195136355 356.3411807583968
-52.99999999999999 -69.49294764699519 552.9101160304633
-52.99999999999999 -37.41725511848404 328.9976284369658
-52.99999999999999 -38.31793428813936 301.5413966496214
-52.99999999999999 14.78520534377553 263.9178484620232
-52.99999999999999 107.2307167172213 420.1110971182766
-52.99999999999999 -105.9379406787343 540.3522276585545
-52.99999999999999 85.03729168059998 509.4770881391426
-52.99999999999999 56.17711253558797 525.7851308422928
-52.99999999999999 67.66530207338495 504.9855401653071
-52.99999999999999 -91.38935645001661 484.0876643380179
-52.99999999999999 -94.90680509878614 541.1782778072932
-52.99999999999999 -36.78462608325508 498.091689429083
-52.99999999999999 -25.4807817023033 333.4731571351568
-52.99999999999999 108.3053640572261 412.2569748885976
-52.99999999999999 -70.1207954815622 401.8166420699444
-52.99999999999999 12.24474597341048 450.2322715956103
-52.99999999999999 -104.0255308255117 492.98729539215
-52.99999999999999 -11.92554692053077 529.6207343930288
-52.99999999999999 -63.49134155603404 539.4341169171105
-52.99999999999999 -123.0191526525427 466.1692828940599
-52.99999999999999 109.6020692243715 403.8691423932416
-52.99999999999999 -58.02118580559488 466.4506164603503
-52.99999999999999 -57.70504235144791 522.4046407949712
-52.99999999999999 78.26048071858244 509.6267322957494
-52.99999999999999 61.32626158233507 522.5042495198821
-52.99999999999999 -41.85366587453874 509.3259435659056
-52.99999999999999 -123.312040392519 354.9794952938408
-52.99999999999999 -101.2330539484468 356.374986386634
-52.99999999999999 -33.73117962036693 532.9856216195487
-52.99999999999999 94.21449385640767 458.8438213182239
-52.99999999999999 65.99373584213249 527.1061053120176
-52.99999999999999 -3.857094646664347 408.6586994790993
-52.99999999999999 79.9145775023236 519.5163718776698
-52.99999999999999 78.4149379261374 518.0267118455429
-52.99999999999999 -111.010638741988 303.405831946675
-52.99999999999999 -44.82367180825251 322.7900433339402
-52.99999999999999 -78.89597358773192 547.9935710631381
-52.99999999999999 -72.65660072312411 423.0813265493283
-52.99999999999999 -42.67071123440068 308.4146939199386
-52.99999999999999 36.10832598219115 518.7800001646347
-52.99999999999999 -104.0032607354426 539.3778014954273
-52.99999999999999 92.07316397451417 343.2053359649525
-52.99999999999999 -108.8328447786117 559.7674700423802
-52.99999999999999 -73.87381429059822 449.192805493385
-52.99999999999999 -76.7680350618879 446.8422876146651
-52.99999999999999 -41.33761392959578 534.9026107168787
-52.99999999999999 -41.33032126623603 468.8345313254343
-52.99999999999999 -47.84317250076298 305.2079276756459
-52.99999999999999 88.18204593599745 516.466450851578
-52.99999999999999 68.64563094924976 531.8512609623223
-52.99999999999999 -51.829817682377 273.88740919881
-52.99999999999999 -49.24721906574923 431.8008825071799
-52.99999999999999 -120.0750012263906 568.24107427006
-52.99999999999999 -113.0908072631613 561.5595797721949
-52.99999999999999 28.12087706325309 435.0516940905396
-52.99999999999999 34.49168773435401 476.9270443509537
-52.99999999999999 -122.8023295633822 558.3432553651405
-52.99999999999999 -121.5148121007893 561.3405821124068
-52.99999999999999 -21.54379112132996 505.1464870605876
-52.99999999999999 -42.84311331698029 432.7482056581263
-52.99999999999999 -31.24699975343055 520.6278298257971
-52.99999999999999 -40.71899625466214 465.3741888388968
-52.99999999999999 12.41751641779726 519.819251918143
-52.99999999999999 -2.905561971321263 480.9185584141429
-52.99999999999999 -90.10576718084991 470.238493711873
-52.99999999999999 -100.3492714568136 351.6226319227848
-52.99999999999999 75.57830955177819 456.0035484758533
-52.99999999999999 77.1298947239723 465.1955342829865
-52.99999999999999 -115.600942654605 552.1558684240978
-52.99999999999999 9.55451451835914 518.0296015879878
-52.99999999999999 -36.19533567061649 536.9411579054455
-52.99999999999999 -37.38125690435523 526.9014709868484
-52.99999999999999 -111.8008568328197 545.7228386826264
-52.99999999999999 -67.05582883583941 551.8561062572566
-52.99999999999999 -0.6511049439876586 499.1093409418767
-52.99999999999999 -16.9390258272397 479.9514686416655
-52.99999999999999 -117.3917927540003 561.7547012406985
-52.99999999999999 -52.14623281758297 429.426067283793
-52.99999999999999 54.46907152574119 526.3043434834292
-52.99999999999999 -26.82084767532472 462.8891641695911
-52.99999999999999 -51.07330200493784 268.590617579028
-52.99999999999999 72.43542637099245 477.4305671442722
-52.99999999999999 -0.2329646846823092 407.3413105528868
-52.99999999999999 -59.99253326979868 506.5832793121089
-52.99999999999999 74.97511338753074 459.4917362466042
-52.99999999999999 -92.70681026299039 433.1246072374352
-52.99999999999999 67.26136167219788 343.9806860596362
-52.99999999999999 -7.689383931630017 521.78426364091
-52.99999999999999 -60.80465482237522 447.3163361947392
-52.99999999999999 -38.89461031368256 364.4777275106575
-52.99999999999999 42.07015327704764 466.1188039746004
-52.99999999999999 109.540333815582 295.2737399811145
-52.99999999999999 45.91645424296706 526.2333841860758
-52.99999999999999 56.52470618749292 386.0145920208402
-52.99999999999999 77.0445369263969 527.3561066587517
-52.99999999999999 -128.278255217291 383.7302687121995
-52.99999999999999 -77.49292194347213 468.3728835781791
-52.99999999999999 30.26064798377539 511.7444058686245
-52.99999999999999 -22.16111131971126 314.2639444073598
-52.99999999999999 -56.52080443791011 507.8506936947938
-52.99999999999999 -68.06231912444932 442.663588288079
-52.99999999999999 23.36673717001671 514.499020058121
-52.99999999999999 -119.9304383707185 363.482013871647
-52.99999999999999 119.8269410382294 402.8044005507932
-52.99999999999999 -94.37779664191933 539.2746021213079
-52.99999999999999 103.0699464231105 258.9282456320016
-52.99999999999999 36.45469557322017 499.9540695847573
-52.99999999999999 12.63317466424614 524.6951817717276
-52.99999999999999 63.6898824790439 341.0862900788071
-52.99999999999999 22.55091866211341 534.2514706021831
-52.99999999999999 -12.63074685110646 354.3437585012686
-52.99999999999999 85.82735309622362 524.866512882906
-52.99999999999999 108.625816169856 389.1669240614834
-52.99999999999999 -74.29918676798287 467.0251992096848
-52.99999999999999 -84.56218409364179 499.5234787169896
-52.99999999999999 -119.1254948168699 554.2281195880906
-52.99999999999999 55.16268879201557 493.6448769511204
-52.99999999999999 127.9459017583335 262.7463738366051
-52.99999999999999 -13.92689110156383 359.4605558570024
-52.99999999999999 50.01369884199516 482.8542109860728
-52.99999999999999 -55.06549127124863 427.0280938660759
-52.99999999999999 0.8419619982829336 366.0567590691704
-52.99999999999999 -10.09423950496286 535.6575132448266
-52.99999999999999 -21.26422053944207 535.9711790065414
-52.99999999999999 114.4154524331875 293.4641064360569
-52.99999999999999 93.97728045304231 462.7335368375626
-52.99999999999999 69.48142669521134 519.5942491502145
-52.99999999999999 45.64102500507729 518.457630437224
-52.99999999999999 -0.7152057105458722 525.0824935150061
-52.99999999999999 37.1319349442958 476.0532636399414
-52.99999999999999 53.23507779750797 525.2590311429736
-52.99999999999999 -128.9698386102259 459.2274821553549
-52.99999999999999 63.93544814974479 335.3999976814074
-52.99999999999999 -80.65493516629054 508.3078827885954
-52.99999999999999 -41.95556974026665 529.0972898309283
-52.99999999999999 38.8856041794828 520.7293719433443
-52.99999999999999 20.85130155147043 532.1451304528167
-52.99999999999999 -25.47421730215454 458.8431047386597
-52.99999999999999 46.38917148833711 531.4840483964952
-52.99999999999999 -15.11962737934845 535.026976510259
-52.99999999999999 81.89698492462068 527.6018467567118
-52.99999999999999 -88.39827018702761 517.2563701406996
-52.99999999999999 -123.1839938714995 340.1523997295613
-52.99999999999999 -48.66932678209478 319.6233762340685
-52.99999999999999 -98.05521683644297 508.9736303057516
-52.99999999999999 92.79206485587727 338.2168913123698
-52.99999999999999 -53.77598196538153 547.6014583098872
-52.99999999999999 62.92768435949285 521.991489863631
-52.99999999999999 -1.595486209178153 292.6010021084687
-52.99999999999999 -26.0107890882551 311.1643005419737
-52.99999999999999 66.71463052921679 525.1785399589353
-52.99999999999999 -26.68261637718027 535.9286898141337
-52.99999999999999 69.73538039176879 455.2842765346541
-52.99999999999999 12.74724955995641 446.9561342731787
-52.99999999999999 29.29648241206031 534.2061241591571
-52.99999999999999 7.242926743720872 461.1957717635663
-52.99999999999999 42.31456032258706 263.2952900575042
-52.99999999999999 77.72514177396222 461.8732577711372
-52.99999999999999 18.85582543922295 533.6720920203563
-52.99999999999999 58.85430145879176 321.199783342613
-52.99999999999999 115.7702686549556 410.4117381715636
-52.99999999999999 -58.11335446383744 546.2514268242448
-52.99999999999999 -80.02249043844877 444.4379629070492
-52.99999999999999 72.98669646134751 518.2194748451655
-52.99999999999999 108.5198334080722 416.0397814206322
-52.99999999999999 -15.20490716144704 523.4125674883558
-52.99999999999999 -90.9020362017506 452.8149254376222
-52.99999999999999 -55.18705695148902 504.533844295239
-52.99999999999999 -129.4414152835462 493.0887228324735
-52.99999999999999 -123.104337031478 505.5799868859362
-52.99999999999999 55.11690331021418 469.7704013006112
-52.99999999999999 74.38576720719578 529.4470019702983
-52.99999999999999 -38.91623527526823 538.123963296913
-52.99999999999999 -31.9896509964281 534.087330726582
-52.99999999999999 99.86860938508096 422.4373588753518
-52.99999999999999 -42.49798599615869 361.5737331617801
-52.99999999999999 -114.8093311687805 565.1338572744849
-52.99999999999999 -82.17454164945312 553.9012770614709
-52.99999999999999 -97.4510679428368 526.6262439764039
-52.99999999999999 -0.8195792698776576 287.5262058440198
-52.99999999999999 84.14891156722261 386.6539329598506
-52.99999999999999 -69.36031531430797 544.0736740330344
-52.99999999999999 89.10241359605496 480.0628020611321
-52.99999999999999 -89.6316325928687 466.6735781412036
-52.99999999999999 -108.5145631778727 344.4647875153734
-52.99999999999999 -37.51514149800777 537.5120547648845
-52.99999999999999 -101.5885766394695 563.140508722289
-52.99999999999999 4.212809378547063 535.6578391694884
-52.99999999999999 -126.2711212833682 503.3065757505053
-52.99999999999999 25.30150753768654 534.219021027897
-52.99999999999999 71.11672992029284 444.8456552040446
-52.99999999999999 -1.947732426465005 524.0623848384694
-52.99999999999999 -49.81207322141305 517.2240307510448
-52.99999999999999 -43.23299034038111 463.5575300130938
-52.99999999999999 39.61440542571104 464.1646811552776
-52.99999999999999 97.16896889059959 336.7712664503547
-52.99999999999999 -32.18634264830315 517.1987949117065
-52.99999999999999 19.62037736779654 530.6059740596646
-52.99999999999999 48.60728736758195 519.0949176485123
-52.99999999999999 63.17412332795676 514.9857140074078
-52.99999999999999 37.17116122899377 532.9639547823591
-52.99999999999999 -9.330769936052892 530.0493010712629
-52.99999999999999 109.0330524918184 258.8687791808071
-52.99999999999999 -7.538119705363034 258.852135441292
-52.99999999999999 44.57084790153053 525.1610321704121
-52.99999999999999 -97.21492124628557 559.8848181427018
-52.99999999999999 61.02884929705508 289.2522921187194
-52.99999999999999 12.86125689822602 509.528286628541
-52.99999999999999 79.09693756964491 263.4468351281482
-52.99999999999999 -29.82211639305033 308.1189029000257
-52.99999999999999 56.49041657459787 380.6230811259907
-52.99999999999999 -94.97313378545705 560.5556077474287
-52.99999999999999 -129.2513553584784 545.1974639129037
-52.99999999999999 83.38171528823644 319.5932273119902
-52.99999999999999 -98.60406583119261 392.079013268003
-52.99999999999999 -123.8117657892089 286.1482290724072
-52.99999999999999 -36.5948950564083 532.7526209681125
-52.99999999999999 90.5504424610325 301.9224308258585
-52.99999999999999 -117.6763283036969 551.0705572730004
-52.99999999999999 13.25770197554534 327.7968329419882
-52.99999999999999 90.9762557530522 456.2071831712632
-52.99999999999999 19.76254260863903 346.8313610530982
-52.99999999999999 -25.43852563337458 523.0832817748687
-52.99999999999999 -123.1448093870953 322.641474602199
-52.99999999999999 22.7873617579919 456.5302009710778
-52.99999999999999 70.04528634116305 451.8892369019522
-52.99999999999999 -55.94726179949845 478.1644995416099
-52.99999999999999 10.20876539884732 345.5611439880284
-52.99999999999999 17.36405300482635 385.5712465295987
-52.99999999999999 -96.64414863405928 553.7123056877476
-52.99999999999999 15.54650649361897 348.4498596132232
-52.99999999999999 -104.29335498878 348.2367784600281
-52.99999999999999 32.02713738795758 511.1583707298934
-52.99999999999999 -46.71548263632437 363.2509512115986
-52.99999999999999 49.85483346454735 520.2422845413557
-52.99999999999999 50.75978660052487 523.0963869756541
-52.99999999999999 -36.97400668227625 263.2539061595807
-52.99999999999999 -9.445405037020171 286.2249746042474
-52.99999999999999 -34.53100915756587 527.3714500022894
-52.99999999999999 -123.4996902946263 420.8341782352588
-52.99999999999999 1.440883436530599 348.8820807914172
-52.99999999999999 -68.53593762883847 488.9986486303448
-52.99999999999999 87.67617776626786 508.6554080829657
-52.99999999999999 -104.13900947269 563.9549049663005
-52.99999999999999 -30.48687003446281 535.3031143979352
-52.99999999999999 50.44894655261618 479.863862304974
-52.99999999999999 -29.07615497607649 303.081870722898
-52.99999999999999 -76.5071361043927 509.3100842689983
-52.99999999999999 22.99020918366865 470.8195048759223
-52.99999999999999 7.117639531025783 351.6825661980729
-52.99999999999999 -94.36907842065135 485.6064229881988
-52.99999999999999 -105.5942153974964 554.7840649287366
-52.99999999999999 119.8937374226722 350.4370595444689
-52.99999999999999 14.86922223955124 508.672300917642
-52.99999999999999 82.55345117015517 301.8160511666109
-52.99999999999999 116.6433078387946 406.2300575697649
-52.99999999999999 -7.408042895708324 520.0105393888629
-52.99999999999999 125.2937031712445 284.3346301624957
-52.99999999999999 115.4314855073282 368.0852549002386
-52.99999999999999 -87.82468568733091 429.5237305035272
-52.99999999999999 52.66426548384445 522.6110522439486
-52.99999999999999 11.37396029440976 523.7098737689445
-52.99999999999999 -65.04773191753252 490.7801263627477
-52.99999999999999 -119.831630882844 537.736559157282
-52.99999999999999 25.09207218524889 513.8996942421785
-52.99999999999999 -88.18970645533157 558.7858141304956
-52.99999999999999 -26.91934261713741 433.4088307794833
-52.99999999999999 97.94185372876346 398.9276845893843
-52.99999999999999 38.41671971320213 494.3702801290099
-52.99999999999999 92.82293564863618 445.7466603789394
-52.99999999999999 107.5745309629208 382.0715117796546
-52.99999999999999 28.09923074704149 263.7841810651695
-52.99999999999999 53.26267350331133 377.9508632570034
-52.99999999999999 63.75777407290039 519.7889688435741
-52.99999999999999 -128.4549977373325 325.7085154128769
-52.99999999999999 75.94495280900317 524.9490657615296
-52.99999999999999 -113.5848207040957 558.9099265770677
-52.99999999999999 -8.692568072430685 528.131610507962
-52.99999999999999 122.54882649537 358.4926511540814
-52.99999999999999 29.42238294440391 488.5378754939018
-52.99999999999999 101.7570000003008 335.1059142829627
-52.99999999999999 -44.42209926228577 536.6937680496028
-52.99999999999999 76.43973511749947 508.0921206814242
-52.99999999999999 82.64670198089765 295.3404944271158
-52.99999999999999 0.5239634699211861 403.3395469804844
-52.99999999999999 -114.8245811375323 439.1560205428221
-52.99999999999999 57.53022146655079 534.0805144362515
-52.99999999999999 -42.52164320840056 533.9806154128086
-52.99999999999999 18.97057997544069 400.3907322882509
-52.99999999999999 -62.41252253510448 489.6434770874218
-52.99999999999999 -100.5599994194331 546.7803020523083
-52.99999999999999 -118.9214530649006 358.4383330943018
-52.99999999999999 -7.162144581178379 527.5036558743707
-52.99999999999999 -17.92127626082912 505.8338626769909
-52.99999999999999 64.96896493222191 532.1130346628643
-52.99999999999999 -13.22110006694529 536.8294367240595
-52.99999999999999 68.91562137296285 526.187703808999
-52.99999999999999 70.56016728267696 448.4920769526191
-52.99999999999999 -4.519592830289161 520.5288850594342
-52.99999999999999 -3.810821249975042 518.2802440307632
-52.99999999999999 38.19232006351221 522.8040065980171
-52.99999999999999 -76.06660494903184 420.6375659125835
-52.99999999999999 -122.6054445917092 498.5058941078713
-52.99999999999999 -60.63484673472539 539.858498254084
-52.99999999999999 88.47900579558913 522.5756359379958
-52.99999999999999 -102.2051949669902 465.0924035759032
-52.99999999999999 -86.5413459299487 549.8056035686949
-52.99999999999999 -85.35994710394341 548.786122000215
-52.99999999999999 -33.98760953459744 525.2279765600885
-52.99999999999999 -129.391096560171 571.0329594101979
-52.99999999999999 -30.32294531804796 516.3721741808394
-52.99999999999999 -71.30708185753339 550.8397695738375
-52.99999999999999 74.7433297697614 295.4006918341918
-52.99999999999999 47.46029052710933 529.7042197457087
-52.99999999999999 -39.44756688904868 532.5094130376561
-52.99999999999999 -98.95747996967253 562.1801694225052
-52.99999999999999 23.26855193179755 453.3365138610851
-52.99999999999999 -90.76140651420489 559.3673392882655
-52.99999999999999 55.14655020484173 533.0985276548701
-52.99999999999999 64.12636006814772 263.3777313437498
-52.99999999999999 -24.73474670466817 488.3082781056036
-52.99999999999999 -44.1936843415908 534.9189600206658
-52.99999999999999 -84.27399218305025 540.2703570326664
-52.99999999999999 64.5677175900116 400.4991713535521
-52.99999999999999 -8.799541744128348 506.8646977967424
-52.99999999999999 -23.89709441801332 522.4507345908761
-52.99999999999999 -50.33583221067801 263.8685565315864
-52.99999999999999 62.71533349272931 490.7677581765796
-52.99999999999999 -110.1172964534311 560.4981755603052
-52.99999999999999 11.87928000506915 536.2077440391068
-52.99999999999999 -91.56818523686182 541.7513556218503
-52.99999999999999 45.33538207459048 505.1323466703144
-52.99999999999999 58.32307994402088 468.5113409137772
-52.99999999999999 -116.0918580347058 565.7493566522974
-52.99999999999999 81.53106307123825 525.8858386694412
-52.99999999999999 -13.78165133205658 258.7829856001885
-52.99999999999999 -58.88044483593615 428.6433541654908
-52.99999999999999 123.7919795055108 400.7356948140567
-52.99999999999999 17.41630392946725 325.8887501643978
-52.99999999999999 -107.4343591997729 339.9409765734026
-52.99999999999999 37.15504370695418 462.2444610260146
-52.99999999999999 -13.34648902631335 283.1014870600089
-52.99999999999999 75.40021224366075 491.4765464387312
-52.99999999999999 -10.5531352452528 372.4307103690048
-52.99999999999999 -50.5716403262121 360.2100240124033
-52.99999999999999 -125.0639878283466 513.0903431161712
-52.99999999999999 -12.87646904197451 513.6344266035217
-52.99999999999999 -99.4840367940902 530.2400329840891
-52.99999999999999 70.83350741928432 292.1997733078596
-52.99999999999999 17.64528287222503 521.4630765754061
-52.99999999999999 51.75783214970329 456.33473330907
-52.99999999999999 88.11812606935432 317.8890717824401
-52.99999999999999 -90.41383394707809 518.5016644422062
-52.99999999999999 63.78853227030309 512.5877963299702
-52.99999999999999 11.19734932614248 535.0131889869489
-52.99999999999999 -91.57616544760987 424.2525852293298
-52.99999999999999 -113.405294958522 433.7568422650502
-52.99999999999999 1.172367323040686 399.3472124666769
-52.99999999999999 -52.2939213221142 316.7020148901391
-52.99999999999999 -90.37587105084957 448.8788825039815
-52.99999999999999 31.18383846014925 522.33530882499
-52.99999999999999 3.690275954692689 431.2431161448864
-52.99999999999999 72.00778778205319 440.4855748087901
-52.99999999999999 -3.737405791323622 527.8717678273186
-52.99999999999999 -113.3700706415599 507.3862445243684
-52.99999999999999 29.26767142627305 313.0339798612349
-52.99999999999999 49.86743108594986 511.6090651646925
-52.99999999999999 73.35005357396224 403.9350589697639
-52.99999999999999 -79.49196099727085 418.0134166004439
-52.99999999999999 32.36438276454019 432.1407273208133
-52.99999999999999 5.427545888303691 472.5830276694037
-52.99999999999999 -87.64665247939834 535.1062966472995
-52.99999999999999 -77.56652269943125 555.5815982939582
-52.99999999999999 -123.8138658468927 451.7236390186038
-52.99999999999999 -62.43988518812183 430.1509990139469
-52.99999999999999 -40.35376077076138 540.1698694298499
-52.99999999999999 -95.09876130808789 507.3737704859226
-52.99999999999999 38.40375443454494 532.5697286223523
-52.99999999999999 -111.9915564531322 336.6102290599097
-52.99999999999999 -1.314160118178612 519.2116259347189
-52.99999999999999 8.063292705470674 471.515490472155
-52.99999999999999 41.23922566682297 496.003664455941
-52.99999999999999 2.923727108367824 473.6200075884863
-52.99999999999999 -129.172306018154 480.3725888765174
-52.99999999999999 -54.27889465089044 357.1986083856274
-52.99999999999999 128.4839268449061 267.5805677057573
-52.99999999999999 -116.2577623755544 508.8045795552534
-52.99999999999999 -10.64374195391681 494.1882136518256
-52.99999999999999 -119.191325496305 510.2369504763349
-52.99999999999999 4.312516923836237 490.0367823224729
-52.99999999999999 61.5756898975852 394.9545000016599
-52.99999999999999 -61.26845739630963 526.0464674880095
-52.99999999999999 108.3360386223998 366.828668013955
-52.99999999999999 -5.143420292932235 528.4348918548114
-52.99999999999999 -39.86623455929017 534.4230161953109
-52.99999999999999 10.23880754302405 532.7021797993253
-52.99999999999999 17.99141324484663 381.4901834012754
-52.99999999999999 118.4858327949131 407.1447266590811
-52.99999999999999 -83.04853881478721 266.7444294235219
-52.99999999999999 -70.49942708285049 304.2458936767247
-52.99999999999999 -59.37574325889094 545.3164566030684
-52.99999999999999 -45.93074065189744 461.6184907781285
-52.99999999999999 -82.6455304307095 294.6527562551506
-52.99999999999999 70.378211437852 525.7093641995735
-52.99999999999999 106.2383073867733 333.4756162731907
-52.99999999999999 89.07133294355377 312.7761761282143
-52.99999999999999 -16.96726637567135 472.9528463153522
-52.99999999999999 47.13402709245457 378.3159367727816
-52.99999999999999 -92.45178564816321 506.1773223079564
-52.99999999999999 -104.4887387298284 524.9008467993228
-52.99999999999999 0.5434743875757129 471.8085917321885
-52.99999999999999 18.24860280232887 524.1922271428442
-52.99999999999999 110.4710632707841 417.0406670241176
-52.99999999999999 73.99773646997224 400.1050740268336
-52.99999999999999 -27.09777907492061 428.3378966198385
-52.99999999999999 80.56532663316834 527.6936638984463
-52.99999999999999 -106.7377962422436 564.5808680350472
-52.99999999999999 17.63037372843475 533.9379981701107
-52.99999999999999 53.9802684134515 476.799505495263
-52.99999999999999 95.50147227737753 423.1776214286703
-52.99999999999999 16.74003737553157 507.9742402356291
-52.99999999999999 15.90964884777941 522.0402688087611
-52.99999999999999 27.08775105696258 450.6010830545068
-52.99999999999999 -14.91375309340991 521.6825353607097
-52.99999999999999 -106.6572134017662 435.8719263458866
-52.99999999999999 -39.39649062406421 506.1549742179768
-52.99999999999999 71.77376390876692 523.4610104942005
-52.99999999999999 -90.95545761851507 419.7352335616736
-52.99999999999999 -27.67479360269475 517.3874244677233
-52.99999999999999 88.44168683917259 430.9073175008551
-52.99999999999999 28.86351600404089 529.2664503415972
-52.99999999999999 106.2345699363474 410.6482413653355
-52.99999999999999 83.89447236180901 528.9371338037109
-52.99999999999999 -106.9442563825848 521.6604351877195
-52.99999999999999 37.48406937288396 314.4752161326311
-52.99999999999999 -92.88362832159727 389.1631866126843
-52.99999999999999 122.6515567303967 335.7208228180867
-52.99999999999999 16.53209058332929 415.1530145230647
-52.99999999999999 -10.6241373877143 508.4631355770092
-52.99999999999999 -99.68196142529581 436.9028062287017
-52.99999999999999 53.57492584268915 523.8002585961342
-52.99999999999999 46.06506762072596 455.5272191712417
-52.99999999999999 -123.6260848314058 508.61238906677
-52.99999999999999 -73.44159655454354 268.2581500131925
-52.99999999999999 -116.9121429338153 338.4755278607101
-52.99999999999999 58.79160332352968 534.4254004677451
-52.99999999999999 -82.0090443501573 533.3379017543806
-52.99999999999999 14.63532769345244 520.9706330414624
-52.99999999999999 -44.70641004935864 497.940717084546
-52.99999999999999 -45.56741188094919 430.6900740460174
-52.99999999999999 -24.47613208072993 534.6593227801989
-52.99999999999999 79.56438511197858 405.5490111698707
-52.99999999999999 34.74656423592144 460.3593371546973
-52.99999999999999 43.53685783373694 529.3906246387221
-52.99999999999999 32.92578442655372 428.5740805740203
-52.99999999999999 -1.973507107529436 397.0363001976259
-52.99999999999999 -87.44999999980664 258.3339441164865
-52.99999999999999 -85.41435966646874 552.0601246104053
-52.99999999999999 118.9939348954893 314.9312280636344
-52.99999999999999 18.67840010826538 377.2806354989416
-52.99999999999999 -26.56727880451056 514.7404559621007
-52.99999999999999 -25.83046605543122 421.1866176528424
-52.99999999999999 21.37605999735549 360.1618054614921
-52.99999999999999 89.29457232216816 488.7432309195159
-52.99999999999999 23.3576253583794 467.7020227202574
-52.99999999999999 -19.28369785546843 514.7623840643098
-52.99999999999999 80.93052209798569 383.4754897490786
-52.99999999999999 -121.919411983007 541.5923683769107
-52.99999999999999 114.530141913277 412.0714331689402
-52.99999999999999 -58.1384903490535 353.2938473030347
-52.99999999999999 89.88289394471859 307.8098512610423
-52.99999999999999 -9.716748894054138 491.1878664020351
-52.99999999999999 88.13485365123465 454.5075351805322
-52.99999999999999 -84.08809854125528 538.3186839252987
-52.99999999999999 -102.2447205916521 528.9143471223778
-52.99999999999999 87.49549808450863 525.0151850076542
-52.99999999999999 -24.77558827841603 439.4797860586995
-52.99999999999999 -124.86342328746 550.4098490050417
-52.99999999999999 5.962648857531927 510.8074592151845
-52.99999999999999 -66.4945316645079 435.6605663082635
-52.99999999999999 21.899115591253 417.2691076507204
-52.99999999999999 112.4707331426564 365.4553332758944
-52.99999999999999 78.6386687349917 396.1920502840838
-52.99999999999999 51.03891240886882 258.6921908754713
-52.99999999999999 65.93032516451416 392.7272155234454
-52.99999999999999 -15.34394911268378 263.1009205672001
-52.99999999999999 -98.0608327521669 552.8044069404933
-52.99999999999999 125.0077735050213 393.5839764584359
-52.99999999999999 39.22749962673736 308.6836875776432
-52.99999999999999 -121.9129685132553 487.8291176614263
-52.99999999999999 -119.0274797723804 391.4602617984885
-52.99999999999999 -125.3053495037686 489.4047137321814
-52.99999999999999 -124.155380568906 365.1656231315386
-52.99999999999999 -97.60282230126549 561.7050045483506
-52.99999999999999 -13.31104765090505 444.9030366858747
-52.99999999999999 -12.43522400211635 277.9955716179271
-52.99999999999999 -5.134801162539541 537.6755133503515
-52.99999999999999 63.01034596544412 470.2986976461355
-52.99999999999999 -59.1186260973671 539.1913925099808
-52.99999999999999 -21.85062708873172 534.8974239445997
-52.99999999999999 -121.2766152960656 271.49345578333
-52.99999999999999 -87.41309455002735 538.028509818478
-52.99999999999999 -123.8168707966099 425.6833903148845
-52.99999999999999 -106.7234916186782 518.6507738363437
-52.99999999999999 -1.218491164565722 355.1586800368163
-52.99999999999999 91.40058029541591 433.699046707609
-52.99999999999999 15.393090256419 374.6725244979126
-52.99999999999999 69.91514488501187 476.0424244766944
-52.99999999999999 -125.0132553714732 559.4788603843951
-52.99999999999999 -5.432596030394917 356.7739909174808
-52.99999999999999 66.2020360301089 520.9683272326961
-52.99999999999999 57.20341515079556 403.7206944989175
-52.99999999999999 76.57109016897883 406.9457244172804
-52.99999999999999 -98.42291894985857 483.7684508959976
-52.99999999999999 73.22337363492518 524.6388803373472
-52.99999999999999 78.32828832404864 490.4238079590201
-52.99999999999999 75.29311401733547 527.8967809102728
-52.99999999999999 126.5785692764563 395.149969238547
-52.99999999999999 128.7055327198069 394.4024213677858
-52.99999999999999 -103.7008972043916 537.0275453905006
-52.99999999999999 32.73872469474271 490.1318496832565
-52.99999999999999 107.3202254051181 328.2519967526719
-52.99999999999999 -16.39856747032362 274.8660366117792
-52.99999999999999 -124.194050379347 291.4229339177984
-52.99999999999999 30.55128033695052 413.3255343333789
-52.99999999999999 11.25063144595498 482.6256972534241
-52.99999999999999 -63.64897299520586 264.5246938795345
-52.99999999999999 60.81631003205151 402.3403498247328
-52.99999999999999 -41.74155334178883 539.2578359272802
-52.99999999999999 -56.18445590799363 548.7483601962792
-52.99999999999999 -43.01011270039468 538.360817089179
-52.99999999999999 118.7656670930056 355.6244574865021
-52.99999999999999 53.69317012345159 405.0927259719611
-52.99999999999999 123.4963628303199 381.806811046815
-52.99999999999999 74.09712956884383 505.0448830325446
-52.99999999999999 54.40640493506911 473.4865965417786
-52.99999999999999 101.5886424413554 424.4988747617643
-52.99999999999999 42.98236893582865 483.110219476578
-52.99999999999999 71.69900597534139 512.4515857747267
-52.99999999999999 -10.69215680365338 504.4477397271204
-52.99999999999999 60.37331246663857 333.3650216922801
-52.99999999999999 -113.8291239611976 544.6043555440693
-52.99999999999999 47.17760118629833 517.9816725747824
-52.99999999999999 28.36345541673576 418.3736121676243
-52.99999999999999 -117.5010224951946 567.754573898279
-52.99999999999999 -118.5990635863428 486.3863879272171
-52.99999999999999 118.596948059618 291.7745030863455
-52.99999999999999 -61.17620554486584 544.3872277721082
-52.99999999999999 -81.77394357688465 552.4833025068018
-52.99999999999999 27.56112116513771 447.3658566693643
-52.99999999999999 -126.8562855715045 570.2659813421493
-52.99999999999999 -112.2853148173824 487.0750522605813
-52.99999999999999 10.56506152712063 470.5813311940863
-52.99999999999999 41.65358823081994 409.1404710079579
-52.99999999999999 106.0785488189712 386.9548394916604
-52.99999999999999 93.86604122697295 435.6062158318117
-52.99999999999999 -19.39413058885512 471.1039821717683
-52.99999999999999 46.55483617077502 311.1664796763893
-52.99999999999999 -52.44120998226678 348.3504036135808
-52.99999999999999 -128.3826840540163 373.9615158802379
-52.99999999999999 -29.26268828926836 416.935249283954
-52.99999999999999 111.8958087562374 415.2915659233327
-52.99999999999999 23.82549668085458 464.6511453389785
-52.99999999999999 -1.666165321493045 470.0878995303966
-52.99999999999999 46.85665593121816 372.4230792311442
-52.99999999999999 -63.90746267603011 445.2543876070644
-52.99999999999999 -17.49072916708437 503.5993701044737
-52.99999999999999 9.216304678789612 530.243289428319
-52.99999999999999 -15.61325905887102 269.6398628085115
-52.99999999999999 37.25889966205574 414.3620935415409
-52.99999999999999 31.67762499440157 341.5585933385021
-52.99999999999999 49.54137758256169 410.307227195881
-52.99999999999999 45.99267279095611 411.6653517123634
-52.99999999999999 -14.69295500425617 519.9062107012802
-52.99999999999999 -39.09920726997807 503.8144520112098
-52.99999999999999 -45.53424795165826 458.1776392088165
-52.99999999999999 45.10821975270618 496.7668140977787
-52.99999999999999 -75.80577677926777 535.0147114392967
-52.99999999999999 -27.11280902720068 485.2442516691552
-52.99999999999999 16.07053820367905 370.347938112491
-52.99999999999999 94.36641446852359 403.6073389236679
-52.99999999999999 -106.1164792687503 534.9491664085469
-52.99999999999999 -100.4121270471276 488.5824144887141
-52.99999999999999 -104.0249509077841 517.2258975171058
-52.99999999999999 80.28042833675823 517.6483971282668
-52.99999999999999 51.3801473728527 530.5439431278859
-52.99999999999999 -73.84322414552109 533.8227248906244
-52.99999999999999 37.00464796802221 534.164561505559
-52.99999999999999 -30.13964528935716 424.2426387681998
-52.99999999999999 -43.87608054949369 422.172514022447
-52.99999999999999 43.41031018117933 524.195079573262
-52.99999999999999 4.119001762214619 427.531048177598
-52.99999999999999 62.23465318099036 533.8261632934747
-52.99999999999999 9.321608040203088 536.3588352277486
-52.99999999999999 -58.61252642731193 476.3299591508074
-52.99999999999999 94.88347040139354 418.2353084312051
-52.99999999999999 74.09244285728192 423.0432035667955
-52.99999999999999 43.56274551772498 495.2407403947196
-52.99999999999999 -103.3653626036623 513.6794350954162
-52.99999999999999 47.13977411532503 444.3983734125962
-52.99999999999999 108.1142987324625 323.347765278095
-52.99999999999999 -99.95512164295306 561.3669428395656
-52.99999999999999 -6.233837057703226 492.4986031329889
-52.99999999999999 -73.36740061855684 552.699570650334
-52.99999999999999 -2.672355170049317 538.0961890580996
-52.99999999999999 11.71457128299326 522.0577597048107
-52.99999999999999 77.63732351884094 380.9364609558219
-52.99999999999999 -14.80352823593246 431.7419006530714
-52.99999999999999 119.2500000000158 258.1301663253092
-52.99999999999999 46.38648046000588 451.9285318213871
-52.99999999999999 67.53031575502338 518.4738156643452
-52.99999999999999 39.17794754163328 530.7504337763517
-52.99999999999999 43.56501800143469 369.7046320246604
-52.99999999999999 -22.75075286900331 263.3941975900128
-52.99999999999999 -112.2630945885181 559.5944744508859
-52.99999999999999 -123.8485144785356 332.7360145461525
-52.99999999999999 37.37186765619 424.422769097914
-52.99999999999999 61.13908789481566 328.5951332558947
-52.99999999999999 49.51089046159879 529.1212991706857
-52.99999999999999 1.281037043581506 425.3594724937101
-52.99999999999999 7.95615469813792 457.2506348779673
-52.99999999999999 -128.9221907191187 567.4683823847095
-52.99999999999999 33.78941245554751 510.6472341810584
-52.99999999999999 -103.0098864824079 434.2894352009766
-52.99999999999999 -68.78956118953565 468.1374129817757
-52.99999999999999 16.7919443582567 366.0774206963238
-52.99999999999999 -73.30325065548517 445.9676250764829
-52.99999999999999 -86.33671527768864 417.2773749817893
-52.99999999999999 -40.81422377902025 497.8743655912801
-52.99999999999999 -24.50015522707404 515.902548214829
-52.99999999999999 123.5153134215564 295.5450017710367
-52.99999999999999 109.5312655471712 317.7020970720678
-52.99999999999999 67.02683442862819 513.7355319099137
-52.99999999999999 26.55306560237935 444.6710380273054
-52.99999999999999 -103.5097149652412 489.9826512254367
-52.99999999999999 -45.07463472590996 426.731504737934
-52.99999999999999 54.73289314770108 489.9930176604036
-52.99999999999999 -16.08319095543639 442.7360922780657
-52.99999999999999 44.3866639159449 442.1793599008722
-52.99999999999999 49.43101554055169 300.1548711285415
-52.99999999999999 -107.2347275479713 553.8880642787902
-52.99999999999999 89.24865487853479 428.104262494893
-52.99999999999999 -9.070860149151668 396.0385945423089
-52.99999999999999 56.34530089624295 263.4632091634955
-52.99999999999999 4.705023269629518 487.3946639288139
-52.99999999999999 10.90312232044825 498.6902295600922
-52.99999999999999 73.56899190968863 528.518241043918
-52.99999999999999 -7.843439229177327 535.8086605909725
-52.99999999999999 29.2668429693288 459.610003308245
-52.99999999999999 10.85727620777294 467.8278868270736
-52.99999999999999 100.1826945036118 427.0266669240974
-52.99999999999999 43.4678421278231 425.336394878394
-52.99999999999999 69.52255039636016 517.8593578598056
-52.99999999999999 88.50771916717517 450.8734356339008
-52.99999999999999 -111.300130059171 262.6630730844701
-52.99999999999999 17.55569337776803 444.8847321403021
-52.99999999999999 -129.2103809834503 430.7170783285927
-52.99999999999999 83.06896369377446 391.2129294145362
-52.99999999999999 69.32579952700631 529.8022678122942
-52.99999999999999 90.72662183139032 385.2022048302727
-52.99999999999999 2.979358906404975 536.0188999492832
-52.99999999999999 12.0608189729272 281.9170569121839
-52.99999999999999 36.62592383021957 339.0325298081387
-52.99999999999999 7.959573839368067 529.2557935492761
-52.99999999999999 81.28338809734352 489.4359074888267
-52.99999999999999 6.24261208615221 528.2237999680257
-52.99999999999999 -64.27244247305791 337.3027518228443
-52.99999999999999 34.47261707845823 486.6431569812441
-52.99999999999999 -128.9276271691729 267.7322822544602
-52.99999999999999 -103.4841165636412 532.2344390172651
-52.99999999999999 54.94635327827864 428.0628991586474
-52.99999999999999 -46.74061219071364 496.4329587991613
-52.99999999999999 91.5418663604225 513.1136501821694
-52.99999999999999 16.97866643428395 506.1609090764559
-52.99999999999999 -100.509545714598 509.5695420087135
-52.99999999999999 71.61413266782424 517.1288779800352
-52.99999999999999 -52.86099037036099 543.7114642490379
-52.99999999999999 47.83134254257544 305.8200534421201
-52.99999999999999 70.52112080794234 529.8890207636439
-52.99999999999999 24.31569373812947 461.5976634950882
-52.99999999999999 -38.54549281707146 496.9314313580782
-52.99999999999999 62.40944695297456 323.1397014343964
-52.99999999999999 85.87801026267084 425.8275278661253
-52.99999999999999 63.3145703258101 533.2522464187787
-52.99999999999999 52.47962368114545 514.0334599698311
-52.99999999999999 113.7035010696037 316.7332282549575
-52.99999999999999 55.04711529812081 293.3874089171438
-52.99999999999999 -113.6745677937552 542.2963967329059
-52.99999999999999 -12.63643341601095 393.4750540584512
-52.99999999999999 -118.2135059584031 464.1215256952675
-52.99999999999999 -35.16276294639402 426.7172288563372
-52.99999999999999 -4.016706212365261 491.6406135971697
-52.99999999999999 -58.6740821413326 262.8372831932265
-52.99999999999999 73.87914847586875 511.7134767956426
-52.99999999999999 -119.0703486055982 552.3499995464451
-52.99999999999999 3.465061516909959 527.8443357371924
-52.99999999999999 -125.6637089433707 495.831537632615
-52.99999999999999 -110.8192367140706 464.6828167184641
-52.99999999999999 9.154511073459851 497.2816398385435
-52.99999999999999 -18.10557785316307 428.1878465921563
-52.99999999999999 -56.42186314946787 344.5537014889647
-52.99999999999999 -78.32614185663633 554.6808339132122
-52.99999999999999 -102.3634192246392 561.6101283703441
-52.99999999999999 -95.38172268767637 262.5874645711107
-52.99999999999999 -57.08838790808285 463.2201084850493
-52.99999999999999 89.30179900813334 446.6554694935219
-52.99999999999999 121.2771192475198 404.0553883176594
-52.99999999999999 87.25851333947124 398.930424414636
-52.99999999999999 -82.3571806722518 415.775766556449
-52.99999999999999 -23.5968452172485 520.6217558376793
-52.99999999999999 33.08465848037082 425.526784169676
-52.99999999999999 86.40474668211911 501.0701997226759
-52.99999999999999 -105.6000067942248 466.9632657927896
-52.99999999999999 45.58411493867411 502.7842185341012
-52.99999999999999 90.44119704865099 523.8287006660557
-52.99999999999999 -124.6366742238219 396.8903103971292
-52.99999999999999 -48.25082436442084 456.2797697329417
-52.99999999999999 90.08194484216281 418.8776902438254
-52.99999999999999 46.96957213116555 448.5292695367598
-52.99999999999999 86.35115050050186 477.6290772717512
-52.99999999999999 74.46426176574835 378.3381795263593
-52.99999999999999 -119.6651513413096 567.0544608375186
-52.99999999999999 -3.950669106693196 468.3664005892605
-52.99999999999999 -34.88202521458746 478.3387589321804
-52.99999999999999 -75.88645889490051 506.5648411518303
-52.99999999999999 29.70997267520841 520.1947598919212
-52.99999999999999 36.79123259100139 335.2084331209166
-52.99999999999999 2.574841063328281 510.40615599885
-52.99999999999999 40.5978512929816 530.2237609290407
-52.99999999999999 -71.54941826124366 466.0950405517754
-52.99999999999999 -12.40014089743581 511.06723261174
-52.99999999999999 -128.5072716173306 366.9097053275383
-52.99999999999999 -74.7231006792545 553.2531367637872
-52.99999999999999 71.8434489335539 416.9695337591954
-52.99999999999999 74.74862680037972 524.1761263161695
-52.99999999999999 -108.1071119085869 565.0402932702524
-52.99999999999999 8.478511922592034 493.6823736173579
-52.99999999999999 -22.62024946755993 472.1230078105907
-52.99999999999999 89.01465997870183 520.6576187329534
-52.99999999999999 68.41937101485212 510.7707947930073
-52.99999999999999 -14.66384481515748 517.7921408514966
-52.99999999999999 16.23419770034853 534.4131995569695
-52.99999999999999 -61.08359999987137 474.50503193062
-52.99999999999999 -8.181970326106654 502.606776983929
-52.99999999999999 -60.18233234076669 341.4755014384798
-52.99999999999999 -69.14140047032673 542.5586318682541
-52.99999999999999 8.893525626304955 273.6828613568107
-52.99999999999999 50.79294196277134 490.5237642358826
-52.99999999999999 -58.80672412135353 537.3079030560098
-52.99999999999999 -101.0730520716131 512.9218639912758
-52.99999999999999 33.43725055124412 371.8986095571065
-52.99999999999999 -73.64985454355657 531.683208939584
-52.99999999999999 -62.08511067947917 546.521929201563
-52.99999999999999 -85.77762863938855 546.4462190530726
-52.99999999999999 72.2823726951008 528.7709192071213
-52.99999999999999 39.47646178066838 426.5477478232405
-52.99999999999999 53.37908818561297 299.1348684606431
-52.99999999999999 87.3433958704213 416.6299660214135
-52.99999999999999 40.54197587507878 479.8966347281878
-52.99999999999999 55.52497462953264 424.5889930792599
-52.99999999999999 -47.23322539199292 516.0875128985817
-52.99999999999999 83.3197054559831 427.1584380087347
-52.99999999999999 -128.8012905748808 569.2909562469273
-52.99999999999999 54.01858959258656 515.7912189811552
-52.99999999999999 -28.91948007861455 480.6741848207386
-52.99999999999999 -43.10406142014476 528.2173780160506
-52.99999999999999 91.16334677004997 263.0639506685516
-52.99999999999999 5.086487736371066 484.8737022960685
-52.99999999999999 11.30021923179872 464.822461457839
-52.99999999999999 79.719927823086 424.8566810858514
-52.99999999999999 37.06894171635417 485.7283727553505
-52.99999999999999 123.7476032017923 349.1252315607732
-52.99999999999999 6.54120190994149 492.1475016849842
-52.99999999999999 2.650000000378697 257.8532470488673
-52.99999999999999 -41.50523174663378 507.4980379400636
-52.99999999999999 -59.1127032081066 523.3666338770142
-52.99999999999999 -125.2112710219349 463.4674207656788
-52.99999999999999 42.55692046788246 531.1651189733407
-52.99999999999999 91.14445166330692 401.3030037196066
-52.99999999999999 120.1281830056868 308.9286107788259
-52.99999999999999 18.55000000034149 257.846302128808
-52.99999999999999 44.12446496646088 275.4089918402829
-52.99999999999999 -17.16599731400315 501.3480457958058
-52.99999999999999 104.9898684515579 419.698658836407
-52.99999999999999 57.49245981844333 285.3985367637142
-52.99999999999999 35.22824846941803 273.9679633133746
-52.99999999999999 96.76481680400353 267.6903793896822
-52.99999999999999 31.4357353313904 281.0030260109112
-52.99999999999999 -63.85556202309398 467.8092492331295
-52.99999999999999 -76.50696221158887 548.2550140771006
-52.99999999999999 85.13149290735471 403.7652964615008
-52.99999999999999 25.49132391652416 277.6474156364869
-52.99999999999999 -16.16944924856035 516.6492988389265
-52.99999999999999 -124.6133668501618 296.6976387631936
-52.99999999999999 -19.59784946638073 385.7057568712449
-52.99999999999999 79.23366834170777 527.867089002445
-52.99999999999999 -21.8182663750353 516.52990778149
-52.99999999999999 53.49127179996201 282.1272105600613
-52.99999999999999 -56.61919008423011 459.772688405224
-52.99999999999999 10.61416317365692 263.3988095632443
-52.99999999999999 123.0799615433568 330.6166414401797
-52.99999999999999 -51.21132024295372 516.1564963024547
-52.99999999999999 -44.27867363338402 517.237483123447
-52.99999999999999 -56.90976348015144 313.9613968434269
-52.99999999999999 2.408927957331156 507.6393384518383
-52.99999999999999 19.82695329839237 284.5162362881854
-52.99999999999999 -25.30345760712576 473.2771862743181
-52.99999999999999 23.54093911167473 529.9832130544911
-52.99999999999999 -86.69787890188306 557.1889353584592
-52.99999999999999 15.06965279758845 269.2442123603594
-52.99999999999999 49.45054881088004 278.8474306791538
-52.99999999999999 -22.69232079295545 530.1055307507723
-52.99999999999999 -63.23192299956797 333.4835281605514
-52.99999999999999 18.99842908807956 505.3357490835821
-52.99999999999999 -34.68343078615136 533.7593793648039
-52.99999999999999 81.94923864873526 486.1341576322749
-52.99999999999999 30.09876059011157 369.1979064107773
-52.99999999999999 -28.44622851655878 534.924526737117
-52.99999999999999 -73.45058223019915 529.6561568236046
-52.99999999999999 -81.32228172507588 410.6623145150288
-52.99999999999999 -63.72565550979547 472.478780120385
-52.99999999999999 123.0672038837735 398.6227498873372
-52.99999999999999 -11.31909547740824 535.978285154384
-52.99999999999999 13.66375801323178 497.6673777419575
-52.99999999999999 -23.38941730373998 518.8066615844572
-52.99999999999999 -43.12186314294605 499.1956040253511
-52.99999999999999 83.39953217890843 525.259413090719
-52.99999999999999 -3.588994423723848 488.1910280468908
-52.99999999999999 44.00411417534799 517.5063883129618
-52.99999999999999 83.86185605455456 262.9230262378255
-52.99999999999999 -92.75932962776368 517.1091140208034
-52.99999999999999 -85.67617118858863 553.5659070942395
-52.99999999999999 32.08423647993926 262.5328494636324
-52.99999999999999 63.36968618803009 507.1618238593963
-52.99999999999999 5.15001378295872 528.8010612494332
-52.99999999999999 57.20900649827425 419.7559365493251
-52.99999999999999 -113.549541832224 539.874569306495
-52.99999999999999 -17.18586124252956 498.4941834699689
-52.99999999999999 24.63200129500277 533.2329999374474
-52.99999999999999 -77.10058549392978 408.982834976446
-52.99999999999999 89.6625956068596 485.3815213794902
-52.99999999999999 34.63069507057745 415.8684850231803
-52.99999999999999 95.15896185657935 379.9968958258131
-52.99999999999999 41.14226812882848 333.6771127382208
-52.99999999999999 -67.08697136712696 330.3746819459963
-52.99999999999999 -8.582247803804535 425.9124603714645
-52.99999999999999 -98.37214754501346 550.3580108256532
-52.99999999999999 -106.4205345307959 523.8141458152872
-52.99999999999999 39.78191382432176 277.2870096646405
-52.99999999999999 43.87652017663358 258.4124257479868
-52.99999999999999 -52.70972309442714 542.0499696332108
-52.99999999999999 -6.223243562283083 466.5908609885923
-52.99999999999999 64.9935073624747 413.332161740276
-52.99999999999999 -60.82830284063111 310.7984781922294
-52.99999999999999 28.48641072192866 533.1573909948457
-52.99999999999999 -19.30904522614556 535.0730755403036
-52.99999999999999 68.59339387072117 411.9650797474428
-52.99999999999999 -70.41570741135432 444.6320686293694
-52.99999999999999 -115.4979767582493 559.6951325335197
-52.99999999999999 -83.3044168194221 312.6093243055302
-52.99999999999999 -19.04835943505936 516.88646046802
-52.99999999999999 -102.5364371961164 559.5987889125867
-52.99999999999999 -57.69540852808136 514.2497322410776
-52.99999999999999 -53.20661956331622 517.0073804121697
-52.99999999999999 -22.90697993753341 458.5528694596844
-52.99999999999999 -70.3643253579632 490.5379064559933
-52.99999999999999 -75.58668073178315 503.9220057202385
-52.99999999999999 -55.70126727882434 534.3610515896571
-52.99999999999999 53.96631471952503 522.1352819200218
-52.99999999999999 -84.94915344103535 439.4193424140491
-52.99999999999999 -82.65508516154934 441.7539918987415
-52.99999999999999 -86.21238706577009 547.7310554195971
-52.99999999999999 -92.15768377079122 556.9982354114759
-52.99999999999999 -14.52528067905387 382.4192922719475
-52.99999999999999 62.5806120797001 421.8451947172091
-52.99999999999999 -61.06301679886601 524.4210887076096
-52.99999999999999 -75.91904306653636 553.6974693115455
-52.99999999999999 -124.1162252743147 387.6464522593694
-52.99999999999999 19.79675312065946 523.7864537181141
-52.99999999999999 -27.95916065356084 474.4342271245921
-52.99999999999999 -30.83086757843368 475.7069496244168
-52.99999999999999 -124.7561794374955 307.2470484539869
-52.99999999999999 11.74363917120205 461.790469785003
-52.99999999999999 -31.78992626679142 262.2491876848725
-52.99999999999999 77.25095965202408 426.2211262723526
-52.99999999999999 -76.22074940318271 555.2712420699308
-52.99999999999999 -92.22593974807808 536.7199403735016
-52.99999999999999 107.0529773073936 407.8101322085637
-52.99999999999999 56.07699620045254 532.4486773699396
-52.99999999999999 87.08619405050644 411.6699783831256
-52.99999999999999 -78.75602730393348 319.1383616863565
-52.99999999999999 -73.73300028955292 550.4901190437632
-52.99999999999999 -128.6158645723291 258.3774062187425
-52.99999999999999 -124.984657263084 402.24342682206
-52.99999999999999 94.57199171256349 448.0506983450146
-52.99999999999999 73.269365820212 271.9207874798004
-52.99999999999999 111.3431678315104 262.2778083192552
-52.99999999999999 -72.84444303221244 551.695255319891
-52.99999999999999 31.92059622594926 533.0262557676758
-52.99999999999999 -127.5497077455059 520.9839353951511
-52.99999999999999 -82.37938230815654 530.1705120512557
-52.99999999999999 -123.6760729556539 567.8852647110041
-52.99999999999999 58.91551913173501 292.5892685711611
-52.99999999999999 124.0587165247278 370.690912105697
-52.99999999999999 128.588223559701 258.3614476725895
-52.99999999999999 85.1277541046769 471.8850314771165
-52.99999999999999 -13.79681408693453 535.6412558786672
-52.99999999999999 -59.71337984030667 534.8631314641708
-52.99999999999999 41.70785833394695 329.202969621168
-52.99999999999999 -36.42774024454828 496.1551149598228
-52.99999999999999 35.95477386934678 534.5838790124379
-52.99999999999999 -124.7222164083224 434.7246513214243
-52.99999999999999 -64.73755514704578 307.6843587807518
-52.99999999999999 -59.21098056126935 521.7119327138636
-52.99999999999999 42.02990084467368 440.8203249034229
-52.99999999999999 30.20141955737404 358.4622819569083
-52.99999999999999 19.30345720966935 446.8085869412932
-52.99999999999999 19.83071617848583 502.6881125920135
-52.99999999999999 92.00953665087313 510.0625055132575
-52.99999999999999 83.13533586715268 482.1827388442322
-52.99999999999999 -121.6389386864963 538.9037685411848
-52.99999999999999 -18.27981184703943 376.9858266997418
-52.99999999999999 13.1890975518344 278.1129208473558
-52.99999999999999 -32.63925663599846 525.0504166459208
-52.99999999999999 82.33948191731122 404.4385230939798
-52.99999999999999 -104.2237208278253 301.4675069786678
-52.99999999999999 -33.08482519911903 491.8060706766227
-52.99999999999999 -120.5006783099034 267.4968590067506
-52.99999999999999 15.99943091408347 286.3558118142714
-52.99999999999999 42.14254337349416 523.1394268725224
-52.99999999999999 74.96299501092669 420.3617477140779
-52.99999999999999 -124.1136468829792 303.2425810893238
-52.99999999999999 13.70698423228577 495.8792146058784
-52.99999999999999 -18.43029966458094 440.8227001364356
-52.99999999999999 -53.87282801439373 392.1220275632793
-52.99999999999999 95.8970292080481 376.046739180192
-52.99999999999999 -57.05093475015057 534.7995995372801
-52.99999999999999 -24.17967497615906 434.2003431649548
-52.99999999999999 -72.53998733298717 393.7152930740637
-52.99999999999999 -55.08793830684981 515.6396115468136
-52.99999999999999 62.50417503181676 535.1999908186
-52.99999999999999 39.68751139960924 484.7384950815777
-52.99999999999999 -73.47669421410296 528.0285596174238
-52.99999999999999 -8.571636868179247 464.7160381422879
-52.99999999999999 26.75727839505007 355.6301529477439
-52.99999999999999 129.1846355764651 283.3291370844049
-52.99999999999999 -120.0515534348102 561.4367563318161
-52.99999999999999 -23.90731522054736 529.2356670856819
-52.99999999999999 -23.18174583645303 517.0260369309061
-52.99999999999999 -113.1892480518841 300.0466696838954
-52.99999999999999 -75.49643484225656 536.4667117580551
-52.99999999999999 -17.5828856224267 372.5492301732302
-52.99999999999999 -0.594765020772469 508.0504497829074
-52.99999999999999 96.13867896534082 437.4354923713142
-52.99999999999999 -43.62318160148058 514.7765423419396
-52.99999999999999 44.04530097407411 514.9776698455777
-52.99999999999999 -88.37334044380397 436.8865029837032
-52.99999999999999 83.96525978978309 518.5794436032975
-52.99999999999999 22.7335499609339 529.1582533370772
-52.99999999999999 -58.89859984670436 517.3495752336163
-52.99999999999999 -48.61716136987663 494.9358184349011
-52.99999999999999 -29.7814440632362 427.1539190082217
-52.99999999999999 24.69721429755717 523.187503343936
-52.99999999999999 -92.16437282886143 502.4335825362621
-52.99999999999999 15.08718821541442 460.1575452758402
-52.99999999999999 67.63194741131186 267.4581715674336
-52.99999999999999 -17.32677409336114 512.5270117709255
-52.99999999999999 -127.3530464302786 517.7234971362142
-52.99999999999999 63.55120010554111 417.8114893681773
-52.99999999999999 21.13655253147368 529.6390622628707
-52.99999999999999 -52.58935457968596 540.4405722368812
-52.99999999999999 -127.5537298252461 524.2546425061993
-52.99999999999999 86.51575414409638 480.9115468290471
-52.99999999999999 -130.0719423303815 468.1181724429655
-52.99999999999999 42.58839961889347 437.2906310953956
-52.99999999999999 -88.69253195410627 557.8126688260278
-52.99999999999999 46.03846128787463 500.3542958350769
-52.99999999999999 52.50454783826315 530.9851084796255
-52.99999999999999 -128.0164115573315 550.9622363940041
-52.99999999999999 -110.2455758392413 524.8469317307868
-52.99999999999999 -34.08104535468157 495.180328845068
-52.99999999999999 -73.82500110811135 408.220983488817
-52.99999999999999 -5.31146143538603 262.1233488739566
-52.99999999999999 23.77624308258481 525.3626272692411
-52.99999999999999 -19.32748851542146 513.262578214245
-52.99999999999999 -118.1058336150481 301.8761887817344
-52.99999999999999 81.6488849846135 412.1465010716194
-52.99999999999999 110.560754384957 381.899147524012
-52.99999999999999 -77.82358396967683 537.4494207094035
-52.99999999999999 -71.617699106275 527.2241825910248
-52.99999999999999 -75.05932924849667 549.6050447436405
-52.99999999999999 22.43005885022417 445.6682854817315
-52.99999999999999 46.21717650710418 327.4751788291266
-52.99999999999999 25.25702793697452 529.6119361703288
-52.99999999999999 -24.13987715402948 413.4816513680583
-52.99999999999999 -42.92577034816246 526.3747268913048
-52.99999999999999 -15.53162191730648 511.7917962977394
-52.99999999999999 -93.09449790162942 559.0389753665313
-52.99999999999999 -87.33744292032171 545.3659651524953
-52.99999999999999 -83.89737389371528 529.465773347889
-52.99999999999999 10.21186990885716 534.6459528472809
-52.99999999999999 1.610804646636525 536.3968222564413
-52.99999999999999 -73.13367386792208 403.8115694687161
-52.99999999999999 -101.3203918592073 562.0433804737351
-52.99999999999999 70.71843925434897 374.9753572222996
-52.99999999999999 -109.6161722094762 563.9729880066786
-52.99999999999999 -70.4347595438424 541.532381528012
-52.99999999999999 107.6305043896541 404.9882426492121
-52.99999999999999 -129.0727272518232 564.6449193081954
-52.99999999999999 -26.48833453047358 483.2657308123229
-52.99999999999999 -78.87773643298007 394.8026860886438
-52.99999999999999 -22.42667544747434 455.2297433866528
-52.99999999999999 -127.5285031987746 513.9156246754593
-52.99999999999999 -32.62280594188589 518.6283912313671
-52.99999999999999 45.22377574670679 530.6321496219686
-52.99999999999999 -94.89319783087296 515.6949809598747
-52.99999999999999 -59.14414497241089 519.6721022016346
-52.99999999999999 -46.56323655942932 262.728831066043
-52.99999999999999 102.2388157436464 429.0617454742289
-52.99999999999999 83.93146780508222 476.4040702229912
-52.99999999999999 27.59811427302917 523.6648898799845
-52.99999999999999 -70.69905688881722 327.4371911117245
-52.99999999999999 -127.9031973886757 527.8917390491862
-52.99999999999999 123.8939522367453 307.9347378968448
-52.99999999999999 72.67157606487456 414.3055983135832
-52.99999999999999 -16.01115975169897 389.6685406523212
-52.99999999999999 -57.369476700906 389.297115707928
-52.99999999999999 -63.22766931863188 546.9201443698984
-52.99999999999999 54.25317258106141 520.3371295126241
-52.99999999999999 -20.1990031341144 515.8659420739365
-52.99999999999999 -90.30632773443918 535.9436250307272
-52.99999999999999 -12.54796682430544 369.7736169782008
-52.99999999999999 14.93030965066892 534.8183824242568
-52.99999999999999 -20.54857549874363 498.9516426647155
-52.99999999999999 90.01357611813327 498.5993005238154
-52.99999999999999 -100.1446616187824 545.3383115204246
-52.99999999999999 29.21505489021216 523.1020102119401
-52.99999999999999 -109.0814432281053 552.2034403558222
-52.99999999999999 38.31794045005572 370.9303599129872
-52.99999999999999 47.13165002138895 530.7186600443877
-52.99999999999999 -130.4435949713439 549.6559422915977
-52.99999999999999 56.35163287548877 528.2322349593261
-52.99999999999999 -80.11740667700722 554.9618062996327
-52.99999999999999 -58.61943437225435 535.6843383339752
-52.99999999999999 43.13608510540117 433.7741955435275
-52.99999999999999 -51.98105464872768 532.2962704516042
-52.99999999999999 66.89052840198428 530.6970666762402
-52.99999999999999 -64.66939129219726 548.581323076519
-52.99999999999999 37.42219857625189 497.6373492723183
-52.99999999999999 -22.39135744089846 442.2063444656728
-52.99999999999999 -103.4379986263028 530.3602746585159
-52.99999999999999 -78.05782995410767 301.6569253858698
-52.99999999999999 -69.33028670813532 551.8682294959077
-52.99999999999999 50.66199395139002 325.8341230464379
-52.99999999999999 24.28469241831417 415.7213018415742
-52.99999999999999 -95.44773346652865 396.500509794321
-52.99999999999999 -6.997129178904382 536.3518072324913
-52.99999999999999 -73.55302340139761 306.434813355916
-52.99999999999999 64.64864717690142 504.0548916112325
-52.99999999999999 -102.6913659109866 544.198258237637
-52.99999999999999 -65.56742619071817 528.1294026429872
-52.99999999999999 -63.62895080717639 527.2867585528254
-52.99999999999999 41.10212186635948 515.151079197601
-52.99999999999999 -94.24716573026978 501.4903942992495
-52.99999999999999 21.17739101523193 356.8720459261687
-52.99999999999999 -63.55863888928008 548.5515227754562
-52.99999999999999 -13.29137505184815 478.693706284123
-52.99999999999999 40.89905213266154 512.1575036622022
-52.99999999999999 -16.0691093100126 533.8323116380132
-52.99999999999999 -129.6935197178256 486.2392022046974
-52.99999999999999 40.87070965408812 522.0775432783124
-52.99999999999999 -124.9337047742986 375.6096312774175
-52.99999999999999 -16.99087163925202 476.8593324442865
-52.99999999999999 16.28277111433919 494.6087855466762
-52.99999999999999 83.00135630584747 527.8116893367628
-52.99999999999999 52.84627930081325 512.5533218690389
-52.99999999999999 -52.66204217792981 534.7309794315408
-52.99999999999999 24.51680099646804 498.7427201813761
-52.99999999999999 -53.36682872612645 504.2708896386818
-52.99999999999999 -8.110101684765207 500.975195773448
-52.99999999999999 -82.92492772134946 551.6675438403706
-52.99999999999999 -60.87917545088861 386.4724020037399
-52.99999999999999 -24.23997084325718 410.5384771179063
-52.99999999999999 -126.7879076585652 560.5218737918584
-52.99999999999999 -130.2599889888222 472.4542319369426
-52.99999999999999 43.68449419719721 430.1898761169256
-52.99999999999999 88.49438663117188 527.2290742864533
-52.99999999999999 51.35715932754845 321.1630614443472
-52.99999999999999 77.89733542254039 528.0082840454539
-52.99999999999999 59.5333550198331 533.7097084054665
-52.99999999999999 -5.709666935736951 478.2727587054047
-52.99999999999999 -43.99819644352142 537.7662225182936
-52.99999999999999 71.50982765790049 515.4172951330248
-52.99999999999999 -128.0133499625041 531.2150782990408
-52.99999999999999 -55.95133693931278 547.5669474933317
-52.99999999999999 37.2582832025128 511.4579196757022
-52.99999999999999 -125.3111344854728 407.485969771696
-52.99999999999999 -102.6143490654943 428.1677815800027
-52.99999999999999 128.6294047205783 276.5506527281066
-52.99999999999999 -25.94697126519375 535.0299906983566
-52.99999999999999 13.63831745231193 520.1794075301489
-52.99999999999999 76.28184278977427 528.2951692247231
-52.99999999999999 -30.35589560047019 490.7874452724586
-52.99999999999999 7.844114829157045 483.3880836964883
-52.99999999999999 -4.26426794348751 536.8923407506975
-52.99999999999999 -72.40298339001319 399.4626348489345
-52.99999999999999 30.29392142863654 364.0185073475114
-52.99999999999999 -74.62291980997887 323.9143059478959
-52.99999999999999 2.520289032191713 528.4612269031879
-52.99999999999999 -8.299072232069978 479.2966357792303
-52.99999999999999 67.24009253828508 503.1293031342216
-52.99999999999999 -32.45932752043089 523.2056267302737
-52.99999999999999 13.60164058465287 535.1309945486908
-52.99999999999999 -85.33833292061426 537.5573664076995
-52.99999999999999 -46.85645478537073 529.993910682826
-52.99999999999999 -5.167004901487056 487.2228119937723
-52.99999999999999 -25.09183395187627 453.3117845156418
-52.99999999999999 35.28341084093376 510.0863156210685
-52.99999999999999 90.80403847922402 382.3132089459842
-52.99999999999999 -75.72282456572583 545.8112356307663
-52.99999999999999 -4.866218923630829 370.7583136748889
-52.99999999999999 -94.64453959718847 512.9041439851815
-52.99999999999999 65.05647335387336 468.9973898797887
-52.99999999999999 -17.97989049435574 399.6994733270153
-52.99999999999999 -112.4648609557054 523.3234271136151
-52.99999999999999 -89.13002285489097 543.7300640250522
-52.99999999999999 -32.58387616524482 425.6166013877572
-52.99999999999999 -128.1624357859109 534.538720883414
-52.99999999999999 -113.2274219913257 466.3722374292297
-52.99999999999999 -71.61043725113694 519.9678377217542
-52.99999999999999 1.197236599210713 526.9616622183568
-52.99999999999999 -49.51894780000231 533.258711176526
-52.99999999999999 -61.27291314032995 532.9844074589464
-52.99999999999999 -34.21112742230992 519.5366436482375
-52.99999999999999 58.73945781018603 530.6980315383753
-52.99999999999999 28.99907146793741 440.5575459296209
-52.99999999999999 118.9026530403 367.4682673260938
-52.99999999999999 67.29669625048327 372.0689028419567
-52.99999999999999 -43.41151160846191 512.5791046099248
-52.99999999999999 56.98515320072735 318.1950002549478
-52.99999999999999 -19.77418551098349 408.1606464362599
-52.99999999999999 18.57790494454235 493.626046467269
-52.99999999999999 -48.60051424453561 530.7532877849354
-52.99999999999999 -84.20147760136683 549.1053202388896
-52.99999999999999 59.85114525009279 531.6695657293191
-52.99999999999999 22.94748963180481 503.9694247814184
-52.99999999999999 -93.4152776782054 554.455119714948
-52.99999999999999 89.27858612536318 517.9900063287032
-52.99999999999999 -10.84385721594113 462.9169855735842
-52.99999999999999 129.511247044855 395.7204937886807
-52.99999999999999 26.58481085557851 524.2773762506547
-52.99999999999999 110.8881924132403 376.5640669063366
-52.99999999999999 -5.0970817192714 367.5746182621903
-52.99999999999999 -27.85750950114872 489.7547699719495
-52.99999999999999 -99.60707740746139 549.8386381088771
-52.99999999999999 26.61626957680812 529.1697861981522
-52.99999999999999 64.90699009763712 531.0466080837651
-52.99999999999999 124.4658339672284 343.7601026979406
-52.99999999999999 39.98434762068923 414.0235822744033
-52.99999999999999 81.64060641140881 407.2317659361494
-52.99999999999999 24.72192794665308 459.1203070379623
-52.99999999999999 123.9927593760571 327.0092449780221
-52.99999999999999 -87.70182506552956 557.535457892138
-52.99999999999999 -43.13641574033302 510.3174246627497
-52.99999999999999 -90.16165124761382 291.8325196855901
-52.99999999999999 77.17729203873465 503.3024201821844
-52.99999999999999 -77.72739271896259 315.6628961234889
-52.99999999999999 89.2545237437779 503.9319025316451
-52.99999999999999 -107.9852591471185 465.1232084380293
-52.99999999999999 -44.74997294935589 524.1822432427482
-52.99999999999999 126.1858517733634 385.4584027531437
-52.99999999999999 -128.2413919103842 537.7579515623745
-52.99999999999999 -28.33610768093346 478.7037659787722
-52.99999999999999 -119.6361496464147 312.3665188875533
-52.99999999999999 -85.91554844081286 555.0510191530075
-52.99999999999999 85.62304980265633 515.4273357221314
-52.99999999999999 -66.7354202464943 528.9919160224568
-52.99999999999999 67.60799449077845 471.1178095251809
-52.99999999999999 -103.9921097167906 558.5740348262082
-52.99999999999999 -20.04367593872472 405.2862924459236
-52.99999999999999 -93.1395330079462 556.5315065022183
-52.99999999999999 -64.8654484778246 516.5580258942903
-52.99999999999999 -76.77580558415755 298.2426767169951
-52.99999999999999 89.71075190645519 508.2619471229287
-52.99999999999999 54.59022345685994 518.506490362431
-52.99999999999999 8.342741294048134 535.2774826322664
-52.99999999999999 17.31018800112792 362.9938835304145
-52.99999999999999 -125.6168823003096 412.8551102167788
-52.99999999999999 -50.1347936471108 513.287610255844
-52.99999999999999 -85.5537962274355 296.8629777983731
-52.99999999999999 23.35594268743961 283.8035799181684
-52.99999999999999 -6.103177615154931 500.1866716390542

CELLS 15299 60430
1 0
1 1
1 2
1 3
1 4
1 5
1 6
1 7
1 8
1 9
1 10
1 11
1 12
1 13
1 14
1 15
1 16
1 17
1 18
1 19
1 20
1 21
1 22
1 23
1 24
1 25
1 26
1 27
1 28
1 29
1 30
1 31
1 32
1 33
1 34
1 35
1 36
1 37
1 38
1 39
1 40
1 41
1 42
1 43
1 44
1 45
1 46
1 47
1 48
1 49
1 50
1 51
1 52
1 53
1 54
1 55
1 56
1 57
1 58
1 59
1 60
1 61
1 62
1 63
1 64
1 65
1 66
1 67
1 68
1 69
1 70
1 71
1 72
1 73
1 74
1 75
1 76
1 77
1 78
1 79
1 80
1 81
1 82
1 83
1 84
1 85
1 86
1 87
1 88
1 89
1 90
1 91
1 92
1 93
1 94
1 95
1 96
1 97
1 98
1 99
1 100
1 101
1 102
1 103
1 104
1 105
1 106
1 107
1 108
1 109
1 110
1 111
1 112
1 113
1 114
1 115
1 116
1 117
1 118
1 119
1 120
1 121
1 122
1 123
1 124
1 125
1 126
1 127
1 128
1 129
1 130
1 131
1 132
1 133
1 134
1 135
1 136
1 137
1 138
1 139
1 140
1 141
1 142
1 143
1 144
1 145
1 146
1 147
1 148
1 149
1 150
1 151
1 152
1 153
1 154
1 155
1 156
1 157
1 158
1 159
1 160
1 161
1 162
1 163
1 164
1 165
1 166
1 167
1 168
1 169
1 170
1 171
1 172
1 173
1 174
1 175
1 176
1 177
1 178
1 179
1 180
1 181
1 182
1 183
1 184
1 185
1 186
1 187
1 188
1 189
1 190
1 191
1 192
1 193
1 194
1 195
1 196
1 197
1 198
1 199
1 200
2 0 1
2 1 2
2 2 3
2 3 4
2 4 5
2 5 6
2 6 7
2 7 8
2 8 9
2 9 10
2 10 11
2 11 12
2 12 13
2 13 14
2 14 15
2 15 16
2 16 17
2 17 18
2 18 19
2 19 20
2 20 21
2 21 22
2 22 23
2 23 24
2 24 25
2 25 26
2 26 27
2 27 28
2 28 29
2 29 30
2 30 31
2 31 32
2 32 33
2 33 34
2 34 35
2 35 36
2 36 37
2 37 38
2 38 39
2 39 40
2 40 41
2 41 42
2 42 43
2 43 44
2 44 45
2 45 46
2 46 47
2 47 48
2 48 49
2 49 50
2 50 51
2 51 52
2 52 53
2 53 54
2 54 55
2 55 56
2 56 57
2 57 58
2 58 59
2 59 60
2 60 61
2 61 62
2 62 63
2 63 64
2 64 65
2 65 66
2 66 67
2 67 68
2 68 69
2 69 70
2 70 71
2 71 72
2 72 73
2 73 74
2 74 75
2 75 76
2 76 77
2 77 78
2 78 79
2 79 80
2 80 81
2 81 82
2 82 83
2 83 84
2 84 85
2 85 86
2 86 87
2 87 88
2 88 89
2 89 90
2 90 91
2 91 92
2 92 93
2 93 94
2 94 95
2 95 96
2 96 97
2 97 98
2 98 99
2 99 100
2 100 101
2 101 102
2 102 103
2 103 104
2 104 105
2 105 106
2 106 107
2 107 108
2 108 109
2 109 110
2 110 111
2 111 112
2 112 113
2 113 114
2 114 115
2 115 116
2 116 117
2 117 118
2 118 119
2 119 120
2 120 121
2 121 122
2 122 123
2 123 124
2 124 125
2 125 126
2 126 127
2 127 128
2 128 129
2 129 130
2 130 131
2 131 132
2 132 133
2 133 134
2 134 135
2 135 136
2 136 137
2 137 138
2 138 139
2 139 140
2 140 141
2 141 142
2 142 143
2 143 144
2 144 145
2 145 146
2 146 147
2 147 148
2 148 149
2 149 150
2 150 151
2 151 152
2 152 153
2 153 154
2 154 155
2 155 156
2 156 157
2 157 158
2 158 159
2 159 160
2 160 161
2 161 162
2 162 163
2 163 164
2 164 165
2 165 166
2 166 167
2 167 168
2 168 169
2 169 201
2 201 202
2 202 203
2 203 204
2 204 170
2 170 205
2 205 206
2 206 207
2 207 208
2 208 209
2 209 171
2 171 210
2 210 211
2 211 212
2 212 213
2 213 172
2 172 214
2 214 215
2 215 216
2 216 173
2 173 174
2 174 175
2 175 176
2 176 217
2 217 177
2 177 178
2 178 179
2 179 180
2 180 181
2 181 182
2 182 183
2 183 184
2 184 185
2 185 186
2 186 187
2 187 188
2 188 189
2 189 190
2 190 191
2 191 192
2 192 193
2 193 194
2 194 195
2 195 196
2 196 197
2 197 198
2 198 218
2 218 219
2 219 220
2 220 221
2 221 222
2 222 223
2 223 224
2 224 225
2 225 226
2 226 227
2 227 228
2 228 229
2 229 230
2 230 231
2 231 232
2 232 233
2 233 234
2 234 235
2 235 236
2 236 237
2 237 238
2 238 239
2 239 240
2 240 241
2 241 242
2 242 243
2 243 199
2 199 244
2 244 245
2 245 246
2 246 247
2 247 248
2 248 249
2 249 250
2 250 251
2 251 252
2 252 253
2 253 254
2 254 255
2 255 256
2 256 257
2 257 258
2 258 259
2 259 260
2 260 261
2 261 262
2 262 263
2 263 264
2 264 265
2 265 266
2 266 267
2 267 268
2 268 269
2 269 270
2 270 271
2 271 272
2 272 273
2 273 274
2 274 275
2 275 276
2 276 277
2 277 278
2 278 279
2 279 280
2 280 281
2 281 282
2 282 283
2 283 284
2 284 285
2 285 286
2 286 287
2 287 288
2 288 289
2 289 290
2 290 291
2 291 292
2 292 200
2 200 293
2 293 294
2 294 295
2 295 296
2 296 297
2 297 298
2 298 299
2 299 300
2 300 301
2 301 302
2 302 303
2 303 304
2 304 305
2 305 306
2 306 307
2 307 308
2 308 309
2 309 310
2 310 311
2 311 312
2 312 313
2 313 314
2 314 315
2 315 316
2 316 317
2 317 318
2 318 319
2 319 320
2 320 321
2 321 322
2 322 323
2 323 324
2 324 325
2 325 326
2 326 327
2 327 328
2 328 329
2 329 330
2 330 331
2 331 332
2 332 333
2 333 334
2 334 335
2 335 336
2 336 337
2 337 338
2 338 339
2 339 340
2 340 341
2 341 342
2 342 343
2 343 344
2 344 345
2 345 346
2 346 347
2 347 348
2 348 349
2 349 350
2 350 351
2 351 352
2 352 353
2 353 354
2 354 355
2 355 356
2 356 357
2 357 358
2 358 359
2 359 360
2 360 361
2 361 362
2 362 363
2 363 0
3 761 4866 5329
3 2521 2453 6154
3 1129 5421 6222
3 2143 4591 4942
3 4255 3478 5763
3 3216 4541 5035
3 4593 4552 6574
3 1806 5569 7203
3 731 733 5346
3 4808 1776 6934
3 4508 459 6321
3 384 4226 4322
3 733 735 4425
3 5212 4519 5213
3 2849 2550 4407
3 1279 4183 4847
3 4630 3468 5265
3 5421 1129 6206
3 2932 4462 4463
3 5410 6262 6865
3 4231 3231 4711
3 1399 4131 5631
3 4501 1493 4503
3 5005 4526 5930
3 5569 4180 7203
3 2932 2803 4462
3 6278 1512 6296
3 461 4225 5589
3 4811 3829 5389
3 3346 4436 5009
3 3571 3154 6155
3 733 4425 5346
3 2095 5141 5142
3 4131 1399 5975
3 4183 1279 4848
3 5253 2404 5255
3 5141 2095 7310
3 5845 2240 5924
3 4660 2392 5984
3 3918 4808 6934
3 2932 4463 4464
3 5631 5629 7217
3 5339 4180 5569
3 4363 4192 5574
3 4997 4608 7088
3 4131 5975 6113
3 4405 2849 4407
3 5421 4246 6222
3 3386 5339 5569
3 2404 5253 6058
3 4688 5269 6840
3 4584 6811 7135
3 1711 4278 4863
3 2099 2502 6706
3 4253 4131 6113
3 5885 4619 6564
3 4353 6278 6296
3 4436 3806 5009
3 3829 4218 5389
3 4372 491 4374
3 6892 4596 7523
3 4217 453 7441
3 3478 4255 5764
3 4970 5421 6206
3 457 4429 4430
3 4123 6260 6277
3 2374 5005 5930
3 3331 4177 5226
3 5490 755 6598
3 1669 4687 7305
3 6087 3670 6418
3 413 4684 5675
3 6262 4625 6865
3 4591 2143 4943
3 5835 4658 7368
3 4148 482 6500
3 4418 4420 6469
3 5757 3421 5980
3 6811 3283 7135
3 4231 4711 5184
3 3250 5673 5675
3 1044 4245 4721
3 6832 3822 7408
3 433 5270 5503
3 391 4415 5682
3 1700 1698 4893
3 1198 1202 4640
3 1669 1782 4687
3 4690 1715 5925
3 5546 2347 6640
3 280 281 5674
3 416 4222 5222
3 4820 428 4821
3 2053 2055 4474
3 4999 5001 6724
3 494 4527 4796
3 3723 4165 5977
3 4461 383 5107
3 4284 2438 4285
3 6260 2112 6277
3 3842 3409 6753
3 1399 5631 7217
3 1592 4363 5574
3 4740 3463 4743
3 3663 4658 5835
3 500 6544 7060
3 2531 4588 5029
3 4429 457 5088
3 4245 1044 4720
3 358 359 4333
3 4225 461 4701
3 3371 4850 7006
3 5844 2240 5845
3 2549 4634 7483
3 6474 4744 6994
3 4297 438 5669
3 4880 1377 4899
3 4530 3813 4531
3 4211 4208 6415
3 62 63 4795
3 3822 4079 7408
3 4364 2255 6434
3 5177 3531 7467
3 4244 2142 4733
3 3723 5202 6412
3 6420 3585 6963
3 3247 4189 4917
3 3110 3108 5222
3 4829 6386 6531
3 1181 1120 4535
3 1128 1132 5899
3 5069 6892 7523
3 4374 491 4504
3 4406 5546 6640
3 4165 3723 6412
3 3421 4626 5980
3 5555 4857 6247
3 5213 4519 5214
3 1992 2061 5542
3 5673 3250 6801
3 4738 3463 4740
3 3855 4688 6840
3 1709 4253 6113
3 5675 4684 6756
3 482 4148 6973
3 3388 4790 5223
3 4527 494 4795
3 1519 1517 6795
3 3655 4725 5537
3 2253 4328 4329
3 1715 5220 5925
3 4253 1709 6285
3 3331 5226 6185
3 438 4297 5858
3 3635 4999 6724
3 3592 3596 5304
3 4035 3995 5638
3 4462 2803 4631
3 4503 1493 5537
3 1377 4880 7453
3 2855 5555 6247
3 164 165 4417
3 5965 502 6691
3 6058 5254 7236
3 2513 4190 4910
3 5069 2849 6892
3 4521 4518 5215
3 4849 4848 5473
3 430 357 4459
3 2816 6315 6326
3 4431 5731 6667
3 4382 2784 4575
3 4222 416 4679
3 4414 405 5024
3 5253 5254 6058
3 4866 761 5350
3 4648 4647 6504
3 3532 3531 5177
3 2142 4244 4720
3 6035 2089 7081
3 4226 384 5511
3 2549 2936 4634
3 2414 5187 6788
3 3758 4379 5011
3 6100 3716 6883
3 716 714 6357
3 6315 4281 6326
3 480 4682 4684
3 4332 3448 4862
3 1782 4191 4687
3 6500 3690 6802
3 2795 5058 5060
3 4619 2502 6564
3 5202 3723 6727
3 5680 3999 6684
3 1402 4670 6657
3 4658 3663 4659
3 3772 5938 6336
3 481 4279 5674
3 5137 5140 6836
3 4437 4255 5763
3 2255 4686 6434
3 1524 1521 4754
3 4191 1782 4736
3 766 1931 4597
3 4647 419 6504
3 5743 5706 6615
3 4289 1181 4535
3 459 4307 6321
3 4044 6420 6963
3 1490 3592 5304
3 4535 1128 5899
3 4279 481 5673
3 3216 5035 5427
3 1120 1128 4535
3 755 5490 6862
3 6277 2261 7156
3 436 4316 6406
3 453 4217 4333
3 2055 2641 4474
3 4738 3870 6909
3 3232 3923 5325
3 2840 4248 5905
3 4316 3837 6406
3 3749 6735 6969
3 6628 5110 6912
3 3663 3664 4659
3 2102 4888 4890
3 5494 500 7060
3 3645 5433 5855
3 735 800 4425
3 4334 2225 4336
3 3448 3266 4862
3 5706 435 6615
3 1931 4311 4597
3 3528 4274 5114
3 1240 1345 4537
3 153 4375 7036
3 2273 4465 6614
3 2502 4619 6706
3 4190 2513 5960
3 3935 3936 5518
3 5167 6354 6637
3 6735 4369 6969
3 357 358 4459
3 4203 5965 6691
3 4103 6035 7081
3 5029 4588 6420
3 5291 1885 6042
3 4123 6277 7156
3 366 4483 6063
3 800 4275 4425
3 2299 4246 5084
3 6354 2308 6637
3 4137 5685 5809
3 5270 3580 5503
3 5390 6087 6418
3 779 788 5453
3 5057 1612 6096
3 359 453 4333
3 2531 5209 6427
3 804 830 6696
3 407 4377 5564
3 358 4333 4459
3 1612 5057 5087
3 2061 5186 5542
3 4850 4140 7006
3 6386 4550 6531
3 4439 4117 4992
3 4550 4546 4562
3 3580 5271 5272
3 3298 4629 5266
3 2732 4320 6804
3 4421 4418 6469
3 1685 4691 4693
3 4278 1711 7522
3 3024 4668 4669
3 1685 4693 4744
3 4283 3590 7546
3 4190 5960 6373
3 441 4489 6467
3 3654 6628 6912
3 760 766 4597
3 3228 5971 6942
3 4208 4206 6415
3 3424 6532 6777
3 4189 3247 6167
3 4246 2299 6222
3 5070 376 5072
3 2641 4468 4470
3 5650 4135 6340
3 4811 1181 6228
3 3323 6835 7336
3 6146 4845 6569
3 4135 5650 6794
3 2795 5060 6109
3 710 708 5328
3 2459 4538 5739
3 3728 5422 5497
3 4588 2531 6427
3 5459 755 6607
3 5303 1512 6459
3 5124 1225 5126
3 4379 1750 5011
3 56 57 4504
3 6532 4413 6777
3 4025 6531 6602
3 706 704 5350
3 4736 2155 6196
3 5114 4274 5854
3 218 459 4310
3 5679 5680 6684
3 2484 4234 5310
3 6550 6184 7118
3 755 5459 6598
3 4182 5291 6042
3 4250 6877 6939
3 1590 4437 5763
3 5799 3529 6991
3 4838 4847 6397
3 469 4288 7427
3 4026 4845 6146
3 1512 5303 6296
3 2936 3459 6688
3 4630 5265 5266
3 4188 3509 6392
3 4365 6411 6972
3 493 164 4417
3 3069 4718 5974
3 3509 4188 7283
3 5971 5403 6942
3 3247 2532 6167
3 3378 5260 6443
3 5960 3086 6373
3 3767 6494 6555
3 5176 6161 7424
3 480 4684 6814
3 1914 4593 6574
3 3347 4439 4992
3 2641 4470 4474
3 3252 4052 5764
3 5187 4482 6788
3 3590 4283 4644
3 4066 4821 5755
3 5072 376 6453
3 4187 486 6509
3 447 4156 6407
3 4732 4730 6462
3 2438 4284 4672
3 4850 3848 6582
3 6161 5176 6433
3 714 4356 6357
3 5260 3378 6617
3 4288 469 6849
3 4234 2484 6458
3 1454 1455 5601
3 4571 3288 4572
3 4863 4278 5661
3 4608 6704 7088
3 4313 2155 4816
3 5723 6371 6522
3 4378 4567 5267
3 4173 3771 6624
3 3512 5548 6005
3 4024 5990 7175
3 3829 4811 6228
3 6167 2532 7347
3 3531 4181 7467
3 4498 3747 6394
3 4670 1402 6737
3 2874 5408 7481
3 5127 5122 6335
3 1026 1028 6252
3 4674 6294 7256
3 4275 800 5548
3 5030 5031 6280
3 3047 6572 6793
3 4718 4716 5974
3 5611 5161 5612
3 1679 1781 5232
3 3074 4233 5962
3 49 50 6431
3 454 5347 5348
3 3580 5270 5271
3 4821 428 5755
3 3024 4667 4668
3 6335 5122 7225
3 4311 1931 4627
3 4155 5511 6741
3 4175 5548 6479
3 4233 3074 6272
3 3948 5627 7001
3 3288 3045 4572
3 453 4637 7441
3 6373 3086 6511
3 4692 4691 6685
3 491 56 4504
3 4596 4406 6640
3 4156 447 7016
3 5031 4134 6280
3 6494 4493 6555
3 3190 3580 5272
3 6608 5768 6871
3 372 4178 6249
3 5140 3135 6836
3 2240 5844 6477
3 6582 3848 6674
3 4178 372 6597
3 6572 4661 6793
3 3068 4498 6394
3 5299 5298 6810
3 4575 2784 4655
3 153 154 4375
3 5938 5939 6336
3 2874 3236 5408
3 3596 5302 5304
3 6747 5779 7002
3 4847 4183 6397
3 3881 3880 4475
3 5682 4415 6500
3 4669 3464 5179
3 457 4430 6908
3 372 5306 6860
3 6597 372 6860
3 1181 4289 6228
3 1704 1700 4893
3 2590 5962 6977
3 1150 5167 5378
3 4634 2936 6688
3 3771 4173 6772
3 378 4428 5722
3 2202 5324 6918
3 354 355 6570
3 6194 4986 6329
3 5237 2112 7074
3 3936 3939 5518
3 2876 2549 7483
3 3463 4738 6909
3 5340 4983 7391
3 5024 405 5025
3 5844 4664 6477
3 448 6662 6833
3 953 1240 4537
3 5612 5161 7116
3 394 4423 4940
3 4143 396 6841
3 5060 4801 6109
3 870 5310 6837
3 4829 4025 5707
3 2121 4983 5340
3 2001 1198 4640
3 2946 4317 4338
3 3373 5348 5349
3 4465 4463 6614
3 6294 4414 7256
3 1781 4466 5232
3 370 4522 4524
3 3086 3330 6511
3 4292 2521 6154
3 4874 3842 6753
3 4428 378 6826
3 692 676 5537
3 355 4632 6570
3 3022 4653 6224
3 4531 3813 6502
3 5058 2795 6075
3 5668 478 5873
3 4988 4162 5144
3 4653 3022 5857
3 6704 3824 7088
3 5303 6459 6622
3 6635 3866 6650
3 4734 4242 6686
3 379 6220 6731
3 396 4143 7001
3 4182 6042 6421
3 4842 1621 7186
3 2840 2052 7194
3 4191 4736 6196
3 5305 779 5453
3 2104 4337 5735
3 2155 4313 6196
3 4321 4051 4499
3 6585 2249 6588
3 4415 3690 6500
3 4212 4214 4637
3 3590 4512 7546
3 428 4820 6431
3 3108 3474 5222
3 3866 3867 6650
3 454 5348 6966
3 714 712 4356
3 1531 1528 5783
3 3529 5729 6991
3 4312 6585 6588
3 4162 3338 5144
3 5685 483 5809
3 3154 3323 6155
3 4216 4212 4637
3 6538 4042 7015
3 266 267 4814
3 402 2565 5617
3 6531 4562 6602
3 4019 4581 5554
3 2505 4595 6183
3 4896 6237 6441
3 5422 4473 5497
3 4659 4660 5984
3 4446 474 5608
3 3899 5411 5412
3 4732 2070 5032
3 2863 6474 6994
3 4581 3299 5554
3 4415 391 5815
3 4516 4517 5214
3 496 4395 6518
3 4035 5638 5639
3 4281 1450 6000
3 6352 2840 7194
3 5947 1330 6486
3 486 4187 7175
3 2253 4329 4356
3 2225 4334 4639
3 6493 3845 6658
3 4407 2550 4408
3 4215 6078 6410
3 5779 4027 7002
3 4657 425 5234
3 4421 3044 7184
3 4442 3884 6489
3 4375 3964 7036
3 3884 6220 6489
3 4754 1519 6795
3 4429 5088 7259
3 4025 4023 5707
3 5433 3645 6464
3 1091 4997 7088
3 487 5106 5107
3 4353 4640 5997
3 6833 4420 7444
3 3869 4794 6216
3 2001 4352 4641
3 3233 3232 5325
3 180 181 4072
3 5304 5303 6622
3 4586 4732 6462
3 3448 4332 4863
3 5077 6559 6635
3 452 4321 4499
3 3758 5011 7509
3 4626 3421 5802
3 1994 5102 7455
3 3375 6502 6734
3 2372 4857 6195
3 433 5503 7269
3 4352 2001 4640
3 3867 4935 6650
3 4242 4734 6972
3 442 4845 6563
3 5739 4538 6789
3 5111 4837 6241
3 4801 6682 6796
3 4353 5997 6278
3 4455 439 6361
3 3330 5228 6511
3 5857 3022 6214
3 5322 3233 5325
3 281 481 5674
3 401 280 5674
3 1402 4465 6656
3 6451 1553 6568
3 3620 3621 5068
3 2438 2092 6378
3 2102 4890 4893
3 5084 4438 6227
3 4507 6437 6495
3 4262 4787 6540
3 6437 3557 6495
3 1491 731 5346
3 217 177 402
3 4317 2946 4750
3 3045 1873 6334
3 3950 5111 6241
3 4248 2840 6352
3 4691 1685 6685
3 4306 440 6971
3 494 62 4795
3 4567 2975 5267
3 4280 6780 6907
3 6155 3323 7336
3 4386 4182 6421
3 2714 2505 6183
3 5086 5087 6432
3 5484 3480 6259
3 1698 2102 4893
3 3370 4291 7488
3 4857 4855 6195
3 6554 4300 6668
3 3544 6458 6923
3 4377 4629 5564
3 3995 3994 5638
3 491 4372 6153
3 5027 3142 5907
3 4723 5857 6214
3 4328 2253 5328
3 5990 4024 6602
3 3423 3201 5511
3 1528 4639 5783
3 3343 4366 6166
3 5220 3739 5925
3 1084 1091 6796
3 3468 4630 5267
3 6378 2092 7365
3 3415 3416 4508
3 5102 1994 5542
3 4519 5212 5215
3 4848 1279 5473
3 5443 6000 6073
3 4427 6451 6568
3 6371 4534 6522
3 63 370 4795
3 1225 5124 5128
3 3761 5425 6069
3 6305 140 6676
3 4572 3045 6334
3 1621 4842 7313
3 3814 3008 5489
3 2392 4660 5575
3 6377 6095 7047
3 5035 2732 5427
3 4300 4299 6668
3 2453 2784 6154
3 439 4455 7138
3 4046 5338 7117
3 5412 2680 6425
3 5627 3948 6677
3 5659 485 6858
3 4255 3252 5764
3 2299 5084 6227
3 4416 4280 6907
3 1450 4281 6315
3 4551 2623 6574
3 2820 6513 6978
3 2456 6654 6761
3 5453 804 6696
3 4888 2102 4894
3 6559 3866 6635
3 4781 4780 6243
3 4051 4321 7311
3 6529 6874 7004
3 2335 2512 4667
3 4753 4751 4782
3 2556 4432 4434
3 425 4657 7166
3 6626 4330 6739
3 3647 3742 4641
3 4604 2458 4780
3 6158 3990 7146
3 4445 3457 5116
3 2154 4636 5228
3 2202 4456 6819
3 3985 5606 5607
3 3266 3652 4862
3 4935 3867 6751
3 4519 4516 5214
3 4325 3078 6090
3 4440 427 5665
3 6599 2304 6620
3 5065 2497 7284
3 632 1816 5386
3 4709 3822 6832
3 3766 3367 5096
3 4753 6137 6998
3 6877 975 6939
3 4320 2732 7258
3 4483 366 7212
3 447 153 7036
3 3705 7021 7023
3 3596 4827 5302
3 5411 3899 5413
3 4005 4957 6896
3 2623 4551 7172
3 3233 5322 5326
3 4794 3869 6671
3 4670 2773 5769
3 4465 1402 6657
3 4310 459 4508
3 4801 5060 6682
3 4728 6599 6620
3 1521 1519 4754
3 5028 4944 7364
3 6000 1450 6073
3 5298 3823 6810
3 3373 5349 6475
3 4629 4630 5266
3 4369 4368 7086
3 4291 3370 5947
3 3044 4421 6469
3 6911 960 6930
3 4518 4519 5215
3 4891 4646 6525
3 5228 4636 6511
3 6940 4740 6992
3 7021 5063 7023
3 5338 4046 7193
3 4216 4637 7366
3 6137 4753 7395
3 2497 5065 7338
3 2112 6260 7074
3 4456 2202 6918
3 2817 4891 6441
3 5144 6965 7057
3 4468 2641 5178
3 6758 2492 6905
3 2271 6318 6813
3 4509 6758 6905
3 1901 2520 4536
3 6548 5483 6720
3 427 4440 6463
3 4840 6911 6930
3 4129 6550 7118
3 4735 4773 6306
3 5217 3739 5220
3 5087 5057 6432
3 3375 3340 6502
3 4892 2284 4896
3 4538 2459 5761
3 4954 6505 6631
3 5408 3236 7046
3 4721 4245 6179
3 4526 5005 7328
3 5318 5316 5326
3 2632 5136 5137
3 5823 4491 5824
3 1493 4501 6141
3 3916 5645 5646
3 2284 4892 4895
3 4725 3655 7223
3 5694 3473 7531
3 6969 4369 7086
3 3634 4721 6179
3 4412 4175 6479
3 3142 5027 6168
3 5962 4233 6977
3 6498 6692 6773
3 5546 4005 6896
3 5666 4452 6629
3 4741 4740 6940
3 5077 5076 6375
3 3007 5488 5489
3 4862 3652 5834
3 4027 4602 7002
3 4907 3586 6471
3 1994 1992 5542
3 5310 4234 6837
3 3716 5425 6883
3 489 4476 5572
3 4459 3571 6155
3 3104 1500 5413
3 485 5703 6858
3 6639 4561 6679
3 5079 2456 6761
3 4376 720 4675
3 4790 3388 7263
3 1415 4944 5028
3 4568 4570 5487
3 4635 426 6644
3 3132 4781 6243
3 5546 6896 7051
3 3841 5683 6890
3 3214 5131 6147
3 6505 2890 6631
3 3478 5764 5800
3 3990 6158 7178
3 2225 1524 4754
3 4904 3953 5994
3 2121 4985 6245
3 3310 3434 4605
3 3964 3889 7036
3 4821 4066 7405
3 2626 6626 6739
3 4336 2225 4754
3 4646 4891 6457
3 6965 5339 7057
3 3899 5412 6425
3 4580 4626 5802
3 5764 2145 5800
3 4432 2556 4799
3 2702 2700 4580
3 3652 4683 5834
3 2132 2130 4722
3 5293 6745 6829
3 6744 3360 6746
3 2095 5142 6075
3 6237 2817 6441
3 440 4306 6843
3 1528 1526 4639
3 293 294 5658
3 955 5835 7368
3 4773 2187 6306
3 4458 6922 6970
3 5406 5408 7046
3 712 2253 4356
3 5703 3471 5726
3 4081 5275 7171
3 3359 3360 6744
3 6747 2742 7130
3 2211 4360 6415
3 2289 4970 6206
3 3380 3190 5272
3 4907 6471 7087
3 51 52 5755
3 5479 4056 6723
3 4716 2196 5974
3 4970 2289 6329
3 398 7093 7363
3 6220 3884 6731
3 5365 5481 6708
3 2424 5480 6106
3 2101 6388 6508
3 5855 4834 6298
3 4457 4458 6970
3 6745 1460 6829
3 4376 5509 6014
3 3955 6843 6926
3 5232 4467 5233
3 4307 3474 6127
3 5378 5169 6251
3 2466 4568 5487
3 4891 2817 6457
3 4919 4920 6625
3 4552 4551 6574
3 4025 4829 6531
3 5112 2790 7132
3 2308 5163 6637
3 4589 1212 5615
3 3410 3310 4605
3 4342 314 6917
3 7093 4247 7363
3 3272 6117 6332
3 4222 3110 5222
3 1058 1060 5612
3 4431 363 5731
3 4489 4491 6467
3 5480 4478 6106
3 4751 1423 4782
3 7075 4294 7115
3 173 174 4104
3 2955 5077 6375
3 4394 6092 6341
3 4546 4545 4562
3 6563 4771 6851
3 6621 4474 7278
3 4294 4600 7115
3 3546 5535 6365
3 4474 4472 7278
3 6265 5162 7299
3 4502 5505 5711
3 4815 6596 6666
3 4902 2881 4904
3 4532 422 6497
3 802 791 6141
3 6612 2172 6641
3 314 4342 7089
3 4560 4561 6639
3 4640 1202 5997
3 4522 370 4759
3 4345 2008 5961
3 4360 2211 6414
3 7002 4602 7125
3 4574 1415 6111
3 1814 1886 4672
3 378 5722 5723
3 3848 4280 6674
3 4630 4378 5267
3 1189 1187 5138
3 4012 6612 6641
3 500 5494 6601
3 4899 4259 5235
3 2451 6718 7394
3 4372 4065 6153
3 3024 2335 4667
3 5598 1552 5600
3 4427 6568 6630
3 5436 5295 5438
3 720 4376 6014
3 4643 4278 7522
3 4790 4791 5223
3 2603 4822 4860
3 217 402 5617
3 6662 5216 6833
3 5427 2732 6804
3 773 779 5305
3 2044 5847 7149
3 448 6833 7444
3 5847 2044 7145
3 4721 3634 4834
3 4849 5473 7083
3 2604 5000 5003
3 5677 5678 7108
3 4521 5215 5930
3 439 266 4814
3 1212 1149 5615
3 5162 6265 6895
3 5494 5549 6601
3 4431 6667 7120
3 6596 2010 6666
3 4710 3102 6536
3 3448 4863 5661
3 4318 469 6526
3 4363 1592 6332
3 708 761 5328
3 4104 174 7252
3 6794 5650 7158
3 4983 2121 6245
3 788 804 5453
3 5606 3985 6971
3 5059 1333 6682
3 1696 640 4894
3 959 4458 6765
3 7108 5678 7174
3 503 6908 7120
3 3242 1679 5232
3 466 4358 7456
3 5215 2374 5930
3 361 504 4582
3 4436 3346 5010
3 1816 4727 5386
3 6078 4215 6079
3 4879 4882 4883
3 5275 4081 7275
3 5038 5907 6169
3 4426 4427 6630
3 6388 4309 6508
3 4309 2456 6508
3 1091 4800 6796
3 704 2251 5350
3 1345 2946 4537
3 4541 3216 5036
3 501 49 6431
3 3361 5225 6546
3 2632 5137 5138
3 2615 6608 6871
3 4439 3347 5567
3 1697 1699 5708
3 987 4386 6421
3 949 5470 6757
3 4683 4298 5834
3 2708 4577 4579
3 1415 4574 4944
3 1132 1212 5899
3 4280 3848 6780
3 370 4524 4795
3 402 177 506
3 4641 4642 5993
3 4393 4394 6341
3 3951 4710 6536
3 6458 4167 6923
3 6528 4511 6690
3 4476 489 7256
3 3588 3984 4966
3 4725 4503 5537
3 5122 5121 5123
3 4836 4635 6644
3 487 5107 6675
3 88 422 4532
3 2253 710 5328
3 5509 2774 6014
3 4391 4392 6052
3 4458 959 6922
3 5167 5166 5378
3 4319 6493 6658
3 4714 2196 4716
3 2334 2094 6075
3 3567 4631 4774
3 4860 4822 7405
3 3363 4907 5803
3 3024 4669 5179
3 3586 3288 6454
3 865 5715 6732
3 3645 5855 6298
3 1130 4438 4924
3 169 201 4127
3 5599 5961 6163
3 5142 5058 6075
3 2466 4528 4568
3 442 6563 6851
3 761 706 5350
3 4282 416 6891
3 6513 4912 6978
3 4702 4704 6188
3 1552 5598 5602
3 456 92 4563
3 202 436 4496
3 4638 4155 6741
3 218 219 459
3 3586 6454 6471
3 1386 1504 5559
3 1272 5251 5473
3 6052 4392 7426
3 2289 6194 6329
3 4337 2104 6648
3 2892 5485 7191
3 4810 5006 5185
3 4292 4498 7147
3 3404 5704 5994
3 6016 3378 6443
3 4259 4899 7425
3 4366 3343 7506
3 2070 4732 7244
3 5548 4175 6005
3 3078 4325 6538
3 5324 5325 6918
3 4495 2144 5420
3 5650 400 7158
3 76 368 4545
3 4966 3984 5199
3 5485 2892 7416
3 3007 5487 5488
3 5133 1330 5947
3 676 3655 5537
3 3479 5948 5970
3 5228 3330 7013
3 172 460 4791
3 4299 1155 6668
3 391 5626 5815
3 3183 4341 6678
3 2310 5484 6259
3 4235 4195 4747
3 4666 415 5872
3 4642 5450 5993
3 6718 5250 7394
3 6766 2868 7321
3 5338 5337 6192
3 4631 2929 4774
3 4594 3703 5420
3 4406 4596 6892
3 1552 1454 5601
3 3008 3007 5489
3 739 4412 6479
3 5443 2792 5828
3 5873 478 7375
3 1333 5059 6897
3 4867 5350 7495
3 5163 2308 6878
3 4352 3647 4641
3 4590 4591 7123
3 397 6613 6755
3 2774 5509 5510
3 6526 389 7054
3 4111 5964 6166
3 5022 5021 5120
3 6349 466 6743
3 2008 4345 6303
3 7284 2497 7460
3 5527 3187 5767
3 3661 4750 4751
3 5484 2310 5485
3 2462 5213 5214
3 4395 4428 6518
3 4940 4423 7392
3 2803 2929 4631
3 4704 2654 6188
3 3621 3627 5068
3 4613 1288 6138
3 5011 5012 7509
3 5323 3136 7481
3 2135 2132 4722
3 259 4361 6841
3 5066 4340 5196
3 1237 1026 6252
3 4744 4693 6994
3 1018 5345 7003
3 5574 4192 7474
3 4920 3166 6625
3 6882 551 7199
3 4438 1130 6227
3 3881 4475 7141
3 2135 4594 5420
3 505 148 4460
3 3661 4751 4752
3 5396 6882 7199
3 5824 4491 6494
3 4319 1468 6493
3 4900 2840 5905
3 4528 2466 4777
3 2784 4382 6154
3 4845 442 6569
3 5961 2008 6163
3 213 172 4791
3 2790 6383 7132
3 3875 4228 6713
3 3439 4599 4647
3 3512 4275 5548
3 3464 4669 5769
3 5549 4241 6261
3 4645 4644 5842
3 5907 3142 6169
3 3473 5694 5902
3 4360 4211 6415
3 4750 1423 4751
3 4370 4156 7404
3 4395 496 6613
3 4770 3787 5013
3 6692 4565 6773
3 4641 3742 4642
3 4358 466 6349
3 1468 4319 7428
3 4291 5947 6486
3 2121 1598 4985
3 1526 2225 4639
3 6411 4242 6972
3 4042 4688 7015
3 5425 3716 6069
3 5470 949 7270
3 220 416 4282
3 5635 4153 6903
3 5167 1150 6354
3 6477 4664 6603
3 4298 4683 5858
3 6713 4228 6785
3 133 375 4583
3 4041 6957 6996
3 720 716 6357
3 3739 5217 5888
3 1185 1183 5300
3 2255 4364 7216
3 3360 6208 6746
3 4669 4670 5769
3 5202 6727 6812
3 3368 5095 5096
3 3408 4645 5842
3 432 4442 6489
3 5598 5599 5602
3 6843 4306 6926
3 4590 7123 7353
3 405 4414 6294
3 5345 1018 7181
3 5225 5224 6546
3 4221 4139 5082
3 4780 2458 6243
3 2497 6178 7460
3 5433 5432 5855
3 4361 259 7207
3 4686 4205 6434
3 4063 390 4064
3 4285 2438 6378
3 469 4318 6849
3 4957 4005 7097
3 2890 4959 6631
3 4880 4883 7453
3 4156 4370 6407
3 4040 4041 6996
3 5601 6548 6720
3 3786 5964 6089
3 3187 5527 5768
3 5683 556 6890
3 5602 5599 6163
3 5233 4467 7526
3 4787 4262 7198
3 6330 3854 6472
3 5328 761 5329
3 5326 5314 5946
3 2627 4598 5015
3 4341 3183 6936
3 4806 1776 4808
3 4483 4485 6063
3 4423 394 5533
3 4557 5008 6530
3 4916 1223 6749
3 4445 3978 6587
3 1047 4330 6626
3 5693 5694 7531
3 5479 6792 6846
3 1750 4379 5870
3 6318 4113 6813
3 4701 382 6636
3 4637 4582 7366
3 4975 4972 4982
3 2947 3374 5094
3 1815 5202 6812
3 5489 5490 6598
3 60 61 4797
3 4601 2714 6183
3 4316 436 7030
3 5000 2604 5002
3 3589 3504 4848
3 5113 6783 6932
3 2399 4956 7450
3 4129 4512 7159
3 4267 4657 5234
3 6402 897 6520
3 5459 2249 6585
3 2774 5510 6091
3 4511 4510 6690
3 431 5549 6261
3 5186 2061 5810
3 6151 4341 7511
3 4577 2708 4677
3 4384 875 7445
3 4550 4562 6531
3 1886 2438 4672
3 1028 6251 6252
3 4527 4525 7034
3 4011 5338 6192
3 1598 1723 4985
3 5120 5121 5122
3 633 632 5386
3 1644 5273 7121
3 1536 1534 6646
3 6198 3901 6328
3 4209 4210 4612
3 5140 2256 7085
3 3300 4868 4869
3 4366 4111 6166
3 5588 4410 6687
3 1553 4393 6341
3 4466 1781 5415
3 5021 1291 5120
3 293 5658 7250
3 4251 106 6951
3 4386 987 7448
3 3691 4842 6900
3 2459 5034 5761
3 1903 1901 4536
3 4101 4102 6764
3 4354 6766 7321
3 4155 3423 5511
3 4636 2154 6292
3 5399 5415 6181
3 4294 1638 6953
3 1155 4299 6786
3 5161 5611 6487
3 5350 2251 7495
3 5779 6747 7130
3 5777 6643 6714
3 3949 4460 6652
3 1060 5610 5612
3 6208 3360 6800
3 5473 5251 7083
3 430 4459 6155
3 5107 383 6675
3 2714 4601 6033
3 2256 5140 7162
3 4442 432 7134
3 46 380 4616
3 4788 385 4789
3 5349 6349 6743
3 4597 4312 6579
3 4766 4770 5013
3 6792 910 6846
3 2456 4309 6654
3 7014 433 7269
3 3367 3368 5096
3 4502 5711 6141
3 4705 5028 7364
3 1223 4916 7419
3 3300 4869 4870
3 6954 3032 7242
3 4023 4313 5707
3 3378 6016 7314
3 445 4533 6362
3 2881 4902 5725
3 1493 692 5537
3 4657 4062 7166
3 212 385 4788
3 2619 5635 6903
3 4664 4663 6603
3 875 4384 7497
3 2628 4766 5013
3 3892 3301 4870
3 5972 5331 6848
3 5126 1225 7490
3 4773 3359 6722
3 2892 6366 7416
3 2114 4611 4777
3 397 5336 6613
3 4958 2666 6711
3 5505 4502 6248
3 1874 5505 6248
3 6579 4312 6588
3 4834 3634 6298
3 1500 2782 5413
3 5260 3875 6713
3 2997 5218 5513
3 4013 6387 6578
3 5388 551 6882
3 5863 6954 7242
3 222 461 4679
3 5322 5318 5326
3 6669 4987 7255
3 4341 6151 6678
3 5590 4981 7140
3 4399 377 6323
3 5217 5218 5888
3 1187 2632 5138
3 4582 504 7366
3 2125 2127 4909
3 3569 3567 4774
3 4924 4926 6219
3 1415 1361 6111
3 5293 2848 6156
3 7289 4296 7343
3 2990 2434 6717
3 5292 2848 5293
3 5383 2720 5909
3 4928 1808 5540
3 6396 5563 6405
3 4249 5404 5905
3 4534 6371 6789
3 5006 3636 5185
3 4148 6500 6802
3 7034 4525 7208
3 1816 1996 4727
3 5133 3803 5394
3 4101 6764 6914
3 6561 270 6693
3 4645 3408 4990
3 1406 4810 5185
3 2249 5459 6607
3 6908 4430 7120
3 5441 1684 5445
3 3409 3763 6753
3 5290 5289 6960
3 4581 6396 6405
3 5384 5383 5909
3 2129 2131 4896
3 2333 2331 4655
3 7210 4304 7214
3 4235 4747 7363
3 3864 6171 6355
3 2103 2448 5513
3 4496 436 7505
3 4102 5175 6764
3 3875 5260 6617
3 5969 1484 6701
3 5392 3479 5970
3 2792 5443 6073
3 4164 7014 7269
3 4304 4676 7214
3 4209 4612 6079
3 4894 640 5098
3 5022 5120 5122
3 3504 4183 4848
3 6748 1884 6842
3 4313 4816 5707
3 3457 4445 6587
3 2700 2708 4580
3 2102 1696 4894
3 2990 6198 6328
3 6466 5382 6490
3 4446 5608 7190
3 4403 4468 5178
3 53 390 4063
3 5290 6960 7049
3 6050 1644 7121
3 4437 1590 6330
3 1622 1829 4758
3 5481 3533 6708
3 5990 486 7175
3 799 787 5446
3 5438 5295 5484
3 4408 5435 5437
3 1164 1151 5002
3 2098 2099 6706
3 4288 4638 7427
3 3554 3023 6351
3 4455 4452 5666
3 5331 5972 7235
3 3471 5703 5830
3 3136 2874 7481
3 2144 4495 7317
3 3791 3620 5068
3 5308 3272 6332
3 4843 3858 6461
3 4016 4371 7136
3 4362 6944 7109
3 4225 4701 6636
3 5939 3753 6835
3 4109 6305 6676
3 5601 1455 6548
3 6722 3359 6744
3 5419 6941 6956
3 3566 4462 4631
3 4992 4117 7357
3 5165 2762 5166
3 4904 2881 5708
3 897 885 6520
3 6643 2444 6714
3 4412 739 7510
3 4826 501 6431
3 5059 2638 6897
3 2229 5479 6723
3 1534 1531 5783
3 504 362 4431
3 4320 5009 6804
3 1688 5162 6895
3 4330 1047 7406
3 4644 4283 5842
3 3027 6466 6490
3 165 166 4417
3 551 5388 6901
3 2375 4731 5712
3 4297 4298 5858
3 2849 4405 6892
3 4443 6377 7047
3 4393 1553 6451
3 1638 4294 7075
3 5295 5436 5788
3 2946 1423 4750
3 4992 3075 5797
3 5139 5141 7310
3 1688 1058 5612
3 5131 3214 6309
3 4610 2862 7220
3 5114 5113 6932
3 1288 1228 6138
3 5316 5314 5326
3 4394 6748 6842
3 4774 3824 6704
3 4923 745 7309
3 2424 4539 5117
3 2512 2932 4667
3 4460 3949 7041
3 498 4843 6461
3 5209 3362 6427
3 1067 1776 4806
3 4539 2424 6106
3 2784 2333 4655
3 4981 5590 7195
3 1155 4351 6818
3 5611 6051 6487
3 6672 2428 6752
3 1822 4507 6355
3 3567 3566 4631
3 3285 4136 4680
3 5136 2632 5300
3 3703 4495 5420
3 2696 2694 5807
3 4605 3434 4772
3 4781 4186 4928
3 3300 2886 4868
3 3286 5313 5642
3 5865 4142 6653
3 5491 4570 6468
3 1325 5199 6549
3 5488 4570 5491
3 5323 5407 5968
3 5535 4927 6365
3 5579 7139 7168
3 459 219 7528
3 6662 448 7072
3 5008 492 6530
3 1246 1174 5273
3 4248 4249 5905
3 4603 6100 6883
3 6528 2746 6893
3 3791 5001 5004
3 3368 5094 5095
3 5573 2098 6670
3 2708 4579 4580
3 5715 4058 6732
3 4990 3408 5744
3 4620 2101 5832
3 5642 3482 6006
3 2127 2169 4909
3 3201 4226 5511
3 2760 3289 5168
3 5768 5527 6871
3 3047 4695 5935
3 5485 2310 6338
3 4907 4126 5803
3 5885 6564 7260
3 3355 4730 4732
3 3761 5424 5425
3 4293 504 6979
3 2975 4567 5210
3 132 133 4583
3 4538 4534 6789
3 384 4322 7442
3 6171 1822 6355
3 3554 6351 6379
3 3355 4732 5032
3 5407 889 5968
3 7416 6366 7468
3 5741 3545 6016
3 2751 3188 4564
3 6961 4381 7090
3 4371 4016 7065
3 3057 5790 5902
3 5824 3767 6516
3 6336 5939 6835
3 2862 4610 7297
3 5073 4445 5116
3 5324 2202 7352
3 5996 3945 6481
3 4593 6672 6752
3 1130 4924 6219
3 1811 4587 6729
3 87 88 4532
3 4030 4355 7053
3 6529 497 6874
3 1713 5018 5448
3 6581 403 6632
3 3479 5392 5792
3 2106 5116 5556
3 1880 3047 5935
3 5368 5887 5926
3 3953 4904 7318
3 5325 3923 6918
3 3763 4409 6753
3 5104 5103 6782
3 4435 4769 7219
3 1673 4445 5073
3 3326 4650 4654
3 416 5222 6891
3 6670 2098 6706
3 3978 4497 6844
3 1931 773 5305
3 2625 2581 4971
3 6587 3978 6844
3 2752 3053 4776
3 1248 1386 5559
3 2702 4580 5802
3 3415 4508 6321
3 5124 5121 5128
3 1212 4589 7527
3 4986 4982 6329
3 4464 4463 4465
3 2946 4338 4537
3 5371 3776 6592
3 2284 2129 4896
3 52 4063 5755
3 4670 4668 6657
3 4465 2273 6656
3 2040 1814 4672
3 3788 4871 4872
3 3899 3104 5413
3 3604 3633 4881
3 7139 2105 7168
3 218 4310 6876
3 4704 4705 7103
3 7290 2305 7431
3 4564 3188 5105
3 3020 5203 5991
3 2762 5165 5500
3 4966 4935 6721
3 1484 5969 7478
3 428 51 5755
3 3272 5308 5818
3 6634 4365 6972
3 4355 4030 7192
3 5131 5130 6147
3 5741 6016 6443
3 5492 2798 5493
3 4461 5107 7230
3 5292 5286 6258
3 4769 4435 7060
3 2053 4474 6621
3 2154 569 6292
3 1492 5717 6577
3 386 5666 6629
3 745 4923 7389
3 3188 4536 6633
3 5166 2762 5168
3 6211 5374 6271
3 6928 5510 7020
3 3394 5340 7391
3 4867 4866 5350
3 3849 5810 6026
3 5203 5200 5991
3 5314 5313 5946
3 4692 5501 5558
3 4186 4781 7482
3 1517 3530 6795
3 1033 1031 4833
3 2196 4714 5806
3 3661 3660 4750
3 1684 5441 5446
3 2950 4685 5499
3 1699 2387 5708
3 2130 3326 4722
3 3059 5727 6052
3 2929 3824 4774
3 5366 3466 5367
3 3674 4311 4627
3 456 4563 6480
3 4957 4956 6896
3 174 452 7252
3 3368 3366 4698
3 2300 5030 6280
3 174 175 452
3 3385 5031 5523
3 4545 368 4562
3 1704 4990 5744
3 2068 6818 6987
3 5254 1363 5257
3 2625 4971 4972
3 3935 5518 6857
3 3747 4909 6394
3 5645 3916 6566
3 3953 3404 5994
3 5407 5323 7481
3 4213 4429 4612
3 4857 2372 6247
3 5487 4570 5488
3 4965 5581 6815
3 3466 5366 5368
3 1254 1604 5424
3 5410 5411 6262
3 791 1493 6141
3 4408 2550 5710
3 4210 4213 4612
3 5321 2380 7498
3 4677 2696 5807
3 3748 5024 5025
3 4886 4894 5098
3 4193 16 4747
3 5308 3865 5818
3 2380 5321 7440
3 4747 398 7363
3 2019 1828 4755
3 2822 4724 4726
3 2458 4604 5178
3 6941 3920 6956
3 3416 4665 4666
3 2139 4304 7210
3 2673 3179 5207
3 3301 3300 4870
3 4879 4881 4882
3 4932 4266 7400
3 6721 4935 6751
3 1370 1462 4960
3 2666 1775 6711
3 4506 451 7358
3 4533 445 6522
3 4822 2603 5891
3 4814 267 7131
3 2492 4706 5539
3 959 4426 6630
3 4961 3819 6376
3 4931 4932 7400
3 3374 4411 5094
3 5282 2140 7152
3 4318 6526 7054
3 4381 4060 7090
3 3675 3674 4627
3 4072 181 6362
3 6275 5126 7490
3 377 4399 7131
3 681 1599 4858
3 4388 4794 6671
3 4082 4292 7147
3 3355 4729 4730
3 4764 3511 5904
3 6251 5169 6252
3 4972 4971 4982
3 6025 2714 6033
3 2300 4699 5820
3 2604 1164 5002
3 489 4674 7256
3 5556 5116 7504
3 504 4293 7366
3 4029 5257 6707
3 3804 6785 6985
3 3767 3766 6516
3 4616 380 4617
3 5162 1688 7116
3 75 76 4545
3 4681 3362 6140
3 2569 7173 7277
3 5415 1781 6181
3 2943 4764 5904
3 1828 1623 4755
3 3046 3586 4775
3 5295 3480 5484
3 4719 2528 5719
3 4024 4025 6602
3 474 4446 6514
3 3577 6216 6450
3 937 6705 6832
3 5503 3191 5777
3 5436 2439 5788
3 5009 3806 6804
3 4623 2170 4965
3 1158 1160 4744
3 3660 4317 4750
3 5810 2061 6026
3 2744 5604 5814
3 5001 5068 6724
3 664 659 5067
3 5545 5769 6099
3 4186 1808 4928
3 3416 3159 4665
3 1546 1622 4758
3 933 3341 4729
3 5492 4748 5898
3 50 428 6431
3 2510 4592 5970
3 4629 3298 5564
3 4249 4250 6939
3 4240 4432 4799
3 4933 4916 7233
3 453 4582 4637
3 4351 1155 6786
3 3908 4928 5540
3 5218 2997 5888
3 16 17 4747
3 2632 1185 5300
3 6117 4363 6332
3 679 681 4858
3 3399 3398 5329
3 4413 1638 6777
3 4659 3664 4660
3 4034 5503 5777
3 2638 5059 7101
3 6904 3407 6988
3 5362 6957 7076
3 1954 6575 6828
3 4690 4689 7200
3 5711 802 6141
3 4991 4992 5797
3 7003 5345 7056
3 5251 1272 6274
3 2698 2696 4677
3 5028 4705 5651
3 5168 3289 5169
3 4959 2890 6868
3 4304 2139 7326
3 5887 2268 5926
3 1647 6928 7020
3 2798 5492 5898
3 4856 4652 5067
3 92 93 4563
3 3577 3869 6216
3 3803 5133 5947
3 1025 1023 4844
3 5175 4102 7430
3 5104 6782 6981
3 4892 4896 6441
3 2397 4961 6376
3 6687 4410 6712
3 4669 4668 4670
3 4902 4901 5725
3 452 175 4321
3 6874 4075 7004
3 4213 4293 4429
3 4264 371 4265
3 1183 5078 5300
3 1289 1254 5424
3 2550 1576 5710
3 7103 4705 7364
3 4424 4762 7392
3 15 16 4193
3 1363 5254 5256
3 626 623 5080
3 4368 3283 7086
3 1462 1596 4960
3 181 182 6362
3 4611 2114 5506
3 4975 4982 4986
3 4142 5865 7180
3 2166 4833 4834
3 4611 3833 4777
3 4437 6330 6472
3 2848 5292 6258
3 4812 381 6943
3 5018 5870 6750
3 5717 5531 6174
3 3745 4697 6480
3 5166 5168 5378
3 5313 3286 5946
3 4956 2399 6896
3 64 65 4759
3 105 106 4251
3 2886 2885 4868
3 4702 3015 4778
3 5789 6288 6491
3 3434 4713 4772
3 4742 3412 5526
3 2160 4633 5786
3 4903 2612 5080
3 787 1684 5446
3 1023 1048 4844
3 3786 5181 5964
3 4588 3585 6420
3 5627 396 7001
3 1272 1269 6274
3 4845 3787 6563
3 1492 6577 6696
3 2422 5117 6086
3 6974 548 7068
3 4612 4429 7259
3 5001 3791 5068
3 4820 4826 6431
3 5828 2792 6094
3 2602 3590 4644
3 4650 3326 4873
3 4592 2510 5875
3 1644 1246 5273
3 5446 5828 6094
3 3053 4564 4565
3 3676 5717 6174
3 2140 5282 7231
3 2664 4885 4886
3 4698 3366 5372
3 219 220 4282
3 2795 2334 6075
3 5345 5344 7056
3 1504 5501 5559
3 1150 5378 6251
3 3412 4742 5527
3 4855 4858 6195
3 2973 5210 6097
3 4434 4435 7219
3 4344 421 7289
3 4136 4563 7005
3 5727 4391 6052
3 5435 4408 5710
3 2876 4715 7356
3 4517 4514 4760
3 3283 4368 7135
3 4715 2876 7483
3 2843 6211 6271
3 2303 4815 6429
3 6497 422 7264
3 4791 460 5223
3 4565 4564 4566
3 2166 1033 4833
3 6170 6776 6893
3 4507 1822 6437
3 5219 5401 5402
3 497 157 4662
3 5870 4379 6750
3 6947 2662 6993
3 139 140 6305
3 4731 3341 5712
3 3363 4775 4907
3 4856 4857 5555
3 830 1492 6696
3 4652 4856 5555
3 5414 5384 5462
3 5964 4111 6089
3 415 4666 7179
3 4510 2239 6690
3 220 221 416
3 1049 1045 4921
3 482 5682 6500
3 3015 4702 6188
3 5948 2510 5970
3 2472 5371 6592
3 4297 5669 7012
3 4938 7290 7431
3 1045 2626 4921
3 4354 3375 6734
3 5199 3984 6549
3 1921 1919 4943
3 1996 2822 4727
3 7119 693 7127
3 2664 4886 5098
3 5018 5017 5448
3 4762 4424 7069
3 1149 1157 5615
3 3337 4362 7109
3 4367 132 4583
3 4032 6337 6360
3 3053 2751 4564
3 3534 3858 4843
3 5165 5148 5500
3 4939 5170 5393
3 4497 3978 7204
3 4883 4882 7475
3 4796 4648 4797
3 1160 1685 4744
3 2628 4765 4766
3 2627 4838 6397
3 1189 5138 5578
3 4797 4648 6504
3 4892 4887 4895
3 7104 2302 7280
3 453 360 4582
3 3766 5096 6775
3 2822 4726 4727
3 4866 3399 5329
3 4616 4617 6961
3 3288 4571 6454
3 248 6463 6560
3 4881 3633 4882
3 1259 1363 5256
3 3912 3909 4779
3 3606 3604 4881
3 5845 2863 6994
3 394 209 4784
3 2869 6742 6827
3 4729 3341 4730
3 361 362 504
3 1060 1064 5610
3 1291 5021 5171
3 2499 2257 4743
3 1390 1392 5368
3 3159 3534 4665
3 2881 1697 5708
3 4203 4204 4737
3 4817 3148 4823
3 3757 4013 6578
3 45 46 4616
3 4871 3788 5798
3 1723 4984 4985
3 4475 3880 6532
3 6818 4351 6987
3 2762 2760 5168
3 3403 6816 7137
3 3299 4581 6405
3 4787 4788 6540
3 6287 5667 6439
3 1630 2163 5085
3 3412 5527 5767
3 4423 4424 7392
3 150 151 4370
3 4753 4782 7395
3 5121 5119 5128
3 1688 5612 7116
3 4563 4136 6480
3 6208 5092 6703
3 4690 7200 7293
3 411 205 4761
3 5445 1684 5447
3 4583 375 4584
3 1742 2255 4712
3 6725 4708 6771
3 362 363 4431
3 2708 2698 4677
3 5689 7104 7280
3 38 371 4264
3 5388 2269 6901
3 1873 1871 6334
3 3718 4032 6360
3 4501 4502 6141
3 4825 2281 5911
3 4434 7219 7536
3 4757 1546 4758
3 7024 4232 7102
3 6468 5493 6476
3 3833 4528 4777
3 6406 3837 7533
3 61 494 4797
3 4489 441 7196
3 5102 5104 7455
3 2448 2997 5513
3 4084 4371 7065
3 2094 2095 6075
3 6634 4712 7216
3 4498 4292 7477
3 4815 3687 6429
3 4824 2673 5207
3 3136 5323 7537
3 5138 5137 6836
3 3657 5197 6368
3 4354 6734 6766
3 4094 3115 4786
3 5402 2103 5513
3 4583 4584 7135
3 4853 3482 5642
3 5501 4692 5559
3 3179 3749 5207
3 4903 4904 5994
3 3392 5076 5077
3 4429 4293 4430
3 6633 4536 7092
3 5257 4029 6769
3 2284 4895 5765
3 370 64 4759
3 5462 5384 5909
3 1423 1346 4782
3 6997 5528 7035
3 3091 4793 4794
3 4602 3560 7125
3 4698 2947 5094
3 4456 3800 6819
3 4665 3534 4843
3 4409 3763 7358
3 3873 4649 6491
3 30 383 6146
3 4741 2615 6871
3 2073 2106 6290
3 5704 2612 5994
3 5269 2231 6840
3 452 4499 6627
3 5194 3633 6148
3 1114 4811 5389
3 6787 4047 6863
3 3091 2587 4793
3 1883 1669 7305
3 4358 4621 7456
3 5066 5196 5773
3 5493 2798 5950
3 4081 4733 7275
3 3912 4779 4780
3 2932 4464 4667
3 2751 2486 3188
3 451 4506 6951
3 421 4344 7151
3 4071 4070 5660
3 1137 1135 5172
3 4264 4267 5234
3 6645 1922 6679
3 4931 4930 4932
3 3589 4848 4849
3 5616 4978 6416
3 5390 4218 6087
3 4440 4441 6463
3 2143 1921 4943
3 4842 6485 6900
3 131 132 4367
3 3463 2499 4743
3 6705 4710 6832
3 7044 5514 7114
3 4079 3170 4783
3 3368 4698 5094
3 4390 87 4532
3 6931 6173 7098
3 135 444 6496
3 3813 4530 7479
3 4803 2006 6348
3 2628 2561 4765
3 3775 3632 4798
3 4779 4604 4780
3 5764 4052 7224
3 17 398 4747
3 2072 1777 5534
3 5276 5428 5429
3 3392 5075 5076
3 5018 1713 5870
3 1723 1819 4984
3 4810 1406 5172
3 3078 6538 7015
3 1007 2647 5061
3 3561 4735 6306
3 4735 3561 5801
3 1017 1182 5277
3 6725 526 6870
3 4708 4707 6771
3 1194 3362 5209
3 4697 3745 5109
3 4786 4389 6943
3 2391 2082 4804
3 2426 2673 4824
3 1534 5783 6646
3 2603 2328 5891
3 505 4460 7041
3 1216 1291 5171
3 5039 5038 5560
3 3625 3618 5235
3 2612 4903 5994
3 727 4746 7302
3 171 210 468
3 2455 6555 7327
3 5769 2773 6099
3 3004 4968 4969
3 3031 2602 4644
3 1459 6337 6604
3 4775 3586 4907
3 781 7078 7362
3 4617 6669 7255
3 7173 4261 7277
3 2684 7066 7177
3 5117 4539 6086
3 2671 5279 5281
3 2054 2840 4900
3 224 382 4701
3 909 933 4729
3 2664 4884 4885
3 4675 4357 5604
3 1490 5304 6622
3 3347 698 5567
3 3043 3044 5216
3 3286 5642 6006
3 2647 5086 6432
3 494 4796 4797
3 2163 2365 5085
3 5005 2281 7328
3 3285 4680 5205
3 4426 959 6765
3 5392 5557 5792
3 490 4931 7400
3 5506 2597 6370
3 5693 4296 7239
3 1401 4505 6760
3 4090 6561 6693
3 3787 4770 6563
3 3320 2660 5184
3 3044 2754 4776
3 1075 1078 5097
3 171 468 4784
3 5229 4871 5798
3 1151 1143 5002
3 2556 4434 7536
3 1261 1259 5256
3 4714 3389 5806
3 1844 1671 4852
3 219 4282 7528
3 6555 4493 7327
3 4908 2125 4909
3 4243 3370 7488
3 4756 3400 5933
3 5014 3343 6166
3 760 4597 6579
3 6469 4420 6833
3 4755 4712 6634
3 3691 4841 4842
3 4945 1370 4960
3 4898 4899 5235
3 1288 4613 6275
3 5053 5058 5142
3 925 2300 5820
3 1871 1513 6541
3 4899 1377 7425
3 5563 3718 6360
3 5004 1406 5185
3 4863 4332 5778
3 4514 4513 4760
3 5210 4567 6097
3 1631 2336 4846
3 4748 1440 5898
3 493 4417 4418
3 4392 4532 6497
3 4512 4129 7546
3 1238 5469 7409
3 1392 3466 5368
3 3026 4854 4855
3 5010 4587 6859
3 5181 3786 5613
3 5061 2647 6103
3 3046 4775 5180
3 648 3376 4884
3 3747 1608 4908
3 5119 1220 5128
3 4633 2160 5953
3 1711 4863 5778
3 750 746 5950
3 4746 4745 7273
3 4859 2603 4860
3 4838 1277 4847
3 6198 2990 6717
3 4887 4885 4895
3 2771 3333 5109
3 1275 1279 4847
3 4305 6974 7068
3 659 661 5067
3 401 5674 6884
3 4195 4193 4747
3 1351 2627 5015
3 3791 5004 5185
3 6361 3897 7167
3 3397 3399 4864
3 3326 4654 4722
3 2528 2081 5719
3 3459 5197 6688
3 889 5327 5968
3 4713 3434 5278
3 416 221 4679
3 3691 3628 4841
3 4065 390 6153
3 1638 4413 6953
3 3778 6025 6033
3 3362 1200 6140
3 4816 2467 5707
3 1422 1546 4757
3 6161 3532 7424
3 6170 1126 6776
3 4599 3439 6519
3 417 354 6570
3 4598 3845 6493
3 4321 5617 7311
3 148 149 4460
3 5384 5414 5568
3 5219 5402 5513
3 1790 2467 4816
3 4954 4960 6382
3 3422 4153 5634
3 2452 3148 4817
3 4926 2298 6219
3 209 171 4784
3 360 361 4582
3 2666 4957 7097
3 4703 2605 5821
3 5386 4728 6647
3 4584 3868 6811
3 5290 999 7185
3 2743 6051 6132
3 1031 1044 4833
3 4916 6749 7233
3 1440 4748 5520
3 4919 4016 4920
3 5490 5491 6867
3 2341 5616 6416
3 4875 2068 4876
3 3897 6361 7157
3 5604 4357 5814
3 623 625 5080
3 4914 3247 4917
3 4296 5693 7531
3 4259 3625 5235
3 5337 2605 6192
3 2166 4834 5855
3 4898 4880 4899
3 5480 2414 6788
3 5504 4100 6238
3 3542 4803 6348
3 3365 4901 4902
3 353 417 4905
3 5391 2122 5557
3 3622 4880 4898
3 4334 4335 4639
3 3328 4916 4933
3 4061 3084 4930
3 4794 4793 6216
3 4652 664 5067
3 3560 4602 7461
3 3159 2842 3534
3 337 4638 6741
3 4921 2626 6955
3 2243 6287 6439
3 4626 4579 5981
3 4215 4209 6079
3 2494 4416 6991
3 1836 2623 4828
3 4207 4209 4215
3 2340 4016 4919
3 826 4457 6970
3 2486 1903 4536
3 2101 1889 5832
3 6957 4041 7076
3 5012 3107 7509
3 2752 2751 3053
3 5383 5382 6444
3 999 5290 7049
3 4746 7273 7302
3 2863 5845 7105
3 5276 5277 5428
3 2394 5164 6120
3 411 4761 7525
3 3864 4830 6172
3 137 138 4812
3 834 836 5327
3 5567 813 6266
3 2794 2489 4964
3 5392 5391 5557
3 2294 6295 6537
3 1078 2638 5097
3 1683 6468 6476
3 4936 4937 4938
3 2641 2057 5178
3 2040 4672 5686
3 2885 4865 4868
3 4387 137 4812
3 5634 4153 5635
3 1357 5028 5651
3 6999 513 7040
3 462 207 4940
3 4204 4207 4737
3 5078 5041 5819
3 4587 1811 7388
3 3004 4967 4968
3 4515 4520 5452
3 2394 2045 5164
3 2318 2492 5539
3 351 463 4929
3 6550 4129 7159
3 3121 5355 5356
3 2326 2603 4859
3 825 816 5032
3 4875 4876 4877
3 4498 3068 7147
3 2640 2072 5534
3 2281 2059 5911
3 2612 626 5080
3 3814 5489 6598
3 973 5145 7295
3 2162 1579 5039
3 3026 668 4854
3 4827 3596 6116
3 2466 2156 4777
3 2544 2950 5499
3 655 658 4873
3 4959 1932 6968
3 3482 4853 5565
3 5535 3546 7399
3 5333 3849 5730
3 5082 4139 7414
3 1608 1474 4908
3 622 1447 5132
3 1043 6286 7025
3 2977 3207 5278
3 2070 825 5032
3 783 749 5447
3 4770 4771 6563
3 3507 5279 6105
3 4718 3069 6664
3 1672 1673 5073
3 2089 5130 5131
3 5790 3473 5902
3 5511 384 6741
3 2781 5516 7320
3 5559 4692 6685
3 2768 4509 6905
3 3202 4062 5040
3 6862 5490 6867
3 4672 4284 5686
3 4340 5066 7284
3 3532 5177 7424
3 4730 4731 6462
3 7177 4324 7197
3 6835 4176 7336
3 3097 3736 4967
3 4895 3376 5765
3 4666 5872 6875
3 6288 3873 6491
3 4109 3287 4897
3 2057 2458 5178
3 138 381 4812
3 4444 1485 7091
3 1214 1216 5171
3 4936 4004 4937
3 5560 5038 6169
3 5489 5488 5490
3 5092 6208 6800
3 4594 2135 7539
3 5017 2090 5448
3 1581 5787 5989
3 5782 7119 7127
3 4593 1914 6672
3 3581 3057 5902
3 5573 4012 6641
3 4061 4930 4931
3 6365 5100 6436
3 5757 5980 7439
3 1044 4721 4833
3 147 148 505
3 4094 4786 6943
3 4604 4403 5178
3 4389 4786 6976
3 1096 2068 4875
3 4600 876 7115
3 4724 2822 5454
3 6481 3945 6857
3 889 834 5327
3 4374 4504 4599
3 2156 2114 4777
3 349 404 4994
3 7025 6286 7128
3 2754 2752 4776
3 86 87 4390
3 4491 5823 6467
3 4827 5301 5302
3 4765 2880 4767
3 4783 5404 5449
3 591 3343 5014
3 4300 5390 6418
3 4878 3606 4881
3 2695 2697 5662
3 429 5965 7079
3 3107 5012 7345
3 1819 2064 4984
3 5432 2166 5855
3 4231 6947 6993
3 4511 6528 6893
3 2552 2309 2842
3 3641 3644 5301
3 4822 4821 7405
3 5296 3804 5507
3 4884 3376 4885
3 5815 5626 6384
3 5424 1604 5425
3 1092 1123 4906
3 222 223 461
3 4776 3053 6692
3 4864 3399 4865
3 136 137 4387
3 1174 2604 5273
3 3366 2348 5372
3 1162 1171 4861
3 5665 3721 7144
3 6184 1165 7118
3 5031 1488 5523
3 2056 2054 4900
3 687 682 4991
3 2017 2019 4734
3 3916 5646 7253
3 175 176 4321
3 4439 5567 6266
3 5367 3466 5856
3 3293 4004 4936
3 5927 4082 7147
3 2459 2385 5034
3 2487 2486 2751
3 3747 4908 4909
3 4392 4390 4532
3 3365 628 4901
3 4541 3336 5035
3 5074 1630 5085
3 4207 4215 4737
3 5548 800 6479
3 5534 4927 5535
3 5202 5203 6412
3 1823 5786 5951
3 5501 1971 5558
3 1823 4813 5577
3 3392 1435 5075
3 1378 2109 4934
3 1783 1786 4736
3 1601 1631 4846
3 644 648 4884
3 5298 3371 7006
3 5399 5195 5415
3 3721 5665 7124
3 3646 5194 6148
3 955 4802 7296
3 3872 5467 5468
3 4324 4017 7197
3 2534 3247 4914
3 5022 5122 5127
3 4251 6951 7543
3 1117 1067 4806
3 3339 3822 6767
3 3121 5354 5355
3 1406 1137 5172
3 2975 2966 5628
3 347 465 5016
3 3983 6581 6632
3 382 225 4995
3 3364 2963 5205
3 3718 5563 6396
3 4627 1931 5305
3 3041 3328 4933
3 1327 5394 6101
3 2885 4864 4865
3 4344 7289 7343
3 5957 4308 5973
3 5401 5219 5942
3 2106 5556 6290
3 202 203 436
3 450 5266 7462
3 1157 1167 6226
3 3964 4375 7112
3 6147 5132 6197
3 2629 2628 5013
3 3415 3159 3416
3 1742 1813 2255
3 382 4995 4996
3 3476 4260 4942
3 4371 4084 7148
3 4007 5227 5228
3 4349 6975 7039
3 4730 3341 4731
3 1895 2456 5079
3 1583 5037 5038
3 5173 5174 5177
3 4598 2627 6397
3 5713 5766 7425
3 4970 4968 5421
3 4653 4652 5555
3 4711 3320 5184
3 2626 6739 6955
3 5786 4633 5951
3 1579 1580 5039
3 2694 3400 5807
3 4758 6137 7395
3 4307 6127 6321
3 1622 1623 1828
3 1546 1547 1622
3 3872 5468 5470
3 3909 3911 4779
3 4718 6664 6665
3 2089 612 5130
3 6593 3204 6618
3 6542 5747 6589
3 5469 1238 7415
3 3841 4839 5683
3 7078 4870 7362
3 881 907 5716
3 359 360 453
3 71 72 5460
3 5224 342 5430
3 2172 4622 6575
3 4905 417 5497
3 2032 2028 5063
3 559 1516 5357
3 1280 1277 4838
3 2564 5504 6238
3 7042 3773 7121
3 6444 5382 6466
3 6164 411 7525
3 6538 4021 6824
3 4728 6620 6647
3 4911 1687 7322
3 383 4461 7355
3 1623 1625 4755
3 4615 45 4616
3 2118 2576 5454
3 4201 4203 6691
3 3770 4577 4677
3 152 153 447
3 5279 2671 6105
3 5127 2767 7403
3 6914 5182 7095
3 4157 4912 6513
3 5944 5206 6028
3 5196 2611 5773
3 1207 1201 5029
3 4886 4888 4894
3 3233 5326 5946
3 2470 603 4941
3 6180 5356 6269
3 2171 601 5183
3 620 622 5132
3 3905 3908 5540
3 5189 2709 5191
3 1786 2155 4736
3 4079 4783 5449
3 588 591 5014
3 2513 4910 4911
3 3333 4697 5109
3 640 637 5098
3 5394 3803 6101
3 3644 3751 5301
3 5207 3749 6969
3 4246 3734 5084
3 1684 783 5447
3 5787 5297 5989
3 2828 3202 5040
3 4520 4759 5452
3 5201 5200 5203
3 2566 3017 5115
3 4671 3851 7009
3 1683 5491 6468
3 4998 1142 4999
3 6791 3821 6861
3 4356 4329 4357
3 3474 4307 6891
3 2174 5360 5361
3 5440 5443 5828
3 3115 2838 4786
3 1687 4911 7240
3 1625 1742 4712
3 654 655 4873
3 1319 5133 5394
3 2280 6180 6269
3 4164 5306 7014
3 3043 2754 3044
3 345 395 5091
3 2116 2790 5112
3 4561 6645 6679
3 1829 1828 2017
3 5413 2782 6262
3 4839 3841 5115
3 5145 973 6834
3 2604 5003 5273
3 3675 4627 4628
3 1091 1085 4997
3 2462 1926 5213
3 1277 1275 4847
3 2489 2168 4964
3 5026 1883 5027
3 5141 5051 5142
3 4733 4844 7275
3 3214 6147 6197
3 444 4388 7397
3 3084 2793 4930
3 4520 4522 4759
3 1183 1016 5078
3 2024 4355 5062
3 2431 5262 5912
3 799 5446 6094
3 4967 3736 4968
3 4162 4988 5145
3 3464 1652 5179
3 4176 4632 7336
3 4377 407 7359
3 2587 2390 4793
3 5206 3807 6028
3 2239 4510 6855
3 3608 3606 4878
3 4536 2520 7092
3 2269 5388 7412
3 3870 5635 6909
3 2680 2711 6425
3 4746 727 7422
3 795 7024 7102
3 1286 1370 4945
3 4021 3305 5089
3 1858 1859 5506
3 2142 1025 4844
3 4012 5573 6670
3 4513 373 4760
3 3534 3535 3858
3 5148 5147 5500
3 1813 2211 4686
3 4764 5957 5973
3 1064 1107 5610
3 2584 3097 4967
3 2300 1230 5030
3 1940 2281 5005
3 5581 4965 6664
3 455 4513 4514
3 211 212 4788
3 4266 4932 6535
3 5048 5051 5141
3 2647 1005 5086
3 3788 4872 6478
3 3055 7044 7114
3 5520 5519 6068
3 1720 1878 6333
3 2082 1843 4804
3 3319 4414 5024
3 5423 1289 5424
3 3744 5442 5444
3 3632 3630 4798
3 3830 5541 5871
3 1288 6275 7490
3 5170 3289 5393
3 1052 1049 4921
3 5076 5085 6375
3 3412 1847 5526
3 367 4605 4772
3 2744 5309 5604
3 2581 3004 4971
3 4854 679 4858
3 4802 955 7368
3 2444 5103 6714
3 1671 1561 4852
3 581 5181 5613
3 5629 5630 7217
3 3337 7109 7176
3 455 4515 5452
3 2143 4942 7472
3 4886 4885 4887
3 3950 3292 5111
3 4574 4575 4944
3 2442 2426 4824
3 455 67 4513
3 1192 1194 5209
3 5571 2122 5866
3 4389 4387 4812
3 601 596 5183
3 4632 355 7398
3 1460 5289 6829
3 1878 1880 5935
3 687 4991 5797
3 4587 5010 6729
3 1482 5401 5942
3 4957 2666 6990
3 919 954 5431
3 3400 4756 5807
3 2122 5391 5866
3 5706 6904 6988
3 206 462 4761
3 1069 1612 5087
3 1422 1544 1546
3 2120 983 5173
3 7019 1734 7286
3 5169 3289 5170
3 3336 2731 5035
3 3497 2591 5403
3 1782 1783 4736
3 4203 4737 5965
3 3859 4286 5336
3 2790 2789 5081
3 4694 3437 5188
3 1595 1792 4927
3 1140 1142 4998
3 3939 3940 5007
3 5071 5972 6346
3 3398 4328 5329
3 6968 6484 7010
3 385 213 4791
3 381 6305 7335
3 5129 620 5132
3 4986 1102 5417
3 2014 5538 5775
3 4323 4316 7030
3 157 158 4662
3 3345 3346 5009
3 3576 6450 6562
3 2552 2842 3159
3 2439 1172 5788
3 2069 5147 5148
3 3511 3510 5904
3 5980 4626 5981
3 1019 1017 5277
3 5368 5366 5887
3 329 379 5271
3 4720 1044 7435
3 3862 5023 5848
3 1139 1406 5004
3 685 2231 5269
3 1486 1336 5299
3 5051 5053 5142
3 5541 5728 5871
3 394 4784 5533
3 4240 4799 6400
3 1909 1903 2486
3 68 373 4513
3 1625 4712 4755
3 44 45 4615
3 2991 7011 7063
3 4239 4237 4247
3 4340 3284 5196
3 170 205 411
3 2174 5361 5367
3 6961 4617 7255
3 4007 567 5227
3 4648 4796 6279
3 3613 3622 4898
3 5225 3361 6660
3 1135 4805 5172
3 2385 2506 5034
3 3671 3667 5791
3 492 71 5460
3 1583 1584 5037
3 4524 4527 4795
3 3444 5333 5515
3 560 559 5357
3 5333 1983 5515
3 3628 3626 4841
3 3804 5296 6785
3 1901 1899 2520
3 4162 5146 7291
3 2174 1637 5360
3 5280 5406 7046
3 4727 4726 4728
3 4761 462 4762
3 1748 1550 5286
3 1467 1468 4851
3 4759 65 5452
3 2615 4741 6940
3 4684 413 6814
3 3121 1518 5354
3 4321 176 5617
3 6975 2146 7039
3 1162 1151 1164
3 3882 3881 4533
3 994 2137 5376
3 4764 2943 5957
3 1619 1883 5026
3 5434 2439 5435
3 5079 4078 6784
3 2422 2419 5117
3 5397 960 6911
3 1486 5299 6810
3 6943 381 7335
3 3510 5240 6128
3 2018 2017 2311
3 595 976 5239
3 2783 6997 7035
3 1654 2475 5208
3 1359 1415 5028
3 2401 2455 5143
3 2165 5315 5316
3 4969 4968 4970
3 179 180 369
3 4134 5031 7421
3 5257 1363 6707
3 4357 4675 6357
3 4266 371 6019
3 102 495 5614
3 3534 2842 3535
3 1966 2116 5112
3 2409 2427 5187
3 3912 4780 4781
3 4766 4765 4767
3 4785 2206 7344
3 2120 5173 5177
3 2709 5189 5647
3 6575 4622 6828
3 1757 1760 4989
3 3017 4839 5115
3 2017 1828 2019
3 555 5200 5201
3 1435 1436 5075
3 1715 1694 5220
3 5198 4603 6883
3 4563 388 7005
3 3530 4609 6795
3 4882 3633 5194
3 2861 5467 5918
3 461 223 4701
3 476 6104 7124
3 1346 1381 4782
3 4999 3635 7433
3 3381 3801 5195
3 5730 3849 6026
3 3879 3880 3881
3 2706 2994 5444
3 991 994 5376
3 4370 151 6407
3 1345 1346 1423
3 4722 4654 4723
3 4680 3364 5205
3 1732 2306 5083
3 5435 2439 5436
3 3661 4752 6299
3 356 357 430
3 2660 2228 5184
3 1381 1422 4757
3 4525 4526 7208
3 3535 2842 5686
3 658 4650 4873
3 3800 4456 6946
3 5357 5356 6048
3 2772 2771 5109
3 1751 1752 1753
3 3394 1300 5340
3 3437 3082 5188
3 5467 3872 5918
3 1073 1075 5097
3 3858 3859 5336
3 5188 4664 5844
3 1592 919 5431
3 2165 5316 5317
3 3215 3216 5427
3 4789 385 4790
3 567 564 5227
3 101 102 5614
3 3264 3238 4026
3 5437 5436 5438
3 5026 5027 5907
3 4618 4823 6669
3 3839 3256 5211
3 5241 1261 5256
3 4758 1829 6137
3 4284 3535 5686
3 2973 2970 5210
3 2505 1944 5069
3 2311 2017 4734
3 2750 2476 5238
3 4622 2172 6612
3 5716 5531 5717
3 3397 4864 5472
3 4766 4767 4768
3 4580 4579 4626
3 2309 2040 5686
3 2605 4703 6192
3 5414 1295 5568
3 3170 2819 4783
3 3702 4596 6640
3 1497 1630 5074
3 3066 3162 5064
3 1814 1764 1886
3 5336 397 6461
3 4082 5927 7348
3 4161 4162 7291
3 205 206 4761
3 1622 1547 1623
3 1762 1761 1764
3 5262 3449 5912
3 5123 5121 5124
3 1301 1243 1331
3 4998 4999 5000
3 4416 2494 7349
3 1247 2439 5434
3 3147 3146 3238
3 1171 1174 1208
3 5212 2374 5215
3 1162 1164 1171
3 1208 1246 1286
3 950 951 1243
3 935 936 950
3 5271 379 5272
3 5106 3456 5107
3 6345 5160 6413
3 2128 654 4873
3 4079 5449 7027
3 4749 3802 5263
3 2542 3422 6008
3 1652 1766 5179
3 4931 490 7059
3 1241 3560 5198
3 5277 1182 5428
3 4250 3765 6363
3 933 934 935
3 3207 4713 5278
3 1134 1135 1136
3 1009 1007 5061
3 1300 1340 5340
3 5375 5374 5906
3 1753 1754 1755
3 2979 2977 5278
3 857 4871 5229
3 1171 1164 1174
3 2285 2090 5017
3 3305 3303 5089
3 6785 4228 6985
3 1134 1125 1135
3 5335 3762 5914
3 2258 2500 5801
3 1760 1759 1761
3 5266 5265 7462
3 1361 1383 6111
3 1622 1828 1829
3 3618 3615 5235
3 1725 1745 5108
3 3877 3878 3879
3 3287 3141 4897
3 3594 3597 6116
3 5434 5435 5710
3 617 620 5129
3 3462 5451 5869
3 1548 1549 1672
3 4885 3376 4895
3 1760 1761 1762
3 3321 4939 5393
3 4623 4965 6815
3 2994 3744 5444
3 4922 4923 7279
3 4770 4768 4771
3 5832 2060 6267
3 1408 1407 1463
3 6557 4958 6711
3 1136 1135 1137
3 1286 1369 1370
3 463 352 4905
3 2447 2066 5472
3 3202 3324 3722
3 6127 6320 6321
3 4487 5464 7165
3 1208 1174 1246
3 1762 1764 1814
3 2001 4641 5993
3 1592 5431 6332
3 5267 2975 5628
3 5038 5037 5907
3 4818 4823 4826
3 2045 1977 5164
3 1464 1463 1548
3 149 150 414
3 2255 1813 4686
3 1440 5520 6068
3 4225 4224 7494
3 1332 1331 1407
3 1286 1246 1369
3 954 5307 5431
3 1674 1672 1830
3 2069 1842 5147
3 1518 1520 5354
3 3820 3821 6791
3 1886 2092 2438
3 2828 2829 3202
3 6 7 5088
3 6051 3714 6132
3 1370 1461 1462
3 1136 1137 1138
3 5668 5873 6594
3 2838 3091 4786
3 1542 1654 5208
3 3865 5208 5818
3 575 574 5375
3 4323 7030 7276
3 1462 1461 1594
3 408 320 5193
3 2773 4670 6737
3 689 685 5269
3 440 5606 6971
3 1321 1330 5133
3 1831 1830 2073
3 746 744 5950
3 907 5532 5716
3 1714 1715 1716
3 4224 3249 6839
3 2144 2134 5420
3 3924 7098 7150
3 6171 3864 6172
3 2028 2026 5063
3 1370 1369 1461
3 1751 1716 1752
3 3388 5223 6142
3 5041 1013 5042
3 5094 4411 5095
3 2556 2312 4799
3 1249 1364 5767
3 1757 1759 1760
3 404 350 4929
3 1035 2166 5432
3 2390 2391 4793
3 1143 1140 4998
3 1240 1344 1345
3 1595 1594 1792
3 1875 5237 5238
3 7279 4923 7309
3 5189 3987 5647
3 1618 5146 7407
3 5457 3386 5569
3 1755 1756 1757
3 2566 5115 5632
3 3774 3775 3776
3 1201 1197 5029
3 2101 4620 6388
3 5300 5078 5819
3 3802 3383 5263
3 4470 4472 4474
3 1750 1716 1751
3 1138 1139 1140
3 4861 6557 6711
3 6305 4897 7335
3 983 981 5173
3 352 353 4905
3 3761 2642 5423
3 1718 1807 5419
3 1140 1139 1142
3 3238 3787 4845
3 4805 4806 4807
3 5589 4225 7494
3 2822 2118 5454
3 5163 1043 7025
3 593 595 5239
3 2555 2312 2556
3 5435 5436 5437
3 1839 2103 5402
3 1138 1137 1139
3 2561 2559 4765
3 1462 1594 1595
3 1546 1544 1547
3 2312 2311 4799
3 1715 4690 7293
3 3895 3267 5204
3 4719 3337 7176
3 1016 1014 5078
3 5471 6061 6160
3 3630 3691 4798
3 3284 2716 5196
3 5252 5244 5253
3 5270 328 5271
3 3665 3471 5830
3 2907 2910 5482
3 4715 4714 4716
3 5206 1874 6248
3 2517 4749 7047
3 425 36 5234
3 3141 3115 4094
3 5615 1157 6226
3 854 857 5229
3 350 351 4929
3 4717 4716 4718
3 2476 1875 5238
3 2168 2170 4964
3 1381 4757 4782
3 2697 2869 5662
3 5027 1883 7169
3 4861 1171 6126
3 815 816 825
3 169 4127 7072
3 1843 1844 4804
3 2793 2794 4930
3 3026 4855 4856
3 2074 2073 2376
3 2127 2167 2168
3 3145 2629 3146
3 3626 4258 4841
3 1897 1895 5079
3 2687 2376 2828
3 600 2470 5182
3 1908 1906 5623
3 813 814 815
3 996 998 5221
3 2226 6958 6989
3 4937 4004 5344
3 1067 1063 1776
3 465 348 4994
3 1875 1655 5237
3 3633 3602 6148
3 1005 1002 5086
3 2125 2126 2127
3 328 329 5271
3 2576 3051 5454
3 2563 2561 2628
3 2819 2553 3322
3 1228 1257 6138
3 3264 4026 4461
3 3324 3456 5106
3 2682 1988 5507
3 574 1861 5375
3 3561 2258 5801
3 4395 4396 4428
3 348 349 4994
3 3626 3625 4258
3 909 932 933
3 5464 4487 7351
3 5134 5047 5139
3 5218 5219 5513
3 4813 1823 5951
3 2838 2587 3091
3 1627 1595 4927
3 1777 1627 5534
3 4731 2375 6368
3 6061 3130 6160
3 1712 825 1811
3 4810 4809 5006
3 6816 5641 7137
3 4954 4945 4960
3 5275 5276 7031
3 4735 3357 4773
3 2332 2452 4817
3 3822 3170 4079
3 3774 3632 3775
3 3621 3625 3626
3 1473 1474 1608
3 1637 1810 5360
3 584 2113 5181
3 208 394 4940
3 489 5572 6512
3 2394 6345 6413
3 1287 1286 4945
3 207 208 4940
3 2169 2168 2489
3 2390 2082 2391
3 5090 1073 5097
3 4856 4855 4857
3 3292 2811 5111
3 3074 1806 7203
3 2237 2234 5701
3 401 6884 7050
3 3147 3238 3264
3 2559 2557 2880
3 1731 1576 2550
3 4855 4854 4858
3 2787 3293 4936
3 4962 4961 6661
3 52 53 4063
3 1561 4851 4852
3 3859 4285 4286
3 4639 4335 5783
3 3250 5675 6756
3 346 347 5016
3 861 865 5268
3 1788 1790 4816
3 2692 2508 5547
3 3630 3628 3691
3 2591 2180 5403
3 1780 1668 5571
3 2454 2551 4987
3 3277 3747 4498
3 2490 2489 2793
3 3951 4709 4710
3 4700 5377 5820
3 2467 4828 4829
3 1731 2550 2849
3 3067 2793 3084
3 681 682 687
3 816 824 5032
3 3242 5232 5233
3 4215 6410 7079
3 3213 3084 4059
3 2764 3321 5393
3 60 4797 6504
3 1673 3978 4445
3 2963 2960 5205
3 1895 1893 2456
3 679 680 681
3 2460 3385 5523
3 2819 3322 4783
3 2170 4623 7438
3 4360 6414 6866
3 395 346 5016
3 3879 3881 3882
3 4685 3332 5499
3 3365 4902 4903
3 1205 1207 5033
3 2944 4817 4818
3 5275 7031 7171
3 4789 4790 4792
3 3722 3324 5106
3 1843 1671 1844
3 4946 4945 4954
3 2642 1641 5423
3 1596 1595 1627
3 344 345 5091
3 4579 4578 5981
3 3574 2663 6435
3 4880 4879 4883
3 4805 1117 4806
3 3187 1249 5767
3 5689 3897 7104
3 2114 1858 5506
3 3667 3666 5791
3 5451 862 5869
3 7066 4324 7177
3 1011 1013 5041
3 6463 4441 6560
3 662 3478 5800
3 1599 687 1796
3 1345 1423 2946
3 902 5536 5929
3 1936 2374 5212
3 1341 1378 4934
3 4775 3852 5180
3 3670 6087 7469
3 2585 1608 3277
3 2923 1214 5171
3 2830 2828 5040
3 3621 3618 3625
3 3202 2829 3324
3 1237 6252 7499
3 1694 1693 5220
3 4912 4157 7240
3 4286 4287 4395
3 3145 3146 3147
3 2455 2351 5351
3 4401 4403 4604
3 2778 5373 5374
3 859 5312 5313
3 1351 1349 2627
3 3710 3810 5101
3 933 935 3341
3 4595 2505 7523
3 3289 2761 5393
3 2731 2732 5035
3 2324 2326 4859
3 4903 4902 4904
3 5242 5244 5252
3 3806 3215 5427
3 2023 2024 5062
3 2071 4186 4673
3 2744 2727 5309
3 3134 3133 3283
3 3188 2486 4536
3 3887 3495 4156
3 5972 3536 6346
3 3914 5917 6054
3 3467 4221 5265
3 4991 3347 4992
3 2311 4734 6400
3 4223 3389 4714
3 3337 3336 4362
3 4807 4809 4810
3 3400 5547 5933
3 1561 1467 4851
3 212 213 385
3 4059 4061 4252
3 1467 1397 1468
3 4849 5250 6718
3 824 878 3355
3 3141 4094 4897
3 2460 1600 3340
3 1125 1117 4805
3 1829 2017 2018
3 1354 1355 1404
3 5683 4840 6929
3 4105 4104 4106
3 3708 3760 5186
3 4829 4828 6386
3 2484 897 6984
3 502 5965 6902
3 2306 2737 5083
3 2452 2454 3148
3 950 936 951
3 206 207 462
3 3335 2731 3336
3 3341 935 5712
3 4037 3291 5470
3 3615 3613 4898
3 1778 1777 2060
3 558 561 5200
3 3639 3641 5301
3 5734 2104 5735
3 4575 4655 4656
3 1790 1834 2467
3 1797 1796 2080
3 486 79 6509
3 1786 1788 2155
3 950 1243 1301
3 1476 1610 2125
3 5214 4517 7449
3 1508 2460 5523
3 4853 846 5565
3 1492 881 5716
3 3882 4533 4534
3 4778 3015 6189
3 1485 4444 7288
3 3990 6351 7146
3 4620 5832 6267
3 2828 2376 2829
3 1807 1808 2071
3 3858 3535 3859
3 4752 4751 4753
3 658 659 664
3 793 812 813
3 2348 2086 5372
3 4611 5506 6370
3 1345 1344 1346
3 467 344 5091
3 2468 2485 2731
3 3546 6365 6436
3 4888 4887 4889
3 2725 2744 5498
3 1580 1583 5039
3 1668 2122 5571
3 3345 2035 3346
3 3869 3868 4229
3 3943 4022 4187
3 2223 5240 5771
3 2811 2877 5111
3 3815 3816 4702
3 5030 1488 5031
3 2798 750 5950
3 2060 2072 2440
3 1434 1472 1473
3 935 934 936
3 4723 4654 5857
3 2080 2307 2468
3 682 684 4991
3 3613 3611 3622
3 2073 1830 2106
3 5363 5366 5367
3 5252 5253 5255
3 824 3355 5032
3 2563 2628 2629
3 2352 1748 5286
3 5545 3464 5769
3 2163 2164 2364
3 5301 3751 5302
3 1516 3121 5357
3 4807 4808 4809
3 4470 4471 4472
3 3147 3264 5398
3 3256 3255 5211
3 1576 1496 5710
3 2129 2128 2130
3 636 637 640
3 2174 5367 5856
3 2553 2056 4900
3 3097 3098 3734
3 3476 3475 4260
3 1630 2162 2163
3 2671 5281 6318
3 5019 3477 5020
3 341 342 5224
3 1792 5100 6365
3 634 635 636
3 836 2165 5327
3 4766 4768 4770
3 3031 4644 4645
3 4320 3345 5009
3 3328 4914 4915
3 3334 3305 4020
3 4733 2142 4844
3 5191 2709 5662
3 4874 2483 5508
3 2924 2923 3475
3 6047 576 6122
3 3120 3876 3877
3 319 408 5330
3 1548 1463 1549
3 2330 2332 2944
3 2559 2880 4765
3 2581 2582 3004
3 1094 1096 4875
3 668 672 4854
3 622 623 626
3 3184 3935 3945
3 3332 2503 5499
3 1089 1092 4906
3 2131 2130 2132
3 1707 1736 5236
3 4937 5344 5345
3 1578 6787 6863
3 652 653 654
3 1301 2375 5712
3 3622 4879 4880
3 4768 4767 4769
3 1695 640 1696
3 5146 1618 7291
3 1619 1669 1883
3 1717 1718 5419
3 4139 4680 7005
3 4663 1126 6603
3 1071 1073 5090
3 5044 5047 5134
3 620 621 622
3 859 842 5312
3 1672 1549 1673
3 4890 4889 4891
3 2364 2544 5499
3 3736 3734 4246
3 1283 654 2128
3 2133 2132 2134
3 4831 5732 5733
3 3326 2128 4873
3 878 909 4729
3 4130 4128 4678
3 650 651 652
3 1836 1912 2623
3 4403 4404 4468
3 3804 2682 5507
3 2136 2134 2144
3 672 678 679
3 1753 1752 1754
3 1834 1836 4828
3 2837 2587 2838
3 1706 1705 1966
3 3770 4677 5807
3 2358 2266 5297
3 4819 4818 4820
3 5361 5363 5367
3 1301 1331 1332
3 1359 1361 1415
3 3908 3909 3912
3 3948 5879 6677
3 1152 1151 1162
3 2776 2775 3133
3 3241 3319 5024
3 4433 4241 5549
3 1123 4875 4877
3 4621 239 7456
3 648 649 650
3 1616 1619 5026
3 2737 3951 5083
3 1548 1672 1674
3 2839 2838 3115
3 6256 460 6483
3 1703 1702 1705
3 4930 2794 4932
3 1628 1627 1777
3 4651 4652 4653
3 2555 2556 2557
3 1966 2115 2116
3 2326 2328 2603
3 1886 1887 2092
3 6048 5356 6180
3 123 124 4674
3 2811 2488 2877
3 4818 4817 4823
3 1697 1696 1698
3 2789 2791 3152
3 353 354 417
3 1699 1698 1700
3 4383 3776 5371
3 1474 1476 4908
3 2116 2117 2789
3 5482 2910 5483
3 3590 2862 4254
3 1967 1966 5112
3 1891 1889 2101
3 3152 3153 4128
3 2677 3381 5195
3 2821 1404 3815
3 2771 3332 3333
3 324 325 5306
3 327 328 5270
3 2760 2761 3289
3 4468 4469 4470
3 1701 1700 1702
3 1508 1509 1600
3 4650 664 4651
3 2064 2065 2581
3 3879 3882 5761
3 5343 5482 5483
3 2364 2164 2544
3 5153 5166 5167
3 3285 3745 4136
3 5904 3510 6128
3 5152 5150 5153
3 5286 1550 6258
3 1408 1463 1464
3 1757 1758 1759
3 4706 3352 5539
3 5041 5042 5819
3 4089 3776 4383
3 1213 1214 2923
3 4401 4402 4403
3 2586 2390 2587
3 2793 2489 2794
3 2322 2324 2768
3 4950 4948 4959
3 2709 2695 5662
3 2737 3218 3951
3 2575 2680 5412
3 4059 3084 4061
3 4835 4635 4836
3 1407 1331 2104
3 684 698 3347
3 2643 2644 2645
3 1332 1407 1408
3 1745 3268 5108
3 2645 2646 2760
3 2163 2162 2164
3 1631 1632 1717
3 1357 1359 5028
3 1084 1085 1091
3 1447 626 1448
3 1080 1081 1082
3 3438 3439 4647
3 3321 4936 4938
3 1082 1083 1084
3 3955 4090 6843
3 3980 5335 5914
3 4787 211 4788
3 4739 4742 5526
3 3596 3594 6116
3 467 5091 5092
3 907 923 5532
3 6935 1515 6944
3 1714 1694 1715
3 933 932 934
3 6082 965 6136
3 3066 3161 3162
3 4052 3251 4649
3 224 225 382
3 2168 2167 2170
3 5023 1853 5848
3 4820 4818 4826
3 2315 2316 2501
3 3879 3878 3880
3 1100 1103 1155
3 2318 2320 2492
3 2544 2925 2950
3 3148 2454 4987
3 2155 1788 4816
3 3333 4141 4142
3 1309 1353 1354
3 1497 1579 1630
3 1285 1284 5545
3 1806 5543 5569
3 3291 3872 5470
3 4691 3437 4693
3 4886 4887 4888
3 661 668 3026
3 4896 2131 6237
3 3349 3352 3438
3 950 1301 5712
3 5287 5288 5291
3 1502 1448 1503
3 1063 1052 4913
3 2127 2126 2167
3 3422 5634 6008
3 2440 2488 2811
3 1078 1079 1080
3 569 571 6292
3 2440 2072 2488
3 3750 4352 4353
3 1631 1717 2336
3 5600 1552 5601
3 2030 2032 5508
3 2645 2644 2646
3 5168 5169 5378
3 4026 3238 4845
3 6074 3676 6174
3 2088 1503 2826
3 2826 2827 3066
3 2760 2646 2761
3 5409 2747 5410
3 6682 1333 6796
3 1443 1497 5074
3 4913 1052 4921
3 1520 5352 5354
3 4590 3730 4591
3 3644 3647 3750
3 5302 3751 5303
3 4865 3399 4866
3 1859 2597 5506
3 5313 5312 5642
3 3238 3146 3787
3 1092 1094 1123
3 6140 1314 6223
3 3436 3082 3437
3 351 352 463
3 3314 6384 6649
3 2643 2642 2644
3 1995 1843 2082
3 1110 1112 1170
3 1607 1561 1671
3 3744 4281 6000
3 1765 1671 1843
3 3333 3332 4141
3 655 657 658
3 1499 1467 1561
3 1674 1830 1831
3 1316 1317 1327
3 1384 5379 5380
3 2389 2082 2390
3 4566 4564 5105
3 1792 5099 5100
3 1508 1600 2460
3 894 956 5853
3 1426 1397 1467
3 3475 3477 5019
3 3773 3632 3774
3 3435 3066 5064
3 6337 4032 6604
3 2944 2332 4817
3 7108 3902 7396
3 1396 4934 4935
3 226 471 4995
3 5753 3785 6111
3 595 596 601
3 1336 1456 5299
3 1841 2642 2643
3 1538 2160 5786
3 1096 1098 2068
3 1000 1001 1002
3 1362 1351 1397
3 2060 1777 2072
3 3735 3790 4438
3 998 999 1000
3 1755 1757 4989
3 593 594 595
3 1314 1315 1316
3 5195 3801 5415
3 1630 1579 2162
3 996 997 998
3 2640 5534 5535
3 2026 5062 5063
3 3249 2691 3342
3 1282 5241 5242
3 3116 3115 3141
3 1002 1004 5086
3 5823 116 6467
3 3374 4409 4410
3 994 995 996
3 3268 4147 4158
3 6051 2743 6487
3 2462 5214 6639
3 3467 3364 4139
3 1811 825 2070
3 1133 1125 1134
3 923 969 5532
3 2947 2989 3374
3 3817 3815 4778
3 1190 1191 1192
3 1188 1189 1190
3 1004 1069 5087
3 5034 3877 5761
3 1186 1187 1188
3 3631 3630 3632
3 3308 3292 3949
3 3740 3687 4815
3 2460 3340 3375
3 2483 2083 5508
3 3207 3208 4093
3 5283 5286 5292
3 3277 1608 3747
3 2021 2022 2023
3 1390 5368 5926
3 5283 2352 5286
3 1407 2104 5734
3 815 825 1712
3 815 814 816
3 1144 1143 1151
3 2373 2081 2528
3 1396 4966 5199
3 2676 3436 5558
3 4647 4599 7452
3 1197 2531 5029
3 1184 1185 1186
3 3467 4139 4221
3 1291 5119 5120
3 2165 838 5315
3 4388 6671 7397
3 2482 2483 2947
3 2125 1610 2126
3 2584 3096 3097
3 1118 1120 1181
3 991 993 994
3 3438 3352 3439
3 591 592 593
3 3622 4878 4879
3 5177 5174 7424
3 3179 3241 3748
3 4954 6382 6505
3 4739 4738 4740
3 2589 3366 3367
3 4162 5145 5146
3 3972 3284 4339
3 2467 1834 4828
3 630 633 634
3 1572 1839 5402
3 4715 4716 4717
3 4557 4559 5008
3 349 350 404
3 2982 3364 3467
3 1918 1920 2428
3 5403 2180 5623
3 681 680 682
3 3629 3628 3630
3 1231 1168 5619
3 1473 1472 1474
3 3627 3626 3628
3 2631 3444 5515
3 3436 4692 5558
3 1378 1435 2109
3 2735 4739 5526
3 1048 5274 5275
3 3321 2787 4936
3 2741 1177 5400
3 4019 5554 6716
3 4864 2447 5472
3 5046 5134 5135
3 6055 3827 6135
3 2767 5127 7434
3 3268 4158 5108
3 3577 3181 3868
3 6929 4840 6930
3 644 647 648
3 1761 4918 5416
3 3285 2957 3745
3 2673 2674 3179
3 2668 2820 5455
3 2534 2532 3247
3 4638 337 7427
3 2764 2787 3321
3 1755 4989 5110
3 2768 2324 4859
3 1692 1693 1694
3 1712 1811 2035
3 4974 4972 4975
3 637 639 5098
3 994 993 995
3 5288 5285 5289
3 4079 7027 7408
3 3293 4003 4004
3 1014 5041 5078
3 1226 1228 1288
3 3221 5283 5284
3 1549 1463 5734
3 672 679 4854
3 1084 1083 1085
3 1369 1644 5456
3 1218 1220 5119
3 2109 1435 3392
3 4223 4714 4715
3 5076 5074 5085
3 2771 2503 3332
3 3750 3647 4352
3 5066 5065 7284
3 4724 4503 4725
3 625 628 3365
3 1831 2073 2074
3 389 341 5224
3 639 642 2664
3 628 630 4901
3 4353 4352 4640
3 5284 5292 5293
3 4700 3854 6330
3 5077 2955 6559
3 5497 417 6291
3 617 619 620
3 1082 1081 1083
3 1544 1543 6186
3 4020 4021 4325
3 1755 1754 1756
3 374 4104 4105
3 3637 3639 4827
3 1350 1349 1351
3 996 995 997
3 5306 4164 6860
3 5287 5285 5288
3 578 579 582
3 1600 1601 4846
3 1182 1183 1184
3 3882 4538 5761
3 1043 5163 6878
3 3940 3943 5007
3 4823 3148 6669
3 2812 3292 3308
3 5685 4137 7381
3 654 653 655
3 1080 1079 1081
3 1589 1598 2121
3 1841 1641 2642
3 2812 2811 3292
3 4667 4464 4668
3 576 577 578
3 2602 2190 2862
3 998 997 999
3 1087 1089 2138
3 3133 2775 3344
3 2127 2168 2169
3 953 4537 7417
3 1321 1323 1330
3 3357 3359 4773
3 3352 2501 5539
3 1000 999 1001
3 3644 3643 3647
3 1384 921 5379
3 3641 3643 3644
3 1718 1771 1807
3 1002 1001 1004
3 1319 1321 5133
3 3041 2653 3328
3 2047 2668 5455
3 684 3347 4991
3 4702 3816 4704
3 5180 3852 5502
3 681 687 1599
3 3374 2989 4409
3 981 1178 5173
3 991 989 993
3 3704 3313 4385
3 3034 3753 5939
3 1114 1118 4811
3 2778 2779 5373
3 2947 2483 2989
3 2653 2534 4914
3 3319 3724 4414
3 1819 1942 2064
3 3433 4609 5387
3 1328 1341 1396
3 1163 1162 4861
3 954 1302 5307
3 1354 1353 1355
3 2315 2314 2316
3 3357 3358 3359
3 2024 3149 4355
3 652 651 653
3 2074 2376 2687
3 1932 6484 6968
3 4362 3336 4541
3 5442 3744 6000
3 3728 5497 6291
3 605 607 610
3 4063 4064 4066
3 2687 2828 2830
3 5275 5274 5276
3 1991 2042 5296
3 3815 1404 3816
3 418 7234 7243
3 1335 1488 5030
3 3446 3849 5333
3 3761 5423 5424
3 4466 3802 4467
3 2018 2311 2312
3 615 617 5129
3 1132 1149 1212
3 976 601 977
3 1713 1694 1714
3 3313 3041 4933
3 5186 3760 5542
3 1230 1335 5030
3 2512 2803 2932
3 3877 3876 3878
3 3748 3241 5024
3 1075 1077 1078
3 3355 878 4729
3 7460 1722 7511
3 1279 1273 5473
3 2242 2314 2315
3 563 564 567
3 1167 1180 1213
3 1192 1191 1194
3 3429 3971 5395
3 5242 5241 5244
3 2365 2364 2503
3 3730 3476 4942
3 3349 2501 3352
3 493 4418 4419
3 1190 1189 1191
3 347 348 465
3 561 562 563
3 1222 1224 1225
3 2023 2022 2024
3 1194 1200 3362
3 1069 1071 1612
3 586 588 5014
3 3400 2692 5547
3 2707 2706 5444
3 3616 6055 6135
3 2424 2415 5480
3 3387 1549 5734
3 1188 1187 1189
3 2414 2411 5187
3 2188 2335 3024
3 1938 1940 5005
3 3120 3877 5034
3 5405 5407 5408
3 3304 3303 3305
3 3801 3383 3802
3 1396 1341 4934
3 5401 1572 5402
3 389 5224 5225
3 5075 5074 5076
3 3099 3357 4735
3 3436 3437 4691
3 1316 1315 1317
3 1693 5217 5220
3 1476 2125 4908
3 1584 1616 5037
3 2169 2489 2490
3 1601 1603 1631
3 813 812 814
3 1186 1185 1187
3 1165 4678 7118
3 1204 1285 1314
3 5660 4070 7012
3 3310 3038 3434
3 2924 3475 3476
3 642 644 4884
3 3367 3366 3368
3 2982 2963 3364
3 3620 3618 3621
3 3202 3722 4062
3 609 612 2089
3 5123 5124 5125
3 612 615 5130
3 5053 5055 5058
3 5610 5609 5611
3 3348 2501 3349
3 1838 1479 5462
3 5592 5928 5933
3 1168 3481 5619
3 679 678 680
3 2316 2318 5539
3 5272 379 6731
3 3099 3100 3357
3 650 649 651
3 1473 1608 2585
3 1124 1117 1125
3 5042 5044 5046
3 374 173 4104
3 2676 3081 3082
3 3615 4898 5235
3 2030 2028 2032
3 1599 1796 1797
3 5245 5242 5252
3 1926 1934 5213
3 978 977 979
3 584 586 2113
3 3809 4501 4503
3 4614 3819 4961
3 7277 4261 7330
3 1216 1218 1291
3 2490 2793 3067
3 603 605 4941
3 1123 1094 4875
3 5443 5442 6000
3 3526 4005 5546
3 3004 2582 4967
3 982 981 983
3 3734 3098 3735
3 536 688 5369
3 4093 3208 4159
3 1220 1222 5128
3 5626 5624 6384
3 7208 4526 7328
3 5732 2750 5733
3 925 1230 2300
3 2066 2067 5472
3 2272 2277 5399
3 2426 2425 2673
3 1184 1183 1185
3 5086 1004 5087
3 5102 5101 5103
3 4915 4914 4917
3 5536 3927 5929
3 588 590 591
3 5153 5165 5166
3 1924 1926 2462
3 5249 5246 5516
3 2468 2731 3335
3 3335 3336 3337
3 3934 5536 6036
3 1317 1319 5394
3 3067 3084 3213
3 4911 4910 4912
3 5315 5314 5316
3 3213 4059 4060
3 2130 2128 3326
3 2504 2503 2771
3 2026 2023 5062
3 600 603 2470
3 980 979 981
3 4108 3287 4109
3 984 983 985
3 2482 2083 2483
3 1489 1507 1508
3 2411 2409 5187
3 2158 5577 5943
3 3099 4735 5801
3 2658 2358 5297
3 6104 476 7187
3 5058 5055 5060
3 1810 5358 5360
3 5221 998 5966
3 5200 561 5991
3 2716 2611 5196
3 1107 5264 5609
3 1314 1285 1315
3 2797 3255 3256
3 81 82 5517
3 3303 3892 5089
3 1263 1261 5241
3 3796 4345 5961
3 2021 1863 2022
3 1205 1201 1207
3 2582 2584 4967
3 4739 4740 4741
3 1258 1205 5033
3 598 600 5182
3 2731 2485 2732
3 1078 1077 1079
3 2427 2407 5464
3 3248 3141 3287
3 595 594 596
3 1583 5038 5039
3 3611 3608 4878
3 2581 2065 2582
3 1011 1009 1013
3 1548 1674 5806
3 6252 5170 7499
3 2665 1775 2666
3 3046 3045 3288
3 1197 1195 2531
3 3760 3710 5101
3 1596 1627 1628
3 3179 2674 3241
3 636 635 637
3 4888 4889 4890
3 2676 3082 3436
3 2092 2093 2382
3 2423 2422 2425
3 3409 3310 3410
3 5046 5044 5134
3 2585 3277 3784
3 1797 2080 2081
3 5405 889 5407
3 1940 2059 2281
3 1282 1263 5241
3 5137 5135 5140
3 1273 1272 5473
3 1141 1140 1143
3 1340 1589 5340
3 3343 593 5239
3 2977 2976 3207
3 2831 4133 5512
3 619 618 5636
3 2134 2132 2135
3 3039 3038 3310
3 1213 2923 2924
3 2520 6784 6872
3 3259 3839 3961
3 1682 1823 5577
3 7011 4106 7063
3 2905 2907 5482
3 2950 6052 7426
3 1862 1327 1863
3 661 3026 5067
3 1690 1691 1692
3 3911 4400 4401
3 3760 5101 5102
3 2589 2348 3366
3 1014 1011 5041
3 2203 3386 5457
3 433 327 5270
3 1118 1181 4811
3 573 575 576
3 5019 5020 5426
3 345 346 395
3 2607 2442 2775
3 3089 2716 3284
3 4901 634 5725
3 3207 2976 3208
3 1934 5212 5213
3 2162 5039 5560
3 876 4600 7247
3 4039 2658 5297
3 5439 3139 5440
3 1007 1005 2647
3 2080 1796 2307
3 698 793 5567
3 3097 3096 3098
3 1692 1691 1693
3 1349 1280 4838
3 884 2484 5310
3 2138 1089 4906
3 2573 2747 5409
3 1283 2128 2129
3 2129 2130 2131
3 5102 5103 5104
3 3187 5768 5853
3 4705 3816 5651
3 4438 3790 4924
3 2403 2401 5143
3 636 640 1695
3 3221 5285 5287
3 4651 664 4652
3 3816 1404 5651
3 3734 3735 5084
3 1003 1002 1005
3 2025 2023 2026
3 3763 3410 4506
3 2020 1863 2021
3 2116 2789 2790
3 1436 1443 5075
3 367 4772 6039
3 593 592 594
3 2735 4738 4739
3 3152 4128 4130
3 3905 3907 3908
3 1674 2196 5806
3 4177 4108 4635
3 3121 5356 5357
3 3617 3615 3618
3 3590 4254 4512
3 6295 4015 6537
3 3785 4574 6111
3 1225 1224 1226
3 1604 1252 5198
3 2735 3870 4738
3 3393 3367 3766
3 2468 2307 2485
3 4064 390 4065
3 630 634 4901
3 1628 1777 1778
3 4472 4473 5422
3 596 598 5183
3 4109 4897 6305
3 2027 2026 2028
3 2974 2973 2976
3 581 584 5181
3 558 560 561
3 553 555 5201
3 5728 3092 6359
3 1006 1005 1007
3 3322 2553 4900
3 2029 2028 2030
3 1612 1071 5090
3 2506 3120 5034
3 1047 5432 5433
3 4301 3781 4303
3 2797 2796 3255
3 66 67 455
3 2378 3554 5332
3 2137 996 5221
3 2131 2132 2133
3 1193 1192 1195
3 913 3455 5718
3 3842 4874 6925
3 658 657 659
3 1480 1572 5401
3 1259 1258 1363
3 1008 1007 1009
3 648 647 649
3 2670 2796 2797
3 578 577 579
3 3427 5397 5461
3 3328 2653 4914
3 5120 5119 5121
3 4466 4467 5232
3 1010 1009 1011
3 1012 1011 1014
3 3453 5595 5596
3 4182 3579 5291
3 1015 1014 1016
3 1695 1696 1697
3 648 650 3376
3 1198 1197 1201
3 1196 1195 1197
3 1112 1114 5389
3 1202 1201 1205
3 1206 1205 1258
3 3259 3256 3839
3 1966 1705 2115
3 634 633 635
3 2659 3924 7150
3 2373 2528 2529
3 2179 2566 5632
3 5498 2744 5814
3 1448 626 2612
3 817 689 5269
3 3255 4033 5211
3 639 2664 5098
3 2133 2134 2136
3 4002 5231 6093
3 3934 6082 6136
3 152 447 6407
3 622 626 1447
3 1697 1698 1699
3 2234 1573 5701
3 1520 1522 5352
3 3801 3802 4466
3 3342 5017 5018
3 5149 5148 5150
3 4086 4711 7484
3 2349 2348 2589
3 625 3365 5080
3 5136 5135 5137
3 4020 3305 4021
3 1803 1805 5543
3 3708 3710 3760
3 1048 1021 5274
3 2031 2030 2083
3 2406 2403 5143
3 2081 2080 5719
3 3311 4664 5188
3 1699 1700 1701
3 4385 3313 4933
3 1208 1286 1287
3 1182 1016 1183
3 3614 3613 3615
3 2866 4045 5522
3 2826 1503 2827
3 4783 3322 5404
3 658 664 4650
3 1806 1803 5543
3 2084 2083 2482
3 3328 4915 4916
3 5243 5242 5245
3 1085 1087 4997
3 1703 1705 1706
3 2673 2425 2674
3 6320 3415 6321
3 3162 3161 5370
3 1701 1702 1703
3 7336 4632 7398
3 1934 1936 5212
3 1397 1351 5015
3 372 324 5306
3 563 562 564
3 2415 2414 5480
3 1335 1429 1488
3 4889 4887 4892
3 4654 4651 5857
3 2434 1974 5463
3 3097 3734 3736
3 4477 4480 5572
3 2958 2957 3285
3 2116 2115 2117
3 2865 2864 3693
3 3066 2827 3161
3 2602 2862 3590
3 2789 2117 2791
3 3392 5077 6635
3 3422 3423 4153
3 615 5129 5130
3 2064 1942 2065
3 3152 2791 3153
3 5317 5316 5318
3 1473 2585 5753
3 1706 1966 1967
3 3089 3972 5418
3 1328 1396 5199
3 5691 7019 7286
3 4727 4728 5386
3 1021 1019 5274
3 5284 5283 5292
3 622 621 623
3 4128 3153 4129
3 2668 2669 2670
3 5343 5483 6548
3 1989 5296 5507
3 1017 1016 1182
3 2011 4007 5311
3 5474 2237 5701
3 1702 1700 1704
3 5023 6074 6174
3 1698 1696 2102
3 1932 4959 6868
3 610 607 6035
3 2691 2285 5017
3 3334 4020 4689
3 3693 3696 3864
3 3478 675 5763
3 5255 2781 7320
3 1967 5112 5113
3 1983 5333 5730
3 3331 3287 4108
3 3452 3708 5186
3 1810 2009 5358
3 892 894 5853
3 4537 4338 4993
3 208 209 394
3 1751 1795 5011
3 610 6035 7238
3 3475 2923 3477
3 3396 3427 5461
3 3381 3383 3801
3 2585 3785 5753
3 4827 3639 5301
3 4339 3284 4340
3 620 619 621
3 4650 4651 4654
3 4823 4618 7410
3 609 2089 6035
3 1143 4998 5002
3 1252 1241 5198
3 3468 3467 5265
3 343 344 467
3 3576 3577 6450
3 591 590 592
3 4724 4725 4726
3 2601 2600 2864
3 3082 3311 5188
3 3951 3218 4709
3 2468 3335 5719
3 2964 2963 2982
3 3735 4438 5084
3 4778 6189 6376
3 3455 915 5574
3 1448 2612 5704
3 981 979 1178
3 1213 1180 1214
3 3381 3382 3383
3 2526 2352 5283
3 5011 1795 5012
3 5246 5245 5516
3 5458 3814 5459
3 605 610 4941
3 5490 5488 5491
3 2407 2406 5464
3 6916 2194 7058
3 3777 4423 5533
3 833 889 5405
3 4260 3475 5019
3 859 5314 5315
3 414 150 4370
3 1479 1419 5462
3 770 765 5576
3 3362 4681 6427
3 3612 3611 3613
3 576 575 577
3 985 983 2120
3 1753 1755 5110
3 4457 826 7396
3 3384 4443 5263
3 2192 1873 3045
3 5577 4813 5943
3 2670 2669 2796
3 4042 817 4688
3 2378 2379 3023
3 2277 2445 5399
3 1354 1404 2821
3 678 677 5941
3 2966 2964 5628
3 3221 2526 5283
3 1850 6565 6611
3 2776 3133 3134
3 128 129 464
3 5173 1178 5174
3 2417 2415 2424
3 561 560 562
3 3969 3094 5502
3 2042 1993 2301
3 2826 3066 3435
3 652 654 1283
3 977 601 2171
3 1936 1938 2374
3 2250 2675 2676
3 2064 2581 2625
3 3815 4702 4778
3 5203 3020 6412
3 555 558 5200
3 3051 3808 3809
3 1377 5713 7425
3 4591 3730 4942
3 1763 2340 4919
3 1695 2881 5725
3 2664 642 4884
3 2383 2459 5739
3 369 180 4072
3 3161 3952 5370
3 946 961 5835
3 3435 5064 5065
3 3335 4719 5719
3 3809 4503 4724
3 1447 1448 1502
3 1502 1503 2088
3 2944 4818 4819
3 3972 4339 4341
3 3924 2658 4039
3 1062 1052 1063
3 2123 3482 5565
3 1102 4986 6194
3 321 322 472
3 1766 2188 5179
3 2727 2729 5309
3 3311 4663 4664
3 884 885 897
3 4807 4806 4808
3 636 1695 5725
3 3376 650 5765
3 2123 853 2147
3 1047 1037 5432
3 130 131 424
3 2113 586 5014
3 2199 2203 5457
3 2821 3815 3817
3 4974 4975 4976
3 3322 4900 5905
3 2382 2383 5739
3 1066 1063 1067
3 2618 3002 3099
3 3037 2979 3038
3 1265 1263 1282
3 2445 5195 5399
3 1291 1218 5119
3 5377 4700 5804
3 321 472 5193
3 1874 929 5505
3 2827 1503 5704
3 5938 3772 7052
3 5715 870 6837
3 3198 3989 3991
3 1654 1655 1875
3 5130 5129 6147
3 1794 2111 5667
3 977 2171 5648
3 1116 1067 1117
3 2222 2220 5771
3 1178 979 5648
3 2599 2476 2600
3 1462 1595 1596
3 3304 3305 3334
3 2925 3059 6052
3 2956 2772 2957
3 3637 4827 6116
3 990 989 991
3 2861 5465 5467
3 2409 2407 2427
3 1988 1986 5507
3 167 168 448
3 4999 1142 5001
3 5175 1178 5648
3 1702 1704 5744
3 2475 1875 2476
3 3452 5186 5810
3 1690 1560 1691
3 564 566 5227
3 2401 2351 2455
3 2421 2419 2422
3 2440 2811 2812
3 3404 2827 5704
3 2998 3300 3301
3 3138 3139 5439
3 2761 2763 2764
3 2192 3046 5180
3 373 6733 6886
3 5151 5150 5152
3 3046 3288 3586
3 3028 2526 3221
3 3089 3284 3972
3 1736 3198 5236
3 1465 582 2047
3 1287 4945 4946
3 3697 3694 4507
3 5928 4756 5933
3 1496 1385 5434
3 3302 3301 3303
3 566 569 2154
3 1385 1247 5434
3 1642 1641 1841
3 4686 2211 7304
3 5677 7108 7396
3 1590 790 5804
3 4792 4790 7263
3 4975 4986 5417
3 1325 1328 5199
3 2413 2411 2414
3 3949 3292 3950
3 3911 4401 4779
3 2071 1808 4186
3 2972 2970 2973
3 4649 3873 6605
3 1776 1063 4913
3 1845 1847 3412
3 2968 2966 2975
3 5981 4578 6024
3 1849 2038 2735
3 6095 2517 7047
3 2115 1705 5744
3 3383 3384 5263
3 3340 1600 4846
3 2192 3045 3046
3 5150 5148 5165
3 6387 374 6578
3 1707 5236 5636
3 2148 2147 2149
3 1974 1746 5463
3 2405 2403 2406
3 550 553 1815
3 3131 2819 3170
3 2589 3393 5351
3 2260 2086 2348
3 1383 1434 5753
3 4002 6093 6143
3 4865 4866 4867
3 4819 4820 4821
3 2818 2553 2819
3 1222 1225 5128
3 3710 3711 3810
3 2625 4972 4973
3 591 593 3343
3 4476 4477 5572
3 2301 5259 5260
3 4871 860 4872
3 962 947 5476
3 3010 3814 5458
3 6697 2359 6736
3 4489 4490 4491
3 1861 2778 5375
3 2047 2667 2668
3 2542 3201 3422
3 2668 2667 2669
3 2374 1938 5005
3 1310 962 5476
3 1241 992 3560
3 3987 5495 5647
3 5154 5152 5163
3 851 2123 5565
3 1991 1993 2042
3 34 35 5118
3 2491 3363 5803
3 2544 2545 2925
3 3999 5680 7050
3 857 858 860
3 1348 1280 1349
3 2381 2519 5471
3 3257 3256 3259
3 3724 3725 4476
3 5248 5246 5249
3 5307 3865 5308
3 4614 4961 4962
3 1023 1021 1048
3 5132 1447 6197
3 3384 4442 4443
3 4699 2300 6280
3 598 5182 5183
3 4918 1763 4919
3 3637 3638 3639
3 4440 5665 7144
3 3408 2115 5744
3 4786 3091 6976
3 3943 4187 5007
3 812 811 6021
3 3585 3449 5262
3 2134 2135 5420
3 4805 4807 5172
3 5795 3818 6138
3 4699 4700 5820
3 335 336 384
3 4708 6725 6870
3 1678 1676 5586
3 1600 1509 1601
3 1589 2121 5340
3 3319 3356 3724
3 2482 4698 5372
3 2307 1796 5797
3 226 227 471
3 2003 2176 2261
3 2764 2765 2787
3 2677 3380 3381
3 338 339 469
3 1657 1769 2112
3 4286 4285 4287
3 1425 1376 2239
3 2958 3285 5205
3 4139 7005 7414
3 340 341 389
3 2445 2677 5195
3 2683 2682 2684
3 473 5330 5331
3 3453 5594 5595
3 1037 1035 5432
3 4022 4023 4024
3 595 601 976
3 2541 2192 5180
3 1283 2284 5765
3 5438 5484 5485
3 2597 5541 6370
3 1989 1991 5296
3 332 333 432
3 2262 2264 2378
3 3708 3709 3710
3 1327 1317 5394
3 2787 2788 3293
3 4263 6999 7040
3 4056 4592 6723
3 2487 2751 2752
3 1567 3857 5496
3 2987 3702 6381
3 3038 2979 5278
3 3293 3294 4003
3 5799 3493 5922
3 2925 2926 3059
3 5439 5441 5445
3 2180 1908 5623
3 5274 1019 5277
3 2761 2764 5393
3 6958 3997 6989
3 2962 2960 2963
3 5083 3951 6536
3 3822 4709 6767
3 2207 817 4042
3 329 330 379
3 3639 3640 3641
3 457 6 5088
3 1542 1606 1654
3 1726 1403 5789
3 6502 3813 6734
3 5169 5170 6252
3 955 946 5835
3 1480 1479 1572
3 1616 5026 5037
3 393 81 5517
3 2607 2775 2776
3 3339 3170 3822
3 1254 1252 1604
3 1384 5381 5568
3 3303 3301 3892
3 2150 2149 2227
3 5379 2146 5385
3 5906 5374 6211
3 3324 3372 3456
3 652 1283 5765
3 3059 3060 3184
3 1655 1657 5237
3 3446 3450 3849
3 1355 1357 5651
3 853 854 5229
3 6142 5223 6256
3 3394 4981 7195
3 1411 1470 3865
3 5381 5384 5568
3 851 852 853
3 43 44 418
3 859 5313 5314
3 1354 2821 5795
3 3544 4234 6458
3 3897 5689 7167
3 5723 6770 6919
3 3278 4161 4163
3 1807 1771 1808
3 895 925 5820
3 1497 1498 1579
3 1961 5231 6054
3 1470 1542 5208
3 2826 3435 5773
3 4676 525 7214
3 884 897 2484
3 1981 1973 1982
3 2508 5496 5547
3 1717 1632 1718
3 1985 1984 1986
3 3184 3185 3935
3 986 985 987
3 992 991 5376
3 976 977 978
3 4480 4481 4483
3 3198 3991 5236
3 988 987 989
3 3943 3944 4022
3 3641 3642 3643
3 2301 5258 5259
3 3526 3003 4005
3 2635 3371 5298
3 929 893 5505
3 871 884 5310
3 3579 5287 5291
3 5224 5430 6546
3 3444 3446 5333
3 4395 4287 4396
3 2662 2663 3574
3 540 2605 5337
3 870 871 5310
3 225 226 4995
3 2123 2147 2148
3 1443 1444 1497
3 3241 3318 3319
3 1508 1507 1509
3 1078 1080 2638
3 2011 567 4007
3 688 5337 5338
3 860 861 5268
3 1107 5609 5610
3 2667 582 5613
3 4830 613 6172
3 3846 6047 6122
3 5447 749 6129
3 2494 2011 5311
3 1985 1986 1988
3 2378 3023 3554
3 4505 1401 7540
3 3102 4710 6705
3 1985 2392 5575
3 5288 5289 5290
3 3059 3184 5727
3 1275 1273 1279
3 1693 3325 5217
3 2448 2885 2886
3 1135 1125 4805
3 5047 5048 5141
3 2519 3270 5471
3 1312 1289 5423
3 5428 1850 5429
3 3849 3450 5810
3 1257 1309 5795
3 2103 2066 2447
3 871 883 884
3 866 869 870
3 3270 4036 5471
3 3786 2667 5613
3 2015 2509 5495
3 4776 6692 7184
3 2346 2876 5538
3 1378 1379 1435
3 5570 1780 5571
3 980 981 982
3 832 802 5711
3 5441 5440 5828
3 3397 2941 3398
3 978 979 980
3 5917 1961 6054
3 2261 2262 5332
3 3075 2307 5797
3 1482 1480 5401
3 2423 2425 2426
3 2778 5374 5375
3 851 853 2123
3 1575 1496 1576
3 2448 2447 2885
3 1847 1849 5526
3 982 983 984
3 2047 582 2667
3 5108 4158 6499
3 3221 5284 5285
3 1714 1716 1750
3 1027 1025 2142
3 3693 2864 3696
3 2227 2661 2662
3 1031 1029 1044
3 1488 1489 5523
3 3809 3808 4501
3 2054 2052 2840
3 3560 992 5376
3 1751 1753 1795
3 534 536 5369
3 1619 1620 1669
3 1991 1992 1993
3 1631 1603 1632
3 5227 2154 5228
3 1321 1322 1323
3 3980 4511 5335
3 4748 3834 5520
3 3129 4173 4988
3 4694 5188 5844
3 3604 3602 3633
3 1661 1659 5792
3 1878 5935 6333
3 3261 2214 5570
3 2720 5383 6444
3 5139 2256 7162
3 1302 1411 5307
3 1384 5380 5381
3 4693 3437 4694
3 2865 3693 3694
3 1757 1756 1758
3 2998 2886 3300
3 5042 5043 5044
3 1323 1324 1325
3 1341 1342 1378
3 3435 5066 5773
3 3699 5230 7238
3 2262 2378 5332
3 1328 1329 1341
3 2821 3818 5795
3 1815 5201 5202
3 854 856 857
3 4628 4627 5305
3 3923 3320 4086
3 3659 3249 4224
3 1982 1985 5575
3 3397 3398 3399
3 1420 1479 1480
3 1170 1112 5389
3 2024 2992 3149
3 3610 3608 3611
3 1234 1236 5618
3 1616 1617 1619
3 1325 1326 1328
3 2203 2633 2634
3 2676 2675 3081
3 1420 1419 1479
3 2601 2864 2865
3 1669 1670 1782
3 2103 2447 2448
3 4968 3736 5421
3 1786 1787 1788
3 1087 2138 4997
3 1627 4927 5534
3 3668 4038 6009
3 861 863 865
3 2393 1988 2682
3 3577 3868 3869
3 1271 1269 1272
3 3542 3544 4803
3 2634 3128 3129
3 1982 1984 1985
3 1909 2486 2487
3 3908 3907 3909
3 1969 1973 1981
3 2600 2476 2750
3 1174 1164 2604
3 1347 1312 1641
3 2957 2772 5109
3 1657 2112 5237
3 578 582 1465
3 1319 1320 1321
3 3156 2691 3249
3 4660 3664 4661
3 3207 4093 4713
3 1194 1199 1200
3 5446 5441 5828
3 1210 1486 5400
3 2124 3561 5995
3 2316 2317 2318
3 3014 2591 3497
3 3934 6036 6082
3 3385 3375 4354
3 833 834 889
3 818 819 833
3 857 860 4871
3 798 799 818
3 2343 2237 5474
3 842 844 5312
3 3149 3370 4243
3 3179 3748 3749
3 2842 2309 5686
3 2328 2330 5891
3 1317 1318 1319
3 2393 2682 2683
3 2745 2354 5478
3 326 327 433
3 6035 4103 7238
3 786 787 798
3 4858 1599 6195
3 1488 1429 1489
3 5302 5303 5304
3 3452 3707 3708
3 3774 3776 4089
3 2148 2149 2150
3 66 455 5452
3 3082 3081 3311
3 6178 1722 7460
3 1795 1753 5110
3 3864 3696 4830
3 3023 2379 4125
3 2512 2802 2803
3 4403 4402 4404
3 2163 2364 2365
3 1839 2066 2103
3 2335 2511 2512
3 1443 5074 5075
3 867 5282 7152
3 2775 2442 4824
3 579 581 5613
3 3359 3358 3360
3 2903 2905 5341
3 2722 2941 3397
3 540 542 2605
3 1815 553 5201
3 473 318 5330
3 1082 1084 1333
3 5202 5201 5203
3 4578 5476 6024
3 765 759 5576
3 3600 3624 3637
3 3924 6931 7098
3 3622 3611 4878
3 2330 2331 2332
3 4190 3732 4910
3 1121 1146 5477
3 1316 1327 1862
3 2315 2501 3348
3 5440 5442 5443
3 3028 3221 5287
3 2340 2686 4016
3 3744 3743 4281
3 4599 4504 6887
3 319 320 408
3 1200 1203 1204
3 6368 5197 6462
3 1594 2267 5099
3 4477 4479 4480
3 2599 2600 2601
3 1654 1875 2475
3 3894 3267 3895
3 5381 5380 5382
3 2635 3019 3371
3 3959 3261 5570
3 5044 5045 5047
3 1190 1193 5450
3 782 783 786
3 1641 1312 5423
3 1792 1594 5099
3 2298 4678 7160
3 867 833 5405
3 4249 3765 4250
3 2901 2903 3143
3 2069 5148 5149
3 1204 1284 1285
3 130 424 5976
3 2261 2176 2262
3 3371 3848 4850
3 2188 2334 2335
3 1725 5108 5941
3 2318 2319 2320
3 1004 1068 1069
3 3144 2629 3145
3 3865 1470 5208
3 1886 1764 1887
3 3357 3100 3358
3 2960 2958 5205
3 2475 2476 2599
3 2320 2321 2322
3 2328 2329 2330
3 3781 3671 5791
3 1417 1375 1419
3 6527 3361 6546
3 1654 1606 1655
3 4835 4836 4837
3 1572 1838 1839
3 3410 4605 7543
3 2705 2704 2706
3 2332 2333 2452
3 5610 5611 5612
3 2589 3367 3393
3 3143 2903 5341
3 5319 5318 5320
3 532 534 2139
3 1851 3048 5530
3 4504 57 6887
3 838 840 5315
3 2997 2886 2998
3 5053 5054 5055
3 921 905 5379
3 2021 2023 2025
3 2064 2625 4984
3 2111 2571 5667
3 1284 1650 5545
3 1798 1800 2590
3 4998 5000 5002
3 4159 4160 4377
3 2779 3278 5373
3 1269 1267 6274
3 3255 3258 4033
3 2378 2264 2379
3 1396 4935 4966
3 6404 613 6419
3 2974 2976 2977
3 1000 1002 1003
3 1184 1850 5428
3 4486 4488 4489
3 2457 2056 2553
3 4472 4471 4473
3 4879 4878 4881
3 4467 3802 4749
3 74 75 470
3 6244 7472 7500
3 1483 567 2011
3 2452 2453 2454
3 1730 1576 1731
3 1394 1424 5856
3 3834 3832 5520
3 2322 2323 2324
3 3579 3028 5287
3 1139 1137 1406
3 5528 4053 5529
3 1788 1789 1790
3 2188 3024 5179
3 3778 3196 6025
3 1190 1192 1193
3 1177 1210 5400
3 2242 2313 2314
3 4483 4484 4485
3 5354 5353 5355
3 4694 5844 5845
3 2687 2830 5581
3 2600 2750 5732
3 2944 4819 5891
3 2326 2327 2328
3 4679 461 7261
3 833 819 834
3 3232 2660 3320
3 5051 5052 5053
3 1594 1461 2267
3 1376 1231 5619
3 1880 1882 3047
3 4201 4202 4203
3 3696 2864 5732
3 1802 1806 3074
3 818 799 819
3 2365 2503 2504
3 1085 1086 1087
3 1069 1070 1071
3 5279 5280 5281
3 1759 1763 4918
3 3736 4246 5421
3 5439 5440 5441
3 4401 4400 4402
3 4718 6665 7229
3 2711 2713 6515
3 5046 5135 5136
3 2482 2947 4698
3 5320 5322 5324
3 798 787 799
3 2199 2201 2203
3 5363 5362 5364
3 3321 4938 4939
3 3039 3310 3409
3 2586 2587 2837
3 4509 2768 7110
3 1417 1419 1420
3 1539 1552 5602
3 5352 2590 5353
3 2383 2385 2459
3 2909 2908 5605
3 840 842 859
3 3077 3856 4084
3 5374 5373 6271
3 1071 1072 1073
3 1184 1186 1850
3 37 38 4264
3 6334 1871 6541
3 1195 1192 5209
3 2999 5799 5922
3 5307 5308 5431
3 1368 1234 5618
3 2560 2559 2561
3 2324 2325 2326
3 2375 6308 6368
3 2454 2521 2551
3 2703 2702 2704
3 844 846 4853
3 2837 2838 2839
3 7337 4673 7482
3 1862 1863 2020
3 3099 3002 3100
3 4258 3625 4259
3 4468 4404 4469
3 3818 4613 6138
3 5463 1746 5586
3 4470 4469 4471
3 5240 5620 5771
3 3409 3410 3763
3 1003 1005 1006
3 5749 3124 5750
3 3556 4376 4675
3 3270 3861 4036
3 844 4853 5312
3 3374 4410 4411
3 3393 3766 3767
3 1006 1007 1008
3 3644 3750 3751
3 4675 720 6357
3 1505 1495 5850
3 4831 3696 5732
3 2421 2422 2423
3 3398 3419 4328
3 2184 3273 3274
3 1977 1842 2069
3 323 324 372
3 786 783 787
3 1008 1009 1010
3 1282 5242 5243
3 2150 2227 2228
3 1010 1011 1012
3 5381 5382 5383
3 1012 1014 1015
3 1551 1749 5805
3 1015 1016 1017
3 1039 1037 1047
3 3333 4142 4697
3 3138 2707 3139
3 1051 1049 1052
3 3621 3626 3627
3 2349 2589 5351
3 5023 3862 6074
3 3123 2825 5585
3 1971 2250 5558
3 4153 3423 4154
3 5153 5150 5165
3 2605 542 5821
3 1295 964 5568
3 2025 2026 2027
3 2562 2561 2563
3 5406 5405 5408
3 3342 2691 5017
3 5363 5364 5365
3 853 852 854
3 2672 2434 2990
3 3348 3349 3350
3 1993 1994 5258
3 2922 3796 5603
3 994 996 2137
3 2417 2424 5117
3 3389 1464 5806
3 2027 2028 2029
3 3037 3038 3039
3 5566 2361 5620
3 1494 1385 1496
3 1411 3865 5307
3 1087 1088 1089
3 1746 1678 5586
3 3267 3259 5204
3 758 764 5760
3 2706 2884 2994
3 3556 3555 4376
3 2994 3420 3743
3 3940 3942 3943
3 860 858 861
3 4973 4972 4974
3 1198 1201 1202
3 1196 1197 1198
3 6030 3520 6044
3 1202 1205 1206
3 2504 2771 2772
3 1206 1258 1259
3 1193 1195 1196
3 5530 3048 5531
3 1369 1246 1644
3 3732 2897 5455
3 3426 3429 5395
3 3431 3433 5387
3 3971 5387 5388
3 2634 2633 3128
3 2735 2038 3870
3 1175 2741 5477
3 2839 3115 3116
3 1146 1175 5477
3 4428 4396 5722
3 2029 2030 2031
3 1364 1845 5767
3 5483 2910 5561
3 4617 380 4618
3 3383 3382 3384
3 2419 2417 5117
3 3438 4647 4648
3 2059 2241 2242
3 3750 4353 6296
3 1765 1843 1995
3 5317 5318 5319
3 4122 5474 5475
3 2197 2199 5457
3 5597 5598 5600
3 2558 2557 2559
3 1989 1990 1991
3 2994 3743 3744
3 1607 1671 1765
3 1969 1972 1973
3 2389 2390 2586
3 1045 1041 2626
3 3583 3138 5439
3 5341 2905 5482
3 2084 2482 5372
3 2220 2223 5771
3 1499 1561 1607
3 5440 3139 5442
3 741 743 1484
3 3017 3018 3883
3 1839 1840 2066
3 1995 2082 2389
3 1645 1971 5501
3 964 921 1384
3 3427 5395 5396
3 1098 1099 1100
3 1247 1172 2439
3 3731 2897 3732
3 3958 4053 5528
3 2031 2083 2084
3 4609 3530 6838
3 2713 2899 2900
3 566 2154 5227
3 538 540 5337
3 1750 1751 5011
3 2972 2973 2974
3 2877 2488 5226
3 221 222 4679
3 2291 1876 5751
3 2722 2723 2941
3 1426 1467 1499
3 2467 4829 5707
3 2982 3467 3468
3 3344 4824 5207
3 1035 1033 2166
3 2566 2567 3017
3 1732 5083 6021
3 2503 2364 5499
3 2968 2975 5210
3 3129 3128 4173
3 1096 1097 1098
3 3936 3938 3939
3 2260 2348 2349
3 2500 2618 5801
3 2059 2242 5911
3 5465 2861 5591
3 840 859 5315
3 1478 4643 7522
3 2627 1349 4838
3 1362 1397 1426
3 1073 1074 1075
3 3507 4169 5279
3 1580 1582 1583
3 1643 1464 3389
3 1436 1442 1443
3 2147 853 5229
3 2368 2045 2394
3 3923 4086 4456
3 1075 1076 1077
3 5250 4849 7083
3 5236 3991 6344
3 2366 1944 2505
3 1689 1560 1690
3 3353 3308 3354
3 1659 3479 5792
3 3422 3201 3423
3 4086 3320 4711
3 5361 5362 5363
3 1355 1356 1357
3 2573 2575 2747
3 4673 4186 7482
3 1210 1336 1486
3 4204 4206 4207
3 5496 3857 5547
3 510 508 3424
3 5848 5521 5910
3 2825 3914 5585
3 1134 3480 5294
3 2405 2406 2407
3 1089 1090 1092
3 2897 2047 5455
3 1092 1093 1094
3 2012 2011 2494
3 1094 1095 1096
3 1761 1759 4918
3 1375 1295 5414
3 4872 860 5268
3 3278 4163 5373
3 1587 1567 5496
3 1982 1983 1984
3 3232 3320 3923
3 2488 2640 5226
3 1986 1987 1989
3 3220 3413 3840
3 1350 1351 1362
3 1233 1851 5530
3 884 883 885
3 1882 1968 1969
3 1175 1177 2741
3 688 538 5337
3 4423 3778 4424
3 5365 5364 5481
3 1100 1101 1103
3 1790 1791 1834
3 3143 5341 5342
3 3846 4636 6292
3 3434 3038 5278
3 2648 2035 3345
3 4377 4378 4629
3 2701 2700 2702
3 5361 5359 5362
3 3381 3380 3382
3 1866 1814 2040
3 3631 3632 3773
3 1456 1649 2635
3 846 848 5565
3 5343 6548 6655
3 1419 5414 5462
3 2571 2573 5409
3 735 737 800
3 870 869 871
3 3235 2745 5478
3 3729 3476 3730
3 3433 4336 4609
3 5294 3480 5295
3 836 838 2165
3 857 856 858
3 3302 3303 3304
3 2106 5073 5116
3 2996 3555 3556
3 1830 1672 5073
3 2662 2661 2663
3 5524 3970 5525
3 4989 1760 5752
3 3429 3431 3971
3 2413 2414 2415
3 4868 4867 4869
3 3629 3630 3631
3 4819 4822 5891
3 472 322 6249
3 4971 4969 4982
3 3260 3957 5514
3 2847 2846 3251
3 2203 2201 2633
3 2998 3301 3302
3 4577 4578 4579
3 2970 2968 5210
3 2705 2706 2707
3 786 798 2140
3 424 131 4367
3 141 142 426
3 1584 1615 1616
3 4681 6140 6223
3 3462 4088 5451
3 1474 1475 1476
3 6129 2759 6187
3 6047 3846 6292
3 1522 1798 5352
3 905 903 2146
3 5243 5245 5246
3 1650 3464 5545
3 6409 3574 6435
3 2699 2698 2700
3 2456 1893 6508
3 61 62 494
3 1940 2058 2059
3 826 5676 5677
3 2962 2963 2964
3 1889 1778 5832
3 3129 4988 5144
3 2703 2704 2705
3 3396 3426 3427
3 1293 1372 5594
3 3498 5597 5600
3 2501 2316 5539
3 3018 3396 5461
3 1103 1104 1108
3 865 863 866
3 2179 2178 2566
3 2227 2149 2661
3 3450 3451 3452
3 747 749 782
3 4935 4934 6650
3 4839 3883 4840
3 3453 1293 5594
3 2159 2158 2178
3 2141 3462 5869
3 5418 4095 7122
3 1986 1989 5507
3 1805 2197 5543
3 2502 2398 5552
3 1309 1352 1353
3 3627 3628 3629
3 5048 5050 5051
3 848 850 851
3 216 173 374
3 4577 3309 4578
3 3116 3141 3248
3 1872 1871 1873
3 4117 3345 4320
3 5380 5379 5385
3 2473 2015 5495
3 2203 2634 3386
3 5279 4169 5280
3 2083 2030 5508
3 3735 3789 3790
3 2582 2583 2584
3 4286 4395 6613
3 4589 3730 4590
3 4695 3047 6793
3 3189 2895 3220
3 5319 5320 5321
3 729 731 1491
3 1226 1227 1228
3 1723 1818 1819
3 3583 5439 5445
3 1598 1721 1723
3 808 2766 5622
3 1257 1308 1309
3 4177 4635 4835
3 2697 2696 2698
3 2144 4610 7220
3 2934 2343 5474
3 3466 1394 5856
3 1766 2094 2188
3 1650 1652 3464
3 5115 3413 5632
3 4115 3235 5478
3 2392 1988 2393
3 1346 1380 1381
3 2590 1800 5962
3 3793 3040 4047
3 3883 3018 5461
3 3017 2567 3018
3 1108 1109 1110
3 782 749 783
3 4307 459 7528
3 5248 5249 5250
3 1636 1539 5602
3 1783 1785 1786
3 2645 2760 2762
3 2833 2683 2834
3 1333 1084 6796
3 4102 4100 5504
3 1589 1597 1598
3 3413 2895 5632
3 3908 3912 4928
3 4114 3235 4115
3 2356 2430 5591
3 1434 1471 1472
3 4707 2231 6771
3 1802 3074 5962
3 3971 3431 5387
3 1476 1609 1610
3 2723 2725 5498
3 5358 3274 5359
3 67 68 4513
3 3051 3809 5454
3 2901 2902 2903
3 2770 770 5576
3 2067 2721 2722
3 618 1707 5636
3 3004 4969 4971
3 4238 4240 6400
3 1188 1190 5450
3 1489 1508 5523
3 4121 2934 4122
3 1383 1433 1434
3 3427 3426 5395
3 317 318 473
3 3252 3251 4052
3 2695 2694 2696
3 4976 4975 5417
3 1625 1741 1742
3 1623 1624 1625
3 2271 2671 6318
3 4042 6538 6824
3 5741 5261 6797
3 5320 5318 5322
3 1182 1184 5428
3 2668 2670 2820
3 818 833 867
3 3262 2995 5580
3 1228 1256 1257
3 3840 3413 3841
3 2956 2957 2958
3 2566 2178 2567
3 544 546 631
3 579 580 581
3 36 37 5234
3 1218 1219 1220
3 564 565 566
3 2520 1899 6784
3 826 715 5676
3 5264 3714 5609
3 4053 3960 4054
3 5324 5322 5325
3 2184 2185 3273
3 1559 1482 1560
3 1860 2161 5521
3 1842 1841 5147
3 3498 2916 5597
3 1834 1835 1836
3 3505 3507 6105
3 2701 2702 2703
3 4139 3364 4680
3 4172 3163 5663
3 969 5530 5532
3 3862 5848 5910
3 1220 1221 1222
3 5887 5365 6708
3 35 425 5118
3 1538 1536 2160
3 2797 3256 3257
3 1361 1382 1383
3 536 538 688
3 4524 4525 4527
3 1216 1217 1218
3 1673 3387 3978
3 2301 1993 5258
3 5589 3653 7261
3 6742 3922 6827
3 2287 5652 5758
3 905 2146 5379
3 2191 1873 2192
3 867 5405 5406
3 596 597 598
3 2996 3276 3555
3 4265 371 4266
3 1819 1941 1942
3 4568 4529 4569
3 320 321 5193
3 2584 3095 3096
3 3125 3124 5749
3 5652 3550 5758
3 2693 2692 2694
3 3220 3970 5524
3 2157 1974 2434
3 1357 1358 1359
3 1110 1111 1112
3 3444 3445 3446
3 3446 3447 3450
3 762 758 5760
3 3220 2895 3413
3 2469 3460 3663
3 3777 3196 3778
3 1682 1570 1823
3 865 866 5715
3 2465 2464 3007
3 4311 3798 4312
3 2009 2184 5358
3 5240 2223 6128
3 2644 2642 3761
3 1876 1719 5751
3 1214 1215 1216
3 2903 2904 2905
3 4528 3834 4529
3 2161 2156 2464
3 2894 2480 2895
3 1560 1482 5942
3 1359 1360 1361
3 4054 4056 5479
3 4122 2934 5474
3 2372 2081 2373
3 3259 3961 5204
3 3957 3261 3958
3 5867 2461 5931
3 418 44 4615
3 558 559 560
3 35 36 425
3 1468 1397 5015
3 3662 2883 4497
3 4569 5492 5493
3 2699 2700 2701
3 1465 2047 2897
3 2110 4116 5736
3 550 552 553
3 553 554 555
3 3146 2629 5013
3 555 557 558
3 3468 5267 5628
3 3957 3958 5528
3 4236 4235 4237
3 514 512 1638
3 1849 2735 5526
3 4435 4433 5494
3 3833 3832 3834
3 548 549 550
3 542 543 544
3 1675 1513 1871
3 544 545 546
3 1880 1881 1882
3 5174 5175 5176
3 4924 4925 4926
3 6707 5033 6779
3 2152 1821 2158
3 3656 3389 4223
3 3963 5331 7073
3 2761 2646 2763
3 1572 1479 1838
3 3958 3960 4053
3 5654 5653 5833
3 1222 1223 1224
3 3494 3354 3495
3 1860 2114 2156
3 540 541 542
3 4100 4097 6238
3 2697 2698 2699
3 5447 6129 6187
3 2362 2361 5566
3 2509 2508 2692
3 2189 2136 2190
3 3048 1853 5023
3 3163 2834 5663
3 5624 437 5625
3 1851 1852 1853
3 94 95 5082
3 2488 2072 2640
3 1938 1939 1940
3 2067 2722 5472
3 2530 2529 2532
3 5645 5644 5646
3 1419 1375 5414
3 5371 6593 6618
3 3161 3404 3952
3 2464 2466 5487
3 3810 3711 4034
3 532 533 534
3 1456 2635 5299
3 5259 5258 5261
3 1998 1726 5789
3 1481 1480 1482
3 149 414 4460
3 2695 2696 2697
3 893 832 5711
3 851 850 852
3 546 547 548
3 3832 5519 5520
3 566 568 569
3 5190 5189 5191
3 5639 5640 5641
3 2000 1874 5206
3 2690 2285 2691
3 1245 6030 6044
3 530 531 532
3 569 570 571
3 5253 5244 5254
3 571 572 573
3 534 535 536
3 586 587 588
3 536 537 538
3 2506 3118 3120
3 2706 2704 2884
3 538 539 540
3 584 585 586
3 318 319 5330
3 581 583 584
3 4529 4748 5492
3 402 506 507
3 1271 1272 1273
3 1836 1837 1912
3 2693 2694 2695
3 1134 1136 3480
3 1841 2643 5147
3 4688 817 5269
3 3257 3259 3267
3 1798 2590 5352
3 3668 3670 4038
3 5020 5021 5022
3 3260 3261 3957
3 1759 1758 1763
3 2147 5229 5798
3 3959 5570 5571
3 5042 1013 5043
3 1737 1738 5562
3 563 567 1483
3 1905 5714 6521
3 1348 1349 1350
3 5518 3939 6808
3 2684 2682 3804
3 5342 5341 5343
3 4833 4721 4834
3 4232 3987 5189
3 6816 3403 7043
3 3010 3008 3814
3 3888 3887 3889
3 3674 3012 3798
3 2725 2727 2744
3 1993 1992 1994
3 3801 4466 5415
3 793 813 5567
3 573 574 575
3 4241 4239 6261
3 2593 2190 2602
3 2554 2312 2555
3 5360 5359 5361
3 2809 5633 5794
3 2903 2902 2904
3 1282 5243 5919
3 2509 2692 2693
3 5497 4473 7529
3 5690 5688 5691
3 63 64 370
3 2122 1666 5557
3 1861 2536 2778
3 2611 2088 5773
3 3710 3709 3711
3 2165 5317 5327
3 2021 2025 5912
3 5231 1961 6093
3 5139 5047 5141
3 2729 2888 2996
3 3785 3784 4382
3 5190 5191 5192
3 3012 3010 5458
3 5352 5353 5354
3 571 573 6047
3 1735 971 5840
3 3260 2214 3261
3 984 985 986
3 1692 1694 1713
3 3617 3618 3620
3 1112 1113 1114
3 5450 4642 6565
3 5505 893 5711
3 379 330 6220
3 2315 3348 5911
3 50 51 428
3 1977 2069 5164
3 588 589 590
3 2015 2508 2509
3 2524 2362 5566
3 3248 3287 3331
3 2789 3152 5081
3 4047 4048 4049
3 3831 3065 3832
3 1126 4663 6776
3 5872 499 6875
3 2012 2494 5729
3 5585 3914 6054
3 4453 5688 5690
3 2195 3746 4009
3 1856 1858 1860
3 2033 3905 5540
3 3969 5502 6022
3 4328 5328 5329
3 4232 5189 5190
3 1965 2098 5573
3 3309 1310 5476
3 3211 3125 5749
3 1912 1913 1914
3 2610 2088 2611
3 694 689 817
3 2994 2884 3420
3 969 1233 5530
3 637 638 639
3 5519 5576 6068
3 3331 4108 4177
3 4568 4569 4570
3 3688 3687 3740
3 544 631 5821
3 3743 3420 4166
3 2394 6120 6345
3 990 991 992
3 3427 5396 5397
3 1233 1368 1851
3 1878 1879 1880
3 3017 3883 4839
3 2015 1729 2508
3 1666 1664 5557
3 598 599 600
3 3278 3338 4161
3 3371 3019 3848
3 2474 1998 2846
3 913 915 3455
3 3847 3094 3969
3 4528 4529 4568
3 5643 5644 5645
3 467 5093 5430
3 5640 410 5641
3 4141 3332 4685
3 5406 5280 7383
3 2159 2178 2179
3 3220 3840 3970
3 2214 1869 5570
3 3169 3548 5745
3 5747 3211 5748
3 3496 3495 3887
3 7431 6236 7499
3 623 624 625
3 3958 3959 3960
3 2661 2149 5798
3 1821 1682 5577
3 1114 1115 1118
3 2861 2356 5591
3 229 400 5650
3 831 895 5377
3 5748 3211 5749
3 100 407 5564
3 4198 4195 4235
3 3833 3834 4528
3 2110 1793 4116
3 268 269 377
3 694 817 2207
3 3931 3929 3934
3 3986 3987 4232
3 2571 5409 5667
3 4311 4312 4597
3 2233 5583 5998
3 4054 4055 4056
3 655 656 657
3 1800 1801 1802
3 2905 2906 2907
3 3993 3996 5550
3 2465 3007 3008
3 2161 2464 2465
3 1860 2156 2161
3 1251 929 1874
3 904 903 905
3 3653 4222 7261
3 5181 2113 5964
3 630 632 633
3 3398 2941 3419
3 2729 2996 5309
3 1854 1856 5521
3 3947 4145 5579
3 2139 534 5369
3 600 602 603
3 3065 2770 5519
3 3912 4781 4928
3 3713 3114 3714
3 2907 2906 2908
3 2885 2447 4864
3 2533 2532 2534
3 1167 1179 1180
3 901 900 903
3 3173 3123 5585
3 3189 3220 5524
3 5495 2509 5647
3 3986 3042 3987
3 2235 2271 5583
3 3798 3012 5458
3 4522 4523 4524
3 617 618 619
3 3614 3615 3617
3 1798 1799 1800
3 2894 2895 3189
3 4171 3163 4172
3 1936 1937 1938
3 4807 4810 5172
3 1236 3453 5618
3 5562 2433 5563
3 603 604 605
3 4401 4604 4779
3 3007 2464 5487
3 1452 1367 5592
3 5149 5150 5151
3 5240 3442 5620
3 682 683 684
3 2361 2222 5771
3 3731 3732 4190
3 2622 3505 6015
3 3831 3832 3833
3 2635 1649 3019
3 2717 2716 3089
3 2152 2158 2159
3 2914 3498 5561
3 1839 1838 1840
3 3674 3798 4311
3 3558 5944 6028
3 2351 2349 5351
3 3745 2957 5109
3 3647 3643 3742
3 917 1592 5574
3 2900 2899 2901
3 5964 2113 6166
3 4380 4060 4381
3 2645 2762 5500
3 915 917 5574
3 644 646 647
3 4056 4057 4592
3 1853 1852 1854
3 2759 753 5770
3 2250 2676 5558
3 4120 6736 6802
3 3555 3885 5509
3 2580 2534 2653
3 4569 4529 5492
3 2464 2156 2466
3 659 660 661
3 3254 5579 5580
3 628 629 630
3 3299 5553 5554
3 1981 1982 5575
3 1437 1577 3093
3 605 606 607
3 1851 1853 3048
3 2715 2611 2716
3 3265 4220 6066
3 3021 2653 3041
3 2003 2261 6277
3 3312 3041 3313
3 2631 3071 3444
3 3770 3309 4577
3 2009 2183 2184
3 1416 1375 1417
3 625 627 628
3 789 780 5653
3 3439 3352 4706
3 1856 1860 5521
3 582 579 5613
3 3703 3313 3704
3 2480 2179 5632
3 4529 3834 4748
3 2700 2698 2708
3 3092 5699 5700
3 639 641 642
3 2197 5457 5543
3 4574 4382 4575
3 642 643 644
3 5217 3325 5218
3 274 387 5607
3 2112 1769 6277
3 210 211 4787
3 3006 3040 3793
3 1118 1119 1120
3 3090 3089 5418
3 2594 3262 5552
3 5276 5274 5277
3 3205 3043 5216
3 5584 3173 5585
3 4651 4653 5857
3 100 101 407
3 2806 3519 5587
3 909 931 932
3 5509 3885 5510
3 1860 1858 2114
3 1298 1300 3394
3 1516 1518 3121
3 3741 3740 4494
3 615 616 617
3 3006 2912 3040
3 4497 2883 5486
3 1802 1803 1806
3 1157 1166 1167
3 2989 2483 4874
3 5264 1107 6257
3 2014 2346 5538
3 1347 1641 1642
3 65 66 5452
3 1138 1140 1141
3 607 608 609
3 3443 3510 3511
3 1690 1692 5448
3 3443 3442 3510
3 3120 3279 3876
3 1692 1713 5448
3 4310 4508 6845
3 848 851 5565
3 5410 2747 5411
3 3442 3440 5620
3 3693 3864 6355
3 1851 1368 1852
3 1294 964 1295
3 2544 2164 2545
3 5594 3093 5595
3 4977 4976 4978
3 2430 2748 5591
3 3832 3065 5519
3 963 921 964
3 4238 4237 4239
3 1593 1637 2174
3 3819 3817 6376
3 5147 2643 5500
3 2995 3254 5580
3 3708 3707 3709
3 2859 3290 3299
3 3612 3613 3614
3 2801 1949 5670
3 4891 4889 6441
3 1374 1295 1375
3 2398 2594 5552
3 1208 1287 6126
3 4763 3511 4764
3 920 905 921
3 1749 2077 5805
3 1340 1446 1589
3 2346 2549 2876
3 3092 2852 5699
3 3457 3147 5398
3 612 614 615
3 2905 2904 2906
3 2541 5180 5502
3 312 437 5624
3 2998 3302 5888
3 2911 2909 2912
3 1693 1691 3325
3 4450 4451 4453
3 5597 3243 5598
3 3771 2254 6076
3 4865 4867 4868
3 5541 2598 5728
3 1824 2432 2433
3 2151 2152 5811
3 3441 3442 3443
3 5519 2770 5576
3 4448 4449 4450
3 228 229 5650
3 2455 5351 6555
3 2764 2763 2765
3 2282 3117 5883
3 4453 5687 5688
3 3639 3638 3640
3 609 611 612
3 5766 4259 7425
3 98 99 3298
3 96 97 450
3 3900 3260 5514
3 668 671 672
3 5637 475 5638
3 964 1384 5568
3 3441 3440 3442
3 3973 3793 4263
3 661 667 668
3 2139 5369 5582
3 2448 2886 2997
3 3929 3927 5536
3 2066 1840 2067
3 3139 2707 5444
3 3788 2661 5798
3 233 410 5640
3 5467 5466 5468
3 4328 3419 4329
3 1411 1469 1470
3 4578 3309 5476
3 1991 1990 1992
3 2215 2214 3260
3 2145 5764 7224
3 3018 3395 3396
3 1470 1541 1542
3 3779 3777 5533
3 1504 1645 5501
3 2804 5587 5956
3 2758 5720 5721
3 4264 4265 4267
3 672 677 678
3 424 4369 5976
3 2197 2198 2199
3 2637 2228 2660
3 3175 3173 5584
3 878 908 909
3 4713 4093 6545
3 3081 2675 5914
3 3836 3189 5524
3 2086 2084 5372
3 3348 4825 5911
3 1149 1156 1157
3 1133 1134 5294
3 1645 1970 1971
3 1642 1841 1842
3 816 823 824
3 5871 5728 6359
3 1738 1824 5562
3 4476 3725 4477
3 1958 1960 2172
3 1918 1919 1920
3 315 316 376
3 1000 1003 5966
3 3401 3440 3441
3 3695 3694 3697
3 4376 3555 5509
3 5516 2781 7508
3 2779 2871 3278
3 3663 3460 3664
3 6915 5829 7035
3 1077 1296 5590
3 3151 3540 5633
3 1888 1778 1889
3 3724 3356 3725
3 3453 5596 5618
3 3290 4037 5553
3 3637 3624 3638
3 223 224 4701
3 1120 1127 1128
3 1404 1355 5651
3 2184 3274 5358
3 2722 2721 2723
3 3396 3425 3426
3 4145 4146 4314
3 1793 1505 5850
3 5643 477 5644
3 3137 2707 3138
3 1668 1666 2122
3 2884 2704 5802
3 3426 3428 3429
3 1565 1452 5592
3 2910 2909 2911
3 3818 3817 3819
3 3429 3430 3431
3 1372 1437 5594
3 1492 5716 5717
3 3857 1565 5592
3 5465 4505 5466
3 5103 2444 6782
3 2077 2079 3183
3 3859 4284 4285
3 988 989 990
3 3431 3432 3433
3 3465 797 5860
3 3433 4334 4336
3 1522 1529 1798
3 520 518 876
3 4979 4978 4980
3 1200 1204 6140
3 2024 2022 2992
3 2531 1195 5209
3 1439 1310 3309
3 2099 2398 2502
3 1194 1191 1199
3 3299 3290 5553
3 2787 2765 2788
3 4101 4100 4102
3 343 467 5430
3 4365 6634 7216
3 2433 2432 2859
3 3702 4595 4596
3 3454 3799 4505
3 1187 1185 2632
3 2766 5653 5654
3 3483 5921 5923
3 5151 5152 5154
3 5638 475 5639
3 3241 2674 3318
3 311 5624 5626
3 2831 4132 4133
3 3198 3501 3989
3 3749 3748 6558
3 2907 2908 2909
3 3293 2788 3294
3 5620 2361 5771
3 2239 1376 5619
3 1982 1973 1983
3 684 697 698
3 4003 3294 5779
3 3255 2796 3258
3 1542 1605 1606
3 1853 1854 5848
3 2694 2692 3400
3 701 703 1553
3 3641 3640 3642
3 4084 3856 4085
3 1655 1656 1657
3 3401 2938 3440
3 3582 3138 3583
3 3042 2473 5495
3 1132 1148 1149
3 3319 3318 3356
3 1965 2097 2098
3 1824 2433 5562
3 1720 1877 1878
3 1729 1587 5496
3 4980 4978 5616
3 956 3187 5853
3 2918 3243 5597
3 2878 2844 5742
3 1963 1965 5573
3 4007 5228 7013
3 2681 2660 3232
3 1986 1984 1987
3 265 266 439
3 5543 5457 5569
3 1240 1343 1344
3 3555 3276 3885
3 912 3377 5551
3 1928 1869 2214
3 2199 2200 2201
3 2866 3805 4045
3 2224 6542 6589
3 698 792 793
3 2041 2040 2309
3 6213 2908 6231
3 1317 1315 1318
3 997 995 1885
3 793 811 812
3 102 103 495
3 3686 3683 3687
3 899 887 900
3 4240 4239 4241
3 3507 4168 4169
3 4434 4433 4435
3 3934 3929 5536
3 1769 2002 2003
3 2996 2888 3276
3 1971 2232 2250
3 1567 1565 3857
3 2003 2175 2176
3 4107 3511 4763
3 2914 2916 3498
3 2594 2995 3262
3 474 261 5608
3 1870 1729 2015
3 2158 1821 5577
3 2916 2918 5597
3 1570 1538 5786
3 4315 4447 4448
3 3993 3995 3996
3 2025 2431 5912
3 2748 3182 3454
3 3610 3611 3612
3 951 952 953
3 467 5092 5093
3 4159 3208 4160
3 2643 2645 5500
3 834 835 836
3 1657 1768 1769
3 342 343 5430
3 4000 3414 4002
3 93 94 388
3 2722 3397 5472
3 1128 1131 1132
3 5468 5466 5469
3 4432 4241 4433
3 440 272 5606
3 979 977 5648
3 806 789 5653
3 3391 3042 3986
3 3796 3797 4345
3 5417 1102 6200
3 3524 4112 4272
3 1487 810 5622
3 3254 3947 5579
3 2910 2911 5561
3 1731 2849 5069
3 3485 5070 5071
3 3597 3600 6116
3 4475 4072 7141
3 5465 5466 5467
3 5358 5359 5360
3 1907 2399 5714
3 1664 1661 5792
3 1985 1988 2392
3 737 738 739
3 4555 6530 6543
3 953 1239 1240
3 917 919 1592
3 29 30 6146
3 3051 3807 3808
3 104 105 367
3 1004 1001 1068
3 961 2469 5835
3 1418 1555 5737
3 729 730 731
3 1863 1327 6101
3 271 272 440
3 2316 2314 2317
3 739 740 741
3 409 5643 5645
3 5208 2475 5818
3 2393 2683 2833
3 727 728 729
3 1969 1968 1972
3 3505 3506 3507
3 3877 3879 5761
3 5312 4853 5642
3 2635 5298 5299
3 810 808 5622
3 2976 2973 6097
3 2907 2909 2910
3 735 736 737
3 3809 4724 5454
3 1920 1921 1922
3 3548 3553 5745
3 4480 4479 4481
3 2355 2861 5918
3 3947 4144 4145
3 2508 1729 5496
3 741 742 743
3 3987 3042 5495
3 3958 3261 3959
3 3928 3927 3929
3 1463 1407 5734
3 2272 5399 6181
3 4613 3819 4614
3 3454 3182 3799
3 733 734 735
3 4444 3418 5949
3 1381 1421 1422
3 3720 2878 5742
3 1972 2631 5515
3 2820 2670 5955
3 4054 3960 4055
3 4374 4599 6519
3 3227 2436 6176
3 3454 4505 5465
3 935 950 5712
3 2262 2263 2264
3 521 1485 5593
3 731 732 733
3 3101 2938 3401
3 3665 5830 6573
3 4739 4741 4742
3 527 529 530
3 1124 1125 1133
3 824 877 878
3 3890 3889 3964
3 1437 3093 5594
3 2942 2473 3042
3 1414 1514 6023
3 828 810 1487
3 3930 3929 3931
3 4002 3414 5231
3 3177 3175 3414
3 2933 3448 5661
3 693 517 5862
3 1805 1865 2197
3 5937 3033 5938
3 1727 1587 1729
3 4553 4554 4555
3 5618 5596 5903
3 1412 1376 1425
3 4362 6935 6944
3 2996 3556 5309
3 1934 1935 1936
3 2092 1887 2093
3 1503 1448 5704
3 707 709 959
3 2918 2920 3243
3 311 312 5624
3 1915 1917 1918
3 3762 3081 5914
3 2912 2909 5605
3 5289 1460 6960
3 477 256 5627
3 6018 7073 7251
3 5243 5247 5919
3 5403 5623 6942
3 675 691 5763
3 3553 3993 5550
3 5693 5692 5694
3 5363 5365 5366
3 5125 5124 5126
3 1142 1139 5004
3 232 233 5640
3 2758 2856 5720
3 2425 2422 6086
3 3482 2148 6006
3 427 5664 5665
3 2233 2235 5583
3 4192 3697 4327
3 895 924 925
3 400 230 5637
3 468 210 4787
3 2539 1735 5840
3 3760 5102 5542
3 3959 5571 5866
3 1869 1780 5570
3 3459 4586 5197
3 1321 1320 1322
3 2235 2270 2271
3 1922 1923 1924
3 1947 2801 5649
3 1882 1881 1968
3 4734 2019 6972
3 2937 2524 2938
3 1323 1322 1324
3 2766 806 5653
3 808 806 2766
3 2460 3375 3385
3 312 313 437
3 1996 2118 2822
3 3064 2770 3065
3 2804 2806 5587
3 2184 2183 2185
3 5536 902 6036
3 866 870 5715
3 3926 3488 3927
3 2806 2808 3519
3 1854 1855 1856
3 3223 2539 3224
3 176 217 5617
3 471 227 6340
3 2090 1690 5448
3 3149 2992 3370
3 4555 4556 4557
3 685 673 2231
3 1422 1543 1544
3 3268 3269 4147
3 1302 1410 1411
3 3009 3008 3010
3 2098 2097 2099
3 1424 1593 5856
3 3932 3931 3933
3 764 2195 5760
3 5044 5043 5045
3 5606 273 5607
3 2911 2912 2913
3 5673 5672 5675
3 1736 2756 3198
3 3421 2884 5802
3 2080 2468 5719
3 3830 3065 3831
3 3387 5734 5735
3 3177 3414 4000
3 1085 1083 1086
3 4557 4558 4559
3 1989 1987 1990
3 5921 2514 5923
3 2250 2652 2675
3 2895 2480 5632
3 2622 3167 3505
3 4649 3251 6491
3 986 987 988
3 2669 2667 3786
3 2938 2524 5566
3 2925 2545 2926
3 836 837 838
3 925 1229 1230
3 743 744 745
3 3363 3852 4775
3 715 717 5676
3 4056 4055 4057
3 1378 1342 1379
3 4099 4097 4100
3 3540 3541 3542
3 1013 1009 5061
3 1813 2210 2211
3 1081 2186 5621
3 2825 2777 3914
3 2282 2292 3117
3 481 5672 5673
3 255 477 5643
3 2512 2511 2802
3 4197 4200 4201
3 1500 1425 2782
3 4063 4066 5755
3 5841 5840 6152
3 262 386 5608
3 1341 1329 1342
3 5629 4107 5630
3 1325 1324 1326
3 2803 2802 2929
3 969 970 1233
3 3510 3442 5240
3 4092 3418 4444
3 1328 1326 1329
3 4450 4449 4451
3 2859 2860 3290
3 4453 4451 5687
3 3542 3543 3544
3 2833 2834 3163
3 1856 1857 1858
3 5047 5045 5048
3 484 5692 5693
3 3011 3010 3012
3 3013 3012 3674
3 5381 5383 5384
3 3172 3123 3173
3 1081 1079 2186
3 3810 4034 5777
3 724 726 727
3 1200 1199 1203
3 1319 1318 1320
3 273 274 5607
3 5688 5687 5689
3 1435 1379 1436
3 662 675 3478
3 1233 1234 1368
3 745 746 747
3 4489 4488 4490
3 2913 2912 3006
3 2797 3257 5955
3 2335 2334 2511
3 6572 1981 7413
3 3059 2926 3060
3 4544 4151 6001
3 4039 5297 5787
3 2215 3260 3900
3 3980 4510 4511
3 4221 5082 6854
3 3452 3451 3707
3 1579 1498 1580
3 5309 3556 5604
3 6496 444 7397
3 3124 2291 5751
3 1891 2101 6508
3 3443 3511 4107
3 4839 4840 5683
3 1204 1203 1284
3 1497 1444 1498
3 747 748 749
3 1483 2011 2012
3 3184 3945 5727
3 2748 3454 5591
3 262 263 386
3 3296 4350 5852
3 772 770 2770
3 3174 3173 3175
3 2911 2914 5561
3 2951 2934 4121
3 2922 3317 3796
3 244 245 3373
3 4131 3401 5631
3 1267 1265 5919
3 2123 2148 3482
3 1824 1825 2432
3 1949 1951 5670
3 3058 3811 5774
3 3016 2254 3771
3 2987 3700 3702
3 5657 3351 5658
3 4279 5673 6801
3 2597 2598 5541
3 1928 2214 2215
3 260 261 474
3 2479 2179 2480
3 257 396 5627
3 1420 1480 1481
3 3559 4031 6316
3 2737 3217 3218
3 2747 2575 5412
3 923 967 969
3 542 544 5821
3 279 401 5680
3 4448 4447 4449
3 1555 1945 5737
3 634 636 5725
3 2478 2352 2526
3 391 310 5626
3 1437 1438 1577
3 407 101 5614
3 272 273 5606
3 4373 4372 4374
3 5671 438 5858
3 3184 3060 3185
3 3101 3401 4131
3 521 523 1485
3 2852 2854 5699
3 2693 2695 2709
3 310 311 5626
3 4756 3770 5807
3 874 886 5829
3 3290 3291 4037
3 5672 413 5675
3 257 258 396
3 5343 5341 5482
3 2672 2990 4343
3 717 719 2177
3 476 252 5655
3 3679 3955 4118
3 4314 4146 4315
3 5055 5054 5059
3 1864 1804 5876
3 3440 2938 5566
3 4171 4172 4802
3 229 230 400
3 3673 1432 5901
3 2355 2356 2861
3 830 881 1492
3 717 2177 5676
3 4332 2248 5778
3 713 715 826
3 2937 2938 3101
3 478 277 5679
3 3440 5566 5620
3 5656 3351 5657
3 3559 4010 4031
3 2748 2749 3182
3 3311 3762 4663
3 479 5656 5660
3 2856 3679 5720
3 99 100 5564
3 4483 4481 4484
3 251 476 5664
3 3344 2775 4824
3 4145 4144 4146
3 1439 3309 3770
3 3529 3000 5977
3 323 372 6249
3 1870 2015 2473
3 5657 5658 5659
3 1537 1536 1538
3 2985 2526 3028
3 3799 4278 4643
3 4523 4521 5930
3 479 290 5656
3 231 475 5637
3 844 845 846
3 838 839 840
3 2846 1998 5789
3 3935 3185 3936
3 5053 5052 5054
3 1705 1702 5744
3 3443 4107 5629
3 3391 3986 3988
3 1924 1925 1926
3 3454 5465 5591
3 3026 4856 5067
3 4377 4160 4378
3 3835 3189 3836
3 2809 3151 5633
3 1569 1538 1570
3 821 797 3465
3 1535 1534 1536
3 307 482 5684
3 4047 3040 4048
3 3531 3028 3579
3 2835 1449 6034
3 306 307 5684
3 277 278 5679
3 5692 403 5694
3 691 790 1590
3 2006 4803 6446
3 255 256 477
3 2247 2548 3509
3 2160 1536 6646
3 1681 1570 1682
3 261 262 5608
3 1003 2742 5966
3 1236 1293 3453
3 5679 278 5680
3 3056 3979 3980
3 5475 5474 5701
3 409 254 5643
3 2598 2814 5728
3 3782 3781 4301
3 387 275 5668
3 2576 3049 3051
3 1727 1729 1870
3 5705 435 5706
3 2942 3042 3391
3 840 841 842
3 854 855 856
3 4298 3275 5780
3 263 264 5666
3 201 202 4496
3 1738 1740 1824
3 2430 2689 2748
3 3996 3995 3997
3 1958 1959 1960
3 3441 5629 5631
3 5656 5657 5660
3 1443 1442 1444
3 1557 1634 1737
3 3401 3441 5631
3 3237 4540 5952
3 790 801 5804
3 2546 2436 3227
3 1947 1949 2801
3 1434 1473 5753
3 3058 3759 3811
3 813 815 6266
3 2812 3308 3353
3 1878 1877 1879
3 3857 5592 5933
3 2376 2073 6290
3 3690 3689 4120
3 1980 2288 2355
3 1945 1947 5649
3 2933 3266 3448
3 2893 2480 2894
3 1880 1879 1881
3 4113 3235 4114
3 88 89 422
3 4267 4269 4657
3 3998 3550 5652
3 246 247 454
3 291 292 3351
3 1820 1682 1821
3 4373 4374 6519
3 2188 2094 2334
3 677 1725 5941
3 230 231 5637
3 1372 1431 1437
3 291 3351 5656
3 842 843 844
3 253 409 5655
3 5611 5609 6051
3 3414 3175 5584
3 3151 3538 3540
3 2901 2899 2902
3 2864 2600 5732
3 3212 3211 5747
3 751 753 2759
3 2697 2699 2869
3 1859 2596 2597
3 4508 3416 6845
3 5051 5050 5052
3 3441 3443 5629
3 1926 1933 1934
3 256 257 5627
3 2814 2852 3092
3 231 232 475
3 438 288 5669
3 2151 1821 2152
3 1051 1052 1062
3 2650 3559 6071
3 4181 3579 4182
3 2681 3233 5946
3 3172 3173 3174
3 5478 2354 5876
3 427 250 5664
3 253 254 409
3 3176 3175 3177
3 4408 5437 7468
3 2854 3030 4018
3 1960 1962 1963
3 2701 2703 3200
3 254 255 5643
3 6610 3157 6889
3 2208 873 5796
3 1951 1953 1954
3 3436 4691 4692
3 1951 1954 5670
3 287 438 5671
3 299 5697 5698
3 3018 2567 3395
3 251 252 476
3 3485 5071 5921
3 2818 2819 3131
3 5348 3715 5349
3 2075 1748 2352
3 4188 2939 5756
3 2621 2343 2934
3 299 300 5697
3 1062 1063 1066
3 3365 4903 5080
3 3324 2829 3372
3 386 263 5666
3 1230 1334 1335
3 249 250 427
3 276 478 5668
3 274 275 387
3 899 900 901
3 3689 3212 5747
3 2513 2108 5960
3 3841 3413 5115
3 3446 3445 3447
3 283 413 5672
3 3302 3739 5888
3 4549 4552 4553
3 2778 2536 2779
3 289 479 5669
3 1626 1629 6032
3 5740 2395 5916
3 5259 5261 5741
3 252 253 5655
3 1955 1957 1958
3 4033 3258 4110
3 278 279 5680
3 289 290 479
3 250 251 5664
3 276 277 478
3 1601 1602 1603
3 2004 3033 5937
3 3556 4675 5604
3 831 891 895
3 4543 4151 4544
3 5160 5161 6487
3 4393 3836 4394
3 480 286 5671
3 300 421 5697
3 1619 1617 1620
3 290 291 5656
3 275 276 5668
3 1526 1524 2225
3 287 288 438
3 1489 1506 1507
3 3315 3212 3689
3 2157 2434 2672
3 4359 3222 5709
3 2435 2205 2436
3 4629 4378 4630
3 2247 3509 5762
3 285 286 480
3 4457 3503 4458
3 481 282 5672
3 127 128 6945
3 5239 976 5886
3 3444 3071 3445
3 3974 3550 3998
3 309 391 5682
3 2195 3489 3746
3 283 284 413
3 871 882 883
3 288 289 5669
3 281 282 481
3 1313 1347 6081
3 286 287 5671
3 2854 4018 5699
3 279 280 401
3 4069 4065 4372
3 1845 3412 5767
3 2498 2248 4332
3 1464 1548 5806
3 1583 1582 1584
3 309 310 391
3 5677 5676 5678
3 1144 1151 1152
3 282 283 5672
3 5750 3124 5751
3 901 903 904
3 517 519 5862
3 5598 3243 5599
3 576 578 6122
3 4290 5987 6293
3 482 308 5682
3 298 299 5698
3 308 309 5682
3 1533 1531 1534
3 1796 687 5797
3 3210 3125 3211
3 1056 1058 1688
3 2872 2395 5740
3 3462 4017 4088
3 5244 5241 5256
3 307 308 482
3 2693 2709 5647
3 233 234 410
3 1800 1799 1801
3 5530 5531 5532
3 4485 4484 4486
3 3871 5808 5816
3 4022 3944 4023
3 3160 1432 3673
3 3083 2495 3502
3 4471 7485 7529
3 861 862 863
3 866 868 869
3 2650 3168 3559
3 2614 2291 3124
3 2457 2553 2818
3 2402 2404 6058
3 2150 2228 2637
3 2920 2922 5603
3 2911 2913 2914
3 1778 2060 5832
3 3926 3927 3928
3 1944 1731 5069
3 3914 2777 5843
3 304 305 403
3 485 5702 5703
3 410 234 5685
3 234 235 5685
3 1675 1871 1872
3 2978 2977 2979
3 2178 2158 5943
3 303 304 5692
3 5521 2161 5910
3 1745 2087 3268
3 2206 4785 7517
3 4135 3551 4576
3 4297 3275 4298
3 302 303 484
3 3965 3964 4073
3 1718 1770 1771
3 2491 3061 3363
3 4116 1793 5850
3 301 302 5695
3 4303 3781 5791
3 1069 1068 1070
3 3350 3349 6279
3 801 831 5377
3 300 301 421
3 564 562 565
3 5896 902 5929
3 2088 2826 5773
3 1798 1529 1799
3 5280 4169 5282
3 3928 3929 3930
3 3025 2461 5867
3 1669 1620 1670
3 3870 5634 5635
3 4358 3222 4359
3 3549 2836 3550
3 2495 2151 5811
3 4406 3526 5546
3 3180 3134 3181
3 1152 1162 1163
3 1066 1067 1116
3 691 1590 5763
3 446 298 5698
3 5603 3796 5961
3 304 403 5692
3 3384 3884 4442
3 235 236 483
3 3234 2745 3235
3 4258 4259 5766
3 1802 1801 1803
3 4628 5305 5453
3 2370 2309 2552
3 109 110 5588
3 2859 2432 2860
3 484 303 5692
3 1709 1708 5762
3 3131 3170 3339
3 2705 2707 3137
3 297 298 446
3 4427 3240 5813
3 2527 2984 3470
3 3939 3938 3940
3 14 15 423
3 4358 4359 4621
3 302 484 5695
3 3943 3942 3944
3 3679 4118 5720
3 3799 3182 4278
3 421 301 5695
3 1116 1117 1124
3 296 297 5702
3 2509 2693 5647
3 3479 968 5948
3 6229 3502 6273
3 235 483 5685
3 3450 3447 3451
3 236 237 5705
3 1872 1873 2191
3 579 577 580
3 2964 2982 5628
3 1963 1964 1965
3 295 296 485
3 519 521 5593
3 5071 5070 5072
3 3174 3175 3176
3 794 796 5826
3 3872 3871 5918
3 470 75 4545
3 1616 1615 1617
3 2318 2317 2319
3 4524 4523 4525
3 5231 3414 5584
3 3396 3395 3425
3 4154 4155 4288
3 1141 1143 1144
3 4507 3694 6355
3 787 783 1684
3 4704 3816 4705
3 1847 1848 1849
3 2525 2524 2937
3 237 238 435
3 650 652 5765
3 3831 3833 4611
3 1845 1846 1847
3 2077 3183 5805
3 3379 2939 4188
3 5737 5649 5738
3 4076 4075 4077
3 2402 2401 2403
3 7237 610 7238
3 2618 3099 5801
3 1285 5545 6099
3 4049 4050 4051
3 3470 3471 3665
3 1071 1070 1072
3 4959 4948 6631
3 834 819 835
3 3871 5816 5918
3 3156 3249 3659
3 6452 4077 7459
3 4426 3240 4427
3 1854 1852 1855
3 3426 3425 3428
3 5557 1664 5792
3 5003 7042 7121
3 2748 2689 2749
3 1335 1428 1429
3 3909 3910 3911
3 5174 1178 5175
3 4451 4454 5687
3 3429 3428 3430
3 2191 2192 2541
3 483 236 5705
3 2523 2362 2524
3 297 446 5702
3 5737 5738 5985
3 596 594 597
3 4024 4023 4025
3 1980 2355 5816
3 4592 4057 5970
3 2320 2319 2321
3 3006 3793 3973
3 1965 2096 2097
3 2099 2244 2398
3 4165 2012 5729
3 904 905 920
3 3927 3488 5929
3 3450 3452 5810
3 2360 2222 2361
3 3553 5550 5745
3 3431 3430 3432
3 2350 2349 2351
3 2441 2426 2442
3 3177 4000 4001
3 753 756 5770
3 3930 3931 3932
3 485 296 5702
3 2677 3190 3380
3 3278 2871 3338
3 3433 3432 4334
3 3224 5840 5841
3 2690 2691 3156
3 3780 3671 3781
3 1689 1690 2090
3 1309 1354 5795
3 2814 3092 5728
3 3325 1691 5942
3 2400 2351 2401
3 2465 3008 3009
3 3714 3114 6132
3 4909 2169 6394
3 3845 3025 5867
3 5297 2266 5989
3 2355 2288 2356
3 846 847 848
3 2659 2658 3924
3 2927 2020 3449
3 1708 1832 5762
3 2141 3411 3462
3 4281 3743 6326
3 4074 4073 4075
3 5986 6925 7021
3 1849 2037 2038
3 7378 6139 7394
3 1832 2245 2247
3 3290 2860 3291
3 4828 2623 6386
3 563 1483 5991
3 3171 3123 3172
3 237 435 5705
3 2542 3155 3201
3 1742 1812 1813
3 2498 4332 4862
3 4161 3338 4162
3 240 241 466
3 3499 3222 4358
3 2644 3761 6069
3 1782 1670 1783
3 2398 2537 2594
3 3550 2836 5758
3 1945 5649 5737
3 3868 4584 7372
3 2242 2241 2313
3 1659 968 3479
3 2306 2736 2737
3 3713 3714 5264
3 5319 5321 5323
3 3122 2825 3123
3 4790 385 4791
3 2924 3476 3729
3 475 232 5640
3 772 2770 3064
3 2000 5206 5944
3 2418 2417 2419
3 3896 3680 3897
3 5808 1827 5816
3 2322 2321 2323
3 2749 2933 5661
3 2527 3470 5759
3 1824 1740 1825
3 3470 2984 3471
3 2594 2757 2995
3 3403 2872 5740
3 2195 4009 5760
3 2965 2964 2966
3 1795 5110 6628
3 1226 1224 1227
3 3811 3759 4148
3 2983 2979 3037
3 1337 1231 1376
3 3128 2633 3800
3 2085 2084 2086
3 1355 1353 1356
3 958 2678 2783
3 4448 4450 5847
3 4555 4557 6530
3 2723 2724 2725
3 592 590 2295
3 3222 3176 5709
3 3678 2857 3680
3 575 5375 5906
3 4962 6661 6856
3 3851 4703 7009
3 3140 4070 4071
3 1175 1176 1177
3 3176 3177 5709
3 2445 2624 2677
3 2941 2723 5498
3 3178 3176 3222
3 3064 3065 3830
3 1559 1560 1689
3 5965 4737 7079
3 115 116 5823
3 5254 5257 7236
3 2824 2777 2825
3 963 964 1294
3 3145 3147 3457
3 3257 3461 5955
3 3905 3906 3907
3 3137 3138 3582
3 5136 5300 5819
3 1737 1634 1738
3 2582 2065 2583
3 1788 1787 1789
3 1260 1259 1261
3 969 967 970
3 1856 1855 1857
3 2247 2547 2548
3 3974 3998 3999
3 1294 1295 1374
3 2971 2970 2972
3 5676 2177 5678
3 4462 3720 4463
3 1242 1241 1252
3 920 921 963
3 2404 2403 2405
3 873 896 5796
3 3652 4682 4683
3 5353 2590 6977
3 3178 3222 3499
3 2969 2968 2970
3 1374 1375 1416
3 1167 1213 6226
3 2995 3253 3254
3 2067 2720 2721
3 886 958 5829
3 2618 3001 3002
3 774 767 1647
3 2578 3088 3915
3 1954 1953 1955
3 1168 1153 3481
3 2725 2726 2727
3 1585 1708 1709
3 3735 3098 3789
3 2246 1833 2248
3 3140 2733 3275
3 2382 2093 2383
3 1665 1664 1666
3 1266 1265 1267
3 3922 5192 6827
3 1958 1957 1959
3 1437 1431 1438
3 1964 1962 5843
3 2967 2966 2968
3 2637 2660 2681
3 4918 4919 6625
3 5219 3325 5942
3 3470 3665 5861
3 2527 2733 2984
3 1892 1891 1893
3 4451 4452 4454
3 1927 1869 1928
3 4207 4208 4209
3 3266 3651 3652
3 2416 2415 2417
3 2727 2728 2729
3 3219 3891 4344
3 3584 3449 3585
3 4256 3900 4257
3 822 873 2208
3 1233 970 1234
3 2873 3405 3406
3 2271 2270 2671
3 1264 1263 1265
3 5020 3477 5021
3 764 768 2195
3 1858 1857 1859
3 5703 5702 5830
3 1960 1959 1962
3 1073 1072 1074
3 3796 3317 3797
3 4018 3030 4019
3 2681 3232 3233
3 5639 475 5640
3 1563 1452 1565
3 4070 3275 4297
3 2330 2329 2331
3 2259 2086 2260
3 532 531 533
3 2059 2058 2241
3 1786 1785 1787
3 1145 992 1241
3 2769 2473 2942
3 896 927 928
3 1087 1086 1088
3 3040 2912 5605
3 3174 3176 3178
3 2729 2887 2888
3 944 946 955
3 72 73 406
3 2548 2993 3219
3 3182 2749 5661
3 2914 2915 2916
3 2324 2323 2325
3 2197 1865 2198
3 2328 2327 2329
3 3101 4131 4253
3 2984 2733 3140
3 2869 2699 5696
3 1663 1661 1664
3 2149 2147 5798
3 3680 2857 5900
3 1588 1587 1727
3 1868 1780 1869
3 2027 2029 5831
3 3549 3550 3974
3 3298 99 5564
3 1177 1209 1210
3 2609 2100 2777
3 2860 2432 5808
3 1314 1316 6223
3 2563 2629 3144
3 2247 2245 2547
3 2704 2702 5802
3 2220 2218 2223
3 1710 1586 1711
3 912 2953 3377
3 3005 2897 3731
3 796 822 5826
3 1779 1668 1780
3 1667 1666 1668
3 1020 1019 1021
3 5442 3139 5444
3 1336 1387 1456
3 1305 1398 1399
3 756 758 762
3 727 726 728
3 3140 3275 4070
3 2437 2248 2498
3 2606 2442 2607
3 1210 1244 1336
3 3009 3010 3011
3 3254 3946 3947
3 1022 1021 1023
3 2597 2596 2598
3 2408 2407 2409
3 1568 1567 1587
3 1456 1648 1649
3 3178 3499 3565
3 2749 2875 2933
3 2933 3193 3266
3 2525 2937 2939
3 1540 1405 5849
3 1262 1261 1263
3 1823 1570 5786
3 3161 2827 3404
3 2955 2772 2956
3 2435 2436 2546
3 3296 4346 4350
3 2167 2126 2568
3 848 849 850
3 1494 1496 1575
3 2332 2331 2333
3 2326 2325 2327
3 4361 4143 6841
3 2657 2358 2658
3 3486 5896 5929
3 775 777 2194
3 3507 3506 4168
3 3659 4224 4225
3 1251 1874 2000
3 2701 3200 5696
3 1348 1350 5713
3 801 5377 5804
3 2354 1864 5876
3 1481 1482 1559
3 3315 3689 3690
3 3011 3012 3013
3 940 942 2238
3 3471 2984 5726
3 2246 2437 2527
3 3013 3674 3675
3 2523 2524 2525
3 3094 2541 5502
3 3402 2872 3403
3 530 529 531
3 3219 2993 3891
3 1364 1457 1845
3 3505 3167 3506
3 729 728 730
3 2873 3406 5724
3 2366 2505 2714
3 4315 4446 4447
3 2548 2547 2993
3 956 1249 3187
3 2396 2873 5724
3 1890 1889 1891
3 2124 2258 3561
3 2159 2179 2479
3 3177 4001 5709
3 3947 4143 4144
3 2033 3904 3905
3 3565 3499 3715
3 1963 1962 1964
3 3152 4130 5081
3 3171 3172 3263
3 5532 5531 5716
3 4359 5709 5743
3 2914 2913 2915
3 5042 5046 5819
3 2246 2248 2437
3 5347 3715 5348
3 1268 1267 1269
3 4057 5391 5392
3 811 1732 6021
3 2199 2198 2200
3 2984 3140 5726
3 1712 2035 2648
3 1400 1307 1401
3 2527 2437 2733
3 2699 2701 5696
3 4924 3790 4925
3 1695 1697 2881
3 1832 1833 2245
3 3140 4071 5726
3 4682 3651 4684
3 3652 3651 4682
3 4655 2331 6539
3 2245 1833 2246
3 1283 2129 2284
3 1832 2247 5762
3 2940 3390 3473
3 2999 3000 3529
3 1075 1074 1076
3 1255 1290 6084
3 4520 4521 4522
3 1713 1714 5870
3 1593 1636 1637
3 4357 4329 5814
3 731 730 732
3 3160 3673 4015
3 2356 2429 2430
3 1677 1679 3242
3 784 794 795
3 2430 2688 2689
3 3122 3123 3171
3 2452 2333 2453
3 3265 4219 4220
3 1566 1565 1567
3 5475 5701 6281
3 3224 2539 5840
3 1483 3020 5991
3 542 541 543
3 5709 4001 5743
3 3266 3193 3651
3 2420 2419 2421
3 2360 2361 2362
3 3565 3715 5347
3 2106 1830 5073
3 2099 2097 2244
3 6102 868 6225
3 739 738 740
3 534 533 535
3 1699 1701 2387
3 544 543 545
3 2469 3329 3460
3 3449 2020 5912
3 4830 3696 4831
3 1797 2081 2372
3 2133 2136 2189
3 1077 1076 1296
3 1575 1576 1730
3 2894 3189 3835
3 737 736 738
3 1708 1710 1832
3 1392 1394 3466
3 2824 2825 3122
3 3461 3267 3894
3 2599 2601 3272
3 2623 1912 6574
3 2100 1964 5843
3 3193 2875 3250
3 1089 1088 1090
3 1832 1710 1833
3 2373 2529 2530
3 735 734 736
3 1146 1161 1175
3 1655 1606 1656
3 536 535 537
3 741 740 742
3 2961 2960 2962
3 733 732 734
3 1940 1939 2058
3 2865 3694 3695
3 538 537 539
3 2749 2689 2875
3 540 539 541
3 2469 3663 5835
3 1854 5521 5848
3 2344 2516 2542
3 1214 1180 1215
3 1474 1472 1475
3 1311 1310 1439
3 3406 3405 3407
3 1610 2014 5775
3 4278 3182 5661
3 1496 5434 5710
3 4218 5390 7491
3 4298 5780 5834
3 2763 2646 6069
3 7169 1883 7305
3 3807 5206 6248
3 3210 3211 3212
3 5247 5246 5248
3 2713 2898 2899
3 690 695 699
3 2933 2875 3193
3 3516 3517 3518
3 1965 1964 2096
3 3777 3778 4423
3 3172 3174 5754
3 1980 2287 2288
3 1064 1105 1107
3 1825 1826 1827
3 5502 3852 6022
3 2913 3006 5781
3 3576 3181 3577
3 2201 2200 2202
3 2939 2937 5756
3 3502 2495 5811
3 1827 1979 1980
3 3925 3488 3926
3 6070 1635 6088
3 4688 3855 7015
3 775 2194 5868
3 948 911 949
3 1098 1097 1099
3 93 388 4563
3 2614 3124 3125
3 3477 2923 5171
3 2937 3101 5756
3 3263 3172 5754
3 1100 1099 1101
3 2916 2917 2918
3 3335 3337 4719
3 3487 3486 3488
3 2940 2939 3379
3 3514 3515 3516
3 3243 2920 5603
3 655 653 656
3 5400 1486 6698
3 2500 2617 2618
3 3054 2278 3486
3 3390 3379 4295
3 3174 3178 5754
3 2454 2453 2521
3 3391 3988 4308
3 485 5659 7026
3 2856 3677 3679
3 1723 1721 1818
3 2688 2429 2836
3 805 789 806
3 4325 4021 6538
3 2609 2777 2824
3 1024 1023 1025
3 4440 3263 4441
3 2219 2221 2224
3 2412 2411 2413
3 1708 1586 1710
3 546 545 547
3 2217 2219 5784
3 1819 1818 1941
3 3566 2878 3720
3 1585 1586 1708
3 1092 1090 1093
3 3915 3088 3916
3 3291 3871 3872
3 3746 3489 3922
3 1301 1332 2375
3 3020 2012 4165
3 3171 3263 4440
3 1408 1464 1643
3 890 872 2209
3 2292 2293 2294
3 3960 3959 5866
3 2525 2939 2940
3 3871 2860 5808
3 2282 2283 2292
3 2398 2244 2537
3 1598 1597 1721
3 3275 2733 5780
3 1094 1093 1095
3 1096 1095 1097
3 2117 2115 3408
3 2356 2288 2429
3 3153 2791 4283
3 796 785 797
3 756 762 5770
3 2663 2661 3788
3 3286 2681 5946
3 2959 2958 2960
3 2711 2712 2713
3 3270 3271 3861
3 3490 3491 3514
3 3497 5403 5971
3 1955 1956 1957
3 2338 2719 2999
3 1502 2088 2610
3 436 203 7030
3 1870 2473 2769
3 1304 962 1310
3 1470 1469 1541
3 550 549 552
3 2410 2409 2411
3 2621 2934 2951
3 1738 1739 1740
3 2547 2245 5759
3 1703 1706 2016
3 3472 2836 3549
3 2522 3057 3058
3 1424 1539 1593
3 2294 2540 2758
3 1537 1538 1569
3 2551 2521 4082
3 1585 1478 1586
3 1411 1410 1469
3 3911 3913 4400
3 548 547 549
3 2594 2537 2757
3 2563 3144 5486
3 2097 2096 5793
3 961 1303 2469
3 553 552 554
3 1959 1957 1961
3 1535 1536 1537
3 4543 4544 4745
3 555 554 557
3 1569 1570 1681
3 1905 1907 5714
3 558 557 559
3 2578 3915 5793
3 743 742 744
3 3199 2402 6058
3 5268 865 6732
3 6103 2647 6432
3 2248 1833 5778
3 1477 1478 1585
3 1681 1682 1820
3 1790 1789 1791
3 1398 1400 1477
3 2245 2246 5759
3 2277 2443 2445
3 1820 1821 2151
3 1979 1826 2193
3 2432 1825 5808
3 1637 1809 1810
3 1103 1101 1104
3 2246 2527 5759
3 4085 4707 4708
3 4040 3520 4041
3 2430 2429 2688
3 1662 1734 2282
3 3186 2639 4028
3 778 776 2213
3 769 765 770
3 5494 4433 5549
3 3083 3502 3503
3 3993 3994 3995
3 3354 4832 7404
3 2215 3900 4256
3 2479 2480 2893
3 3435 5065 5066
3 2375 1332 6308
3 1838 5462 5909
3 939 864 5851
3 5605 2908 6213
3 2940 3379 3390
3 2824 3122 3721
3 5703 5726 6858
3 2522 2362 2523
3 3101 4253 5756
3 2204 2363 3490
3 820 797 821
3 1710 1711 5778
3 3390 4295 4296
3 3679 3954 3955
3 4451 4449 4452
3 1973 1972 5515
3 1110 1170 6554
3 3678 3680 3896
3 2995 2757 3253
3 651 649 2145
3 1305 1307 1398
3 1588 1727 1728
3 3178 3565 5754
3 4125 2379 4126
3 1593 2174 5856
3 2739 3306 3307
3 1967 5113 5114
3 1477 1400 1478
3 637 635 638
3 1398 1307 1400
3 3263 5754 5878
3 2381 5471 6160
3 1589 1446 1597
3 2437 2498 5780
3 1533 1534 1535
3 3933 3931 6136
3 3058 3581 3759
3 1514 1677 6023
3 2810 3578 3981
3 1108 1104 1109
3 1542 1541 1605
3 2689 2688 5827
3 3472 3549 4279
3 705 706 707
3 1955 1953 1956
3 703 704 705
3 1825 1740 1826
3 1568 1587 1588
3 701 702 703
3 5841 6404 6419
3 707 708 709
3 1951 1952 1953
3 2262 2176 2263
3 2688 2836 3472
3 1571 6110 6297
3 989 987 6421
3 2330 2944 5891
3 515 517 693
3 2089 5131 7081
3 3237 3072 4540
3 2219 2224 5784
3 896 928 5796
3 771 770 772
3 699 700 701
3 1438 1458 1459
3 2195 768 3489
3 5037 5026 5907
3 1907 1910 2399
3 1253 1252 1254
3 3759 3581 3983
3 2288 2287 5758
3 1106 2746 6007
3 1730 1731 1944
3 4144 4143 4361
3 2918 2919 2920
3 3962 3281 4083
3 2733 2437 5780
3 1557 1633 1634
3 3898 3104 3899
3 4315 4146 4446
3 2769 2942 2943
3 3254 3253 3946
3 3073 3280 3723
3 1949 1950 1951
3 566 565 568
3 2999 3529 5799
3 670 674 1884
3 3916 3088 3917
3 1459 1556 1557
3 5525 1884 6748
3 3729 3730 4589
3 3291 2860 3871
3 3085 3874 3921
3 1026 1025 1027
3 2519 3113 3270
3 6092 699 6341
3 3835 3836 4393
3 1927 1928 2105
3 1762 1814 1866
3 2474 2846 2847
3 4826 4823 7410
3 3438 4648 6279
3 757 754 1440
3 1980 1979 2287
3 2360 2362 2522
3 745 744 746
3 2584 2583 3095
3 1938 1937 1939
3 1827 1826 1979
3 3947 3946 4143
3 1658 1660 3521
3 1942 1941 1943
3 2096 1964 2100
3 747 746 748
3 1234 1235 1236
3 2666 4958 6990
3 958 2783 5829
3 1633 1556 1635
3 1629 1540 5849
3 2739 2546 3206
3 1305 1238 1307
3 1810 2007 2009
3 2873 3402 3405
3 5781 3973 5782
3 1372 1430 1431
3 3926 3928 4012
3 3029 2853 3717
3 2204 1635 2205
3 1833 1710 5778
3 1972 2630 2631
3 1218 1217 1219
3 1293 1371 1372
3 4673 3339 7205
3 3420 2884 3421
3 2854 3029 3030
3 3718 3717 4032
3 5919 5247 6274
3 4115 5478 6389
3 2718 2337 3520
3 1236 1292 1293
3 2578 2100 2609
3 2096 2100 2578
3 927 948 974
3 896 911 927
3 974 1238 1305
3 5702 446 5830
3 3306 3206 4306
3 1430 1371 1432
3 1110 1109 1111
3 2363 2205 2435
3 524 522 2206
3 4013 6256 6483
3 4166 3420 5757
3 2498 4862 5834
3 3517 3515 3792
3 836 835 837
3 4103 3699 7238
3 569 568 570
3 623 621 624
3 3056 3980 5914
3 3997 3995 4035
3 2847 3251 3252
3 1868 1869 1927
3 1952 1950 2395
3 2522 2523 3057
3 2578 2609 3088
3 923 966 967
3 1738 1634 1739
3 571 570 572
3 5754 3565 5878
3 1220 1219 1221
3 1566 1567 1568
3 3518 3517 4124
3 4974 4976 4977
3 581 580 583
3 3234 3235 4113
3 2009 2182 2183
3 1216 1215 1217
3 4608 4997 7354
3 1763 2339 2340
3 4454 4452 4455
3 822 2208 5826
3 1984 1983 5730
3 2485 2307 3075
3 1663 1664 1665
3 2852 2853 2854
3 2851 2813 4006
3 5999 7094 7130
3 907 922 923
3 752 750 2798
3 1028 1027 1029
3 5861 3665 5959
3 4347 3297 4348
3 3164 3163 4171
3 2244 2097 5793
3 3035 3851 5681
3 3524 4272 6235
3 1779 1780 1868
3 1665 1666 1667
3 2585 3784 3785
3 3405 3402 4137
3 1852 1368 5903
3 796 820 822
3 4882 5194 6980
3 5231 5584 6054
3 2648 3345 4117
3 1309 1308 1352
3 974 948 1238
3 3516 3515 3517
3 927 911 948
3 4057 4055 5391
3 2873 2872 3402
3 2916 2915 2917
3 3540 3542 6348
3 104 367 6039
3 2359 2222 2360
3 559 663 1516
3 2290 3483 5923
3 2429 2288 5758
3 2598 2813 2814
3 1555 1744 1945
3 2757 2537 2850
3 3582 3583 6343
3 367 105 4251
3 1740 1739 5772
3 807 806 808
3 1667 1668 1779
3 1834 1791 1835
3 3395 2567 5943
3 2814 2851 2852
3 3456 3372 4138
3 2523 2525 5790
3 5759 3470 5861
3 1859 2595 2596
3 3035 3850 3851
3 2290 2613 3483
3 3058 3057 3581
3 1825 1827 5808
3 2919 2917 3032
3 1827 1980 5816
3 4501 3808 4502
3 3514 3491 3515
3 3885 3276 3886
3 886 875 887
3 1292 1235 2785
3 3198 2756 3501
3 2396 2872 2873
3 3085 1432 3160
3 873 890 896
3 896 890 911
3 788 803 804
3 2003 2002 2175
3 586 585 587
3 573 572 574
3 1971 1970 2232
3 5780 2498 5834
3 2875 2689 5827
3 4019 3030 4581
3 796 797 820
3 898 887 899
3 584 583 585
3 3281 3237 5952
3 1673 1549 3387
3 1947 1948 1949
3 3758 4152 4379
3 766 773 1931
3 1657 1656 1768
3 2769 2943 3893
3 1769 1768 2002
3 1438 1431 1458
3 2396 2395 2872
3 2688 3472 5827
3 978 980 2173
3 2940 3473 5790
3 2292 2283 2293
3 3930 3932 4622
3 1563 1565 1566
3 2294 2293 2540
3 2435 2546 2739
3 1257 1256 1308
3 1945 1946 1947
3 982 984 1510
3 3250 2875 5827
3 854 852 855
3 5438 5485 7416
3 3946 3253 3948
3 874 828 875
3 2741 5400 6552
3 3006 3973 5781
3 2777 2100 5843
3 1451 1562 1564
3 3773 3774 6050
3 3952 3404 3953
3 774 1647 5833
3 822 872 873
3 519 5593 5862
3 1951 1950 1952
3 3487 3488 3925
3 4014 3062 4280
3 1228 1227 1256
3 3032 2917 5932
3 2758 2540 2856
3 1564 1719 1720
3 2189 2190 2593
3 3490 2363 3491
3 4303 5791 6580
3 2340 2685 2686
3 4515 4518 4520
3 2242 2315 5911
3 2388 6124 6235
3 3077 3855 3856
3 1539 1454 1552
3 881 906 907
3 899 901 902
3 1424 1395 1454
3 2856 2540 2857
3 3000 3073 5977
3 3314 3212 3315
3 1720 1876 1877
3 827 810 828
3 830 880 881
3 1383 5753 6111
3 2555 2557 2558
3 3989 3501 3990
3 2686 3076 3077
3 1222 1221 1223
3 2739 3307 5874
3 804 829 830
3 3487 3925 4619
3 3933 6136 6571
3 2715 2716 2717
3 3200 2703 5983
3 2293 2283 2302
3 1122 1106 6007
3 1394 1393 1395
3 2369 2743 6132
3 5260 5259 6443
3 2593 2602 3031
3 2194 777 5837
3 72 406 5460
3 5238 5237 7074
3 3677 2857 3678
3 1439 3770 4756
3 588 587 589
3 3679 3677 3954
3 2680 2710 2711
3 2717 3089 3090
3 3307 3306 3985
3 2836 2429 5758
3 709 710 711
3 1639 2004 5937
3 1290 1289 1312
3 3054 3486 3487
3 2108 2446 5960
3 1255 1254 1289
3 2359 2360 5774
3 1930 2108 2513
3 3678 3896 4399
3 4749 5263 7047
3 5903 5596 6031
3 1232 1338 1390
3 1313 1312 1347
3 822 820 872
3 3483 3484 3485
3 1588 1728 2217
3 873 872 890
3 2221 2220 2222
3 3559 3168 4010
3 1234 970 1235
3 2723 2721 2724
3 1112 1111 1113
3 5653 780 5833
3 784 785 794
3 3407 3405 5809
3 2821 3817 3818
3 2282 1734 2283
3 2610 2611 2715
3 3294 4027 5779
3 1952 2395 2396
3 794 785 796
3 966 922 968
3 1459 1458 1556
3 1826 1740 5772
3 2465 3009 5910
3 1674 1831 2196
3 1590 5804 6330
3 2915 2913 5781
3 772 3064 3492
3 769 771 775
3 1557 1556 1633
3 2739 3206 3306
3 3069 2687 5581
3 1392 1391 1393
3 2560 2561 2562
3 1633 1635 2204
3 2920 2921 2922
3 3542 3541 3543
3 2344 2542 6008
3 1388 5981 6024
3 3540 3538 3541
3 2204 2205 2363
3 1516 1517 1518
3 5742 2844 6118
3 2020 2021 5912
3 1030 1029 1031
3 598 597 599
3 3485 3967 5070
3 769 770 771
3 2096 2578 5793
3 1727 1870 5812
3 2067 1840 2720
3 2250 2232 2652
3 2547 5759 5861
3 809 808 810
3 3880 3878 4413
3 3316 2921 3418
3 2217 5784 5889
3 659 657 660
3 2598 2596 2813
3 4540 3072 6011
3 3695 3697 4192
3 682 680 683
3 1357 1356 1358
3 1859 1857 2595
3 2856 2857 3677
3 886 898 958
3 1949 1948 1950
3 945 943 1388
3 2918 2917 2919
3 941 939 2252
3 4399 3896 4814
3 4091 3418 4092
3 3029 3717 3718
3 2446 3063 3086
3 2854 2853 3029
3 1372 1371 1430
3 1628 1778 1888
3 2522 3058 5774
3 2219 2218 2220
3 1236 1235 1292
3 1293 1292 1371
3 784 795 5837
3 1728 1727 5812
3 2893 2894 5813
3 1265 1282 5919
3 3209 3125 3210
3 6189 2397 6376
3 2675 2652 3056
3 838 837 839
3 2562 2563 5486
3 2993 2547 5861
3 4261 4262 7330
3 1430 1432 3085
3 4522 4521 4523
3 3787 3146 5013
3 2525 2940 5790
3 3980 3979 4510
3 3544 3543 4234
3 2490 3067 3068
3 3955 3954 4090
3 2997 2998 5888
3 3748 5025 6558
3 1399 1398 5975
3 2558 2559 2560
3 2360 2522 5774
3 2436 2205 6070
3 3315 3690 4415
3 1287 4947 6126
3 3019 1649 3493
3 1593 1539 1636
3 3057 2523 5790
3 2530 2532 2533
3 2217 1728 2218
3 923 922 966
3 3213 4060 4380
3 1018 1017 1019
3 3120 3118 3279
3 5592 1367 5928
3 2006 6115 6348
3 3318 2674 6086
3 2727 2726 2728
3 1368 5618 5903
3 3844 3025 3845
3 2725 2724 2726
3 2852 2851 2853
3 784 778 785
3 5609 3714 6051
3 2074 2687 3069
3 3109 3111 3758
3 1518 1519 1520
3 1274 1273 1275
3 2888 2887 3296
3 1868 1927 2463
3 3419 2941 5498
3 2729 2728 2887
3 2105 1928 5822
3 2221 2222 2359
3 775 776 777
3 2193 1826 5772
3 2631 3070 3071
3 1936 1935 1937
3 1167 1166 1179
3 885 883 5551
3 1836 1835 1837
3 1948 1946 2226
3 1520 1521 1522
3 1691 1560 5942
3 4441 3263 5878
3 777 778 784
3 12 13 502
3 2107 1929 2230
3 805 806 807
3 1667 1779 2044
3 1566 1568 1613
3 110 111 412
3 4526 4523 5930
3 3085 3160 3874
3 1522 1523 1529
3 5862 5593 5863
3 3998 6408 6438
3 2252 939 5851
3 861 858 862
3 3921 6070 6088
3 886 887 898
3 2396 5724 5864
3 2153 2496 2804
3 1389 1449 2835
3 2219 2220 2221
3 2678 3054 3055
3 1928 2215 5822
3 1114 1113 1115
3 1304 1310 1311
3 4614 4962 4963
3 2814 2813 2851
3 958 2278 2678
3 5531 3048 6174
3 6201 5636 6344
3 1562 1452 1563
3 3876 3279 4294
3 2804 2805 2806
3 3210 3212 3314
3 2670 2797 5955
3 6214 4594 7539
3 874 875 886
3 2806 2807 2808
3 775 771 776
3 1434 1433 1471
3 777 776 778
3 1175 1161 1176
3 2609 2824 5825
3 4049 4048 4050
3 2922 3316 3317
3 2613 2291 2614
3 2185 2183 5681
3 2808 2952 4149
3 1270 1269 1271
3 1611 1686 1687
3 1660 1659 1661
3 2669 3786 6089
3 1626 1540 1629
3 949 911 5846
3 906 880 2510
3 2161 2465 5910
3 5366 5365 5887
3 907 906 922
3 1855 1852 5903
3 898 899 5896
3 3914 5843 5917
3 724 725 726
3 840 839 841
3 3405 4137 5809
3 3462 3411 4017
3 6692 4422 7184
3 2217 2218 2219
3 600 599 602
3 2986 6314 6342
3 1157 1156 1166
3 1662 1661 1663
3 4099 4100 4101
3 2678 2278 3054
3 4969 4970 6329
3 2705 3137 5983
3 3967 3484 3968
3 561 563 5991
3 3480 1136 6259
3 1118 1115 1119
3 2596 2595 5817
3 1658 968 1659
3 5667 5409 6439
3 3752 6229 6273
3 4743 2257 6374
3 1912 1837 1913
3 4842 4841 7313
3 1525 1527 5893
3 3009 3011 3862
3 1383 1382 1433
3 4843 498 6695
3 760 725 763
3 4210 4212 4213
3 722 723 724
3 603 602 604
3 1465 2897 3005
3 758 759 764
3 605 604 606
3 5599 3243 5603
3 2992 2022 6101
3 764 765 768
3 751 2759 6129
3 2533 2534 2580
3 617 616 618
3 1476 1475 1609
3 129 130 5976
3 768 765 769
3 3013 3675 3676
3 1947 1946 1948
3 2233 2234 2235
3 764 759 765
3 1803 1804 1805
3 1764 1761 5416
3 842 841 843
3 711 712 713
3 589 913 5718
3 607 606 608
3 1728 5812 6013
3 3021 3041 3312
3 5547 3857 5933
3 1610 1609 2014
3 2580 2653 3021
3 3314 3315 5815
3 827 828 874
3 844 843 845
3 1532 1573 2233
3 2392 2393 5984
3 1662 1663 1734
3 615 614 616
3 3481 1153 6007
3 3312 3313 3703
3 3311 3081 3762
3 1359 1358 1360
3 1361 1360 1382
3 866 863 868
3 890 2209 5846
3 1945 1744 1946
3 1337 1376 1412
3 998 1000 5966
3 717 718 719
3 1527 1530 1591
3 3703 3704 4495
3 5317 5319 5968
3 1956 1953 5864
3 5377 895 5820
3 719 721 722
3 871 869 882
3 2779 2870 2871
3 2824 3721 5825
3 3051 3049 3807
3 2943 2942 5957
3 3917 3088 5825
3 2264 2263 2491
3 5816 2355 5918
3 1643 3389 3656
3 2543 2874 3136
3 880 829 5875
3 958 898 2278
3 1861 2535 2536
3 766 763 767
3 3088 2609 5825
3 1929 1626 6032
3 1800 1802 5962
3 7232 4091 7326
3 6677 5879 7323
3 1149 1148 1156
3 609 608 611
3 3565 5347 5878
3 1318 1315 6099
3 1660 1661 1662
3 1962 1959 5917
3 758 757 759
3 723 721 2774
3 4890 4891 6525
3 773 767 774
3 3553 3992 3993
3 1418 1416 1554
3 2342 2620 2622
3 2622 3127 3167
3 2235 2236 2270
3 756 757 758
3 388 94 5082
3 753 754 756
3 1637 1636 1809
3 1154 1169 2268
3 1417 6399 6503
3 881 880 906
3 1870 2769 5812
3 779 774 780
3 2614 3125 3209
3 2290 1876 2291
3 707 706 708
3 3893 2943 5904
3 705 704 706
3 830 829 880
3 612 611 614
3 709 708 710
3 1120 1119 1127
3 703 702 704
3 70 71 492
3 4160 3208 6097
3 788 780 789
3 4553 4555 6543
3 701 700 702
3 2338 2999 5922
3 748 750 751
3 625 624 627
3 713 714 715
3 803 789 805
3 1388 5979 5980
3 4048 3040 5605
3 5811 2152 5963
3 3686 3687 3688
3 4088 4017 4324
3 751 752 753
3 846 845 847
3 715 716 717
3 2567 2178 5943
3 995 993 6042
3 3363 3061 3852
3 3573 3087 3966
3 3486 2278 5896
3 1658 1659 1660
3 3688 3740 3741
3 1449 1611 6034
3 2183 2182 3035
3 809 810 827
3 2920 2919 2921
3 797 785 5860
3 5750 5751 6114
3 920 963 965
3 3583 5445 6187
3 2353 2543 5892
3 1454 1395 1455
3 1914 1913 1915
3 1177 1176 1209
3 809 827 910
3 1881 1879 2514
3 804 803 829
3 630 629 632
3 2209 872 5859
3 1390 1391 1392
3 3902 3503 4457
3 1976 1842 1977
3 5445 5447 6187
3 966 968 1658
3 1451 1367 1452
3 3600 3623 3624
3 3258 2796 6089
3 560 5357 6048
3 756 754 757
3 4977 4978 4979
3 753 752 754
3 628 627 629
3 1121 5477 6257
3 694 2207 5785
3 1805 1864 1865
3 807 808 809
3 6308 3657 6368
3 1884 5525 6681
3 2942 3391 5957
3 4978 4976 6416
3 3240 2893 5813
3 2153 2151 2495
3 2223 2218 6013
3 4425 4276 5346
3 2896 2893 3240
3 613 4830 6419
3 3597 3599 3600
3 1461 1369 5456
3 1311 1439 5928
3 3785 4382 4574
3 1756 1754 2036
3 788 789 803
3 1894 1893 1895
3 1555 1554 1743
3 4168 4170 4922
3 779 780 788
3 1953 1952 5864
3 699 695 700
3 1132 1131 1148
3 773 774 779
3 4150 2952 4151
3 1210 1209 1244
3 3563 3562 3564
3 3512 2951 3513
3 5843 1962 5917
3 816 814 823
3 2807 2805 3103
3 1128 1127 1131
3 3752 3240 4426
3 1978 1977 2045
3 1336 1244 1387
3 2215 4256 5822
3 1720 1719 1876
3 1390 1338 1391
3 3391 4308 5957
3 766 767 773
3 1564 1562 1719
3 856 855 2141
3 1744 1743 2063
3 3851 3850 4703
3 2264 2491 5803
3 3425 3395 4813
3 4542 4151 4543
3 4763 4764 5973
3 3850 3036 4011
3 3916 3917 6566
3 4275 3513 4276
3 2204 3490 5877
3 4174 3127 4175
3 751 750 752
3 2496 2495 3083
3 1543 1639 6186
3 1739 1634 5877
3 3690 4120 6802
3 2278 898 5896
3 2046 2045 2368
3 3384 3382 3884
3 4813 3395 5943
3 820 821 5859
3 778 2213 5860
3 1392 1393 1394
3 2469 1303 3329
3 3531 3579 4181
3 2985 3028 3531
3 3460 3329 4695
3 911 890 5846
3 4794 4388 6976
3 4373 6519 6758
3 2902 2899 5836
3 1393 1391 2216
3 3483 2613 3484
3 2620 2343 2621
3 4028 2639 6029
3 1896 1895 1897
3 3967 3968 4342
3 736 734 755
3 1810 1809 2007
3 4831 5733 6551
3 91 92 456
3 2007 1809 2008
3 3316 3418 4091
3 4347 4348 4349
3 3430 3428 4633
3 647 662 5800
3 228 5650 6340
3 726 725 760
3 732 730 2249
3 724 723 725
3 3962 4083 4671
3 4979 4980 4981
3 1877 1876 2290
3 2478 2526 2985
3 4723 6214 7539
3 3656 4223 4634
3 1959 1961 5917
3 3697 4507 6495
3 3106 2931 6127
3 3052 4180 5339
3 3064 3830 5871
3 1257 5795 6138
3 5883 3117 6065
3 3870 2038 5634
3 4819 4821 4822
3 2159 2479 5963
3 3334 4689 4690
3 1451 1452 1562
3 4334 3432 4335
3 3716 2763 6069
3 3009 3862 5910
3 1394 1395 1424
3 1555 1743 1744
3 899 902 5896
3 5652 2287 6002
3 2342 2237 2343
3 5218 3325 5219
3 748 746 750
3 1662 2282 5883
3 2236 2234 2237
3 2075 2352 2478
3 3294 3295 4027
3 1972 1968 2630
3 4154 3423 4155
3 2575 2679 2680
3 1527 1526 1528
3 3797 3317 4046
3 722 721 723
3 5294 5295 5788
3 1532 1531 1533
3 1530 1528 1531
3 4874 5508 6925
3 2213 776 5881
3 1456 1387 1648
3 719 718 721
3 2813 2596 5817
3 1424 1454 1539
3 111 112 5838
3 3548 3552 3553
3 3369 4189 6167
3 760 763 766
3 1634 1633 5877
3 777 784 5837
3 4006 2813 5817
3 639 638 641
3 1191 1189 5578
3 4382 3784 6154
3 6098 3157 6264
3 3353 3354 3494
3 1918 1917 1919
3 3014 3497 3837
3 242 243 6475
3 3882 4534 4538
3 2974 2977 2978
3 4543 4745 4746
3 103 104 6039
3 3520 2337 6044
3 1412 1425 1500
3 5562 5563 6360
3 2922 2921 3316
3 1525 1524 1526
3 1147 1122 1153
3 3035 2182 3036
3 1920 1919 1921
3 711 710 712
3 2479 2893 2896
3 4304 4092 4676
3 1820 2151 2153
3 1405 1313 6081
3 2993 5861 5959
3 527 528 529
3 525 526 527
3 2810 3981 6020
3 2950 2925 6052
3 5348 3373 6966
3 642 641 643
3 717 716 718
3 3034 3727 3753
3 3818 3819 4613
3 2569 2110 5736
3 3485 3484 3967
3 2999 2719 3000
3 3488 3486 5929
3 2982 3468 5628
3 4477 4478 4479
3 3648 6201 6344
3 6015 3505 6105
3 2833 3163 3164
3 2009 2007 2182
3 2435 2739 5874
3 2894 3835 5813
3 4424 3778 6033
3 644 643 646
3 2290 2291 2613
3 4348 3297 6012
3 4055 3960 5866
3 2183 3035 5681
3 3035 3036 3850
3 5247 5251 6274
3 3083 3503 3902
3 3981 3578 3982
3 3636 3620 3791
3 7060 6544 7361
3 3085 3921 5890
3 562 560 6048
3 2363 2435 5874
3 1146 1122 1147
3 742 740 1683
3 771 772 5881
3 1458 1431 5890
3 1527 1591 5893
3 1516 663 1517
3 1605 2809 5794
3 3756 4762 7069
3 4347 4349 4384
3 3315 4415 5815
3 3521 1660 5883
3 1799 1529 2815
3 1290 1389 6084
3 1323 1325 6549
3 2769 3893 5812
3 5155 5154 5156
3 37 4264 5234
3 2377 2276 2734
3 1374 1416 1418
3 2152 2159 5963
3 2954 2265 3562
3 1304 1311 1366
3 3137 3582 3692
3 529 528 645
3 3377 2953 3378
3 1636 5602 6163
3 1922 1921 1923
3 1952 2396 5864
3 2718 3520 4040
3 3517 3792 5873
3 848 847 849
3 3420 3421 5757
3 619 5636 6201
3 970 967 5882
3 2703 2705 5983
3 713 712 714
3 1431 1430 5890
3 2353 1864 2354
3 2216 6289 6510
3 3993 3992 3994
3 715 714 716
3 872 820 5859
3 1418 1554 1555
3 4181 4182 4386
3 455 4514 4515
3 13 14 5897
3 1517 663 3530
3 3302 3304 3739
3 1537 1569 1571
3 4329 3419 5814
3 3348 3350 4825
3 1606 1605 5794
3 2475 2599 5818
3 1523 1521 1524
3 4168 3506 4170
3 2621 2951 3512
3 3717 2853 5894
3 1585 1709 6113
3 1649 1648 5922
3 216 374 6387
3 2260 2349 2350
3 3891 2993 5959
3 3039 3409 3842
3 3741 4494 6087
3 7009 631 7113
3 1934 1933 1935
3 6856 2313 7106
3 1489 1429 1506
3 2164 2162 5560
3 3712 3114 3713
3 1803 1801 1804
3 2004 2481 3033
3 4091 4092 4304
3 3827 3619 6135
3 145 146 5746
3 3358 3100 3361
3 1862 2020 2927
3 2391 4804 6450
3 2896 3240 3752
3 780 774 5833
3 1366 1311 1367
3 1924 1923 1925
3 2423 2426 2441
3 2543 3136 5892
3 749 748 6129
3 2846 5789 6491
3 913 914 915
3 2888 3296 5852
3 2025 2027 2431
3 1232 1337 1338
3 5183 5182 6914
3 2874 2745 3234
3 3276 2888 5852
3 1169 1231 1232
3 1432 1371 5901
3 647 646 662
3 1440 754 5898
3 2804 2496 2805
3 5319 5323 5968
3 1388 5980 5981
3 2060 2440 6267
3 2543 2354 2745
3 2808 2807 2952
3 3112 2518 3114
3 1276 1275 1277
3 2806 2805 2807
3 785 778 5860
3 3005 3731 3733
3 2851 4006 5894
3 4149 2952 4150
3 4124 3517 5873
3 4407 4408 7468
3 2031 2084 2085
3 2776 3134 3180
3 2906 2904 2991
3 27 28 442
3 3257 3267 3461
3 1398 1477 5975
3 2757 2850 5879
3 772 3492 5881
3 895 891 924
3 3296 3297 4346
3 4083 3281 5952
3 805 807 2229
3 1439 4756 5928
3 1154 1168 1169
3 1003 1006 2742
3 2962 2964 2965
3 5331 3963 6848
3 4213 4216 4293
3 419 4647 7452
3 3296 2887 3297
3 1196 1198 2001
3 2637 2681 3286
3 1483 2012 3020
3 6115 5633 6348
3 1366 1367 1451
3 1743 1554 6553
3 3253 2757 5879
3 4386 7448 7467
3 3562 6102 6225
3 2728 2726 3027
3 5048 5049 5050
3 1601 1509 1602
3 3483 3485 5921
3 5476 947 6024
3 1278 1277 1280
3 1284 1574 1650
3 3489 768 5868
3 690 694 695
3 1352 2831 5512
3 2148 2150 6006
3 2153 2495 2496
3 2353 5892 5988
3 1206 1259 1260
3 3143 5342 6045
3 2785 1235 5882
3 3491 2363 5874
3 752 2798 5898
3 2405 2407 2408
3 1281 1280 1348
3 90 91 5865
3 1564 1720 6333
3 1760 1762 5752
3 2395 1950 5916
3 701 1553 6341
3 4057 5392 5970
3 1658 3521 5915
3 3948 3253 5879
3 3490 3514 6049
3 5812 3893 6013
3 2850 2537 5978
3 2631 2630 3070
3 4695 3329 4696
3 2091 2090 2285
3 1718 1632 1770
3 1292 2785 5901
3 4150 4151 4542
3 4396 4398 5722
3 2369 2368 2743
3 1633 2204 5877
3 1568 1588 5889
3 951 936 952
3 607 609 6035
3 967 966 5915
3 5157 5156 5158
3 2929 3327 3824
3 3137 3692 5983
3 2287 1979 6002
3 5417 6200 6416
3 2233 1573 2234
3 3465 5860 6057
3 670 673 674
3 1147 1153 1154
3 1926 1925 1933
3 1346 1344 1380
3 2235 2234 2236
3 2622 2620 3127
3 1008 1010 1558
3 3595 3593 3646
3 144 145 449
3 3167 3127 4174
3 1303 962 1304
3 3164 4171 4658
3 3592 3594 3596
3 527 526 528
3 4275 4276 4425
3 577 575 5906
3 1808 1771 5540
3 3649 3094 3847
3 645 528 669
3 769 775 5868
3 1983 1973 5515
3 5223 460 6256
3 2117 3408 5842
3 5419 1807 6861
3 4346 3297 4347
3 469 339 6526
3 686 689 690
3 167 448 7444
3 651 2145 5776
3 2823 2541 3094
3 573 576 6047
3 2200 2198 2380
3 2244 5793 5978
3 915 916 917
3 2510 880 5875
3 3603 3602 3604
3 4184 4185 4785
3 2535 696 3572
3 3737 3572 3738
3 3512 3513 4275
3 4034 3711 4164
3 3909 3907 3910
3 718 716 720
3 3070 2630 3536
3 3150 1733 3863
3 776 771 5881
3 5921 5071 6346
3 3753 3754 4176
3 5781 5782 5932
3 3492 3064 5871
3 4490 4492 4493
3 1518 1517 1519
3 1427 1306 2254
3 4174 4175 4412
3 112 113 488
3 4695 4696 5935
3 2342 2343 2620
3 2948 3504 3589
3 3055 3054 5885
3 3052 2870 4179
3 2537 2244 5978
3 883 882 912
3 3487 4619 5885
3 1522 1521 1523
3 1106 1065 2746
3 3859 3535 4284
3 3054 3487 5885
3 1520 1519 1521
3 5163 5152 6637
3 1532 1533 1573
3 3169 2651 3547
3 2713 2712 2898
3 4576 3551 6264
3 2899 2898 5836
3 674 685 686
3 2573 2574 2575
3 1427 2649 2945
3 819 799 6094
3 2649 2254 3016
3 533 531 2786
3 1527 1528 1530
3 2599 3272 5818
3 768 769 5868
3 239 4621 7303
3 1525 1526 1527
3 925 924 1229
3 661 660 667
3 1530 1531 1532
3 2945 3231 4230
3 5391 4055 5866
3 1083 1081 5621
3 4486 4487 4488
3 1961 1957 6093
3 1865 1864 2353
3 2236 2237 2342
3 1430 3085 5890
3 1805 1804 1864
3 1146 1147 1161
3 1235 970 5882
3 1918 2428 6672
3 5159 5158 5162
3 5071 5072 5972
3 668 667 671
3 1145 1241 1242
3 2857 2540 5900
3 3921 3874 6176
3 1230 1229 1334
3 3073 3723 5977
3 1975 1974 2157
3 5450 1193 5993
3 1158 4744 6474
3 4077 5105 6633
3 1121 1122 1146
3 1747 1746 1974
3 2898 3757 5836
3 1514 1513 1675
3 1660 1662 5883
3 2779 2536 2870
3 5332 3554 7062
3 5748 5749 6385
3 2504 2772 2955
3 3548 3547 3551
3 914 665 5967
3 2293 2302 5900
3 574 696 1861
3 4014 4280 4416
3 1650 1651 1652
3 5216 3044 6469
3 4069 4372 4373
3 1987 1984 5730
3 2540 2293 5900
3 5419 6861 6941
3 4905 5497 7529
3 1523 1524 1525
3 3861 3271 4140
3 3782 4301 4302
3 961 947 962
3 2091 2286 2650
3 712 710 2253
3 2853 2851 5894
3 3552 3551 4135
3 1371 1292 5901
3 7032 2336 7107
3 1588 2217 5889
3 2677 2624 3190
3 48 49 501
3 1739 5877 6049
3 1079 1077 5590
3 972 926 973
3 3201 3155 4226
3 3605 3604 3606
3 1849 1848 2037
3 3270 3113 3271
3 961 962 1303
3 938 6282 6310
3 537 535 556
3 1845 1457 1846
3 1847 1846 1848
3 2018 2312 2554
3 917 918 919
3 5471 4036 6061
3 3244 2738 3570
3 3071 3070 3963
3 2919 3032 5949
3 4087 3570 4167
3 531 529 6004
3 1155 1103 6668
3 3886 3276 5852
3 946 947 961
3 1992 1990 2061
3 1414 1413 1513
3 1766 1767 2094
3 1979 2193 6002
3 856 2141 5869
3 5243 5246 5247
3 1652 1653 1766
3 4085 3856 4707
3 4458 3503 6229
3 984 986 6125
3 6413 5160 6487
3 523 524 525
3 3582 6343 6447
3 645 669 670
3 4922 4170 4923
3 543 541 960
3 946 945 947
3 6045 3982 6424
3 1529 1523 6010
3 990 992 1145
3 2479 2896 5963
3 1605 1733 2809
3 172 214 460
3 883 912 5551
3 3547 6098 6264
3 1950 1948 5916
3 2345 2039 2780
3 2263 2176 6064
3 2928 3794 3795
3 3601 3598 3602
3 3494 3495 3496
3 3339 4673 7337
3 2506 2507 3118
3 3447 3445 4119
3 3607 3606 3608
3 919 926 954
3 930 929 1251
3 1020 1021 1022
3 521 522 523
3 6110 5587 6297
3 1879 1877 5923
3 3783 3962 4305
3 1215 1180 6124
3 1613 1568 5889
3 3780 3781 3782
3 2413 2415 2416
3 2917 2915 5932
3 1436 1441 1442
3 2518 2369 6132
3 4110 4111 4366
3 1244 1209 1245
3 2542 2516 3155
3 954 972 1302
3 2543 2745 2874
3 332 432 6489
3 1680 1678 1746
3 3514 3516 6232
3 2874 3234 3236
3 2650 2651 3168
3 1395 1393 5895
3 5327 5317 5968
3 4947 4946 4948
3 708 706 761
3 2353 2354 2543
3 1677 3242 6023
3 4553 4552 4554
3 4555 4554 4556
3 519 520 521
3 1176 1161 3533
3 672 671 677
3 1367 1311 5928
3 6234 6065 6304
3 590 589 5718
3 1365 1250 1413
3 2809 3150 3151
3 2400 2401 2402
3 944 945 946
3 849 864 938
3 549 547 551
3 5882 967 5915
3 5793 3915 5978
3 754 752 5898
3 1302 1306 1410
3 2871 2870 3052
3 5093 6527 6546
3 3000 2719 3072
3 3609 3608 3610
3 3792 3515 6059
3 1648 1387 2337
3 938 939 940
3 1948 2226 5916
3 5956 5587 6110
3 4960 1596 6382
3 1227 1224 6150
3 3568 3569 3975
3 968 922 5948
3 554 552 2269
3 517 518 519
3 6124 3522 6235
3 1335 1334 1428
3 5110 4989 6912
3 1158 1133 1159
3 3164 4658 4659
3 2915 5781 5932
3 2978 2979 2983
3 2711 2710 2712
3 559 557 663
3 3461 3894 4157
3 2402 2403 2404
3 3553 3552 3992
3 4557 4556 4558
3 670 669 673
3 1942 1943 6193
3 2675 3056 5914
3 1580 1581 1582
3 902 901 6036
3 894 893 929
3 4288 4155 4638
3 3977 4607 5884
3 2980 3587 3588
3 3740 4815 6666
3 4516 4514 4517
3 3418 2921 5949
3 1507 1506 2124
3 916 914 1618
3 2445 2443 2624
3 938 864 939
3 525 524 526
3 1648 2337 2338
3 6042 993 6421
3 3975 3976 3977
3 2535 3572 3737
3 944 943 945
3 940 941 942
3 1840 1838 5909
3 3086 3063 3330
3 3493 1649 5922
3 3268 2087 3269
3 3282 2000 4571
3 5129 5132 6147
3 2338 2337 2718
3 3000 3072 3073
3 942 941 943
3 3119 3246 4184
3 942 943 944
3 2350 2351 2400
3 690 699 6092
3 5576 759 6068
3 940 939 941
3 2338 2718 2719
3 3073 3072 3237
3 1681 1820 5956
3 1635 1556 6088
3 1857 1855 6031
3 2069 5149 5164
3 2657 2658 2659
3 2616 2499 3463
3 6565 4642 6611
3 515 516 517
3 3073 3237 3280
3 2614 3209 5945
3 2613 2614 5945
3 2983 3037 3705
3 3151 3537 3538
3 2904 2902 5940
3 3828 3827 3918
3 5046 5136 5819
3 3280 3281 3783
3 2141 3087 3411
3 4539 3318 6086
3 966 1658 5915
3 4571 2000 5944
3 2927 3449 3584
3 2379 2264 5803
3 945 1388 6024
3 107 108 451
3 507 506 508
3 1022 1023 1024
3 5851 864 6077
3 3280 3237 3281
3 495 103 6039
3 2646 2644 6069
3 1418 5737 5985
3 704 702 2251
3 3428 3425 5951
3 2618 2617 3001
3 2969 2970 2971
3 3077 3076 3855
3 3496 3887 3888
3 3977 4606 4607
3 1877 2290 5923
3 4035 5639 6816
3 2085 2086 2259
3 1701 1703 5839
3 3002 3001 3768
3 3584 3585 4588
3 1154 1153 1168
3 3783 3281 3962
3 986 988 2832
3 1242 1252 1253
3 2965 2966 2967
3 2286 2285 2690
3 858 856 5869
3 1458 5890 6088
3 2967 2968 2969
3 5092 5091 7370
3 113 114 5913
3 5584 5585 6054
3 2595 1857 6031
3 2135 4722 7539
3 2956 2958 2959
3 2879 3567 3568
3 5877 3490 6049
3 1471 2866 5522
3 3432 3430 5953
3 4728 4726 6599
3 3757 3508 4013
3 2686 2685 3076
3 2226 1946 5920
3 1946 1744 5920
3 4782 4757 7395
3 1172 1159 5788
3 3737 3738 4233
3 2786 531 6004
3 6064 2175 6307
3 59 60 6504
3 674 673 685
3 3754 3727 6291
3 1501 2845 3239
3 2538 1735 2539
3 3566 3720 4462
3 684 683 697
3 3165 3571 4217
3 5153 5167 6637
3 4520 4518 4521
3 618 971 1707
3 2889 2539 3223
3 3719 3223 3860
3 4559 4558 4560
3 4198 4235 4236
3 4793 2391 6216
3 1584 1614 1615
3 3186 4028 4029
3 901 904 6036
3 2446 3086 5960
3 513 514 515
3 849 847 864
3 686 685 689
3 906 2510 5948
3 2340 2339 2685
3 4197 4201 6534
3 1744 2063 5920
3 922 906 5948
3 3052 4179 4180
3 1121 1106 1122
3 2218 1728 6013
3 2412 6139 7378
3 690 689 694
3 1689 2090 2091
3 5599 5603 5961
3 1388 943 5979
3 845 843 2816
3 2387 1701 5839
3 2428 1920 6645
3 1855 5903 6031
3 1707 1735 1736
3 915 914 916
3 4567 4160 6097
3 1623 1547 1624
3 6018 3963 7073
3 1169 1232 5926
3 3905 3904 3906
3 1138 1141 6259
3 3050 2577 3229
3 2153 2804 5956
3 5586 1676 6072
3 3968 3484 5945
3 3548 3551 3552
3 1260 1261 1262
3 4314 7143 7206
3 837 835 2792
3 4041 3520 6030
3 1264 1265 1266
3 1861 696 2535
3 841 839 1450
3 4051 4050 4499
3 1262 1263 1264
3 1159 1133 5294
3 5874 3307 6059
3 700 695 781
3 941 2252 5979
3 110 412 5588
3 3419 5498 5814
3 2773 1318 6099
3 3803 2992 6101
3 3600 3637 6116
3 1603 1602 2187
3 1296 1297 1298
3 1015 1017 1018
3 3506 3167 5969
3 511 512 513
3 589 665 913
3 763 725 6091
3 1897 5079 6784
3 1169 1168 1231
3 2294 2758 6295
3 3245 6938 7136
3 698 697 792
3 4832 4370 7404
3 3707 3451 4178
3 5975 1477 6113
3 4111 3258 6089
3 892 832 893
3 2231 4707 6840
3 68 69 373
3 3169 3547 3548
3 2796 2669 6089
3 2416 2417 2418
3 4500 6213 6231
3 793 792 811
3 5085 2365 6375
3 4877 4876 7154
3 5356 5355 6269
3 3056 3417 3979
3 695 694 5785
3 3063 3062 4014
3 2889 3719 3956
3 1232 1231 1337
3 759 757 6068
3 1271 1273 1274
3 3272 2601 6117
3 1706 1967 5854
3 3936 3937 3938
3 2737 2736 3217
3 1024 1025 1026
3 980 982 5880
3 3516 3518 6301
3 2781 5255 7341
3 529 645 6004
3 1055 1053 2240
3 1353 1352 5512
3 1266 1267 1268
3 3826 3619 3827
3 592 2295 6190
3 2930 3105 3654
3 1968 1881 5954
3 4179 2870 6003
3 2157 2672 3545
3 2514 1879 5923
3 1771 1770 2033
3 3940 3941 3942
3 509 510 511
3 2954 3562 3563
3 909 908 931
3 58 59 419
3 917 916 918
3 3702 3700 4595
3 2810 1500 3104
3 1294 1374 5985
3 855 852 6062
3 2408 2409 2410
3 6057 2213 6322
3 1051 1062 5924
3 5411 2747 5412
3 3411 3087 3573
3 852 850 6062
3 919 918 926
3 5563 2433 6405
3 1469 1410 5934
3 954 926 972
3 2921 2919 5949
3 1605 1541 1733
3 5404 3322 5905
3 1232 1390 5926
3 317 473 6453
3 2959 2960 2961
3 1290 1312 1313
3 1736 2538 2756
3 940 2238 6282
3 3031 4645 4646
3 2141 855 3087
3 6344 3991 6584
3 1032 1031 1033
3 2945 2649 3231
3 3218 3217 3820
3 4230 3231 4231
3 1026 1027 1028
3 4674 124 6294
3 976 978 5886
3 2720 1840 5909
3 6127 2931 6320
3 791 692 1493
3 340 389 6526
3 1171 1208 6126
3 5890 3921 6088
3 3168 2651 3169
3 4101 6914 7095
3 2431 2027 5831
3 1459 1557 6337
3 986 2832 6125
3 1147 1154 5958
3 3543 3541 4058
3 2119 1997 2450
3 6453 473 7235
3 803 805 5936
3 1648 2338 5922
3 3727 3728 6291
3 1525 5893 6010
3 1532 2233 5998
3 4711 3231 7048
3 1253 1254 1255
3 1642 1842 1976
3 2063 1743 6638
3 1302 972 1306
3 5247 5248 5251
3 3731 4190 6373
3 1703 2016 5839
3 1427 2254 2649
3 2446 3062 3063
3 5475 6281 6353
3 414 4370 4832
3 1656 1606 5794
3 2410 2411 2412
3 1315 1285 6099
3 3169 5745 6043
3 2198 1865 5988
3 3687 3683 6429
3 3491 5874 6059
3 2022 1863 6101
3 2230 1929 6032
3 1412 1500 2810
3 2016 1706 5854
3 2954 3563 3875
3 1410 1306 1427
3 4927 1792 6365
3 3484 2613 5945
3 2113 5014 6166
3 1255 1289 1290
3 114 115 365
3 5849 1405 6081
3 2491 2738 3061
3 5303 3751 6296
3 76 77 368
3 5043 1013 5061
3 2865 3695 6117
3 4322 7331 7442
3 1591 1530 5998
3 2672 4343 6016
3 2536 2535 6003
3 2680 2679 2710
3 4943 1919 6492
3 2674 2425 6086
3 3640 3638 4081
3 1611 1687 6034
3 1061 1059 1126
3 3208 2976 6097
3 1801 1799 6067
3 2418 2419 2420
3 1724 2357 6040
3 4784 468 6821
3 3167 4174 5969
3 4077 6874 7459
3 2815 1529 6010
3 6313 1613 6385
3 1763 1758 2339
3 4010 3168 6043
3 829 803 5936
3 1603 2187 6268
3 5875 829 5936
3 2357 2655 2656
3 78 79 486
3 5254 5244 5256
3 4946 4954 6631
3 2571 2572 2573
3 1028 1029 1030
3 824 823 877
3 3013 3676 6074
3 3862 3011 6074
3 2038 2037 6008
3 3521 5883 6065
3 757 1440 6068
3 1978 2045 2046
3 2810 3104 3578
3 2108 2107 2274
3 1107 1105 6257
3 4993 1243 7417
3 2091 2285 2286
3 2765 2763 3716
3 2342 2622 6015
3 4565 4566 7153
3 4432 4433 4434
3 2809 1733 3150
3 3474 3106 6127
3 85 86 364
3 2446 2274 3062
3 2393 2833 5984
3 3011 3013 6074
3 5772 1739 6049
3 2650 2286 2651
3 6660 3768 7054
3 1817 879 2740
3 2870 2536 6003
3 3083 3902 5992
3 1618 914 5967
3 412 111 5838
3 3151 3150 3537
3 4127 201 4496
3 2176 2175 6064
3 4396 4397 4398
3 523 522 524
3 1268 1269 1270
3 676 666 3655
3 2191 2541 2823
3 1523 1525 6010
3 5194 3646 6590
3 1298 1299 1300
3 2002 1768 2006
3 5449 5404 6939
3 1018 1019 1020
3 3112 3114 3712
3 4236 4237 4238
3 1930 2107 2108
3 3425 4813 5951
3 2441 2442 2606
3 3356 3318 4539
3 2900 2901 6424
3 878 877 908
3 3530 663 6060
3 1976 1977 1978
3 1809 1636 6163
3 84 85 5996
3 3103 2805 5992
3 2388 6235 6380
3 4575 4656 4944
3 653 651 5776
3 4277 3369 6167
3 2496 3083 5992
3 920 965 6082
3 1820 2153 5956
3 1771 2033 5540
3 882 869 6102
3 4618 380 6358
3 6216 2391 6450
3 6096 1612 7549
3 781 695 5785
3 3846 3733 4636
3 4633 3428 5951
3 3808 3807 6248
3 2173 980 5880
3 3538 3537 3539
3 2108 2274 2446
3 4151 2952 6001
3 2268 1169 5926
3 521 520 522
3 3911 3910 3913
3 5985 5738 6254
3 1967 5114 5854
3 5001 1142 5004
3 3430 4633 5953
3 3521 6065 6234
3 4378 4160 4567
3 2077 2078 2079
3 2259 2260 6029
3 597 594 6190
3 4949 4948 4950
3 1199 1191 5578
3 1304 1366 5982
3 3515 3491 6059
3 2270 2236 6015
3 1050 1049 1051
3 1046 1045 1049
3 1042 1041 1045
3 913 665 914
3 2621 3512 6005
3 1040 1039 1041
3 3294 2788 3295
3 1472 1471 5522
3 982 1510 5880
3 3792 6059 6204
3 947 945 6024
3 1783 1784 1785
3 1038 1037 1039
3 632 879 1816
3 4477 3725 4478
3 46 47 380
3 2385 2386 2506
3 1154 2268 5958
3 4335 3432 5953
3 1034 1033 1035
3 3050 3230 3558
3 1865 2353 5988
3 5048 5045 5049
3 1036 1035 1037
3 1749 2076 2077
3 4175 3127 6005
3 1881 2514 5954
3 2807 3103 6001
3 2902 5836 5940
3 4525 4523 4526
3 6232 3516 6301
3 2079 2730 4095
3 6070 3921 6176
3 1675 1872 6072
3 1451 1564 6233
3 2062 3667 3668
3 2620 2621 6005
3 4110 3258 4111
3 904 920 6082
3 5700 5699 6393
3 4239 4247 6261
3 519 518 520
3 2859 3299 6405
3 4392 6497 7426
3 2150 2637 6006
3 1645 1646 1970
3 2576 2577 3049
3 4290 5899 5987
3 1374 1418 5985
3 5054 5052 5056
3 1957 1956 6093
3 5349 3715 6349
3 2625 4973 4984
3 3806 5427 6804
3 1284 1203 1574
3 77 78 5990
3 2118 2119 2576
3 2606 2607 2986
3 4096 4098 5230
3 2046 2368 2369
3 2671 2270 6105
3 4247 4237 7363
3 2205 1635 6070
3 3698 3090 3699
3 1303 1304 5982
3 3119 4184 6165
3 2898 3508 3757
3 3668 3669 3670
3 5751 1719 6114
3 565 562 6048
3 3578 3104 3898
3 1300 1339 1340
3 1320 1318 2773
3 2583 2065 6193
3 978 2173 5886
3 2791 2117 5842
3 5151 5154 5155
3 2774 721 6014
3 3776 3775 6592
3 3005 3733 3846
3 912 2265 2953
3 1996 1997 2118
3 932 931 975
3 2971 2972 6121
3 5541 3830 6370
3 1340 1445 1446
3 3271 3113 3823
3 4238 4239 4240
3 5470 5468 6757
3 4646 4645 4990
3 2420 2421 2461
3 2929 2802 3327
3 1204 1314 6140
3 1251 2000 3282
3 3056 2652 3417
3 4569 5493 6468
3 2630 1968 5954
3 517 516 518
3 3875 3563 4228
3 3304 3334 5925
3 3095 3527 3528
3 2519 3112 3113
3 3370 2992 3803
3 5756 4253 6285
3 6009 4038 6240
3 424 4367 4368
3 4624 3417 4625
3 3244 3570 4087
3 2690 3156 3157
3 2511 2334 2795
3 805 2229 5936
3 1160 1159 1172
3 1324 1322 1402
3 5116 3457 7504
3 1105 1106 1121
3 40 41 490
3 3695 4192 4363
3 2601 2865 6117
3 1724 6040 6162
3 6384 5625 6649
3 3998 5652 6408
3 1161 1147 5958
3 1504 1505 1645
3 4984 4973 4985
3 3329 1303 5982
3 4170 3506 5969
3 3844 3845 4598
3 2491 2263 2738
3 4473 4471 7529
3 2057 2056 2457
3 570 568 2280
3 3672 4299 4300
3 4126 2379 5803
3 3445 3071 6018
3 1569 1681 6110
3 2663 3788 6478
3 4096 2730 4097
3 1707 971 1735
3 1477 1585 6113
3 4240 4241 4432
3 3931 3934 6136
3 3076 2685 3078
3 4098 4097 4099
3 3180 3181 3576
3 1455 1395 5895
3 1389 2835 6084
3 2924 3729 6226
3 721 718 6014
3 2898 2712 3508
3 1930 1929 2107
3 4120 6697 6736
3 4481 4479 4482
3 1816 1817 1996
3 5226 2640 6185
3 1329 1326 2273
3 1153 1122 6007
3 1393 2216 5895
3 3282 4572 4573
3 1885 995 6042
3 1719 1562 6114
3 4181 4386 7467
3 649 647 5800
3 2887 2728 6012
3 1599 1797 6195
3 424 4368 4369
3 1445 1339 1550
3 862 858 5869
3 4062 4657 7532
3 6282 3966 6310
3 1556 1458 6088
3 5876 1804 6067
3 2272 2276 2277
3 4699 3854 4700
3 1436 1379 1441
3 4064 4065 4068
3 1686 1929 1930
3 3649 3847 3901
3 6036 904 6082
3 3933 6571 6709
3 515 514 516
3 2381 2518 2519
3 725 723 6091
3 4893 4890 6525
3 943 941 5979
3 2449 6244 7500
3 4486 4484 4487
3 1799 2815 6067
3 5860 2213 6057
3 2805 2496 5992
3 4696 3329 5982
3 3528 4273 4274
3 2823 3649 3650
3 1976 1978 3130
3 1064 1065 1105
3 3853 3080 3854
3 5596 5595 6339
3 3919 3226 4530
3 737 739 6479
3 5982 1366 6233
3 2078 2076 2564
3 2823 3094 3649
3 5126 6275 7265
3 2055 2054 2056
3 1058 1059 1060
3 1551 1550 1748
3 2738 2263 6064
3 1060 1061 1064
3 4697 4142 7180
3 2889 3223 3719
3 133 134 375
3 3079 2588 3080
3 2812 3353 6267
3 1749 1748 2075
3 1686 1626 1929
3 3600 3599 3623
3 2538 2539 2889
3 580 577 5906
3 894 930 956
3 1427 2945 5934
3 2380 2198 5988
3 3624 3623 4244
3 1352 1409 2831
3 574 572 696
3 1179 1211 3522
3 1804 1801 6067
3 1338 1337 6020
3 3061 2738 3244
3 2575 2574 2679
3 2519 2518 3112
3 5794 5633 6115
3 2952 2807 6001
3 3071 3963 6018
3 4490 4488 4492
3 1562 1563 6114
3 1995 2389 2472
3 406 73 6311
3 4499 4050 4500
3 1362 1426 1621
3 3197 3196 3777
3 2953 2265 2954
3 5999 1558 7094
3 2586 2837 3204
3 3499 4358 6349
3 5714 2399 7450
3 5512 4133 6276
3 678 5941 6312
3 1258 5033 6707
3 578 1465 6122
3 3888 3889 3890
3 1773 1726 1998
3 1530 1532 5998
3 585 583 2843
3 1611 1540 1626
3 4294 3279 4600
3 1607 1765 1772
3 1611 1626 1686
3 1444 1442 5908
3 894 929 930
3 3523 1211 3525
3 1999 1998 2474
3 3956 3719 4123
3 1736 1735 2538
3 3629 3631 3635
3 3705 3037 5986
3 1290 1313 1389
3 4613 4614 6275
3 2357 2656 6040
3 513 512 514
3 4703 3850 6192
3 3067 3213 5927
3 1377 1348 5713
3 5063 5062 7023
3 3168 3169 6043
3 2046 2369 2381
3 3087 855 6062
3 5750 6114 6313
3 2833 3164 5984
3 723 2774 6091
3 376 316 6453
3 1571 1569 6110
3 2013 1944 2366
3 869 868 6102
3 2891 2665 3003
3 6093 1956 6143
3 4549 4553 6428
3 6314 3843 6342
3 3127 2620 6005
3 912 882 2265
3 2126 1610 5775
3 4203 4202 4204
3 1386 1385 1494
3 2710 2679 3388
3 3229 6157 6158
3 1580 1498 1581
3 3297 2887 6012
3 3536 2630 5954
3 3225 2636 3226
3 1449 1540 1611
3 1501 3239 5908
3 2421 2423 5931
3 2985 3531 3532
3 1507 2124 5995
3 1747 1975 2272
3 1514 1676 1677
3 1514 1675 1676
3 91 456 5865
3 3575 3252 4255
3 2728 3027 6012
3 4666 4665 7179
3 1248 1247 1385
3 2962 2965 6130
3 2545 2164 5560
3 1299 1297 2848
3 1747 1974 1975
3 1449 1405 1540
3 1414 1513 1514
3 1410 1427 5934
3 3481 6528 6690
3 2277 2377 2443
3 3195 2367 3196
3 5050 5049 5057
3 32 33 487
3 2295 590 5718
3 1990 1987 6026
3 2236 2342 6015
3 3830 3831 6370
3 3116 3248 3546
3 3282 4571 4572
3 1680 1746 1747
3 3522 3523 3524
3 1975 2157 6123
3 3918 3827 6055
3 2753 2752 2754
3 3524 4080 4112
3 571 6047 6292
3 6316 4031 6399
3 1584 1582 1614
3 1650 1574 1651
3 1242 1253 1453
3 1389 1313 1405
3 1056 1057 1058
3 3500 3003 3526
3 3979 3417 4624
3 2043 1775 2665
3 3372 2829 6290
3 2718 4040 6011
3 39 40 6019
3 1365 1413 1414
3 5175 5648 6764
3 511 510 512
3 1136 1138 6259
3 3758 3111 4152
3 3048 5023 6174
3 2053 2052 2054
3 1173 1172 1247
3 618 616 971
3 507 508 509
3 464 129 5976
3 3966 3087 6062
3 3774 4089 6050
3 117 441 6467
3 3050 3229 3230
3 1389 1405 1449
3 2270 6015 6105
3 5717 3676 6577
3 2277 2276 2377
3 178 179 5544
3 5723 6522 6770
3 509 511 1578
3 3037 3039 5986
3 5678 4544 7174
3 1898 1897 1899
3 2037 2039 2344
3 1867 888 2800
3 3190 3191 3580
3 1679 1680 1781
3 1677 1678 1679
3 1180 1179 6124
3 3033 3034 5939
3 4027 3295 4602
3 5155 5156 5157
3 1072 1070 1460
3 2535 3737 6003
3 5192 6916 7058
3 1296 1076 1297
3 3617 3620 3636
3 4951 4950 4952
3 1639 5937 6186
3 5662 2869 6827
3 2267 1461 5456
3 624 621 6201
3 1193 1196 5993
3 2094 1767 2095
3 1050 1053 1054
3 112 488 5838
3 3072 2719 6011
3 4405 3526 4406
3 2381 2369 2518
3 6059 3307 6204
3 594 592 6190
3 4491 4490 6494
3 1766 1653 1767
3 3563 3564 6085
3 1364 1365 1457
3 3612 3614 3616
3 3824 3327 4800
3 2383 2384 2385
3 5477 2741 6448
3 1652 1651 1653
3 3795 3794 4044
3 2344 2345 2516
3 82 83 458
3 119 120 6063
3 4696 5982 6233
3 2239 5619 6690
3 1767 1653 2256
3 2241 2058 2579
3 4226 4227 4322
3 5157 5158 5159
3 3047 1882 6572
3 1006 1008 5999
3 1888 1889 1890
3 589 587 665
3 956 957 1249
3 1202 1206 5997
3 718 720 6014
3 2719 2718 6011
3 3092 5700 6359
3 5411 5413 6262
3 686 690 6092
3 535 533 6038
3 2372 2373 6247
3 1054 1055 1056
3 3829 3741 4218
3 1721 1597 1722
3 1086 1083 5621
3 831 832 891
3 5634 2038 6008
3 1681 5956 6110
3 801 802 831
3 5342 5343 6655
3 4606 3976 4608
3 2637 3286 6006
3 3678 4399 6323
3 1240 1239 1343
3 1042 1046 2799
3 1249 1250 1364
3 790 791 801
3 892 893 894
3 604 602 1822
3 3685 3683 3686
3 138 139 381
3 556 535 6038
3 2831 3369 4132
3 4226 3155 4227
3 2051 2050 2052
3 2272 1975 2276
3 4068 4065 4069
3 3533 1161 5958
3 5831 2029 6218
3 2111 2570 2571
3 691 692 790
3 3068 3067 5927
3 2413 2416 6139
3 3588 3587 3984
3 2626 1041 6626
3 2493 3154 3165
3 1651 1574 3135
3 533 2786 6038
3 1471 1511 2866
3 2186 1079 5590
3 5103 5101 6714
3 3451 3447 6046
3 3541 3538 6056
3 5700 6057 6322
3 4396 4287 4397
3 2223 6013 6128
3 1386 1495 1504
3 2576 2119 2577
3 1541 1469 6053
3 1105 1065 1106
3 3682 3681 3683
3 3190 2624 3191
3 3049 2577 3050
3 965 963 6254
3 3868 3181 6811
3 4184 3246 4185
3 2321 2319 2397
3 675 676 691
3 3954 3677 6323
3 4093 4159 7018
3 3060 2926 3142
3 2005 1640 2048
3 2388 1215 6124
3 2734 2276 6123
3 5701 1573 6281
3 3020 4165 6412
3 632 629 879
3 1937 1935 2767
3 1774 1163 1775
3 3369 1409 4189
3 3810 5777 6714
3 1712 2648 6266
3 2037 1848 2039
3 3893 5904 6128
3 6049 3514 6232
3 5382 5380 6490
3 4985 4973 6245
3 1915 1916 1917
3 1030 1031 1032
3 4270 4268 4271
3 5825 3721 6104
3 835 819 6094
3 3768 3769 4318
3 3975 3569 3976
3 3936 3185 3937
3 1846 1457 3658
3 3917 5825 6104
3 2717 3090 3698
3 30 31 383
3 402 507 2565
3 2118 1997 2119
3 2436 6070 6176
3 1969 1981 6572
3 953 952 1239
3 4815 2303 6596
3 2111 2110 2569
3 2371 1916 3681
3 4250 6363 6398
3 4925 3790 6383
3 2296 1227 6150
3 5021 3477 5171
3 1274 1275 1276
3 702 700 6037
3 3977 3976 4606
3 3568 3567 3569
3 1794 1793 2110
3 2443 2377 2444
3 4800 3327 4801
3 1620 1617 2279
3 3379 4188 6392
3 509 508 510
3 1850 1186 6565
3 554 2269 6060
3 1509 1507 5995
3 2948 3589 6270
3 4973 4974 6245
3 367 4251 4605
3 2065 1942 6193
3 2260 2350 6029
3 988 990 6027
3 1298 1297 1299
3 3695 4363 6117
3 2297 2259 2639
3 3852 3061 6022
3 663 557 6060
3 2610 2715 3214
3 330 331 6220
3 2124 2257 2258
3 1442 1441 1501
3 627 624 3648
3 2573 2572 2574
3 3685 4289 4290
3 5157 5159 5160
3 3334 4690 5925
3 120 121 366
3 2500 2616 2617
3 1646 1505 1793
3 611 608 613
3 3143 6045 6424
3 2980 2971 2981
3 2780 2039 6209
3 1501 1441 2844
3 1064 1061 1065
3 3213 4380 5927
3 6199 2388 6380
3 6250 2303 6429
3 1831 2074 5974
3 2961 2962 6130
3 2196 1831 5974
3 1941 1818 2497
3 1060 1059 1061
3 2991 2904 5940
3 1387 1244 6044
3 364 86 4390
3 2091 2650 6071
3 4119 3445 6018
3 1510 984 6125
3 3164 4659 5984
3 1724 1614 2266
3 2655 2358 2657
3 1224 1223 6150
3 3215 1511 3216
3 662 666 675
3 2258 2499 2500
3 5723 5722 6371
3 3768 3001 3769
3 3863 1733 6053
3 1447 1502 6197
3 3669 3667 3671
3 3940 3938 3941
3 4244 3623 4245
3 2412 2413 6139
3 2366 2714 6025
3 2980 3588 6246
3 1337 1412 6020
3 2232 1970 2243
3 1783 1670 1784
3 2928 2639 3186
3 2037 2344 6008
3 1996 1817 1997
3 38 39 371
3 2927 3584 4681
3 4953 4952 4955
3 2085 2259 2297
3 1900 1899 1901
3 557 554 6060
3 5458 5459 6585
3 4391 4390 4392
3 1816 879 1817
3 5595 3093 6456
3 3118 2507 3119
3 4419 4421 4422
3 1714 1750 5870
3 3587 2981 4291
3 1276 1277 1278
3 3601 3602 3603
3 2325 2323 3015
3 4290 4535 5899
3 4602 3295 4603
3 3673 5901 6304
3 2240 1053 5924
3 2879 2878 3566
3 3095 2583 3527
3 1956 5864 6143
3 423 15 4193
3 1787 1785 6009
3 3807 3049 6028
3 2908 2906 6231
3 3672 3671 3780
3 2131 2133 6237
3 7292 4166 7384
3 3580 3191 5503
3 1020 1022 2305
3 2357 2266 2358
3 2329 2327 2654
3 621 619 6201
3 6013 3893 6128
3 812 6021 6325
3 1762 1866 5752
3 2371 3682 3684
3 3739 3304 5925
3 2608 2212 3772
3 2254 1306 6076
3 2400 2402 3199
3 3108 3106 3474
3 2014 2034 2346
3 3653 3110 4222
3 1179 1166 1211
3 4283 2791 5842
3 74 470 6311
3 2978 2983 4030
3 3866 2961 3867
3 2337 1387 6044
3 2211 6415 7304
3 2461 2421 5931
3 3079 3853 4134
3 5459 3814 6598
3 2866 3215 3805
3 1677 1676 1678
3 956 930 957
3 2768 4859 7385
3 2969 2971 2980
3 1278 1280 1281
3 599 597 3557
3 1099 1097 2289
3 1104 1101 1129
3 2845 2844 2878
3 6121 2972 6215
3 3370 3803 5947
3 748 751 6129
3 677 1403 1725
3 2079 2078 2730
3 2965 2967 3158
3 1381 1380 1421
3 1090 1088 2341
3 1417 1420 6399
3 2516 2345 2517
3 1679 1678 1680
3 1217 1215 2388
3 1287 4946 4947
3 1717 5419 6956
3 4322 4227 5334
3 1058 1057 1059
3 4711 7048 7484
3 3502 5811 6273
3 2265 882 6102
3 831 802 832
3 3910 3907 6207
3 4015 6506 6537
3 1095 1093 1102
3 2408 2410 2781
3 2344 2039 2345
3 5522 4045 6300
3 1148 1131 1165
3 2124 1506 2257
3 2068 1098 6818
3 1244 1245 6044
3 1999 2588 2868
3 2062 1784 3666
3 3573 3966 6372
3 2434 5463 6717
3 1281 1348 1377
3 5624 5625 6384
3 2484 6984 7215
3 1364 1250 1365
3 6004 6681 6885
3 801 791 802
3 1213 2924 6226
3 3603 3604 3605
3 1334 1229 2615
3 839 837 6073
3 2189 2593 2817
3 4981 3394 7391
3 4023 3944 4313
3 2077 2076 2078
3 2959 2961 3866
3 5864 5724 6143
3 1262 1264 1512
3 1300 1299 1339
3 4095 2730 4096
3 990 1145 6027
3 5938 3033 5939
3 4977 4979 4983
3 1573 1533 6281
3 322 323 6249
3 5971 4331 7533
3 4585 3458 4587
3 1340 1339 1445
3 1249 957 1250
3 1221 1219 1373
3 1566 1613 6313
3 3114 2518 6132
3 2574 4792 7263
3 2049 2048 2050
3 1100 1155 6818
3 790 692 791
3 1066 1116 2863
3 4096 4097 4098
3 3547 2651 6098
3 891 832 892
3 3570 6064 6307
3 3039 3842 5986
3 1676 1675 6072
3 4248 3765 4249
3 3080 2588 6210
3 2346 2477 2549
3 3602 3598 6148
3 2530 2533 2855
3 2549 2935 2936
3 4548 4546 4550
3 2972 2974 6215
3 3349 3438 6279
3 1615 1614 1724
3 3698 3699 4103
3 1124 1133 1158
3 2580 3021 3022
3 3538 3539 6056
3 1902 1901 1903
3 6762 5550 6879
3 2685 2339 6090
3 2029 2031 6218
3 1412 2810 6020
3 2416 2418 2451
3 1797 2372 6195
3 3545 2672 6016
3 1316 1862 6223
3 2906 2991 6231
3 2935 2477 2949
3 4244 4245 4720
3 3805 3806 4436
3 2007 2008 6303
3 2794 4964 6906
3 1887 1764 5416
3 1267 5919 6274
3 3312 3703 4594
3 1445 1550 1551
3 1115 1113 1130
3 1559 1689 6071
3 5373 4163 6271
3 1352 1308 1409
3 972 973 6076
3 3605 3606 3607
3 1551 1748 1749
3 1050 1051 1053
3 1256 1227 2296
3 4904 5708 7318
3 1749 2075 2076
3 1046 1049 1050
3 1933 1925 2449
3 1042 1045 1046
3 1725 1726 1745
3 3850 4011 6192
3 2216 1391 6289
3 3764 2471 3765
3 1038 1040 1043
3 3562 2265 6102
3 3729 4589 5615
3 6071 3559 6316
3 1890 1891 1892
3 1040 1041 1042
3 4542 6820 7544
3 2882 2562 2883
3 691 676 692
3 1791 1789 2010
3 4163 4161 6995
3 2506 2386 2507
3 2008 1809 6163
3 2157 3545 6123
3 23 24 6544
3 3601 3603 3634
3 1111 1109 2299
3 1582 1581 5989
3 1625 1624 1741
3 1038 1039 1040
3 847 845 6077
3 1127 1119 2298
3 2572 2570 2841
3 1356 1353 5512
3 3447 4119 6046
3 3782 4302 4351
3 4000 4002 6449
3 2742 1006 5999
3 2453 2333 2784
3 2297 2639 2928
3 2847 3252 3575
3 2639 2259 6029
3 1743 6553 6638
3 1024 1026 1237
3 6057 5700 6393
3 2936 3458 3459
3 2013 2367 3194
3 1465 3005 6122
3 1141 2310 6259
3 2617 2616 2619
3 2075 2478 6041
3 1196 2001 5993
3 5370 3952 6806
3 3269 3812 3813
3 47 48 6358
3 2074 3069 5974
3 4048 5605 6213
3 1745 1773 2087
3 6797 5261 6981
3 4317 3662 4337
3 2928 3186 3794
3 1844 4852 6948
3 3607 3608 3609
3 3660 2883 3662
3 488 113 5913
3 1268 1270 1490
3 1872 2191 6080
3 5160 5159 5161
3 4356 4357 6357
3 2423 2441 5931
3 170 411 7276
3 2033 3903 3904
3 2500 2499 2616
3 4515 4516 4518
3 3636 3791 5185
3 1036 1037 1038
3 3036 2182 6303
3 2261 5332 7156
3 3119 2507 3245
3 4191 3941 4687
3 3609 3610 3619
3 1056 1055 1057
3 3246 3245 4371
3 1160 1173 1685
3 3560 5376 7125
3 2974 2978 6215
3 3282 4573 6175
3 2832 988 6027
3 470 4547 6311
3 3307 3985 6204
3 2980 2981 3587
3 2595 6031 6339
3 1158 1159 1160
3 1206 1260 5997
3 5772 6049 6232
3 910 5529 6846
3 4201 4200 4202
3 2746 1065 6170
3 2286 2690 6098
3 643 641 2304
3 2258 2257 2499
3 2061 1990 6026
3 1294 5985 6254
3 3595 3646 6148
3 3557 597 6190
3 4402 7329 7380
3 3528 3527 4273
3 4218 3741 6087
3 1347 1642 6083
3 5463 5586 6524
3 3528 5114 6932
3 2313 2241 6119
3 2879 3566 3567
3 5995 3561 6306
3 1769 2003 6277
3 502 13 5897
3 1923 1921 2143
3 3681 6250 6429
3 3527 2583 6193
3 122 123 489
3 5398 4138 7504
3 3688 3741 3829
3 1602 1509 5995
3 4549 4551 4552
3 1987 5730 6026
3 845 2816 6077
3 3589 4849 6718
3 4678 2298 7312
3 3847 6402 6520
3 1034 1035 1036
3 1469 5934 6053
3 811 888 1732
3 24 25 399
3 1008 1558 5999
3 2845 2878 2879
3 4069 4373 4509
3 1053 1051 5924
3 3572 696 6133
3 3668 3667 3669
3 3597 3598 3599
3 3826 3827 3828
3 4531 7032 7107
3 4267 4268 4269
3 5811 5963 6273
3 3853 3854 4699
3 3672 4300 6418
3 6062 850 6310
3 1054 1053 1055
3 2818 3131 3132
3 4082 2521 4292
3 1730 1944 2013
3 675 666 676
3 2648 4117 4439
3 1768 1656 6115
3 1558 5344 7094
3 864 847 6077
3 2033 1770 3903
3 3942 3941 4191
3 2883 2562 5486
3 2785 6234 6304
3 1733 1541 6053
3 1785 1784 2062
3 2420 2461 2948
3 1915 1913 1916
3 3093 1577 6507
3 1689 2091 6071
3 2251 702 6037
3 1278 1281 1466
3 4267 4265 4268
3 3197 3779 4008
3 3522 1211 3523
3 6081 1347 6083
3 3061 3244 6022
3 2948 2461 3025
3 1501 2844 2845
3 1922 1924 6679
3 3605 3607 3645
3 3890 3964 3965
3 5963 2896 6273
3 2035 1811 6729
3 1494 1575 6205
3 2031 2085 6218
3 1450 839 6073
3 2655 2657 3203
3 4058 3541 6056
3 1123 4877 7342
3 8 9 6078
3 3907 3906 6207
3 3225 3919 3920
3 2440 2812 6267
3 3033 2481 3034
3 662 646 666
3 4547 4548 4549
3 5455 2820 6978
3 3079 3080 3853
3 3459 4585 4586
3 2690 3157 6098
3 837 2792 6073
3 1490 1270 3591
3 3570 2738 6064
3 3503 3502 6229
3 4515 4514 4516
3 1360 1358 1515
3 1837 1835 2303
3 470 4546 4547
3 1471 1433 1511
3 2492 2320 6905
3 815 1712 6266
3 5192 3922 6916
3 1032 1033 1034
3 3524 3523 4080
3 4112 4080 4610
3 365 115 5823
3 6326 4166 7292
3 1306 972 6076
3 2276 1975 6123
3 3751 3750 6296
3 2532 2529 7347
3 2640 5535 6185
3 2062 3668 6009
3 6733 5008 6886
3 2357 2358 2655
3 1999 2474 2588
3 4322 5334 7331
3 4661 6572 7413
3 5052 5050 6096
3 700 781 6037
3 1034 1036 2308
3 2571 2570 2572
3 4228 3563 6085
3 5840 971 6152
3 22 23 500
3 248 249 6463
3 3508 6142 6256
3 3913 3910 4326
3 3592 3593 3594
3 1429 1428 6374
3 3938 3937 6017
3 1338 6020 6289
3 3504 3025 3844
3 4581 3030 6396
3 5045 5043 6103
3 4008 4067 4261
3 4188 5756 6285
3 1159 5294 5788
3 3887 4156 7016
3 2879 3568 6173
3 3564 3562 6225
3 1039 1047 6626
3 1475 1472 5522
3 963 1294 6254
3 3648 624 6201
3 3594 3595 3597
3 1724 2266 2357
3 3119 3245 3246
3 1274 1276 2275
3 5760 4009 6533
3 5937 5938 6576
3 1645 1505 1646
3 4178 3451 6046
3 3609 3619 3825
3 3575 4255 4437
3 6020 3981 6289
3 656 653 5776
3 1490 3591 3592
3 1442 1501 5908
3 2948 3025 3504
3 2792 835 6094
3 2145 649 5800
3 2193 5772 6232
3 3592 3591 3593
3 2767 5426 7403
3 2788 2765 6100
3 3504 3844 4183
3 4502 3808 6248
3 4678 1165 7160
3 2568 2126 5775
3 2831 1409 3369
3 3729 5615 6226
3 2652 2232 6144
3 2945 4230 6417
3 1732 1867 2306
3 3701 3756 4601
3 1203 1199 6108
3 3134 3283 6811
3 5850 1495 6205
3 3050 3558 6028
3 4312 3798 6585
3 2829 2376 6290
3 3599 3598 3601
3 3594 3593 3595
3 1773 1998 1999
3 4518 4516 4519
3 3269 2087 3812
3 4179 6003 6272
3 6426 6186 6576
3 3672 3780 4299
3 3192 2986 3469
3 3669 3671 3672
3 683 680 6312
3 2986 2607 6314
3 2802 2511 6109
3 3719 3860 6260
3 1422 1421 1543
3 3797 4046 7117
3 1504 1495 1505
3 4656 4655 6539
3 2743 2368 6413
3 2651 2286 6098
3 2758 5721 6295
3 3701 2988 3755
3 1179 3522 6124
3 3539 3537 6435
3 3597 3595 3598
3 3229 2577 6157
3 2306 2636 2736
3 1904 1903 1909
3 3725 3356 6106
3 6114 1563 6313
3 1245 6799 6967
3 73 74 6311
3 677 671 1403
3 1366 1451 6233
3 849 938 6310
3 1632 1603 6268
3 2062 3666 3667
3 6499 4158 6710
3 667 660 3873
3 1866 2040 2041
3 1756 2036 6212
3 3685 3686 4289
3 2930 3654 6470
3 572 570 6133
3 4560 4558 4561
3 2193 6232 6301
3 4345 3797 7028
3 4000 6449 6482
3 3049 3050 6028
3 2889 3956 6134
3 2868 2588 3079
3 80 81 393
3 868 863 6395
3 6003 3737 6272
3 2606 2986 3192
3 6225 868 6395
3 4132 3369 4277
3 3682 3683 3685
3 3457 5398 7504
3 4116 5850 6700
3 3569 4774 6704
3 2965 3158 6130
3 3919 4530 4531
3 2014 1609 2034
3 5031 3385 7421
3 4554 4552 4593
3 5461 5397 6911
3 1725 1403 1726
3 5284 5293 6829
3 5684 3983 6632
3 6425 2711 6515
3 3789 6783 7132
3 1391 1338 6289
3 5587 3519 6297
3 3029 3718 6396
3 5050 5057 6096
3 5967 665 6159
3 4050 4048 6213
3 2322 2768 6905
3 3825 3826 4330
3 4013 3508 6256
3 5674 4279 6884
3 5750 6313 6385
3 5149 5151 6120
3 3823 3113 6107
3 4785 876 7247
3 1251 3282 6175
3 4032 6567 6604
3 3239 2845 6173
3 1160 1172 1173
3 336 337 6741
3 3756 3755 6164
3 930 1251 6175
3 114 365 5913
3 3965 4073 4074
3 2740 879 6202
3 1614 1582 5989
3 4290 4289 4535
3 5986 3842 6925
3 5882 5915 6234
3 2013 2366 2367
3 3353 3494 4620
3 1533 1535 6281
3 2756 2538 6134
3 432 5334 7134
3 1917 1916 2371
3 3113 3112 6107
3 449 145 5746
3 3225 3226 3919
3 14 423 5897
3 1379 1342 6118
3 3155 2516 6095
3 1141 1144 2310
3 1188 5450 6565
3 4015 3673 6506
3 2371 3681 3682
3 419 59 6504
3 1537 1571 6353
3 1646 1793 1794
3 2462 6639 6679
3 616 614 6152
3 1745 1726 1773
3 2750 5238 6933
3 4614 4963 6275
3 3817 4778 6376
3 2785 5882 6234
3 3195 3196 3197
3 117 118 441
3 1248 1385 1386
3 451 6712 7358
3 6616 4224 6839
3 489 123 4674
3 2057 2457 2458
3 1173 1247 1248
3 1344 1343 6066
3 1030 1032 1150
3 2552 3159 3415
3 568 565 6180
3 2816 843 6315
3 2866 1511 3215
3 680 678 6312
3 5743 4001 6904
3 2006 1768 6115
3 2055 2056 2057
3 3197 3777 3779
3 2416 2451 6139
3 1332 1408 6308
3 5845 5924 7105
3 3775 4798 6556
3 1386 1494 1495
3 1642 1976 6083
3 1270 1271 6253
3 3353 4620 6267
3 3966 6062 6310
3 4982 4969 6329
3 3112 3712 6107
3 2383 2093 2384
3 5804 4700 6330
3 587 585 6159
3 3820 3217 3821
3 2882 3660 3661
3 53 54 390
3 1643 3656 3657
3 4463 3720 6614
3 841 1450 6315
3 4001 4000 6482
3 4762 462 7392
3 2119 2450 6157
3 5306 325 7014
3 2981 2971 6121
3 1271 1274 6253
3 1061 1126 6170
3 2450 1997 6203
3 470 4545 4546
3 1656 5794 6115
3 3078 2685 6090
3 3689 5747 6542
3 2055 2057 2641
3 5431 5308 6332
3 6456 3093 6507
3 151 152 6407
3 1551 5805 6230
3 2181 2592 2987
3 54 55 6153
3 2142 4720 7435
3 2820 5955 6513
3 5841 6152 6404
3 3192 3469 4319
3 2386 2384 3166
3 1892 1893 1894
3 811 792 888
3 4671 7009 7113
3 3283 3133 7086
3 2564 2076 6041
3 6414 3165 6866
3 2607 2776 6314
3 1958 2172 6575
3 4447 4446 7190
3 6031 5596 6339
3 55 56 491
3 1794 2110 2111
3 1597 1446 6151
3 4138 3372 5556
3 3180 3576 3843
3 697 683 3706
3 2896 3752 6273
3 2347 5546 7051
3 5915 3521 6234
3 3805 3215 3806
3 2648 4439 6266
3 3825 3619 3826
3 2776 3180 6314
3 2715 2717 6309
3 3743 4166 6326
3 2478 2985 6161
3 1028 1030 6251
3 4603 5198 7461
3 2191 2823 6080
3 5706 5743 6904
3 2169 2490 6394
3 1596 1628 6382
3 2721 2720 6444
3 3001 2617 6112
3 4484 4481 6145
3 4388 4387 4389
3 125 126 405
3 5789 1403 6288
3 1862 2927 6223
3 3196 2367 6025
3 364 4390 4391
3 2712 2710 6142
3 3551 3547 6264
3 6072 1872 6080
3 4270 4271 4623
3 82 458 5517
3 606 604 6171
3 823 814 6325
3 5556 3372 6290
3 2076 2075 6041
3 2301 5260 6713
3 3194 2367 3195
3 2592 2591 3014
3 2053 2054 2055
3 2755 2754 3043
3 2385 2384 2386
3 4399 4814 7131
3 2867 6426 6576
3 3075 4992 7357
3 1076 1074 6156
3 4643 1478 7547
3 4409 2989 6753
3 1553 703 6568
3 2365 2504 6375
3 365 5823 5824
3 583 580 6211
3 1732 888 1867
3 2111 2569 2570
3 156 157 497
3 2346 2034 2477
3 4252 4061 7059
3 3118 3119 6165
3 4076 4077 6633
3 4712 2255 7216
3 4292 6154 7477
3 2043 2891 2892
3 2936 2935 3458
3 570 2280 6133
3 2549 2477 2935
3 6220 331 6489
3 1818 1721 6178
3 1166 1156 6182
3 1563 1566 6313
3 2181 2180 2591
3 2560 2562 2882
3 3753 3727 3754
3 4326 3910 6207
3 3847 3969 6402
3 4008 3779 4067
3 3005 3846 6122
3 3393 3767 6555
3 1911 1908 2180
3 608 606 6172
3 3298 5266 6962
3 4549 4548 4551
3 3109 3110 3111
3 3459 3458 4585
3 1785 2062 6009
3 85 364 5996
3 5289 5285 6829
3 2987 2988 3700
3 2043 2665 2891
3 4625 3417 6144
3 1145 1242 6149
3 1502 2610 6197
3 1105 1121 6257
3 1207 5029 7458
3 2736 2636 3225
3 3610 3612 6135
3 3941 3938 6017
3 696 572 6133
3 3737 4233 6272
3 3522 3524 6235
3 5583 2271 6813
3 3500 4405 4407
3 4123 3719 6260
3 3279 3118 6165
3 4689 2036 7200
3 3200 6591 6702
3 5056 5052 6096
3 368 77 5990
3 1617 1615 6162
3 2306 1867 2636
3 2765 3716 6100
3 6337 1737 6360
3 814 812 6325
3 2280 568 6180
3 4078 5079 6761
3 5766 5713 7420
3 2182 2007 6303
3 4851 1468 7428
3 5766 1621 7313
3 3966 6282 6372
3 2900 6424 6442
3 2656 2655 6217
3 850 849 6310
3 3356 4539 6106
3 3380 5272 6731
3 5390 4300 7371
3 1156 1148 6184
3 2213 5881 6322
3 843 841 6315
3 2051 2052 2053
3 2516 2517 6095
3 3508 2712 6142
3 5049 5045 6103
3 2538 2889 6134
3 1817 2740 6203
3 4500 4050 6213
3 1976 3130 6083
3 3694 3693 6355
3 3677 3678 6323
3 3867 2961 6130
3 1481 1559 6316
3 877 823 3102
3 5164 5149 6120
3 4166 5757 7384
3 4547 4546 4548
3 2926 2545 6169
3 2978 4030 6215
3 3295 2788 6100
3 4478 5480 6788
3 4261 4067 4262
3 931 908 937
3 381 139 6305
3 2891 3003 3500
3 6236 1237 7499
3 4074 4075 4076
3 1574 1203 6108
3 4214 4211 4360
3 6200 2341 6416
3 4269 4268 4270
3 2823 3650 6080
3 3692 3582 6447
3 3880 4413 6532
3 1765 1995 6131
3 629 627 6202
3 6730 4252 7059
3 6450 4804 6562
3 3500 3526 4405
3 3185 3060 6168
3 4125 4126 6982
3 3417 2652 6144
3 4961 2397 6661
3 6399 4031 6503
3 1638 512 6777
3 6207 3906 6208
3 3655 666 6255
3 5082 95 6854
3 938 940 6282
3 124 125 6294
3 2323 2321 6189
3 2511 2795 6109
3 1219 1217 6199
3 3838 3837 4316
3 1152 1163 1774
3 4478 3725 6106
3 492 5008 6733
3 3327 2802 6109
3 6709 2801 6763
3 1794 5667 6287
3 1199 5578 6108
3 1242 1453 6149
3 2710 3388 6142
3 2327 2325 6188
3 1343 3265 6066
3 17 18 398
3 1737 5562 6360
3 2367 2366 6025
3 1742 1741 1812
3 585 2843 6159
3 5901 2785 6304
3 971 616 6152
3 1097 1095 6194
3 2085 2297 6218
3 4974 4977 6245
3 460 214 6483
3 4097 2730 6238
3 3583 6187 6343
3 5655 409 6566
3 1557 1737 6337
3 1093 1090 6200
3 3021 3312 6214
3 5043 5061 6103
3 565 6048 6180
3 2133 2189 6237
3 4167 3570 6307
3 1101 1099 6206
3 1544 6186 6426
3 2474 2847 6210
3 1829 2018 6137
3 5897 423 6534
3 1978 2046 6160
3 4364 4199 4365
3 4187 4022 7175
3 2046 2381 6160
3 1670 1620 6191
3 3130 1978 6160
3 5151 5155 6120
3 1109 1104 6222
3 3619 3610 6135
3 504 4431 6979
3 1758 1756 6212
3 2049 2050 2051
3 1446 1445 6230
3 3339 6767 7205
3 1774 1775 2043
3 6002 2193 6301
3 3701 3755 3756
3 2266 1614 5989
3 1119 1115 6219
3 4799 2311 6400
3 1065 1061 6170
3 2533 2580 6224
3 4469 7451 7485
3 4343 2990 6328
3 4115 6389 6440
3 3999 3998 6438
3 4646 4990 7436
3 2843 583 6211
3 4227 3155 6095
3 2617 2619 6112
3 4176 3754 4632
3 4950 4959 6968
3 3658 1457 6177
3 2577 2119 6157
3 3496 3888 4309
3 1308 1256 6221
3 3343 5239 7506
3 3111 3110 3653
3 1441 1379 6118
3 4941 610 7237
3 5881 3492 6322
3 269 270 6561
3 2800 888 6324
3 1457 1365 6177
3 2241 2579 6119
3 1781 1680 6181
3 3944 3942 6196
3 4947 4948 4949
3 1615 1724 6162
3 5334 432 7331
3 665 587 6159
3 3686 3688 6228
3 4317 4337 4338
3 1559 6071 6316
3 3650 3649 6198
3 2373 2530 6247
3 1747 2272 6181
3 3525 1211 6182
3 4427 5813 6451
3 247 248 6560
3 1113 1111 6227
3 1495 1494 6205
3 1848 1846 6209
3 862 5451 6395
3 3455 5574 7474
3 6067 2815 6389
3 2848 1297 6156
3 1414 6023 6177
3 1513 1413 6541
3 393 5517 6808
3 3265 3764 4219
3 3646 3593 6455
3 1343 2471 3265
3 4481 4482 6145
3 936 934 6398
3 2985 3532 6161
3 4763 928 7248
3 1550 1339 6258
3 2882 2883 3660
3 6271 4163 6852
3 158 159 420
3 3660 3662 4317
3 7418 6150 7419
3 604 1822 6171
3 2292 2294 6537
3 3764 3765 4248
3 1954 1955 6575
3 4144 4361 6514
3 2019 4755 6634
3 4265 4266 6535
3 1413 1250 6422
3 6027 1145 6149
3 5426 2449 7500
3 1910 1911 2347
3 707 959 6630
3 83 84 6481
3 5954 2514 6346
3 699 701 6341
3 1894 1895 1896
3 2078 2564 6238
3 1963 5573 6641
3 4196 4195 4198
3 2172 1960 6641
3 3835 4393 6451
3 4032 3717 6567
3 5055 5059 6682
3 1770 1632 6268
3 2339 1758 6212
3 3135 1574 6108
3 5775 5538 7111
3 2256 5139 7310
3 6408 3518 6438
3 957 930 6175
3 4769 4767 7219
3 3277 4498 7477
3 154 155 392
3 1789 1787 6240
3 892 5853 6367
3 510 3424 6777
3 2557 2556 7536
3 2018 2554 6137
3 6233 1564 6333
3 4002 6143 6449
3 2005 2048 2049
3 6442 3898 6515
3 1722 1597 6151
3 2049 2051 2515
3 5332 7062 7156
3 4830 4831 6419
3 1925 1923 6244
3 1297 1076 6156
3 4487 4484 6145
3 3769 3001 6112
3 3854 3080 6472
3 4600 3279 6165
3 6257 5477 6448
3 580 5906 6211
3 1913 1837 6250
3 3623 3599 6179
3 3649 3901 6198
3 40 490 6019
3 3598 3595 6148
3 4454 4455 6361
3 3715 3499 6349
3 1365 1414 6177
3 6143 5724 6449
3 2232 2243 6144
3 4788 4789 6540
3 128 464 6945
3 5517 458 5518
3 7000 5281 7046
3 879 629 6202
3 1680 1747 6181
3 4460 414 6652
3 5590 1296 7195
3 1890 1892 2890
3 2243 1970 6287
3 1274 2275 6253
3 406 6311 6428
3 4801 3327 6109
3 2588 2474 6210
3 2493 3165 6414
3 3942 4191 6196
3 2759 5770 6343
3 3952 3953 7029
3 3989 3990 7100
3 2187 4773 6722
3 6387 4013 6483
3 7018 4159 7359
3 4368 4367 7135
3 4742 4741 6871
3 5396 5395 6882
3 1721 1722 6178
3 4949 4950 4951
3 2845 2879 6173
3 2041 2309 2370
3 5736 4116 6873
3 3226 2636 6302
3 613 608 6172
3 227 228 6340
3 3706 683 6312
3 4603 3295 6100
3 6312 5941 6499
3 4446 4146 6514
3 5015 4598 6493
3 2717 3698 6309
3 4573 4572 6334
3 4355 3149 7053
3 2638 1080 6897
3 1997 1817 6203
3 5935 4696 6333
3 5264 6257 6448
3 1253 1255 6242
3 5817 2595 6339
3 627 3648 6202
3 646 643 6255
3 4678 4128 7118
3 1255 6084 6242
3 2514 5921 6346
3 5694 403 6581
3 2844 1441 6118
3 6037 7362 7495
3 2967 2969 6246
3 4706 2492 6758
3 5633 3540 6348
3 5623 1906 6391
3 4194 4196 4197
3 1970 1646 6287
3 20 21 431
3 2928 3795 6465
3 5146 5145 6834
3 4189 1409 6221
3 4287 4285 6378
3 3700 2988 3701
3 1453 1253 6242
3 1299 2848 6258
3 2039 1848 6209
3 3990 3501 6351
3 1535 1537 6353
3 1554 1416 6503
3 5355 5353 6949
3 1050 1054 6265
3 3214 2715 6309
3 1022 1024 6236
3 3790 3789 6383
3 6041 2478 6161
3 1907 1908 1910
3 6322 3492 6359
3 48 501 6358
3 6281 1535 6353
3 4745 2177 7273
3 2927 4681 6223
3 6090 2339 6212
3 2457 2818 6243
3 5600 5601 6720
3 1846 3658 6209
3 4687 3941 6017
3 78 486 5990
3 4293 4216 7366
3 6151 1446 6230
3 3027 2726 6466
3 2058 1939 6335
3 5830 446 6573
3 6852 4163 6995
3 5107 3456 7230
3 1358 1356 6276
3 4590 5987 7527
3 5072 6453 7235
3 6289 3981 6510
3 2497 1818 6178
3 4595 3700 6183
3 3498 5600 6720
3 3601 3634 6179
3 3536 5954 6346
3 306 5684 6632
3 2279 1617 6162
3 4964 2170 7438
3 4289 3686 6228
3 1772 1765 6131
3 4912 4910 6978
3 3612 3616 6135
3 3831 4611 6370
3 6423 5784 6589
3 477 5627 6677
3 5293 6156 6745
3 5344 4004 7094
3 4005 3003 7097
3 4245 3623 6179
3 1211 1166 6182
3 2610 3214 6197
3 2321 2397 6189
3 2181 2591 2592
3 1914 1915 6672
3 3217 2736 6283
3 6478 4872 6694
3 3599 3601 6179
3 1995 2472 6131
3 3014 3837 3838
3 4951 4952 4953
3 1575 1730 6263
3 4060 4059 7234
3 1148 1165 6184
3 3537 3150 6409
3 4122 5475 6586
3 3858 5336 6461
3 3636 5006 6689
3 2799 1046 6265
3 3265 2471 3764
3 891 892 6367
3 3060 3142 6168
3 5889 5784 6423
3 3142 2926 6169
3 159 160 6239
3 5106 487 7333
3 4359 5743 6615
3 3681 1916 6250
3 5749 5750 6385
3 5867 5931 6331
3 1445 1551 6230
3 135 136 444
3 1042 2799 6286
3 2987 2592 2988
3 3109 3108 3110
3 2545 5560 6169
3 3034 3726 3727
3 403 305 6632
3 2004 1640 2005
3 6235 4272 6380
3 1776 4913 6934
3 1243 951 7417
3 1620 2279 6191
3 155 156 6529
3 1343 1239 2471
3 3937 3185 6168
3 2655 3203 6217
3 6435 2663 6478
3 2730 2078 6238
3 5876 6067 6389
3 3971 5388 6882
3 5157 5160 6345
3 3015 2323 6189
3 5950 744 6476
3 449 5746 6241
3 1217 2388 6199
3 3034 2481 3726
3 3591 1270 6253
3 4188 6285 7283
3 5422 3728 6825
3 2654 2327 6188
3 2325 3015 6188
3 2579 2058 6335
3 1095 1102 6194
3 3838 4316 4323
3 2289 1097 6194
3 4709 3218 6767
3 3666 1784 6191
3 2756 6134 6379
3 2004 2005 2481
3 1784 1670 6191
3 1099 2289 6206
3 1639 1640 2004
3 2969 2980 6246
3 993 989 6421
3 4198 4236 4242
3 154 392 4375
3 1380 1344 6066
3 4696 6233 6333
3 1129 1101 6206
3 3225 3920 6283
3 3685 4290 6293
3 5549 431 6601
3 1373 1219 6199
3 1102 1093 6200
3 3107 3108 3109
3 371 39 6019
3 5805 3183 6678
3 6445 2273 6614
3 606 6171 6172
3 1260 1262 6278
3 120 366 6063
3 744 742 6476
3 5636 5236 6344
3 1104 1129 6222
3 2458 2457 6243
3 4414 3724 7256
3 3158 2967 6246
3 4207 4206 4208
3 3022 3021 6214
3 1787 6009 6240
3 5025 405 7268
3 4480 4483 7212
3 1867 2800 6302
3 1090 2341 6200
3 4394 3836 6748
3 1911 2180 2181
3 215 216 6387
3 6403 2428 6645
3 3180 3843 6314
3 6703 5092 7370
3 2350 2400 6350
3 2580 3022 6224
3 3312 4594 6214
3 5192 5191 6827
3 3145 3457 6587
3 1543 1545 1639
3 7384 5757 7439
3 5134 5139 7162
3 3733 3731 6373
3 2839 3116 6436
3 1339 1299 6258
3 5371 2472 6593
3 2855 2533 6224
3 3578 3898 6442
3 10 11 429
3 3492 5871 6359
3 7325 4326 7370
3 1609 1475 6300
3 3102 823 6325
3 3706 6312 6499
3 1409 1308 6221
3 2847 3575 6210
3 4977 4983 6245
3 1115 1130 6219
3 1256 2296 6221
3 6339 5595 6456
3 1639 1545 1640
3 4589 4590 7527
3 4313 3944 6196
3 1030 1150 6251
3 4134 3853 6280
3 2305 1022 6236
3 6282 2238 6372
3 1438 1459 6604
3 3308 3949 7514
3 2189 2817 6237
3 2298 1119 6219
3 1813 1812 2210
3 671 667 6288
3 1506 1429 6374
3 3501 2756 6379
3 4534 4533 6522
3 2400 3199 6350
3 2231 673 6771
3 4953 4955 4956
3 2299 1109 6222
3 2418 2420 6270
3 2470 4941 7164
3 1262 1512 6278
3 4217 3571 4333
3 1130 1113 6227
3 3495 3354 7404
3 5690 2044 7149
3 6291 417 6570
3 80 393 6509
3 4910 3732 6978
3 2487 2752 2753
3 5334 4227 6377
3 5853 5768 6367
3 160 161 6317
3 5748 6385 6423
3 6433 5176 7430
3 1111 2299 6227
3 3793 4047 6787
3 2530 2855 6247
3 3767 5824 6494
3 3692 6447 6533
3 3160 4015 6595
3 3688 3829 6228
3 1999 2868 6284
3 4194 4193 4195
3 1408 1643 6308
3 1905 1906 1907
3 6448 2741 6552
3 3840 3841 6890
3 5068 3627 6724
3 2449 1925 6244
3 5491 1683 6867
3 4949 4951 4958
3 2010 1789 6240
3 863 862 6395
3 5516 5245 7320
3 1024 1237 6236
3 6301 3518 6408
3 5524 5525 6748
3 6029 2350 6350
3 4020 4325 7476
3 5339 3386 7057
3 1382 5036 7346
3 3684 3682 6293
3 924 891 6367
3 4610 2144 7317
3 1046 1050 6265
3 4303 6580 6683
3 270 271 6693
3 5387 4609 7412
3 215 6387 6483
3 6022 3244 6401
3 2187 1602 6306
3 3126 3043 3205
3 2451 2418 6270
3 643 2304 6255
3 2746 6170 6893
3 876 4785 7344
3 525 4676 7382
3 2211 2210 6414
3 2140 4922 7279
3 1910 1908 1911
3 3227 6176 6699
3 3812 2087 6284
3 2227 2662 6947
3 2002 2006 6446
3 4295 3379 6392
3 4953 4956 4957
3 6182 1156 6184
3 4722 4723 7539
3 5483 5561 6720
3 3903 1770 6268
3 2087 1773 6284
3 2013 3194 6263
3 666 646 6255
3 6480 4697 7180
3 2558 2560 6299
3 2257 1506 6374
3 1923 2143 6244
3 3727 3726 3728
3 2504 2955 6375
3 3165 3154 3571
3 6698 1486 6810
3 1043 1040 6286
3 5022 5127 7403
3 1499 1607 6485
3 5529 6915 7035
3 4449 4447 6629
3 5155 5157 6345
3 6045 5342 6583
3 5959 3665 6573
3 1543 1421 1545
3 2736 3225 6283
3 3701 4601 6183
3 5849 6606 6822
3 1628 1888 6382
3 5700 6322 6359
3 726 760 6579
3 4012 3928 6612
3 3844 4598 6397
3 2433 2859 6405
3 2862 2190 7220
3 1916 1913 6250
3 3358 3361 6527
3 5997 1260 6278
3 2107 2230 6582
3 4028 6029 6350
3 4173 3128 6772
3 611 613 6404
3 2955 2956 6559
3 5409 5410 6439
3 3030 3029 6396
3 5529 4053 6846
3 6552 5400 6698
3 2420 2948 6270
3 1040 1042 6286
3 2554 2555 6609
3 657 656 6605
3 3853 4699 6280
3 3314 5815 6384
3 3965 4074 4078
3 5699 4018 6393
3 6530 5460 6543
3 633 5386 6647
3 7128 2799 7299
3 4029 6707 6779
3 1837 2303 6250
3 161 162 443
3 2665 2666 7097
3 3930 4622 6612
3 4062 3722 7520
3 1919 1917 6492
3 3772 2212 6473
3 3634 3603 6298
3 3738 3572 6719
3 1057 6477 6603
3 3892 4870 7078
3 5104 5261 7455
3 3923 4456 6918
3 3605 3645 6298
3 6507 1577 6567
3 546 548 6974
3 1716 1715 7293
3 4609 4336 6795
3 4889 4892 6441
3 1896 1897 1898
3 1420 1481 6399
3 5331 5330 7073
3 3765 2471 6363
3 444 136 4387
3 4138 5556 7504
3 1515 1358 6276
3 3991 3989 6952
3 1356 5512 6276
3 1894 1896 1932
3 2608 3772 6336
3 5742 6118 6445
3 5787 1581 6523
3 4505 3799 6760
3 6343 5770 6447
3 1730 2013 6263
3 7100 3990 7178
3 2818 3132 6243
3 1329 2273 6445
3 6175 4573 6422
3 4280 3062 6674
3 1481 6316 6399
3 6205 1575 6263
3 4095 5418 7367
3 5529 910 6915
3 5884 6823 7218
3 2490 3068 6394
3 5105 4077 6452
3 1278 1466 6319
3 4204 4205 4206
3 2249 730 6588
3 6286 2799 7128
3 4840 3883 6911
3 670 1884 6681
3 3465 6393 6501
3 5649 2801 6709
3 3469 2986 6342
3 1822 602 6437
3 4046 5582 7193
3 1907 1906 1908
3 3105 3106 3107
3 4268 4265 6535
3 1403 671 6288
3 2370 2552 6320
3 7329 4994 7380
3 380 47 6358
3 4054 5479 6846
3 5105 3188 6633
3 987 985 7448
3 6152 614 6404
3 3700 3701 6183
3 3898 3899 6425
3 6193 1943 6369
3 1602 5995 6306
3 2368 2394 6413
3 4197 4199 4200
3 635 633 6647
3 6891 4307 7528
3 4397 4287 6378
3 792 697 6324
3 1773 1999 6284
3 1624 1547 6426
3 4566 5105 6452
3 755 734 6607
3 3494 3496 6388
3 2136 2144 7220
3 509 1578 6347
3 3603 3605 6298
3 5976 4369 6735
3 4681 3584 6427
3 1646 1794 6287
3 3821 3217 6283
3 667 3873 6288
3 3107 3106 3108
3 4029 4028 6769
3 3242 5233 6663
3 5144 3338 6965
3 6498 4422 6692
3 732 2249 6607
3 3481 6007 6528
3 4342 3968 6850
3 5122 5123 7225
3 4685 2950 7426
3 3969 6022 6401
3 4512 4254 7159
3 3926 4012 6670
3 3210 3314 6649
3 507 509 6347
3 2901 3143 6424
3 6351 3501 6379
3 3682 3685 6293
3 3077 4084 7065
3 4802 2238 7296
3 140 141 6676
3 5671 5858 7061
3 6325 6021 6536
3 6533 4009 6591
3 614 611 6404
3 1225 1226 7490
3 1082 1333 6897
3 5944 3558 6454
3 6784 4078 6872
3 5831 6218 6465
3 3643 3642 6778
3 134 135 6496
3 1276 1278 6319
3 4781 3132 7482
3 4872 5268 6694
3 2093 1887 6327
3 4571 5944 6454
3 3465 6057 6393
3 5478 5876 6389
3 599 3557 6437
3 2275 1276 6319
3 2331 2329 6539
3 2034 1609 6300
3 550 1815 7068
3 2063 6638 6762
3 2441 2606 6331
3 6520 885 7228
3 2930 2931 3105
3 4112 7317 7374
3 6120 5155 6345
3 2224 2221 6697
3 1547 1544 6426
3 3968 5945 6460
3 3972 4341 6936
3 3150 3863 6409
3 4762 3756 7525
3 957 6175 6422
3 2636 1867 6302
3 6121 4243 7488
3 4136 3745 6480
3 1475 5522 6300
3 4976 5417 6416
3 6053 5934 6417
3 6187 2759 6343
3 442 28 6569
3 1126 1059 6603
3 426 4635 7246
3 5859 6716 7161
3 4194 4195 4196
3 116 117 6467
3 528 526 6725
3 1741 1624 2867
3 3200 5983 6591
3 355 356 7398
3 5362 5359 6957
3 2832 6740 6768
3 6010 5893 6440
3 3002 3768 6660
3 6299 4752 6609
3 4637 4214 7441
3 6393 4018 6501
3 5451 4088 6659
3 466 241 6743
3 1034 2308 6354
3 2371 3684 6492
3 2606 3192 6331
3 444 4387 4388
3 5463 6524 6717
3 5252 5255 7320
3 5282 867 7383
3 57 58 6887
3 6295 5721 6595
3 3154 2608 3323
3 3863 6053 6417
3 6063 4485 6547
3 4772 4713 6545
3 7234 4252 7243
3 432 333 7331
3 5998 5583 6715
3 5334 6377 7134
3 4333 3571 4459
3 1512 1264 6459
3 6400 4734 6686
3 4183 3844 6397
3 1056 1688 6895
3 6146 383 7355
3 3204 2837 6488
3 3244 4087 6401
3 158 420 4662
3 2930 2370 2931
3 3771 6076 6624
3 5504 2564 6433
3 2882 3661 6299
3 326 433 7014
3 4068 7385 7423
3 5745 5550 6762
3 2092 2382 7365
3 3984 3587 6486
3 5748 6423 6589
3 4295 7307 7343
3 4558 4556 6403
3 975 5449 6939
3 5140 5135 7162
3 3105 2931 3106
3 4661 3664 6793
3 4561 4558 6403
3 1604 5198 6883
3 888 792 6324
3 4576 6264 6610
3 5931 2441 6331
3 5197 3657 6688
3 1144 1152 6338
3 742 1683 6476
3 5884 2659 7150
3 3664 3460 6793
3 5581 2830 6815
3 2863 1116 6474
3 393 6808 7457
3 2493 2608 3154
3 3848 3019 6780
3 1905 1904 1906
3 4684 3651 6756
3 4620 3494 6388
3 214 215 6483
3 2713 2900 6515
3 4016 2686 7065
3 4197 4196 4199
3 6118 1342 6445
3 1643 3657 6308
3 6938 4920 7136
3 3755 2988 6364
3 5225 6660 7054
3 1468 5015 6493
3 3539 6478 6694
3 1613 5889 6423
3 3378 2953 6617
3 1722 6151 7511
3 2201 2202 6819
3 2835 6034 7007
3 697 3706 6324
3 1124 1158 6474
3 3609 3825 6464
3 3669 3672 6418
3 285 480 6814
3 4694 5845 6994
3 5817 6339 6456
3 413 284 6814
3 1044 1029 7435
3 3386 2634 7057
3 6424 3982 6442
3 1904 1909 6391
3 3206 6880 6926
3 1887 5416 6327
3 5019 5426 7500
3 1444 5908 6523
3 4116 6700 6873
3 4682 480 7061
3 6440 5893 6642
3 3723 3280 6727
3 2954 3875 6617
3 3166 2384 6327
3 5652 6002 6408
3 5262 2431 6619
3 4464 4465 6657
3 821 3465 6501
3 3126 4043 4331
3 2359 5774 6736
3 2493 2212 2608
3 3539 6435 6478
3 5630 974 7217
3 1057 1055 6477
3 3584 4588 6427
3 3193 3250 6756
3 5036 3216 7346
3 1239 952 6363
3 4492 7316 7327
3 3707 4178 6597
3 4934 2109 6650
3 4570 4569 6468
3 3102 6325 6536
3 2839 6436 6488
3 4922 2140 7231
3 5582 5369 7193
3 3518 4124 6438
3 258 259 6841
3 6525 4646 7436
3 4015 6295 6595
3 6253 2275 6455
3 6551 5733 6759
3 375 134 6496
3 4296 4295 7343
3 800 737 6479
3 5049 6103 6432
3 3645 3607 6464
3 3670 3669 6418
3 4458 6229 6765
3 2041 2370 2930
3 21 22 6601
3 3982 3578 6442
3 2560 2882 6299
3 3591 6253 6455
3 6428 4553 6543
3 5966 2742 6747
3 2753 2754 2755
3 6004 645 6681
3 1898 1899 1900
3 4121 4122 6754
3 2052 2050 7194
3 6218 2297 6465
3 4258 5766 7313
3 2683 2684 7177
3 1898 1900 2858
3 6907 5799 6991
3 3251 2846 6491
3 2310 1144 6338
3 125 405 6294
3 602 599 6437
3 382 4996 6636
3 960 5397 7516
3 1581 1498 6523
3 688 5338 7193
3 4680 4136 7005
3 5953 2160 6646
3 1900 1901 1902
3 1902 1904 1905
3 6548 1455 6655
3 2817 2593 6457
3 3116 3546 6436
3 6820 1491 7544
3 1902 1903 1904
3 5616 2341 6651
3 29 6146 6569
3 3733 6373 6511
3 249 427 6463
3 2181 2987 6381
3 1342 1329 6445
3 500 23 6544
3 3957 5528 6997
3 6982 4126 7087
3 4335 5953 6646
3 1032 1034 6354
3 5724 3406 6449
3 2104 1331 7393
3 5479 2229 6792
3 2724 2721 6444
3 1425 2239 7480
3 2210 2212 2493
3 3713 5264 6448
3 458 83 6481
3 2175 2002 6446
3 316 317 6453
3 2314 2313 6856
3 999 997 7185
3 4273 3527 6369
3 4213 4212 4216
3 4808 3918 7334
3 3792 6204 6594
3 6449 3406 6482
3 3461 4157 6513
3 3148 4987 6669
3 903 900 7039
3 6605 656 7082
3 5259 5741 6443
3 3527 6193 6369
3 5858 4683 7061
3 79 80 6509
3 5934 2945 6417
3 4209 4208 4210
3 2384 2093 6327
3 6311 4547 6428
3 5777 3191 6643
3 4605 4251 7543
3 6595 5721 6699
3 4227 6095 6377
3 1248 5559 6685
3 5809 483 6988
3 1150 1032 6354
3 423 4194 6534
3 5720 4118 6853
3 6066 4220 6430
3 2592 3014 6364
3 5813 3835 6451
3 390 54 6153
3 3500 4407 6366
3 6506 3117 6537
3 1250 957 6422
3 7218 6823 7387
3 3014 3838 6364
3 3683 3681 6429
3 2808 4149 6817
3 3983 5684 6973
3 3166 4920 6938
3 2140 798 7152
3 314 315 6917
3 4486 4489 7196
3 4204 4202 4205
3 423 4193 4194
3 3901 6520 7228
3 5380 5385 6490
3 6002 6301 6408
3 3496 4309 6388
3 5154 5163 7025
3 3533 5481 6799
3 5684 482 6973
3 366 121 6512
3 959 709 6922
3 1893 1891 6508
3 492 5460 6530
3 3382 3380 6731
3 55 491 6153
3 3860 3223 6759
3 5057 5049 6432
3 2472 2389 6593
3 4200 4199 4364
3 3361 3100 6660
3 2565 507 6347
3 3472 4279 6801
3 5204 3961 6728
3 331 332 6489
3 5582 7232 7326
3 449 6241 7447
3 2815 6010 6440
3 163 164 493
3 2753 2755 3228
3 4798 3691 6900
3 4419 4418 4421
3 3876 4294 6953
3 1298 3394 7195
3 876 518 7115
3 713 826 6970
3 1152 1774 6338
3 2726 2724 6466
3 6019 490 7400
3 3080 6210 6472
3 6651 5621 6924
3 952 936 6398
3 5770 762 6447
3 4327 3697 6495
3 121 122 6512
3 532 2139 7210
3 3800 2633 6819
3 4547 4549 6428
3 4219 3764 6352
3 2892 2891 6366
3 2210 1812 2212
3 3945 3935 6857
3 6173 3568 7098
3 3897 3680 7104
3 1264 1266 6459
3 3789 3098 6783
3 4141 4685 6497
3 4642 3742 6611
3 4497 5486 6844
3 89 90 6653
3 3738 6719 6949
3 4231 5184 6947
3 4006 5817 6456
3 4996 6610 6889
3 3406 3407 6482
3 7028 3797 7117
3 4877 6823 7342
3 1647 767 6928
3 5197 4586 6462
3 5945 3209 6460
3 7 8 434
3 2050 2048 7045
3 3129 5144 7057
3 514 1638 7075
3 4006 6456 6507
3 7276 411 7541
3 5426 5020 7403
3 5718 3455 7369
3 96 450 6854
3 5579 4145 7139
3 5281 5280 7046
3 3986 4232 7024
3 5625 437 6850
3 7111 5538 7356
3 1027 2142 7435
3 108 109 6687
3 3373 245 6966
3 122 489 6512
3 2755 3043 3126
3 2959 3866 6559
3 3558 3230 6471
3 468 4787 7198
3 2296 6150 7418
3 3976 3569 6704
3 119 6063 6547
3 4170 5969 6701
3 2586 3204 6593
3 3981 3982 6510
3 5646 2850 7253
3 70 492 6733
3 4088 4324 6726
3 3206 2546 6880
3 246 454 6966
3 1116 1124 6474
3 5336 4286 6613
3 4542 4543 6820
3 809 910 6792
3 5510 3885 7020
3 335 384 7442
3 763 6091 6928
3 4861 6126 6557
3 6583 5342 6655
3 5351 3393 6555
3 1884 674 6842
3 4455 5666 7138
3 2724 6444 6466
3 5742 6445 6614
3 4279 3549 6884
3 5504 6433 7430
3 1324 1402 6656
3 5747 5748 6589
3 4184 4785 7247
3 2443 2444 6643
3 3537 6409 6435
3 3250 5827 6801
3 1775 1163 6711
3 6653 4142 7264
3 479 5660 7012
3 7110 2768 7385
3 3764 4248 6352
3 33 34 6623
3 3135 5140 7085
3 5729 3529 7493
3 3513 6864 6937
3 6591 4009 6702
3 4517 4760 6888
3 3983 3581 6581
3 3607 3609 6464
3 4244 4733 7503
3 4365 4199 6411
3 5266 450 6962
3 2347 1911 6381
3 179 369 5544
3 4223 4715 7483
3 4121 6754 6817
3 6307 2175 6446
3 6210 3575 6472
3 268 377 7131
3 368 5990 6602
3 5416 4918 6625
3 3191 2624 6643
3 4562 368 6602
3 4018 4019 6501
3 6353 1571 6586
3 2837 2839 6488
3 3497 5971 7533
3 3513 2951 6864
3 932 975 6877
3 2615 1229 6608
3 4490 4493 6494
3 5 6 457
3 1484 743 7389
3 6381 3702 6640
3 2743 6413 6487
3 6523 5908 6781
3 5959 6573 6881
3 2900 6442 6515
3 2931 2370 6320
3 9 10 6410
3 2891 3500 6366
3 3581 5902 6581
3 5493 5950 6476
3 1416 1417 6503
3 483 5705 6988
3 4804 1844 6562
3 3900 5514 7044
3 6389 2815 6440
3 6366 4407 7468
3 3588 4966 6721
3 34 5118 6623
3 488 6775 7099
3 5859 821 6716
3 2867 1624 6426
3 6659 4088 6726
3 3754 6291 6570
3 3403 5740 7043
3 1055 2240 6477
3 1607 1772 6485
3 337 338 7427
3 2109 6635 6650
3 3587 4291 6486
3 2481 2005 6356
3 4530 3226 7373
3 2005 2049 6356
3 2273 1326 6656
3 339 340 6526
3 4733 4081 7503
3 3673 6304 6506
3 6265 1054 6895
3 2471 1239 6363
3 1268 1490 6622
3 3749 6558 6735
3 4453 5690 7149
3 5344 1558 7056
3 1413 6422 6541
3 4803 3544 6923
3 3340 4846 7032
3 745 747 7309
3 2049 2515 6356
3 3323 2608 6336
3 5666 264 7138
3 4114 4115 6642
3 693 5862 7127
3 1791 2010 6596
3 2988 2592 6364
3 818 867 7152
3 874 5829 6915
3 6584 3991 6952
3 729 1491 7422
3 5847 2463 7143
3 2593 3031 6457
3 2229 807 6792
3 3895 5204 6738
3 6986 5370 7183
3 5955 3461 6513
3 3227 6699 6853
3 3726 2481 6356
3 973 926 6834
3 3860 6759 6933
3 3593 3591 6455
3 1001 999 7049
3 2949 2477 6680
3 6023 3242 6663
3 2297 2928 6465
3 4418 4417 4420
3 3627 3629 6724
3 395 7325 7370
3 365 5824 6516
3 4962 6856 7106
3 1330 1323 6549
3 5849 6081 6606
3 5722 4398 6371
3 6454 3558 6471
3 5385 2146 6975
3 1245 1209 6799
3 3036 6303 7028
3 4331 4043 6406
3 7385 4860 7423
3 3224 5841 6551
3 5987 5899 7527
3 265 439 7138
3 439 4814 7157
3 3982 6045 6510
3 4198 4242 6411
3 3552 4135 6794
3 4499 4500 6627
3 736 755 6862
3 508 506 7008
3 109 5588 6687
3 3823 5298 7006
3 3044 4776 7184
3 4115 6440 6642
3 4636 3733 6511
3 2304 641 6620
3 1108 6554 6668
3 3439 4706 6519
3 513 515 7040
3 5426 2767 7489
3 6535 4932 6906
3 4295 6392 7307
3 4146 4144 6514
3 4707 3856 6840
3 686 6092 6842
3 2513 4911 7322
3 3229 6158 6982
3 313 314 7089
3 7007 6034 7126
3 2303 1835 6596
3 3984 6486 6549
3 373 69 6733
3 3126 3205 4043
3 4479 4478 6788
3 2732 2485 7258
3 3759 3983 6973
3 3922 3489 6916
3 3575 4437 6472
3 4340 7284 7460
3 786 2140 7279
3 5622 2766 7266
3 4196 4198 6411
3 2552 3415 6320
3 6385 1613 6423
3 2216 6510 6583
3 4852 4851 7287
3 3616 3614 6689
3 1683 740 6867
3 406 6428 6543
3 84 5996 6481
3 5255 2404 7341
3 5894 4006 6507
3 383 31 6675
3 1320 2773 6737
3 183 184 6770
3 6164 3755 6600
3 6092 4394 6842
3 6567 1577 6604
3 118 119 6547
3 1176 3533 6799
3 3805 4436 6831
3 1108 1110 6554
3 4092 4444 7091
3 2341 1088 6651
3 1086 5621 6651
3 2397 2319 6661
3 4510 3979 6855
3 199 244 7262
3 4314 4315 7143
3 4058 5715 6837
3 6304 6065 6506
3 6362 4533 7141
3 43 418 7243
3 5847 4450 7149
3 3111 3653 6616
3 5248 5250 7083
3 5664 476 7124
3 243 199 7262
3 378 5723 6919
3 4883 1466 7453
3 6624 973 7295
3 441 118 6547
3 1223 1221 6749
3 506 177 7376
3 1911 2181 6381
3 6091 5510 6928
3 6398 934 6877
3 2502 5552 6564
3 4129 3153 7546
3 3977 5884 7150
3 900 887 7497
3 3360 3358 6527
3 3407 5809 6988
3 6447 762 6533
3 5691 5688 7280
3 5854 4274 7183
3 5836 3757 6830
3 3713 6448 6552
3 5430 5093 6546
3 387 5668 6594
3 4632 3754 6570
3 4448 5847 7143
3 32 487 6675
3 6681 5525 6885
3 910 827 6915
3 6898 5385 6975
3 6331 3192 6658
3 3873 660 6605
3 3969 6401 6402
3 3338 2871 6965
3 90 5865 6653
3 3949 6652 7514
3 1402 1322 6737
3 1186 1188 6565
3 3052 5339 6965
3 4410 5588 7470
3 3676 3675 6577
3 3970 3840 6869
3 3985 3306 6971
3 5726 4071 6858
3 2283 1734 7019
3 3675 4628 6577
3 182 445 6362
3 762 5760 6533
3 4384 4349 6517
3 1048 5275 7275
3 3963 3070 6848
3 5003 5000 7433
3 4122 6586 6754
3 144 449 6803
3 5868 2194 6916
3 4537 4993 7417
3 2529 2528 7300
3 1906 1904 6391
3 6154 3784 7477
3 3117 2292 6537
3 5429 1850 6611
3 4120 3689 6542
3 3031 4646 6457
3 6853 4118 6880
3 1498 1444 6523
3 3617 3636 6689
3 724 727 7302
3 6327 5416 6625
3 7159 4254 7221
3 556 5683 6929
3 1890 2890 6505
3 4 5 6908
3 1917 2371 6492
3 3901 3847 6520
3 5184 2228 6947
3 7010 2858 7033
3 2444 2377 6782
3 5010 3346 6729
3 4143 3946 7001
3 6041 6161 6433
3 420 159 6239
3 5622 7266 7350
3 6949 5353 6977
3 6806 3952 7029
3 292 200 7250
3 1882 1969 6572
3 3095 3528 6932
3 525 527 7214
3 549 551 6901
3 2167 2568 7501
3 6545 4093 7018
3 1912 1914 6574
3 6364 3838 6600
3 200 293 7250
3 377 269 6561
3 1072 1460 6745
3 4044 3794 6805
3 6158 4125 6982
3 1888 1890 6505
3 5460 406 6543
3 6465 3795 6619
3 4663 3762 6776
3 484 5693 7239
3 3545 5741 6797
3 259 260 7207
3 5899 1212 7527
3 2269 552 6901
3 2564 6041 6433
3 6065 3117 6506
3 4164 3711 6860
3 2528 4719 7300
3 295 485 7026
3 3543 4058 6837
3 4471 4469 7485
3 28 29 6569
3 392 155 6529
3 6007 2746 6528
3 5170 4939 7499
3 537 556 6929
3 4107 4763 7248
3 5729 2494 6991
3 5658 3351 7250
3 2048 1640 6899
3 6225 6395 6659
3 2505 5069 7523
3 2268 5887 6708
3 4668 4464 6657
3 4726 4725 6599
3 4544 5678 7464
3 27 442 6851
3 3166 6327 6625
3 2801 5670 6763
3 4917 4189 7534
3 4202 4200 6434
3 3234 4113 7000
3 3090 5418 7122
3 6191 2279 6580
3 409 5645 6566
3 960 541 6930
3 6817 4149 6864
3 3053 4565 6692
3 454 247 6560
3 4035 6816 7043
3 944 955 7296
3 1909 2487 6390
3 6303 4345 7028
3 5875 5936 6723
3 885 5551 7228
3 6606 6061 6822
3 5791 3666 6580
3 4031 4010 6553
3 6262 2782 7535
3 5941 5108 6499
3 4090 3954 7340
3 4987 7249 7255
3 1554 6503 6553
3 399 25 6673
3 3794 3186 6779
3 4911 4912 7240
3 2554 6609 6998
3 4592 5875 6723
3 5867 6331 6658
3 924 6367 6608
3 4413 3878 6953
3 3631 3773 7042
3 2206 522 7344
3 520 876 7344
3 4938 4937 7290
3 5449 975 7027
3 4587 3458 6859
3 3402 3403 7137
3 974 1305 7217
3 2177 719 7273
3 4996 4995 7129
3 4846 2336 7032
3 6460 3209 6649
3 4383 5371 6618
3 1909 6390 6391
3 6422 4573 6541
3 3171 4440 7144
3 6382 1888 6505
3 703 705 6568
3 1421 1380 6430
3 3509 2548 7307
3 4256 7142 7155
3 4389 4812 6943
3 6776 5335 6893
3 6799 5481 6967
3 3183 2079 7367
3 1955 1958 6575
3 5635 2619 6909
3 4080 7221 7297
3 1709 5762 7283
3 3915 3916 7253
3 5029 6420 7458
3 1704 4893 7436
3 4792 2574 7377
3 5949 3032 6954
3 3798 5458 6585
3 3896 3897 7157
3 4271 4268 6535
3 4126 4907 7087
3 446 5698 6573
3 5958 2268 6708
3 3712 3713 6552
3 5216 6469 6833
3 4299 3780 6786
3 5152 5153 6637
3 5040 4062 7532
3 4075 4073 7004
3 3721 3122 7144
3 5533 4784 6821
3 435 238 7303
3 5282 4169 7231
3 239 240 7456
3 5689 5687 7167
3 3144 3145 6587
3 5036 1382 7308
3 1173 1248 6685
3 875 828 7445
3 4331 6406 7533
3 2016 5854 7183
3 3666 6191 6580
3 2109 3392 6635
3 2051 2053 6621
3 6363 952 6398
3 5261 5258 7455
3 1586 1478 7522
3 6208 3906 6746
3 421 5695 7289
3 3657 3656 6688
3 4114 6642 6715
3 3845 5867 6658
3 4282 6891 7528
3 6239 160 6317
3 1558 1010 7056
3 2389 2586 6593
3 2063 6762 6879
3 3782 4351 6786
3 6139 2451 7394
3 4325 7017 7476
3 4330 3826 6739
3 5736 6873 7022
3 795 794 7170
3 1485 523 7382
3 5752 1866 6470
3 3755 6364 6600
3 5913 365 6516
3 3107 3109 7509
3 1545 1421 6430
3 5582 4046 7232
3 4325 6090 7017
3 6367 5768 6608
3 6568 705 6630
3 5012 1795 6628
3 1868 2463 7145
3 107 451 6951
3 4071 5660 7285
3 2463 5847 7145
3 1930 2513 7322
3 495 6039 6545
3 5916 2226 6989
3 5475 6353 6586
3 6156 1074 6745
3 4272 4112 7374
3 1307 1238 7409
3 3157 3156 6889
3 374 4105 6578
3 6821 468 7198
3 3717 5894 6567
3 4306 3206 6926
3 965 6254 6571
3 5660 5657 7285
3 4168 4922 7231
3 2329 2654 6539
3 2956 2959 6559
3 4210 4211 4212
3 1038 1043 6878
3 2949 6680 6831
3 1380 6066 6430
3 6519 4706 6758
3 728 726 6579
3 4482 5187 7513
3 1400 1401 7547
3 5852 4350 7201
3 4212 4211 4214
3 4153 4154 6903
3 4256 4257 7142
3 4530 7373 7479
3 937 908 6705
3 3709 3707 6597
3 2044 1779 7145
3 6694 5268 6732
3 4554 4593 6752
3 3390 4296 7531
3 3839 5211 6921
3 6318 5281 7000
3 4309 3888 6654
3 1047 5433 7406
3 4276 3513 6937
3 2487 2753 6390
3 5097 2638 7437
3 5894 6507 6567
3 2742 5999 7130
3 730 728 6588
3 488 5913 6775
3 2558 6299 6609
3 2210 2493 6414
3 5670 1954 6828
3 5101 3810 6714
3 3753 4176 6835
3 1577 1438 6604
3 6207 6208 6703
3 5625 6460 6649
3 2238 942 7296
3 4544 6001 7174
3 5221 6747 7002
3 1927 2105 7206
3 3933 6709 6763
3 4171 4802 7368
3 5059 5054 7101
3 877 3102 6705
3 4210 4208 4211
3 4796 4527 7034
3 2619 2616 6909
3 6542 2224 6697
3 7316 5143 7327
3 5863 5593 7288
3 3794 6779 6805
3 4200 4364 6434
3 6571 5738 6709
3 2274 2107 6582
3 4199 4196 6411
3 434 8 6078
3 3616 6689 7071
3 6395 5451 6659
3 948 949 7415
3 7090 4060 7234
3 3874 3160 6595
3 5784 2224 6589
3 6241 4837 7447
3 1665 1667 7548
3 5902 5694 6581
3 161 443 6317
3 6293 5987 7353
3 4621 4359 6615
3 5873 3792 6594
3 3068 5927 7147
3 3231 2649 7048
3 4305 3962 7113
3 3752 4426 6765
3 3939 5007 6808
3 5525 3970 6885
3 22 500 6601
3 4113 6318 7000
3 3205 5216 6662
3 4194 4197 6534
3 728 6579 6588
3 4948 4946 6631
3 3928 3930 6612
3 6459 1266 6622
3 5713 1350 7420
3 4993 4338 6648
3 6136 965 6571
3 3779 5533 6821
3 1663 1665 7286
3 734 732 6607
3 6716 5554 7161
3 1835 1791 6596
3 187 188 6518
3 168 169 7072
3 6773 4565 7153
3 4046 3317 7232
3 2935 2949 6859
3 3245 2507 6938
3 5346 4276 6983
3 2832 6027 6740
3 4949 4958 6557
3 4768 4769 6959
3 5464 2406 7316
3 6534 4201 6691
3 3855 3076 7015
3 6436 5100 6488
3 1015 1018 7003
3 6419 4831 6551
3 142 143 6644
3 3646 6455 6590
3 6268 2187 6722
3 3585 5262 6963
3 5983 3692 6591
3 2034 6300 6680
3 6763 5670 6828
3 3271 3823 7006
3 4158 4147 7188
3 3130 6061 6606
3 5065 5064 7267
3 5900 2302 7104
3 3869 4229 6671
3 5822 7155 7168
3 660 657 6605
3 7166 4062 7520
3 3316 4091 7232
3 5696 3200 6702
3 7143 2463 7206
3 6021 5083 6536
3 2850 5646 7323
3 6648 2104 7393
3 4347 4384 7411
3 1059 1057 6603
3 389 5225 7054
3 739 741 7510
3 6497 4685 7426
3 3530 6060 6838
3 5895 2216 6583
3 5831 6465 6619
3 705 707 6630
3 6162 6040 6683
3 1103 1108 6668
3 4509 4373 6758
3 6104 3721 7124
3 6072 6080 6524
3 1924 2462 6679
3 1460 1070 6960
3 6933 5238 7074
3 4380 7249 7348
3 4573 6334 6541
3 2783 2678 7114
3 305 306 6632
3 2555 2558 6609
3 2654 4704 7103
3 3843 3576 6562
3 3416 4666 6845
3 1960 1963 6641
3 6231 2991 7063
3 2753 3228 6390
3 5338 4011 7117
3 6300 4045 6680
3 1334 2615 6940
3 6409 3863 6807
3 5146 6834 7407
3 5696 6702 6742
3 6012 3027 6898
3 4331 5971 7315
3 4494 3740 6666
3 4452 4449 6629
3 4404 7380 7451
3 6084 2835 6910
3 1866 2041 6470
3 3945 5996 7213
3 2256 1653 7085
3 4049 4051 6913
3 6553 4010 6638
3 1910 2347 7051
3 3197 4008 7022
3 6285 1709 7283
3 3967 4342 7429
3 6123 3545 6797
3 2308 1036 6878
3 2449 5426 7489
3 4052 4649 7082
3 4336 4754 6795
3 4033 4110 7209
3 5222 3474 6891
3 5841 6419 6551
3 3720 5742 6614
3 2404 2405 7341
3 6078 9 6410
3 2251 6037 7495
3 4488 4487 7165
3 5211 4033 7080
3 5924 1062 7105
3 369 4072 4475
3 1229 924 6608
3 6944 4133 7109
3 5182 2470 7095
3 928 927 7524
3 2953 2954 6617
3 6783 5113 7132
3 1915 1918 6672
3 3 4 503
3 1687 1686 7322
3 1932 1896 6484
3 547 545 7199
3 3624 4244 7503
3 2041 2930 6470
3 1578 511 6999
3 24 399 6544
3 641 638 6620
3 6254 5738 6571
3 7022 4008 7173
3 3996 3997 6958
3 5783 4335 6646
3 4152 3111 6616
3 5060 5055 6682
3 4420 4417 7444
3 2202 2200 7352
3 1041 1039 6626
3 1266 1268 6622
3 6460 5625 6850
3 3640 4081 7171
3 6328 3901 7228
3 6576 5938 7052
3 6080 3650 6524
3 5159 5162 7116
3 3728 3726 6825
3 3692 6533 6591
3 31 32 6675
3 3248 3331 7399
3 5586 6072 6524
3 422 89 6653
3 4327 7222 7369
3 3898 6425 6515
3 2659 5884 7218
3 6039 4772 6545
3 6439 5410 6865
3 1772 6131 6556
3 5969 4174 7478
3 4601 3756 7069
3 2036 1754 7200
3 2274 6582 6674
3 4653 5555 7487
3 4541 5036 6935
3 6740 3961 6768
3 501 4826 7410
3 1373 7133 7233
3 4021 5089 6824
3 545 543 7516
3 5100 5099 6798
3 5787 6523 6781
3 4599 6887 7452
3 5550 3996 6879
3 156 497 6529
3 2382 5739 7245
3 189 190 6755
3 3851 4671 7443
3 4276 6937 6983
3 1018 1020 7181
3 6131 2472 6592
3 4410 4409 6712
3 1571 6297 6586
3 4454 6361 7167
3 5619 3481 6690
3 1363 1258 6707
3 426 142 6644
3 4205 4202 6434
3 5654 5833 7084
3 6859 2949 7471
3 7 434 5088
3 3209 3210 6649
3 3978 3387 7204
3 4095 4096 7530
3 3100 3002 6660
3 1741 2867 6473
3 1898 2858 6484
3 1621 1426 7186
3 3659 4225 6636
3 6272 3074 7203
3 5113 5112 7132
3 6664 4965 6665
3 2280 6269 6719
3 493 4419 6790
3 4424 6033 7069
3 5221 5966 6747
3 4070 4297 7012
3 25 26 6673
3 1812 1741 6473
3 1902 1905 6521
3 4205 4686 7304
3 6861 3821 6941
3 6683 6040 7067
3 5644 477 6677
3 4242 4236 6686
3 6403 4556 6752
3 5980 5979 7439
3 3330 3063 7274
3 5892 3136 7537
3 5517 5518 6808
3 6126 4947 6557
3 2624 2443 6643
3 1326 1324 6656
3 1920 1922 6645
3 1487 5622 7350
3 2239 6855 7480
3 6464 3825 7406
3 900 6517 7039
3 6510 6045 6583
3 414 4832 6652
3 1621 5766 7420
3 2042 2301 6713
3 4731 6368 6462
3 4338 4337 6648
3 4882 6980 7475
3 638 635 6647
3 4010 6043 6638
3 1088 1086 6651
3 2679 2574 7263
3 6486 1330 6549
3 451 6687 6712
3 2431 5831 6619
3 4771 4768 6959
3 6264 3157 6610
3 4609 6838 7412
3 6392 3509 7307
3 6182 6184 6550
3 6728 3961 6740
3 6524 3650 6717
3 2740 6202 6584
3 4084 4085 7282
3 6081 6083 6606
3 3216 1511 7346
3 3249 3342 6839
3 6076 973 6624
3 5616 6651 6924
3 4607 7324 7342
3 271 440 6693
3 1651 3135 7085
3 3069 5581 6664
3 3762 5335 6776
3 3269 3813 7479
3 1499 6485 7186
3 5648 2171 6764
3 2570 2569 7277
3 5893 1591 6642
3 4749 2517 7486
3 476 5655 7187
3 4105 4106 7011
3 3331 6185 7399
3 3925 3926 6670
3 6133 2280 6719
3 5822 4256 7155
3 4069 4509 7110
3 3970 6869 6885
3 2042 6713 6785
3 2386 3166 6938
3 4229 3868 7372
3 6517 900 7497
3 916 1618 7407
3 6869 3840 6890
3 487 33 6623
3 3525 6182 6550
3 2515 2051 6621
3 645 670 6681
3 2319 2317 6661
3 2050 7045 7194
3 4009 3746 6702
3 4617 4618 6669
3 4266 6019 7400
3 5096 5095 7099
3 6083 3130 6606
3 3712 6552 6698
3 2830 5040 7189
3 3838 4323 6600
3 2657 2659 7218
3 2868 3079 7321
3 4119 7251 7454
3 3867 6130 6751
3 5639 5641 6816
3 4159 4377 7359
3 7164 4941 7237
3 2345 2780 7486
3 5033 1207 6805
3 5992 3902 7108
3 4141 6497 7264
3 3965 4078 6761
3 6261 4247 6774
3 3346 2035 6729
3 4124 5873 7375
3 434 6078 6079
3 3062 2274 6674
3 20 431 6774
3 6642 1591 6715
3 384 336 6741
3 6715 5583 6813
3 6455 2275 6590
3 1066 2863 7105
3 4628 5453 6696
3 177 178 7376
3 3648 6344 6584
3 2850 5978 7253
3 5821 631 7009
3 2036 4689 7476
3 6952 3989 7100
3 3246 4371 7148
3 3574 6409 6807
3 2983 3705 7192
3 5561 3498 6720
3 2212 1812 6473
3 6246 3588 6721
3 3614 3617 6689
3 524 2206 6870
3 2298 4926 7312
3 5296 2042 6785
3 1165 1131 7160
3 1896 1898 6484
3 1455 5895 6655
3 7411 4384 7445
3 2858 1900 6521
3 6490 5385 6898
3 3131 3339 7337
3 2221 2359 6697
3 6202 3648 6584
3 6594 6204 7241
3 4081 3638 7503
3 41 42 6730
3 5093 5092 6800
3 3705 5986 7021
3 2275 6319 6590
3 6774 4247 7093
3 2799 6265 7299
3 4494 7281 7469
3 2071 6791 6861
3 10 429 6410
3 5261 5104 6981
3 6573 5698 6881
3 3224 6551 6759
3 502 5897 6691
3 4843 6695 7179
3 6503 4031 6553
3 6702 3746 6742
3 5738 5649 6709
3 2890 1892 6868
3 3925 6670 6706
3 3888 3890 6654
3 6701 1484 7389
3 141 426 6676
3 1127 2298 7160
3 5204 6728 6738
3 3874 6595 6699
3 4179 6272 7203
3 3342 5018 6750
3 6317 443 6498
3 2869 5696 6742
3 5617 2565 7311
3 5895 6583 6655
3 4649 6605 7082
3 2043 2892 7191
3 4923 4170 6701
3 6516 3766 6775
3 4250 6398 6877
3 3656 4634 6688
3 4619 3925 6706
3 7369 3455 7474
3 5527 4742 6871
3 497 4662 7459
3 3564 6659 6726
3 4110 4366 7301
3 4472 5422 7278
3 6521 5714 7033
3 5544 369 6894
3 6034 1687 7126
3 6736 3811 6802
3 3999 6438 6684
3 6764 2171 6914
3 975 931 7027
3 2408 2781 7341
3 5774 3811 6736
3 1937 2767 7434
3 6815 2830 7189
3 6379 6134 7062
3 5965 429 6902
3 6270 3589 6718
3 6532 3424 6894
3 4979 4981 7391
3 3961 3839 6768
3 4947 4949 6557
3 5288 5290 7473
3 1941 2497 7338
3 3920 3919 7107
3 2767 1935 7489
3 431 6261 6774
3 3192 4319 6658
3 196 197 499
3 1815 6812 7068
3 1894 1932 6868
3 2843 6271 6852
3 2071 4673 6791
3 2740 6584 6952
3 6620 638 6647
3 451 108 6687
3 6710 4158 7188
3 6011 4040 7272
3 4953 4957 6990
3 6186 5937 6576
3 6502 3340 7032
3 69 70 6733
3 5987 4590 7353
3 2207 4042 6824
3 6307 6446 6923
3 3654 3105 7345
3 6699 5721 6853
3 12 502 6902
3 431 21 6601
3 2981 6121 7488
3 526 524 6870
3 1767 2256 7310
3 6627 4500 7063
3 5262 6619 6963
3 1685 1173 6685
3 4548 4550 7172
3 1433 1382 7346
3 5065 7267 7338
3 4608 3976 6704
3 1163 4861 6711
3 4837 5111 7502
3 6309 3698 7081
3 4080 3523 7221
3 6185 5535 7399
3 4343 7227 7314
3 2171 5183 6914
3 5578 5138 6836
3 5429 6611 6778
3 5095 4411 7390
3 1487 7350 7411
3 2989 4874 6753
3 5897 6534 6691
3 6056 3539 6694
3 6586 6297 6754
3 3536 5972 6848
3 5433 6464 7406
3 1362 1621 7420
3 669 528 6725
3 3836 5524 6748
3 6561 4090 7340
3 6158 6157 7178
3 3280 3783 6727
3 4257 6564 7142
3 5176 5175 7430
3 6611 3742 6778
3 7029 3953 7318
3 4380 4381 7249
3 3027 6490 6898
3 4039 5787 6781
3 2380 5988 7498
3 3236 7000 7046
3 162 163 6790
3 4417 166 7444
3 6386 2623 7172
3 1933 2449 7489
3 6577 4628 6696
3 6176 3874 6699
3 2207 6824 6964
3 241 242 6743
3 6517 4349 7039
3 908 877 6705
3 2347 6381 6640
3 7219 2880 7536
3 2529 7300 7347
3 7126 1687 7240
3 2477 2034 6680
3 6925 2032 7021
3 7209 4110 7301
3 3757 6578 6830
3 5468 5469 6757
3 4877 7154 7387
3 1899 1897 6784
3 1591 5998 6715
3 186 187 6826
3 1322 1320 6737
3 5064 3162 7038
3 4561 6403 6645
3 1545 6430 6899
3 6168 5027 7169
3 6807 4230 6993
3 3533 5958 6708
3 4391 5727 7213
3 19 20 6774
3 1491 6820 7422
3 464 5976 6735
3 3709 6597 6860
3 4441 5878 7254
3 669 6725 6771
3 4252 6730 7243
3 3746 3922 6742
3 5735 4337 7512
3 6680 4045 6831
3 6875 499 6876
3 4550 6386 7172
3 6417 4230 6807
3 6151 6230 6678
3 3564 6225 6659
3 6150 1223 7419
3 4327 6495 7222
3 5404 4249 6939
3 2105 5822 7168
3 3799 4643 6760
3 4384 6517 7497
3 3098 3096 6783
3 6514 4361 7207
3 821 6501 6716
3 4039 6781 6931
3 7287 4851 7428
3 6564 5552 7142
3 6159 2843 6852
3 3165 4217 6866
3 2568 6665 7501
3 4379 4152 6750
3 6470 3654 6912
3 3651 3193 6756
3 6107 3712 6698
3 3884 3382 6731
3 1900 1902 6521
3 4154 4288 6847
3 1098 1100 6818
3 4074 4076 6872
3 5554 5553 7161
3 5936 2229 6723
3 3924 4039 6931
3 3360 6527 6800
3 6995 4161 7291
3 478 5679 7375
3 6894 3424 7008
3 2279 6162 6683
3 3223 3224 6759
3 3572 6133 6719
3 3932 3933 6763
3 4767 2880 7219
3 6775 5096 7099
3 4740 4743 6992
3 4263 3793 6787
3 3091 4794 6976
3 405 126 7268
3 6948 4852 7287
3 3658 6177 6663
3 6446 4803 6923
3 4043 7096 7505
3 4832 3354 7514
3 19 6774 7093
3 3128 3800 6772
3 6754 3519 6817
3 1074 1072 6745
3 6119 7294 7401
3 4760 6886 6888
3 4119 6018 7251
3 5508 2032 6925
3 3629 3635 6724
3 375 6496 7372
3 3891 5959 6881
3 1807 2071 6861
3 7201 4350 7266
3 5395 3971 6882
3 6085 3564 6726
3 3181 3134 6811
3 4236 4238 6686
3 4800 1091 7088
3 4077 4075 6874
3 1466 1281 7453
3 4047 4049 6863
3 6728 1453 6738
3 4303 6683 7067
3 6580 2279 6683
3 5285 5284 6829
3 6582 2230 7518
3 6615 435 7303
3 6108 5578 6836
3 4108 4109 7246
3 4310 6875 6876
3 2032 5063 7021
3 4037 5470 7270
3 364 4391 7213
3 4710 4709 6832
3 6556 6131 6592
3 3813 3812 6734
3 6430 4220 6899
3 2428 6403 6752
3 6727 3783 6812
3 6244 2143 7472
3 4326 6207 6703
3 5062 4355 7023
3 6415 4206 7304
3 6046 7454 7545
3 3826 3828 6739
3 3906 3904 6746
3 443 162 6790
3 6144 2243 6865
3 6335 1939 7434
3 3144 6587 6844
3 2305 6236 7431
3 6619 3795 6963
3 3019 3493 6780
3 6719 6269 6949
3 3937 6168 7169
3 143 144 6803
3 4087 4167 7215
3 4556 4554 6752
3 6759 5733 6933
3 4342 6850 7089
3 4443 4442 7134
3 4958 4951 6990
3 2105 7139 7206
3 4085 4708 6809
3 1221 1373 6749
3 4243 6121 7466
3 7129 471 7515
3 673 669 6771
3 5131 6309 7081
3 5538 2876 7356
3 5194 6590 6980
3 3904 3903 6744
3 5518 458 6857
3 4112 4610 7317
3 3811 4148 6802
3 5321 5320 7440
3 3742 3643 6778
3 3650 6198 6717
3 5553 4037 7211
3 4732 4586 7244
3 6879 3996 6958
3 3218 3820 6767
3 3557 6190 7222
3 5089 3892 6964
3 4274 6986 7183
3 6959 4769 7361
3 4576 7129 7515
3 2377 2734 6782
3 7161 5553 7211
3 4238 6400 6686
3 4058 6056 6732
3 2633 2201 6819
3 1772 6556 6900
3 2780 6209 7070
3 7324 4906 7342
3 1629 6822 6920
3 6077 2816 7292
3 4760 373 6886
3 5425 1604 6883
3 4301 4303 7067
3 6880 4118 6926
3 3158 6246 6721
3 4436 5010 7471
3 6149 1453 6728
3 2684 3804 6985
3 5658 294 7026
3 1401 6760 7547
3 284 285 6814
3 2048 6899 7045
3 4053 4054 6846
3 807 809 6792
3 2243 6439 6865
3 6501 4019 6716
3 490 41 6730
3 6230 5805 6678
3 3186 4029 6779
3 2816 6326 7292
3 3932 6763 6828
3 5230 7237 7238
3 3460 4695 6793
3 2800 6324 6710
3 5827 3472 6801
3 6673 26 6851
3 6027 6149 6740
3 98 3298 6962
3 6734 3812 6766
3 3519 2808 6817
3 6808 5007 7457
3 6700 3194 6873
3 4113 4114 6813
3 3992 3552 6794
3 5850 6205 6700
3 5486 3144 6844
3 4955 7010 7033
3 11 12 6902
3 3904 6744 6746
3 4120 6542 6697
3 1629 5849 6822
3 2281 4825 7328
3 6540 4789 7077
3 4362 4541 6935
3 6119 2579 7294
3 5191 5662 6827
3 6783 3096 6932
3 97 98 6962
3 1209 1176 6799
3 6125 2832 6768
3 6056 6694 6732
3 6284 2868 6766
3 3783 4305 6812
3 3780 3782 6786
3 6229 3752 6765
3 5971 3228 7315
3 3903 6722 6744
3 1453 6242 6738
3 5418 3972 6936
3 396 258 6841
3 6910 2835 7007
3 6177 6023 6663
3 184 185 6919
3 6689 5006 7071
3 6781 3239 6931
3 5008 4559 6886
3 3973 4263 7119
3 512 510 6777
3 3055 5885 7260
3 3903 6268 6722
3 7008 506 7376
3 2320 2322 6905
3 1080 1082 6897
3 3554 6379 7062
3 6886 4559 6888
3 3659 6636 6889
3 242 6475 6743
3 410 5685 7381
3 4533 3881 7141
3 6667 503 7120
3 3574 6807 6993
3 4222 4679 7261
3 4543 4746 6820
3 5654 7084 7201
3 6661 2317 6856
3 166 167 7444
3 6438 4124 6684
3 6130 3158 6751
3 26 27 6851
3 4929 463 7485
3 3204 6488 6798
3 3158 6721 6751
3 5680 401 7050
3 4622 3932 6828
3 6475 5349 6743
3 674 686 6842
3 6610 4996 7129
3 5839 2016 6806
3 5721 5720 6853
3 6864 4149 6937
3 3890 3965 6761
3 2451 6270 6718
3 4045 3805 6831
3 4800 4801 6796
3 6936 3183 7367
3 4482 4479 6788
3 6043 5745 6762
3 95 96 6854
3 6609 4752 6998
3 6824 5089 6964
3 6693 440 6843
3 5638 3994 7519
3 6628 3654 7345
3 6822 4036 6920
3 6205 6263 6700
3 4876 2068 6987
3 2790 5081 7521
3 3126 4331 7315
3 5908 3239 6781
3 3264 4461 7538
3 163 493 6790
3 6638 6043 6762
3 7031 3642 7171
3 5335 4511 6893
3 949 6757 7415
3 6951 4506 7543
3 6263 3194 6700
3 3856 3855 6840
3 4717 7111 7356
3 5940 5836 6830
3 926 918 6834
3 5437 7416 7468
3 6037 781 7362
3 6485 4842 7186
3 3711 3709 6860
3 2734 6123 6797
3 4008 4261 7173
3 4234 3543 6837
3 2951 4121 6864
3 2336 1717 6956
3 928 4763 7465
3 5006 4809 7071
3 4469 4404 7451
3 4271 6535 6906
3 3891 6881 7151
3 5879 2850 7323
3 3493 5799 6907
3 6324 3706 6710
3 6654 3890 6761
3 6297 3519 6754
3 6599 4725 7223
3 934 932 6877
3 3812 6284 6766
3 4913 4921 6955
3 6556 4798 6900
3 7451 4929 7485
3 5698 5697 6881
3 3070 3536 6848
3 5621 2186 6924
3 4140 4850 7518
3 3883 5461 6911
3 4656 6539 7103
3 3016 3771 7319
3 6090 6212 7017
3 1466 4883 7475
3 3706 6499 6710
3 4270 4623 6815
3 6639 5214 7449
3 4906 1123 7342
3 6215 4030 7466
3 2546 3227 6880
3 2177 4745 7464
3 738 736 6862
3 5127 6335 7434
3 2317 2314 6856
3 4932 2794 6906
3 3162 5370 6986
3 6338 1774 7191
3 5276 5429 7031
3 3949 3950 7041
3 4737 4215 7079
3 4343 6328 7227
3 185 186 378
3 6361 439 7157
3 5884 4607 6823
3 5000 4999 7433
3 4942 4260 7472
3 4036 3861 6920
3 7019 5691 7280
3 6495 3557 7222
3 4348 6898 6975
3 740 738 6867
3 7080 4033 7209
3 6283 3920 6941
3 3549 3974 6884
3 369 4475 6894
3 4600 6165 7247
3 2800 6710 7188
3 461 5589 7261
3 4844 1048 7275
3 4127 6662 7072
3 188 189 496
3 5481 5364 6967
3 3823 6107 6810
3 315 376 6917
3 3350 7034 7208
3 5972 5072 7235
3 5397 5396 6927
3 6778 3642 7031
3 462 4940 7392
3 5644 6677 7323
3 4456 4086 6946
3 4067 3779 6821
3 4001 6482 6904
3 4952 6968 7010
3 7454 472 7545
3 738 6862 6867
3 4444 5949 6954
3 3979 4624 6855
3 6060 2269 6838
3 5273 5003 7121
3 7095 2470 7164
3 4995 471 7129
3 2228 2227 6947
3 1243 4993 7393
3 7073 408 7251
3 4615 6961 7090
3 5655 6566 7187
3 4348 6012 6898
3 3424 508 7008
3 4318 3769 6849
3 4994 404 7380
3 7211 4037 7270
3 6061 4036 6822
3 5257 6769 7236
3 4937 5345 7290
3 4061 4931 7059
3 3344 5207 6969
3 7163 1665 7548
3 6107 6698 6810
3 5733 2750 6933
3 4635 4108 7246
3 3775 6556 6592
3 6967 5364 7076
3 7189 5040 7532
3 1054 1056 6895
3 5016 465 7257
3 4989 5752 6912
3 6750 4152 6839
3 3096 3095 6932
3 7390 4411 7470
3 5311 4007 7013
3 6644 143 6803
3 398 18 7093
3 6869 2786 6885
3 4167 6458 7215
3 4230 4231 6993
3 6032 1629 6920
3 4118 3955 6926
3 6350 3199 6769
3 5782 3973 7119
3 7133 4385 7233
3 709 711 6922
3 5920 2063 6879
3 6149 6728 6740
3 7091 1485 7382
3 3950 6241 6950
3 7071 4809 7334
3 4127 4496 7096
3 3458 2935 6859
3 4559 4560 6888
3 5359 3274 6957
3 387 6594 7241
3 2786 6004 6885
3 6957 3274 6996
3 3889 3887 7016
3 4052 7082 7224
3 3156 3659 6889
3 827 874 6915
3 1036 1038 6878
3 4121 6817 6864
3 4615 4616 6961
3 5967 6159 6852
3 3344 6969 7086
3 4980 5616 6924
3 5330 408 7073
3 7122 4095 7530
3 366 6512 7212
3 4106 6627 7063
3 6038 2786 6869
3 767 763 6928
3 552 549 6901
3 3878 3876 6953
3 4693 4694 6994
3 3658 6663 7070
3 6927 545 7516
3 5198 3560 7461
3 4114 6715 6813
3 3769 6847 6849
3 5967 6852 6995
3 7379 5796 7465
3 6954 5863 7288
3 194 195 415
3 6279 4796 7034
3 6921 5211 7080
3 106 107 6951
3 6079 4612 7259
3 4665 4843 7179
3 2238 4802 7463
3 3732 5455 6978
3 3489 5868 6916
3 2616 3463 6909
3 450 97 6962
3 6922 711 6970
3 58 419 6887
3 6402 6401 6984
3 4752 4753 6998
3 5485 6338 7191
3 5514 3957 6997
3 3350 6279 7034
3 6779 5033 6805
3 5727 3945 7213
3 3227 6853 6880
3 4043 3205 7096
3 6087 4494 7469
3 6636 4996 6889
3 6830 4105 7011
3 4302 4301 7182
3 6787 1578 6999
3 6780 3493 6907
3 2137 5221 7002
3 556 6038 6890
3 1665 7163 7286
3 6558 464 6735
3 2662 3574 6993
3 6374 1428 6992
3 4078 4074 6872
3 6770 184 6919
3 3135 6108 6836
3 6739 3828 6955
3 3274 3273 6996
3 3194 3195 6873
3 4952 4950 6968
3 5466 4505 7540
3 6137 2554 6998
3 3769 6112 6847
3 5187 2427 7513
3 5614 7018 7359
3 190 191 397
3 4990 1704 7436
3 4149 4150 6937
3 147 505 7298
3 4625 6144 6865
3 539 537 6929
3 541 539 6930
3 1612 5090 7549
3 4342 6917 7429
3 631 546 6974
3 4310 6845 6875
3 5740 5916 6989
3 3756 6164 7525
3 5010 6859 7471
3 3968 6460 6850
3 1892 1894 6868
3 245 246 6966
3 6560 4441 7254
3 325 326 7014
3 6016 4343 7314
3 4411 4410 7470
3 7362 4869 7495
3 6239 6317 6773
3 4771 6673 6851
3 429 11 6902
3 5973 7379 7465
3 3828 3918 6934
3 6030 6967 7076
3 6125 6768 6921
3 4034 4164 7269
3 4870 4869 7362
3 3985 5607 7241
3 4405 4406 6892
3 5263 4443 7047
3 5376 2137 7125
3 6475 243 7262
3 3894 3895 7007
3 5752 6470 6912
3 6884 3974 7050
3 711 713 6970
3 4789 4792 7077
3 6924 2186 7140
3 539 6929 6930
3 5705 5706 6988
3 5785 2207 6964
3 3863 6417 6807
3 4301 7067 7182
3 5913 6516 6775
3 4028 6350 6769
3 3149 4243 7053
3 474 6514 7207
3 4017 3411 7339
3 1428 1334 6940
3 4785 4185 7517
3 6540 7077 7330
3 4148 3759 6973
3 7024 795 7170
3 6377 4443 7134
3 3133 3344 7086
3 2382 7245 7365
3 6578 4105 6830
3 6347 1578 6863
3 1640 1545 6899
3 6030 1245 6967
3 3306 4306 6971
3 5091 395 7370
3 4980 6924 7140
3 4073 3964 7112
3 4106 4104 7252
3 4214 4360 6866
3 6255 2304 7223
3 6554 1170 7371
3 1070 1068 6960
3 5389 4218 7491
3 4064 4068 7423
3 5833 1647 7084
3 5736 7022 7173
3 203 204 7030
3 6798 5099 7226
3 6112 2619 6903
3 1373 6199 7133
3 6496 4229 7372
3 4467 7055 7526
3 545 6927 7199
3 6937 4150 6983
3 7317 4495 7374
3 4836 6644 6803
3 7485 463 7529
3 192 193 498
3 5932 5782 7242
3 4467 4749 7055
3 4955 4952 7010
3 495 6545 7018
3 6881 5697 7151
3 6482 3407 6904
3 4349 4348 6975
3 4703 5821 7009
3 1012 1015 7003
3 6768 3839 6921
3 2871 3052 6965
3 2507 2386 6938
3 6964 3892 7078
3 7030 204 7276
3 5364 5362 7076
3 2226 5920 6958
3 294 295 7026
3 6527 5093 6800
3 408 5193 7251
3 503 4 6908
3 5669 479 7012
3 6974 4305 7113
3 7094 4003 7130
3 7248 928 7524
3 5920 6879 6958
3 6484 2858 7010
3 4004 4003 7094
3 3704 4385 7271
3 448 168 7072
3 6380 4272 7271
3 5143 2455 7327
3 4385 4933 7233
3 193 194 6695
3 6663 5233 7070
3 548 550 7068
3 4404 4402 7380
3 897 6402 6984
3 4493 4492 7327
3 5099 2267 7226
3 6038 6869 6890
3 6055 7071 7334
3 195 196 5872
3 6906 4964 7438
3 1510 6125 6921
3 511 513 6999
3 7221 4254 7297
3 5614 495 7018
3 4150 4542 6983
3 3946 3948 7001
3 5977 4165 7493
3 6033 4601 7069
3 3239 6173 6931
3 2634 3129 7057
3 5156 5154 7025
3 6276 4133 6944
3 5829 2783 7035
3 3988 3986 7024
3 3992 6794 7158
3 3032 5932 7242
3 4233 3738 6977
3 7301 4366 7506
3 3997 4035 7043
3 2146 903 7039
3 18 19 7093
3 3342 6750 6839
3 3795 4044 6963
3 7472 4260 7500
3 6618 3204 6798
3 4850 6582 7518
3 1811 2070 7388
3 4939 7431 7499
3 5090 5097 7437
3 5528 5529 7035
3 5659 5658 7026
3 6920 3861 7037
3 395 5016 7325
3 5940 6830 7011
3 3323 6336 6835
3 7188 4147 7373
3 2302 2283 7019
3 6847 4288 6849
3 3885 3886 7020
3 3861 4140 7037
3 191 192 7064
3 4987 2551 7249
3 5347 454 7254
3 4610 4080 7297
3 1885 5291 7473
3 4494 6666 7281
3 2780 7055 7486
3 6032 6920 7037
3 3236 3234 7000
3 3843 6562 6948
3 515 693 7040
3 7249 2551 7348
3 487 6623 7333
3 5156 7025 7128
3 4757 4758 7395
3 6317 6498 6773
3 4128 4129 7118
3 3230 3229 6982
3 4435 5494 7060
3 1428 6940 6992
3 4154 6847 6903
3 4257 3900 7044
3 6358 501 7410
3 4591 4943 7123
3 6371 4398 6789
3 465 4994 7329
3 6461 397 7064
3 5839 6806 7029
3 4351 4302 6987
3 1382 1360 7308
3 6203 2740 6952
3 2206 6809 6870
3 6342 3843 6948
3 6673 4771 6959
3 4011 3036 7028
3 6997 2783 7114
3 2734 6797 6981
3 376 5070 7429
3 7281 4038 7469
3 4140 3271 7006
3 3228 2755 7315
3 400 5637 7519
3 5190 5192 7058
3 3662 4497 7512
3 7380 404 7451
3 5456 1644 7542
3 2686 3077 7065
3 4274 4273 6986
3 6055 3616 7071
3 456 6480 7180
3 3889 7016 7036
3 4430 4293 6979
3 2684 6985 7066
3 2 3 6667
3 480 5671 7061
3 5608 386 7190
3 3974 3999 7050
3 6562 1844 6948
3 6847 6112 6903
3 1010 1012 7056
3 6488 5100 6798
3 3894 7007 7126
3 4920 4016 7136
3 4167 6307 6923
3 6242 6084 6910
3 5369 688 7193
3 2044 5690 7548
3 2194 5837 7058
3 5679 6684 7375
3 4344 3891 7151
3 3076 3078 7015
3 1618 5967 6995
3 4022 4024 7175
3 6873 3195 7022
3 7013 3330 7274
3 3726 6356 6825
3 4683 4682 7061
3 1012 7003 7056
3 2387 5839 7029
3 1170 5389 7491
3 6872 4076 7092
3 6269 5355 6949
3 4965 2170 7501
3 5135 5134 7162
3 182 183 445
3 3023 4125 7146
3 437 313 7089
3 5398 3264 7538
3 4232 5190 7102
3 6241 5746 6950
3 4270 6815 7189
3 1068 1001 7049
3 2991 5940 7011
3 4717 4718 7229
3 6590 6319 6980
3 4228 6085 6985
3 4138 5398 7538
3 7098 3975 7150
3 3635 3631 7042
3 6356 2515 6825
3 5785 6964 7078
3 3003 2665 7097
3 2399 1910 7051
3 418 4615 7090
3 2649 3016 7048
3 399 6673 6959
3 4388 4389 6976
3 3568 3975 7098
3 4220 4219 7045
3 6791 4673 7205
3 3680 5900 7104
3 458 6481 6857
3 4040 6996 7272
3 463 4905 7529
3 6960 1068 7049
3 4367 4583 7135
3 7165 5464 7316
3 6834 918 7407
3 5118 425 7166
3 7058 5837 7102
3 6789 4398 7245
3 7042 5003 7433
3 6212 2036 7017
3 2678 3055 7114
3 1510 6921 7080
3 3821 6283 6941
3 974 5630 7524
3 2565 6347 6913
3 6956 3920 7107
3 4461 4026 7355
3 4003 5779 7130
3 3768 4318 7054
3 4676 4092 7091
3 5575 4660 7413
3 2304 6599 7223
3 1515 6276 6944
3 422 6653 7264
3 6485 1772 6900
3 472 6249 7545
3 4206 4205 7304
3 2406 5143 7316
3 5190 7058 7102
3 2638 7101 7437
3 4951 4953 6990
3 3705 7023 7192
3 5291 5288 7473
3 6896 2399 7051
3 7062 3956 7156
3 2572 2841 7377
3 5265 4221 7462
3 516 7075 7115
3 7155 5580 7168
3 2494 5311 7349
3 4988 4173 7295
3 4133 4132 7109
3 3195 3197 7022
3 5251 5248 7083
3 2834 7177 7197
3 4067 6821 7198
3 6712 4409 7358
3 2450 7100 7178
3 3262 5580 7155
3 3824 4800 7088
3 4761 4762 7525
3 4475 6532 6894
3 7226 2267 7386
3 4963 4962 7106
3 798 818 7152
3 931 937 7027
3 5665 5664 7124
3 4419 4422 7432
3 5158 5156 7128
3 5572 4480 7212
3 7142 3262 7155
3 2137 7002 7125
3 4841 4258 7313
3 516 514 7075
3 3722 5106 7333
3 5837 795 7102
3 4145 4314 7139
3 7339 3573 7360
3 4091 4304 7326
3 2313 6119 7106
3 530 7210 7214
3 5552 3262 7142
3 3230 6982 7087
3 4315 4448 7143
3 5862 5863 7127
3 6738 6242 6910
3 4743 6374 6992
3 404 4929 7451
3 7251 5193 7454
3 7271 4272 7374
3 2834 2683 7177
3 6319 1466 6980
3 6512 5572 7212
3 4152 6616 6839
3 4450 4453 7149
3 2230 6032 7037
3 5927 4380 7348
3 267 268 7131
3 2781 2410 7508
3 2190 2136 7220
3 6730 42 7243
3 4059 4252 7234
3 4859 4860 7385
3 6769 3199 7236
3 7272 3273 7332
3 4142 4141 7264
3 5437 5438 7416
3 5880 1510 7080
3 5690 5691 7163
3 1491 5346 7544
3 399 6959 7361
3 2010 6240 7281
3 3724 4476 7256
3 6854 450 7462
3 4981 4980 7140
3 264 265 7138
3 4897 4094 7335
3 6539 2654 7103
3 781 5785 7078
3 5422 6825 7278
3 4809 4808 7334
3 4237 4235 7363
3 3699 3090 7122
3 530 532 7210
3 3975 3977 7150
3 6986 4273 7038
3 5054 5056 7101
3 5580 5579 7168
3 6618 6798 7226
3 7227 3377 7314
3 3103 7108 7174
3 7148 4084 7282
3 3738 6949 6977
3 4099 4101 7095
3 5290 7185 7473
3 356 430 7398
3 3773 6050 7121
3 5637 5638 7519
3 1653 1651 7085
3 5663 2834 7197
3 6726 4324 7066
3 7123 3684 7353
3 6558 5025 6945
3 997 1885 7185
3 3698 4103 7081
3 4041 6030 7076
3 4137 3402 7137
3 5123 5125 7294
3 5697 421 7151
3 5111 2877 7502
3 1 2 5731
3 1360 1515 7308
3 6134 3956 7062
3 3772 6473 7052
3 471 6340 7515
3 5158 7128 7299
3 4915 7418 7419
3 187 6518 6826
3 2138 4906 7324
3 464 6558 6945
3 7480 4624 7535
3 3122 3171 7144
3 1062 1066 7105
3 3962 4671 7113
3 5408 5407 7481
3 2427 5464 7351
3 5230 3699 7530
3 6899 4220 7045
3 6260 3860 7074
3 2841 7277 7330
3 3103 5992 7108
3 6401 4087 6984
3 5226 4177 7492
3 527 530 7214
3 4157 3894 7126
3 7266 4350 7350
3 826 5677 7396
3 6950 5746 7298
3 5 457 6908
3 4485 4486 7196
3 7067 2656 7182
3 5249 7378 7394
3 1779 1868 7145
3 794 5826 7170
3 1331 1243 7393
3 2880 2557 7536
3 7496 4925 7521
3 6342 6948 7287
3 518 516 7115
3 3411 3573 7339
3 3387 5735 7204
3 6040 2656 7067
3 4814 3896 7157
3 5245 5252 7320
3 4500 6231 7063
3 6046 4119 7454
3 656 5776 7082
3 5687 4454 7167
3 443 6790 7432
3 4254 2862 7297
3 5555 2855 7487
3 2120 5177 7467
3 5551 3377 7227
3 4371 3245 7136
3 4130 4678 7312
3 4090 6693 6843
3 4109 6676 7246
3 2209 7161 7211
3 5161 5159 7116
3 5838 488 7099
3 473 5331 7235
3 4997 2138 7354
3 4117 4320 7357
3 4339 7460 7511
3 5708 2387 7318
3 951 953 7417
3 4660 4661 7413
3 7249 4381 7255
3 6391 6390 6942
3 204 170 7276
3 42 43 7243
3 1754 1752 7200
3 3988 7170 7202
3 3784 3277 7477
3 6825 2515 7278
3 4068 4069 7110
3 4837 4836 7447
3 4156 3495 7404
3 3994 3992 7158
3 4915 4917 7418
3 5739 6789 7245
3 3653 5589 7494
3 2209 5859 7161
3 2450 6203 7100
3 260 474 7207
3 5607 387 7241
3 4923 6701 7389
3 7109 4132 7176
3 5623 6391 6942
3 5249 5516 7378
3 1296 1298 7195
3 6985 6085 7066
3 7084 3886 7201
3 5641 410 7381
3 7170 5826 7202
3 4337 3662 7512
3 3860 6933 7074
3 6566 3917 7187
3 4916 4915 7419
3 3456 4138 7230
3 3895 6738 6910
3 3273 2185 7332
3 4125 6158 7146
3 498 6461 7064
3 5320 5324 7440
3 3919 4531 7107
3 4099 7095 7164
3 7096 4496 7505
3 4308 3988 7202
3 6629 4447 7190
3 4689 4020 7476
3 7099 5095 7390
3 2568 5775 7111
3 2208 5796 7379
3 7312 4926 7496
3 3642 3640 7171
3 2574 2572 7377
3 5081 7496 7521
3 1305 1399 7217
3 4260 5019 7500
3 5878 5347 7254
3 3354 3308 7514
3 5503 4034 7269
3 6209 3658 7070
3 5125 5126 7265
3 5145 4988 7295
3 782 7279 7309
3 5193 472 7454
3 4339 4340 7460
3 782 786 7279
3 5007 4187 7457
3 4540 7272 7332
3 4506 3410 7543
3 7222 2295 7369
3 4341 4339 7511
3 5544 6894 7008
3 4169 4168 7231
3 3956 4123 7156
3 4185 3246 7148
3 4825 3350 7208
3 4157 7126 7240
3 2186 5590 7140
3 1426 1499 7186
3 5630 4107 7248
3 1131 1127 7160
3 7331 334 7442
3 6275 4963 7265
3 2463 1927 7206
3 4625 6262 7535
3 5012 6628 7345
3 4383 7226 7386
3 3771 6772 7319
3 5695 484 7239
3 985 2120 7448
3 4302 7182 7306
3 5020 5022 7403
3 2485 3075 7258
3 5846 2209 7211
3 6001 3103 7174
3 5826 2208 7202
3 3351 292 7250
3 333 334 7331
3 4576 6610 7129
3 6204 3985 7241
3 244 3373 7262
3 551 547 7199
3 5776 2145 7224
3 1020 2305 7181
3 3895 6910 7007
3 3525 7159 7221
3 3162 6986 7038
3 4492 4488 7165
3 2766 5654 7266
3 747 782 7309
3 6190 2295 7222
3 4098 4099 7164
3 3385 4354 7421
3 4030 7053 7466
3 6347 6863 6913
3 5688 5689 7280
3 4939 4938 7431
3 3763 4506 7358
3 5250 5249 7394
3 1226 1288 7490
3 1752 1716 7293
3 5174 5176 7424
3 4273 6369 7038
3 4180 4179 7203
3 6782 2734 6981
3 6199 6380 7133
3 3886 5852 7201
3 4540 6011 7272
3 4089 4383 7386
3 4189 6221 7534
3 5258 1994 7455
3 5762 3509 7283
3 441 6547 7196
3 2877 5226 7492
3 2569 5736 7173
3 5370 6806 7183
3 5657 5659 7285
3 4584 375 7372
3 4132 4277 7176
3 4130 7312 7496
3 5593 1485 7288
3 4531 6502 7032
3 3317 3316 7232
3 7448 2120 7467
3 5162 5158 7299
3 4624 4625 7535
3 7045 4219 7194
3 5469 5466 7540
3 3109 3758 7509
3 5646 5644 7323
3 719 722 7273
3 4030 2983 7192
3 6017 3937 7169
3 6203 6952 7100
3 5851 7292 7384
3 7267 1943 7338
3 2173 5880 7209
3 5865 456 7180
3 7273 722 7302
3 4551 4548 7172
3 3917 6104 7187
3 7200 1752 7293
3 126 127 7268
3 2782 1425 7480
3 6613 496 6755
3 334 335 7442
3 4172 5663 7360
3 4011 7028 7117
3 2139 5582 7326
3 2173 7209 7301
3 867 5406 7383
3 7402 5681 7443
3 496 189 6755
3 4375 392 7112
3 2551 4082 7348
3 2267 5456 7386
3 238 239 7303
3 949 5846 7270
3 6509 393 7457
3 6863 4049 6913
3 6157 2450 7178
3 6772 3800 7319
3 743 745 7389
3 6665 2568 7229
3 4869 4867 7495
3 2548 3219 7307
3 5388 5387 7412
3 2841 2570 7277
3 4400 3913 7257
3 7332 2185 7402
3 2185 5681 7402
3 722 724 7302
3 5880 7080 7209
3 6165 4184 7247
3 4269 4270 7189
3 6831 4436 7471
3 7307 3219 7343
3 4893 6525 7436
3 4400 7257 7329
3 5846 7211 7270
3 6666 2010 7281
3 5952 4540 7332
3 741 1484 7510
3 3388 2679 7263
3 6492 3684 7123
3 1029 1027 7435
3 3199 6058 7236
3 4802 4172 7463
3 4262 4067 7198
3 2656 6217 7182
3 727 729 7422
3 1734 1663 7286
3 5311 7274 7349
3 3837 3497 7533
3 7386 5456 7542
3 6471 3230 7087
3 6224 4653 7487
3 2410 2412 7508
3 5851 6077 7292
3 2019 6634 6972
3 3203 2657 7218
3 942 944 7296
3 5230 4098 7237
3 3523 3525 7221
3 392 6529 7004
3 4715 4717 7356
3 3377 3378 7314
3 5978 3915 7253
3 3219 4344 7343
3 2867 6576 7052
3 7044 3055 7260
3 4098 7164 7237
3 338 469 7427
3 7082 5776 7224
3 6522 445 6770
3 1774 2043 7191
3 188 496 6518
3 6623 5118 7520
3 5280 5282 7383
3 6809 4708 6870
3 4662 6452 7459
3 5663 7339 7360
3 4102 5504 7430
3 5681 3851 7443
3 3063 4014 7274
3 4495 3704 7374
3 4825 7208 7328
3 3079 4134 7321
3 6858 4071 7285
3 378 186 6826
3 4263 6787 6999
3 6217 3203 7154
3 6390 3228 6942
3 505 6950 7298
3 6383 3789 7132
3 4745 4544 7464
3 6164 6600 7541
3 4402 4400 7329
3 2079 4095 7367
3 146 147 7298
3 5838 7099 7390
3 5746 146 7298
3 4618 6358 7410
3 2170 2167 7501
3 4350 4346 7350
3 5081 4130 7496
3 411 6164 7541
3 7257 465 7329
3 1686 1930 7322
3 3655 6255 7223
3 6302 2800 7188
3 1401 1307 7409
3 523 525 7382
3 828 1487 7445
3 4634 4223 7483
3 3153 4283 7546
3 6239 6773 7153
3 407 5614 7359
3 4083 7402 7443
3 4926 4925 7496
3 4326 6703 7370
3 4165 5729 7493
3 4269 7189 7532
3 5996 364 7213
3 3529 5977 7493
3 7294 5125 7401
3 5678 2177 7464
3 2200 2380 7352
3 5886 2173 7301
3 434 6079 7259
3 3954 6323 7340
3 7274 4014 7349
3 4323 7276 7541
3 5323 5321 7537
3 522 520 7344
3 190 397 6755
3 4422 4421 7184
3 6757 5469 7415
3 5973 4308 7379
3 4398 4397 7245
3 1981 5575 7413
3 4658 4171 7368
3 4038 3670 7469
3 5429 6778 7031
3 185 378 6919
3 887 875 7497
3 4586 4585 7244
3 1238 948 7415
3 240 466 7456
3 5952 7332 7402
3 1711 1586 7522
3 4364 4365 7216
3 4263 7040 7119
3 7373 4147 7479
3 6351 3023 7146
3 4621 6615 7303
3 2252 7384 7439
3 4925 6383 7521
3 196 499 5872
3 7350 4346 7411
3 4014 4416 7349
3 2095 1767 7310
3 3800 6946 7319
3 4461 7230 7538
3 4607 4606 7324
3 7360 6372 7463
3 4096 5230 7530
3 4671 4083 7443
3 5796 928 7465
3 927 974 7524
3 4089 7386 7542
3 2579 6335 7225
3 5090 7437 7549
3 1943 1941 7338
3 2858 6521 7033
3 415 195 5872
3 3373 6475 7262
3 6473 2867 7052
3 3902 4457 7396
3 4192 4327 7474
3 4430 6979 7120
3 1478 1400 7547
3 6850 437 7089
3 2252 5851 7384
3 6249 4178 7545
3 5070 3967 7429
3 6845 4666 6875
3 4135 4576 7515
3 3473 3390 7531
3 1667 2044 7548
3 2405 2408 7341
3 3132 3131 7337
3 6913 4051 7311
3 4346 4347 7411
3 4066 4064 7423
3 388 5082 7414
3 4044 6805 7458
3 127 6945 7268
3 918 916 7407
3 1350 1362 7420
3 4656 7103 7364
3 3825 4330 7406
3 7257 3913 7325
3 3573 6372 7360
3 3546 3248 7399
3 4944 4656 7364
3 4147 3269 7479
3 2295 5718 7369
3 6760 4643 7547
3 4174 4412 7478
3 4291 2981 7488
3 5979 2252 7439
3 543 960 7516
3 5988 5892 7498
3 3105 3107 7345
3 1511 1433 7346
3 4083 5952 7402
3 4876 6987 7306
3 6452 4662 7446
3 4219 6352 7194
3 4657 4269 7532
3 3913 4326 7325
3 4606 4608 7354
3 4076 6633 7092
3 3638 3624 7503
3 386 6629 7190
3 4596 4595 7523
3 430 7336 7398
3 4177 4835 7492
3 4835 4837 7502
3 4763 5973 7465
3 6121 6215 7466
3 3205 6662 7096
3 6340 4135 7515
3 1939 1937 7434
3 4983 4979 7391
3 412 5838 7390
3 3828 6934 6955
3 7324 4606 7354
3 6812 4305 7068
3 6410 429 7079
3 5588 412 7470
3 6665 4965 7501
3 412 7390 7470
3 2517 2345 7486
3 4943 6492 7123
3 5654 7201 7266
3 6627 4106 7252
3 6240 4038 7281
3 6050 4089 7542
3 2782 7480 7535
3 4277 6167 7347
3 3918 6055 7334
3 6017 7169 7305
3 7239 4296 7289
3 7244 4585 7388
3 7492 4835 7502
3 420 6239 7153
3 3469 7287 7428
3 1935 1933 7489
3 178 5544 7376
3 2520 6872 7092
3 6323 377 7340
3 6420 4044 7458
3 5346 6983 7544
3 4585 4587 7388
3 5016 7257 7325
3 6547 4485 7196
3 4623 4271 7438
3 3950 6950 7041
3 4178 6046 7545
3 3 503 6667
3 3226 6302 7373
3 1487 7411 7445
3 6458 2484 7215
3 6803 449 7447
3 6820 4746 7422
3 1644 6050 7542
3 4602 4603 7461
3 4172 7360 7463
3 6564 4257 7260
3 4687 6017 7305
3 4319 3469 7428
3 4416 6907 6991
3 3684 6293 7353
3 1281 1377 7453
3 392 7004 7112
3 7182 6217 7306
3 4487 6145 7351
3 5544 7008 7376
3 6934 4913 6955
3 4026 6146 7355
3 430 6155 7336
3 2138 7324 7354
3 6662 4127 7096
3 397 191 7064
3 6652 4832 7514
3 7245 4397 7365
3 6085 6726 7066
3 5239 5886 7506
3 5064 7038 7267
3 6369 1943 7267
3 3469 6342 7287
3 6838 2269 7412
3 4956 4955 7450
3 490 6730 7059
3 4327 7369 7474
3 6221 2296 7534
3 3525 6550 7159
3 6616 3653 7494
3 4262 6540 7330
3 2877 7492 7502
3 192 498 7064
3 7300 4277 7347
3 4397 6378 7365
3 2070 7244 7388
3 1647 7020 7084
3 2755 3126 7315
3 4173 6624 7295
3 6987 4302 7306
3 436 6406 7505
3 4072 6362 7141
3 4566 6452 7446
3 7139 4314 7206
3 6989 3997 7043
3 445 183 6770
3 7106 6119 7401
3 4271 6906 7438
3 7077 2841 7330
3 6518 4428 6826
3 6790 4419 7432
3 5345 7181 7290
3 5056 6096 7549
3 6145 4482 7513
3 4300 6554 7371
3 1515 6935 7308
3 5782 7127 7242
3 454 6560 7254
3 418 7090 7234
3 3820 6791 7205
3 7197 4017 7339
3 7437 5056 7549
3 6927 5396 7199
3 7016 447 7036
3 2387 7029 7318
3 6823 4607 7342
3 6866 4217 7441
3 2855 6224 7487
3 4308 7202 7379
3 2568 7111 7229
3 6302 7188 7373
3 5088 434 7259
3 6855 4624 7480
3 5390 7371 7491
3 7038 6369 7267
3 7202 2208 7379
3 6372 2238 7463
3 6767 3820 7205
3 4214 6866 7441
3 4719 7176 7300
3 5740 6989 7043
3 452 6627 7252
3 2841 7077 7377
3 6950 505 7041
3 7154 3203 7387
3 3704 7271 7374
3 2427 7351 7513
3 7351 6145 7513
3 377 6561 7340
3 4497 7204 7512
3 4993 6648 7393
3 6676 426 7246
3 6876 499 7507
3 4963 7106 7401
3 4383 6618 7226
3 6383 2790 7521
3 2515 6621 7278
3 4560 6639 7449
3 5886 7301 7506
3 7333 6623 7520
3 4187 6509 7457
3 4662 420 7446
3 7004 4073 7112
3 2565 6913 7311
3 2336 6956 7107
3 6406 4043 7505
3 6806 2016 7183
3 7371 1170 7491
3 420 7153 7446
3 498 193 6695
3 7020 3886 7084
3 5397 6927 7516
3 631 6974 7113
3 2780 7070 7526
3 7158 400 7519
3 6749 1373 7233
3 4221 6854 7462
3 4385 7133 7271
3 6498 443 7432
3 3132 7337 7482
3 5514 6997 7114
3 1618 6995 7291
3 6984 4087 7215
3 6945 5025 7268
3 7153 4566 7446
3 6544 399 7361
3 4085 6809 7282
3 4517 6888 7449
3 7040 693 7119
3 5731 2 6667
3 4444 6954 7288
3 6996 3273 7272
3 6671 4229 7397
3 4229 6496 7397
3 6684 4124 7375
3 3988 7024 7170
3 194 415 6695
3 5311 7013 7274
3 4094 6943 7335
3 5659 6858 7285
3 4224 6616 7494
3 4257 7044 7260
3 4422 6498 7432
3 5418 6936 7367
3 2302 7019 7280
3 6887 419 7452
3 7023 4355 7192
3 6935 5036 7308
3 6946 4086 7484
3 7163 5691 7286
3 6979 4431 7120
3 4836 6803 7447
3 6917 376 7429
3 6888 4560 7449
3 6600 4323 7541
3 6874 497 7459
3 4320 7258 7357
3 4381 6961 7255
3 7227 6328 7228
3 6823 4877 7387
3 5551 7227 7228
3 937 6832 7408
3 7137 5641 7381
3 7154 4876 7306
3 7111 4717 7229
3 7033 5714 7450
3 7053 4243 7466
3 499 197 7507
3 6980 1466 7475
3 6695 415 7179
3 6809 2206 7517
3 7127 5863 7242
3 7055 4749 7486
3 7017 2036 7476
3 4769 7060 7361
3 7037 4140 7518
3 6805 1207 7458
3 4068 7110 7385
3 7133 6380 7271
3 2949 6831 7471
3 4185 7148 7282
3 4676 7091 7382
3 2579 7225 7294
3 3203 7218 7387
3 4955 7033 7450
3 2230 7037 7518
3 7005 388 7414
3 7181 2305 7290
3 7176 4277 7300
3 6217 7154 7306
3 4492 7165 7316
3 2412 7378 7508
3 4354 7321 7421
3 3016 7319 7484
3 7225 5123 7294
3 5695 7239 7289
3 7077 4792 7377
3 7319 6946 7484
3 5324 7352 7440
3 7027 937 7408
3 3635 7042 7433
3 4137 7137 7381
3 5663 7197 7339
3 7048 3016 7484
3 7409 5469 7540
3 7070 5233 7526
3 7055 2780 7526
3 7101 5056 7437
3 6983 4542 7544
3 7282 6809 7517
3 7265 4963 7401
3 3699 7122 7530
3 5690 7163 7548
3 7258 3075 7357
3 4185 7282 7517
3 5118 7166 7520
3 5125 7265 7401
3 2296 7418 7534
3 197 198 7507
3 3994 7158 7519
3 7185 1885 7473
3 7405 4066 7423
3 7321 4134 7421
3 7204 5735 7512
3 7352 2380 7440
3 5630 7248 7524
3 4860 7405 7423
3 7230 4138 7538
3 1484 7478 7510
3 7378 5516 7508
3 3722 7333 7520
3 7478 4412 7510
3 1401 7409 7540
3 5321 7498 7537
3 7418 4917 7534
3 7498 5892 7537
3 0 1 5731
3 363 0 5731
3 198 218 6876
3 198 6876 7507

CELL_TYPES 15299
1
1
1
1
1
1
1
1
1
1
1
1
1
1
1
1
1
1
1
1
1
1
1
1
1
1
1
1
1
1
1
1
1
1
1
1
1
1
1
1
1
1
1
1
1
1
1
1
1
1
1
1
1
1
1
1
1
1
1
1
1
1
1
1
1
1
1
1
1
1
1
1
1
1
1
1
1
1
1
1
1
1
1
1
1
1
1
1
1
1
1
1
1
1
1
1
1
1
1
1
1
1
1
1
1
1
1
1
1
1
1
1
1
1
1
1
1
1
1
1
1
1
1
1
1
1
1
1
1
1
1
1
1
1
1
1
1
1
1
1
1
1
1
1
1
1
1
1
1
1
1
1
1
1
1
1
1
1
1
1
1
1
1
1
1
1
1
1
1
1
1
1
1
1
1
1
1
1
1
1
1
1
1
1
1
1
1
1
1
1
1
1
1
1
1
1
1
1
1
1
1
3
3
3
3
3
3
3
3
3
3
3
3
3
3
3
3
3
3
3
3
3
3
3
3
3
3
3
3
3
3
3
3
3
3
3
3
3
3
3
3
3
3
3
3
3
3
3
3
3
3
3
3
3
3
3
3
3
3
3
3
3
3
3
3
3
3
3
3
3
3
3
3
3
3
3
3
3
3
3
3
3
3
3
3
3
3
3
3
3
3
3
3
3
3
3
3
3
3
3
3
3
3
3
3
3
3
3
3
3
3
3
3
3
3
3
3
3
3
3
3
3
3
3
3
3
3
3
3
3
3
3
3
3
3
3
3
3
3
3
3
3
3
3
3
3
3
3
3
3
3
3
3
3
3
3
3
3
3
3
3
3
3
3
3
3
3
3
3
3
3
3
3
3
3
3
3
3
3
3
3
3
3
3
3
3
3
3
3
3
3
3
3
3
3
3
3
3
3
3
3
3
3
3
3
3
3
3
3
3
3
3
3
3
3
3
3
3
3
3
3
3
3
3
3
3
3
3
3
3
3
3
3
3
3
3
3
3
3
3
3
3
3
3
3
3
3
3
3
3
3
3
3
3
3
3
3
3
3
3
3
3
3
3
3
3
3
3
3
3
3
3
3
3
3
3
3
3
3
3
3
3
3
3
3
3
3
3
3
3
3
3
3
3
3
3
3
3
3
3
3
3
3
3
3
3
3
3
3
3
3
3
3
3
3
3
3
3
3
3
3
3
3
3
3
3
3
3
3
3
3
3
3
3
3
3
3
3
3
3
3
3
3
3
3
3
3
3
3
3
3
3
3
3
3
3
3
3
3
3
3
3
3
3
3
5
5
5
5
5
5
5
5
5
5
5
5
5
5
5
5
5
5
5
5
5
5
5
5
5
5
5
5
5
5
5
5
5
5
5
5
5
5
5
5
5
5
5
5
5
5
5
5
5
5
5
5
5
5
5
5
5
5
5
5
5
5
5
5
5
5
5
5
5
5
5
5
5
5
5
5
5
5
5
5
5
5
5
5
5
5
5
5
5
5
5
5
5
5
5
5
5
5
5
5
5
5
5
5
5
5
5
5
5
5
5
5
5
5
5
5
5
5
5
5
5
5
5
5
5
5
5
5
5
5
5
5
5
5
5
5
5
5
5
5
5
5
5
5
5
5
5
5
5
5
5
5
5
5
5
5
5
5
5
5
5
5
5
5
5
5
5
5
5
5
5
5
5
5
5
5
5
5
5
5
5
5
5
5
5
5
5
5
5
5
5
5
5
5
5
5
5
5
5
5
5
5
5
5
5
5
5
5
5
5
5
5
5
5
5
5
5
5
5
5
5
5
5
5
5
5
5
5
5
5
5
5
5
5
5
5
5
5
5
5
5
5
5
5
5
5
5
5
5
5
5
5
5
5
5
5
5
5
5
5
5
5
5
5
5
5
5
5
5
5
5
5
5
5
5
5
5
5
5
5
5
5
5
5
5
5
5
5
5
5
5
5
5
5
5
5
5
5
5
5
5
5
5
5
5
5
5
5
5
5
5
5
5
5
5
5
5
5
5
5
5
5
5
5
5
5
5
5
5
5
5
5
5
5
5
5
5
5
5
5
5
5
5
5
5
5
5
5
5
5
5
5
5
5
5
5
5
5
5
5
5
5
5
5
5
5
5
5
5
5
5
5
5
5
5
5
5
5
5
5
5
5
5
5
5
5
5
5
5
5
5
5
5
5
5
5
5
5
5
5
5
5
5
5
5
5
5
5
5
5
5
5
5
5
5
5
5
5
5
5
5
5
5
5
5
5
5
5
5
5
5
5
5
5
5
5
5
5
5
5
5
5
5
5
5
5
5
5
5
5
5
5
5
5
5
5
5
5
5
5
5
5
5
5
5
5
5
5
5
5
5
5
5
5
5
5
5
5
5
5
5
5
5
5
5
5
5
5
5
5
5
5
5
5
5
5
5
5
5
5
5
5
5
5
5
5
5
5
5
5
5
5
5
5
5
5
5
5
5
5
5
5
5
5
5
5
5
5
5
5
5
5
5
5
5
5
5
5
5
5
5
5
5
5
5
5
5
5
5
5
5
5
5
5
5
5
5
5
5
5
5
5
5
5
5
5
5
5
5
5
5
5
5
5
5
5
5
5
5
5
5
5
5
5
5
5
5
5
5
5
5
5
5
5
5
5
5
5
5
5
5
5
5
5
5
5
5
5
5
5
5
5
5
5
5
5
5
5
5
5
5
5
5
5
5
5
5
5
5
5
5
5
5
5
5
5
5
5
5
5
5
5
5
5
5
5
5
5
5
5
5
5
5
5
5
5
5
5
5
5
5
5
5
5
5
5
5
5
5
5
5
5
5
5
5
5
5
5
5
5
5
5
5
5
5
5
5
5
5
5
5
5
5
5
5
5
5
5
5
5
5
5
5
5
5
5
5
5
5
5
5
5
5
5
5
5
5
5
5
5
5
5
5
5
5
5
5
5
5
5
5
5
5
5
5
5
5
5
5
5
5
5
5
5
5
5
5
5
5
5
5
5
5
5
5
5
5
5
5
5
5
5
5
5
5
5
5
5
5
5
5
5
5
5
5
5
5
5
5
5
5
5
5
5
5
5
5
5
5
5
5
5
5
5
5
5
5
5
5
5
5
5
5
5
5
5
5
5
5
5
5
5
5
5
5
5
5
5
5
5
5
5
5
5
5
5
5
5
5
5
5
5
5
5
5
5
5
5
5
5
5
5
5
5
5
5
5
5
5
5
5
5
5
5
5
5
5
5
5
5
5
5
5
5
5
5
5
5
5
5
5
5
5
5
5
5
5
5
5
5
5
5
5
5
5
5
5
5
5
5
5
5
5
5
5
5
5
5
5
5
5
5
5
5
5
5
5
5
5
5
5
5
5
5
5
5
5
5
5
5
5
5
5
5
5
5
5
5
5
5
5
5
5
5
5
5
5
5
5
5
5
5
5
5
5
5
5
5
5
5
5
5
5
5
5
5
5
5
5
5
5
5
5
5
5
5
5
5
5
5
5
5
5
5
5
5
5
5
5
5
5
5
5
5
5
5
5
5
5
5
5
5
5
5
5
5
5
5
5
5
5
5
5
5
5
5
5
5
5
5
5
5
5
5
5
5
5
5
5
5
5
5
5
5
5
5
5
5
5
5
5
5
5
5
5
5
5
5
5
5
5
5
5
5
5
5
5
5
5
5
5
5
5
5
5
5
5
5
5
5
5
5
5
5
5
5
5
5
5
5
5
5
5
5
5
5
5
5
5
5
5
5
5
5
5
5
5
5
5
5
5
5
5
5
5
5
5
5
5
5
5
5
5
5
5
5
5
5
5
5
5
5
5
5
5
5
5
5
5
5
5
5
5
5
5
5
5
5
5
5
5
5
5
5
5
5
5
5
5
5
5
5
5
5
5
5
5
5
5
5
5
5
5
5
5
5
5
5
5
5
5
5
5
5
5
5
5
5
5
5
5
5
5
5
5
5
5
5
5
5
5
5
5
5
5
5
5
5
5
5
5
5
5
5
5
5
5
5
5
5
5
5
5
5
5
5
5
5
5
5
5
5
5
5
5
5
5
5
5
5
5
5
5
5
5
5
5
5
5
5
5
5
5
5
5
5
5
5
5
5
5
5
5
5
5
5
5
5
5
5
5
5
5
5
5
5
5
5
5
5
5
5
5
5
5
5
5
5
5
5
5
5
5
5
5
5
5
5
5
5
5
5
5
5
5
5
5
5
5
5
5
5
5
5
5
5
5
5
5
5
5
5
5
5
5
5
5
5
5
5
5
5
5
5
5
5
5
5
5
5
5
5
5
5
5
5
5
5
5
5
5
5
5
5
5
5
5
5
5
5
5
5
5
5
5
5
5
5
5
5
5
5
5
5
5
5
5
5
5
5
5
5
5
5
5
5
5
5
5
5
5
5
5
5
5
5
5
5
5
5
5
5
5
5
5
5
5
5
5
5
5
5
5
5
5
5
5
5
5
5
5
5
5
5
5
5
5
5
5
5
5
5
5
5
5
5
5
5
5
5
5
5
5
5
5
5
5
5
5
5
5
5
5
5
5
5
5
5
5
5
5
5
5
5
5
5
5
5
5
5
5
5
5
5
5
5
5
5
5
5
5
5
5
5
5
5
5
5
5
5
5
5
5
5
5
5
5
5
5
5
5
5
5
5
5
5
5
5
5
5
5
5
5
5
5
5
5
5
5
5
5
5
5
5
5
5
5
5
5
5
5
5
5
5
5
5
5
5
5
5
5
5
5
5
5
5
5
5
5
5
5
5
5
5
5
5
5
5
5
5
5
5
5
5
5
5
5
5
5
5
5
5
5
5
5
5
5
5
5
5
5
5
5
5
5
5
5
5
5
5
5
5
5
5
5
5
5
5
5
5
5
5
5
5
5
5
5
5
5
5
5
5
5
5
5
5
5
5
5
5
5
5
5
5
5
5
5
5
5
5
5
5
5
5
5
5
5
5
5
5
5
5
5
5
5
5
5
5
5
5
5
5
5
5
5
5
5
5
5
5
5
5
5
5
5
5
5
5
5
5
5
5
5
5
5
5
5
5
5
5
5
5
5
5
5
5
5
5
5
5
5
5
5
5
5
5
5
5
5
5
5
5
5
5
5
5
5
5
5
5
5
5
5
5
5
5
5
5
5
5
5
5
5
5
5
5
5
5
5
5
5
5
5
5
5
5
5
5
5
5
5
5
5
5
5
5
5
5
5
5
5
5
5
5
5
5
5
5
5
5
5
5
5
5
5
5
5
5
5
5
5
5
5
5
5
5
5
5
5
5
5
5
5
5
5
5
5
5
5
5
5
5
5
5
5
5
5
5
5
5
5
5
5
5
5
5
5
5
5
5
5
5
5
5
5
5
5
5
5
5
5
5
5
5
5
5
5
5
5
5
5
5
5
5
5
5
5
5
5
5
5
5
5
5
5
5
5
5
5
5
5
5
5
5
5
5
5
5
5
5
5
5
5
5
5
5
5
5
5
5
5
5
5
5
5
5
5
5
5
5
5
5
5
5
5
5
5
5
5
5
5
5
5
5
5
5
5
5
5
5
5
5
5
5
5
5
5
5
5
5
5
5
5
5
5
5
5
5
5
5
5
5
5
5
5
5
5
5
5
5
5
5
5
5
5
5
5
5
5
5
5
5
5
5
5
5
5
5
5
5
5
5
5
5
5
5
5
5
5
5
5
5
5
5
5
5
5
5
5
5
5
5
5
5
5
5
5
5
5
5
5
5
5
5
5
5
5
5
5
5
5
5
5
5
5
5
5
5
5
5
5
5
5
5
5
5
5
5
5
5
5
5
5
5
5
5
5
5
5
5
5
5
5
5
5
5
5
5
5
5
5
5
5
5
5
5
5
5
5
5
5
5
5
5
5
5
5
5
5
5
5
5
5
5
5
5
5
5
5
5
5
5
5
5
5
5
5
5
5
5
5
5
5
5
5
5
5
5
5
5
5
5
5
5
5
5
5
5
5
5
5
5
5
5
5
5
5
5
5
5
5
5
5
5
5
5
5
5
5
5
5
5
5
5
5
5
5
5
5
5
5
5
5
5
5
5
5
5
5
5
5
5
5
5
5
5
5
5
5
5
5
5
5
5
5
5
5
5
5
5
5
5
5
5
5
5
5
5
5
5
5
5
5
5
5
5
5
5
5
5
5
5
5
5
5
5
5
5
5
5
5
5
5
5
5
5
5
5
5
5
5
5
5
5
5
5
5
5
5
5
5
5
5
5
5
5
5
5
5
5
5
5
5
5
5
5
5
5
5
5
5
5
5
5
5
5
5
5
5
5
5
5
5
5
5
5
5
5
5
5
5
5
5
5
5
5
5
5
5
5
5
5
5
5
5
5
5
5
5
5
5
5
5
5
5
5
5
5
5
5
5
5
5
5
5
5
5
5
5
5
5
5
5
5
5
5
5
5
5
5
5
5
5
5
5
5
5
5
5
5
5
5
5
5
5
5
5
5
5
5
5
5
5
5
5
5
5
5
5
5
5
5
5
5
5
5
5
5
5
5
5
5
5
5
5
5
5
5
5
5
5
5
5
5
5
5
5
5
5
5
5
5
5
5
5
5
5
5
5
5
5
5
5
5
5
5
5
5
5
5
5
5
5
5
5
5
5
5
5
5
5
5
5
5
5
5
5
5
5
5
5
5
5
5
5
5
5
5
5
5
5
5
5
5
5
5
5
5
5
5
5
5
5
5
5
5
5
5
5
5
5
5
5
5
5
5
5
5
5
5
5
5
5
5
5
5
5
5
5
5
5
5
5
5
5
5
5
5
5
5
5
5
5
5
5
5
5
5
5
5
5
5
5
5
5
5
5
5
5
5
5
5
5
5
5
5
5
5
5
5
5
5
5
5
5
5
5
5
5
5
5
5
5
5
5
5
5
5
5
5
5
5
5
5
5
5
5
5
5
5
5
5
5
5
5
5
5
5
5
5
5
5
5
5
5
5
5
5
5
5
5
5
5
5
5
5
5
5
5
5
5
5
5
5
5
5
5
5
5
5
5
5
5
5
5
5
5
5
5
5
5
5
5
5
5
5
5
5
5
5
5
5
5
5
5
5
5
5
5
5
5
5
5
5
5
5
5
5
5
5
5
5
5
5
5
5
5
5
5
5
5
5
5
5
5
5
5
5
5
5
5
5
5
5
5
5
5
5
5
5
5
5
5
5
5
5
5
5
5
5
5
5
5
5
5
5
5
5
5
5
5
5
5
5
5
5
5
5
5
5
5
5
5
5
5
5
5
5
5
5
5
5
5
5
5
5
5
5
5
5
5
5
5
5
5
5
5
5
5
5
5
5
5
5
5
5
5
5
5
5
5
5
5
5
5
5
5
5
5
5
5
5
5
5
5
5
5
5
5
5
5
5
5
5
5
5
5
5
5
5
5
5
5
5
5
5
5
5
5
5
5
5
5
5
5
5
5
5
5
5
5
5
5
5
5
5
5
5
5
5
5
5
5
5
5
5
5
5
5
5
5
5
5
5
5
5
5
5
5
5
5
5
5
5
5
5
5
5
5
5
5
5
5
5
5
5
5
5
5
5
5
5
5
5
5
5
5
5
5
5
5
5
5
5
5
5
5
5
5
5
5
5
5
5
5
5
5
5
5
5
5
5
5
5
5
5
5
5
5
5
5
5
5
5
5
5
5
5
5
5
5
5
5
5
5
5
5
5
5
5
5
5
5
5
5
5
5
5
5
5
5
5
5
5
5
5
5
5
5
5
5
5
5
5
5
5
5
5
5
5
5
5
5
5
5
5
5
5
5
5
5
5
5
5
5
5
5
5
5
5
5
5
5
5
5
5
5
5
5
5
5
5
5
5
5
5
5
5
5
5
5
5
5
5
5
5
5
5
5
5
5
5
5
5
5
5
5
5
5
5
5
5
5
5
5
5
5
5
5
5
5
5
5
5
5
5
5
5
5
5
5
5
5
5
5
5
5
5
5
5
5
5
5
5
5
5
5
5
5
5
5
5
5
5
5
5
5
5
5
5
5
5
5
5
5
5
5
5
5
5
5
5
5
5
5
5
5
5
5
5
5
5
5
5
5
5
5
5
5
5
5
5
5
5
5
5
5
5
5
5
5
5
5
5
5
5
5
5
5
5
5
5
5
5
5
5
5
5
5
5
5
5
5
5
5
5
5
5
5
5
5
5
5
5
5
5
5
5
5
5
5
5
5
5
5
5
5
5
5
5
5
5
5
5
5
5
5
5
5
5
5
5
5
5
5
5
5
5
5
5
5
5
5
5
5
5
5
5
5
5
5
5
5
5
5
5
5
5
5
5
5
5
5
5
5
5
5
5
5
5
5
5
5
5
5
5
5
5
5
5
5
5
5
5
5
5
5
5
5
5
5
5
5
5
5
5
5
5
5
5
5
5
5
5
5
5
5
5
5
5
5
5
5
5
5
5
5
5
5
5
5
5
5
5
5
5
5
5
5
5
5
5
5
5
5
5
5
5
5
5
5
5
5
5
5
5
5
5
5
5
5
5
5
5
5
5
5
5
5
5
5
5
5
5
5
5
5
5
5
5
5
5
5
5
5
5
5
5
5
5
5
5
5
5
5
5
5
5
5
5
5
5
5
5
5
5
5
5
5
5
5
5
5
5
5
5
5
5
5
5
5
5
5
5
5
5
5
5
5
5
5
5
5
5
5
5
5
5
5
5
5
5
5
5
5
5
5
5
5
5
5
5
5
5
5
5
5
5
5
5
5
5
5
5
5
5
5
5
5
5
5
5
5
5
5
5
5
5
5
5
5
5
5
5
5
5
5
5
5
5
5
5
5
5
5
5
5
5
5
5
5
5
5
5
5
5
5
5
5
5
5
5
5
5
5
5
5
5
5
5
5
5
5
5
5
5
5
5
5
5
5
5
5
5
5
5
5
5
5
5
5
5
5
5
5
5
5
5
5
5
5
5
5
5
5
5
5
5
5
5
5
5
5
5
5
5
5
5
5
5
5
5
5
5
5
5
5
5
5
5
5
5
5
5
5
5
5
5
5
5
5
5
5
5
5
5
5
5
5
5
5
5
5
5
5
5
5
5
5
5
5
5
5
5
5
5
5
5
5
5
5
5
5
5
5
5
5
5
5
5
5
5
5
5
5
5
5
5
5
5
5
5
5
5
5
5
5
5
5
5
5
5
5
5
5
5
5
5
5
5
5
5
5
5
5
5
5
5
5
5
5
5
5
5
5
5
5
5
5
5
5
5
5
5
5
5
5
5
5
5
5
5
5
5
5
5
5
5
5
5
5
5
5
5
5
5
5
5
5
5
5
5
5
5
5
5
5
5
5
5
5
5
5
5
5
5
5
5
5
5
5
5
5
5
5
5
5
5
5
5
5
5
5
5
5
5
5
5
5
5
5
5
5
5
5
5
5
5
5
5
5
5
5
5
5
5
5
5
5
5
5
5
5
5
5
5
5
5
5
5
5
5
5
5
5
5
5
5
5
5
5
5
5
5
5
5
5
5
5
5
5
5
5
5
5
5
5
5
5
5
5
5
5
5
5
5
5
5
5
5
5
5
5
5
5
5
5
5
5
5
5
5
5
5
5
5
5
5
5
5
5
5
5
5
5
5
5
5
5
5
5
5
5
5
5
5
5
5
5
5
5
5
5
5
5
5
5
5
5
5
5
5
5
5
5
5
5
5
5
5
5
5
5
5
5
5
5
5
5
5
5
5
5
5
5
5
5
5
5
5
5
5
5
5
5
5
5
5
5
5
5
5
5
5
5
5
5
5
5
5
5
5
5
5
5
5
5
5
5
5
5
5
5
5
5
5
5
5
5
5
5
5
5
5
5
5
5
5
5
5
5
5
5
5
5
5
5
5
5
5
5
5
5
5
5
5
5
5
5
5
5
5
5
5
5
5
5
5
5
5
5
5
5
5
5
5
5
5
5
5
5
5
5
5
5
5
5
5
5
5
5
5
5
5
5
5
5
5
5
5
5
5
5
5
5
5
5
5
5
5
5
5
5
5
5
5
5
5
5
5
5
5
5
5
5
5
5
5
5
5
5
5
5
5
5
5
5
5
5
5
5
5
5
5
5
5
5
5
5
5
5
5
5
5
5
5
5
5
5
5
5
5
5
5
5
5
5
5
5
5
5
5
5
5
5
5
5
5
5
5
5
5
5
5
5
5
5
5
5
5
5
5
5
5
5
5
5
5
5
5
5
5
5
5
5
5
5
5
5
5
5
5
5
5
5
5
5
5
5
5
5
5
5
5
5
5
5
5
5
5
5
5
5
5
5
5
5
5
5
5
5
5
5
5
5
5
5
5
5
5
5
5
5
5
5
5
5
5
5
5
5
5
5
5
5
5
5
5
5
5
5
5
5
5
5
5
5
5
5
5
5
5
5
5
5
5
5
5
5
5
5
5
5
5
5
5
5
5
5
5
5
5
5
5
5
5
5
5
5
5
5
5
5
5
5
5
5
5
5
5
5
5
5
5
5
5
5
5
5
5
5
5
5
5
5
5
5
5
5
5
5
5
5
5
5
5
5
5
5
5
5
5
5
5
5
5
5
5
5
5
5
5
5
5
5
5
5
5
5
5
5
5
5
5
5
5
5
5
5
5
5
5
5
5
5
5
5
5
5
5
5
5
5
5
5
5
5
5
5
5
5
5
5
5
5
5
5
5
5
5
5
5
5
5
5
5
5
5
5
5
5
5
5
5
5
5
5
5
5
5
5
5
5
5
5
5
5
5
5
5
5
5
5
5
5
5
5
5
5
5
5
5
5
5
5
5
5
5
5
5
5
5
5
5
5
5
5
5
5
5
5
5
5
5
5
5
5
5
5
5
5
5
5
5
5
5
5
5
5
5
5
5
5
5
5
5
5
5
5
5
5
5
5
5
5
5
5
5
5
5
5
5
5
5
5
5
5
5
5
5
5
5
5
5
5
5
5
5
5
5
5
5
5
5
5
5
5
5
5
5
5
5
5
5
5
5
5
5
5
5
5
5
5
5
5
5
5
5
5
5
5
5
5
5
5
5
5
5
5
5
5
5
5
5
5
5
5
5
5
5
5
5
5
5
5
5
5
5
5
5
5
5
5
5
5
5
5
5
5
5
5
5
5
5
5
5
5
5
5
5
5
5
5
5
5
5
5
5
5
5
5
5
5
5
5
5
5
5
5
5
5
5
5
5
5
5
5
5
5
5
5
5
5
5
5
5
5
5
5
5
5
5
5
5
5
5
5
5
5
5
5
5
5
5
5
5
5
5
5
5
5
5
5
5
5
5
5
5
5
5
5
5
5
5
5
5
5
5
5
5
5
5
5
5
5
5
5
5
5
5
5
5
5
5
5
5
5
5
5
5
5
5
5
5
5
5
5
5
5
5
5
5
5
5
5
5
5
5
5
5
5
5
5
5
5
5
5
5
5
5
5
5
5
5
5
5
5
5
5
5
5
5
5
5
5
5
5
5
5
5
5
5
5
5
5
5
5
5
5
5
5
5
5
5
5
5
5
5
5
5
5
5
5
5
5
5
5
5
5
5
5
5
5
5
5
5
5
5
5
5
5
5
5
5
5
5
5
5
5
5
5
5
5
5
5
5
5
5
5
5
5
5
5
5
5
5
5
5
5
5
5
5
5
5
5
5
5
5
5
5
5
5
5
5
5
5
5
5
5
5
5
5
5
5
5
5
5
5
5
5
5
5
5
5
5
5
5
5
5
5
5
5
5
5
5
5
5
5
5
5
5
5
5
5
5
5
5
5
5
5
5
5
5
5
5
5
5
5
5
5
5
5
5
5
5
5
5
5
5
5
5
5
5
5
5
5
5
5
5
5
5
5
5
5
5
5
5
5
5
5
5
5
5
5
5
5
5
5
5
5
5
5
5
5
5
5
5
5
5
5
5
5
5
5
5
5
5
5
5
5
5
5
5
5
5
5
5
5
5
5
5
5
5
5
5
5
5
5
5
5
5
5
5
5
5
5
5
5
5
5
5
5
5
5
5
5
5
5
5
5
5
5
5
5
5
5
5
5
5
5
5
5
5
5
5
5
5
5
5
5
5
5
5
5
5
5
5
5
5
5
5
5
5
5
5
5
5
5
5
5
5
5
5
5
5
5
5
5
5
5
5
5
5
5
5
5
5
5
5
5
5
5
5
5
5
5
5
5
5
5
5
5
5
5
5
5
5
5
5
5
5
5
5
5
5
5
5
5
5
5
5
5
5
5
5
5
5
5
5
5
5
5
5
5
5
5
5
5
5
5
5
5
5
5
5
5
5
5
5
5
5
5
5
5
5
5
5
5
5
5
5
5
5
5
5
5
5
5
5
5
5
5
5
5
5
5
5
5
5
5
5
5
5
5
5
5
5
5
5
5
5
5
5
5
5
5
5
5
5
5
5
5
5
5
5
5
5
5
5
5
5
5
5
5
5
5
5
5
5
5
5
5
5
5
5
5
5
5
5
5
5
5
5
5
5
5
5
5
5
5
5
5
5
5
5
5
5
5
5
5
5
5
5
5
5
5
5
5
5
5
5
5
5
5
5
5
5
5
5
5
5
5
5
5
5
5
5
5
5
5
5
5
5
5
5
5
5
5
5
5
5
5
5
5
5
5
5
5
5
5
5
5
5
5
5
5
5
5
5
5
5
5
5
5
5
5
5
5
5
5
5
5
5
5
5
5
5
5
5
5
5
5
5
5
5
5
5
5
5
5
5
5
5
5
5
5
5
5
5
5
5
5
5
5
5
5
5
5
5
5
5
5
5
5
5
5
5
5
5
5
5
5
5
5
5
5
5
5
5
5
5
5
5
5
5
5
5
5
5
5
5
5
5
5
5
5
5
5
5
5
5
5
5
5
5
5
5
5
5
5
5
5
5
5
5
5
5
5
5
5
5
5
5
5
5
5
5
5
5
5
5
5
5
5
5
5
5
5
5
5
5
5
5
5
5
5
5
5
5
5
5
5
5
5
5
5
5
5
5
5
5
5
5
5
5
5
5
5
5
5
5
5
5
5
5
5
5
5
5
5
5
5
5
5
5
5
5
5
5
5
5
5
5
5
5
5
5
5
5
5
5
5
5
5
5
5
5
5
5
5
5
5
5
5
5
5
5
5
5
5
5
5
5
5
5
5
5
5
5
5
5
5
5
5
5
5
5
5
5
5
5
5
5
5
5
5
5
5
5
5
5
5
5
5
5
5
5
5
5
5
5
5
5
5
5
5
5
5
5
5
5
5
5
5
5
5
5
5
5
5
5
5
5
5
5
5
5
5
5
5
5
5
5
5
5
5
5
5
5
5
5
5
5
5
5
5
5
5
5
5
5
5
5
5
5
5
5
5
5
5
5
5
5
5
5
5
5
5
5
5
5
5
5
5
5
5
5
5
5
5
5
5
5
5
5
5
5
5
5
5
5
5
5
5
5
5
5
5
5
5
5
5
5
5
5
5
5
5
5
5
5
5
5
5
5
5
5
5
5
5
5
5
5
5
5
5
5
5
5
5
5
5
5
5
5
5
5
5
5
5
5
5
5
5
5
5
5
5
5
5
5
5
5
5
5
5
5
5
5
5
5
5
5
5
5
5
5
5
5
5
5
5
5
5
5
5
5
5
5
5
5
5
5
5
5
5
5
5
5
5
5
5
5
5
5
5
5
5
5
5
5
5
5
5
5
5
5
5
5
5
5
5
5
5
5
5
5
5
5
5
5
5
5
5
5
5
5
5
5
5
5
5
5
5
5
5
5
5
5
5
5
5
5
5
5
5
5
5
5
5
5
5
5
5
5
5
5
5
5
5
5
5
5
5
5
5
5
5
5
5
5
5
5
5
5
5
5
5
5
5
5
5
5
5
5
5
5
5
5
5
5
5
5
5
5
5
5
5
5
5
5
5
5
5
5
5
5
5
5
5
5
5
5
5
5
5
5
5
5
5
5
5
5
5
5
5
5
5
5
5
5
5
5
5
5
5
5
5
5
5
5
5
5
5
5
5
5
5
5
5
5
5
5
5
5
5
5
5
5
5
5
5
5
5
5
5
5
5
5
5
5
5
5
5
5
5
5
5
5
5
5
5
5
5
5
5
5
5
5
5
5
5
5
5
5
5
5
5
5
5
5
5
5
5
5
5
5
5
5
5
5
5
5
5
5
5
5
5
5
5
5
5
5
5
5
5
5
5
5
5
5
5
5
5
5
5
5
5
5
5
5
5
5
5
5
5
5
5
5
5
5
5
5
5
5
5
5
5
5
5
5
5
5
5
5
5
5
5
5
5
5
5
5
5
5
5
5
5
5
5
5
5
5
5
5
5
5
5
5
5
5
5
5
5
5
5
5
5
5
5
5
5
5
5
5
5
5
5
5
5
5
5
5
5
5
5
5
5
5
5
5
5
5
5
5
5
5
5
5
5
5
5
5
5
5
5
5
5
5
5
5
5
5
5
5
5
5
5
5
5
5
5
5
5
5
5
5
5
5
5
5
5
5
5
5
5
5
5
5
5
5
5
5
5
5
5
5
5
5
5
5
5
5
5
5
5
5
5
5
5
5
5
5
5
5
5
5
5
5
5
5
5
5
5
5
5
5
5
5
5
5
5
5
5
5
5
5
5
5
5
5
5
5
5
5
5
5
5
5
5
5
5
5
5
5
5
5
5
5
5
5
5
5
5
5
5
5
5
5
5
5
5
5
5
5
5
5
5
5
5
5
5
5
5
5
5
5
5
5
5
5
5
5
5
5
5
5
5
5
5
5
5
5
5
5
5
5
5
5
5
5
5
5
5
5
5
5
5
5
5
5
5
5
5
5
5
5
5
5
5
5
5
5
5
5
5
5
5
5
5
5
5
5
5
5
5
5
5
5
5
5
5
5
5
5
5
5
5
5
5
5
5
5
5
5
5
5
5
5
5
5
5
5
5
5
5
5
5
5
5
5
5
5
5
5
5
5
5
5
5
5
5
5
5
5
5
5
5
5
5
5
5
5
5
5
5
5
5
5
5
5
5
5
5
5
5
5
5
5
5
5
5
5
5
5
5
5
5
5
5
5
5
5
5
5
5
5
5
5
5
5
5
5
5
5
5
5
5
5
5
5
5
5
5
5
5
5
5
5
5
5
5
5
5
5
5
5
5
5
5
5
5
5
5
5
5
5
5
5
5
5
5
5
5
5
5
5
5
5
5
5
5
5
5
5
5
5
5
5
5
5
5
5
5
5
5
5
5
5
5
5
5
5
5
5
5
5
5
5
5
5
5
5
5
5
5
5
5
5
5
5
5
5
5
5
5
5
5
5
5
5
5
5
5
5
5
5
5
5
5
5
5
5
5
5
5
5
5
5
5
5
5
5
5
5
5
5
5
5
5
5
5
5
5
5
5
5
5
5
5
5
5
5
5
5
5
5
5
5
5
5
5
5
5
5
5
5
5
5
5
5
5
5
5
5
5
5
5
5
5
5
5
5
5
5
5
5
5
5
5
5
5
5
5
5
5
5
5
5
5
5
5
5
5
5
5
5
5
5
5
5
5
5
5
5
5
5
5
5
5
5
5
5
5
5
5
5
5
5
5
5
5
5
5
5
5
5
5
5
5
5
5
5
5
5
5
5
5
5
5
5
5
5
5
5
5
5
5
5
5
5
5
5
5
5
5
5
5
5
5
5
5
5
5
5
5
5
5
5
5
5
5
5
5
5
5
5
5
5
5
5
5
5
5
5
5
5
5
5
5
5
5
5
5
5
5
5
5
5
5
5
5
5
5
5
5
5
5
5
5
5
5
5
5
5
5
5
5
5
5
5
5
5
5
5
5
5
5
5
5
5
5
5
5
5
5
5
5
5
5
5
5
5
5
5
5
5
5
5
5
5
5
5
5
5
5
5
5
5
5
5
5
5
5
5
5
5
5
5
5
5
5
5
5
5
5
5
5
5
5
5
5
5
5
5
5
5
5
5
5
5
5
5
5
5
5
5
5
5
5
5
5
5
5
5
5
5
5
5
5
5
5
5
5
5
5
5
5
5
5
5
5
5
5
5
5
5
5
5
5
5
5
5
5
5
5
5
5
5
5
5
5
5
5
5
5
5
5
5
5
5
5
5
5
5
5
5
5
5
5
5
5
5
5
5
5
5
5
5
5
5
5
5
5
5
5
5
5
5
5
5
5
5
5
5
5
5
5
5
5
5
5
5
5
5
5
5
5
5
5
5
5
5
5
5
5
5
5
5
5
5
5
5
5
5
5
5
5
5
5
5
5
5
5
5
5
5
5
5
5
5
5
5
5
5
5
5
5
5
5
5
5
5
5
5
5
5
5
5
5
5
5
5
5
5
5
5
5
5
5
5
5
5
5
5
5
5
5
5
5
5
5
5
5
5
5
5
5
5
5
5
5
5
5
5
5
5
5
5
5
5
5
5
5
5
5
5
5
5
5
5
5
5
5
5
5
5
5
5
5
5
5
5
5
5
5
5
5
5
5
5
5
5
5
5
5
5
5
5
5
5
5
5
5
5
5
5
5
5
5
5
5
5
5
5
5
5
5
5
5
5
5
5
5
5
5
5
5
5
5
5
5
5
5
5
5
5
5
5
5
5
5
5
5
5
5
5
5
5
5
5
5
5
5
5
5
5
5
5
5
5
5
5
5
5
5
5
5
5
5
5
5
5
5
5
5
5
5
5
5
5
5
5
5
5
5
5
5
5
5
5
5
5
5
5
5
5
5
5
5
5
5
5
5
5
5
5
5
5
5
5
5
5
5
5
5
5
5
5
5
5
5
5
5
5
5
5
5
5
5
5
5
5
5
5
5
5
5
5
5
5
5
5
5
5
5
5
5
5
5
5
5
5
5
5
5
5
5
5
5
5
5
5
5
5
5
5
5
5
5
5
5
5
5
5
5
5
5
5
5
5
5
5
5
5
5
5
5
5
5
5
5
5
5
5
5
5
5
5
5
5
5
5
5
5
5
5
5
5
5
5
5
5
5
5
5
5
5
5
5
5
5
5
5
5
5
5
5
5
5
5
5
5
5
5
5
5
5
5
5
5
5
5
5
5
5
5
5
5
5
5
5
5
5
5
5
5
5
5
5
5
5
5
5
5
5
5
5
5
5
5
5
5
5
5
5
5
5
5
5
5
5
5
5
5
5
5
5
5
5
5
5
5
5
5
5
5
5
5
5
5
5
5
5
5
5
5
5
5
5
5
5
5
5
5
5
5
5
5
5
5
5
5
5
5
5
5
5
5
5
5
5
5
5
5
5
5
5
5
5
5
5
5
5
5
5
5
5
5
5
5
5
5
5
5
5
5
5
5
5
5
5
5
5
5
5
5
5
5
5
5
5
5
5
5
5
5
5
5
5
5
5
5
5
5
5
5
5
5
5
5
5
5
5
5
5
5
5
5
5
5
5
5
5
5
5
5
5
5
5
5
5
5
5
5
5
5
5
5
5
5
5
5
5
5
5
5
5
5
5
5
5
5
5
5
5
5
5
5
5
5
5
5
5
5
5
5
5
5
5
5
5
5
5
5
5
5
5
5
5
5
5
5
5
5
5
5
5
5
5
5
5
5
5
5
5
5
5
5
5
5
5
5
5
5
5
5
5
5
5
5
5
5
5
5
5
5
5
5
5
5
5
5
5
5
5
5
5
5
5
5
5
5
5
5
5
5
5
5
5
5
5
5
5
5
5
5
5
5
5
5
5
5
5
5
5
5
5
5
5
5
5
5
5
5
5
5
5
5
5
5
5
5
5
5
5
5
5
5
5
5
5
5
5
5
5
5
5
5
5
5
5
5
5
5
5
5
5
5
5
5
5
5
5
5
5
5
5
5
5
5
5
5
5
5
5
5
5
5
5
5
5
5
5
5
5
5
5
5
5
5
5
5
5
5
5
5
5
5
5
5
5
5
5
5
5
5
5
5
5
5
5
5
5
5
5
5
5
5
5
5
5
5
5
5
5
5
5
5
5
5
5
5
5
5
5
5
5
5
5
5
5
5
5
5
5
5
5
5
5
5
5
5
5
5
5
5
5
5
5
5
5
5
5
5
5
5
5
5
5
5
5
5
5
5
5
5
5
5
5
5
5
5
5
5
5
5
5
5
5
5
5
5
5
5
5
5
5
5
5
5
5
5
5
5
5
5
5
5
5
5
5
5
5
5
5
5
5
5
5
5
5
5
5
5
5
5
5
5
5
5
5
5
5
5
5
5
5
5
5
5
5
5
5
5
5
5
5
5
5
5
5
5
5
5
5
5
5
5
5
5
5
5
5
5
5
5
5
5
5
5
5
5
5
5
5
5
5
5
5
5
5
5
5
5
5
5
5
5
5
5
5
5
5
5
5
5
5
5
5
5
5
5
5
5
5
5
5
5
5
5
5
5
5
5
5
5
5
5
5
5
5
5
5
5
5
5
5
5
5
5
5
5
5
5
5
5
5
5
5
5
5
5
5
5
5
5
5
5
5
5
5
5
5
5
5
5
5
5
5
5
5
5
5
5
5
5
5
5
5
5
5
5
5
5
5
5
5
5
5
5
5
5
5
5
5
5
5
5
5
5
5
5
5
5
5
5
5
5
5
5
5
5
5
5
5
5
5
5
5
5
5
5
5
5
5
5
5
5
5
5
5
5
5
5
5
5
5
5
5
5
5
5
5
5
5
5
5
5
5
5
5
5
5
5
5
5
5
5
5
5
5
5
5
5
5
5
5
5
5
5
5
5
5
5
5
5
5
5
5
5
5
5
5
5
5
5
5
5
5
5
5
5
5
5
5
5
5
5
5
5
5
5
5
5
5
5
5
5
5
5
5
5
5
5
5
5
5
5
5
5
5
5
5
5
5
5
5
5
5
5
5
5
5
5
5
5
5
5
5
5
5
5
5
5
5
5
5
5
5
5
5
5
5
5
5
5
5
5
5
5
5
5
5
5
5
5
5
5
5
5
5
5
5
5
5
5
5
5
5
5
5
5
5
5
5
5
5
5
5
5
5
5
5
5
5
5
5
5
5
5
5
5
5
5
5
5
5
5
5
5
5
5
5
5
5
5
5
5
5
5
5
5
5
5
5
5
5
5
5
5
5
5
5
5
5
5
5
5
5
5
5
5
5
5
5
5
5
5
5
5
5
5
5
5
5
5
5
5
5
5
5
5
5
5
5
5
5
5
5
5
5
5
5
5
5
5
5
5
5
5
5
5
5
5
5
5
5
5
5
5
5
5
5
5
5
5
5
5
5
5
5
5
5
5
5
5
5
5
5
5
5
5
5
5
5
5
5
5
5
5
5
5
5
5
5
5
5
5
5
5
5
5
5
5
5
5
5
5
5
5
5
5
5
5
5
5
5
5
5
5
5
5
5
5
5
5
5
5
5
5
5
5
5
5
5
5
5
5
5
5
5
5
5
5
5
5
5
5
5
5
5
5
5
5
5
5
5
5
5
5
5
5
5
5
5
5
5
5
5
5
5
5
5
5
5
5
5
5
5
5
5
5
5
5
5
5
5
5
5
5
5
5
5
5
5
5
5
5
5
5
5
5
5
5
5
5
5
5
5
5
5
5
5
5
5
5
5
5
5
5
5
5
5
5
5
5
5
5
5
5
5
5
5
5
5
5
5
5
5
5
5
5
5
5
5
5
5
5
5
5
5
5
5
5
5
5
5
5
5
5
5
5
5
5
5
5
5
5
5
5
5
5
5
5
5
5
5
5
5
5
5
5
5
5
5
5
5
5
5
5
5
5
5
5
5
5
5
5
5
5
5
5
5
5
5
5
5
5
5
5
5
5
5
5
5
5
5
5
5
5
5
5
5
5
5
5
5
5
5
5
5
5
5
5
5
5
5
5
5
5
5
5
5
5
5
5
5
5
5
5
5
5
5
5
5
5
5
5
5
5
5
5
5
5
5
5
5
5
5
5
5
5
5
5
5
5
5
5
5
5
5
5
5
5
5
5
5
5
5
5
5
5
5
5
5
5
5
5
5
5
5
5
5
5
5
5
5
5
5
5
5
5
5
5
5
5
5
5
5
5
5
5
5
5
5
5
5
5
5
5
5
5
5
5
5
5
5
5
5
5
5
5
5
5
5
5
5
5
5
5
5
5
5
5
5
5
5
5
5
5
5
5
5
5
5
5
5
5
5
5
5
5
5
5
5
5
5
5
5
5
5
5
5
5
5
5
5
5
5
5
5
5
5
5
5
5
5
5
5
5
5
5
5
5
5
5
5
5
5
5
5
5
5
5
5
5
5
5
5
5
5
5
5
5
5
5
5
5
5
5
5
5
5
5
5
5
5
5
5
5
5
5
5
5
5
5
5
5
5
5
5
5
5
5
5
5
5
5
5
5
5
5
5
5
5
5
5
5
5
5
5
5
5
5
5
5
5
5
5
5
5
5
5
5
5
5
5
5
5
5
5
5
5
5
5
5
5
5
5
5
5
5
5
5
5
5
5
5
5
5
5
5
5
5
5
5
5
5
5
5
5
5
5
5
5
5
5
5
5
5
5
5
5
5
5
5
5
5
5
5
5
5
5
5
5
5
5
5
5
5
5
5
5
5
5
5
5
5
5
5
5
5
5
5
5
5
5
5
5
5
5
5
5
5
5
5
5
5
5
5
5
5
5
5
5
5
5
5
5
5
5
5
5
5
5
5
5
5
5
5
5
5
5
5
5
5
5
5
5
5
5
5
5
5
5
5
5
5
5
5
5
5
5
5
5
5
5
5
5
5
5
5
5
5
5
5
5
5
5
5
5
5
5
5
5
5
5
5
5
5
5
5
5
5
5
5
5
5
5
5
5
5
5
5
5
5
5
5
5
5
5
5
5
5
5
5
5
5
5
5
5
5
5
5
5
5
5
5
5
5
5
5
5
5
5
5
5
5
5
5
5
5
5
5
5
5
5
5
5
5
5
5
5
5
5
5
5
5
5
5
5
5
5
5
5
5
5
5
5
5
5
5
5
5
5
5
5
5
5
5
5
5
5
5
5
5
5
5
5
5
5
5
5
5
5
5
5
5
5
5
5
5
5
5
5
5
5
5
5
5
5
5
5
5
5
5
5
5
5
5
5
5
5
5
5
5
5
5
5
5
5
5
5
5
5
5
5
5
5
5
5
5
5
5
5
5
5
5
5
5
5
5
5
5
5
5
5
5
5
5
5
5
5
5
5
5
5
5
5
5
5
5
5
5
5
5
5
5
5
5
5
5
5
5
5
5
5
5
5
5
5
5
5
5
5
5
5
5
5
5
5
5
5
5
5
5
5
5
5
5
5
5
5
5
5
5
5
5
5
5
5
5
5
5
5
5
5
5
5
5
5
5
5
5
5
5
5
5
5
5
5
5
5
5
5
5
5
5
5
5
5
5
5
5
5
5
5
5
5
5
5
5
5
5
5
5
5
5
5
5
5
5
5
5
5
5
5
5
5
5
5
5
5
5
5
5
5
5
5
5
5
5
5
5
5
5
5
5
5
5
5
5
5
5
5
5
5
5
5
5
5
5
5
5
5
5
5
5
5
5
5
5
5
5
5
5
5
5
5
5
5
5
5
5
5
5
5
5
5
5
5
5
5
5
5
5
5
5
5
5
5
5
5
5
5
5
5
5
5
5
5
5
5
5
5
5
5
5
5
5
5
5
5
5
5
5
5
5
5
5
5
5
5
5
5
5
5
5
5
5
5
5
5
5
5
5
5
5
5
5
5
5
5
5
5
5
5
5
5
5
5
5
5
5
5
5
5
5
5
5
5
5
5
5
5
5
5
5
5
5
5
5
5
5
5
5
5
5
5
5
5
5
5
5
5
5
5
5
5
5
5
5
5
5
5
5
5
5
5
5
5
5
5
5
5
5
5
5
5
5
5
5
5
5
5
5
5
5
5
5
5
5
5
5
5
5
5
5
5
5
5
5
5
5
5
5
5
5
5
5
5
5
5
5
5
5
5
5
5
5
5
5
5
5
5
5
5
5
5
5
5
5
5
5
5
5
5
5
5
5
5
5
5
5
5
5
5
5
5
5
5
5
5
5
5
5
5
5
5
5
5
5
5
5
5
5
5
5
5
5
5
5
5
5
5
5
5
5
5
5
5
5
5
5
5
5
5
5
5
5
5
5
5
5
5
5
5
5
5
5
5
5
5
5
5
5
5
5
5
5
5
5
5
5
5
5
5
5
5
5
5
5
5
5
5
5
5
5
5
5
5
5
5
5
5
5
5
5
5
5
5
5
5
5
5
5
5
5
5
5
5
5
5
5
5
5
5
5
5
5
5
5
5
5
5
5
5
5
5
5
5
5
5
5
5
5
5
5
5
5
5
5
5
5
5
5
5
5
5
5
5
5
5
5
5
5
5
5
5
5
5
5
5
5
5
5
5
5
5
5
5
5
5
5
5
5
5
5
5
5
5
5
5
5
5
5
5
5
5
5
5
5
5
5
5
5
5
5
5
5
5
5
5
5
5
5
5
5
5
5
5
5
5
5
5
5
5
5
5
5
5
5
5
5
5
5
5
5
5
5
5
5
5
5
5
5
5
5
5
5
5
5
5
5
5
5
5
5
5
5
5
5
5
5
5
5
5
5
5
5
5
5
5
5
5
5
5
5
5
5
5
5
5
5
5
5
5
5
5
5
5
5
5
5
5
5
5
5
5
5
5
5
5
5
5
5
5
5
5
5
5
5
5
5
5
5
5
5
5
5
5
5
5
5
5
5
5
5
5
5
5
5
5
5
5
5
5
5
5
5
5
5
5
5
5
5
5
5
5
5
5
5
5
5
5
5
5
5
5
5
5
5
5
5
5
5
5
5
5
5
5
5
5
5
5
5
5
5
5
5
5
5
5
5
5
5
5
5
5
5
5
5
5
5
5
5
5
5
5
5
5
5
5
5
5
5
5
5
5
5
5
5
5
5
5
5
5
5
5
5
5
5
5
5
5
5
5
5
5
5
5
5
5
5
5
5
5
5
5
5
5
5
5
5
5
5
5
5
5
5
5
5
5
5
5
5
5
5
5
5
5
5
5
5
5
5
5
5
5
5
5
5
5
5
5
5
5
5
5
5
5
5
5
5
5
5
5
5
5
5
5
5
5
5
5
5
5
5
5
5
5
5
5
5
5
5
5
5
5
5
5
5
5
5
5
5
5
5
5
5
5
5
5
5
5
5
5
5
5
5
5
5
5
5
5
5
5
5
5
5
5
5
5
5
5
5
5
5
5
5
5
5
5
5
5
5
5
5
5
5
5
5
5
5
5
5
5
5
5
5
5
5
5
5
5
5
5
5
5
5
5
5
5
5
5
5
5
5
5
5
5
5
5
5
5
5
5
5
5
5
5
5
5
5
5
5
5
5
5
5
5
5
5
5
5
5
5
5
5
5
5
5
5
5
5
5
5
5
5
5
5
5
5
5
5
5
5
5
5
5
5
5
5
5
5
5
5
5
5
5
5
5
5
5
5
5
5
5
5
5
5
5
5
5
5
5
5
5
5
5
5
5
5
5
5
5
5
5
5
5
5
5
5
5
5
5
5
5
5
5
5
5
5
5
5
5
5
5
5
5
5
5
5
5
5
5
5
5
5
5
5
5
5
5
5
5
5
5
5
5
5
5
5
5
5
5
5
5
5
5
5
5
5
5
5
5
5
5
5
5
5
5
5
5
5
5
5
5
5
5
5
5
5
5
5
5
5
5
5
5
5
5
5
5
5
5
5
5
5
5
5
5
5
5
5
5
5
5
5
5
5
5
5
5
5
5
5
5
5
5
5
5
5
5
5
5
5
5
5
5
5
5
5
5
5
5
5
5
5
5
5
5
5
5
5
5
5
5
5
5
5
5
5
5
5
5
5
5
5
5
5
5
5
5
5
5
5
5
5
5
5
5
5
5
5
5
5
5
5
5
5
5
5
5
5
5
5
5
5
5
5
5
5
5
5
5
5
5
5
5
5
5
5
5
5
5
5
5
5
5
5
5
5
5
5
5
5
5
5
5
5
5
5
5
5
5
5
5
5
5
5
5
5
5
5
5
5
5
5
5
5
5
5
5
5
5
5
5
5
5
5
5
5
5
5
5
5
5
5
5
5
5
5
5
5
5
5
5
5
5
5
5
5
5
5
5
5
5
5
5
5
5
5
5
5
5
5
5
5
5
5
5
5
5
5
5
5
5
5
5
5
5
5
5
5
5
5
5
5
5
5
5
5
5
5
5
5
5
5
5
5
5
5
5
5
5
5
5
5
5
5
5
5
5
5
5
5
5
5
5
5
5
5
5
5
5
5
5
5
5
5
5
5
5
5
5
5
5
5
5
5
5
5
5
5
5
5
5
5
5
5
5
5
5
5
5
5
5
5
5
5
5
5
5
5
5
5
5
5
5
5
5
5
5
5
5
5
5
5
5
5
5
5
5
5
5
5
5
5
5
5
5
5
5
5
5
5
5
5
5
5
5
5
5
5
5
5
5
5
5
5
5
5
5
5
5
5
5
5
5
5
5
5
5
5
5
5
5
5
5
5
5
5
5
5
5
5
5
5
5
5
5
5
5
5
5
5
5
5
5
5
5
5
5
5
5
5
5
5
5
5
5
5
5
5
5
5
5
5
5
5
5
5
5
5
5
5
5
5
5
5
5
5
5
5
5
5
5
5
5
5
5
5
5
5
5
5
5
5
5
5
5
5
5
5
5
5
5
5
5
5
5
5
5
5
5
5
5
5
5
5
5
5
5
5
5
5
5
5
5
5
5
5
5
5
5
5
5
5
5
5
5
5
5
5
5
5
5
5
5
5
5
5
5
5
5
5
5
5
5
5
5
5
5
5
5
5
5
5
5
5
5
5
5
5
5
5
5
5
5
5
5
5
5
5
5
5
5
5
5
5
5
5
5
5
5
5
5
5
5
5
5
5
5
5
5
5
5
5
5
5
5
5
5
5
5
5
5
5
5
5
5
5
5
5
5
5
5
5
5
5
5
5
5
5
5
5
5
5
5
5
5
5
5
5
5
5
5
5
5
5
5
5
5
5
5
5
5
5
5
5
5
5
5
5
5
5
5
5
5
5
5
5
5
5
5
5
5
5
5
5
5
5
5
5
5
5
5
5
5
5
5
5
5
5
5
5
5
5
5
5
5
5
5
5
5
5
5
5
5
5
5
5
5
5
5
5
5
5
5
5
5
5
5
5
5
5
5
5
5
5
5
5
5
5
5
5
5
5
5
5
5
5
5
5
5
5
5
5
5
5
5
5
5
5
5
5
5
5
5
5
5
5
5
5
5
5
5
5
5
5
5
5
5
5
5
5
5
5
5
5
5
5
5
5
5
5
5
5
5
5
5
5
5
5
5
5
5
5
5
5
5
5
5
5
5
5
5
5
5
5
5
5
5
5
5
5
5
5
5
5
5
5
5
5
5
5
5
5
5
5
5
5
5
5
5
5
5
5
5
5
5
5
5
5
5
5
5
5
5
5
5
5
5
5
5
5
5
5
5
5
5
5
5
5
5
5
5
5
5
5
5
5
5
5
5
5
5
5
5
5
5
5
5
5
5
5
5
5
5
5
5
5
5
5
5
5
5
5
5
5
5
5
5
5
5
5
5
5
5
5
5
5
5
5
5
5
5
5
5
5
5
5
5
5
5
5
5
5
5
5
5
5
5
5
5
5
5
5
5
5
5
5
5
5
5
5
5
5
5
5
5
5
5
5
5
5
5
5
5
5
5
5
5
5
5
5
5
5
5
5
5
5
5
5
5
5
5
5
5
5
5
5
5
5
5
5
5
5
5
5
5
5
5
5
5
5
5
5
5
5
5
5
5
5
5
5
5
5
5
5
5
5
5
5
5
5
5
5
5
5
5
5
5
5
5
5
5
5
5
5
5
5
5
5
5
5
5
5
5
5
5
5
5
5
5
5
5
5
5
5
5
5
5
5
5
5
5
5
5
5
5
5
5
5
5
5
5
5
5
5
5
5
5
5
5
5
5
5
5
5
5
5
5
5
5
5
5
5
5
5
5
5
5
5
5
5
5
5
5
5
5
5
5
5
5
5
5
5
5
5
5
5
5
5
5
5
5
5
5
5
5
5
5
5
5
5
5
5
5
5
5
5
5
5
5
5
5
5
5
5
5
5
5
5
5
5
5
5
5
5
5
5
5
5
5
5
5
5
5
5
5
5
5
5
5
5
5
5
5
5
5
5
5
5
5
5
5
5
5
5
5
5
5
5
5
5
5
5
5
5
5
5
5
5
5
5
5
5
5
5
5
5
5
5
5
5
5
5
5
5
5
5
5
5
5
5
5
5
5
5
5
5
5
5
5
5
5
5
5
5
5
5
5
5
5
5
5
5
5
5
5
5
5
5
5
5
5
5
5
5
5
5
5
5
5
5
5
5
5
5
5
5
5
5
5
5
5
5
5
5
5
5
5
5
5
5
5
5
5
5
5
5
5
5
5
5
5
5
5
5
5
5
5
5
5
5
5
5
5
5
5
5
5
5
5
5
5
5
5
5
5
5
5
5
5
5
5
5
5
5
5
5
5
5
5
5
5
5
5
5
5
5
5
5
5
5
5
5
5
5
5
5
5
5
5
5
5
5
5
5
5
5
5
5
5
5
5
5
5
5
5
5
5
5
5
5
5
5
5
5
5
5
5
5
5
5
5
5
5
5
5
5
5
5
5
5
5
5
5
5
5
5
5
5
5
5
5
5
5
5
5
5
5
5
5
5
5
5
5
5
5
5
5
5
5
5
5
5
5
5
5
5
5
5
5
5
5
5
5
5
5
5
5
5
5
5
5
5
5
5
5
5
5
5
5
5
5
5
5
5
5
5
5
5
5
5
5
5
5
5
5
5
5
5
5
5
5
5
5
5
5
5
5
5
5
5
5
5
5
5
5
5
5
5
5
5
5
5
5
5
5
5
5
5
5
5
5
5
5
5
5
5
5
5
5
5
5
5
5
5
5
5
5
5
5
5
5
5
5
5
5
5
5
5
5
5
5
5
5
5
5
5
5
5
5
5
5
5
5
5
5
5
5
5
5
5
5
5
5
5
5
5
5
5
5
5
5
5
5
5
5
5
5
5
5
5
5
5
5
5
5
5
5
5
5
5
5
5
5
5
5
5
5
5
5
5
5
5
5
5
5
5
5
5
5
5
5
5
5
5
5
5
5
5
5
5
5
5
5
5
5
5
5
5
5
5
5
5
5
5
5
5
5
5
5
5
5
5
5
5
5
5
5
5
5
5
5
5
5
5
5
5
5
5
5
5
5
5
5
5
5
5
5
5
5
5
5
5
5
5
5
5
5
5
5
5
5
5
5
5
5
5
5
5
5
5
5
5
5
5
5
5
5
5
5
5
5
5
5
5
5
5
5
5
5
5
5
5
5
5
5
5
5
5
5
5
5
5
5
5
5
5
5
5
5
5
5
5
5
5
5
5
5
5
5
5
5
5
5
5
5
5
5
5
5
5
5
5
5
5
5
5
5
5
5
5
5
5
5
5
5
5
5
5
5
5
5
5
5
5
5
5
5
5
5
5
5
5
5
5
5
5
5
5
5
5
5
5
5
5
5
5
5
5
5
5
5
5
5
5
5
5
5
5
5
5
5
5
5
5
5
5
5
5
5
5
5
5
5
5
5
5
5
5
5
5
5
5
5
5
5
5
5
5
5
5
5
5
5
5
5
5
5
5
5
5
5
5
5
5
5
5
5
5
5
5
5
5
5
5
5
5
5
5
5
5
5
5
5
5
5
5
5
5
5
5
5
5
5
5
5
5
5
5
5
5
5
5
5
5
5
5
5
5
5
5
5
5
5
5
5
5
5
5
5
5
5
5
5
5
5
5
5
5
5
5
5
5
5
5
5
5
5
5
5
5
5
5
5
5
5
5
5
5
5
5
5
5
5
5
5
5
5
5
5
5
5
5
5
5
5
5
5
5
5
5
5
5
5
5
5
5
5
5
5
5
5
5
5
5
5
5
5
5
5
5
5
5
5
5
5
5
5
5
5
5
5
5
5
5
5
5
5
5
5
5
5
5
5
5
5
5
5
5
5
5
5
5
5
5
5
5
5
5
5
5
5
5
5
5
5
5
5
5
5
5
5
5
5
5
5
5
5
5
5
5
5
5
5
5
5
5
5
5
5
5
5
5
5
5
5
5
5
5
5
5
5
5
5
5
5
5
5
5
5
5
5
5
5
5
5
5
5
5
5
5
5
5
5
5
5
5
5
5
5
5
5
5
5
5
5
5
5
5
5
5
5
5
5
5
5
5
5
5
5
5
5
5
5
5
5
5
5
5
5
5
5
5
5
5
5
5
5
5
5
5
5
5
5
5
5
5
5
5
5
5
5
5
5
5
5
5
5
5
5
5
5
5
5
5
5
5
5
5
5
5
5
5
5
5
5
5
5
5
5
5
5
5
5
5
5
5
5
5
5
5
5
5
5
5
5
5
5
5
5
5
5
5
5
5
5
5
5
5
5
5
5
5
5
5
5
5
5
5
5
5
5
5
5
5
5
5
5
5
5
5
5
5
5
5
5
5
5
5
5
5
5
5
5
5
5
5
5
5
5
5
5
5
5
5
5
5
5
5
5
5
5
5
5
5
5
5
5
5
5
5
5
5
5
5
5
5
5
5
5
5
5
5
5
5
5
5
5
5
5
5
5
5
5
5
5
5
5
5
5
5
5
5
5
5
5
5
5
5
5
5
5
5
5
5
5
5
5
5
5
5
5
5
5
5
5
5
5
5
5
5
5
5
5
5
5
5
5
5
5
5
5
5
5
5
5
5
5
5
5
5
5
5
5
5
5
5
5
5
5
5
5
5
5
5
5
5
5
5
5
5
5
5
5
5
5
5
5
5
5
5
5
5
5
5
5
5
5
5
5
5
5
5
5
5
5
5
5
5
5
5
5
5
5
5
5
5
5
5
5
5
5
5
5
5
5
5
5
5
5
5
5
5
5
5
5
5
5
5
5
5
5
5
5
5
5
5
5
5
5
5
5
5
5
5
5
5
5
5
5
5
5
5
5
5
5
5
5
5
5
5
5
5
5
5
5
5
5
5
5
5
5
5
5
5
5
5
5
5
5
5
5
5
5
5
5
5
5
5
5
5
5
5
5
5
5
5
5
5
5
5
5
5
5
5
5
5
5
5
5
5
5
5
5
5
5
5
5
5
5
5
5
5
5
5
5
5
5
5
5
5
5
5
5
5
5
5
5
5
5
5
5
5
5
5
5
5
5
5
5
5
5
5
5
5
5
5
5
5
5
5
5
5
5
5
5
5
5
5
5
5
5
5
5
5
5
5
5
5
5
5
5
5
5
5
5
5
5
5
5
5
5
5
5
5
5
5
5
5
5
5
5
5
5
5
5
5
5
5
5
5
5
5
5
5
5
5
5
5
5
5
5
5
5
5
5
5
5
5
5
5
5
5
5
5
5
5
5
5
5
5
5
5
5
5
5
5
5
5
5
5
5
5
5
5
5
5
5
5
5
5
5
5
5
5
5
5
5
5
5
5
5
5
5
5
5
5
5
5
5
5
5
5
5
5
5
5
5
5
5
5
5
5
5
5
5
5
5
5
5
5
5
5
5
5
5
5
5
5
5
5
5
5
5
5
5
5
5
5
5
5
5
5
5
5
5
5
5
5
5
5
5
5
5
5
5
5
5
5
5
5
5
5
5
5
5
5
5
5
5
5
5
5
5
5
5
5
5
5
5
5
5
5
5
5
5
5
5
5
5
5
5
5
5
5
5
5
5
5
5
5
5
5
5
5
5
5
5
5
5
5
5
5
5
5
5
5
5
5
5
5
5
5
5
5
5
5
5
5
5
5
5
5
5
5
5
5
5
5
5
5
5
5
5
5
5
5
5
5
5
5
5
5
5
5
5
5
5
5
5
5
5
5
5
5
5
5
5
5
5
5
5
5
5
5
5
5
5
5
5
5
5
5
5
5
5
5
5
5
5
5
5
5
5
5
5
5
5
5
5
5
5
5
5
5
5
5
5
5
5
5
5
5
5
5
5
5
5
5
5
5
5
5
5
5
5
5
5
5
5
5
5
5
5
5
5
5
5
5
5
5
5
5
5
5
5
5
5
5
5
5
5
5
5
5
5
5
5
5
5
5
5
5
5
5
5
5
5
5
5
5
5
5
5
5
5
5
5
5
5
5
5
5
5
5
5
5
5
5
5
5
5
5
5
5
5
5
5
5
5
5
5
5
5
5
5
5
5
5
5
5
5
5
5
5
5
5
5
5
5
5
5
5
5
5
5
5
5
5
5
5
5
5
5
5
5
5
5
5
5
5
5
5
5
5
5
5
5
5
5
5
5
5
5
5
5
5
5
5
5
5
5
5
5
5
5
5
5
5
5
5
5
5
5
5
5
5
5
5
5
5
5
5
5
5
5
5
5
5
5
5
5
5
5
5
5
5
5
5
5
5
5
5
5
5
5
5
5
5
5
5
5
5
5
5
5
5
5
5
5
5
5
5
5
5
5
5
5
5
5
5
5
5
5
5
5
5
5
5
5
5
5
5
5
5
5
5
5
5
5
5
5
5
5
5
5
5
5
5
5
5
5
5
5
5
5
5
5
5
5
5
5
5
5
5
5
5
5
5
5
5
5
5
5
5
5
5
5
5
5
5
5
5
5
5
5
5
5
5
5
5
5
5
5
5
5
5
5
5
5
5
5
5
5
5
5
5
5
5
5
5
5
5
5
5
5
5
5
5
5
5
5
5
5
5
5
5
5
5
5
5
5
5
5
5
5
5
5
5
5
5
5
5
5
5
5
5
5
5
5
5
5
5
5
5
5
5
5
5
5
5
5
5
5
5
5
5
5
5
5
5
5
5
5
5
5
5
5
5
5
5
5
5
5
5
5
5
5
5
5
5
5
5
5
5
5
5
5
5
5
5
5
5
5
5
5
5
5
5
5
5
5
5
5
5
5
5
5
5
5
5
5
5
5
5
5
5
5
5
5
5
5
5
5
5
5
5
5
5
5
5
5
5
5
5
5
5
5
5
5
5
5
5
5
5
5
5
5
5
5
5
5
5
5
5
5
5
5
5
5
5
5
5
5
5
5
5
5
5
5
5
5
5
5
5
5
5
5
5
5
5
5
5
5
5
5
5
5
5
5
5
5
5
5
5
5
5
5
5
5
5
5
5
5
5
5
5
5
5
5
5
5
5
5
5
5
5
5
5
5
5
5
5
5
5
5
5
5
5
5
5
5
5
5
5
5
5
5
5
5
5
5
5
5
5
5
5
5
5
5
5
5
5
5
5
5
5
5
5
5
5
5
5
5
5
5
5
5
5
5
5
5
5
5
5
5
5
5
5
5
5
5
5
5
5
5
5
5
5
5
5
5
5
5
5
5
5
5
5
5
5
5
5
5
5
5
5
5
5
5
5
5
5
5
5
5
5
5
5
5
5
5
5
5
5
5
5
5
5
5
5
5
5
5
5
5
5
5
5
5
5
5
5
5
5
5
5
5
5
5
5
5
5
5
5
5
5
5
5
5
5
5
5
5
5
5
5
5
5
5
5
5
5
5
5
5
5
5
5
5
5
5
5
5
5
5
5
5
5
5
5
5
5
5
5
5
5
5
5
5
5
5
5
5
5
5
5
5
5
5
5
5
5
5
5
5
5
5
5
5
5
5
5
5
5
5
5
5
5
5
5
5
5
5
5
5
5
5
5
5
5
5
5
5
5
5
5
5
5
5
5
5
5
5
5
5
5
5
5
5
5
5
5
5
5
5
5
5
5
5
5
5
5
5
5
5
5
5
5
5
5
5
5
5
5
5
5
5
5
5
5
5
5
5
5
5
5
5
5
5
5
5
5
5
5
5
5
5
5
5
5
5
5
5
5
5
5
5
5
5
5
5
5
5
5
5
5
5
5
5
5
5
5
5
5
5
5
5
5
5
5
5
5
5
5
5
5
5
5
5
5
5
5
5
5
5
5
5
5
5
5
5
5
5
5
5
5
5
5
5
5
5
5
5
5
5
5
5
5
5
5
5
5
5
5
5
5
5
5
5
5
5
5
5
5
5
5
5
5
5
5
5
5
5
5
5
5
5
5
5
5
5
5
5
5
5
5
5
5
5
5
5
5
5
5
5
5
5
5
5
5
5
5
5
5
5
5
5
5
5
5
5
5
5
5
5
5
5
5
5
5
5
5
5
5
5
5
5
5
5
5
5
5
5
5
5
5
5
5
5
5
5
5
5
5
5
5
5
5
5
5
5
5
5
5
5
5
5
5
5
5
5
5
5
5
5
5
5
5
5
5
5
5
5
5
5
5
5
5
5
5
5
5
5
5
5
5
5
5
5
5
5
5
5
5
5
5
5
5
5
5
5
5
5
5
5
5
5
5
5
5
5
5
5
5
5
5
5
5
5
5
5
5
5
5
5
5
5
5
5
5
5
5
5
5
5
5
5
5
5
5
5
5
5
5
5
5
5
5
5
5
5
5
5
5
5
5
5
5
5
5
5
5
5
5
5
5
5
5
5
5
5
5
5
5
5
5
5
5
5
5
5
5
5
5
5
5
5
5
5
5
5
5
5
5
5
5
5
5
5
5
5
5
5
5
5
5
5
5
5
5
5
5
5
5
5
5
5
5
5
5
5
5
5
5
5
5
5
5
5
5
5
5
5
5
5
5
5
5
5
5
5
5
5
5
5
5
5
5
5
5
5
5
5
5
5
5
5
5
5
5
5
5
5
5
5
5
5
5
5
5
5
5
5
5
5
5
5
5
5
5
5
5
5
5
5
5
5
5
5
5
5
5
5
5
5
5
5
5
5
5
5
5
5
5
5
5
5
5
5
5
5
5
5
5
5
5
5
5
5
5
5
5
5
5
5
5
5
5
5
5
5
5
5
5
5
5
5
5
5
5
5
5
5
5
5
5
5
5
5
5
5
5
5
5
5
5
5
5
5
5
5
5
5
5
5
5
5
5
5
5
5
5
5
5
5
5
5
5
5
5
5
5
5
5
5
5
5
5
5
5
5
5
5
5
5
5
5
5
5
5
5
5
5
5
5
5
5
5
5
5
5
5
5
5
5
5
5
5
5
5
5
5
5
5
5
5
5
5
5
5
5
5
5
5
5
5
5
5
5
5
5
5
5
5
5
5
5
5
5
5
5
5
5
5
5
5
5
5
5
5
5
5
5
5
5
5
5
5
5
5
5
5
5
5
5
5
5
5
5
5
5
5
5
5
5
5
5
5
5
5
5
5
5
5
5
5
5
5
5
5
5
5
5
5
5
5
5
5
5
5
5
5
5
5
5
5
5
5
5
5
5
5
5
5
5
5
5
5
5
5
5
5
5
5
5
5
5
5
5
5
5
5
5
5
5
5
5
5
5
5
5
5
5
5
5
5
5
5
5
5
5
5
5
5
5
5
5
5
5
5
5
5
5
5
5
5
5
5
5
5
5
5
5
5
5
5
5
5
5
5
5
5
5
5
5
5
5
5
5
5
5
5
5
5
5
5
5
5
5
5
5
5
5
5
5
5
5
5
5
5
5
5
5
5
5
5
5
5
5
5
5
5
5
5
5
5
5
5
5
5
5
5
5
5
5
5
5
5
5
5
5
5
5
5
5
5
5
5
5
5
5
5
5
5
5
5
5
5
5
5
5
5
5
5
5
5
5
5
5
5
5
5
5
5
5
5
5
5
5
5
5
5
5
5
5
5
5
5
5
5
5
5
5
5
5
5
5
5
5
5
5
5
5
5
5
5
5
5
5
5
5
5
5
5
5
5
5
5
5
5
5
5
5
5
5
5
5
5
5
5
5
5
5
5
5
5
5
5
5
5
5
5
5
5
5
5
5
5
5
5
5
5
5
5
5
5
5
5
5
5
5
5
5
5
5
5
5
5
5
5
5
5
5
5
5
5
5
5
5
5
5
5
5
5
5
5
5
5
5
5
5
5
5
5
5
5
5
5
5
5
5
5
5
5
5
5
5
5
5
5
5
5
5
5
5
5
5
5
5
5
5
5
5
5
5
5
5
5
5
5
5
5
5
5
5
5
5
5
5
5
5
5
5
5
5
5
5
5
5
5
5
5
5
5
5
5
5
5
5
5
5
5
5
5
5
5
5
5
5
5
5
5
5
5
5
5
5
5
5
5
5
5
5
5
5
5
5
5
5
5
5
5
5
5
5
5
5
5
5
5
5
5
5
5
5
5
5
5
5
5
5
5
5
5
5
5
5
5
5
5
5
5
5
5
5
5
5
5
5
5
5
5
5
5
5
5
5
5
5
5
5
5
5
5
5
5
5
5
5
5
5
5
5
5
5
5
5
5
5
5
5
5
5
5
5
5
5
5
5
5
5
5
5
5
5
5
5
5
5
5
5
5
5
5
5
5
5
5
5
5
5
5
5
5
5
5
5
5
5
5
5
5
5
5
5
5
5
5
5
5
5
5
5
5
5
5
5
5
5
5
5
5
5
5
5
5
5
5
5
5
5
5
5
5
5
5
5
5
5
5
5
5
5
5
5
5
5
5
5
5
5
5
5
5
5
5
5
5
5
5
5
5
5
5
5
5
5
5
5
5
5
5
5
5
5
5
5
5
5
5
5
5
5
5
5
5
