# vtk DataFile Version 2.0
profile_5, Created by Gmsh 4.14.0 
ASCII
DATASET UNSTRUCTURED_GRID
POINTS 7396 double
-66.25 -132.5 569.25
-66.25 -131.1683417085427 568.9836683417085
-66.25 -129.8366834170854 568.7173366834171
-66.25 -128.5050251256282 568.4510050251256
-66.25 -127.1733668341708 568.1193467336683
-66.25 -125.8417085427136 567.5866834170854
-66.25 -124.5100502512563 567.0540201005025
-66.25 -123.178391959799 566.5213567839196
-66.25 -121.8467336683417 566.1193467336684
-66.25 -120.5150753768844 565.8530150753769
-66.25 -119.1834170854271 565.5866834170854
-66.25 -117.8517587939699 565.3203517587939
-66.25 -116.5201005025126 564.8580402010051
-66.25 -115.1884422110553 564.3253768844221
-66.25 -113.856783919598 563.7927135678392
-66.25 -112.5251256281407 563.2600502512562
-66.25 -111.1934673366834 562.9773869346733
-66.25 -109.8618090452261 562.4447236180905
-66.25 -108.5301507537689 561.9120603015075
-66.25 -107.1984924623115 561.4396984924624
-66.25 -105.8668341708543 561.1733668341708
-66.25 -104.535175879397 560.9070351758794
-66.25 -103.2035175879397 560.5314070351758
-66.25 -101.8718592964824 559.998743718593
-66.25 -100.5402010050251 559.46608040201
-66.25 -99.20854271356784 558.9334170854272
-66.25 -97.87688442211055 558.4007537688442
-66.25 -96.54522613065326 558.0590452261306
-66.25 -95.21356783919597 557.7927135678392
-66.25 -93.8819095477387 557.5263819095478
-66.25 -92.5502512562814 557.2600502512563
-66.25 -91.21859296482413 556.7374371859296
-66.25 -89.88693467336682 556.2047738693468
-66.25 -88.55527638190955 555.6721105527638
-66.25 -87.22361809045225 555.1947236180904
-66.25 -85.89195979899498 554.856783919598
-66.25 -84.56030150753769 554.324120603015
-66.25 -83.2286432160804 553.7914572864322
-66.25 -81.89698492462311 553.3793969849246
-66.25 -80.56532663316582 553.1130653266332
-66.25 -79.23366834170854 552.8467336683417
-66.25 -77.90201005025125 552.4108040201005
-66.25 -76.57035175879398 551.8781407035176
-66.25 -75.23869346733667 551.143216080402
-66.25 -73.9070351758794 550.3442211055276
-66.25 -72.5753768844221 549.5452261306532
-66.25 -71.24371859296483 547.9924623115578
-66.25 -69.91206030150752 546.394472361809
-66.25 -68.58040201005025 544.8643216080402
-66.25 -67.24874371859296 543.748743718593
-66.25 -65.91708542713567 542.4170854271356
-66.25 -64.58542713567839 541.0854271356784
-66.25 -63.2537688442211 539.8530150753769
-66.25 -61.92211055276381 538.787688442211
-66.25 -60.59045226130652 537.7223618090452
-66.25 -59.25879396984924 536.6570351758794
-66.25 -57.92713567839195 535.7562814070352
-66.25 -56.59547738693466 534.7763819095477
-66.25 -55.26381909547739 533.7110552763819
-66.25 -53.9321608040201 532.645728643216
-66.25 -52.60050251256281 531.5804020100502
-66.25 -51.26884422110552 530.5150753768845
-66.25 -49.93718592964824 529.7123115577889
-66.25 -48.60552763819095 528.9133165829146
-66.25 -47.27386934673366 528.1143216080402
-66.25 -45.94221105527637 527.3153266331658
-66.25 -44.61055276381909 526.5163316582914
-66.25 -43.2788944723618 525.7173366834171
-66.25 -41.94723618090451 524.9183417085428
-66.25 -40.61557788944722 524.1193467336684
-66.25 -39.28391959798994 523.320351758794
-66.25 -37.95226130653266 522.5213567839196
-66.25 -36.62060301507537 521.8982412060302
-66.25 -35.28894472361809 521.3655778894472
-66.25 -33.9572864321608 520.8329145728643
-66.25 -32.62562814070351 520.3002512562814
-66.25 -31.29396984924622 519.7675879396985
-66.25 -29.96231155778894 519.2349246231156
-66.25 -28.63065326633165 518.7022613065327
-66.25 -27.29899497487436 518.2097989949749
-66.25 -25.96733668341707 517.9434673366834
-66.25 -24.63567839195979 517.677135678392
-66.25 -23.3040201005025 517.4108040201005
-66.25 -21.97236180904521 517.144472361809
-66.25 -20.64070351758794 516.8781407035176
-66.25 -19.30904522613065 516.6118090452261
-66.25 -17.97738693467336 516.5
-66.25 -16.64572864321607 516.5
-66.25 -15.31407035175879 516.5
-66.25 -13.9824120603015 516.5
-66.25 -12.65075376884421 516.5
-66.25 -11.31909547738692 516.9723618090452
-66.25 -9.987437185929636 517
-66.25 -8.655778894472348 517
-66.25 -7.324120603015061 517
-66.25 -5.992462311557773 517
-66.25 -4.6608040201005 517
-66.25 -3.329145728643198 517.0841708542713
-66.25 -1.997487437185924 517.25
-66.25 -0.6658291457286225 517.1331658291458
-66.25 0.6658291457286509 516.8668341708542
-66.25 1.997487437185953 516.6005025125628
-66.25 3.329145728643226 516.3341708542714
-66.25 4.6608040201005 516.25
-66.25 5.992462311557802 516.25
-66.25 7.324120603015075 516.25
-66.25 8.655778894472377 516.25
-66.25 9.98743718592965 516.25
-66.25 11.31909547738695 516.25
-66.25 12.65075376884423 516.2198492462312
-66.25 13.98241206030153 516
-66.25 15.3140703517588 516
-66.25 16.6457286432161 516
-66.25 17.97738693467338 516
-66.25 19.30904522613068 516
-66.25 20.64070351758795 516
-66.25 21.97236180904522 516
-66.25 23.30402010050253 516
-66.25 24.6356783919598 516
-66.25 25.9673366834171 516
-66.25 27.29899497487438 516
-66.25 28.63065326633168 516
-66.25 29.96231155778895 516
-66.25 31.29396984924625 516
-66.25 32.62562814070353 515.9748743718593
-66.25 33.95728643216083 515.7085427135678
-66.25 35.2889447236181 515.4422110552764
-66.25 36.6206030150754 515.25
-66.25 37.95226130653268 515.25
-66.25 39.28391959798995 515.25
-66.25 40.61557788944725 515.25
-66.25 41.94723618090453 515.25
-66.25 43.27889447236183 514.9384422110552
-66.25 44.6105527638191 514.4057788944724
-66.25 45.9422110552764 513.8731155778895
-66.25 47.27386934673368 513.3404522613065
-66.25 48.60552763819098 513.25
-66.25 49.93718592964825 513.25
-66.25 51.26884422110555 513.2462311557789
-66.25 52.60050251256283 513.0201005025126
-66.25 53.93216080402013 513.25
-66.25 55.2638190954774 513.25
-66.25 56.59547738693468 513.25
-66.25 57.92713567839198 513.25
-66.25 59.25879396984925 513.25
-66.25 60.59045226130655 513.25
-66.25 61.92211055276383 513.5188442211055
-66.25 63.25376884422113 513.5992462311558
-66.25 64.5854271356784 513.3329145728643
-66.25 65.9170854271357 513.0665829145728
-66.25 67.24874371859298 513.3994974874372
-66.25 68.58040201005028 514.3643216080402
-66.25 69.91206030150755 515.429648241206
-66.25 71.24371859296485 516.4949748743719
-66.25 72.57537688442213 517.3404522613066
-66.25 73.9070351758794 518.9384422110553
-66.25 75.2386934673367 520.536432160804
-66.25 76.57035175879398 521.8781407035176
-66.25 77.90201005025128 522.1695979899498
-66.25 79.23366834170855 521.9032663316583
-66.25 80.56532663316585 521.6369346733668
-66.25 81.89698492462313 521.2412060301508
-66.25 83.22864321608043 520.4170854271357
-66.25 84.5603015075377 519.3517587939698
-66.25 85.891959798995 518.286432160804
-66.25 87.22361809045228 517.2211055276382
-66.25 88.55527638190958 515.7336683417085
-66.25 89.88693467336685 514.1356783919598
-66.25 91.21859296482413 512.537688442211
-66.25 92.55025125628143 510.8793969849246
-66.25 93.8819095477387 507.8153266331658
-66.25 95.213567839196 505.9510050251256
-66.25 96.54522613065328 504.0866834170854
-66.25 97.87688442211058 498.1520100502509
-66.25 99.20854271356785 482.2726130653265
-66.25 100.5402010050252 467.0917085427133
-66.25 101.8718592964824 451.9108040201003
-66.25 103.2035175879397 443.3429648241205
-66.25 104.535175879397 440.679648241206
-66.25 105.8668341708543 438.0163316582914
-66.25 107.1984924623116 434.9736180904522
-66.25 108.5301507537689 432.3957286432161
-66.25 109.8618090452262 429.9987437185929
-66.25 111.1934673366834 427.6017587939698
-66.25 112.5251256281407 425.2097989949748
-66.25 113.856783919598 423.0791457286432
-66.25 115.1884422110553 420.9484924623115
-66.25 116.5201005025126 418.8718592964824
-66.25 117.8517587939699 417.0075376884422
-66.25 119.1834170854272 415.2298994974874
-66.25 120.5150753768845 413.6319095477387
-66.25 121.8467336683417 412.03391959799
-66.25 123.178391959799 410.3002512562814
-66.25 124.5100502512563 408.4359296482412
-66.25 125.8417085427136 406.5716080402009
-66.25 127.1733668341708 404.7072864321608
-66.25 128.5050251256282 403.2449748743718
-66.25 129.8366834170855 401.6959798994975
-66.25 131.1683417085428 400.0979899497487
-66.25 132.5 254.5
-66.25 -132.5 254.5
-66.25 97.20667466068062 501.1388694021332
-66.25 98.20145795902022 494.2816237233285
-66.25 98.53152982610627 490.3456724026044
-66.25 98.86719317556803 486.3430452920412
-66.25 99.53397092414254 478.562731464775
-66.25 99.8643396802639 474.7965276449916
-66.25 100.1997244829527 470.9731408943397
-66.25 100.8660528283228 463.3769977571203
-66.25 101.1965683949259 459.6091202978446
-66.25 101.5318147395914 455.7873119686585
-66.25 102.5325766645711 447.6597734065485
-66.25 131.2159009332376 394.8980617372667
-66.25 131.2634601579324 389.6981335247849
-66.25 131.3110193826272 384.498205312303
-66.25 131.358578607322 379.2982770998179
-66.25 131.4061378320168 374.0983488873392
-66.25 131.4536970567115 368.8984206748794
-66.25 131.5012562814062 363.6984924624086
-66.25 131.5488155061011 358.4985642499205
-66.25 131.5963747307958 353.2986360374433
-66.25 131.6439339554905 348.098707824974
-66.25 131.6914931801853 342.8987796124921
-66.25 131.7390524048802 337.6988514000103
-66.25 131.786611629575 332.4989231875284
-66.25 131.8341708542698 327.2989949750464
-66.25 131.8817300789649 322.0990667625359
-66.25 131.9292893036599 316.8991385500381
-66.25 131.9768485283549 311.6992103375262
-66.25 132.0244077530499 306.4992821250268
-66.25 132.0719669777452 301.2993539124957
-66.25 132.11952620244 296.099425700017
-66.25 132.1670854271352 290.8994974874843
-66.25 132.2146446518302 285.6995692749898
-66.25 132.2622038765252 280.4996410624872
-66.25 132.3097631012201 275.2997128500006
-66.25 132.357322325915 270.0997846375012
-66.25 132.4048815506099 264.8998564250114
-66.25 132.4524407753051 259.699928212493
-66.25 127.1999999999921 254.5
-66.25 121.9000000000071 254.5
-66.25 116.6000000000246 254.5
-66.25 111.300000000042 254.5
-66.25 106.0000000000595 254.5
-66.25 100.7000000000759 254.5
-66.25 95.40000000008877 254.5
-66.25 90.10000000010621 254.5
-66.25 84.80000000012365 254.5
-66.25 79.50000000014107 254.5
-66.25 74.2000000001585 254.5
-66.25 68.90000000017592 254.5
-66.25 63.60000000019335 254.5
-66.25 58.30000000021077 254.5
-66.25 53.00000000022821 254.5
-66.25 47.70000000024564 254.5
-66.25 42.40000000026308 254.5
-66.25 37.1000000002805 254.5
-66.25 31.80000000029793 254.5
-66.25 26.50000000031535 254.5
-66.25 21.20000000033276 254.5
-66.25 15.90000000035022 254.5
-66.25 10.60000000036764 254.5
-66.25 5.300000000382624 254.5
-66.25 3.747686605493072e-10 254.5
-66.25 -5.299999999636185 254.5
-66.25 -10.59999999964717 254.5
-66.25 -15.89999999965815 254.5
-66.25 -21.1999999996691 254.5
-66.25 -26.49999999968009 254.5
-66.25 -31.79999999969101 254.5
-66.25 -37.09999999970199 254.5
-66.25 -42.39999999971303 254.5
-66.25 -47.69999999972401 254.5
-66.25 -52.99999999973505 254.5
-66.25 -58.29999999974603 254.5
-66.25 -63.59999999975707 254.5
-66.25 -68.89999999976806 254.5
-66.25 -74.1999999997791 254.5
-66.25 -79.49999999979008 254.5
-66.25 -84.79999999980109 254.5
-66.25 -90.09999999981213 254.5
-66.25 -95.39999999982311 254.5
-66.25 -100.6999999998341 254.5
-66.25 -105.9999999998451 254.5
-66.25 -111.2999999998562 254.5
-66.25 -116.5999999998672 254.5
-66.25 -121.8999999998782 254.5
-66.25 -127.1999999999322 254.5
-66.25 -132.5 259.7893391038435
-66.25 -132.5 265.0786782076869
-66.25 -132.5 270.3680173115304
-66.25 -132.5 275.6573564153739
-66.25 -132.5 280.9466955192173
-66.25 -132.5 286.2360346230608
-66.25 -132.5 291.5253737269043
-66.25 -132.5 296.8147128307477
-66.25 -132.5 302.1040519345912
-66.25 -132.5 307.3933910384346
-66.25 -132.5 312.6827301422781
-66.25 -132.5 317.9720692461216
-66.25 -132.5 323.2614083499651
-66.25 -132.5 328.5507474538085
-66.25 -132.5 333.8400865576519
-66.25 -132.5 339.1294256614954
-66.25 -132.5 344.4187647653389
-66.25 -132.5 349.7081038691823
-66.25 -132.5 354.9974429730258
-66.25 -132.5 360.2867820768693
-66.25 -132.5 365.5761211807127
-66.25 -132.5 370.8654602845561
-66.25 -132.5 376.1547993883996
-66.25 -132.5 381.4441384922431
-66.25 -132.5 386.7334775960866
-66.25 -132.5 392.02281669993
-66.25 -132.5 397.3121558037735
-66.25 -132.5 402.6014949076169
-66.25 -132.5 407.8908340114604
-66.25 -132.5 413.177470309839
-66.25 -132.5 418.400908686192
-66.25 -132.5 423.5373003390604
-66.25 -132.5 428.5880995082432
-66.25 -132.5 433.5547276315799
-66.25 -132.5 438.4385898426833
-66.25 -132.5 443.2410651587323
-66.25 -132.5 447.9635098230424
-66.25 -132.5 452.6072575582725
-66.25 -132.5 457.1736197572219
-66.25 -132.5 461.6638853321649
-66.25 -132.5 466.0793231436617
-66.25 -132.5 470.4211801460477
-66.25 -132.5 474.6906826159013
-66.25 -132.5 478.8890356573454
-66.25 -132.5 483.0174252390728
-66.25 -132.5 487.0770177351941
-66.25 -132.5 491.068959328077
-66.25 -132.5 494.9943768931433
-66.25 -132.5 498.8543799173458
-66.25 -132.5 502.6500574931964
-66.25 -132.5 506.382482539317
-66.25 -132.5 510.0527084862442
-66.25 -132.5 513.6617721927339
-66.25 -132.5 517.2106923395352
-66.25 -132.5 520.7004718878399
-66.25 -132.5 524.1320962089466
-66.25 -132.5 527.5065340136316
-66.25 -132.5 530.8247393556263
-66.25 -132.5 534.0876477380716
-66.25 -132.5 537.2961813509041
-66.25 -132.5 540.451246646802
-66.25 -132.5 543.5537348736397
-66.25 -132.5 546.6045211103808
-66.25 -132.5 549.6044679955162
-66.25 -132.5 552.5544221042946
-66.25 -132.5 555.4552178298102
-66.25 -132.5 558.3076718704471
-66.25 -132.5 561.1125917883959
-66.25 -132.5 563.8707699183176
-66.25 -132.5 566.5829826624084
-66.25 3.922153365397357 515.1399839418689
-66.25 -13.31658291457286 515.3467500904378
-66.25 15.97989949748745 514.8467500904378
-66.25 35.78916789836041 514.198770042373
-66.25 -20.20368272744063 515.6009330964649
-66.25 105.6931541229785 432.5631151143168
-66.25 -28.38203164344415 517.3278669512342
-66.25 -127.9192979668412 394.6674862518518
-66.25 114.1199538974548 418.7980303821864
-66.25 99.75322136676581 445.0172466365869
-66.25 47.86145457804583 512.1433018350752
-66.25 57.26130653266333 512.0967500904378
-66.25 -37.81946052022085 521.0706658075115
-66.25 -2.649999999630708 259.0899346400657
-66.25 -59.37304047049422 535.0534083818951
-66.25 -45.96833185528544 525.7625792361666
-66.25 -128.1623267420572 426.0626999236517
-66.25 -84.34929366236452 552.9207356933346
-66.25 25.30150753768845 514.8467500904378
-66.25 -96.11004696683739 556.7726294874228
-66.25 126.9742067392085 366.2572690718741
-66.25 -127.9192979668412 362.9314516287911
-66.25 -128.5783651375947 454.8904386577471
-66.25 29.15000000030664 259.0899346400424
-66.25 -34.4499999996965 259.089934640067
-66.25 97.48609300863836 464.9521571930716
-66.25 -128.8944146787794 476.7898591366234
-66.25 -66.383434447938 540.6190781148755
-66.25 122.2666678322802 408.2412666856562
-66.25 127.2595620873629 335.0576997969993
-66.25 -129.1849930585472 496.9243784052445
-66.25 -5.326633165829136 515.8467500904378
-66.25 -127.9192979668411 336.4847561095737
-66.25 -52.81657773501068 529.9453582332463
-66.25 -101.6673301145785 558.5791621507393
-66.25 55.65000000021949 259.0899346400424
-66.25 -129.5029442096189 518.9555821136873
-66.25 -60.94999999975155 259.089934640067
-66.25 96.15840510774517 480.1358431675849
-66.25 66.86969252264089 512.0859284019026
-66.25 127.4973582108225 309.0580587345063
-66.25 -127.9192979668412 310.0380605903563
-66.25 9.321608040201014 515.0967500904378
-66.25 -129.697783416486 532.4561935468489
-66.25 76.85000000014978 259.0899346400424
-66.25 -108.2654481810894 560.5450438453018
-66.25 -89.67925382845002 554.7930714590271
-66.25 -82.14999999979558 259.089934640067
-66.25 -71.93311850143014 546.0641097915217
-66.25 94.97199059197473 499.0688147714113
-66.25 89.16886392762103 512.183433507523
-66.25 -80.13014746934876 551.826649587925
-66.25 -113.6405291850987 562.4024458814717
-66.25 72.6417526341033 515.7644636582764
-66.25 -129.8799557024675 545.0791279920098
-66.25 126.7839698404152 387.0569819217739
-66.25 98.05000000008236 259.0899346400429
-66.25 -127.9192979668411 288.8807041749826
-66.25 39.9497487437186 514.0967500904378
-66.25 30.6281407035176 514.8467500904378
-66.25 -32.42109895879863 518.8806696884274
-66.25 -118.7482379216115 564.3002676783775
-66.25 -129.3479751193179 508.2175955127809
-66.25 109.8729586801564 425.2999395717878
-66.25 -128.3755886639975 440.8398275007075
-66.25 127.687595109607 288.2583458844671
-66.25 -127.9490041680055 410.5341521606498
-66.25 -24.20049922814285 516.3907199396839
-66.25 13.25000000035893 259.0899346400424
-66.25 -127.9192979668411 378.7994689403211
-66.25 -18.54999999966363 259.089934640067
-66.25 127.1168844132894 350.6574844344386
-66.25 -98.04999999982864 259.089934640067
-66.25 -41.97335698091129 523.3655943115423
-66.25 19.97487437185931 514.8467500904378
-66.25 61.48471062747467 512.2529502709896
-66.25 -0.2288448562759891 515.8557757186192
-66.25 84.30353072561535 517.6658455678257
-66.25 -130.0087697740976 554.004819967053
-66.25 118.4653463396812 413.2776546130509
-66.25 126.5727970226068 402.8228807437039
-66.25 -122.856585797997 565.1807756245463
-66.25 -9.321608040200992 515.8467500904378
-66.25 98.36836828659006 453.5566484565327
-66.25 44.8150819457224 512.986197326619
-66.25 51.74022004144123 511.9880518018336
-66.25 13.12870666253365 514.9719313250387
-66.25 -17.31155778894472 515.3467500904378
-66.25 -113.9499999998617 259.089934640067
-66.25 79.66884750552806 520.6168505929497
-66.25 113.9500000000333 259.0899346400424
-66.25 -76.52283443480559 550.3903185098347
-66.25 -63.51053962614347 538.1671018492328
-66.25 -49.96330672965756 528.1595641607901
-66.25 -105.4316550070345 559.8869510954622
-66.25 -125.6371793608107 566.1671018492322
-66.25 102.8945052060006 438.1947400401879
-66.25 95.26185620512209 488.0560870424612
-66.25 92.93318882008008 505.7299159195838
-66.25 -55.52058987739787 532.0251420502364
-66.25 -127.9192979668412 273.0126868634522
-66.25 -130.0911078834002 559.7101318294226
-66.25 -129.7903998418851 538.8737139988538
-66.25 -129.6020005082557 525.8193151112869
-66.25 96.74564296244841 472.5965545223706
-66.25 127.8302727836974 272.6585612469809
-66.25 -129.0716829191653 489.0729885316366
-66.25 -128.7711719679604 468.2502516448545
-66.25 126.8790882898157 376.6571254968087
-66.25 -92.32554828593042 555.874720290947
-66.25 -98.99445480099804 557.5377323442218
-66.25 -35.08441554171685 519.9459963215946
-66.25 39.7500000002718 259.0899346400424
-66.25 87.45000000011494 259.0899346400424
-66.25 66.25000000018463 259.0899346400424
-66.25 -127.9192979668412 352.3527734211041
-66.25 -45.04999999971852 259.089934640067
-66.25 127.3546805367457 324.657843372021
-66.25 -71.54999999977356 259.089934640067
-66.25 -127.9192979668412 325.9060779018868
-66.25 -127.9192979668412 299.4593823826698
-66.25 127.5924766602306 298.6582023094865
-66.25 6.658291457286437 515.0967500904378
-66.25 22.63819095477388 514.8467500904378
-66.25 27.96482412060302 514.8467500904378
-66.25 54.59798994974874 512.0967500904378
-66.25 70.15235495886031 513.7643301707767
-66.25 -68.88069165648656 543.1532827537573
-66.25 -110.9772126021848 561.5871192483063
-66.25 128.9580899778864 399.6099661038497
-66.25 -86.85045330856704 553.8725038592825
-66.25 75.89364476428939 518.6367868170342
-66.25 -116.311613012651 563.4483544030275
-66.25 -128.1249232387612 567.1379376430559
-66.25 86.69519772273924 515.4082108499996
-66.25 33.0630267105787 514.6995556634546
-66.25 -73.9331559758876 548.7914737085279
-66.25 42.34679571462074 513.9561332477251
-66.25 -2.52038914229763 516.0193347676368
-66.25 65.02060629949172 512.046498834157
-66.25 65.97141741676117 510.8343510789239
-66.25 67.44954719975799 510.7216171677924
-66.25 66.60998524928138 509.4602999013852
-66.25 68.15528430471704 509.3417876638852
-66.25 67.27695892547808 508.0231203125991
-66.25 68.89292314031579 507.8986212461036
-66.25 67.97374066273501 506.5175200465571
-66.25 69.66124441410952 506.3908418538711
-66.25 68.70485555007676 504.9537226918044
-66.25 66.97298185698547 505.0968339024216
-66.25 67.7132733871515 503.5047697558242
-66.25 65.95400987628868 503.6548780428225
-66.25 66.70288829218727 502.047399649051
-66.25 64.92766311475077 502.198552545613
-66.25 65.68292307501528 500.5685519104657
-66.25 63.8760368853516 500.7213070946681
-66.25 64.64563312434416 499.0617031354309
-66.25 62.81219501084477 499.2197376823231
-66.25 63.59107313531235 497.541558555872
-66.25 61.73806902541954 497.7013768891135
-66.25 62.52517777824296 496.0052804147754
-66.25 60.65197148231357 496.1666654847218
-66.25 61.44771625227126 494.4510212122377
-66.25 59.55209469079703 494.6141620016412
-66.25 60.35748614991819 492.8777440497268
-66.25 58.43852712775961 493.0426744721012
-66.25 59.25371576306343 491.2813905572539
-66.25 57.30261208821092 491.447638159589
-66.25 58.13241227532772 489.6539538658758
-66.25 56.14614570885685 489.823845234481
-66.25 56.99047069759336 487.9991234650015
-66.25 54.9702051135171 488.1720190812347
-66.25 55.82886691771519 486.3156500316996
-66.25 53.77288652689486 486.4914293247959
-66.25 54.64683749768935 484.6018392637764
-66.25 52.55735505804641 484.7823362136069
-66.25 53.4443104986298 482.8655160694596
-66.25 51.32535182890476 483.048643730071
-66.25 52.22474715631309 481.1047578947391
-66.25 50.07573270484868 481.2904624691243
-66.25 50.98788183273792 479.3187663261345
-66.25 48.80794219151134 479.5071172617587
-66.25 49.7332176109469 477.5067986010527
-66.25 47.52145752364061 477.6978768717931
-66.25 48.46024041550681 475.6681627536122
-66.25 46.21699378951154 475.8625767361264
-66.25 47.16871669885697 473.8049731606379
-66.25 44.89468848561359 474.0020518121368
-66.25 45.8593564654168 471.9148650512262
-66.25 43.55148254586801 472.1147198889864
-66.25 44.53058927026078 469.995896429821
-66.25 42.18059869463796 470.1956015245273
-66.25 43.18008096031119 468.0304338757722
-66.25 40.77716275507672 468.2344752309829
-66.25 41.79926413149583 466.0202261520033
-66.25 39.34223168739195 466.2290819962195
-66.25 40.38720449420877 463.9654033821963
-66.25 37.87556190979347 464.1789965632839
-66.25 38.94348588648832 461.8627151158901
-66.25 36.37159596447081 462.081267040656
-66.25 37.46524738232411 459.7091062913266
-66.25 34.83149449224126 459.9330381812088
-66.25 35.95137154512913 457.5040832683194
-66.25 33.25488543732624 457.7334989617524
-66.25 34.40133792774827 455.2470028429879
-66.25 31.65039016120767 455.4861655781531
-66.25 32.8163627628381 452.9568146349872
-66.25 30.01884444072871 453.2006417860795
-66.25 31.20415029269027 450.6297001165423
-66.25 28.36090303771499 450.8775579007476
-66.25 29.56555270376787 448.2646588831814
-66.25 26.67592574169048 448.5165717537712
-66.25 27.90021589445178 445.8610496251263
-66.25 24.96445771609257 446.1175424033015
-66.25 26.20789197806582 443.4203514156584
-66.25 23.22615765150547 443.6809534180043
-66.25 24.48899613806131 440.9416128595423
-66.25 21.46068297379423 441.2063128632569
-66.25 22.7432268572222 438.4241866065498
-66.25 19.66762439236691 438.6930376443593
-66.25 20.97018102736103 435.8674606625275
-66.25 17.84655333688973 436.140526151558
-66.25 19.16943497652136 433.2708202908793
-66.25 15.99703248880844 433.5481660586225
-66.25 17.34058386878391 430.6339576470846
-66.25 14.6602955454053 436.457812745148
-66.25 12.81072218199294 433.8462077596591
-66.25 11.46749850669785 436.7582453329617
-66.25 9.608009284758623 434.13471590051
-66.25 8.256797276765898 437.0631631651408
-66.25 6.386287645988254 434.4241387908089
-66.25 5.026926700037622 437.3700478094199
-66.25 3.144775226399242 434.7149609680178
-66.25 1.777018755109732 437.679201115588
-66.25 -0.1169624188953429 435.0076079511989
-66.25 -1.49327684861658 437.9904726655477
-66.25 -3.399338065437008 435.3020499640924
-66.25 -2.016678454093362 432.2728125686293
-66.25 -4.784391938766367 438.3039367056282
-66.25 20.55122369098352 430.3598016500626
-66.25 18.70682878432327 427.6970732989895
-66.25 21.94856100916404 427.4217628332053
-66.25 20.08800693797899 424.7371345847161
-66.25 23.35564691540785 424.4595632966255
-66.25 21.48009478651214 421.7526165505545
-66.25 24.77517058953569 421.4727964169673
-66.25 22.8838125292218 418.7415553079726
-66.25 26.20897152608835 418.4594089921009
-66.25 24.30045807781628 415.7020941862774
-66.25 27.65778873078437 415.4174308466023
-66.25 25.7309038651687 412.6322514841343
-66.25 -5.35694563790314 432.5783551037545
-66.25 28.84059127676121 455.766860588407
-66.25 29.12261206800468 412.3448816535998
-66.25 27.17540321523602 409.5219295687606
-66.25 36.82115421965448 466.4830240325485
-66.25 30.61608877512805 409.2316685361997
-66.25 28.64183523116954 406.3670009699359
-66.25 32.13334527364545 406.0733796700293
-66.25 30.13087923600498 403.1675878961503
-66.25 26.60158114204732 403.4712272956385
-66.25 28.10038654132885 400.229421643181
-66.25 24.51712140024789 400.5401261468077
-66.25 26.03715749993507 397.252530380371
-66.25 22.40495520752182 397.5683597285797
-66.25 23.94515601962449 394.2374472577407
-66.25 20.26539504171131 394.5574879005986
-66.25 21.82559809567508 391.1817943993524
-66.25 18.09585158277849 391.5063523580771
-66.25 19.67711914301702 388.0849409863591
-66.25 15.89684890990591 388.4139317521414
-66.25 17.4996034003818 384.9472876789727
-66.25 13.66982855600675 385.2804723641252
-66.25 15.29366144735928 381.7683681471855
-66.25 11.41368893872524 382.1058944831242
-66.25 19.16489856202135 381.4368499360603
-66.25 29.66176956990837 396.9438167017377
-66.25 13.05882487830969 378.5477332341349
-66.25 9.127971031537147 378.8896803368771
-66.25 10.79468528862429 375.2848545200965
-66.25 6.812278008104899 375.6312839631697
-66.25 8.50085329469097 371.9791808761686
-66.25 4.467845703601154 372.3309055533607
-66.25 35.60469415658449 452.7206410934353
-66.25 43.93821699363394 476.0819860456035
-66.25 6.177394253958376 368.6353787890291
-66.25 2.097290419819966 368.9911065769294
-66.25 3.826889836098557 365.2524344417396
-66.25 -0.3008060270792341 365.6122764748047
-66.25 7.946482681967224 364.8981485524846
-66.25 -2.041640160637058 369.3882484765131
-66.25 -4.452957584490694 365.9872863688493
-66.25 -6.20303413155677 369.7834143910044
-66.25 -8.627515491827502 366.3642183490778
-66.25 -10.38705000079729 370.1810408358369
-66.25 -12.82500809300534 366.7431761638418
-66.25 -14.59422141315019 370.5811819525308
-66.25 -17.05144063698085 367.1216907960711
-66.25 -18.83294959468442 370.9894736985086
-66.25 -21.30982018417734 367.5044470422444
-66.25 -23.10549406192039 371.403355863404
-66.25 -25.60263288598701 367.8903180060931
-66.25 -27.41275973476157 371.821020502966
-66.25 -6.868910564473792 362.5356559292138
-66.25 32.58288705713527 412.0900182156961
-66.25 42.89514172310201 463.7545567715543
-66.25 -29.93027402777269 368.2795388241016
-66.25 -31.75504314564457 372.2422496205645
-66.25 -28.10539821580052 364.3162931940871
-66.25 -32.47472185093229 364.7061935319167
-66.25 -30.63014357572398 360.7001795721525
-66.25 -35.04724859917194 361.0939905972458
-66.25 -33.18207092080015 357.0456878289562
-66.25 49.17351514490286 483.2548804984032
-66.25 -2.869684019232035 440.9730626649444
-66.25 -6.116339161752302 441.280738819606
-66.25 -4.229794295584704 443.9044178529226
-66.25 -7.414936186352085 444.2045847068245
-66.25 -5.565821503799867 446.7767479018707
-66.25 -8.68844657808158 447.070845713715
-66.25 -6.87577049396108 449.5926847863773
-66.25 -9.936904589303225 449.8806139907462
-66.25 -11.74369281943968 447.3955614382738
-66.25 -12.99884085059853 450.2074825106789
-66.25 -14.81635095863027 447.7101177548182
-66.25 -16.08123166355077 450.540709605033
-66.25 -17.91377122252799 448.0239106399314
-66.25 -19.18912745238405 450.8780837286767
-66.25 -21.03676721625363 448.3404598968507
-66.25 -22.32270646908995 451.2181938266464
-66.25 -24.18578815903532 448.6594770646679
-66.25 -25.48251424662237 451.5613062810585
-66.25 -27.36185720971334 448.9808481758292
-66.25 -28.66977968383406 451.9079958344492
-66.25 -30.56530220134611 449.3052491690198
-66.25 -31.88454551773712 452.2576315210025
-66.25 -8.160254066076529 452.352898473039
-66.25 -33.79646582409789 449.6323718487569
-66.25 -35.12720261797843 452.6103540208026
-66.25 -37.05632836172823 449.961991046347
-66.25 -38.39897128612525 452.9667918975545
-66.25 -23.6076361224204 454.1062410215114
-66.25 -40.34926556710285 450.2929681389706
-66.25 -41.70565610457275 453.3305099063054
-66.25 -39.73860201208921 456.0007111118893
-66.25 -43.0103055881245 456.3512389171151
-66.25 -44.98538096145036 453.706103238598
-66.25 -46.30180442958856 456.7489975529426
-66.25 -44.31352414817413 459.3846008321352
-66.25 -47.56531762474412 459.7699567373042
-66.25 -45.60950084487458 462.3612813771916
-66.25 -48.80539326030509 462.7396549182024
-66.25 -48.29828442970728 454.0790719609188
-66.25 -46.88364919858996 465.2853927488393
-66.25 -50.02334063117203 465.6572859910468
-66.25 -48.13525609655279 468.1580558197753
-66.25 -51.21968027952148 468.5236620880898
-66.25 -38.99329098106244 447.2373141501729
-66.25 -49.36447163041207 470.9814431976754
-66.25 -52.39642108461499 471.3409769618786
-66.25 -54.25905389397786 468.9085803896456
-66.25 -55.44730382710539 471.7478585006117
-66.25 -57.33252385500995 469.2906030480249
-66.25 -58.53437454912225 472.1644729373349
-66.25 -56.63145168107589 474.619190696123
-66.25 -59.68796221406033 475.0236878842678
-66.25 -37.64494287737701 357.4433291307851
-66.25 -35.76024666489838 353.3529228474295
-66.25 -60.44325742495911 469.6779376729186
-66.25 -57.81316816242761 477.4399975346356
-66.25 -60.82002295497493 477.8375173424946
-66.25 49.4411744195333 473.6089767050457
-66.25 -58.97621455358678 480.2134121759824
-66.25 -61.93275515570323 480.6044402415854
-66.25 -40.26839444556989 353.7551475964214
-66.25 -38.36496563935071 349.6239939658251
-66.25 -60.11967584623908 482.9403977689675
-66.25 -63.02724379007898 483.3255392765597
-66.25 -42.91791783519697 350.0303006678134
-66.25 -44.83402991045815 354.1979922468131
-66.25 -61.24339980728477 485.6247069831564
-66.25 -64.1059212642611 486.0040424814499
-66.25 -58.39888438315867 485.2381324395589
-66.25 -65.89814082239754 483.7258338494918
-66.25 -66.98873071497982 486.4278336605224
-66.25 -68.80425212879877 484.123953429084
-66.25 -69.90866391255494 486.8615411818856
-66.25 -40.99563271260462 345.8581884712246
-66.25 -68.07434680121185 489.1649999251363
-66.25 -70.96902092963364 489.5880288007214
-66.25 -45.59370854568134 346.268541139031
-66.25 -71.74876458912968 484.527630639598
-66.25 54.37314102895687 480.919439792154
-66.25 59.01134706009394 487.8260086670497
-66.25 -69.15886418494318 491.8591929765665
-66.25 -72.01137023996648 492.2757441038856
-66.25 -43.6522503888331 342.0566189486485
-66.25 -39.01970113225856 341.6483301943634
-66.25 63.34665739121616 494.2852100575946
-66.25 -48.29352146247927 342.4706675690675
-66.25 -70.22801464302925 494.5128760178317
-66.25 -73.03776331541108 494.9233224570395
-66.25 -71.28103096259653 497.1267754997568
-66.25 -74.04895440987572 497.5315237368271
-66.25 -75.81447167877666 495.3469200958824
-66.25 -76.83876093061127 497.9804287113785
-66.25 -75.05665658195083 500.1623120461437
-66.25 -77.82197484648502 500.6022211335556
-66.25 -78.62890912339986 495.7682097847187
-66.25 -46.33370171709361 338.2190846898199
-66.25 -51.01863491348988 338.6369997753565
-66.25 -46.35074122947305 470.61425329607
-66.25 -76.06176682324025 502.7555816084547
-66.25 -78.78970127639239 503.189361884556
-66.25 -29.21853023646142 375.7981014586439
-66.25 -33.55718420304532 376.2103969774298
-66.25 54.12365371979064 490.0191729757802
-66.25 -31.03201804551698 379.7488037291151
-66.25 -35.34774944195981 380.1584642733248
-66.25 -49.04035790953169 334.3453853032603
-66.25 -53.76939976293021 334.7672341443397
-66.25 -55.75920621127406 339.0942109899249
-66.25 -32.83642379825725 383.677297911884
-66.25 -37.12822357368391 384.0847151553905
-66.25 -77.05356778660514 505.3129312548064
-66.25 -79.74591819370097 505.7425977109486
-66.25 -34.63130641914994 387.5786797443854
-66.25 -38.88955648977386 387.9826064874335
-66.25 12.05515913078649 388.7861809152908
-66.25 -58.53070785021514 335.1987011232592
-66.25 -60.53267377435533 339.5566829148345
-66.25 -78.03063073419604 507.8406737602594
-66.25 -80.69099300253752 508.2654529040877
-66.25 -82.41556845825473 506.1809752878689
-66.25 -83.37376778291858 508.729379124474
-66.25 -75.38688681713907 507.4098692530404
-66.25 -85.12251752279695 506.6175062836949
-66.25 -86.09458847311936 509.2024039111857
-66.25 -84.32574533394093 511.315181508338
-66.25 -87.02899510609318 511.7815378353178
-66.25 -85.27624306802126 513.873506387987
-66.25 -87.95156692027746 514.3347672741282
-66.25 -51.77249717356101 330.4352067740748
-66.25 -36.41256832301254 391.4478630501085
-66.25 -40.63317090803318 391.8468655259632
-66.25 -43.116848022932 388.4006887367602
-66.25 -44.8667599824546 392.2799469238606
-66.25 -47.37036585330829 388.8162672249558
-66.25 -49.13758146732879 392.7303043968114
-66.25 -51.66615228002204 389.2326629016462
-66.25 -53.45073456758924 393.185619743008
-66.25 -56.00454074366374 389.6533833201392
-66.25 -57.80677321233325 393.6457158786023
-66.25 -60.38605716778794 390.0784153979612
-66.25 -62.20619062538074 394.1105428632636
-66.25 -86.21731048958782 516.4043941682945
-66.25 -88.86397269838106 516.8607520431858
-66.25 29.17945421042553 443.1669969293819
-66.25 -64.81119918610227 390.5077470157515
-66.25 -66.64946298414496 394.580083421113
-66.25 -64.02075044733787 398.1974854340513
-66.25 -68.45498192612595 398.6559515960301
-66.25 -87.14831969831253 518.9078565884773
-66.25 -89.76614855050883 519.3593405188241
-66.25 -88.06910593524402 521.384073274141
-66.25 -90.64874737184073 521.822656224625
-66.25 -65.8427366091053 402.2483659050021
-66.25 -70.24371823458428 402.7026037571271
-66.25 -26.05614609100185 446.0299969739625
-66.25 -87.86878833822612 507.059975937028
-66.25 -3.954228792789602 429.5021172774611
-66.25 -7.351620057200298 429.8108869348628
-66.25 -63.32408825259792 335.6355437473447
-66.25 -65.33887408786434 340.0240046502049
-66.25 -88.98420887354601 523.8073663213537
-66.25 -91.50972947975991 524.2351088861236
-66.25 68.48729826893322 501.8892116852541
-66.25 -38.17933506024034 395.2812335490322
-66.25 -5.922818228746654 426.686861698806
-66.25 -67.65172045072117 406.2686847550715
-66.25 -72.02128092619888 406.719655434676
-66.25 -93.17383333286585 522.2813409488161
-66.25 -94.04418347840023 524.7082302090919
-66.25 -69.28044818984638 390.9413826418428
-66.25 -89.88294523839893 526.1705442964414
-66.25 -69.44781714741892 410.2602159049733
-66.25 -73.78622542085834 410.7080530285856
-66.25 -85.50712320703656 520.9274453241738
-66.25 -68.14989230771876 336.0767038528547
-66.25 -70.17795680905216 340.4955284290193
-66.25 -9.366734506336016 427.0005052265492
-66.25 -7.919107781626449 423.831428023452
-66.25 -71.23103896645088 414.2233262223719
-66.25 -75.53851957243813 414.6680581931142
-66.25 -5.164959762823274 452.0678000767967
-66.25 -6.419202374905424 454.7676005267418
-66.25 -73.00147327231805 418.1582275265475
-66.25 -77.27824589991731 418.59987578815
-66.25 -74.75931068101022 422.0641587489549
-66.25 -79.00314928633422 422.5020008677085
-66.25 -76.50406380246805 425.9388094237772
-66.25 -95.7326603481762 522.7331847892065
-66.25 -96.61445433355105 525.1963018266293
-66.25 -3.488337264103183 454.487947418481
-66.25 -4.715149856835659 457.1285969660531
-66.25 -66.94519896343112 413.7690218575141
-66.25 -80.71118491174016 426.3710169836243
-66.25 -1.848318423951057 456.8551851901703
-66.25 -3.048437397230356 459.4381004058941
-66.25 -0.2442146314948372 459.1707794616541
-66.25 -1.418224238214048 461.6972498028235
-66.25 1.324790975870991 461.4358775447509
-66.25 0.1763167167481016 463.907224733623
-66.25 -2.506871155622524 464.1629642529126
-66.25 -0.9462202032720219 466.3334140129301
-66.25 -3.583988907567182 466.5837743172928
-66.25 -2.050906609500939 468.7153602275587
-66.25 -4.641198980090886 468.9612482609235
-66.25 -3.135731707579576 471.0539188072433
-66.25 -5.67869502691374 471.2954748378016
-66.25 -4.200619476020101 473.3495987952553
-66.25 -6.69629288538964 473.5865502042837
-66.25 -5.245883463557386 475.6016568478216
-66.25 -7.693141123233843 475.8335822552733
-66.25 -2.805616068976963 475.3656738056603
-66.25 -3.824379514999497 477.56600672681
-66.25 -1.438288687704894 477.3347645166901
-66.25 -2.434133093102765 479.4852196456693
-66.25 -0.1023116006832683 479.2592440944493
-66.25 -1.07543874454278 481.3615486121532
-66.25 1.204531861639698 481.140539203836
-66.25 0.2531093132985863 483.1962893232182
-66.25 2.482788783008225 482.9801689970308
-66.25 -1.97562996666759 483.411758751696
-66.25 -0.6775997131893895 485.2037442268588
-66.25 -2.854173482308164 485.4142433438454
-66.25 -1.586476198917401 487.164108303617
-66.25 -3.711910112014193 487.3697612631623
-66.25 3.432013049724014 480.9566957041163
-66.25 4.706807317582935 482.7890900850726
-66.25 5.654408100204115 480.7702120090893
-66.25 6.92778671207559 482.5997244385799
-66.25 -2.473915191393279 489.0784415561736
-66.25 -4.549613879766623 489.2795292322862
-66.25 7.87462366124795 480.5828010933531
-66.25 9.146986491501849 482.4108131214665
-66.25 -3.340369444690265 490.9481866313771
-66.25 -5.367468189472968 491.1446997484528
-66.25 -4.186425395989732 492.7741940327404
-66.25 -2.205305338505728 492.5831113262037
-66.25 -6.165931837473295 492.9661707515925
-66.25 -7.336227651719121 491.3674139960418
-66.25 -8.136505772136658 493.1809293120035
-66.25 -9.309856032240925 491.5798135393306
-66.25 -10.11306640285918 493.3989252002048
-66.25 -11.29037893061881 491.792214209496
-66.25 -12.09741696021867 493.6182603979113
-66.25 -13.28037893076595 492.00407733495
-66.25 -14.0914487385077 493.8390350905103
-66.25 -15.28026626446285 492.2168363820896
-66.25 -16.09542406471711 494.0609272099543
-66.25 -17.29017136142196 492.4305930945314
-66.25 -18.10946459274674 494.2839270585314
-66.25 -19.31020741673514 492.6453640052719
-66.25 -20.13368297573478 494.5080439104242
-66.25 -21.34120455585556 492.860842632109
-66.25 -22.16945520563909 494.734214625475
-66.25 -23.38457992472702 493.0772085789756
-66.25 -24.21820208878525 494.9625689040412
-66.25 -22.55317984048428 491.1719359947809
-66.25 -25.44170037382248 493.2946171708073
-66.25 -26.28124791085197 495.193167607016
-66.25 -27.51395693727946 493.5131570689442
-66.25 -28.36196896347346 495.4276424142768
-66.25 10.09316650654269 480.3954260241301
-66.25 11.36459498653491 482.2221327196698
-66.25 -29.60713869795872 493.7310464155422
-66.25 -30.46403058759 495.6651654836306
-66.25 10.41746336910965 484.216652242273
-66.25 12.59442716108389 484.028280069547
-66.25 11.66674498079617 485.9807828795119
-66.25 13.79700466083193 485.7962879948547
-66.25 12.88936000041251 487.7069290957677
-66.25 14.9741258081013 487.5263836394262
-66.25 14.08586144052714 489.3962694426509
-66.25 16.12627749400081 489.2196199510056
-66.25 15.25686462237008 491.0497264160963
-66.25 17.25396292368241 490.8769051926196
-66.25 18.12178300527034 489.074099986393
-66.25 19.24744181095357 490.7262354800692
-66.25 20.11449225332476 488.9259396236163
-66.25 21.23916301516641 490.5765389354545
-66.25 20.37156037557336 492.3578668343027
-66.25 22.32650116632204 492.2080797447994
-66.25 13.53895429036955 482.063358676459
-66.25 -3.032836427378649 494.3689150196859
-66.25 23.19125658445294 490.4536667537696
-66.25 24.27614051728716 492.0787360571084
-66.25 23.41209530959526 493.8131473783196
-66.25 25.32520303145926 493.6837854360729
-66.25 -31.7220414685717 493.9509383113142
-66.25 -32.58792593360651 495.905098891821
-66.25 -30.85832941439203 491.9776228802606
-66.25 -78.23570411034777 429.7751958328329
-66.25 -10.91747175977206 495.2073687037446
-66.25 26.18559239909252 491.9760746934147
-66.25 27.23189496818812 493.5738280247514
-66.25 -68.53010885323492 496.7159368015393
-66.25 -82.40276448651163 430.2032751454238
-66.25 26.37270528070784 495.2615026932953
-66.25 28.243508505782 495.1513798608946
-66.25 29.09851133557938 493.4899775222601
-66.25 30.10864138401324 495.0605229428892
-66.25 -76.37540885902884 407.1775782096934
-66.25 -79.95089509503742 433.5747666145556
-66.25 -32.20414284355324 391.0406895963247
-66.25 -84.07800145653127 433.9988568596466
-66.25 -73.00845698877156 336.5216288634044
-66.25 -70.96579655273185 332.0772694417503
-66.25 -75.05011291126982 340.970838431013
-66.25 58.75820922662278 496.3424506896577
-66.25 -81.64954331305908 437.337946455327
-66.25 -11.41554320047556 424.1494396427678
-66.25 -9.945569222323812 420.9312335460631
-66.25 -85.73705888119721 437.7580898167212
-66.25 -83.33176717043152 441.0653307715953
-66.25 -16.9115082823009 495.8968809319772
-66.25 -33.03068838250702 492.2024696116737
-66.25 -98.32928802268368 523.1929933989882
-66.25 -99.22367320982126 525.6941916167214
-66.25 -32.14298943959108 490.1724244916473
-66.25 29.25386630949362 496.7028714266636
-66.25 31.08433069811062 496.6119411811177
-66.25 -75.85531208221384 332.5216025957721
-66.25 -73.79722631386869 328.0444334062391
-66.25 -29.20909800567532 497.350919555241
-66.25 31.93482961931712 494.9945457289978
-66.25 32.9088722419902 496.539053862908
-66.25 -87.38027871317401 441.4814527898388
-66.25 -84.99797376911533 444.7569041759866
-66.25 -22.99800791113634 496.6052545010768
-66.25 20.94086731549879 415.9861099796117
-66.25 -89.00577586294862 445.1677872175991
-66.25 -86.64857942699614 448.4084309729412
-66.25 -78.72318412113795 328.4916661882514
-66.25 -76.64947550906918 323.98050847872
-66.25 -83.22383672106521 422.9502417504688
-66.25 -72.31783702231641 425.4937090634336
-66.25 -9.138260431541202 473.8478543001557
-66.25 -97.48983200073823 527.6946594658917
-66.25 -100.0654403648917 528.1753757361837
-66.25 -98.36755483705662 530.1321742387298
-66.25 -100.8846715570029 530.6012252048224
-66.25 -99.22641263560007 532.5116541912834
-66.25 -101.6825864423554 532.9687197783285
-66.25 -100.0648679668331 534.8339846561119
-66.25 -102.4617221812666 535.2785983356652
-66.25 -34.37819926562986 490.4041202785476
-66.25 -90.61370726729331 448.8149896135573
-66.25 -88.28158628956207 452.020907103562
-66.25 -47.00941143524619 330.0167161585447
-66.25 -49.75451287382251 326.0880893784302
-66.25 -44.9688223119092 325.6674943471843
-66.25 -47.72730159761051 321.7174688070717
-66.25 -42.9149839149987 321.2950098234119
-66.25 -45.68843250876939 317.3223657587689
-66.25 -40.84836635770164 316.897783125723
-66.25 -43.63755135999975 312.9018953829307
-66.25 -38.76903021703065 312.474988935572
-66.25 -35.97639584616201 316.4881078891328
-66.25 -33.90507576929814 312.0685018227898
-66.25 -31.12338968168861 316.0673660420755
-66.25 -29.06033643046103 311.6653379088914
-66.25 -26.28985252665715 315.6482011474112
-66.25 -24.23485865360992 311.2637378302179
-66.25 -21.47470163377196 315.2312393703126
-66.25 -19.42688363159387 310.8627302011753
-66.25 -16.674357846958 314.8172571690308
-66.25 -14.63131027129693 310.4600022713916
-66.25 -11.8851730420321 314.4052260951582
-66.25 -9.846582883063951 310.0578735880029
-66.25 -7.10634340438994 313.9944964027226
-66.25 -5.071622759724594 309.6561133685005
-66.25 -2.335965055807626 313.585486777707
-66.25 -0.3041747500680798 309.2539610454486
-66.25 2.428676035564098 313.1781494935395
-66.25 4.463192450487545 308.8475995711722
-66.25 7.199856630700523 312.7764881276236
-66.25 9.238868640972287 308.4386610427377
-66.25 11.98165099296252 312.3760524419893
-66.25 14.03061896904889 308.0247384632714
-66.25 16.78656578333401 311.9805431706912
-66.25 18.84612963009209 307.6077627720404
-66.25 21.61616820534279 311.5838547651176
-66.25 23.68639783902491 307.1886278442493
-66.25 26.47018865040104 311.18501341409
-66.25 24.3884562320434 315.586569892109
-66.25 29.22718572525955 315.1820051422035
-66.25 31.31841882904189 310.7901993500625
-66.25 34.08117964495354 314.7995259720856
-66.25 36.18194615559672 310.395372679612
-66.25 38.95674610721509 314.4220490263058
-66.25 36.84586223104416 318.8330838523781
-66.25 41.70604190423368 318.4483091572681
-66.25 39.60783774173035 322.8328225139953
-66.25 44.43684005132462 322.4494330342655
-66.25 46.54505709830805 318.0781010928235
-66.25 49.27832613657905 322.0903531123808
-66.25 47.16842412354049 326.4609726290414
-66.25 51.9917199625072 326.094818786136
-66.25 54.11341590984454 321.7356548427811
-66.25 49.89589380377014 330.438173727275
-66.25 54.68964160603053 330.0739972564933
-66.25 52.60685469602215 334.3904926933623
-66.25 57.36907619156413 334.027611621451
-66.25 55.30077857258892 338.3142136589214
-66.25 60.03019759556792 337.9538909799587
-66.25 57.97609571603943 342.2109359824586
-66.25 62.67279961291323 341.8530879824153
-66.25 60.63290908556713 346.080524083378
-66.25 64.73935904121858 337.6074354937629
-66.25 65.29469903398281 345.7241275623174
-66.25 63.27107034487415 349.9214752665615
-66.25 67.90233265735685 349.5678126126372
-66.25 65.8916781944701 353.7383567346774
-66.25 70.49166707550469 353.3861013441014
-66.25 68.49529250934586 357.5271024905132
-66.25 73.06090011211822 357.1764534559153
-66.25 71.08017204056343 361.2849393757901
-66.25 66.56999967462708 361.6193823401104
-66.25 69.11157911140995 365.3157014141347
-66.25 73.55595297168161 364.9901953691461
-66.25 71.61352652652302 368.9727244164213
-66.25 75.990951913443 368.6427953174085
-66.25 74.08446876186859 372.5523182138008
-66.25 78.37765143380916 372.2262827241975
-66.25 76.50953436860497 376.0562046924898
-66.25 72.32469071359519 376.3614196580945
-66.25 74.67723228551098 379.7753491561536
-66.25 78.77285122775984 379.4821978349655
-66.25 76.976878101201 383.1471806409551
-66.25 81.01535010956769 382.8536398312644
-66.25 79.24577406863587 386.4351788949002
-66.25 83.19005738140959 386.1560526735184
-66.25 81.45574625605909 389.6563569936567
-66.25 77.58344760196444 389.9443539910157
-66.25 79.76603037483551 393.1138063593139
-66.25 75.96201689242238 393.3971443787756
-66.25 78.10644827127237 396.510197738521
-66.25 74.36955234060727 396.7892399563123
-66.25 76.47688962577224 399.8488925574953
-66.25 72.80202618022497 400.1244155105521
-66.25 74.87548546862024 403.1347368468047
-66.25 85.31165327868996 389.3870546208728
-66.25 71.2584226930599 403.406866740303
-66.25 73.30020742615169 406.3711300292915
-66.25 75.07350859751686 353.046303139368
-66.25 55.98585715912606 346.4242725591143
-66.25 69.73707264468911 406.640095114254
-66.25 71.74931634484983 409.5615139780878
-66.25 78.49353273111758 402.8648889845632
-66.25 68.23749869757553 409.8267024120476
-66.25 70.22085390660112 412.7061182518008
-66.25 66.75965903718134 412.9674254696168
-66.25 68.71436598021333 415.8052573349187
-66.25 65.29458295802917 416.0686940669664
-66.25 67.23134247356651 418.8820446890367
-66.25 63.84040525141454 419.14310008468
-66.25 65.76036649357501 421.9285834387168
-66.25 62.4115531434178 422.1824020425866
-66.25 64.3037415771161 424.9288457950261
-66.25 67.60569281516869 424.6782141363958
-66.25 66.169385428026 427.6316803993459
-66.25 62.92180111046714 427.8780383425688
-66.25 64.75661198225968 430.5365884848135
-66.25 69.19608240582933 400.4328592451566
-66.25 67.9487408456929 430.2930506576254
-66.25 66.56136904872915 433.1502212567461
-66.25 63.42084827797528 433.3888794540127
-66.25 65.19565111053909 435.96113946168
-66.25 68.28542651730911 435.7251092486371
-66.25 66.94281748696844 438.4910720955322
-66.25 64.68019000516938 365.6407618430385
-66.25 63.90247085541979 438.722468244236
-66.25 65.6210082465383 441.2131037310607
-66.25 68.61297480271487 440.9840436065192
-66.25 67.31425168516193 443.6751714261163
-66.25 5.161109083317136 317.0973301924879
-66.25 87.01719237601442 385.955073984589
-66.25 89.146234560526 389.1528898229633
-66.25 64.35728604526537 443.8954892225527
-66.25 66.02483111366206 446.3228038353583
-66.25 47.85894490729709 334.7412565574539
-66.25 72.13611918976764 415.5528470538122
-66.25 68.94472732939036 446.1070234486479
-66.25 67.67072468384313 448.7310897413569
-66.25 30.24669834193152 498.2195239403804
-66.25 -1.095019491181436 494.1822497611686
-66.25 -1.904682987683527 495.9287427343257
-66.25 -0.009606609773347596 495.746364574181
-66.25 -0.8015389116722462 497.4544415567854
-66.25 1.051931924777385 497.2761601024153
-66.25 -13.49650052258415 421.2541029794817
-66.25 -12.00353877448835 417.9856787358959
-66.25 -92.20429100516583 452.423248822268
-66.25 -89.89692068307809 455.5956438574771
-66.25 0.2773069018040353 498.9466889920172
-66.25 2.089790657104579 498.7722771157368
-66.25 33.75900186951855 494.9235267960844
-66.25 34.73285140384004 496.467433077027
-66.25 5.577028966690524 361.4746344997673
-66.25 9.756180005517272 361.1139158791809
-66.25 -100.9651958681695 523.6609458202388
-66.25 -103.3477260614255 531.0893114375606
-66.25 -67.42406057615314 386.8262807996244
-66.25 -71.94304391849515 387.2639696923666
-66.25 -100.8848937147025 537.0962037491704
-66.25 -103.2204682347117 537.5296100633205
-66.25 -98.57190030234699 536.6549005277606
-66.25 -88.17889025747893 434.4347282163079
-66.25 28.10333213094687 421.2085677594249
-66.25 64.78647338334893 410.1209065165694
-66.25 -41.57447313562787 308.4554091001451
-66.25 -46.47358934364534 308.8841759787008
-66.25 70.56956999193862 448.5171977620611
-66.25 69.30454690477018 451.1232829014032
-66.25 -33.46506801409662 488.3156791695127
-66.25 -26.99636605950679 307.2738645612199
-66.25 66.43744222549927 451.3274293560408
-66.25 68.04621042189152 453.6861493062555
-66.25 -13.9248782476271 318.7362226795896
-66.25 -16.47321179759276 490.5560600353379
-66.25 -7.808370988111395 305.7059066173094
-66.25 -100.059355301924 521.1055950845711
-66.25 -81.61135427901945 324.4318150030803
-66.25 -79.52285384496857 319.8915010967795
-66.25 -83.6950835883889 328.9714208214038
-66.25 -93.77917582941879 455.9940104738908
-66.25 -91.49543453354077 459.1337462251306
-66.25 -12.1442517912274 374.0230678121322
-66.25 -35.7643897443461 488.5541895794273
-66.25 -36.69066043924011 490.6925785673351
-66.25 -8.405300870258316 417.6633971282325
-66.25 -10.48527347195426 414.6888385206351
-66.25 90.85220749466625 385.7094420827668
-66.25 92.99696649507091 388.9163264712762
-66.25 70.87592862861942 453.4851595863605
-66.25 69.63551239741911 456.0416217050006
-66.25 66.82107221498779 456.2266927959809
-66.25 68.38715217490613 458.5499942971316
-66.25 6.495242476801379 304.4881571471876
-66.25 35.58230393407833 494.8525334282
-66.25 36.55552728364852 496.3953180074429
-66.25 34.6084794369806 493.2912470584413
-66.25 35.7059058971095 497.9912336114762
-66.25 37.49409603368448 497.919101366947
-66.25 -99.35645725548648 538.8249922441216
-66.25 -97.1390840808975 538.3997759796283
-66.25 38.33815279803382 496.3482620478492
-66.25 39.2759797662178 497.8643707683685
-66.25 -102.7652680478977 521.584612193947
-66.25 -101.8348269486252 518.958363286699
-66.25 7.351240236057968 357.640582926385
-66.25 11.58555667373305 357.2779953291972
-66.25 -95.33775403136653 459.5280966928714
-66.25 -93.07744473875289 462.63539555258
-66.25 1.33234873987581 500.4058084349593
-66.25 3.10476255987425 500.2352754986106
-66.25 -0.4392736367809644 500.5758180358937
-66.25 38.43186994704495 499.4164638258927
-66.25 40.18003660442381 499.3616265971812
-66.25 -81.01119122061365 444.3345433682433
-66.25 -31.26135392320819 352.9583175960551
-66.25 71.17760245614402 458.3739115969606
-66.25 69.9353451565555 460.8860931641628
-66.25 2.859581109205085 463.6516495786651
-66.25 4.005319021475862 461.2186012368438
-66.25 5.536594756157507 463.4259805024658
-66.25 -70.06548752162529 383.1017783367223
-66.25 -74.63587981393411 383.5446599848918
-66.25 -44.39746421667905 304.402924826599
-66.25 -49.33742997687198 304.8358322019239
-66.25 20.90161197059221 303.1871114222005
-66.25 -96.87986109460347 463.0256009777247
-66.25 -94.64310842991364 466.1002627593725
-66.25 -15.60992945734445 418.3135316982456
-66.25 -6.853906622095232 414.3640840898342
-66.25 -8.952505479174782 411.3629333463143
-66.25 -84.51556770261767 320.3454030073364
-66.25 -82.41391805930988 315.7768520537306
-66.25 -92.98360356712007 445.5921371999821
-66.25 60.50243236170995 419.429355870084
-66.25 -97.88944406668246 540.4809480880784
-66.25 -95.76151326401032 540.0723107647478
-66.25 -98.40508640506631 466.4860972242381
-66.25 -96.19231221794747 469.5281647503516
-66.25 -17.11447134044078 421.6246274273572
-66.25 -19.23967884829706 418.661570750304
-66.25 -20.75121990485997 421.9893654528635
-66.25 -104.616066932556 519.4509563495486
-66.25 -103.6598731451807 516.751836947894
-66.25 -34.82518115846804 486.4061025971755
-66.25 0.5914403122886519 502.0008042709758
-66.25 -1.138546792758184 502.166871372234
-66.25 65.61745069064064 458.7275028280756
-66.25 6.680945721549756 460.9973171333207
-66.25 8.210862022841148 463.2021239874489
-66.25 72.73821736264492 460.7088602521515
-66.25 71.49078494665262 463.2329874108635
-66.25 -37.19009385207816 486.6514599422076
-66.25 -89.29609198292567 462.2355801025547
-66.25 -22.8865715056256 419.0122711684225
-66.25 -24.40569947176431 422.3562300094178
-66.25 -26.5523636603605 419.3639794069206
-66.25 -28.08041526265129 422.7263578948521
-66.25 -30.23962912130419 419.7166861311256
-66.25 -31.77733561974458 423.0992481802684
-66.25 -33.95075877827433 420.0704137016367
-66.25 -35.50167567231894 423.4775335128272
-66.25 94.71275929498626 385.4481592321202
-66.25 96.87564580889421 388.6767029559286
-66.25 95.13966552487602 392.0882024754303
-66.25 98.92626561708749 391.8676205432959
-66.25 97.22018620934631 395.1918179233435
-66.25 18.7129588439491 397.9263008763813
-66.25 39.35271490105648 500.879768141075
-66.25 41.06150796538576 500.8264885995718
-66.25 41.88257458671808 499.334776116279
-66.25 42.76291660379472 500.7911544295588
-66.25 9.151791504732262 353.7619370292766
-66.25 13.43794680345996 353.3954595900772
-66.25 15.88915914433247 356.9481166554695
-66.25 -87.43758802581858 316.233517711492
-66.25 -85.32287088013425 311.6365862812964
-66.25 62.04531313675692 500.8907068342317
-66.25 -99.91488454601463 469.9101219978312
-66.25 -97.72513718042421 472.9203408584389
-66.25 -67.34916865003589 344.4597225119869
-66.25 -47.2443148817454 300.3188882477848
-66.25 -52.22313893989111 300.7551799022894
-66.25 -32.47031783388581 486.167994661628
-66.25 -33.85668921978446 484.2206559615599
-66.25 -31.45447438059028 483.9776139578176
-66.25 -32.86890432120281 481.9906659805474
-66.25 -30.4177975690061 481.7427321529184
-66.25 -31.86093344794902 479.7156495428256
-66.25 -29.36051501215945 479.4627782400527
-66.25 -30.83260074387551 477.3952752374952
-66.25 -28.28309246873375 477.1378186724901
-66.25 -29.78363359918582 475.0306521089758
-66.25 -27.1852174839311 474.7681465437951
-66.25 -101.4088220903739 473.29843089873
-66.25 -99.24184644395919 476.2771187025104
-66.25 -97.63492491868024 456.4042945289021
-66.25 74.30795074446812 463.0549342434798
-66.25 73.05441505005281 465.5971251710722
-66.25 70.24989273968224 465.7528657931282
-66.25 71.7853998202757 468.0744412120503
-66.25 75.59064679479243 460.4985128081393
-66.25 17.7462074017977 353.0448615894116
-66.25 20.20577050955585 356.60843643108
-66.25 -102.8869051430184 476.6513006449512
-66.25 -100.7424994405961 479.5997383218491
-66.25 43.58483152823007 499.3000678404118
-66.25 44.46638960522169 500.758069968344
-66.25 -96.48100995135641 542.070409742611
-66.25 -98.52870510707952 542.4661451220055
-66.25 -94.43659885000191 541.6779915001179
-66.25 -0.1320213812751316 503.5582315401577
-66.25 -1.821620967283635 503.7207607423995
-66.25 80.29725544012712 368.3612276294041
-66.25 -106.5180184209354 517.2582374038255
-66.25 -105.5352984332975 514.4858042177135
-66.25 -107.488258910452 520.0210485130573
-66.25 9.354399413750409 460.7754147897905
-66.25 10.88399694403628 462.9789955160215
-66.25 -37.69413714258726 420.4229799835916
-66.25 -39.25895127484595 423.8602702040461
-66.25 -6.172992860404067 466.8562974673518
-66.25 -97.15573965249172 479.2194966462818
-66.25 -98.62507765463842 482.4662535716601
-66.25 -102.1434831871328 482.8499097122948
-66.25 -100.0544823742152 485.6825693253788
-66.25 -103.5352840777836 486.0629380584946
-66.25 -101.4676542449677 488.8672668983796
-66.25 -90.37773977215821 312.0960853421397
-66.25 -88.24970841404559 307.4725722190437
-66.25 15.28616153288151 349.4609720231878
-66.25 -72.73711670114481 379.3353579240944
-66.25 -77.36004752025825 379.7829171772061
-66.25 -79.27629634476173 384.0378817787117
-66.25 -82.02299080254285 380.2419120827436
-66.25 -83.95740727723111 384.5333344341723
-66.25 -86.73320654965362 380.7004121664611
-66.25 -88.68706630021238 385.0369728031296
-66.25 -84.7781269627429 376.3616328094357
-66.25 -89.54150354125247 376.8251020875822
-66.25 -54.20237401282278 385.6583057401631
-66.25 69.04022637048567 468.2215335945239
-66.25 70.53832718073461 470.4904468080096
-66.25 73.23842803747394 470.3543069322961
-66.25 72.00672933319404 472.7696802589389
-66.25 -25.68274752542852 476.9034047769784
-66.25 -87.56401340540481 372.4391589436503
-66.25 7.742951715022969 431.4498267903508
-66.25 -10.13584638972581 476.0925592618154
-66.25 7.823553545952282 458.5476425076779
-66.25 74.72303214363538 472.6331016410908
-66.25 73.48380996061111 475.0666790572189
-66.25 40.25252631048685 502.3096842095596
-66.25 38.5814190840296 502.3631985959699
-66.25 100.8974731382577 394.979208984419
-66.25 99.23916431590206 398.2045837318151
-66.25 -92.50039730761694 316.7178780396208
-66.25 -76.34277571027815 509.8712217849219
-66.25 -73.77584766067847 509.4518215138748
-66.25 -74.70343894948854 511.8396311337307
-66.25 -72.21368811929385 511.4327481894617
-66.25 -73.11332761674765 513.748717170243
-66.25 -70.6956617331531 513.3551436553578
-66.25 -71.57035232447258 515.6045191426269
-66.25 -69.22221126049551 515.2228621157125
-66.25 -70.07222977978445 517.4074174158551
-66.25 -67.79409746838354 517.0361967756068
-66.25 -66.962677828685 514.9123705808831
-66.25 -65.56258569898264 516.6851202836177
-66.25 -64.74607202395057 514.6009884377021
-66.25 -68.6181267142876 519.1551472327739
-66.25 -63.36878869968361 516.3425868601372
-66.25 -62.56527990394726 514.2917716840176
-66.25 -61.20881846362515 516.006047731428
-66.25 -60.41705831531778 513.9857446890453
-66.25 -59.0803317161777 515.6749076693219
-66.25 -58.30083942540875 513.6845592508774
-66.25 -56.98438882641035 515.3479416976417
-66.25 -56.21653391148953 513.3876079566329
-66.25 -57.51759649839039 511.7187916888452
-66.25 -55.40935317365299 511.416720856784
-66.25 -54.11356619784942 513.0981477834729
-66.25 -53.32048446870173 511.1469507843468
-66.25 -54.60014334046912 509.460458332151
-66.25 -52.48764384623399 509.1862875766889
-66.25 -53.78367949023423 507.475810529186
-66.25 -51.63943531006882 507.1973520562391
-66.25 -50.34784966752304 508.9234990552554
-66.25 -49.51536256101898 506.9543058964891
-66.25 -48.24484310870717 508.6519907006655
-66.25 -50.78935700616886 505.2234468518395
-66.25 -47.42602789297701 506.7149424701225
-66.25 -46.17642663074724 508.3847509852596
-66.25 -62.00273914863985 518.0103316198123
-66.25 -45.37081395225459 506.4793968761118
-66.25 -44.14171210449707 508.1220695169525
-66.25 -46.98404644805785 510.272149185318
-66.25 -50.11350295370529 296.2031485204751
-66.25 -55.13076823158351 296.6427705918779
-66.25 -45.10130073747128 295.766975661064
-66.25 -5.290129689794881 411.036276588478
-66.25 -7.405840919734152 408.0096162421286
-66.25 -104.9143508639362 489.2441185910675
-66.25 -92.3775991367099 372.9076246488474
-66.25 -90.37932622200053 368.4757615642014
-66.25 -93.72081183699184 539.7379041113425
-66.25 -92.41431286679304 541.3220183503191
-66.25 -91.70729694290365 539.408081689372
-66.25 -90.4154168897995 540.9728629905426
-66.25 -89.71395435378716 539.0780597026286
-66.25 -88.43201735004551 540.6298806199054
-66.25 -87.73470037181079 538.7484317196727
-66.25 -86.46047154792237 540.2906430754267
-66.25 -85.76420439418375 538.4178510314778
-66.25 3.860420814602684 498.6274555310488
-66.25 4.874311193761298 500.0854588552467
-66.25 98.60492921788106 385.1794512368163
-66.25 -43.34907215482109 506.2478265736108
-66.25 -42.14012672397507 507.8638341496143
-66.25 -44.56195051928461 504.5999704786256
-66.25 45.28978789615424 499.2647039462236
-66.25 46.17294376389478 500.7253320913546
-66.25 44.40629378938758 497.7870529751457
-66.25 -21.36952732742933 415.6506808096541
-66.25 -28.71462224378307 472.620793079215
-66.25 -26.06838450626879 472.3543880880292
-66.25 -102.1414360014968 466.8834612778408
-66.25 -84.49382468967181 539.9559783772046
-66.25 -83.79264758176002 538.0831741924179
-66.25 -70.84401732639701 519.5283094556755
-66.25 -69.41093117312721 521.2513495830219
-66.25 -71.60959884551147 521.622541515942
-66.25 -70.19103229827212 523.3278450532017
-66.25 -72.36737499451877 523.6955750959511
-66.25 -70.96397030751653 525.3773606739986
-66.25 -73.10761529426033 525.7397301143168
-66.25 -68.82810666412122 525.0123556343304
-66.25 70.58271056505053 380.0793534809152
-66.25 70.785295212335 475.1785374213048
-66.25 72.2299225681768 477.4233508281129
-66.25 74.88954052258924 477.3265166845521
-66.25 73.64383903907209 479.6850053084651
-66.25 76.31613136037566 479.5882306722733
-66.25 75.06401944212041 481.9571026702314
-66.25 -97.16951686510063 544.0034658667568
-66.25 -99.15097341988802 544.3858184620622
-66.25 -71.72533372456111 527.3951076660121
-66.25 19.64311723688533 349.1065342518271
-66.25 -102.8667729643614 492.0211060720833
-66.25 -106.2795757288189 492.3941225732081
-66.25 17.15520056079884 345.4799507254195
-66.25 -93.33083303407525 307.935402743669
-66.25 -91.19240760417352 303.2891801308285
-66.25 -50.89950251741192 396.6964909988881
-66.25 -0.8382863791370959 505.079657843253
-66.25 -2.488493086299925 505.238559654975
-66.25 0.813369220347008 504.9217352527548
-66.25 -3.462640378562199 503.9051500489178
-66.25 -4.128713603276508 505.4143078361705
-66.25 -63.92503730658699 512.5466735072482
-66.25 -5.101918364832843 504.0832137421285
-66.25 -5.767809241741252 505.5913848613807
-66.25 -6.740634919064949 504.2607724990424
-66.25 -7.406601764856402 505.7685964403001
-66.25 -8.379044838557316 504.4381113416263
-66.25 -9.045341276527472 505.9457219287912
-66.25 -10.01820361831866 504.614718390513
-66.25 -10.68482852995258 506.1230164471183
-66.25 -73.8385735595427 527.754907089017
-66.25 77.18557114320222 462.8987833322933
-66.25 78.49878885571133 460.2961500146252
-66.25 -109.4153825680087 517.7925142145355
-66.25 -110.4001127697068 520.5915656932312
-66.25 0.7977738472382089 494.0274183295865
-66.25 -11.65805500045824 504.7914143136474
-66.25 -12.32520599645899 506.3004656744118
-66.25 -13.29898045595716 504.9679611067992
-66.25 -13.96688032207051 506.4781145729644
-66.25 -14.9416445555917 505.1442291053908
-66.25 -15.61089956973812 506.6564082060009
-66.25 -59.22797437708122 466.7530146720108
-66.25 -62.41163111769321 467.1451616298506
-66.25 -61.16506775989948 464.1460438778382
-66.25 -64.42824817015439 464.5483463941728
-66.25 -63.1507656710936 461.4749353746553
-66.25 -47.54561287837547 473.3585517061581
-66.25 -16.58725645641195 505.3201077014311
-66.25 -17.2576074494841 506.8347278830357
-66.25 46.99793478337882 499.229198322118
-66.25 47.88281714957408 500.6926591899047
-66.25 -18.23577127517959 505.4961510630629
-66.25 -18.90797369017571 507.0140469671396
-66.25 -19.88912921815518 505.6717499485557
-66.25 -20.56398997624538 507.1947788037257
-66.25 -21.54917821311853 505.8472062730576
-66.25 -22.22754763895185 507.3770648338473
-66.25 -91.11835991211275 542.8449159274091
-66.25 -95.24247108362104 368.9494589289385
-66.25 -93.22391446503055 364.4724436877381
-66.25 -41.47110212708824 420.7783632654605
-66.25 -43.05004107381236 424.2465835054687
-66.25 39.46265398240542 503.762942402608
-66.25 37.82662042748981 503.8156670712142
-66.25 -95.12531588709921 482.0942333025791
-66.25 10.54222501275427 458.3193257362627
-66.25 -66.49187521324683 461.8883846138018
-66.25 -67.78376243539522 465.0211176074679
-66.25 -65.18474461396259 458.7448061963348
-66.25 -3.712096322233262 407.6803941355464
-66.25 -5.84569508289356 404.6280452749505
-66.25 -9.578182952824966 404.9566834193492
-66.25 -7.999352841499187 401.5280792096192
-66.25 -97.25881218344288 373.4247244622684
-66.25 45.34770285084492 502.2031652593589
-66.25 102.8081382736971 398.0005596241402
-66.25 101.1968415559762 401.1321721449354
-66.25 -99.47535060930352 491.6383614889073
-66.25 -41.3602593675492 506.0201968476057
-66.25 -40.17115128330757 507.6099576820482
-66.25 -40.94038134179694 509.4063576570088
-66.25 -39.03656685284433 509.1586886790678
-66.25 -38.28149713732304 507.4155744043285
-66.25 -37.16670256493383 508.9335680803778
-66.25 -53.00474023704656 292.0564158305889
-66.25 -58.05719303196256 292.5002686369812
-66.25 -100.8449894834548 494.7189945242091
-66.25 -3.193770545354018 414.0527036497913
-66.25 5.630305374761797 498.4782136006683
-66.25 6.644737121248806 499.9367879817246
-66.25 -72.47322820407497 529.3882701341786
-66.25 -36.42345371985464 507.2193938456206
-66.25 -35.3263162724997 508.7133214552665
-66.25 96.41977285953526 381.8509142275255
-66.25 100.4585961454934 381.5809977703197
-66.25 98.20000673040472 378.1370828709908
-66.25 -23.21788808562502 506.0225979045096
-66.25 -23.90001632475392 507.5606322200011
-66.25 -24.89579216000768 506.1987178328554
-66.25 8.982656318048239 456.0492193338781
-66.25 -10.80630283496121 430.1603467199776
-66.25 -82.52286915197237 539.626241009638
-66.25 -106.9967366351759 486.4518795612898
-66.25 77.74184859283616 481.8571700420362
-66.25 76.48952667471387 484.2275030468643
-66.25 -59.4932228346167 487.8443344004112
-66.25 -56.73552616536649 487.4694290148723
-66.25 -57.79580507057017 490.0001872143831
-66.25 -55.11567386846627 489.6355622438846
-66.25 -10.4868722908616 489.9446249410731
-66.25 8.819943428538716 478.5479066870043
-66.25 -96.29826520717306 303.7544243483514
-66.25 -94.14954526086007 299.0857818040353
-66.25 -89.02563440571353 298.6229421488649
-66.25 -91.98911260953261 294.4092655185047
-66.25 21.56517424173605 345.1212857941267
-66.25 79.03413362880362 479.462742556345
-66.25 -86.85302932748611 293.9460040664028
-66.25 -85.53100065354776 368.0134560179451
-66.25 -85.19021095108261 541.8094882120164
-66.25 104.4335406259229 394.8578591528371
-66.25 -25.58223085153038 507.7456059759568
-66.25 -97.83647783006077 545.8724936327228
-66.25 -99.75275228998481 546.2423682885691
-66.25 102.3756672172647 377.8611717017207
-66.25 100.043815024439 374.3060806629979
-66.25 0.1222825645115015 506.409905731532
-66.25 1.737923723785968 506.2556370994296
-66.25 -26.58757657957915 506.3737299823381
-66.25 69.60289573363052 477.5267033449384
-66.25 -98.13566241498442 364.9514406751134
-66.25 -96.097325788467 360.4304158474844
-66.25 -81.82104725992056 537.7547377802049
-66.25 73.84973593076963 484.3022239769604
-66.25 75.23295040676885 486.5018429567747
-66.25 77.81420348499444 486.4436891112337
-66.25 76.57383898700408 488.7037285294175
-66.25 79.14974012282465 488.6470548229439
-66.25 77.91084799995092 490.9051682719692
-66.25 -97.12920307391931 294.8719641391709
-66.25 -89.8228358758501 289.7233509004035
-66.25 -84.67593306645067 289.2591805689602
-66.25 5.133203311858979 379.27663914747
-66.25 -27.62490238449399 470.1692058416416
-66.25 -24.93234148083028 469.8982286688409
-66.25 -30.32441568846324 470.4372654112789
-66.25 70.61345083366517 507.8257059978156
-66.25 71.40852020697857 506.264696713959
-66.25 72.39536954855325 507.7503101295085
-66.25 73.21715482976521 506.1338480941913
-66.25 74.23719097698087 507.6695420467059
-66.25 75.0805442776422 506.0027609305434
-66.25 76.12738801331251 507.5791893732103
-66.25 76.99205171851607 505.8692024615469
-66.25 75.91731767577424 504.2331187244081
-66.25 77.91136847581502 504.0942733561524
-66.25 78.07055392347239 507.4881569543003
-66.25 80.4834050858808 490.8476670374544
-66.25 48.70949853309413 499.1935531435449
-66.25 49.59774544900457 500.6608660923118
-66.25 97.7079350304866 401.3468593763814
-66.25 99.6358260271967 404.2205831615655
-66.25 96.21026211041362 404.4351437232434
-66.25 98.1069455915442 407.263940863198
-66.25 94.73340617477852 407.4756159009586
-66.25 96.60166829506788 410.2622866905157
-66.25 93.27491683845766 410.4730309996264
-66.25 95.11926054082065 413.2243693006748
-66.25 91.82970281370386 413.4356635670742
-66.25 93.65630806289531 416.1608002598865
-66.25 90.3972758283096 416.3705280959406
-66.25 92.2073042529135 419.0707063665732
-66.25 88.97695046286722 419.279377546585
-66.25 90.77181135807795 421.9566569883357
-66.25 87.56785119075342 422.1643257823681
-66.25 89.34858329027313 424.8183170919283
-66.25 86.17295728148144 425.0246481478034
-66.25 87.93841292040831 427.6555672592071
-66.25 -54.07022768018683 487.1650328911662
-66.25 -52.47243126776604 489.2976311826325
-66.25 -39.77917640771118 510.8913801887977
-66.25 -51.43994776048976 486.8592146797334
-66.25 -33.31310486652183 426.5019108847091
-66.25 -83.0930592332916 536.2008294919382
-66.25 38.68966976073349 505.186653914751
-66.25 37.08705833507349 505.2383708107342
-66.25 -4.796780030098272 506.9050185916885
-66.25 -37.88600731636156 376.6272185025993
-66.25 19.04705301746707 341.4504665703481
-66.25 14.59215003052086 341.8177356598546
-66.25 104.6632414823829 400.9353923011163
-66.25 12.04687556729001 489.5720222341764
-66.25 -56.1459332590743 492.0950673473034
-66.25 -11.78660195833062 401.8619155636986
-66.25 -10.18496733967044 398.3824802567821
-66.25 -80.55267905402685 539.2977261553464
-66.25 -54.32386357860527 305.3014137544885
-66.25 7.401211476224017 498.3286100730534
-66.25 8.416295671622564 499.7881065424051
-66.25 7.657873823132036 501.3799274482096
-66.25 9.396450777822864 501.2316858968932
-66.25 8.653679991430304 502.789606186899
-66.25 10.3545092765137 502.6444859702772
-66.25 9.627924478973567 504.1683492233105
-66.25 11.29160892779275 504.0264503277673
-66.25 12.01635993864093 502.5262998143377
-66.25 12.95245908689394 503.903692669779
-66.25 13.67749229287993 502.4041572937901
-66.25 14.61405865419286 503.7820383971358
-66.25 15.33959739288666 502.2816392599961
-66.25 16.27676667561452 503.6604421292872
-66.25 10.58084805491665 505.5170102722802
-66.25 15.54959794959252 505.1458704071323
-66.25 17.18191937460828 505.0242471191071
-66.25 17.90717220705924 503.5606234316861
-66.25 18.81135033808735 504.9201605533842
-66.25 19.53675246763147 503.4572859110172
-66.25 20.44121141493192 504.8170754809918
-66.25 21.16697958845343 503.3536399663134
-66.25 22.07189832535644 504.7141048945972
-66.25 -69.86780466057552 462.3289501484608
-66.25 -71.17285083577353 465.491929523413
-66.25 21.34478902675234 506.1629045983407
-66.25 22.94610477494453 506.0597000725914
-66.25 84.78951254957805 427.8608033008149
-66.25 86.54074238457618 430.4704842493672
-66.25 -86.88459292405719 504.4247121590435
-66.25 80.12142003269734 462.7475089642398
-66.25 81.46448006909429 460.095780865899
-66.25 -45.2833353167122 421.136332590456
-66.25 -46.87711738448125 424.6376630550422
-66.25 -112.356757202089 518.3304574964061
-66.25 -113.356420681957 521.1726566655693
-66.25 11.75204349062019 455.8174104893761
-66.25 -32.4047970565426 416.6453516781095
-66.25 -102.6152104225962 513.9781572139001
-66.25 -104.5185951791189 511.6817952475002
-66.25 -55.91696069596789 287.8845054785023
-66.25 -28.34576893286 320.0188963208248
-66.25 -2.12054831963541 404.2960288690574
-66.25 -43.69056970532365 417.6202826109102
-66.25 -44.62580578843674 427.747549848128
-66.25 -48.42935918391908 428.131192102865
-66.25 23.67097661909421 504.6319903702449
-66.25 24.54413152607762 505.9731751340747
-66.25 10.16419206999235 453.5062172672476
-66.25 16.46957983728893 506.4784557957257
-66.25 -80.27553826368013 311.1823765842502
-66.25 -101.0561759371895 360.9146943125323
-66.25 -98.99849189515029 356.3540674085723
-66.25 14.40124858792223 500.8872949909179
-66.25 -9.713484949889303 507.4362523002181
-66.25 75.37697596767431 490.9373493592108
-66.25 -34.368401797685 479.9654927813409
-66.25 -98.48141034789865 547.6801055102021
-66.25 -100.3348569357292 548.0380743035901
-66.25 -101.5988774010761 546.6361214674208
-66.25 -102.1905588967184 548.4403956198951
-66.25 -103.4703195122217 547.0215664600795
-66.25 -104.0708173002457 548.8497817245658
-66.25 -105.3671150909136 547.4112704450876
-66.25 -105.9797611330646 549.2666768507366
-66.25 -107.2992876681673 547.8021261450187
-66.25 -107.924031749167 549.6917131049996
-66.25 -109.2675311274242 548.1994476696694
-66.25 -109.9043572419237 550.1237024137234
-66.25 -111.2717049554509 548.6036777648711
-66.25 -111.9205448192496 550.5623611703452
-66.25 -110.631275492474 546.6084641660193
-66.25 -112.7337442416176 547.033997888119
-66.25 -112.0634066656276 544.939303522675
-66.25 -114.2700686758884 545.3877412650551
-66.25 -113.5675208457874 543.1913578699899
-66.25 -115.8762539071574 543.6634254223266
-66.25 -115.142009879609 541.3727053877656
-66.25 -116.5947154581587 545.9428978347311
-66.25 -96.63651172770315 547.3194837296467
-66.25 -11.58438302730101 474.1047796024818
-66.25 -12.58734901020512 476.357341214973
-66.25 16.49995474089069 337.7568474896217
-66.25 12.01219329531828 338.1270850544392
-66.25 -49.8621704298781 488.9650803852479
-66.25 98.40096297072843 413.0147492386703
-66.25 1.06172136567135 507.7111969132717
-66.25 2.641444921976881 507.5602314878983
-66.25 -29.21076705017732 467.9254927799218
-66.25 -79.85155148257482 537.4285782847996
-66.25 -78.58485180751595 538.9697965741785
-66.25 -79.28671326690009 540.8262891660831
-66.25 23.51081277358555 341.0875056169995
-66.25 26.04738842655974 344.7971042017779
-66.25 20.26111896618754 501.9781198641695
-66.25 -6.076920112752813 502.7355360480275
-66.25 -48.84239956181289 486.5570459212748
-66.25 104.3490328786904 374.0245046887882
-66.25 101.9476218612203 370.3611783350626
-66.25 -16.64080940360493 445.1451283515775
-66.25 40.29123586209301 505.1345055606534
-66.25 37.9325381198103 506.5813855522906
-66.25 36.36255504477528 506.6321121891579
-66.25 35.52086242760833 505.3093997240709
-66.25 34.79632964925089 506.6996045512891
-66.25 33.95427434067972 505.3768460336132
-66.25 33.22928900304553 506.7677661048073
-66.25 32.38672589232441 505.4441982510195
-66.25 31.66149295817232 506.8358358170815
-66.25 93.96955633139082 421.7472510380247
-66.25 -91.00003602273581 537.495023450115
-66.25 9.738665533304374 465.3816154821631
-66.25 12.36547481999636 465.1595178585162
-66.25 -7.581991514673373 457.4022946090471
-66.25 83.4175607884841 430.6738763526729
-66.25 85.15414114505722 433.2592274371524
-66.25 -22.26217080279904 425.3234735015205
-66.25 -71.30395287362026 509.1089074767823
-66.25 -89.69778675089927 504.8754812406037
-66.25 -88.6881707293899 502.1725882810282
-66.25 -87.65197463627364 285.0271879779969
-66.25 -82.49179453174476 284.5608312680572
-66.25 76.79007325335458 502.3789743605329
-66.25 78.88314934233637 502.2348715485391
-66.25 104.6791834050213 381.4022345743968
-66.25 88.2454942069627 433.0572003026835
-66.25 86.87323508987801 435.811790354865
-66.25 83.81255853051151 436.0179203650641
-66.25 85.52044733581918 438.5511756674975
-66.25 -73.78865814450529 522.0010241905311
-66.25 81.76099560627661 488.5689575686592
-66.25 83.14565911376559 490.842792927028
-66.25 -70.6311126689381 481.7392283591781
-66.25 -73.64518638299555 482.1493131163145
-66.25 23.81924578139703 507.3854988148712
-66.25 -27.28219723563632 507.9370752165616
-66.25 -71.69698320867256 323.5375041008993
-66.25 -68.13023943919731 378.8983102925546
-66.25 9.173253490501494 498.1788948027777
-66.25 -11.13439497299686 478.3285229097975
-66.25 -13.54661813968843 478.5854921358697
-66.25 -70.81300745607061 375.1183593504686
-66.25 -66.19245690507148 374.6809916212503
-66.25 -68.88230751259962 370.8896699633075
-66.25 -64.24811093203088 370.4516727330363
-66.25 77.17743733369561 509.2086057644755
-66.25 79.11283343749123 509.1212644226686
-66.25 -106.5901309561073 551.134042053546
-66.25 -31.980719554294 468.2001409218988
-66.25 79.8087499685283 457.6370783676979
-66.25 82.77851553187003 457.4240391061599
-66.25 81.1084098184355 454.9485525831217
-66.25 84.09455273421477 454.7350466601599
-66.25 -28.29894450662306 506.5493288010429
-66.25 -2.483725476470255 426.3779528033781
-66.25 50.4300020612019 499.1545450941162
-66.25 51.32330965371678 500.6311813239346
-66.25 50.48603866608052 502.1289750258711
-66.25 52.18513409731718 502.0958589630345
-66.25 49.53551323802505 497.6639766625874
-66.25 51.36385568793614 503.5628384804888
-66.25 53.02652499660473 503.5302891780246
-66.25 25.26903651811558 504.5464198997009
-66.25 -50.68925984140327 425.035465111325
-66.25 -52.25413232744226 428.5505666314979
-66.25 -49.97976010268314 431.6422553673874
-66.25 -53.77831213958557 432.0542202279045
-66.25 -51.52460291799058 435.1163149925247
-66.25 -55.28573829772215 435.5241046866534
-66.25 4.873469921631369 354.1330980264603
-66.25 16.81422483142793 425.011724329726
-66.25 -81.70747438622479 293.4871297583354
-66.25 82.47840101210329 438.7597387608797
-66.25 -14.02866176867748 398.7215173671885
-66.25 -12.40333931524569 395.1902707379481
-66.25 -8.513644514490423 394.8541079591173
-66.25 -14.63649164089649 507.972503643377
-66.25 -110.5395874867873 552.0568077823575
-66.25 -112.4930878630672 552.4766914693537
-66.25 6.384715544342571 496.852214204807
-66.25 -12.63349119426097 503.4392769226166
-66.25 -102.7820420303087 550.246375799633
-66.25 -19.21687622154964 504.129946902888
-66.25 -94.01247677181414 355.8760495390403
-66.25 -96.91983006666818 351.7931821933726
-66.25 -101.9237156278886 352.2667456486221
-66.25 -99.83390747409477 347.6751631323277
-66.25 -104.8752589947908 348.1520154027465
-66.25 -102.7693385068022 343.5287362370815
-66.25 12.98357764898062 453.270268896652
-66.25 14.58034526053351 455.6135925705063
-66.25 87.16519308869222 416.5935563233667
-66.25 -22.90668932957707 508.9001078982474
-66.25 -77.88465971567123 537.103173230684
-66.25 11.36711335693046 450.917496659843
-66.25 8.498287822514795 451.1582625799818
-66.25 -26.2678407159002 509.300734964887
-66.25 -27.93953042954202 509.485125412101
-66.25 106.3836295917029 370.0720120662366
-66.25 103.9102254077501 366.2985801680815
-66.25 99.38468845683373 366.6176920640892
-66.25 101.3687819149305 362.5060612979879
-66.25 105.9579102886594 362.1785894298022
-66.25 103.3762698510803 358.3192934775889
-66.25 98.72645213354689 358.6644435758512
-66.25 100.7505012491815 354.4387247751977
-66.25 105.4503013492058 354.0872684449294
-66.25 102.7926040611421 350.1470215497288
-66.25 98.04447988234146 350.5194360467303
-66.25 100.0946100886306 346.2032370313443
-66.25 95.32047088261463 346.5805822141056
-66.25 97.37982712409701 342.2457080039676
-66.25 92.58531628170314 342.62459684036
-66.25 94.65339243547072 338.2696732230159
-66.25 99.47798324816044 337.8841679421902
-66.25 96.72886319978178 333.8615669823531
-66.25 91.87148329809506 334.2672150512773
-66.25 93.94825731847526 329.8504196000444
-66.25 89.0770619911866 330.2566336325434
-66.25 91.16008280313646 325.8255320738145
-66.25 96.05286233801678 325.4143144101788
-66.25 93.24855021582077 321.3612657783495
-66.25 88.32923144045522 321.7805615296536
-66.25 90.42476132970455 317.2988239112917
-66.25 85.48672289953731 317.7207142213949
-66.25 87.58954952184214 313.2236476440672
-66.25 92.54893672377077 312.7971214674075
-66.25 89.69823852182181 308.6965684978598
-66.25 84.71367918148131 309.1294352389351
-66.25 86.83015012430542 304.5854785816212
-66.25 81.82781017972074 305.020383376688
-66.25 83.95147339187693 300.4607918098474
-66.25 78.93191825851503 300.8972488346163
-66.25 88.97541318298119 300.0213915997173
-66.25 81.06281502689161 296.3216312824575
-66.25 76.02460751932458 296.7592986336812
-66.25 78.16355209147642 292.1642627176863
-66.25 73.1031547555323 292.6040438419919
-66.25 70.96470767471914 297.2121575225839
-66.25 68.04716764837829 293.0579981235967
-66.25 70.18114395934063 288.4425920608065
-66.25 65.10605381164582 288.8971115181147
-66.25 62.97285104576196 293.5248646796831
-66.25 60.03597549135375 289.3655508472257
-66.25 57.90703184956334 293.9853049946088
-66.25 54.97628055457964 289.8342899341907
-66.25 62.16441122402507 284.7305238753348
-66.25 -73.2778951158321 462.7726667683938
-66.25 -74.59633134474024 465.9677119335472
-66.25 -117.5475047131779 541.8647061790066
-66.25 -116.7825118603512 539.4784321075665
-66.25 -114.2958008281282 538.9823604059449
-66.25 -115.9757026382704 537.0420745244501
-66.25 -97.25507256996816 549.0544522840671
-66.25 -95.48493895829822 548.7077996828355
-66.25 11.24180228123937 467.5145801187135
-66.25 13.81535299558685 467.2968997389909
-66.25 14.93475986192349 464.977109511553
-66.25 16.38156384578526 467.105237939393
-66.25 17.50012064597643 464.7889216133888
-66.25 18.94644849089423 466.9155936527915
-66.25 17.82651225877414 469.2082641128704
-66.25 20.3461880080041 469.0192176083435
-66.25 19.24782128550701 471.265882986756
-66.25 21.71576967148157 471.0806106209528
-66.25 20.63999412586618 473.2805556556287
-66.25 23.0563733425052 473.0991675238415
-66.25 22.00304546898736 475.2528668908068
-66.25 24.36846458617109 475.0753126771676
-66.25 22.80931200807967 468.8683963332211
-66.25 23.33732091314504 477.1832862642217
-66.25 25.65247400733971 477.009588881981
-66.25 26.67880646874833 474.9349767584417
-66.25 27.95960674417818 476.85977693973
-66.25 26.93432857230234 478.9103458222839
-66.25 29.19887665246821 478.7610105218423
-66.25 30.21925841423807 476.74139127667
-66.25 31.45543901207115 478.6335284025305
-66.25 30.43632017404191 480.6295532432949
-66.25 32.65109875915975 480.5021817787031
-66.25 31.65245406595398 482.4567557932833
-66.25 33.82077275101331 482.3322041257368
-66.25 32.47431733843298 476.6179872172555
-66.25 -66.94527538489402 366.6494100495086
-66.25 -19.58136827349735 508.521111668368
-66.25 83.11760707911751 462.5990484184248
-66.25 -76.61969749720697 538.6423120118686
-66.25 28.00341552617298 340.7375599613429
-66.25 30.55318585570713 344.4671388728837
-66.25 -83.58669963408398 515.9421380942025
-66.25 -85.88540322035654 388.8874499397887
-66.25 -90.61658328957191 389.3854213234738
-66.25 -87.43436829898424 525.749271133511
-66.25 52.85204507693214 294.4441793686734
-66.25 49.92771046340054 290.3022787683948
-66.25 55.77535799202489 298.5751131140895
-66.25 -115.3435984727329 518.8768215491142
-66.25 -114.3313619441739 515.9731213879564
-66.25 -116.3585740768803 521.7632676001807
-66.25 -114.3480014563372 524.057797209636
-66.25 81.67003235346428 428.0805059017716
-66.25 -4.968528217800891 485.6527079060581
-66.25 52.22293781222075 504.9639480185152
-66.25 53.84735599974172 504.9324179375348
-66.25 50.60207390412207 504.9938458896656
-66.25 54.6494188720086 503.5215472485346
-66.25 55.47413893723375 504.923807452697
-66.25 -14.99644149070154 476.6407416085467
-66.25 -15.9610791481915 478.8726861800714
-66.25 -101.5624472708221 511.1685438621022
-66.25 -103.4884470901209 508.845273724001
-66.25 -106.4959044746073 509.3583681002786
-66.25 -57.75467992667641 517.2914329850731
-66.25 78.22020827132805 510.8284745761042
-66.25 107.5644164345807 349.794865300163
-66.25 9.537218610938066 486.1644129369211
-66.25 -62.29771907438037 366.2103886003965
-66.25 -24.21193356539694 504.6330742604105
-66.25 87.42818791427099 392.5327055587693
-66.25 -53.05437990938884 438.5556307584754
-66.25 -56.7779767293773 438.9594286079372
-66.25 32.84310812591102 484.2484453877011
-66.25 34.96955221843979 484.1258328624636
-66.25 35.94460383201562 482.2366356395549
-66.25 37.09098026414226 484.0245231332709
-66.25 30.71783685079446 484.3693137157221
-66.25 68.19722084472642 475.3471107231244
-66.25 67.04248896651521 477.6349008816591
-66.25 65.6697505234784 475.5067163615542
-66.25 64.533998320227 477.7461278216251
-66.25 63.18262196326783 475.6530434841733
-66.25 65.8829499449857 479.8264166053141
-66.25 -36.05978180706463 510.3837453477981
-66.25 -77.58289981221519 436.9086107675273
-66.25 -94.06269508739744 472.532883706676
-66.25 -14.50757657949699 480.7995161361392
-66.25 -16.88172508443435 481.0788138760839
-66.25 -117.3197149559091 524.6336065595456
-66.25 20.06447108804487 464.6000855625231
-66.25 18.22300749339148 473.4623904324813
-66.25 101.4720960321448 407.0487712591472
-66.25 -63.30393528984524 405.8078705599851
-66.25 -0.6004194962255227 470.8091182071423
-66.25 -59.61079724837617 370.0150877653227
-66.25 0.5402199058776815 486.9592291116832
-66.25 89.93019155824399 435.615574465925
-66.25 -50.88402036092271 491.3548836465017
-66.25 -48.34140023107035 491.0287094116538
-66.25 -49.33556898862593 493.3521911637459
-66.25 -46.8645212097459 493.0350675261067
-66.25 -28.56213188376333 383.2618928388567
-66.25 61.30953741372559 354.0763052110036
-66.25 -70.39184084905534 529.0323717629798
-66.25 -71.12928052440506 530.9838301762921
-66.25 -69.0935636020847 530.6380451080901
-66.25 -69.8167039972256 532.5460112745589
-66.25 -113.4327287670097 536.5377381676344
-66.25 -44.61648090416303 473.0016265062595
-66.25 34.79066045791818 323.2057760425359
-66.25 72.68496087720406 486.5694060355921
-66.25 -30.83779500042455 465.6216144357191
-66.25 82.41597475522225 452.2472627763224
-66.25 85.41755934735099 452.0321928661953
-66.25 -17.34528228320518 453.3799349692603
-66.25 63.11235744422022 446.5371970208267
-66.25 59.07688345683048 422.4563838278501
-66.25 57.17374772545812 419.7109327972368
-66.25 55.75174061857838 422.729011040023
-66.25 53.85197939798437 419.9898758891648
-66.25 52.43274554757008 423.0025722376294
-66.25 50.53598572758304 420.2684009853763
-66.25 49.1192043028385 423.2762554491606
-66.25 51.95138710487214 417.2409067703785
-66.25 51.01133091646276 425.9889192254286
-66.25 47.73897694412649 426.2552124918651
-66.25 49.6035336954118 428.9285184647581
-66.25 46.37847492571047 429.1910161951793
-66.25 48.21613202612475 431.8256964380643
-66.25 45.03760374929178 432.0844691138582
-66.25 46.84880163743689 434.6811151784635
-66.25 43.71618381874802 434.936169765678
-66.25 45.50123286312878 437.4952408671782
-66.25 41.91292362986614 432.368565915292
-66.25 45.85532942274983 423.573244259141
-66.25 48.58818650669175 437.243745291936
-66.25 47.2603707252822 440.0165998276908
-66.25 44.21973999535403 440.2636809211379
-66.25 45.95190037670113 442.7471486962916
-66.25 48.94501334418177 442.5026570747559
-66.25 47.6579933602963 445.1900886000034
-66.25 -88.30172286008818 528.0345239364948
-66.25 -85.9292896459571 527.6277412016913
-66.25 50.60372618059416 444.9489150824987
-66.25 49.33747379734472 447.5931193862898
-66.25 -29.00126575587371 483.7576858835581
-66.25 32.50372438493471 508.1453482969131
-66.25 30.96307208919983 508.2106378050048
-66.25 40.59416931670057 435.2117714866686
-66.25 38.7935838229086 432.649172640734
-66.25 65.22158236322863 505.2534660977843
-66.25 28.45531004679426 498.3089132597682
-66.25 -47.77834562072421 434.7016887952328
-66.25 -55.7203158790108 516.9733451885825
-66.25 -56.46789975825942 518.8566324520659
-66.25 -54.49761411189629 518.5487280175358
-66.25 -55.22194552575534 520.3716168221491
-66.25 -53.31521256128878 520.0739117673122
-66.25 -57.14096891293175 520.6800196843903
-66.25 -55.91709168103873 522.1708213089651
-66.25 -57.80799813843415 522.4753922673477
-66.25 -52.60570043587237 518.3029397867895
-66.25 -51.44579946824314 519.7952493409983
-66.25 -50.74864789021277 518.056464105211
-66.25 -49.60920125286225 519.5224670239853
-66.25 -48.92436626162944 517.8143636536295
-66.25 91.08404828355131 427.4499446760764
-66.25 -59.01415851584932 435.9463126312059
-66.25 -60.51842529799609 439.3990514226313
-66.25 -58.26897983228264 442.4057725740139
-66.25 -61.98239390596324 442.8391130442684
-66.25 37.19087530910994 507.9477675537673
-66.25 38.72838367180816 507.8978408308293
-66.25 1.980381398030505 508.983477343549
-66.25 0.4363551719145751 509.1305505077934
-66.25 3.525080009114587 508.8358057616877
-66.25 64.07582165223539 456.4454759587047
-66.25 62.87981764466637 458.9151786366421
-66.25 61.3500680717148 456.6499201010411
-66.25 60.16065255273317 459.1022992840112
-66.25 58.63724334961574 456.8488129335921
-66.25 57.45260821338357 459.2913270556248
-66.25 58.96881283505984 461.5202668472
-66.25 56.29752018666653 461.7072174935519
-66.25 54.79774519870433 459.5060623721737
-66.25 57.7931466977499 463.8996604352089
-66.25 55.16882648673303 464.0835423128031
-66.25 56.63813568984442 466.2343974471274
-66.25 0.01148201167167473 407.3650549487512
-66.25 1.593610542051034 403.9908955406442
-66.25 3.713948228083448 407.0431188355313
-66.25 51.68102829199368 486.692390585131
-66.25 -4.368759571267172 317.9000558719151
-66.25 16.40294842423926 492.6682059526313
-66.25 72.23716574902907 393.7183129444656
-66.25 -54.53410618846643 425.4296750730642
-66.25 65.08407561311026 509.5865659033036
-66.25 14.72643317421464 316.3370914100462
-66.25 48.60373893693685 417.5204367224338
-66.25 50.03372157803892 414.4604288405103
-66.25 46.59279867714087 479.7202185034932
-66.25 51.29369981223768 497.6225656233791
-66.25 -84.37971813126013 451.6093970836586
-66.25 36.46467714064677 493.2178228886415
-66.25 101.6066239185584 333.4787151814118
-66.25 79.71455539619046 309.5724919045572
-66.25 -10.75126331871559 391.6345703762105
-66.25 83.39475374102898 322.2104268391824
-66.25 87.00497950681701 334.6791964658376
-66.25 84.39350177753117 422.386575508988
-66.25 23.79190951476553 430.0997708456306
-66.25 -60.18943641387941 297.1114896817907
-66.25 -62.70159493834963 475.4458824747676
-66.25 -105.4440193380154 506.4533798048107
-66.25 -108.5292154365567 506.9791780503843
-66.25 18.34045359151213 360.5015390125224
-66.25 22.62487164707477 360.1609289344588
-66.25 25.77992290221238 302.7619055351654
-66.25 22.97053173697215 298.7268606570589
-66.25 27.88879794871308 298.2980672354247
-66.25 25.05636876552902 294.2307530071351
-66.25 20.10420432259717 294.6652270545176
-66.25 22.20283509360996 290.1457729867268
-66.25 17.226070140968 290.5817694572488
-66.25 19.33547069051344 286.0378096640796
-66.25 14.33122498567026 286.4763285091011
-66.25 24.34572056725638 285.5953418608764
-66.25 21.45544043343171 281.4553007576603
-66.25 26.50502924034384 281.0089533972399
-66.25 -50.40446532113069 484.4447832205694
-66.25 -47.77672247169368 484.1352310268162
-66.25 -50.8367555933973 287.44064521178
-66.25 -53.76247113737255 283.2490397350555
-66.25 -48.65853457093117 282.8033912598133
-66.25 -58.86931174888903 283.6938815907794
-66.25 -98.44481527211911 308.4214799752742
-66.25 33.72747513717788 462.3507050419465
-66.25 -106.9788157277917 352.7768739977369
-66.25 -87.82049671224406 393.2265434762067
-66.25 -92.53833758545085 393.7225786694963
-66.25 -95.35322405182286 389.8809940695318
-66.25 -97.2919406719241 394.2536548212527
-66.25 -94.45489456212361 398.1077142549108
-66.25 -99.20209313788173 398.6309856036974
-66.25 -100.1348979131562 390.3770493611815
-66.25 -96.37658865575517 402.4691037176307
-66.25 -101.1034637334748 402.9897999395064
-66.25 -98.29042742702475 406.8109049296474
-66.25 -102.9955711386058 407.3287477498014
-66.25 -100.1959844466249 411.1314237272502
-66.25 -104.8772469377725 411.6459521976736
-66.25 -102.0923517207716 415.4306727799417
-66.25 -106.7519177323342 415.9423426454032
-66.25 -103.9804038753143 419.7091680247764
-66.25 -105.82735968715 403.5118506417796
-66.25 -108.6168802148848 420.2175343494214
-66.25 -105.8599247727469 423.9646041309179
-66.25 -101.4254718304341 304.2234003297551
-66.25 -103.5812292692111 308.9111783911852
-66.25 -92.81564184017326 285.4900525349847
-66.25 -90.63588019070573 280.7731488085342
-66.25 -95.82137550603333 281.238947373042
-66.25 98.17787700271595 320.947333903897
-66.25 -89.71364010610718 512.2547745265833
-66.25 -118.5346343388773 537.5464421963437
-66.25 94.69006864751293 308.2674327862911
-66.25 -50.24633229729223 346.7174231122268
-66.25 52.04576456922816 285.6859460929841
-66.25 -3.799122729948576 496.1110207945474
-66.25 -47.83065511484472 495.2927334275315
-66.25 -45.43075903613057 494.9841784497018
-66.25 -50.24128091226421 495.6083921977332
-66.25 25.80826926310007 438.1626956431991
-66.25 59.46442040400129 329.7228023247404
-66.25 51.88812571172729 442.2925300136014
-66.25 15.87985393552988 485.6446528171774
-66.25 83.2266520367492 291.7229887471349
-66.25 80.31148783328396 287.5421035019317
-66.25 85.40396309106588 287.0980803857059
-66.25 82.47181680920691 282.8941280802536
-66.25 87.59172854025857 282.4476478143268
-66.25 90.53002835363722 286.6697778829858
-66.25 92.72210002045317 282.0107651324019
-66.25 95.66561436280283 286.2408852130009
-66.25 97.86273084735126 281.5728522026383
-66.25 100.8117513418896 285.8119542000211
-66.25 103.0137448980541 281.1347659773926
-66.25 105.9692072048406 285.3831179048477
-66.25 103.7616757674708 290.0617792995224
-66.25 21.92173562126148 501.8705476614137
-66.25 -103.1109481686502 365.476127865136
-66.25 -17.37911735906204 306.4934195452522
-66.25 32.44559914124672 448.0194089935422
-66.25 -26.22438360005924 360.3135452536355
-66.25 92.83666468370754 404.6753925504882
-66.25 -79.82990682032776 415.1200321792062
-66.25 85.77718948025093 457.2250981707469
-66.25 80.77528081591046 436.235500530936
-66.25 -52.95672427520594 421.8672806325218
-66.25 14.76815293840327 374.9446234789086
-66.25 71.85458939221522 445.8981003556285
-66.25 25.54617216796759 390.8639565396213
-66.25 -39.52240161121335 361.5288178292952
-66.25 -6.830016601052754 391.2966102552174
-66.25 -75.21812396878455 526.1143499925487
-66.25 -75.960296181956 528.1387583150411
-66.25 31.2388916687394 474.7080174317941
-66.25 -37.52370973390576 505.6957088790861
-66.25 -35.63846524127643 505.4934610319955
-66.25 -36.75869641849528 503.9390110463801
-66.25 -34.83479834118489 503.7334114536908
-66.25 -15.2680094576361 363.2501070138616
-66.25 38.64138705250463 457.2794252117322
-66.25 -43.43650273443333 470.3208583056636
-66.25 -55.93918979447148 507.7493219387398
-66.25 -55.10280246312892 505.7103756611988
-66.25 -57.32125936881938 505.9913706048256
-66.25 -56.46007312508935 503.8925782804093
-66.25 -58.7428957234939 504.1819590152355
-66.25 23.74302865756812 409.8184511514632
-66.25 33.67233562112061 402.8699416194178
-66.25 35.69634449040307 405.8137111822766
-66.25 37.24011967183778 402.5845826694983
-66.25 -105.0684334506322 473.6873583222985
-66.25 -61.77963609546361 458.3306934874524
-66.25 30.01387558843797 293.7982963913892
-66.25 -79.15152137126043 535.5527857434056
-66.25 -47.80529881371135 519.2543728668226
-66.25 -47.13348757625201 517.5774590607142
-66.25 -94.8066311921567 347.207727663052
-66.25 -71.96243251361575 459.5567533954156
-66.25 -102.3743381406077 505.9390285282067
-66.25 80.01545981640223 507.3960367004194
-66.25 81.08686838193893 509.0553273167765
-66.25 82.01252280773458 507.2820786263813
-66.25 -67.82636252536338 532.2093506174699
-66.25 -67.12028734935109 530.3432978402668
-66.25 -52.54408181021259 322.1387645193186
-66.25 -28.00377565142098 465.3466472239825
-66.25 51.94387571142062 477.3164370689958
-66.25 -73.82947205328087 490.0246686339849
-66.25 46.87686897735576 469.7907716108829
-66.25 -106.5754322993255 304.6946707322493
-66.25 50.37816856270044 496.0962262591903
-66.25 69.94173045724769 345.3778657248217
-66.25 4.380063379312521 478.9191684859036
-66.25 81.75088120905764 465.3245020081007
-66.25 56.73646272677616 484.4251406140488
-66.25 -57.85688968683937 502.022466572458
-66.25 -32.38913790307665 475.289804989519
-66.25 -32.46822302987606 446.6306111508629
-66.25 20.99693535815764 500.4656401788515
-66.25 -111.1629814888397 553.9107321473718
-66.25 -113.0355445855337 554.3137055800107
-66.25 -114.3524353504801 552.9262386560133
-66.25 -114.9072886513347 554.7715540430031
-66.25 -116.246275100381 553.3628698685557
-66.25 -116.8138513156841 555.2430746839232
-66.25 -118.1790401767404 553.8051966619172
-66.25 -118.7657447767122 555.7292677295108
-66.25 -120.1678802123413 554.2502292271455
-66.25 -120.7734426728123 556.2284400142867
-66.25 -9.353552965431675 503.0884609390924
-66.25 -15.91895926289207 503.7865038663547
-66.25 84.80974976954403 465.1530136203597
-66.25 83.42984531846109 467.9059476997912
-66.25 61.20539251067281 491.111706192176
-66.25 41.19510476449185 472.3487603426763
-66.25 65.44826870971423 497.3790371804191
-66.25 -15.6451121111821 402.2461165322107
-66.25 -87.03940088820754 536.854842102108
-66.25 46.43999044991526 447.8297625673882
-66.25 48.09159626373263 450.1953302865197
-66.25 -117.3959313747809 516.53308953054
-66.25 -116.3571957851876 513.5520311513829
-66.25 46.97702382166473 286.1543857144188
-66.25 49.10452676924703 281.5176657571153
-66.25 -33.68172415718734 465.9036131776566
-66.25 93.27659430452104 350.9054280168741
-66.25 -26.9465029754816 510.8179526608532
-66.25 -28.57903784557932 510.9979354351975
-66.25 -51.59788857660268 278.5895523784591
-66.25 -46.46498637685482 278.1411971730493
-66.25 -43.5199856198826 282.373937041008
-66.25 -41.32974949383158 277.7091558852321
-66.25 -38.38940052241256 281.9363032350178
-66.25 -36.20305878265877 277.2793042113343
-66.25 -33.26771704706218 281.4990871899919
-66.25 -31.08516392069975 276.8500473869872
-66.25 -28.15450467587574 281.0627181634547
-66.25 -30.33486935383628 285.6895628115816
-66.25 -25.25812818394269 285.2547754369438
-66.25 -23.08402059922063 280.6560299224547
-66.25 -20.19373004434517 284.8357360195492
-66.25 -18.02295074348263 280.2454505451271
-66.25 -15.136737730313 284.4187929937582
-66.25 -12.96813709372976 279.8343262291344
-66.25 -10.08487404201284 284.0033450461841
-66.25 -7.915482077531779 279.4214780901233
-66.25 -56.60116036582572 523.9458935586454
-66.25 -58.46677990691444 524.2465287267827
-66.25 -27.5981543192623 504.9519506680205
-66.25 -91.49054855940983 517.3245337003424
-66.25 25.45192688100305 336.9945382604609
-66.25 -72.49922932804984 479.2903775578771
-66.25 -75.58965244644764 479.7107692909806
-66.25 -76.75021537026635 482.6307075245653
-66.25 -78.71917824808318 480.1575120215392
-66.25 -79.89318739978992 483.1125294611996
-66.25 -81.88487228894699 480.6105242390146
-66.25 -83.07317614872215 483.6001847679723
-66.25 -80.70004534429009 477.6026145976144
-66.25 46.64812344108568 414.7424224703808
-66.25 48.09473769275695 411.6457459207531
-66.25 51.52328482510436 411.3590889723585
-66.25 49.55858443867876 408.5071990810313
-66.25 -77.35886720674623 526.4777767628124
-66.25 25.45863680352087 451.1670770389033
-66.25 108.1761751177279 280.6955975223426
-66.25 -107.8426444945172 344.0090937002068
-66.25 -105.7236936490367 339.35734447559
-66.25 77.70793818060395 500.4379613342415
-66.25 79.89824084236527 500.2882241147191
-66.25 -109.8729625613018 544.5088747245136
-66.25 -16.30433312750861 395.5344310900578
-66.25 108.8351831023389 373.8338947545539
-66.25 33.11154600698076 504.0384303766024
-66.25 31.51530786528996 504.1051471130591
-66.25 -110.4704037555433 424.4690563039601
-66.25 -107.7300936572482 428.1931911022206
-66.25 -112.3120958376342 428.6944799199555
-66.25 -109.5888964388528 432.3943197873201
-66.25 -91.57308833778285 502.6349885356562
-66.25 -90.53782664078605 499.8632835256357
-66.25 53.03265763117415 408.2165668353934
-66.25 51.04166455165969 405.3262135725166
-66.25 54.56528703165976 405.0299140612937
-66.25 52.54429841858222 402.0959013984968
-66.25 52.23598572941105 447.3558615819739
-66.25 89.9834897570631 410.7012405594169
-66.25 75.26254233666144 409.297196077911
-66.25 -108.739860872926 309.4030299980445
-66.25 -105.7340800135729 313.6299494446812
-66.25 -46.96933062969882 450.9835794796099
-66.25 -58.76183156280641 492.4581415768387
-66.25 82.79911752452249 379.2356604528593
-66.25 53.02334086879773 500.6167634913392
-66.25 -60.20579012096294 502.3202528377985
-66.25 -2.23860240496137 451.8313233564371
-66.25 -52.14398332685886 521.5212982735833
-66.25 -1.047555554378874 443.5997205610678
-66.25 -96.0778971943484 550.3727380348247
-66.25 -94.37854467942529 550.0398941655787
-66.25 14.45022028183247 492.8359547821931
-66.25 -61.1057965053379 504.5330720796006
-66.25 4.184515481374534 507.4351419937739
-66.25 5.067313474180486 508.7063288542444
-66.25 5.286548947966146 403.6880582602018
-66.25 7.394653168646473 406.7222682932604
-66.25 5.829643308864268 410.0413446286578
-66.25 3.1767206319893 400.6279535978892
-66.25 47.80749477421148 294.9025236134813
-66.25 18.37139765079362 441.5140642196905
-66.25 -5.030809070673863 283.5918020593204
-66.25 -2.860090451059708 279.0074379353405
-66.25 -105.0645806720267 431.8843367724704
-66.25 -106.8907378011452 436.0073102117685
-66.25 -111.3438214932531 436.5188660396207
-66.25 -108.6769945063525 440.0957618512876
-66.25 -45.8846266172102 490.7670237518802
-66.25 42.95730959565223 442.9900008995074
-66.25 51.39434510098281 431.5668916003988
-66.25 84.47439985412775 488.4751329611238
-66.25 85.91554878549645 490.8405892400279
-66.25 -110.899087675926 314.1206372622967
-66.25 -107.8913372769088 318.3514627272487
-66.25 110.2568493956483 353.7877840072409
-66.25 -101.276303056768 423.4462894922904
-66.25 108.9105709258774 289.6310608425534
-66.25 106.7084651947327 294.2974694925804
-66.25 8.667974252147774 467.7322754210904
-66.25 75.55203603028323 500.6060059695299
-66.25 -69.55677771660818 499.2568229769292
-66.25 38.0668559410607 482.1373343723869
-66.25 39.21371118009505 483.9262892351445
-66.25 -109.5586300363912 412.1604837765467
-66.25 31.8837125862121 486.124187316898
-66.25 -35.9770752884835 502.1487929425145
-66.25 -37.94768713762411 502.3541502473098
-66.25 -37.1440871366055 500.5078187632508
-66.25 -39.17982395327911 500.7198274684907
-66.25 56.12371097208943 401.7934012138263
-66.25 54.06915459581032 398.8107432324492
-66.25 50.42849180902319 399.1173458610117
-66.25 51.98052227066106 395.7781839998641
-66.25 55.68220227718791 395.4642418138839
-66.25 53.5565066738359 392.3804013021727
-66.25 49.79150420464731 392.6984739915384
-66.25 51.39571146716466 389.2452928583836
-66.25 47.57314432669712 389.5686991404419
-66.25 49.20163640980384 386.0644837902672
-66.25 45.32369990225051 386.3928217564752
-66.25 46.9756613061238 382.8388701234666
-66.25 43.0449607601571 383.1726981760733
-66.25 44.7187384543309 379.5726260141147
-66.25 40.73762263250374 379.910820015552
-66.25 42.43282845539715 376.2649290278655
-66.25 38.4030935956083 376.6082996725805
-66.25 40.11832975808282 372.9201967938939
-66.25 50.91200244628961 382.5032989284671
-66.25 44.19896094269191 372.5696316333497
-66.25 41.85176165986062 369.1727419085703
-66.25 45.99866676981038 368.8166777851453
-66.25 43.61352383104163 365.3646040309683
-66.25 57.32185233997976 392.0594859779291
-66.25 36.04341169999412 373.2679696728657
-66.25 39.41092351362114 365.731943083927
-66.25 41.19173193728827 361.8816373624268
-66.25 34.33028234954806 376.9817919275213
-66.25 31.97699178410698 373.6442237179721
-66.25 41.3950435332254 386.7566149585993
-66.25 45.4458839292061 361.5070703517238
-66.25 42.99108423318034 357.9722256621222
-66.25 38.68061878343483 358.357075986309
-66.25 -65.87696366939501 531.8803538024308
-66.25 -65.18724982028998 530.0510547839324
-66.25 53.0620197574169 506.3326624104388
-66.25 -78.11108569034431 528.5304553642155
-66.25 -62.77504038987952 436.3618500549239
-66.25 1.333766664779322 510.3734905795062
-66.25 -0.1747309769727053 510.5171977622067
-66.25 21.02143912728756 477.3576624873409
-66.25 22.32832192142544 479.2485642207708
-66.25 -38.34938855114768 498.8140655494876
-66.25 59.22379410155769 466.0604764695984
-66.25 -63.1237778444174 292.9560521976068
-66.25 -65.26027840289285 297.5784854158128
-66.25 38.23675027090948 485.7992994490245
-66.25 40.32769849183406 485.6986404866149
-66.25 -100.6311465891415 338.882483580333
-66.25 95.76305776124828 374.6050122904415
-66.25 13.93369162186635 334.0342717913748
-66.25 9.409719052446576 334.4078125060049
-66.25 7.48992356591554 338.5212912422951
-66.25 4.890454957521798 334.803365346907
-66.25 2.97358362311004 338.9112879614725
-66.25 0.3762641187925206 335.1981120583956
-66.25 -1.539933426694966 339.3034519626371
-66.25 -4.138155846335145 335.5908429801886
-66.25 -6.055766527716207 339.6983295848478
-66.25 -8.660118874470028 335.9810996059852
-66.25 -10.58364380137531 340.0996937406982
-66.25 -13.19607129897639 336.371127194799
-66.25 -15.12579545720536 340.5026767387906
-66.25 -17.74654443769545 336.7621694699293
-66.25 -12.50662260373831 344.224699354446
-66.25 58.08082960007444 468.3754541819741
-66.25 21.96946475639238 446.415856957279
-66.25 -65.0024294002037 362.3972860738805
-66.25 -69.67590295751209 362.8318371564423
-66.25 -113.0899074971144 440.603297054268
-66.25 -110.4464854049001 444.1488544009988
-66.25 -114.8205759994507 444.6518046873178
-66.25 -112.2005862061965 448.1655892514017
-66.25 9.72143527285802 448.5205659768106
-66.25 -104.7666364868425 545.5230008901186
-66.25 -46.03574315353276 518.9902699972989
-66.25 -45.37658418865643 517.3452325777332
-66.25 84.64376553513296 278.2215036018363
-66.25 79.49829205500862 278.6708625932199
-66.25 23.59169543300141 276.8365275984724
-66.25 18.50600937639864 277.2877303579771
-66.25 28.6808627607596 276.3864014948222
-66.25 25.38827070868135 507.298624283262
-66.25 24.67791388160809 508.6813728537784
-66.25 23.14267438507439 508.7662275256335
-66.25 -57.67607459283273 365.7976476597584
-66.25 -55.00996433846574 369.5731986840023
-66.25 -113.2487137551452 420.7280060682016
-66.25 -117.7034866837816 535.0196961598357
-66.25 38.00226238995517 509.2356970808961
-66.25 39.50695666422008 509.1863904415044
-66.25 56.28061762303588 503.5058341111329
-66.25 57.11067418613255 504.9162633495015
-66.25 56.29887494408747 506.323215545305
-66.25 57.90627816027026 506.3129966247089
-66.25 52.17903876967558 496.0537728634452
-66.25 11.07665545097288 478.3551696116682
-66.25 -75.92205911700941 536.7795657611164
-66.25 -74.66242580500897 538.3133388095823
-66.25 31.78914918058555 509.4935615340696
-66.25 30.28059185685493 509.5575063474396
-66.25 -119.347240269501 557.6775822857121
-66.25 -121.2823001049079 558.1556262241518
-66.25 -19.68248454568029 340.9069209363749
-66.25 -22.31161586555813 337.154402767945
-66.25 -57.27565610425999 525.6992029317934
-66.25 -59.11955086287422 525.9964394391384
-66.25 -60.32183302251067 524.5512436540603
-66.25 9.458539406697577 409.7239359549739
-66.25 7.916131759604204 412.9928462643618
-66.25 37.47661574295149 435.4884091115209
-66.25 35.67752315702114 432.9288541347981
-66.25 36.99168364045101 430.0719467895231
-66.25 -75.35854618282183 540.1586903712716
-66.25 105.2140256842245 276.4372944116641
-66.25 -104.7972961090067 535.7447297079443
-66.25 40.49997634723723 354.4027252489157
-66.25 -63.84432291301025 455.5600564926212
-66.25 -60.39188851556896 455.1419160847796
-66.25 -26.67029422944062 491.5788746066763
-66.25 9.779188985107815 476.4714645415071
-66.25 -23.37376850677784 472.1099183248268
-66.25 -22.2453529565894 469.6597199480887
-66.25 -44.29926300082033 518.7314899468751
-66.25 -43.65237413105275 517.1170189597219
-66.25 73.38601883158293 509.3002323820862
-66.25 41.06756260671499 309.9980748666803
-66.25 15.5696221271287 494.4171524137003
-66.25 -97.45855864017739 414.9067435897625
-66.25 -29.66174660192466 463.0006022875329
-66.25 -93.78783487166781 548.4237550813746
-66.25 -92.69201193054167 549.7403095709742
-66.25 -76.72278423656154 463.2206814765435
-66.25 -78.05477086409219 466.4483107552051
-66.25 110.9006534413564 369.8081049297281
-66.25 -107.4498877888464 503.9979738600278
-66.25 -110.6158893507161 504.5377256437666
-66.25 -22.3646422685468 289.4116717567879
-66.25 32.51908439805297 340.3867496572406
-66.25 -108.4525384703084 522.815618550396
-66.25 -93.60849336281207 406.2819674553638
-66.25 94.91224795620879 277.3290478710554
-66.25 -96.79025533201964 532.0462297688086
-66.25 -10.80057173779449 275.2371802053242
-66.25 -113.5830916758121 556.130152683603
-66.25 -92.596860019671 505.3969535477872
-66.25 -12.25218873839089 288.5718679056342
-66.25 -48.76586389596384 497.5132964203127
-66.25 83.73023891027997 449.5364813061551
-66.25 86.73999320684946 449.3198670468462
-66.25 110.392611578067 275.9943931201489
-66.25 22.69380572749923 500.3554863891237
-66.25 84.53252354030134 493.2544903468836
-66.25 -50.35052186007255 451.3649885849992
-66.25 -68.53463715191482 534.0738138697496
-66.25 -9.084882260425731 388.0515879422817
-66.25 -13.04578648907056 388.3884354481167
-66.25 29.80198869733577 486.2424907528102
-66.25 62.06377485274178 477.8582071751638
-66.25 60.73250438353162 475.7963325774722
-66.25 -72.87108144688843 399.1225714134325
-66.25 35.47214122344062 491.6255355160082
-66.25 37.36673847319368 491.550045055497
-66.25 33.5311540805391 474.5798534976217
-66.25 32.27260681896193 472.6333300586145
-66.25 -119.5769036114471 552.224733831681
-66.25 -121.7019169547277 552.7036829863555
-66.25 -121.0727796275924 550.5414246841488
-66.25 4.407069538823605 510.0917023273743
-66.25 5.920064179955776 509.9627513083577
-66.25 45.97028590269581 393.0558580960903
-66.25 -75.54598295914921 514.158159720759
-66.25 23.98267154862597 510.0332939886764
-66.25 22.48176369580812 510.1163456784774
-66.25 25.4841580974091 509.9507231091519
-66.25 -41.72188067640514 472.675649708214
-66.25 -42.89127407590851 475.3063868658864
-66.25 -15.45617354129962 482.9663224876113
-66.25 -17.78025428829647 483.2395153682891
-66.25 -13.13731584972793 482.6904410647604
-66.25 -29.56994189289753 509.6874784662822
-66.25 -30.21538911481194 511.2053996654468
-66.25 -41.62508389261691 511.1382669949277
-66.25 -40.49128599914696 512.5912496577607
-66.25 -97.77961038919722 550.7075708101024
-66.25 -20.37063440516248 332.9830510438698
-66.25 -24.97559038908308 333.3775653490394
-66.25 -92.10530412222613 548.1376416115759
-66.25 -91.01689741919434 549.4448132058
-66.25 -90.43358688330416 547.8524113586485
-66.25 -89.35117873086885 549.1519435685647
-66.25 -88.77073894074685 547.5679363145362
-66.25 -87.69321282105106 548.8611334857914
-66.25 -87.11510787449599 547.2839309088249
-66.25 -86.0420282101021 548.5718056185838
-66.25 -85.4653842884034 547.0003441497665
-66.25 -84.3943630588272 548.2848825252249
-66.25 -83.81773895564233 546.7153386714674
-66.25 86.51820673596292 467.7316799950435
-66.25 85.12629954929061 470.517395728505
-66.25 -119.5040192962027 514.1270359146052
-66.25 -118.4371909655784 511.0671588786066
-66.25 -93.63285700351349 276.5059732729691
-66.25 -98.8351908072792 276.9728942197911
-66.25 -101.0251378921702 281.717617596276
-66.25 -104.0435001653372 277.4467284146875
-66.25 -106.2369358186132 282.1989205620991
-66.25 -88.43190215856438 276.0391978792089
-66.25 -109.2620581005347 277.9203359587273
-66.25 79.44090551508422 438.9724846888806
-66.25 -122.694758495301 556.7519054926142
-66.25 -123.2200923585858 558.692994955861
-66.25 45.23587085606876 450.4298095121445
-66.25 46.8647545353998 452.7608068622353
-66.25 -26.77757738851794 462.7212080169013
-66.25 -27.60956199864622 512.2976218975125
-66.25 -26.02516362805262 512.1192141043307
-66.25 33.2981529376483 509.4298834323277
-66.25 -55.44777476112371 525.3959929213983
-66.25 60.64747719167817 468.2030301698251
-66.25 -111.4595334009151 282.682765336304
-66.25 -110.8277951630409 339.8408231499614
-66.25 76.48334131804273 498.6406146462668
-66.25 74.30556779904144 498.8120178159597
-66.25 -67.22714355049493 520.8792552396063
-66.25 -105.5661990188997 538.0129599245138
-66.25 14.87311193953262 506.5967568860615
-66.25 15.77222718920856 507.8989949616712
-66.25 14.21225388917649 508.0145496110703
-66.25 15.09075921350505 509.2867620555592
-66.25 13.56675521911232 509.3997129778687
-66.25 16.61535718755564 509.1742191368349
-66.25 112.3973841591002 349.4402014115208
-66.25 6.895717515473865 400.3212200048318
-66.25 4.769037740833754 397.2351419969319
-66.25 -123.3402252895221 551.0543387363801
-66.25 -122.6690522943111 548.7530817794831
-66.25 -120.3643022142943 535.5445195377303
-66.25 -121.2118900959875 538.1562556749529
-66.25 -83.93995455434647 478.0637108687255
-66.25 -42.59530571951507 518.4774005934431
-66.25 -55.51944129317958 501.7332969616264
-66.25 61.45676149657318 444.1427867050023
-66.25 -102.4572398132441 435.5050959739999
-66.25 87.31064055663013 493.2430430164629
-66.25 85.93147358273411 495.6493123688595
-66.25 6.953605860945064 502.9339882113629
-66.25 88.42233905961017 451.8186680397998
-66.25 89.751726512712 449.1079133727083
-66.25 49.67539152803994 452.5288037313836
-66.25 48.468931518745 455.0539064924687
-66.25 -54.82407089157853 477.0342848830999
-66.25 30.12598867037632 506.9205810168525
-66.25 -20.91018917230106 276.0537796561704
-66.25 -119.3395576712122 522.3611668718569
-66.25 -120.3134540185221 525.260689725048
-66.25 83.11599070261514 508.9863254553695
-66.25 84.06725094446226 507.1610414599888
-66.25 82.16064768727955 510.7622411445653
-66.25 -3.456882659259795 343.400203913153
-66.25 68.24564759680499 376.7173031414887
-66.25 66.50620045518755 380.4197522854279
-66.25 64.17079051636301 377.0627243640844
-66.25 -87.5927976286023 499.3998398865053
-66.25 -89.47005093811295 497.0595822510012
-66.25 -5.132504167303852 387.7111319910234
-66.25 -34.01612239777571 501.9392503590431
-66.25 -48.47991095886132 520.9180971126093
-66.25 -52.0450986825149 512.8021190453391
-66.25 -56.86632267368147 422.2665806390254
-66.25 -55.26147990200425 418.6404616489343
-66.25 -107.8900250957436 447.6566297063908
-66.25 -109.6108673524072 451.5905233989868
-66.25 -113.8461760050625 452.1014382853783
-66.25 -111.2891006510547 455.4886300001283
-66.25 -115.4821797302991 455.9952940086034
-66.25 -112.9496536439758 459.3501244892193
-66.25 -117.1027565860522 459.8519541893875
-66.25 -114.5943641160875 463.1749213206789
-66.25 -115.77264986253 437.0409904888768
-66.25 -20.61041534317192 374.9004078323148
-66.25 -103.5886907982271 334.7093270354659
-66.25 28.64309459999003 484.5153950318559
-66.25 33.84053809666059 430.3531451727985
-66.25 35.17051142405219 427.4603267610737
-66.25 -4.766291562633178 479.7114547301324
-66.25 -94.94770741403862 551.638493179517
-66.25 -74.41451653098501 476.7800386591044
-66.25 73.48815982504888 448.3243723698106
-66.25 -40.15490745410145 325.2600753268266
-66.25 20.77578441998404 364.0183131770621
-66.25 -111.7474508661943 305.1687709692266
-66.25 -109.5729748763135 300.4422528666828
-66.25 -19.20058525422257 481.3816920174822
-66.25 -20.10379069990433 483.5440474906933
-66.25 64.40942120993797 461.1667464811472
-66.25 -112.960376862961 344.5211526532767
-66.25 47.31200899287427 357.5913261767777
-66.25 49.7886547262939 361.1741619414737
-66.25 -44.71324995751052 515.7293634660919
-66.25 -50.76758341157041 460.1765285770628
-66.25 6.578635676579749 508.5981721593354
-66.25 7.43064255525884 509.8505757165091
-66.25 -81.06279234442468 486.0977066671576
-66.25 -84.21411308639419 486.5764751790357
-66.25 -63.97074924603334 531.5543942118056
-66.25 12.71449835383529 469.6038084484061
-66.25 -3.780932372049608 373.1810802046224
-66.25 -8.024689903476924 438.640476119805
-66.25 -82.74608229681796 547.9997403067605
-66.25 -82.16827576123045 546.4283642328804
-66.25 -81.09466552236638 547.7150585038221
-66.25 -80.51205866715217 546.1376805075414
-66.25 77.66026868741956 356.86226657292
-66.25 -69.07277541363644 468.1756959859924
-66.25 77.7424451230255 436.4506566254251
-66.25 59.82035178327055 454.3855650035031
-66.25 55.5267063246926 468.5398931991267
-66.25 58.71733330071567 504.9260435891955
-66.25 59.51544279359667 506.3233766920465
-66.25 28.5852672243691 348.5236289593529
-66.25 12.22494381048321 291.0348509718505
-66.25 -82.72583426156403 474.9815536259616
-66.25 -39.46319407187496 303.975175629378
-66.25 31.60442632441688 280.5858797938698
-66.25 33.7859503563064 275.949769369213
-66.25 40.19087044069936 482.0377684524943
-66.25 39.04187331845648 480.2318185417221
-66.25 111.8448034249508 293.8685401024764
-66.25 109.6478830723306 298.5286297784405
-66.25 11.01103409518135 406.4460947318408
-66.25 20.05959151639133 479.4195084446898
-66.25 21.33997305769243 481.2719298739009
-66.25 38.27930981271955 305.9487525747962
-66.25 -106.566278630099 477.074604257269
-66.25 -108.7772126209286 474.0721283171258
-66.25 -110.2954940614307 477.5054166070013
-66.25 -112.5366698771946 474.4619613912618
-66.25 -114.0761222860016 477.9425211829901
-66.25 -116.3493906597405 474.8563240744879
-66.25 -117.911339678574 478.3871776682766
-66.25 -115.6094249960927 481.4795362706347
-66.25 -61.30724264043037 331.2491692444044
-66.25 14.42505102464678 510.6424933841363
-66.25 12.93628631017703 510.7529015424582
-66.25 12.08487517996708 509.532751256122
-66.25 11.45575698871278 510.8788739965692
-66.25 -86.77066426663454 529.84231571954
-66.25 -89.07521579619478 530.2418515822691
-66.25 87.94158330206197 464.9333535344963
-66.25 37.51960940104809 327.1571669952662
-66.25 11.34636894838854 330.2808748764876
-66.25 15.91308851956499 329.9013617012141
-66.25 -113.0612845224871 318.8423096362391
-66.25 -45.60616871113231 384.8975954161371
-66.25 15.81299215788856 453.0579631319129
-66.25 17.41021600656419 455.4034295878139
-66.25 -98.49775240111951 334.2359386768916
-66.25 109.6710791276752 345.3956326805824
-66.25 114.569526266996 345.0348962195825
-66.25 40.12082422774677 496.2936585726956
-66.25 48.36825594138833 372.2609954581731
-66.25 -99.66763917592606 513.4805711942612
-66.25 113.3585679846059 280.2658114436798
-66.25 2.289980226639133 331.0739682010832
-66.25 58.70196996667368 507.6964334668443
-66.25 60.28107054108001 507.7044767866704
-66.25 -12.62385202340787 411.6871124627413
-66.25 -94.49965479651412 503.120926525793
-66.25 58.59279682457414 416.6703905159417
-66.25 -61.25862618173836 432.8594045025627
-66.25 -10.58689840438923 471.8286569243963
-66.25 -13.08901978690568 472.088760393907
-66.25 -12.06705779586491 469.7548443369902
-66.25 36.94951158042809 502.4375074379674
-66.25 -2.160253314592075 500.7686349171347
-66.25 44.6673528577556 411.9308727206143
-66.25 43.21928181410195 415.0545693851213
-66.25 -42.43169078782621 461.9743659742962
-66.25 -24.25463191788819 341.3130252471846
-66.25 -21.61777471814377 345.059288273654
-66.25 -73.17367379502949 531.3420454552297
-66.25 25.01892842571868 363.6804352477299
-66.25 23.18781638815629 367.4970331853333
-66.25 20.65639661624399 272.6386034364614
-66.25 15.5385068036243 273.0932755274839
-66.25 111.8052353298531 340.9369587843344
-66.25 -119.4243686374415 481.9163964440732
-66.25 -117.1407846524237 484.982419363223
-66.25 -115.340962014054 526.8895061282784
-66.25 6.795670289147964 448.766282086437
-66.25 79.67710604372418 352.7103591971139
-66.25 82.27402863480651 356.5376493903525
-66.25 21.74859350368441 498.9197558359411
-66.25 20.01446230252421 499.0322483019706
-66.25 -6.738823664426379 331.8499742941286
-66.25 -53.08876916436125 365.3874300993913
-66.25 -55.7378765931727 361.6176253232289
-66.25 -50.44186755227349 369.1360939485144
-66.25 13.66133208500463 494.5812812795506
-66.25 -109.5082646126493 501.4794545310876
-66.25 -112.7555403015729 502.0330890627412
-66.25 0.9516302935596388 456.6289601302188
-66.25 33.57766293579444 491.7000170853046
-66.25 -59.29416362053263 500.098239437515
-66.25 -107.0634882061882 273.1580360871366
-66.25 -112.2941207930539 273.6319024018626
-66.25 51.2412422275741 494.4901298350775
-66.25 49.40037791646707 494.5358428001557
-66.25 50.28068117406229 492.8969927812138
-66.25 48.40214645588792 492.943794729018
-66.25 -17.41926324418336 476.9180361692668
-66.25 -62.5914859343815 502.6393700832602
-66.25 -63.50487174434927 504.885604082055
-66.25 -49.4212461480602 273.9027305097437
-66.25 -54.58383820447995 274.3539784755044
-66.25 -29.36080584666828 505.1310648008756
-66.25 -28.63793585489215 503.4821539081298
-66.25 -121.7920419464959 560.0800556393541
-66.25 -123.6859199796963 560.6012445496798
-66.25 -48.23514918348272 516.1369755278788
-66.25 113.3921285990819 373.6291299771218
-66.25 62.4345198913714 380.7614697986015
-66.25 64.76344866582446 384.0828602612269
-66.25 60.10456047753519 377.4108426620869
-66.25 -84.47272461561285 529.448245588025
-66.25 -49.36147763285803 481.9905150967023
-66.25 34.6105838975493 472.5018097847565
-66.25 -14.06192679136419 484.8020895290592
-66.25 -11.80311302890536 484.5328882842465
-66.25 81.68076025602511 273.9773364597748
-66.25 76.51262390970993 274.4283586150481
-66.25 0.702049653953326 511.7315634329804
-66.25 -0.7723859314251826 511.8724126338137
-66.25 -1.642079555270016 510.6794829121728
-66.25 -2.238401271268552 512.0277109972398
-66.25 -3.106088557041265 510.8379419454504
-66.25 -3.70131680001151 512.183318838046
-66.25 -4.56711053392439 510.9959097826485
-66.25 -5.161186199608634 512.3384265074802
-66.25 -6.025272992047152 511.1533601068149
-66.25 -6.618441344408451 512.4934226699818
-66.25 -7.481025988586854 511.3102942553441
-66.25 -57.94217072357947 527.4323880730134
-66.25 -59.76498144547191 527.7263086882266
-66.25 -83.64174545272894 527.2904457094675
-66.25 47.51899078441394 405.6200502788532
-66.25 27.72749255341084 486.3821319748531
-66.25 2.426888816197053 504.7907366894299
-66.25 32.25483727820633 502.6699958565241
-66.25 30.62443321675554 502.737967564748
-66.25 -111.6194865678376 498.8964067802976
-66.25 -114.94959881442 499.4643669055383
-66.25 -113.7846938091523 496.2478581507595
-66.25 -117.198844608526 496.830572176555
-66.25 -118.3811367925205 500.1175619656029
-66.25 12.6431208975473 448.2780109970687
-66.25 -48.99455166520453 448.2078301100993
-66.25 -73.42621890555277 539.8336462975736
-66.25 30.27036529280687 377.3459778887924
-66.25 32.61312727898089 380.6509937723011
-66.25 -100.5013662947557 542.8873924389087
-66.25 -14.63187965239381 470.0224781205249
-66.25 -13.58501623835243 467.6313325583882
-66.25 10.96982415061643 445.8401837130248
-66.25 72.19653178907716 504.5916546148955
-66.25 80.50612672266996 481.8031251659451
-66.25 81.84245800156397 479.3295349060621
-66.25 80.32075836090637 476.9181782172663
-66.25 60.21304840917213 446.7723216920195
-66.25 59.45977447196084 395.1862451308074
-66.25 -67.71810635247273 358.539167599926
-66.25 -72.44026148954438 358.9782813992599
-66.25 13.06140860760128 409.4237975235354
-66.25 35.87426095853044 474.4775949304162
-66.25 -71.25926654302718 476.3585231831265
-66.25 71.34411271596568 484.4477439587804
-66.25 70.21385133331839 486.6465723336979
-66.25 -72.73460167578035 538.0085200048298
-66.25 83.36009528677819 481.7471872155843
-66.25 84.74063921958707 479.1954150969838
-66.25 86.31287761420842 481.6953504861848
-66.25 87.74523529778226 479.0501569210381
-66.25 -39.13975620610735 273.0413903955944
-66.25 107.4187659579198 271.7194941567319
-66.25 34.35992168658214 435.7670486680481
-66.25 36.15799986116729 438.3092169327108
-66.25 -40.44876140396776 499.0330762145117
-66.25 -39.59262554854227 497.0682511224274
-66.25 26.870568518905 359.8469010557073
-66.25 26.56810694441873 484.6555615496617
-66.25 -81.59673755963907 544.8211717231743
-66.25 9.33725645743559 286.9347164698374
-66.25 7.234968442709318 291.4822919445464
-66.25 60.33238464699021 504.9301739361476
-66.25 12.08112682771958 476.2746157075431
-66.25 -7.405096393425563 384.4403937291812
-66.25 -86.48845905067375 496.5909328478929
-66.25 -88.38829892742245 494.2228813077656
-66.25 -44.94817653686695 520.3326170074082
-66.25 35.08178228294709 344.1352084054196
-66.25 31.08945623654852 510.813295684968
-66.25 29.6131055083022 510.8758326815565
-66.25 5.273592969708742 511.3181736949307
-66.25 -41.96140017767931 516.893949759645
-66.25 -40.06719652580821 474.9864492360279
-66.25 -41.20718495402472 477.5477963362584
-66.25 -38.91273999595465 472.4119515788797
-66.25 88.06359382514394 446.6240002761768
-66.25 91.05728270772202 446.4050167944789
-66.25 82.93151642620595 505.3818622113355
-66.25 85.08975614204587 505.2562416496528
-66.25 86.2677710065397 507.115448008679
-66.25 74.78586034856123 445.6875866790871
-66.25 81.14308392077102 441.4850563055376
-66.25 -52.34982213950781 373.2851297138905
-66.25 -91.43750453214003 271.7585589041518
-66.25 -33.20247873207964 455.2231741820704
-66.25 -66.32401954409642 491.4349513717508
-66.25 87.2979448879057 488.3766309996691
-66.25 -92.46752809745058 497.5231871385858
-66.25 57.08185821499716 454.586004887476
-66.25 112.6175627068718 271.2747679776495
-66.25 56.94430745926265 470.6405814110004
-66.25 49.30033448310622 491.2715531675819
-66.25 47.38386732509233 491.3195240660351
-66.25 46.48331404877654 493.0154165411254
-66.25 45.46682888839525 491.388590060492
-66.25 46.3649392907651 489.6773126239921
-66.25 44.56895963758288 493.0805799818917
-66.25 43.55479402198608 491.4581780812719
-66.25 115.1242059495922 353.4834917227084
-66.25 -65.08793594458322 433.2809667210541
-66.25 -66.62173181618735 436.8410410395512
-66.25 -63.54313455259101 429.7105781427959
-66.25 -91.60376967995548 551.0136484887352
-66.25 20.78269450111312 497.4524326055417
-66.25 -26.66640997951576 513.5489952239707
-66.25 -28.20099816480556 513.7244939933431
-66.25 -86.23281577782495 484.0957920801171
-66.25 -68.20148601024344 293.4140870278708
-66.25 -70.34223215192847 298.0468899207711
-66.25 -67.39608359108804 302.2085970767532
-66.25 -52.39478396280385 269.640834359565
-66.25 -108.8193900693482 458.8384660028553
-66.25 45.70375383160505 455.28066922867
-66.25 47.28068181144807 457.5370874685707
-66.25 59.48466003200618 509.0472846115451
-66.25 -6.890579363226457 509.9569998017583
-66.25 -40.92569377555915 518.2271875037334
-66.25 -40.30446270057768 516.6756875349143
-66.25 -93.19809926038953 546.8015419764794
-66.25 -62.00136756897415 506.7779123736449
-66.25 -64.37820036618652 507.1229408765502
-66.25 -65.88989696538167 505.2437435537261
-66.25 -21.53166811411081 481.6778199711696
-66.25 -22.44027524050264 483.8523667957224
-66.25 -124.6879353003497 557.2541073402761
-66.25 -118.0538180807379 452.6242085998338
-66.25 -98.62890110173782 510.6968266976028
-66.25 53.08612681144834 494.4467021186274
-66.25 -101.4529852277462 330.0659309377433
-66.25 -106.5516781421841 330.5336653064727
-66.25 -96.36603154306363 329.5930421956133
-66.25 79.24686387381914 493.1016241937383
-66.25 101.576973169636 294.7245797610572
-66.25 64.29895140662842 473.4172637881596
-66.25 38.79669097104635 510.49524622475
-66.25 40.2686575099946 510.4468810230135
-66.25 40.97550123310732 509.1593539063525
-66.25 37.32447968283518 510.5434986624903
-66.25 41.73431863664675 510.4137293368209
-66.25 42.43795002935089 509.1313712057341
-66.25 -64.64729185474634 533.3347261278813
-66.25 -86.21961935518625 271.2903740716617
-66.25 14.60443463863142 406.1665362375872
-66.25 87.31558472096796 505.1487358326626
-66.25 86.10630851328135 503.2073863596383
-66.25 88.44952073510123 503.0950946620362
-66.25 -118.7081554846942 463.672046798376
-66.25 88.25772251725927 470.3414413974622
-66.25 16.05282097022225 462.6389400459738
-66.25 54.03433320136165 496.0414354138949
-66.25 6.688598953161509 350.2124481562985
-66.25 -58.6010085141686 529.1456994680166
-66.25 -62.48328610505059 452.3358236335445
-66.25 -65.98959863995924 452.7550951315869
-66.25 -58.98718417100213 451.9125696542093
-66.25 14.75544874490707 496.1266361503326
-66.25 -79.43009935755889 547.4335860933252
-66.25 -78.84272735700758 545.8435657675907
-66.25 -85.37085054550218 493.7481708059188
-66.25 -119.4995658583462 532.9211884038994
-66.25 -74.11359260344072 541.6535232924836
-66.25 -83.12433238158312 392.7198379354043
-66.25 -85.03729970168999 397.0058500145012
-66.25 -73.53034027180135 371.3226058801702
-66.25 -21.00751048774767 485.702793560009
-66.25 -23.30526195095702 486.0020165794795
-66.25 -63.5214199619403 378.4621328964776
-66.25 84.15665729551424 510.6910640222293
-66.25 83.21931528963822 512.4278105422824
-66.25 28.88443200224489 488.0904345867059
-66.25 -16.21281480091747 467.9055960282729
-66.25 -15.14027293341376 465.4559482836055
-66.25 -17.83205248867965 465.7370147331134
-66.25 -16.73346955258458 463.2280184595123
-66.25 -13.98337197399721 462.9450325352845
-66.25 -19.49044954814256 463.5158635286869
-66.25 -18.36523729121044 460.9460468600183
-66.25 61.0247887120475 509.0531479891721
-66.25 61.82084971977463 507.7347685364999
-66.25 37.05434391026304 340.0363874605101
-66.25 39.62783524150455 343.7989417929662
-66.25 32.76108060024882 327.5255070966234
-66.25 -8.073101456875849 512.6479662650006
-66.25 -8.934090749276658 511.4670112103447
-66.25 -9.525438498433536 512.8024750582407
-66.25 -10.38505303572327 511.6231776560788
-66.25 23.48279564431745 498.80705023332
-66.25 24.4340909839791 500.2670020893628
-66.25 75.99644486272467 470.1804932211841
-66.25 -108.4289877346374 286.9661738676184
-66.25 -113.6530620579379 287.4484762081319
-66.25 -116.6888398029847 283.1635226994443
-66.25 1.010114695761629 397.5410607492619
-66.25 2.62220702099075 394.1028492280432
-66.25 -111.7544348489956 538.5049231792813
-66.25 -110.9055481510118 536.0811933182276
-66.25 -112.5682111160955 534.1004195020795
-66.25 -110.0012170273747 533.6338899709098
-66.25 -98.17684527130845 385.9572421652239
-66.25 -103.0120854739444 386.4587749126545
-66.25 -104.9902753547432 390.9268551874964
-66.25 -107.8956401976446 386.9685888812038
-66.25 -109.8933749210447 391.4803259296606
-66.25 -112.8324107608268 387.4808083677114
-66.25 -110.8107849124134 382.9188319469209
-66.25 -114.8525698555385 392.0449478911934
-66.25 -117.8268617909922 387.9993333810296
-66.25 59.63445057957733 477.9660137827289
-66.25 60.94100079549475 479.9827251340797
-66.25 58.32565419906307 475.9409475296822
-66.25 -123.0845286124972 536.1051253670798
-66.25 -114.7638587808518 300.9175937279045
-66.25 -80.20391668443213 463.6727370173143
-66.25 -78.86016744129986 460.3909509536419
-66.25 -81.54987935748274 466.9347612234435
-66.25 -87.38729315931998 487.0969900958133
-66.25 38.3606906670057 427.1764982993777
-66.25 36.51757658926434 424.5306636646291
-66.25 -57.58606447531241 270.0946393540772
-66.25 -88.19293613372933 545.9684654509574
-66.25 114.7813687059966 298.1008293535497
-66.25 112.5850576216129 302.7598069108087
-66.25 107.4593384103763 303.1829054549713
-66.25 110.3875800564618 307.3978562739487
-66.25 78.13227987144546 455.1682591275306
-66.25 28.6087805356285 381.0066348687939
-66.25 75.24516270812931 496.8294794397315
-66.25 73.04881647782207 497.0024762254307
-66.25 -122.362676140619 522.959075386011
-66.25 -93.42321323712068 333.7550191034414
-66.25 115.4882173999575 369.539600748935
-66.25 -71.50670746864525 539.5174254375277
-66.25 24.80387357962842 511.2732456618296
-66.25 8.089611383220721 508.4862701297466
-66.25 7.236090125831419 507.2185088532442
-66.25 -46.69116018767551 481.6752417904102
-66.25 -45.11011731061222 483.8424532138224
-66.25 31.97906666832965 427.7451968044523
-66.25 41.2394619729715 412.2392783925047
-66.25 39.79345903689814 415.3599505768121
-66.25 -115.6914349050578 551.4439518750117
-66.25 -28.46428476970089 460.335679873068
-66.25 18.64123179096521 452.8485534721767
-66.25 20.23844213378449 455.1921454061335
-66.25 -106.2765265673323 500.9385782718046
-66.25 -80.55859091181861 501.0531437047106
-66.25 76.40853349754683 439.1819246308505
-66.25 -25.13575050673406 513.3767970734746
-66.25 -68.95932848699999 433.7234865744693
-66.25 34.45947747067306 489.9986666115316
-66.25 -125.0664279613241 549.3023792296116
-66.25 -124.3586483324416 546.8851911859518
-66.25 33.32615105127395 470.5153681153668
-66.25 30.93754062214046 470.6482092087979
-66.25 32.01512482024766 468.4830326972727
-66.25 29.57317678891032 468.6184414744816
-66.25 19.11739166606556 481.4394571771521
-66.25 17.8443753813638 479.6159443257727
-66.25 20.37177330715077 483.2540782431536
-66.25 8.520542910616996 396.9257110625105
-66.25 88.69502945618837 495.6348867693883
-66.25 -20.69681618637945 471.8578235352556
-66.25 43.19913525313009 305.5457136020572
-66.25 16.09494590056512 500.7604026279849
-66.25 30.91567710810316 384.2598501844199
-66.25 -57.14276969453096 494.5181274370462
-66.25 -59.71846278950485 494.8762633592025
-66.25 19.01044548435322 497.5673196867581
-66.25 -31.21690448849975 509.8833489830171
-66.25 -31.86951986419646 511.4181084927341
-66.25 68.90998223217956 484.5864381947898
-66.25 67.81118109045427 486.724554555954
-66.25 69.07866890838945 488.7237602385821
-66.25 66.75415453351586 488.7960986122616
-66.25 67.97762772692312 490.7270387011014
-66.25 65.52149797801607 486.8616716507912
-66.25 -51.13533529214122 497.8247035115095
-66.25 -49.68371180818131 499.699727564871
-66.25 -47.36384732350119 499.3877213085861
-66.25 29.27116386577372 363.3703641665725
-66.25 -52.44269194022966 448.5966534686985
-66.25 57.94958819572671 509.0345402014798
-66.25 26.2728163674993 511.1926213825489
-66.25 -96.75920191804337 512.9801658624324
-66.25 -86.62185211682092 550.119061710991
-66.25 -23.87760674771721 481.9746973864021
-66.25 -77.7524415008387 547.1498312300802
-66.25 -77.1592074666175 545.5465422429819
-66.25 -121.6659176931047 511.6573747321237
-66.25 -120.571456328662 508.5181861679208
-66.25 -56.89751384006862 454.7417196141606
-66.25 -99.31882347921372 325.4264066471434
-66.25 -3.42126817108774 384.097225044751
-66.25 -86.04549600467783 475.45408694436
-66.25 -39.2894194008447 517.9822402786192
-66.25 -38.6799819538481 516.461213367941
-66.25 -57.91282108860126 463.7526402536603
-66.25 76.43191869869801 448.1354244078702
-66.25 30.853680345783 271.7283397863932
-66.25 35.99470513827378 271.2864195276002
-66.25 -109.5971445391609 509.9503073773482
-66.25 -2.512766790975971 509.4774173964998
-66.25 56.56630400554736 407.9541962145753
-66.25 -33.71706833732119 505.3072933168434
-66.25 90.11959431638635 493.2137936884172
-66.25 -73.20544863769703 473.8104503352978
-66.25 92.73546427413876 448.8823678850768
-66.25 28.80992427135609 509.6410293985517
-66.25 5.563210499602303 451.4455038599247
-66.25 3.853358576294608 449.0358799058245
-66.25 5.08831705210121 446.3232918985635
-66.25 44.56078781321492 457.7586839685895
-66.25 -116.0817683302303 314.603234667862
-66.25 59.52849642178796 503.5057911587753
-66.25 -115.9679836633189 340.3247255230279
-66.25 -109.3007190965814 553.5051575591634
-66.25 -109.8932961010836 555.2624720774426
-66.25 -108.1303444397631 554.8783824397377
-66.25 -108.6905592932807 556.5449986028182
-66.25 -107.0171293969132 556.1800406792216
-66.25 115.4989205092583 306.9799761162538
-66.25 113.3051409328916 311.6154157187905
-66.25 108.2004756001101 312.0287323100004
-66.25 111.1096044627584 316.2286843771035
-66.25 116.2014619323265 315.8229080358106
-66.25 114.0072809716803 320.439679789322
-66.25 26.28335658058169 377.7436889609417
-66.25 58.55932876276414 444.3812559545293
-66.25 -120.6652855084241 497.4398568069076
-66.25 -121.864875695817 500.776207149202
-66.25 -119.4675965176125 494.0883820908237
-66.25 -47.829838747331 372.8504573467875
-66.25 -85.28818303113466 531.5900844635335
-66.25 -83.06422410935629 531.2106548580704
-66.25 -37.43817253163029 496.8495895217789
-66.25 -120.2176537754478 475.2560223637119
-66.25 -83.32753127085684 549.5452028550725
-66.25 -122.7486000679622 514.7862107290467
-66.25 -10.97576997554182 512.9567077933784
-66.25 -11.83380099024181 511.7790231079051
-66.25 30.64591564832824 430.6650620560158
-66.25 40.38859403629172 301.4671730581427
-66.25 25.65170831404573 486.5234665877876
-66.25 39.36827054851177 487.5363724583019
-66.25 41.41862846814501 487.4374953042971
-66.25 42.375512121578 485.6255181487434
-66.25 54.44253676300472 470.8001819673496
-66.25 53.04622375328297 468.7402661697259
-66.25 -11.24602578422004 510.4312706365389
-66.25 69.02473341435349 510.6568774289531
-66.25 89.38478407143143 481.6483671766066
-66.25 -120.9218276074875 485.4151307274683
-66.25 -23.01689663247991 329.167497378081
-66.25 -27.66508466680935 329.565638193224
-66.25 -29.63298854855769 333.8088332028624
-66.25 -18.3748789309638 328.7734734807322
-66.25 -118.1156421815338 345.0399657530136
-66.25 116.7657217611947 340.5721338192357
-66.25 113.9669195390145 336.4231332118268
-66.25 89.37115839248821 443.9268930223596
-66.25 92.35739572355232 443.7077308227578
-66.25 -52.04441814558687 482.2991014896667
-66.25 61.10135057560279 391.7695352781381
-66.25 -24.50142617221799 511.98487165657
-66.25 -23.62199972216839 513.2261403628474
-66.25 36.71672840891419 280.1601622312431
-66.25 51.66723026459445 357.2281788925226
-66.25 54.16035642587026 360.8352496228719
-66.25 49.17232202268558 353.6044059349602
-66.25 -110.3683895077968 556.9132273203708
-66.25 -41.54870734388346 519.7655339681504
-66.25 -121.8699808031923 546.3321781880383
-66.25 -123.6009697439002 544.4186404398815
-66.25 -105.3948504574799 451.091448194035
-66.25 -103.6973389864841 447.2346141640877
-66.25 -41.29219803067495 500.9882752033436
-66.25 -89.23495315099832 266.995266672702
-66.25 116.9856514451477 293.4364827156891
-66.25 72.13319797851616 498.979572028635
-66.25 70.91404741415019 497.214402465191
-66.25 71.79793053898187 495.2599984573305
-66.25 69.65810794957441 495.4693303680305
-66.25 58.95818325761643 388.6112123737847
-66.25 -106.4570887872564 554.5742224084247
-66.25 -105.3580220216082 555.8580980253768
-66.25 -104.8010705755834 554.268949532288
-66.25 -103.7112609459852 555.5430689623208
-66.25 -103.15923135025 553.9677536525271
-66.25 -102.0795885804036 555.2304673767703
-66.25 -101.5345210238496 553.6715111077035
-66.25 -72.46571641598084 302.6738130280759
-66.25 -69.5288324980186 306.822685562685
-66.25 70.24060002119519 490.6665965535976
-66.25 108.9246676071928 320.8346608879335
-66.25 111.8067145499353 325.0218130668999
-66.25 41.1980215495891 480.1285026202673
-66.25 40.02946494239728 478.291839192415
-66.25 12.89033161056549 496.2871489639099
-66.25 11.80478018297197 494.7693443689205
-66.25 38.10181497556231 511.7773141549627
-66.25 -70.46200939325291 354.6418844615408
-66.25 -75.23175391809374 355.0853754061088
-66.25 -65.70558678347925 354.207671056168
-66.25 -77.22626124103307 359.4628830175786
-66.25 -80.04123745943954 355.5371772549319
-66.25 43.19456759376396 510.3807488860722
-66.25 43.89607479908366 509.1021282882339
-66.25 43.14139327528919 507.8393156109711
-66.25 44.62759493655594 507.808045015579
-66.25 43.85700855930123 506.5173711581515
-66.25 45.37626099102124 506.4856869013322
-66.25 46.15227724074106 507.798147517628
-66.25 46.89915754815771 506.4708937485582
-66.25 47.67455749749271 507.7810029180396
-66.25 -59.24165113085466 419.0471169747588
-66.25 -57.60798052084453 415.3553492103329
-66.25 -53.56968841875728 414.9514542152085
-66.25 -55.940705609517 411.6352634302363
-66.25 -51.86692510122972 411.2282959837191
-66.25 -54.25820349967494 407.8843227126187
-66.25 -50.15093987706101 407.4742040131142
-66.25 39.26816440271714 405.5377328665446
-66.25 40.81423409913345 402.3030415632297
-66.25 38.78144795548128 399.3243269172833
-66.25 -66.88638443171398 498.8579597272062
-66.25 81.28611963752699 512.4873471491602
-66.25 82.3031712723725 514.0958496325193
-66.25 80.43346633921942 514.1522681500069
-66.25 81.41632750287451 515.7150630820214
-66.25 79.59594693816395 515.7694587836611
-66.25 -103.9798239551208 539.7780764390031
-66.25 -106.2768047568103 540.2470324442537
-66.25 -38.70711814683997 495.0699292659705
-66.25 -113.8793998427467 505.1594198416175
-66.25 -38.69401576483529 512.3450691266986
-66.25 -37.68362764638472 517.7430342510278
-66.25 -37.08449741144562 516.2491911121443
-66.25 44.65214573715095 510.3486909586977
-66.25 19.00557353963992 457.7239054385667
-66.25 21.78883353887235 457.5131852016953
-66.25 81.88939868095783 519.741005007962
-66.25 -60.40278717510583 529.4362959761337
-66.25 -61.57767093419496 528.0241369811251
-66.25 -59.25219582097705 530.8392192775999
-66.25 -112.4419696234991 526.3161110582786
-66.25 -62.79380254516827 533.0203570382663
-66.25 -25.5319753670478 460.0514305516991
-66.25 36.1429298340033 354.793800907767
-66.25 83.21264810748987 495.6315173700114
-66.25 -56.81506777263643 528.8491355541373
-66.25 -96.36126325420719 536.3003421046069
-66.25 -70.81930363547531 537.7039790678668
-66.25 -72.04158475947258 536.191943400837
-66.25 -42.58102578312291 499.2727778213929
-66.25 -22.99299055625191 511.8483268964375
-66.25 -22.1205460855251 513.0791080215336
-66.25 -21.4963207265389 511.7120146408893
-66.25 -20.63015992990084 512.9335700685984
-66.25 -20.00899443769237 511.575264702967
-66.25 -19.14692593735802 512.7906815478184
-66.25 -18.5276067326174 511.4379804658594
-66.25 -17.66788816556001 512.6497178469914
-66.25 -17.04957267010976 511.300177026612
-66.25 -16.1913836114893 512.5097875898612
-66.25 -15.57364669435175 511.1622810448247
-66.25 67.53642750421324 465.9539536347545
-66.25 93.52708165438949 395.4183546334406
-66.25 2.176689757770807 511.5915423069804
-66.25 1.558875133588448 512.9201307816107
-66.25 66.35158319155862 468.3721406814918
-66.25 76.31296588263513 510.9106687855145
-66.25 77.3363207113749 512.4876776809685
-66.25 75.4910272271011 512.5645852475723
-66.25 76.47889701045543 514.0910704980981
-66.25 -123.9504487029111 538.7760968646909
-66.25 40.47792945447268 489.2387452918171
-66.25 84.5571198746151 497.9231849643015
-66.25 5.979478445533588 484.5965559484343
-66.25 4.117834520945815 501.6757456809545
-66.25 23.56169901791831 481.104100251748
-66.25 10.75740472417696 474.3528753127024
-66.25 8.408524730788209 474.5534577530294
-66.25 13.10586150855538 474.1519943927541
-66.25 63.24062506133569 394.9000677192365
-66.25 64.88283022543146 391.4816422103894
-66.25 -78.03017789965207 351.1204831349962
-66.25 -82.88517639255342 351.5760461793232
-66.25 -48.30239428527324 479.4945615757728
-66.25 -118.2537925585318 319.3465108948186
-66.25 -115.2201574121996 323.5987723330946
-66.25 -65.87652258144678 496.3813379244836
-66.25 42.65855238243838 493.1465990357529
-66.25 4.391456148086661 465.8326576894937
-66.25 51.23706947645645 454.8257189047293
-66.25 -124.5499999999053 259.0899346400857
-66.25 -110.9992866956763 470.965546959796
-66.25 -48.25882249505128 501.513763453927
-66.25 82.03629288400177 470.6679811486688
-66.25 -73.35141146406413 502.3146552591256
-66.25 -21.82008493821949 474.2691223315086
-66.25 4.33478965791635 413.3113387027973
-66.25 6.399530831358339 416.2339203401536
-66.25 9.93877862046174 415.9146763908582
-66.25 8.442828839076446 419.1083433398728
-66.25 4.948910903217206 419.4285566114523
-66.25 6.971438063925248 422.2752355675062
-66.25 11.92820262470005 418.7937385209548
-66.25 13.77479361542554 511.9668962570443
-66.25 15.22973920871683 511.8594140966943
-66.25 -6.967442785857757 494.759835468153
-66.25 -93.6793904117367 478.9185659998955
-66.25 -30.86002304333757 512.7304326953309
-66.25 -32.4846448596352 512.9357258965766
-66.25 -31.49714549692486 514.2194622035192
-66.25 -33.0860208059191 514.4200068209046
-66.25 81.84418199874978 396.2329129758264
-66.25 -100.6548946471449 431.458046956854
-66.25 -98.08394239214232 435.0278753009973
-66.25 -96.30303070598885 431.0345813682675
-66.25 -99.86224753765782 439.0085864326205
-66.25 -97.7864921159654 515.7117460761923
-66.25 124.5499999999996 259.0899346400435
-66.25 -123.3509698948565 525.9020546875823
-66.25 30.67514364753622 466.4045741941491
-66.25 28.17857105093973 466.5430781538677
-66.25 29.30517372695163 464.2804448622338
-66.25 26.75451974691843 464.4222256371827
-66.25 27.90534461740526 462.1115264546466
-66.25 25.30130781884911 462.2565362371604
-66.25 -66.40731688830061 528.5200846740521
-66.25 88.5315623573366 507.0590576740382
-66.25 2.359717272845238 350.5888183091096
-66.25 0.5394568441371814 354.5433933254617
-66.25 46.92807649097045 509.0911682740282
-66.25 48.41899129031673 509.072892720946
-66.25 49.16176225040218 507.7844513487452
-66.25 49.90554090951518 509.0715507534043
-66.25 57.64862366519542 425.4505179129142
-66.25 -59.0401911578784 520.9960034595281
-66.25 14.43741637490852 476.1034925842463
-66.25 74.71012895362406 436.6610829839487
-66.25 76.04322546160365 433.9178895488985
-66.25 61.59588121030703 398.2889920273381
-66.25 16.54028572109877 364.3497453693424
-66.25 -10.8848037625245 482.4635941220536
-66.25 -9.559939671369563 484.2899512248055
-66.25 -0.4235755365505263 475.1708742247049
-66.25 6.905244279553004 439.9886265984074
-66.25 -32.12051810286071 515.675049032437
-66.25 -33.67387660178566 515.8711449215601
-66.25 -34.64182721247844 514.6343891036568
-66.25 -45.93527500850986 368.7425528720044
-66.25 13.32160434543938 439.3467704391861
-66.25 30.05215299452466 323.6160923478434
-66.25 28.03394359938939 327.9078061843877
-66.25 25.33956784048014 324.0203608618937
-66.25 -121.2315030133689 460.364224915683
-66.25 -76.02278436835036 541.9777318886424
-66.25 17.47849664394803 494.2536780626075
-66.25 -14.71625474331579 512.3706826369861
-66.25 13.41172682168069 415.6417530662893
-66.25 41.76889396695813 418.1522976989203
-66.25 21.64818836010452 508.8714695696319
-66.25 20.98877842522754 510.2145349793423
-66.25 20.15649210880099 508.9724949922046
-66.25 19.4978477198803 510.3137260722148
-66.25 21.81930320074962 511.4431635280355
-66.25 91.29314951437526 432.8841861016709
-66.25 92.97078584418369 435.4270746441372
-66.25 94.32679261403682 432.7076243016093
-66.25 95.9924309646651 435.2359657957468
-66.25 97.33971252102273 432.5355731635691
-66.25 94.64600583404278 437.930827866945
-66.25 111.289894252341 377.6536165516101
-66.25 115.7852115692028 377.4404886806271
-66.25 113.7197232936136 381.3894110689603
-66.25 118.1177714725714 381.1751759206005
-66.25 116.1015079914469 385.0341986649249
-66.25 111.8303175383141 385.2247086908867
-66.25 114.126820424493 388.7369659655381
-66.25 118.2210449845121 388.5424833147715
-66.25 116.3373931938027 392.0808745177779
-66.25 120.213449386891 391.8737074873339
-66.25 118.4521233598091 395.2833535029636
-66.25 114.8540813068077 395.3598287605343
-66.25 116.7161631651618 398.2885052960509
-66.25 120.1003920932343 398.2394692240353
-66.25 118.4485838130266 401.0457221684231
-66.25 115.1934280891044 401.1681412281275
-66.25 116.925354119469 403.8815775620739
-66.25 113.7470301795609 404.000787916817
-66.25 115.4379186828922 406.6533622061355
-66.25 112.324311640103 406.7729197274063
-66.25 112.0084059749329 401.3274155074964
-66.25 113.9834487950685 409.3781905497487
-66.25 110.9206334596473 409.497772990375
-66.25 109.2483662323355 406.9123516085681
-66.25 107.8253965428617 409.6662648885437
-66.25 109.5183859620612 412.2525186454072
-66.25 106.4451251585242 412.417056710356
-66.25 108.1232925483223 414.978431734974
-66.25 105.0765213177895 415.1441818561823
-66.25 106.7428491002346 417.688828751
-66.25 103.7099273109386 417.8569871667843
-66.25 105.3717260282652 420.3942352778782
-66.25 102.3465008038645 420.562809221666
-66.25 104.0048923520087 423.0946686380544
-66.25 100.9835850020314 423.2645924715449
-66.25 102.6413521926643 425.795362185679
-66.25 99.61871543913821 425.9669836234617
-66.25 110.0557146502483 388.8919568398226
-66.25 -76.6983403175628 530.186982732246
-66.25 -64.48074383702527 306.3560907713733
-66.25 -66.60237520611217 310.9430936634374
-66.25 -61.58585349682305 310.4792291691296
-66.25 -63.69425338577329 315.0355088059179
-66.25 61.80153158036873 465.8919036540857
-66.25 -7.213636437511484 513.8144306462762
-66.25 43.59218260922022 448.0897474251548
-66.25 42.38791228157746 450.6829460540335
-66.25 40.74240079880743 448.3425492713363
-66.25 52.44319610551901 452.3263188005006
-66.25 -40.57733040467055 286.5791185733858
-66.25 -100.468041606741 554.9191567367865
-66.25 101.2784955891298 428.4959162492796
-66.25 13.29851962997843 326.1056463845083
-66.25 42.35281409215362 481.9579363313561
-66.25 116.8723214503434 324.6350904604513
-66.25 82.69419747188833 371.9609032871328
-66.25 84.62645148638104 368.0763869681167
-66.25 87.04219350934943 371.7008700105872
-66.25 88.99013369102126 367.7852593670452
-66.25 -31.40745318637516 460.6146866120887
-66.25 84.22257837817101 330.6788782729099
-66.25 82.16022591562016 335.0811387464091
-66.25 79.39059232492275 331.0994211175184
-66.25 77.33539590189231 335.4831106271729
-66.25 74.576063217355 331.5158466017311
-66.25 80.09409165221372 339.4384993094017
-66.25 -1.151195600655156 387.3842371617425
-66.25 -42.30099110781919 512.8345503578977
-66.25 80.56066343811564 318.1576603860984
-66.25 -47.76931390765797 410.8320708363991
-66.25 -46.06883930191014 407.1024409639327
-66.25 -43.70992543094669 410.4304252396767
-66.25 -42.02582423104203 406.7367098681027
-66.25 -39.68984791698532 410.0325473481649
-66.25 -38.02170163271021 406.3744740060213
-66.25 -44.36473929178042 403.4107586294713
-66.25 -35.70677808647965 409.6395089837373
-66.25 -34.052923417555 406.0137563007695
-66.25 -31.75674988011527 409.2512071817097
-66.25 -30.11507083506236 405.6538304279645
-66.25 -27.83554278225293 408.8673854781963
-66.25 -26.20501241805334 405.2955058530042
-66.25 -28.47138492185612 402.0772721553167
-66.25 -24.53628015496504 401.7131975964533
-66.25 -26.82093979691792 398.4677768066724
-66.25 -23.9414829414467 408.4868872546049
-66.25 46.11038593848706 459.9756795228056
-66.25 48.78164545400654 459.7575217415232
-66.25 47.63293827586623 462.1553969177797
-66.25 34.52847534175215 284.7909867016218
-66.25 -103.6850076576942 524.2004289419713
-66.25 45.9993313534422 309.6227373928007
-66.25 93.46891091970335 290.8987797425463
-66.25 -83.21028940135358 275.5820157730849
-66.25 -80.99869012409064 270.8303237629167
-66.25 -77.98987653848417 275.1212508829945
-66.25 -75.78049675025905 270.3716667666412
-66.25 -72.77440155549684 274.6586863518185
-66.25 -70.5672525811643 269.9135546481904
-66.25 -67.56388657063563 274.1964214301565
-66.25 -69.76986541450987 278.9281060288366
-66.25 112.9546251653769 357.8600521126879
-66.25 117.8238534244686 357.5478213591878
-66.25 78.47615174385656 322.6326742989688
-66.25 75.65220743276758 318.5942479266244
-66.25 73.57388727030266 323.0541125514304
-66.25 70.75807618545539 319.0277435813713
-66.25 68.68497839640348 323.4753417627232
-66.25 65.87652694343886 319.4593255260141
-66.25 67.94278995073147 315.0074980216885
-66.25 63.04420029658708 315.4393051569955
-66.25 65.11848935798817 310.969188970429
-66.25 60.19907635934246 311.4027397470391
-66.25 62.28222469376506 306.9132350013134
-66.25 67.22741616070111 306.4747951406844
-66.25 57.34087735839613 307.3484768735789
-66.25 55.26015228312047 311.8499858751117
-66.25 -57.7448956186349 343.46488160428
-66.25 10.64539436127672 400.0290107586631
-66.25 32.52479363429367 490.0751134277265
-66.25 37.83591401068607 478.3965289763227
-66.25 29.88149222462309 504.1959224296123
-66.25 28.98915956316171 502.8229393462915
-66.25 52.2669981594054 364.7776294956015
-66.25 -1.372556387773403 513.2040440759509
-66.25 -47.20304150241071 269.1868111978316
-66.25 102.2200925172756 272.1640943182946
-66.25 104.4335877036061 267.4301806384312
-66.25 -115.0875628724647 349.256490887731
-66.25 -116.9466680751304 305.6621278672412
-66.25 74.33007337865115 279.1361676915222
-66.25 71.34562524708318 274.8927489184715
-66.25 73.52602867760045 270.1755419890198
-66.25 68.33890602304386 270.640452723238
-66.25 61.83416416723043 373.691589557155
-66.25 57.71643132230668 374.0384711306371
-66.25 -113.8185255548327 335.6146229521127
-66.25 -73.81807134238939 391.4241853732661
-66.25 86.85082363115239 273.5243035082963
-66.25 83.87201904515763 269.2570390490095
-66.25 89.07008898120958 268.8018005188342
-66.25 97.55405814055389 312.3920963955252
-66.25 66.15801118752599 275.3716683338098
-66.25 63.1528779136081 271.1181671171639
-66.25 60.97401242219932 275.8458795263984
-66.25 57.97233053065725 271.5965472748276
-66.25 -78.82861251611644 530.5730711235047
-66.25 13.38867724155284 277.761197097737
-66.25 10.42562136211506 273.5675331093726
-66.25 8.279227372981548 278.2276928835701
-66.25 5.320509138709064 274.0405782527716
-66.25 7.462136810216247 269.3693081051505
-66.25 2.33087474278047 269.843357782081
-66.25 -63.64085903135958 470.1317283449128
-66.25 -104.2676682641038 557.0961407867615
-66.25 -12.72381396721918 510.5888299504606
-66.25 100.9995418754969 325.0285875140783
-66.25 -49.71619230614049 376.9531064763588
-66.25 -54.19423135819841 377.3888964312562
-66.25 -99.92996352520497 553.3795784018611
-66.25 -98.87711129616218 554.6113646644535
-66.25 58.2761632862408 452.095658060139
-66.25 -106.0564602606935 361.4057542141667
-66.25 -108.1293971377739 366.0067697018877
-66.25 -111.0997981750069 361.9010110258918
-66.25 -113.189220174791 366.5400293151271
-66.25 -110.1964080898023 370.6656221557437
-66.25 -115.2680168803748 371.196370567439
-66.25 -116.1870122640902 362.3997696663893
-66.25 -66.06045876310753 288.7748186031237
-66.25 -71.16252408942107 289.23388747339
-66.25 8.685844281849651 326.4929486124548
-66.25 -111.8825966683651 396.0697112928294
-66.25 -116.8518654617772 396.6284682347989
-66.25 -113.8838511391663 400.6479979307566
-66.25 -118.8433544510269 401.2045339023491
-66.25 -30.45776274036428 503.6672614443919
-66.25 -29.7115684445674 501.96515405526
-66.25 -27.84128866804635 501.7799163482556
-66.25 65.73617825618705 490.7941796764933
-66.25 23.00736715252174 403.820526460923
-66.25 -51.14348544698411 361.204756037214
-66.25 -53.79896611181303 357.4242100327525
-66.25 -115.8824871342374 405.2136702088343
-66.25 -123.2213813838914 482.3610977428314
-66.25 50.25920547752429 461.9394328885109
-66.25 49.13097145708317 464.2959176062033
-66.25 38.38390213029348 418.4520664127951
-66.25 16.64248155831797 409.1261083480014
-66.25 59.80003710497718 441.7346964824924
-66.25 -58.7134763693536 314.5743765731863
-66.25 -60.80672417224583 319.0945350383982
-66.25 95.68419632192368 430.011360086328
-66.25 -1.97880602466693 350.988042880681
-66.25 -74.79253594688822 543.438883616728
-66.25 -21.03850567129055 324.934084797527
-66.25 77.08161351622789 348.853707182474
-66.25 81.74290405920361 348.5183977854326
-66.25 3.509593436039235 422.5930010067051
-66.25 1.484376099711509 419.7622980082795
-66.25 -26.16758225718161 345.4606059276667
-66.25 -23.54659985000897 349.183500373115
-66.25 -19.03318877810988 348.7812016626224
-66.25 -20.94405413530217 352.8623507573607
-66.25 -16.481055782903 352.4640797814998
-66.25 -28.80625798773882 341.7286573346591
-66.25 38.3655370077052 493.1681120771101
-66.25 -87.27461524514553 478.600012433621
-66.25 -82.41487731575143 460.851447818885
-66.25 10.11555110455242 295.5588245850995
-66.25 5.165653297681605 296.0005363383306
-66.25 2.295393652783328 291.9529973065304
-66.25 0.228807027549411 296.4599634830907
-66.25 -2.638686124351008 292.4178463514954
-66.25 -64.60465671869615 449.4661311105236
-66.25 -68.18584038219704 449.8942120613098
-66.25 24.49128765517353 484.7954152804843
-66.25 -25.12125322851144 465.0938504288909
-66.25 -42.35063087715899 447.5761537624489
-66.25 -40.96898052322587 444.463761242617
-66.25 18.98854518149054 487.2570430439926
-66.25 15.38644460179866 418.4962934546082
-66.25 17.04399852426954 450.4801693445505
-66.25 -4.703679227044691 296.9209240528531
-66.25 -8.645748996534934 482.2330692736776
-66.25 17.70211858818778 268.4159822571311
-66.25 22.85338004651484 267.9567617125542
-66.25 -33.10799722926347 470.7664480883734
-66.25 -37.55986762108516 444.125791753287
-66.25 -39.559427581462 441.3190633004423
-66.25 -36.11014065315251 440.9773580987327
-66.25 -38.13288738772425 438.1390562916576
-66.25 -34.645737304213 437.7938179199637
-66.25 -36.6903764970603 434.9254776827077
-66.25 -33.16711044574307 434.5768979467431
-66.25 -31.12716405209719 437.4628184406041
-66.25 -29.65882062845959 434.260962712334
-66.25 -27.63341693787983 437.1274080569627
-66.25 -26.17655256659597 433.9492128043919
-66.25 -24.16699668406547 436.7933866448579
-66.25 -22.72205434921263 433.6404456813943
-66.25 -20.72777357633639 436.4619600562175
-66.25 -19.29301269618565 433.332305392765
-66.25 -17.31013073642576 436.1350427414224
-66.25 -43.01938200512275 441.6564544918522
-66.25 -22.16345834042347 439.573989698659
-66.25 -40.22568975539978 435.2690929571727
-66.25 -38.75929726261179 431.9977051360554
-66.25 -28.18880549451939 431.0766709027233
-66.25 48.13311906421211 305.1570694064688
-66.25 -122.3031337563965 561.9244164299877
-66.25 -124.0890085469872 562.4066230762785
-66.25 -120.5410027113477 561.4197266525166
-66.25 -125.4617004826993 561.1524526067433
-66.25 -20.62636251648049 479.4812115030585
-66.25 -40.91170566788195 495.2883766753486
-66.25 -40.00235696403755 493.231937091994
-66.25 -58.17063689754828 508.0813906008742
-66.25 -110.0898675314011 268.8575720451926
-66.25 -115.3340032862469 269.3324193822074
-66.25 -104.8485073407362 268.3841666872818
-66.25 -117.5401000027515 274.1165979909198
-66.25 23.57403467740264 486.6650171865545
-66.25 -16.45143134083425 474.6511522805503
-66.25 108.3793974296572 420.2183970735269
-66.25 -15.33488280084677 513.7014877066423
-66.25 -3.801565620312747 354.9486285832641
-66.25 -6.323093613677852 351.3884265752847
-66.25 -8.148829330215117 355.3545539370351
-66.25 61.04890142846159 451.8914862775112
-66.25 -30.07209976148685 506.7702565515737
-66.25 66.91356077096204 492.6520852794901
-66.25 -116.7587146159863 532.3932093043088
-66.25 -30.80173387357291 398.8296364540191
-66.25 33.07612732580957 438.5820530971878
-66.25 34.8511763823661 441.0901003320777
-66.25 31.28475914828513 436.0648501970992
-66.25 -76.41972821631755 474.2326865567696
-66.25 55.45117994791969 502.0771209835812
-66.25 57.12496063369623 502.0605307168986
-66.25 56.27345257688886 500.5940546670185
-66.25 57.99032687164902 500.5776048200007
-66.25 -11.97111301532819 515.3387759549652
-66.25 -84.89290601032528 545.4047942243941
-66.25 -95.73462589541978 510.234031849889
-66.25 -97.58391447266726 507.9504151173647
-66.25 -82.22722454244999 489.0438517876439
-66.25 -95.57230718367823 438.5374665536468
-66.25 -101.0320824376106 381.9889747134985
-66.25 -66.77543675601314 507.5037361747399
-66.25 -68.30879101768349 505.5994291182754
-66.25 4.484454777479975 265.1461639697617
-66.25 99.2170136829896 267.8754545688263
-66.25 -125.8902771357111 562.9998227451841
-66.25 13.94019282201376 445.594536162893
-66.25 0.02767961948648345 283.1809160049829
-66.25 88.71696841739956 382.4328475462107
-66.25 86.55254524864996 364.0974521214828
-66.25 91.00818893918625 363.8018440152592
-66.25 -30.57715150571741 515.4747375513181
-66.25 3.001936127964761 512.7832359191639
-66.25 -77.59207893529481 493.0831740701922
-66.25 -29.91676662923572 489.9478546311204
-66.25 -94.85201296494746 520.2490191114078
-66.25 -76.60844814825344 524.4114023224716
-66.25 -78.80863406733411 524.7818359596074
-66.25 -78.03608066312101 522.6512020802647
-66.25 -80.30532193046714 523.0337688304338
-66.25 -79.50928083184112 520.8341597112387
-66.25 28.49032561867699 470.819740549371
-66.25 54.94724166472002 494.4193707924975
-66.25 -51.05955342280813 445.3788121927329
-66.25 -69.58658779246942 453.2429839486966
-66.25 -71.80617545850967 450.3472164160759
-66.25 -70.39329188868734 446.945687176178
-66.25 -73.22080272715769 453.7300531363229
-66.25 -75.46229080640633 450.8055113183373
-66.25 -60.86408630066862 422.7301472704182
-66.25 -118.6345456958374 471.6589828626812
-66.25 33.68269384699112 369.9165078341218
-66.25 -84.91104697043023 356.0320275391113
-66.25 70.00724897167699 482.414587072406
-66.25 -29.09289895832522 440.288679938549
-66.25 -5.711945754332057 380.8004790705234
-66.25 -9.734566144848703 381.1430603495895
-66.25 -36.51320302023973 494.8478350889937
-66.25 12.26100546223744 396.6436899820872
-66.25 30.40465887355906 512.1046926696074
-66.25 31.84997520384755 512.0438453938148
-66.25 28.9599502223019 512.1659178663762
-66.25 -84.8015463142174 472.2961536157235
-66.25 6.212983896464278 456.2823599084143
-66.25 39.75118512799884 424.2429834745496
-66.25 41.02984676848605 511.6840645470663
-66.25 33.88505579682661 502.6017858015335
-66.25 33.01006473942143 501.2047174310492
-66.25 86.11409789957098 476.4578053248971
-66.25 89.21932430228561 476.3133021984635
-66.25 86.37541578430566 444.1400582311314
-66.25 77.48811350709337 520.872797972944
-66.25 -43.44053139818658 511.3976811042114
-66.25 -77.18017096686674 520.4515246093168
-66.25 -78.67952620736824 518.6049039358807
-66.25 58.37538367088244 381.0986950593958
-66.25 44.58879457080691 505.1665979816568
-66.25 -12.70352685266708 486.5889238170761
-66.25 -14.90563829643893 486.8532653233071
-66.25 -70.50850274300015 437.3202470250102
-66.25 -111.6940290995593 531.6149730702505
-66.25 -109.0764742433562 531.1393668785757
-66.25 -64.2583824733656 498.4853475932127
-66.25 -16.43252253208167 509.9370766348911
-66.25 121.6190088536361 401.0226206310178
-66.25 123.1343963870645 398.3898651158266
-66.25 -80.85457630535089 347.1184553168705
-66.25 42.40473294781015 399.0346438138085
-66.25 40.33936514152867 396.0059516064193
-66.25 36.65782694798334 396.3024306409428
-66.25 -32.33374288239978 329.9783470505395
-66.25 36.65890695828413 511.8246047854911
-66.25 35.88388230919961 510.6085109628647
-66.25 35.21821964272394 511.8877532726336
-66.25 -78.26341689666796 544.2074986725318
-66.25 -34.30929372526596 334.238596512126
-66.25 -107.5478783984128 557.7654555120852
-66.25 -77.43221767158889 532.2077723652332
-66.25 5.51405337368616 425.4141300704277
-66.25 8.936489948912049 425.0953848087019
-66.25 -51.89171451497825 516.5632637474832
-66.25 -123.0157886283171 494.7101353170553
-66.25 25.223973037314 498.7124150463462
-66.25 26.17557524154754 500.1738840451325
-66.25 42.9920874963867 455.5325328277046
-66.25 -61.3437279021383 492.8350065773769
-66.25 34.48104261717516 336.2548067887629
-66.25 39.06828259842115 335.8996022510131
-66.25 -52.61531256522842 495.9391991268012
-66.25 58.57342518145534 480.084999244299
-66.25 59.84416025320046 482.0466318259745
-66.25 62.1586930547164 481.95325958603
-66.25 61.08155213585263 483.9861147878142
-66.25 119.5615122887216 344.7197586184363
-66.25 38.23942866180571 392.9359715946369
-66.25 34.50613529463726 393.2367838261711
-66.25 36.10991884449467 389.8240595905179
-66.25 73.1369843740582 443.241334495502
-66.25 -36.10402244808205 517.5094937015762
-66.25 28.24597091206516 504.2824195061335
-66.25 27.35354138455757 502.9090199862625
-66.25 9.406847937163811 472.3907865727604
-66.25 7.008741159752253 472.5955390501418
-66.25 6.00631734935402 474.7915425006942
-66.25 4.603113072116159 472.824219679542
-66.25 5.605749955853963 470.6040962906254
-66.25 -4.298607691115146 513.5093127922086
-66.25 77.5245843589508 472.5308016648478
-66.25 -27.24698704649038 457.6263524013797
-66.25 -10.96364502553049 467.3617873099596
-66.25 36.95262513942056 472.3958871010291
-66.25 56.60687205736082 364.4360474521633
-66.25 85.16958715822769 512.3590742536149
-66.25 86.12089090673733 510.6398123205566
-66.25 -63.45369560858975 534.7508723849259
-66.25 -65.27200499006284 535.0723477549468
-66.25 13.32023600336618 506.7358493075452
-66.25 -27.28451836610693 514.9412473281404
-66.25 100.6685918932578 418.0209170491146
-66.25 -36.35066015283051 402.7465238085075
-66.25 -125.757224658297 551.709412027145
-66.25 90.67468531316524 441.2339925947895
-66.25 75.12403595589126 450.784923160257
-66.25 -94.46955310664178 267.4656592632634
-66.25 34.67416805072881 501.135020895879
-66.25 -97.53716270449165 494.3448580680806
-66.25 -96.18976238249594 491.3327119920496
-66.25 -98.87249900076239 497.3485399215372
-66.25 -76.89096591513182 454.2217609992823
-66.25 29.73240185536289 501.3487378884068
-66.25 -85.75250835349568 347.578566018995
-66.25 -83.70430984122683 343.0822937969618
-66.25 -72.92286457586955 543.1281133838613
-66.25 -38.46113307133788 477.23562899176
-66.25 -39.5688925009206 479.7251905785739
-66.25 37.31959750244136 487.633797669453
-66.25 45.58190347412102 494.686295667041
-66.25 -89.42953052133382 484.5887515258773
-66.25 -90.59814086532947 487.6257739529748
-66.25 -118.8305942493245 550.055213365585
-66.25 28.78121295461696 428.0493993439303
-66.25 -68.15152474461213 440.4352336853561
-66.25 -72.01027448898722 440.9057797322852
-66.25 43.46630944565236 487.3602033174891
-66.25 44.42424539356539 485.5475402800055
-66.25 -69.59894999622226 539.2035721618091
-66.25 -68.91590346099835 537.4013635746361
-66.25 -12.12348761005233 509.2103888818888
-66.25 8.942218354829249 509.7393810592343
-66.25 8.281669132924828 511.0896492307796
-66.25 9.601695428810917 508.3740689105248
-66.25 57.11738403618844 499.0718677617314
-66.25 55.36151463516821 499.093417819256
-66.25 50.64846339032735 507.78378256222
-66.25 51.39354850221663 509.0718100616241
-66.25 -22.74615517928022 514.4302918189107
-66.25 -46.00680665170093 501.2103736004336
-66.25 26.47606401925171 459.8986996724976
-66.25 57.31601442519405 447.0085719932171
-66.25 37.88970291228451 440.820498150008
-66.25 36.60164987764531 443.561132819332
-66.25 -113.3826860615666 484.5391771621258
-66.25 -114.8838143191865 487.9650611151885
-66.25 -76.31568396834123 518.2176006663475
-66.25 -52.56159066752602 404.1037837091577
-66.25 -80.02168577399483 548.9977496441954
-66.25 -71.62430569430015 311.4104035634456
-66.25 97.63997536254956 437.7429090493232
-66.25 96.30475441842361 440.4141300352823
-66.25 -44.03664078156061 481.3990075355734
-66.25 -42.47365291095925 483.543200943029
-66.25 -43.53700986721473 485.9383221727582
-66.25 38.21347949076457 474.3691940697576
-66.25 43.0372500319807 505.1996537763098
-66.25 88.52110563155098 360.0418502960245
-66.25 -127.5429714916463 549.8942761880877
-66.25 15.13659784066175 499.3356092035023
-66.25 13.40551802645426 499.4653296707572
-66.25 74.00874981942788 516.6114294097657
-66.25 27.48291257383108 482.7692350032125
-66.25 -118.5921110019859 530.2538196352514
-66.25 -121.4027810757833 530.7856579924814
-66.25 26.97558585229192 384.6092866833984
-66.25 -118.8858004095321 287.937873370716
-66.25 -121.928640966168 283.6450318168365
-66.25 -94.23473244807251 324.9530398334444
-66.25 -12.42338217040985 513.109989008957
-66.25 24.27052771019103 497.2352669868445
-66.25 64.37347534856548 302.3927993323497
-66.25 -60.02946998327345 412.036417529934
-66.25 99.70497777994161 307.8419425215557
-66.25 96.82761765261166 303.6949104032606
-66.25 -22.85140463146144 398.1002362084153
-66.25 -25.15629231404756 394.8266252016981
-66.25 -124.9453758666568 512.2743122605004
-66.25 -1.697412385584609 380.455249956911
-66.25 77.74094695157508 445.477794929831
-66.25 -122.5887217814806 472.0655878143519
-66.25 -101.2348291477427 450.6204211658083
-66.25 111.1510141456877 414.8080339900411
-66.25 72.98421092902586 434.1268309462829
-66.25 74.33135953143888 431.3525312432997
-66.25 -118.9870167506563 336.1014834504381
-66.25 -115.2240635153885 510.490547941759
-66.25 -67.41258848602497 503.2913192682213
-66.25 4.195816119974796 346.6241551355814
-66.25 60.14736820436275 266.8606199657726
-66.25 54.94564930582082 267.3390824630029
-66.25 52.77125509272911 272.0894684237596
-66.25 49.74736936784529 267.8325094580379
-66.25 47.5756280936851 272.5776549612538
-66.25 44.55592514178606 268.3260579286732
-66.25 3.599646027802576 475.0240314568773
-66.25 -80.40379614014466 396.5040010172403
-66.25 -82.28990291970057 400.7310122626563
-66.25 -86.87332447758475 401.235679197144
-66.25 -84.14618769749768 404.9379161289697
-66.25 68.79837601942256 497.4125747457487
-66.25 32.32619947772088 390.1291347275952
-66.25 -53.52052607416719 498.1733096446446
-66.25 56.86653774233201 441.9735726499453
-66.25 58.12441498121571 439.2890935104157
-66.25 24.3951080233125 503.1904473513252
-66.25 20.57741936098811 459.9988932890947
-66.25 46.72321752551203 263.5727981568803
-66.25 -1.839999097859718 300.9431991606718
-66.25 34.8614531957826 383.9121409919831
-66.25 -79.13131593633558 488.5642891773535
-66.25 -121.008004296481 563.1177812649009
-66.25 -104.2445855163151 552.6769008572517
-66.25 -70.00507729821615 473.3833214930492
-66.25 -68.06349742592964 475.9537410039333
-66.25 87.1770313612996 501.0460902670242
-66.25 89.65230964650942 500.9285008625763
-66.25 58.87979934949519 499.0560275594785
-66.25 -102.7329412204059 317.8547499598738
-66.25 -30.72535424950682 345.8843677631278
-66.25 81.12447425192941 502.1656378364442
-66.25 19.79563538552792 495.9528581030145
-66.25 -18.37049682645757 356.4962961991124
-66.25 -58.41944524829813 357.8327928420488
-66.25 -56.46531306069902 353.601443310685
-66.25 -76.0563728733849 546.8659987661607
-66.25 77.46724795340405 496.639162385735
-66.25 2.616728208770099 451.7248452944757
-66.25 33.03954283214885 267.0326024007519
-66.25 55.82967262989245 472.8561358680639
-66.25 61.18847084630084 503.5079797513348
-66.25 62.00372792188162 504.9674782455933
-66.25 -63.26337427454135 419.4743518388805
-66.25 -64.90145003493195 423.193445701996
-66.25 80.24681204245188 360.6747928852238
-66.25 53.38208041746622 473.0115852522809
-66.25 54.73851588351103 475.022302825887
-66.25 59.40357011257826 473.7797703666624
-66.25 25.60715986168188 512.4867138289139
-66.25 24.17001200149045 512.5654585724839
-66.25 -120.8280567475994 405.7682088090085
-66.25 -117.8759605515214 409.7656064879179
-66.25 19.87800558071972 263.7022857913165
-66.25 -31.17978146850206 516.8774210857183
-66.25 -37.36130678839406 413.2512654621843
-66.25 -45.24830464828059 376.5224057327584
-66.25 -59.75317386755227 445.8146095177839
-66.25 80.55245055946395 517.2921610087004
-66.25 78.78330902674 517.3416977201816
-66.25 72.5272135362967 335.8840984083341
-66.25 69.77505580622899 331.928634601947
-66.25 -122.8575825374491 464.221037156484
-66.25 -15.88221787327872 433.0220284532392
-66.25 -17.85795879488992 430.2053500478584
-66.25 -13.90910200325953 435.8110725369187
-66.25 -15.33188559652883 438.8886663185904
-66.25 -123.8109115426676 401.7575890636696
-66.25 -1.281799713241053 358.4873497449283
-66.25 30.71077985010619 302.3613439850712
-66.25 29.13290777947466 459.7506299982583
-66.25 62.56915631787397 509.086137033317
-66.25 63.37262422185908 507.7583569884129
-66.25 -88.20243140963768 472.7804725513543
-66.25 -86.92819229573468 469.5455147454627
-66.25 -47.5666469702319 417.9832104158415
-66.25 -83.47888860049095 496.1330503913924
-66.25 53.58917147587134 353.2342157138895
-66.25 8.569802605106098 346.2455651244244
-66.25 -55.38482683196224 265.3559870453138
-66.25 29.57923387411022 370.2929749582387
-66.25 55.14715163964181 439.530969075117
-66.25 56.42418396256852 436.8054400341719
-66.25 -125.8652154140649 536.6794858972253
-66.25 -124.9830033725133 533.9322581707939
-66.25 -80.24460912644382 528.9283283564295
-66.25 -110.6234353920879 291.7304600577994
-66.25 -105.4071332259194 291.2455795215968
-66.25 80.29396187445316 430.8932298809202
-66.25 78.54183620601007 428.2930666458771
-66.25 79.92037124127168 425.4559076984706
-66.25 76.75257988551841 425.6702078173964
-66.25 78.14916120321794 422.7941707691824
-66.25 74.93558828695669 423.0107877082078
-66.25 73.52999155413036 425.9215517206175
-66.25 76.35287816140415 420.0912443842964
-66.25 79.61039999262535 419.8747348549113
-66.25 77.79284807810116 417.1425104857587
-66.25 81.08477282894133 416.9232855723766
-66.25 79.24764807214314 414.1623658209351
-66.25 82.57456253736706 413.9403005817962
-66.25 80.71740619793721 411.1493915788582
-66.25 84.08169234979633 410.924051380365
-66.25 82.2029154541933 408.1010160842131
-66.25 85.60652826092797 407.8725514772104
-66.25 83.70527853721259 405.0155233817607
-66.25 87.15126459255534 404.7834640570202
-66.25 85.22558569401941 401.8896914397731
-66.25 88.71682789382822 401.6540364890375
-66.25 86.76515513846401 398.7191963559696
-66.25 118.9818097720957 336.0587235354204
-66.25 -33.49641010306122 511.6421635283472
-66.25 -99.55807620940911 446.8125128944183
-66.25 58.70632213814039 510.3420168612422
-66.25 -96.15929445387404 381.4942493814928
-66.25 -56.71725970200457 404.5097902912831
-66.25 23.3318323580745 328.2893700363402
-66.25 20.6508697850375 324.4218720854984
-66.25 -121.3778163819716 519.9970466347883
-66.25 -50.522354740906 501.8250941336112
-66.25 -108.0587629472531 480.5112001704308
-66.25 63.36527178140555 483.8943824609581
-66.25 62.30233077891819 485.9049699661289
-66.25 -125.4139905192631 460.8720303841315
-66.25 -42.27393653032 493.4567292434636
-66.25 -41.33674279223246 491.3374716517081
-66.25 -120.5841325588445 269.8121926263825
-66.25 54.19974663418912 281.0442012274424
-66.25 -1.188917865882899 394.4129479167516
-66.25 103.3823154095595 412.5869685428814
-66.25 -2.812214456038669 397.8911150071196
-66.25 49.1634135946655 510.3433462855086
-66.25 106.8657537712215 341.3127594459839
-66.25 -114.0777255512459 357.7204309806655
-66.25 -119.2060011103222 358.2238454902783
-66.25 -104.7295988381415 541.965492200228
-66.25 59.44689449233286 436.5599765846565
-66.25 57.72078329389851 434.0381393401516
-66.25 33.78092312388102 499.7087933010833
-66.25 58.5082723818707 360.5126398750996
-66.25 76.18686091966305 494.7571060000917
-66.25 14.59396082613373 513.1543879845274
-66.25 91.55605792702593 495.6886568002818
-66.25 93.03900270200543 493.1736151644085
-66.25 23.01847719684819 455.0134871825059
-66.25 56.22054880676908 497.5426533803686
-66.25 -81.04220229129704 457.4973568794084
-66.25 41.60434933615389 426.9176952357132
-66.25 -62.89379526225272 508.9894340013126
-66.25 24.14608091039701 464.6021206342408
-66.25 -59.6520227329121 429.2906646884884
-66.25 -79.38306543069105 469.7038839353412
-66.25 -13.5790923872196 488.5995529669393
-66.25 -81.0579879109621 518.988663142051
-66.25 -124.1458362958144 555.1991944025606
-66.25 -126.2845288679146 555.733954840159
-66.25 112.9573993535341 365.6239415298789
-66.25 117.6614266243729 365.3592802051848
-66.25 120.240298935877 369.3549996750048
-66.25 37.98062800915486 350.8010675761093
-66.25 42.38558648597392 350.4017798235799
-66.25 -80.20759593244782 516.6967289452541
-66.25 104.2841720464511 428.3185899795998
-66.25 53.40168897334699 437.0512037909447
-66.25 100.3646450261489 441.8849847795082
-66.25 10.65491412213836 322.2825196172318
-66.25 91.46161925064474 508.5848653676973
-66.25 -107.8649227615217 538.5118398748681
-66.25 -108.5863574461413 540.7664769138713
-66.25 73.08993744206622 420.3110352866994
-66.25 -102.1145971265188 497.7259412197079
-66.25 -100.1691338016935 500.3241490304663
-66.25 -125.4332244312224 523.5653732822999
-66.25 51.21876293000322 491.2228536077415
-66.25 50.21671180464916 489.5597234295433
-66.25 -79.53129937466808 532.5870854145097
-66.25 -107.87983656405 264.0743217706793
-66.25 -121.7889791444596 491.276029401143
-66.25 37.42078096886042 513.03423431154
-66.25 -88.64189699041364 343.5477086481196
-66.25 -86.57812491196107 339.018127305608
-66.25 31.63886190855949 491.8027193293931
-66.25 31.12967340747737 359.5246152292111
-66.25 28.71882581737072 355.9683575241341
-66.25 -121.2897194622438 315.0873690843182
-66.25 -47.55565606293579 444.9893601210472
-66.25 -102.9123808867978 454.4103754354434
-66.25 -59.77613050585997 274.8260634937244
-66.25 -38.06736170882121 514.962144090951
-66.25 -75.41413200726694 298.5199260719833
-66.25 -77.54145332392862 303.1532233216747
-66.25 -65.35819744241968 269.455188414082
-66.25 16.90240150761056 481.6296580588057
-66.25 15.62900064756957 479.8068124529602
-66.25 -51.69403772854784 454.5138148703006
-66.25 -40.96920407763911 485.6447367360929
-66.25 -21.90097468604188 487.8137255103353
-66.25 -19.6589871421657 487.5181118205124
-66.25 -24.1494240212965 488.1064396279272
-66.25 -25.54943577834014 486.323319161719
-66.25 -121.0569341972872 543.856998693455
-66.25 70.52855576298033 265.901457087352
-66.25 -64.46652790106252 528.2250585579515
-66.25 -65.69365101826479 526.6837174496543
-66.25 -63.73789003148264 526.3858095188928
-66.25 -64.975278723635 524.8310961478979
-66.25 46.55527614647155 464.5040496404376
-66.25 98.98995143031128 448.6029360040313
-66.25 96.86330350681207 446.2761641651117
-66.25 -81.61775025155973 338.5587297158666
-66.25 -126.8457031559747 557.921863342848
-66.25 -119.9766298507582 301.3937511546563
-66.25 -117.7835025078535 296.6314957155195
-66.25 117.0266141850591 409.2519830931348
-66.25 78.07585503722524 450.5944844151595
-66.25 -120.2583861926909 349.7743317116825
-66.25 -123.3053886668867 345.5431985583907
-66.25 91.5423275414402 490.5073600185734
-66.25 36.41895604686686 415.6890008343257
-66.25 35.01253514595698 418.7693886318732
-66.25 33.60742731478332 443.8267010517521
-66.25 -25.56200350420536 412.0186683326979
-66.25 -127.3174685745088 561.6953261162455
-66.25 -127.7669290965898 563.6200222652691
-66.25 54.73082350112691 368.3407542024406
-66.25 -98.34688057211537 553.0923087511081
-66.25 -97.3088337001824 554.3067091379478
-66.25 -44.12741128391396 513.1127292624885
-66.25 0.9019880697868357 449.3074119874731
-66.25 -21.18912579627418 461.2408368417283
-66.25 -20.03655623032946 458.6088079033015
-66.25 -17.15179255059907 458.3121485898431
-66.25 -100.988514785767 552.1169873325647
-66.25 81.98197112236073 484.2680119151636
-66.25 -41.32307994062253 515.3413064740478
-66.25 3.156655496722645 470.834516751666
-66.25 -116.8258781210174 331.3663668805918
-66.25 -122.0208348142797 331.8560914586373
-66.25 74.09019793956119 514.9533275408961
-66.25 72.65319485892336 514.0860839931167
-66.25 -112.2722812790533 375.3259056937356
-66.25 -117.3477708113206 375.8564929251718
-66.25 -120.3658111324887 371.7154343560042
-66.25 -107.218234277806 374.7846971195144
-66.25 59.0236640183392 368.000249953063
-66.25 18.23935650296923 499.1723256171623
-66.25 17.23422497513052 497.7017036536134
-66.25 -110.3867919923873 495.6793598110604
-66.25 -112.5818759975251 492.998232597025
-66.25 43.36081090798355 480.0424725764144
-66.25 44.51705534497488 481.8738933957182
-66.25 39.53690967163197 450.9387894077377
-66.25 37.88907118288527 448.5956738986248
-66.25 -26.3987186498421 488.4312988719104
-66.25 -80.47620639274787 493.5121688851088
-66.25 19.91668332577757 450.2656142047559
-66.25 18.29241346163564 447.8567256815478
-66.25 33.17097818723924 466.2666827487576
-66.25 -119.5542029466647 503.4554272829479
-66.25 -123.0154874053682 504.1045643637411
-66.25 -125.3391611757955 501.4382097015894
-66.25 -84.67642306862791 457.9679694270737
-66.25 63.8085547161232 323.8954860256247
-66.25 33.53829570589185 363.0605633756871
-66.25 -20.87249005902339 510.3403118908387
-66.25 120.2040586393479 377.276388392183
-66.25 122.5671281101892 381.0484869153852
-66.25 120.024445243166 353.1573659375352
-66.25 122.7596526985147 357.2750314171899
-66.25 119.9302109742428 297.6810509816503
-66.25 -93.89073718664137 512.4861827469832
-66.25 -92.87992433071322 509.777713684619
-66.25 67.5796373845332 495.7115754229376
-66.25 -51.81184602516285 353.1969504360802
-66.25 -101.0107226746358 556.4367500604205
-66.25 -72.86918670209003 434.1714623676168
-66.25 39.62048375670102 284.3647363953754
-66.25 37.44238562824512 288.9728867785597
-66.25 41.81161339124809 279.7465222441304
-66.25 -75.18421108470963 471.192585381899
-66.25 -39.92125678733336 483.3052607274948
-66.25 -78.78757192870904 266.0731482149851
-66.25 -120.4223050174603 324.1018183175718
-66.25 37.71982027615695 408.7503924324385
-66.25 43.78398575396361 503.8202333191402
-66.25 42.19891953500931 503.8540025375344
-66.25 46.51853143843574 512.2269429278983
-66.25 106.1264525814438 407.0438198176987
-66.25 -118.3750298897357 265.0204596336537
-66.25 -20.59943811826932 466.0735642886486
-66.25 18.17790259866338 405.8872579581923
-66.25 16.14817066982199 402.9176492667962
-66.25 42.68468112903446 409.0982161328617
-66.25 8.954390820284583 505.6552321487038
-66.25 43.43861727180857 460.1930935349832
-66.25 21.60693695583939 495.8352533874069
-66.25 30.00150977894679 438.874090277682
-66.25 -107.3856762561942 533.1848282298612
-66.25 -126.0445541244269 515.4521385970637
-66.25 -28.93914937100367 500.22960054297
-66.25 -27.02931605802443 500.0410310057756
-66.25 -30.85668091621123 500.415852748762
-66.25 -25.93144991161527 501.6126976651294
-66.25 -25.12757051991547 499.8818757789937
-66.25 -24.04104168481779 501.4386052146269
-66.25 -23.24434017799551 499.7250030807535
-66.25 -22.1675013308944 501.2676610069623
-66.25 -21.37686947811828 499.5685994468743
-66.25 -20.30785210554644 501.0995349366891
-66.25 -19.52235375277995 499.4123363507039
-66.25 -18.4603580582617 500.9332119935459
-66.25 -17.67916671584542 499.2564998689673
-66.25 -16.6230657039151 500.7688815480589
-66.25 -15.84580692572582 499.1011890188735
-66.25 -14.7950538204584 500.6058859704745
-66.25 -14.0213238795577 498.9463513794244
-66.25 -12.97548844965753 500.4440910101263
-66.25 -12.20465830818106 498.7918282966558
-66.25 -11.16287364574704 500.283791160252
-66.25 -10.39441722766503 498.6375033037298
-66.25 -9.355662000776006 500.1248693179585
-66.25 -8.588994700930087 498.4830308716874
-66.25 -7.552661752075938 499.9668727839832
-66.25 -6.787468056591599 498.3286377270501
-66.25 -5.752864557910342 499.8097071321582
-66.25 -13.24817745184881 497.2797583423372
-66.25 -20.58628960425641 497.8683863851971
-66.25 -26.21755229467158 498.2992401163544
-66.25 67.02273275603221 394.613316233701
-66.25 84.7395923623467 501.184434329554
-66.25 -63.26271886703172 496.0453681864565
-66.25 59.92462311557799 512.0967500904378
-66.25 -42.36114919009627 432.347530361775
-66.25 16.01675733031244 513.04936463071
-66.25 16.650515362271 511.7749679973422
-66.25 17.43693191849001 512.9608357095653
-66.25 -54.99504664708718 400.6668334525895
-66.25 -65.75435389905172 319.5576180067612
-66.25 -62.88056713296156 323.5994206332833
-66.25 114.6747605403343 329.2197309302048
-66.25 109.6186460146195 329.5954095282092
-66.25 119.7473383569529 328.832175486328
-66.25 -61.03281371449122 531.1262887316872
-66.25 -59.89577451575039 532.5131582162677
-66.25 -58.15181007596436 532.2229718873302
-66.25 -97.83582641673793 555.7827497615498
-66.25 51.05693388941086 349.555803439208
-66.25 53.99269456894676 492.7994702924419
-66.25 2.397151260137745 514.0823435882716
-66.25 0.9854916262514183 514.2171191068909
-66.25 85.79851472364142 485.9131877024324
-66.25 88.7323097338126 485.8155199841675
-66.25 -63.00155872118162 524.5299946069113
-66.25 -64.2508646335306 522.9602129518327
-66.25 -62.25771185194191 522.655987393407
-66.25 -63.51953401635657 521.0703258901858
-66.25 -83.85387258026203 533.2896552374345
-66.25 -86.02050022658472 533.6631160214847
-66.25 -17.2694550706157 470.34349874792
-66.25 -67.32533204960836 419.9055539455433
-66.25 -69.8969286499713 503.6547348501877
-66.25 -81.09175248670482 525.221869978704
-66.25 -82.61239109843838 523.4399566975206
-66.25 -49.64728100711368 442.128021362229
-66.25 -42.00371613878964 487.9727930544047
-66.25 -79.1545879284747 451.2682539102859
-66.25 122.1425919552776 293.0026286904276
-66.25 119.187795016653 288.7464052734364
-66.25 -27.80731502107502 486.6387167707234
-66.25 18.66655728138839 509.0731632578007
-66.25 19.32341252847191 507.7187301123275
-66.25 48.02086324942221 466.59956171083
-66.25 62.87000539566827 503.5261414951839
-66.25 27.04462507704008 512.4078718191935
-66.25 -43.96399993649287 477.8657595822762
-66.25 107.5716038944775 404.2281067453235
-66.25 -70.28337202772364 540.9983916676771
-66.25 -0.6754012537796736 265.6227475421612
-66.25 -2.827141226262719 270.3363662327366
-66.25 -5.831355325818888 266.1170218385156
-66.25 11.03530241450489 496.46678555722
-66.25 9.951426768743675 494.9523180499698
-66.25 10.71797043009043 493.2388322126289
-66.25 8.830998631531008 493.4228811096547
-66.25 9.612858719024732 491.6737788210028
-66.25 7.685416451808886 491.8614990182355
-66.25 8.484232534144644 490.0744542192714
-66.25 6.514711172443405 490.2661297639585
-66.25 5.713875309294647 492.0810197773171
-66.25 4.542181020073784 490.4798667012565
-66.25 5.341287738715982 488.6457558187124
-66.25 3.741989152080922 492.294721024455
-66.25 2.571381638998898 490.6947511560847
-66.25 4.910838290955854 493.8756000381411
-66.25 50.54255426281324 466.395446715526
-66.25 97.94952353696377 423.4280755723898
-66.25 -54.57365278177092 445.7745126114975
-66.25 32.08124715584095 499.7795163764042
-66.25 -10.11884556454578 514.1185874784144
-66.25 -124.7394018751243 485.8968494287192
-66.25 -127.0714727458176 482.8018655500644
-66.25 -58.12356325109184 496.9055029695957
-66.25 -130.1707250482308 565.226876290367
-66.25 -92.2604897780498 262.6875437366156
-66.25 -27.08745244446986 516.8440536367638
-66.25 -70.26294067299371 544.2777393842796
-66.25 -21.09433653177376 502.7690895392339
-66.25 -13.96310321951543 356.1027488774011
-66.25 33.42502681717551 488.3385304026409
-66.25 30.58419326142541 490.1709160350314
-66.25 -16.3685830361492 324.5379216331619
-66.25 -13.70623264707418 328.3919705455905
-66.25 -11.70513065794076 324.1630320093957
-66.25 73.37595798933467 439.3925406851337
-66.25 -61.65313435895467 534.4464005221316
-66.25 -62.29487570535076 536.1275652746472
-66.25 13.9125432289438 421.6123242010732
-66.25 18.07140147313526 511.6863900340449
-66.25 18.85875465773684 512.8735205263501
-66.25 18.22265997790158 514.1354779245517
-66.25 -8.022492342069983 377.4581089016056
-66.25 93.47306094208874 367.5534789783468
-66.25 2.083164263231457 425.7291689553655
-66.25 4.069807359252629 428.5251011814735
-66.25 10.1455106185076 393.531755069768
-66.25 -96.78551638267015 552.8085354481716
-66.25 -95.75940890262071 554.0074435160219
-66.25 -10.67581219227283 351.7880165683947
-66.25 41.64623539970837 491.5271641293824
-66.25 42.38797771036694 273.0640184471393
-66.25 67.5782986599624 482.5505353451586
-66.25 96.56751225539972 426.1548265021919
-66.25 68.22269260693858 512.4069739261774
-66.25 -97.12574702218515 450.1566711865495
-66.25 30.11501801233737 425.1102709461245
-66.25 -25.41470969650947 353.2650562616925
-66.25 -87.29405147097005 491.350947409395
-66.25 -90.36479576387697 491.8253792112992
-66.25 60.82501529154305 510.9728408969412
-66.25 62.24859975649504 511.0492460409334
-66.25 47.11631946861608 511.0022361016385
-66.25 -126.1677799983439 544.9798117617329
-66.25 -125.3848821312399 542.409894629884
-66.25 83.71041285222803 473.2421565219313
-66.25 -116.2234764654585 466.9634583111542
-66.25 24.734230039856 488.3755374092185
-66.25 -66.82234293987786 472.9977274164467
-66.25 83.23308851491754 515.6576346749658
-66.25 -130.2709481949727 562.7205641371377
-66.25 81.97089341037993 497.9002480064104
-66.25 38.22021699290378 266.5869413058952
-66.25 -96.98173566595113 499.9427601116602
-66.25 -98.25053815146262 502.8487268557429
-66.25 57.21920618670843 510.3299939919614
-66.25 56.46916477132268 509.0534946145543
-66.25 55.74377798528524 510.3383182136782
-66.25 54.99783227216441 509.0699900170133
-66.25 54.27631766992079 510.3478583475009
-66.25 53.53382550002161 509.0860035070418
-66.25 52.81515566978734 510.358251946874
-66.25 -36.69591756996891 518.9648566985614
-66.25 -35.2471339833597 496.6474414255743
-66.25 44.45145064883964 402.0518278045978
-66.25 -90.41106045538093 470.0420627443684
-66.25 -65.25519678316094 500.9087444907347
-66.25 -68.36054485337066 265.1633895392883
-66.25 -122.1684399909018 306.1592525091274
-66.25 90.99152936592 503.0891336301266
-66.25 45.51638892781272 487.2841552881585
-66.25 46.47556740589824 485.4692077314443
-66.25 47.56914503846705 487.2080817340675
-66.25 13.1717521134682 513.2591811214738
-66.25 -4.988326072220902 498.1737407993617
-66.25 51.40902978773615 459.5695406130166
-66.25 -123.6365864191871 265.4998480446405
-66.25 -7.326341042199774 484.0510853350866
-66.25 -8.239043658460229 486.0789954850075
-66.25 -46.87536151377398 503.2731026717346
-66.25 -21.15327226364726 394.4563938337961
-66.25 -23.47713244986429 391.1561912284907
-66.25 -19.44224661786771 390.783281141591
-66.25 -21.7842637003196 387.4578448427008
-66.25 -25.86160363517146 387.8281140918228
-66.25 59.76584168194022 500.5947529689344
-66.25 -104.8832103340627 322.5575624536041
-66.25 0.6694723361032016 428.8374328566731
-66.25 -37.02035966368717 330.3932555171261
-66.25 -39.00345222717387 334.6697443039804
-66.25 -94.28147231955636 493.9937670167652
-66.25 -121.3334626245179 362.9411487602916
-66.25 40.75190866303742 493.2123320096474
-66.25 -70.8077495047398 506.0193828151164
-66.25 -97.18670841520412 320.7869563545385
-66.25 26.9503716531424 509.8909800095597
-66.25 30.72626578115584 331.781703461053
-66.25 -7.569027108332715 292.881936172295
-66.25 -9.632488232709884 297.3816661265212
-66.25 -20.57214314198626 401.3624962743241
-66.25 -59.22319644462709 401.0793784855852
-66.25 -123.7685644739193 456.9461959598971
-66.25 -30.3587853954821 325.7066975827317
-66.25 8.062919372046769 495.1606748207956
-66.25 -61.5058552598317 520.7627913392752
-66.25 12.23991881152691 443.1164969079961
-66.25 9.219426191465326 443.3659725740159
-66.25 9.647803789733311 264.6668899550768
-66.25 21.0152477713642 487.1039637288086
-66.25 70.54600463430752 493.5040834209366
-66.25 72.72423687033182 493.2753096412077
-66.25 33.58201900374173 351.1958375612194
-66.25 107.794686351054 385.5348375373236
-66.25 106.0525810085839 389.1481136460857
-66.25 108.2706679389138 392.4037397287538
-66.25 -66.25960537368434 523.2581095598457
-66.25 54.25180059119339 507.7954831622952
-66.25 6.004735533609 322.6734412480479
-66.25 29.73456256819374 513.3684187238514
-66.25 75.74185744898278 265.4334252547403
-66.25 -77.71422675790751 447.7990401505667
-66.25 39.26905504089368 491.4930874021505
-66.25 -106.4754380681466 530.7108710076872
-66.25 -108.150343248039 528.6525314184292
-66.25 -105.509769435438 528.214471465566
-66.25 15.31010668902161 321.8891194969781
-66.25 -23.86673533040154 510.5961624274099
-66.25 -19.04798422713707 320.6757883695442
-66.25 77.82579353826661 515.8506576775161
-66.25 -20.52863802765 489.5721484513442
-66.25 -71.30674822341845 430.5218815414341
-66.25 93.06035096026716 359.7418728767419
-66.25 41.76150223423937 494.8116768613692
-66.25 -107.2141093740122 526.118474987169
-66.25 68.66504401618977 391.1941645415654
-66.25 -17.71926608718882 387.0824028129571
-66.25 -20.07846955692649 383.7328169447907
-66.25 -15.98478045275548 383.3551397218572
-66.25 -18.36018137477445 379.9827160965964
-66.25 -22.49412965947086 380.3572582483703
-66.25 -128.2748626500856 512.9016867110898
-66.25 22.41254928805312 484.9353665707073
-66.25 -126.5062492015864 504.8009976489147
-66.25 -6.415797003963088 482.0024846650323
-66.25 -7.732481575802414 480.1670811158171
-66.25 -91.55079916033496 339.4874123753184
-66.25 -28.77692288935679 515.1118214630335
-66.25 16.8595658204888 415.3669090292899
-66.25 -0.6202649826402304 423.0972259712855
-66.25 -2.135117157419519 419.809643887256
-66.25 -111.2143803826676 487.5310877227347
-66.25 90.5277780798107 355.9129102941118
-66.25 -68.46056404364796 350.2976409958673
-66.25 -63.69149943416509 349.8629775439403
-66.25 -72.01207608565828 346.5967705304449
-66.25 -61.66805691214311 498.1192257034748
-66.25 -39.29160876636982 521.7983237478417
-66.25 -39.13335535683078 520.2654870573256
-66.25 49.45660431979513 468.6582105863018
-66.25 90.30626914118697 398.4807032470905
-66.25 -33.37371819139373 342.1403881422916
-66.25 -10.57344157159657 359.4783837721333
-66.25 -64.58164867953892 278.4668549669353
-66.25 46.04701484144893 398.7666798661891
-66.25 75.52209127098507 515.8547153567148
-66.25 38.2680004994962 489.8550917196498
-66.25 -89.10640864753282 466.7301270825928
-66.25 95.70703644437454 484.3425414864805
-66.25 92.60580998968251 485.8542230321024
-66.25 -14.92525082451654 509.7941107153102
-66.25 -112.1716168508389 466.4612657085143
-66.25 17.8061236826161 507.8193883406874
-66.25 -51.57912561353586 381.0355438900133
-66.25 16.56964174130038 477.7724999689185
-66.25 35.33232459599132 446.2621532558782
-66.25 22.69061450022954 462.4280135525931
-66.25 -102.6260995211864 263.6000711568995
-66.25 33.05084233337334 416.0124727180887
-66.25 31.6473700211598 419.0875006971598
-66.25 33.60363209154423 421.8235776573959
-66.25 -125.4250132241889 491.9132699046789
-66.25 39.09481793634068 445.9788283029348
-66.25 94.63151596558981 502.1091564909195
-66.25 -11.98744008504796 438.5671404165362
-66.25 -13.38469264939748 441.5880860667148
-66.25 -10.57403777816715 435.5336778546923
-66.25 80.67573889692301 495.7171722215319
-66.25 27.44654105509235 430.9733887522709
-66.25 -55.50561316475871 451.5273197175574
-66.25 -18.28704112230891 513.9831188362016
-66.25 -60.60330315036022 265.8124522550393
-66.25 -14.23867291484377 379.6024703700662
-66.25 75.91273809147999 414.3795450775678
-66.25 68.6748245720099 480.3751945852848
-66.25 63.23566050879761 468.0517319463528
-66.25 62.07256582042449 470.368280951353
-66.25 64.40156322808558 465.7215250251804
-66.25 -7.823383348330288 496.8288220894537
-66.25 103.8240102538819 385.8470228105056
-66.25 -76.66079692364399 548.4636319358003
-66.25 13.91265581673509 393.245872619997
-66.25 8.021587918761613 389.9200610968399
-66.25 9.13344772799314 386.1340131123855
-66.25 5.348321228509787 387.0787094751992
-66.25 -3.954815337421238 499.6533624472332
-66.25 -97.31503238009704 442.4358033177934
-66.25 -43.43668626496115 501.2575101404034
-66.25 -42.13257607363804 502.9697334773306
-66.25 -124.4904862999619 564.218926721766
-66.25 52.88921945427074 461.7515810317623
-66.25 53.06013387956835 457.2287553498743
-66.25 -124.1963401331576 475.7366208068382
-66.25 26.39319250644245 513.6743222042599
-66.25 -70.49489955457018 534.4169533259474
-66.25 -122.0456441252923 540.8322135274897
-66.25 -83.03512819560636 552.3858766031624
-66.25 -84.16223273264296 551.4984479167367
-66.25 -85.52122630316653 552.0431566370129
-66.25 15.46216412765148 473.9742568760976
-66.25 -10.61026475676826 509.0485799846207
-66.25 24.56749054851747 457.3277632494378
-66.25 43.95074885674757 511.6101609908973
-66.25 -4.720004313401659 501.2707176405817
-66.25 25.79689165461089 454.8293505279236
-66.25 69.84144175853245 512.0899909898041
-66.25 70.63989469482893 510.6856942687683
-66.25 71.46752554110554 512.0854073322776
-66.25 -119.377675255833 562.6529118069067
-66.25 -118.9053694665831 561.0420551712818
-66.25 -117.7698166094636 562.2496698496742
-66.25 -117.3051534267981 560.6750315233165
-66.25 -45.12628862718628 499.1382783525578
-66.25 -43.75208365035595 497.2833539906681
-66.25 -85.55486044653905 466.2326739963504
-66.25 104.3027192604505 435.1067166051729
-66.25 101.2912027091721 435.5984932637408
-66.25 102.3863078290266 432.837868307702
-66.25 17.32076179658439 421.3178346777879
-66.25 13.14818982517796 425.2028838368934
-66.25 -3.985132113988241 482.0132011466893
-66.25 -101.9943841631963 443.4278134881579
-66.25 -17.4014552852415 502.4191820632063
-66.25 103.1402079101509 320.5325537584166
-66.25 -67.70543771009069 538.8906798706249
-66.25 -67.02794960089155 537.1034696307253
-66.25 -65.83417851827954 538.5780141160888
-66.25 -8.847908099832209 347.7925123816311
-66.25 -126.6030762561628 472.4951426774853
-66.25 98.07776121748373 457.4099327692372
-66.25 95.4566395982083 455.2746523083597
-66.25 95.00221447864631 458.5088663737114
-66.25 92.46469753296357 456.5032994213484
-66.25 92.00539714647329 459.6924864147639
-66.25 92.91458752921228 453.3416098853962
-66.25 94.53482081448449 461.7111117707341
-66.25 91.49695939389429 462.9236311518658
-66.25 88.96947444308842 460.8703429403977
-66.25 91.10620598216134 466.3821019968956
-66.25 9.765011602162943 510.9785942610168
-66.25 9.118096363228172 512.2997615718934
-66.25 7.667954022469548 512.4079724729206
-66.25 8.485267259148225 513.5900098201313
-66.25 9.902241700590009 513.4846781969886
-66.25 10.73577087452836 514.6954993283849
-66.25 11.30699792412831 513.4099553959018
-66.25 125.0033733503722 404.5650441375611
-66.25 93.00218081810645 481.924752402061
-66.25 93.11273286782323 478.441039073759
-66.25 96.09396453504129 476.6676102828836
-66.25 93.41252705791771 474.1506895011437
-66.25 93.81477526682377 470.6620873179194
-66.25 74.4933046934954 511.0375564137313
-66.25 42.54017349576498 489.8232792575561
-66.25 -44.50892284180424 488.2658358394183
-66.25 -121.51600257371 564.7509389347274
-66.25 -92.66614316156691 485.0866861657479
-66.25 -93.84961494459181 488.1622877847084
-66.25 97.21276276182067 468.5918959212138
-66.25 14.45171183536214 514.7418031149493
-66.25 -18.93017867003815 474.9329134402932
-66.25 -118.1703210618911 490.6533416649615
-66.25 66.13970300880617 463.5353321882288
-66.25 -102.51368353183 541.5028287129313
-66.25 -103.2329021531176 543.5960164156758
-66.25 -3.190949540708906 498.0190420557796
-66.25 34.44294513697324 510.6715215085709
-66.25 35.10828778055943 509.3793856722012
-66.25 33.77689985754641 511.9512965501331
-66.25 34.55203641910526 513.1551914352041
-66.25 2.976959163940452 494.0829021572642
-66.25 4.120701481835868 495.6286078807521
-66.25 38.83341508514797 512.9866768540498
-66.25 -130.0536630166318 556.7924010166766
-66.25 6.649030016801042 260.4130033803238
-66.25 -9.037620287023843 319.9045501384055
-66.25 -5.088377935071082 322.6635171969412
-66.25 -0.6955489263822017 320.8910567543196
-66.25 -1.370906599565977 325.547042514944
-66.25 112.7865296170598 392.449540652808
-66.25 110.4959551699662 395.6452219451988
-66.25 -20.87305029325235 476.768774795737
-66.25 -122.464835538065 376.4155386150451
-66.25 -119.4209935653897 380.5781583861739
-66.25 -125.5132781467004 372.2353766224125
-66.25 79.42274006675689 512.5838520619988
-66.25 -51.5659715034181 528.9350729419353
-66.25 -51.37388008211785 527.2882624864847
-66.25 -49.92619014211664 526.5220170211995
-66.25 -51.31830416204553 525.6425595173278
-66.25 -49.8507539894215 524.8610735507658
-66.25 -53.07769997275128 528.3429323939109
-66.25 -48.45194986585643 525.756788751484
-66.25 -48.37986470207548 524.1041290984963
-66.25 -49.77755278070427 523.1957344070223
-66.25 -54.36023701445283 529.37441578525
-66.25 -54.62985439566631 527.7260868662102
-66.25 -53.31019800255561 526.6667136534157
-66.25 -52.98990487181641 524.8405466703538
-66.25 88.30862796951757 498.7550809880989
-66.25 14.1285142403755 472.0016491782731
-66.25 -57.96179640947577 323.1340034012755
-66.25 80.67183212244795 473.3868321405782
-66.25 115.6119582060571 411.8933471723413
-66.25 17.84726203056095 460.2047193941737
-66.25 52.46123103504429 464.4501555238891
-66.25 -5.772296056152847 496.3476039896656
-66.25 122.1991527468135 388.4246183788899
-66.25 124.2622752490179 391.9085428767924
-66.25 -95.94390609758248 485.5909209906043
-66.25 78.83143385556149 470.0091631124637
-66.25 77.2632241254681 467.60095227012
-66.25 -88.20674125415528 554.2034924292292
-66.25 -89.40397331982368 553.3469644853668
-66.25 -90.78079820022373 553.8341271422872
-66.25 -88.06968556100637 552.7469260108253
-66.25 -89.2657163244908 551.8708751706563
-66.25 52.13802067960586 507.7816369341487
-66.25 -25.68991132350811 516.5405073598148
-66.25 -25.06590323232785 515.2654528075136
-66.25 -80.49582235214663 298.9917458972648
-66.25 -82.62769022725197 303.6346690244007
-66.25 -43.84328998526043 435.6720899854196
-66.25 -45.28534727360946 511.6539014100334
-66.25 -45.98393398883947 513.3973668400828
-66.25 96.01209908922235 449.1894113018589
-66.25 -36.44769318368191 514.7440803905504
-66.25 41.23206591770803 440.5356757695577
-66.25 -41.72512955110815 330.8096045693045
-66.25 -4.145277910697404 422.7286836796681
-66.25 -122.5771744563086 563.7467721115153
-66.25 49.20225058210794 512.0453190104377
-66.25 -113.4055751542085 529.0593929151507
-66.25 -51.50858187705344 523.896118158407
-66.25 12.11655284688273 497.964530551174
-66.25 -119.3386363684442 545.7925493818182
-66.25 -67.66537135506255 526.9743087114182
-66.25 -84.49604670626937 334.489819947292
-66.25 -101.5844055435873 539.2546940612541
-66.25 71.23177306607627 431.5616544768063
-66.25 26.88340307648069 425.4159437061248
-66.25 -3.986640301684385 515.8419381226613
-66.25 -3.112622724601691 514.7661101681987
-66.25 -1.74466911135286 514.8862069071129
-66.25 102.581390364269 311.985123307686
-66.25 -77.72109389645409 400.2353311226025
-66.25 79.70993473662229 518.8188689367536
-66.25 77.99597222621097 518.8648126449033
-66.25 -73.59112372712529 544.8872895380853
-66.25 10.6057530484076 509.6615474053918
-66.25 11.23256935894072 508.3023647921754
-66.25 127.0431607259267 371.6633352795331
-66.25 79.11993159176964 344.6222773379523
-66.25 83.82666860070496 344.284563950872
-66.25 86.46658082307283 348.2135483969321
-66.25 75.5563049362345 341.269160383725
-66.25 85.15987511191693 339.3971895065638
-66.25 -91.48517842710763 481.9949656189912
-66.25 -124.1595823273005 507.4666319507293
-66.25 -102.6852866871745 556.7868428517112
-66.25 -81.67044734190648 551.9712138432362
-66.25 -81.01877595888726 550.6365691757469
-66.25 -0.365392351376161 416.7263864623944
-66.25 57.54289295548282 482.1449764713678
-66.25 25.06893860517408 263.2396529493399
-66.25 101.8724677950107 303.2663358827035
-66.25 15.25946887983893 442.8670023233079
-66.25 -117.3781388740159 557.1388374750817
-66.25 -115.5192435411692 556.6602876269249
-66.25 -114.136717777224 557.90886837637
-66.25 -112.4070776882942 557.4717036334046
-66.25 -112.9094742288049 559.1242127606405
-66.25 -114.5409584933631 559.5443687220927
-66.25 -111.2818955401258 558.7164059678977
-66.25 -109.5560816450526 558.457733955666
-66.25 -110.2142516517247 559.9530386042351
-66.25 -113.3723160226168 560.7046184338776
-66.25 -114.9300339641482 561.1049314269716
-66.25 -111.7741787000674 555.7817681142228
-66.25 -116.0508050063759 558.4451252657151
-66.25 66.52275445505968 388.0332065406019
-66.25 70.36186153439876 387.7377426350226
-66.25 -8.911246565494618 495.1672278764176
-66.25 -105.8572993108823 557.3969782043142
-66.25 -120.9691876700304 468.3851235407002
-66.25 -6.545592330072706 478.0109279556625
-66.25 55.50464347467691 452.2980619142044
-66.25 -108.6025451306111 551.6224087896619
-66.25 -69.01042471337314 284.5706311644822
-66.25 -74.13926318152271 285.0318915700517
-66.25 -76.29599421879244 289.7151179794868
-66.25 49.00426663230662 471.1322079036838
-66.25 -40.86702516979371 429.013739857674
-66.25 -37.20815652346488 428.6656739115115
-66.25 -129.9083047222598 548.0432507490941
-66.25 -117.8098316171467 558.9049887849194
-66.25 94.6100442349212 495.7946642780298
-66.25 -54.48964135438924 349.3604246980865
-66.25 -55.01890410014335 496.2657573333641
-66.25 -56.1381823591734 498.6872103050421
-66.25 -54.10449902075415 493.9871744000899
-66.25 -24.26621289221298 457.3373192663525
-66.25 111.1197897735223 422.923060991518
-66.25 33.13478548048717 513.2162127325339
-66.25 31.66706492053408 513.5345013221528
-66.25 81.87021313021467 493.4832081142517
-66.25 70.6651888945068 340.4759464754337
-66.25 -85.02362108443565 549.8357175184788
-66.25 -87.00996478330634 262.2161853588569
-66.25 -110.9615402415296 404.6475382464903
-66.25 32.75777504508515 510.8386433013648
-66.25 -93.22658208139063 551.2988682501344
-66.25 -93.81593696015956 552.8430868705371
-66.25 -92.17383223082662 552.5294292396297
-66.25 -92.74227448222121 554.0087581979632
-66.25 -104.7167378924523 550.7129463477622
-66.25 -102.7860140317699 528.4164621469855
-66.25 -106.9535698099309 560.0640589087619
-66.25 -68.33769740084658 540.7440582469982
-66.25 -21.7248297763581 411.6416451592184
-66.25 -20.11723356072427 408.1559553162662
-66.25 -17.91752161783099 411.2840156782098
-66.25 -16.32063893197578 407.8235872360362
-66.25 3.794671642291191 511.4437147804115
-66.25 4.474163778588066 512.7501747801363
-66.25 5.965178909750927 512.6434038767213
-66.25 5.307837983833437 513.9280029793842
-66.25 -60.56550810664656 508.643156757835
-66.25 -61.43546458395014 510.7943406029638
-66.25 -13.89280067820746 513.5626552469755
-66.25 65.13896238453428 482.1790429236537
-66.25 66.04766618092258 484.4066789664756
-66.25 -21.20272662909379 508.6951477456017
-66.25 -88.70353438535264 405.4393943292858
-66.25 -85.99216860608696 409.1208888452745
-66.25 -81.47902398851276 408.6137676010688
-66.25 -29.96540693755326 514.061618189667
-66.25 3.177462554307806 278.6938165767203
-66.25 5.202905431173769 283.4646719275
-66.25 -87.89072287867754 551.2481292010149
-66.25 74.08182576690783 488.8058824309667
-66.25 -95.1279124700349 543.5980734262364
-66.25 -95.81852232968872 545.4636574086795
-66.25 -93.16278865857996 543.2211115391676
-66.25 -91.83833581644893 544.6755236265149
-66.25 -89.95566734535053 544.3590882751968
-66.25 -89.18513160572915 542.5028282735884
-66.25 -87.2500981743422 542.1930194360425
-66.25 -85.91807794745498 543.6236608699597
-66.25 -84.04930294784249 543.320334309307
-66.25 -87.77112684503743 544.0135504685251
-66.25 -83.3256202636788 541.587650304201
-66.25 -81.36437976436558 541.2453556618723
-66.25 -79.99736912077788 542.6628748874389
-66.25 -43.26928695184505 520.0809854203159
-66.25 -43.89608539293724 521.6255807431635
-66.25 -45.5262393534565 521.877517466171
-66.25 -44.49540035910423 523.1476349853192
-66.25 -46.1063915475766 523.4017522299107
-66.25 -42.15543926140187 521.3062507246656
-66.25 -13.02879199361937 507.795672100527
-66.25 -124.3810204945727 358.7283427859583
-66.25 -111.4638471127739 523.5570605219738
-66.25 15.13192379978349 427.997727210334
-66.25 11.78865330108832 428.2692931591556
-66.25 45.67239897404294 467.5583335174509
-66.25 -13.99056411568101 348.5871545652359
-66.25 51.39135788189694 506.4746759950444
-66.25 34.1676848598955 508.1308345833469
-66.25 -75.34262331049979 531.8229834874764
-66.25 -76.05964228860397 533.7953760580449
-66.25 -74.01906608654883 533.4206573120996
-66.25 -129.8149628760727 541.9473208374073
-66.25 -86.40050436909574 523.3305071283153
-66.25 -57.45658194233447 530.5117146091994
-66.25 -99.06743314725691 518.4777550684371
-66.25 90.93679046506324 498.6323267091725
-66.25 -18.73987579719761 515.4046764348971
-66.25 -16.81238827339342 513.958940517525
-66.25 -15.92223875585109 515.0627867088907
-66.25 28.32080150265873 513.4283774970572
-66.25 27.85454219517732 511.1173310443774
-66.25 27.70889205025157 508.4919154819642
-66.25 -50.33150587121356 521.2502107646659
-66.25 82.37348789566647 517.2295119400785
-66.25 -78.31806604103224 548.7302391577313
-66.25 -78.95329240829426 550.2432895754401
-66.25 106.9669013772312 430.0260678528315
-66.25 35.24193478265267 262.3000281639461
-66.25 -72.36235003498416 499.779365696762
-66.25 91.17208501548173 392.3092527010605
-66.25 48.53062573071907 485.3900942363246
-66.25 -59.90398124000708 517.6822919309379
-66.25 -62.43220253277112 345.0708761396434
-66.25 -104.2504509402862 439.6153753462517
-66.25 -18.34766601230999 489.2844246013964
-66.25 -17.48468298938286 487.2738181652808
-66.25 7.068923196261714 513.6957510998444
-66.25 25.38460818590476 501.7123884271393
-66.25 -95.87071532167685 529.654472616441
-66.25 -94.36613520550436 531.605569392394
-66.25 -93.46325052593706 529.3536399300618
-66.25 -91.99193709562536 531.2505110134937
-66.25 -92.87813164884517 533.440123121364
-66.25 -90.58558128846437 533.0938401703957
-66.25 -91.43903295919779 535.2056062309853
-66.25 -89.22865660819656 534.8705698612129
-66.25 -93.65787452674967 535.544983121467
-66.25 -88.3830525467575 532.8182444396084
-66.25 -95.00560845513587 527.291026816391
-66.25 -92.52267032152859 527.0423331106014
-66.25 -35.27135424277003 325.801597994499
-66.25 41.97713603910832 392.6324866133826
-66.25 -29.75546025111661 517.8211483671737
-66.25 66.60911775606334 327.8910597337165
-66.25 2.870606500962236 510.2581339570483
-66.25 -32.67450342784481 517.0776899790466
-66.25 -34.19113566082844 517.3167467041385
-66.25 36.46451231076501 332.0718113124707
-66.25 41.10859891648269 331.7122480162164
-66.25 -129.7184308894817 535.6430262610226
-66.25 -100.9198397891355 549.8207098426565
-66.25 -99.12297118390029 549.4230627282961
-66.25 -53.65873535002316 474.2783436315626
-66.25 -51.87668368960106 476.6562236702923
-66.25 -53.02846389857607 479.3549098023703
-66.25 -50.62868874310105 473.8405674816119
-66.25 -48.69507958499991 476.1073309053115
-66.25 102.1015260518964 389.4126750936371
-66.25 78.79041836005671 408.3242069064353
-66.25 104.3644792090239 404.3607803352472
-66.25 108.2639975855509 400.6857400601141
-66.25 4.178947664828554 468.5695766398732
-66.25 1.6795493049386 468.8046389810033
-66.25 6.420532259674471 383.3194460015555
-66.25 2.605623604316757 384.2639028244259
-66.25 109.0265386425426 381.3654986180659
-66.25 -74.33195910146161 504.8379532362434
-66.25 73.39847084308013 500.7722904100609
-66.25 71.29508825287022 500.9139610758881
-66.25 70.09037638943445 499.2432396751905
-66.25 68.00877186798017 499.3410917119349
-66.25 74.61566170426465 502.5075886650312
-66.25 -35.18509932520092 516.1457482631188
-66.25 -35.63026179655022 513.2816076552933
-66.25 -52.82801999152596 514.7061508859842
-66.25 -50.82274662289901 514.4177206976217
-66.25 -50.05412281483088 512.5659736912502
-66.25 -48.85541856919718 514.1489261026298
-66.25 -48.10084755033046 512.3321800236807
-66.25 -54.84429884247987 515.0002225291686
-66.25 -65.25612693312975 488.8017126335107
-66.25 -62.39263323232217 488.3437033175009
-66.25 112.5175308767754 412.1357430667142
-66.25 114.1173141554933 414.6393567023776
-66.25 -84.50891976912762 518.4102393071029
-66.25 -56.03709976112039 479.8153736095961
-66.25 -57.16857065624516 482.5108219337232
-66.25 -8.638199268809437 513.9642014305695
-66.25 -7.798307292818815 515.1030992339313
-66.25 -26.72353735518915 454.4386678763733
-66.25 -29.61528665400052 455.6006338106736
-66.25 -43.6916571114519 464.869460045722
-66.25 -40.60018339347465 464.4931718811108
-66.25 -39.35486022761151 461.6623781969948
-66.25 -37.54513268821247 464.1478320126236
-66.25 -38.77812187076905 466.9261175048086
-66.25 -36.31237807790414 461.3486461488231
-66.25 86.07546013495833 264.5123929749282
-66.25 91.30042164061648 264.0546582124835
-66.25 82.33305830741988 260.6782855762833
-66.25 -37.25652884905948 321.4131139992371
-66.25 -5.728423018568844 513.6594723656237
-66.25 -37.84961757128475 510.6023824290318
-66.25 -21.25134771444524 514.2762192966597
-66.25 -21.87133382893579 515.5894578582636
-66.25 -19.77436818167049 514.1847690114538
-66.25 124.235441205871 402.2952668726232
-66.25 121.8864813891686 403.7986077390196
-66.25 125.8795170515124 400.4530371877314
-66.25 126.6818155795722 397.3403037770353
-66.25 -4.978888762418107 494.6181397193546
-66.25 42.46512280662904 511.6495032065272
-66.25 -56.61628400562579 310.0484543387891
-66.25 -53.75636858672837 314.1225161020315
-66.25 -103.2170356332021 558.2688074759246
-66.25 64.54658239762051 488.9297497239039
-66.25 63.5544298472531 490.8745153276489
-66.25 62.39248988972032 489.0562696461187
-66.25 5.853990481072476 501.5265442386577
-66.25 5.113211067228079 503.0824320108076
-66.25 6.150265120807026 504.4569899418693
-66.25 4.484734152306522 504.6350838066426
-66.25 5.46844319313632 505.9576585957572
-66.25 3.468096863676774 503.3200507206151
-66.25 2.427823225673194 501.9584700249208
-66.25 7.823296251520411 504.3660962558326
-66.25 -64.86199181511945 493.938741515116
-66.25 -10.42621415449316 486.3116906597917
-66.25 -9.134141585628621 488.0609838721978
-66.25 -6.999517712447775 487.8318999220313
-66.25 -66.37992520604206 518.7574521745125
-66.25 -64.2095327511098 518.416119701762
-66.25 -46.0366718350391 431.2996023341155
-66.25 -46.57255354049737 438.2757896688051
-66.25 109.7822459564027 417.4713187829886
-66.25 111.3142516067236 419.9854020018675
-66.25 43.70556628152254 494.7475986465504
-66.25 42.78618228475893 496.3769222055651
-66.25 -47.1447596514924 522.134004195663
-66.25 -8.319011494203261 501.5881591419401
-66.25 -95.70553194889528 497.0264766688281
-66.25 -129.6191446112631 529.1223072302942
-66.25 -126.9233491018239 530.8537655364797
-66.25 -126.8200754596547 527.485295180446
-66.25 -124.1824062604678 529.2519815598248
-66.25 -54.04015997171708 521.8621067498954
-66.25 -54.71686591867146 523.6079194907668
-66.25 -126.7519850611643 539.4119964311944
-66.25 -24.54503329153266 509.0770162831224
-66.25 8.158539655196256 484.4078116486375
-66.25 7.230057491331978 486.3614951046717
-66.25 -77.35600141894254 540.4952914053513
-66.25 87.53950431171775 473.6520081962098
-66.25 26.04398345444216 497.1368469939825
-66.25 -110.4479813641666 462.6181834313289
-66.25 -106.4106247939197 462.1170658229918
-66.25 -108.0019988502974 465.8102885980927
-66.25 -104.8053747028543 458.4135476108843
-66.25 -102.4296905836962 461.6429106016366
-66.25 -94.90349302742504 515.1806072412317
-66.25 75.29368149303794 509.4044653014194
-66.25 -98.84632845530993 427.4709757907591
-66.25 -94.47567603167073 427.041061098489
-66.25 -91.94587338161155 430.6134885207547
-66.25 -90.13780479181281 426.6511613396512
-66.25 -92.6453123778452 423.0792927969161
-66.25 -88.28576548537806 422.6849117335128
-66.25 -90.80867964542209 419.0889738130923
-66.25 -86.41838478214991 418.6917466040312
-66.25 -88.95916393910609 415.0703167834369
-66.25 -95.21675062491597 419.4778964159565
-66.25 -84.53895299263026 414.6711309428107
-66.25 118.5332757345211 406.5294408261624
-66.25 97.28880036790081 443.3064713714749
-66.25 69.32827560818093 472.8826534220744
-66.25 121.964253041346 324.2303412268549
-66.25 26.77582723834406 488.2336177383845
-66.25 27.9484115766215 489.9039203287008
-66.25 73.70557877284723 512.6416947926336
-66.25 99.97256251746238 410.0190414252126
-66.25 -2.378722079368894 446.4669998555836
-66.25 -130.0431309853123 551.1991489054205
-66.25 -99.49520298208068 551.1570582198498
-66.25 -75.45403944667433 545.2419369419948
-66.25 -74.32763733613214 546.583425790195
-66.25 -82.64380855792453 447.9511705118946
-66.25 -76.92645096995641 443.7483436221129
-66.25 -22.91109549000989 502.9333974602374
-66.25 41.18246158159202 453.2630121389703
-66.25 -14.41255073898387 429.8898653366179
-66.25 -16.41069740318221 427.0394990770222
-66.25 -0.3484290803032253 488.8750877284825
-66.25 1.730004463679701 488.6751211103609
-66.25 2.615918027411507 486.790397245033
-66.25 -1.241841055326137 490.7466396621903
-66.25 43.24013195793153 512.8456101910521
-66.25 -77.90355488955969 542.3284552989444
-66.25 -127.9897041976176 415.7034585074474
-66.25 -123.613531278699 413.1531004810743
-66.25 -123.6267843597027 418.1600876700289
-66.25 -119.3381488476715 415.6679281991701
-66.25 -119.3501400710399 420.5834245181267
-66.25 -114.5142068202368 413.7306928054031
-66.25 -123.5704713465485 423.0460337607498
-66.25 -119.3420474243752 425.4449241101266
-66.25 -123.5181370397445 427.8798646422407
-66.25 -119.3391236570561 430.2485485499573
-66.25 -123.4606151254435 432.6491896109398
-66.25 -128.2346125653209 431.0714135699121
-66.25 -127.1492268588929 435.7986914712596
-66.25 -123.7981727829565 439.2836425805241
-66.25 -124.7892385119619 443.8786645005161
-66.25 -120.3977100633758 442.4214515349528
-66.25 -121.3524406409096 446.8900978706571
-66.25 -125.650792382963 448.328751929698
-66.25 -1.492685599763186 506.5641342745676
-66.25 -3.107038899249671 506.7400540507227
-66.25 -3.8179623302309 508.1945644013638
-66.25 -5.392798105103887 508.373674663816
-66.25 -6.356324006378305 507.1273835888622
-66.25 -7.983210010501439 507.2995880753664
-66.25 -8.740017039265167 508.7394674769149
-66.25 12.1418216347708 364.5796118518986
-66.25 -111.8751371373759 481.1019103089588
-66.25 -129.182530350811 493.1081884818873
-66.25 7.021598289821991 465.608347819928
-66.25 67.82468989118939 470.5959135956393
-66.25 65.19007422853797 470.741371488596
-66.25 -129.5164649725657 522.3787034333856
-66.25 -63.53280958322739 491.0337503973149
-66.25 -17.92943578714862 508.3357907760219
-66.25 -18.60120165657894 509.8029784196567
-66.25 -16.31609710079741 508.1569941942757
-66.25 -120.0031577731279 559.52416954751
-66.25 47.45954717704694 494.6206648576006
-66.25 46.57677959790934 496.2571470820222
-66.25 121.7262101849562 395.3953687533123
-66.25 1.683369021660274 466.0772795086093
-66.25 -56.03454404791449 381.4696364334818
-66.25 -58.65158443051018 385.1093990054308
-66.25 -58.65946457056848 377.8305245517931
-66.25 -24.44260676644094 474.5176036163725
-66.25 -20.5041808512241 453.7571439905004
-66.25 -77.92837892073236 485.6040663241552
-66.25 34.01109539550203 486.0040610896806
-66.25 31.30522942097773 488.1704405800441
-66.25 -14.90345415518615 495.6657686924189
-66.25 18.41566690312268 492.5023384702905
-66.25 50.64932288281777 510.344584043168
-66.25 49.75250864540745 503.6233217600848
-66.25 48.99665467126346 505.040440944245
-66.25 48.15042804951096 503.6789501234186
-66.25 -82.61720622427561 513.4056895048159
-66.25 -81.68393704342206 510.8995083802079
-66.25 -80.00546652728555 512.9514081211449
-66.25 -79.08756199759713 510.4881037505285
-66.25 57.29101114073111 478.117731849304
-66.25 80.16235349019814 510.7875859586415
-66.25 -29.13936086340604 512.4995334658488
-66.25 15.30595669116355 469.3921777849279
-66.25 16.5988983726174 471.5459550883549
-66.25 62.95258193380427 463.5334542482638
-66.25 10.19333317414199 469.8173110532856
-66.25 67.24943915658925 369.2740454800914
-66.25 -0.5537297788018729 507.8636956074735
-66.25 -11.41571397912696 507.6415805659448
-66.25 13.21627067258348 491.223227201733
-66.25 22.56783117539581 488.4770189371488
-66.25 -39.50968985060643 487.6871769239993
-66.25 -5.852670361882818 459.7056824888394
-66.25 -8.673319427856324 460.0224916609557
-66.25 -10.39184639253428 457.7693439275565
-66.25 -6.992320233887114 462.2739864619126
-66.25 -9.759852807770081 462.5869902766414
-66.25 -8.108107224242515 464.799920936979
-66.25 -42.97536430001862 514.5417548547121
-66.25 -69.77007931249756 511.0493785916559
-66.25 -65.0833452597484 409.7602238531852
-66.25 72.46355441499895 502.5768807221046
-66.25 70.46875750417539 502.736566868284
-66.25 20.20698079610479 408.8325388505219
-66.25 18.67678886319426 412.0397894762786
-66.25 -18.78156154037544 439.2469934852556
-66.25 -20.19258187689168 442.3055949094178
-66.25 -23.52053857967837 442.6299393654562
-66.25 10.7586989725865 487.8900202036032
-66.25 0.7336812958279888 446.1693238491639
-66.25 2.057463193523732 443.3495103710492
-66.25 47.05586391329093 502.1734559573203
-66.25 46.22661567264426 503.6160638350804
-66.25 -78.50920156390312 392.2719114649123
-66.25 -18.88678062270787 496.112590885603
-66.25 84.2524249853156 514.038346394588
-66.25 -111.8593155944145 560.2897423751979
-66.25 42.36028887503905 327.0345910295468
-66.25 -49.07099874902935 503.5760340527921
-66.25 39.53496343420507 506.5275779073597
-66.25 41.10248654626187 506.4767372136815
-66.25 20.35511911738739 511.5378963100239
-66.25 21.16801782963753 512.7394728761884
-66.25 22.59996176709435 512.6471406394326
-66.25 87.88861099596953 513.7625156423022
-66.25 10.08211631919566 439.6813915242393
-66.25 5.931631743050099 443.1372730439248
-66.25 63.89004155428652 357.8316753121917
-66.25 -107.0036800710393 454.882684411762
-66.25 -16.38575804110778 485.0804456454467
-66.25 -36.48420340704637 455.6249773846054
-66.25 -34.50812707930498 458.1619335611883
-66.25 64.77934842069924 492.702552265541
-66.25 -95.49606245912602 410.5597257464518
-66.25 -90.88768285514466 410.0378562370764
-66.25 -32.53823009936031 440.6237469751765
-66.25 -30.52750344790072 443.4182052501429
-66.25 107.0251461114521 422.8649220883509
-66.25 105.7102512913897 425.5463207926661
-66.25 6.838189141922292 511.2196823790958
-66.25 3.799318428673974 484.7798592079432
-66.25 36.1964945601442 485.9257919605101
-66.25 -4.230561106457604 461.962475388166
-66.25 -123.0132481191522 297.1091987991514
-66.25 106.2401103882676 397.8849356207116
-66.25 80.21175994638679 399.558776095823
-66.25 -107.2315255051426 552.8815094675095
-66.25 24.50064051356323 495.3678371461853
-66.25 -129.1965447060308 500.7164970081647
-66.25 60.93311259677584 425.1795617780957
-66.25 59.52340754066586 428.1338470954963
-66.25 56.28572589208444 428.399345012179
-66.25 61.43195421402572 430.787134944219
-66.25 54.28488335710361 425.7155857477597
-66.25 53.03890907564197 428.732236967839
-66.25 54.60093751263567 431.5328548561701
-66.25 19.58678088481554 475.4354889188514
-66.25 -10.05585305293375 441.2941436674365
-66.25 19.8675585796819 485.4019289073952
-66.25 18.32602019410988 483.9069395703532
-66.25 85.09148324340707 375.564463663423
-66.25 89.37917531428515 375.3050501799829
-66.25 58.60421662408068 350.238180626985
-66.25 -93.81732511435717 434.6279953764243
-66.25 -91.33860408132848 438.089352124937
-66.25 -97.93799353353407 488.381695798625
-66.25 96.93886654003846 415.9180509992505
-66.25 95.50287532489433 418.8154173659809
-66.25 -95.09393712671702 533.8161380333231
-66.25 -94.53285879256575 537.6287821320099
-66.25 -31.27685748661055 497.5802456848047
-66.25 -33.36225904518435 497.8617705991392
-66.25 -35.29867174272643 498.7974487917837
-66.25 60.75547734444506 384.416006221975
-66.25 56.75072310280748 384.776837797272
-66.25 -30.34305550381058 387.1349291772997
-66.25 66.22945024756025 506.6530020373684
-66.25 -51.66756953386309 309.6153835615003
-66.25 -59.36838253958037 305.7923795487731
-66.25 23.28390548671468 511.3456304707821
-66.25 39.54308035948573 511.7291305185646
-66.25 72.95015602453984 383.4233585457458
-66.25 68.92642758200302 383.7619865295262
-66.25 74.45570935560694 387.2601529218692
-66.25 -14.25375661906849 453.0222172373013
-66.25 -11.22314290005527 452.6862681226182
-66.25 -12.45196600202133 455.4386269450691
-66.25 -15.42119493824363 455.772670539925
-66.25 -13.65058853143373 458.147758673592
-66.25 -11.7381467532932 460.3962323274465
-66.25 -2.80878362012987 513.354364224804
-66.25 -0.4432609678969148 514.2918534429124
-66.25 -46.22326783022839 486.2641751321068
-66.25 -33.95937282757073 394.851259802565
-66.25 -29.81593176675256 394.450283904713
-66.25 -68.34035001225581 512.9619585197828
-66.25 -67.40828110896445 510.7745204493129
-66.25 16.17553952254882 457.9357194778975
-66.25 13.39014879076461 458.140178699097
-66.25 12.35907513926451 512.0931011057041
-66.25 -41.7696566601002 467.2677585695257
-66.25 -39.9833380658465 469.641111180923
-66.25 -37.13217243404701 470.1317262115699
-66.25 -36.08166916681935 472.7873480690589
-66.25 48.41569260124954 496.192775130378
-66.25 -38.10711502326631 458.8532287708996
-66.25 59.45897470143255 470.4846224131596
-66.25 -127.9207714652189 405.246164459538
-66.25 17.69528129028923 510.2263436055434
-66.25 -108.3117780439406 535.6323714113912
-66.25 65.37781419964391 398.003092517856
-66.25 63.72798395698168 401.3358383937598
-66.25 60.06096065246719 401.6325067844455
-66.25 62.14835512801967 404.6223371488382
-66.25 65.7549574204983 404.3329538971512
-66.25 -51.26395675230731 510.8812552711778
-66.25 24.59619873125997 479.0774295868295
-66.25 25.789955726689 480.9641362709645
-66.25 29.13760367252772 505.6359742547835
-66.25 27.53245083136073 505.7228914188579
-66.25 28.409275568017 507.050622253309
-66.25 95.56469504952838 398.4198515789708
-66.25 18.99743199644722 367.8269377345028
-66.25 21.37553816186106 371.2555045102832
-66.25 14.8124880768294 368.1774510093657
-66.25 17.24669101043165 371.5803070895237
-66.25 19.58954586026433 374.9572870933143
-66.25 127.1077633166524 382.3457740365606
-66.25 64.75245797103547 448.9277391543984
-66.25 83.56986983195831 392.8311876152592
-66.25 50.58643479387469 338.664309204891
-66.25 45.89158131802445 339.0187255029442
-66.25 48.54243097107855 342.8608757625676
-66.25 3.720147736006388 440.2903578014871
-66.25 127.0666827300603 361.1368086898252
-66.25 122.6677629335264 363.6184290425952
-66.25 -81.69557857862831 532.9199582946269
-66.25 -34.93282616259744 398.8661879610264
-66.25 -39.20178288814284 399.4696396832082
-66.25 -42.17085617266514 396.5258479666347
-66.25 -46.54083814633218 396.3217133322922
-66.25 -48.40382511497663 400.1881971297407
-66.25 52.01547983498735 470.9962783362728
-66.25 -74.83063365305152 485.1114196282489
-66.25 -51.95077132229797 500.0333166411811
-66.25 -52.79990799776256 502.1755140845067
-66.25 -84.59268166087712 498.9319054663949
-66.25 -85.69824064609875 501.695164590462
-66.25 -6.406783507498557 514.9574683331881
-66.25 -95.56587139469472 475.8274580298328
-66.25 -92.02201041816107 475.7858720196056
-66.25 36.71032802590036 380.2812955470432
-66.25 38.84805412275667 383.6560126897081
-66.25 -45.84549775944546 475.6842227263241
-66.25 -41.29419309898501 413.6448266380565
-66.25 92.55033600850162 424.595342167966
-66.25 45.1558574158079 417.8497010581749
-66.25 43.72231951102333 420.9105499066119
-66.25 36.68452764625143 499.4684585208989
-66.25 50.02723414898112 434.422476723282
-66.25 -82.06950657097352 542.9949936486229
-66.25 -26.73384284148833 379.3302186814844
-66.25 -9.308292445028366 455.1256243382037
-66.25 -33.39876976440139 412.8327658936747
-66.25 -29.50924427964991 412.4487940037727
-66.25 -27.17532531778425 415.5401723290939
-66.25 -40.03600537751201 502.6899929942458
-66.25 -68.82850769264813 508.8554588084853
-66.25 -65.30831863043875 509.4842147847682
-66.25 -73.93535954557089 516.0015231670523
-66.25 53.24401808689468 342.5345646304855
-66.25 90.00394007469133 454.5402948447335
-66.25 -24.93756437787209 375.4266245055723
-66.25 58.54357507552231 404.9154799723881
-66.25 60.1309770143768 408.111047376035
-66.25 58.21462245310627 411.0783789674179
-66.25 -97.73601610479604 534.3622710811604
-66.25 -128.718290492655 463.8716042379135
-66.25 89.49475222026912 457.7032410490817
-66.25 33.70817323271878 478.5070127122934
-66.25 69.41546666013268 427.3843098792884
-66.25 -36.94862620151326 512.1148620424427
-66.25 -72.16934856552064 541.3105369699184
-66.25 39.23846155780903 438.0306064646126
-66.25 10.42460435835307 421.9543716120581
-66.25 38.36635225131167 453.5121827038014
-66.25 69.11388110204948 421.6693893267182
-66.25 20.59795150903817 494.3025359329248
-66.25 -72.00527968758439 533.028463748934
-66.25 26.05189201304192 332.1578313388489
-66.25 21.39271422387529 332.5433548649276
-66.25 97.94452862062873 460.9099611557425
-66.25 10.18873289644958 499.6392053384544
-66.25 12.2271543356397 505.3872973446675
-66.25 -46.37318054490866 497.1414601203768
-66.25 50.9368549294528 309.2393696286715
-66.25 50.8871303077396 314.2068109139822
-66.25 55.09547898003283 316.7798608406741
-66.25 -72.4267475459811 468.636665618317
-66.25 27.34484118930433 319.7263719436619
-66.25 5.043745318375859 486.5239681651865
-66.25 -40.62631051834797 522.5660999863976
-66.25 -112.6273059504011 540.8611674948041
-66.25 49.62678785444501 487.1330658206941
-66.25 63.46511005356075 479.9167468982443
-66.25 6.836583130047017 493.6603692137234
-66.25 -26.78275271469324 479.2410602157979
-66.25 -24.24372076624257 479.0081884865103
-66.25 -27.88670328833779 481.5019792679836
-66.25 -26.54911317959786 483.5661034828933
-66.25 31.86401669754372 441.3834096711157
-66.25 -34.52178175545225 507.0102651233117
-66.25 -33.49773755289311 508.5355917896555
-66.25 -32.65993847634864 506.8484373941158
-66.25 -31.86583384772982 505.1705955500474
-66.25 -32.34289470766683 503.3126755832581
-66.25 -128.159270272294 421.0695161830035
-66.25 -104.2724358488982 480.0051942409414
-66.25 -74.51746112395887 529.7578403053909
-66.25 -55.63094744739209 484.8456151880978
-66.25 -104.7102835604875 558.5496775278901
-66.25 -25.67265139156291 439.9501851650602
-66.25 -58.30213621584677 457.9329744830627
-66.25 -54.87618025833784 457.536152078055
-66.25 -56.25063680133194 460.6571793298214
-66.25 -29.60726145199174 426.1013583588681
-66.25 -25.94893087368996 425.7235108238022
-66.25 -23.76794000227724 428.6349272218807
-66.25 67.1142608634354 460.9875530782635
-66.25 -122.7936084198627 274.603269344005
-66.25 -47.11217829165766 380.5766907689202
-66.25 -42.69652140365753 380.1511164569667
-66.25 15.06817024550211 295.1143218312497
-66.25 12.97518426138183 299.6075382686004
-66.25 17.8978723295652 299.1665011990463
-66.25 -17.07484124266184 344.6494361025491
-66.25 -17.33674879581532 288.9940722566948
-66.25 -19.49091408862677 293.5346367029526
-66.25 -24.48144704495251 293.9500800579392
-66.25 -21.62794207168018 298.0457152511482
-66.25 -26.58629427410819 298.4584286533315
-66.25 -29.43852638908113 294.3812578372315
-66.25 -31.54720693285241 298.8926511899942
-66.25 -34.40600569287077 294.8079053714895
-66.25 -16.67309354483403 297.6312447070119
-66.25 -23.75115236265446 302.5286567441518
-66.25 -36.51986489151879 299.3301053449377
-66.25 -33.65556312253451 303.4078956953593
-66.25 -39.38583104209496 295.2352851965774
-66.25 -37.26768691723247 290.6897519460682
-66.25 -14.43516754282166 293.1099947766054
-66.25 10.5329514107426 512.2153705462458
-66.25 65.25841971425635 453.9516580605229
-66.25 91.64542374075137 438.126160215144
-66.25 88.62670788447878 438.3473306988298
-66.25 87.56667655282489 441.2691950424631
-66.25 84.55891459226321 441.7037159257974
-66.25 82.68369620060207 444.2079409601762
-66.25 84.57423247736155 446.6036758414481
-66.25 81.57630816883706 447.0256124048836
-66.25 75.60920619216449 360.9367125422497
-66.25 -44.95112033247374 467.6600800298867
-66.25 -47.31133688533829 488.6253777872389
-66.25 -105.1627095720867 370.1623343507474
-66.25 -7.983329981294751 270.8284356225165
-66.25 -10.98670171234458 266.6094499552777
-66.25 -8.837037838636371 261.8823051298363
-66.25 -14.02472116588762 262.3755629280587
-66.25 -16.17691764414264 267.1267750929418
-66.25 45.4476655175863 509.1001535486757
-66.25 -64.06387808069734 536.4405484564867
-66.25 -22.78739584403415 356.8960722619706
-66.25 -20.2344443012829 360.5023918470903
-66.25 -106.9625305101005 542.420161011815
-66.25 54.11242699920064 466.4856058391435
-66.25 -9.710773812402016 496.8776016335934
-66.25 -43.34284508055116 372.4290186350509
-66.25 -41.46166336968263 368.3513480122534
-66.25 -44.03744491131857 364.6706035654934
-66.25 -38.88776676287976 372.0115476143514
-66.25 -37.01884982840778 367.9622052281068
-66.25 14.15708968059143 497.8795980870713
-66.25 -61.59986486302402 374.2707321126184
-66.25 61.88332199294487 449.1383025688146
-66.25 56.49364125925371 493.2257444111983
-66.25 56.73166248298417 495.1326424000352
-66.25 95.14599400730732 355.6103404825593
-66.25 96.58599772577091 362.8454575571439
-66.25 52.8968003882289 488.3598498714807
-66.25 -65.45074768889511 382.6434835529026
-66.25 69.98499355332014 438.2589208641698
-66.25 2.137485420756155 410.3641168312745
-66.25 -1.516350589862898 410.7012010659786
-66.25 3.093294363977198 300.4862197582298
-66.25 -93.8393427581062 545.0048286248395
-66.25 48.81102627745098 502.1396675588509
-66.25 127.1870685201 345.4975847113054
-66.25 127.2039989837119 340.323840540056
-66.25 -45.67684949528922 287.0154233357435
-66.25 -42.75063343170288 291.1972852733801
-66.25 -43.30501527237753 524.1645892864221
-66.25 -0.05782841321415322 274.6824878039203
-66.25 -69.31902724441358 478.8590344485174
-66.25 -66.19614800421587 478.4846576162718
-66.25 14.8968113307579 412.5082151308417
-66.25 29.31043127267222 433.5607464045775
-66.25 26.14690630753595 433.8746612793894
-66.25 1.054991669844364 342.9994166114705
-66.25 -33.561509732199 499.920985361771
-66.25 -104.2563477690101 495.1063242096441
-66.25 24.68707566521154 381.4003184703453
-66.25 23.0615105500157 384.9801296425308
-66.25 22.32175603031106 378.1910131177874
-66.25 23.91302329017407 374.5175614761666
-66.25 -81.21130942043099 388.4307766781471
-66.25 -94.25097807082383 554.3210829886506
-66.25 -22.32234174478325 404.9400801287877
-66.25 -63.27754065170765 529.7495854347166
-66.25 78.12238020046382 441.6986075978921
-66.25 50.75195203139514 299.0301679840131
-66.25 45.73464104218542 299.4952321433555
-66.25 41.56458820880847 296.4226686407997
-66.25 36.75797031703158 297.9614598247788
-66.25 43.6554888648803 291.4303395705872
-66.25 53.3312701403708 303.7557878162119
-66.25 -49.07176684480487 510.5272576574465
-66.25 -90.6402662692381 546.0447821783966
-66.25 -127.9192979668422 389.3781471480088
-66.25 -123.4112703242114 392.0228166999304
-66.25 -123.3951912127748 386.8309468114467
-66.25 -127.8627295298176 384.1873641928535
-66.25 9.944398292253682 316.7192675718673
-66.25 16.60257345255674 495.9577391352445
-66.25 23.33492438930741 459.7696501736714
-66.25 19.55813047350388 315.9706590843882
-66.25 -13.74970240764481 502.0496105256929
-66.25 -102.2201760317566 374.2390719464715
-66.25 98.64007325204513 290.5053192899363
-66.25 96.39169192823505 295.1337912878033
-66.25 8.958086294549865 403.3865905299628
-66.25 60.83712142812183 298.1249062974583
-66.25 22.30197505335129 319.91213273498
-66.25 -10.68044502322481 515.7705418385578
-66.25 24.1158174344931 348.8400133001821
-66.25 -99.32599376890654 556.0589015663707
-66.25 -28.01861362852742 349.6049703979565
-66.25 55.9382517165453 457.0876624668148
-66.25 2.246491825049852 495.8194181727102
-66.25 84.9982361766622 516.0061489647632
-66.25 8.531190721676856 487.9902933760264
-66.25 -5.703424570605163 327.2945061635206
-66.25 -26.74671273824278 503.2913530256253
-66.25 0.9224227342358295 477.1219131243549
-66.25 -23.86690190556646 462.4537419832345
-66.25 -18.75129753600327 485.3787801231271
-66.25 78.31021841324272 514.0394277634848
-66.25 -91.11871587329394 529.0541447411017
-66.25 76.86952963066025 457.8797136793025
-66.25 75.19094680951824 455.4482169626323
-66.25 -91.29355974676561 329.113500558751
-66.25 -89.17374225328994 324.4950902996301
-66.25 91.40743752151455 371.4301575434935
-66.25 0.3457512004195848 372.7782554894263
-66.25 71.51311120076024 488.6480283383535
-66.25 72.58168615201706 490.7320424978816
-66.25 -77.14477620842739 512.2648117983001
-66.25 -78.07895793079072 514.6753653378204
-66.25 -124.6324293345336 367.044522701659
-66.25 -54.56911657509538 441.9579380288706
-66.25 -72.30614836253025 517.7953716224305
-66.25 -4.794530097173993 417.3468414397225
-66.25 47.88080667579997 481.48926544741
-66.25 -23.33038184698327 363.6105233805609
-66.25 -16.37698953359161 374.4650576808021
-66.25 -85.0874939694647 525.4110838549251
-66.25 -11.47799184231205 444.1848994239008
-66.25 25.13948265106107 490.3277106098806
-66.25 -12.17479855685897 480.4964620729226
-66.25 -74.95939350853855 279.3882467414603
-66.25 -80.15457539869209 279.8682964293572
-66.25 29.44057804115392 285.2097079755501
-66.25 13.40506403576606 478.1965513370452
-66.25 57.15459434177993 507.6658738012084
-66.25 24.15939302987289 470.9121559403409
-66.25 25.26583250316092 468.7134536235232
-66.25 -61.80395014191165 526.0791539917551
-66.25 -100.5866742981436 313.1517748551428
-66.25 45.26346324922515 477.9025940761387
-66.25 -122.2855539366823 451.2427269132211
-66.25 12.31049319728197 480.2079419363669
-66.25 37.40444204955157 494.7814454820623
-66.25 106.7716920744719 325.4231908481342
-66.25 -36.17083433236972 307.6693278639347
-66.25 28.09055142693671 491.8700626234818
-66.25 4.325903058636974 454.0737938652449
-66.25 37.81976407458711 412.5869173393649
-66.25 -7.216611060865114 435.3780309147355
-66.25 41.89839055233507 458.0072635679913
-66.25 47.22865705602071 420.5826560657176
-66.25 0.3277607057640211 440.6397335600495
-66.25 -91.0086417579401 555.3186277664331
-66.25 16.44373293282153 439.0388672531479
-66.25 17.87633802042126 444.6307484016784
-66.25 48.42123955260565 506.4545540793646
-66.25 -87.67364036903908 430.1692839008467
-66.25 -85.01653350610873 426.82617317746
-66.25 -103.2194778667837 286.4941638890995
-66.25 -74.55293761040951 307.3003096421814
-66.25 -39.00746949060895 491.1140012979015
-66.25 53.08001029504126 511.7458221040948
-66.25 -91.44393636667598 401.7460052725152
-66.25 119.2608418276496 259.0836751079407
-66.25 121.9000146318536 263.6549866487229
-66.25 127.168463396257 263.6616132965186
-66.25 124.528524578488 268.2015037053019
-66.25 119.2785469248273 268.2036322664562
-66.25 121.9053758717969 272.7411219255937
-66.25 124.9308390863476 277.2220421654376
-66.25 119.6709273432319 277.5116328057314
-66.25 122.5491808315013 281.8767330699126
-66.25 -82.71726449099182 550.9790297312765
-66.25 88.34862599313188 291.321378840559
-66.25 -30.09206342600245 485.9402175435962
-66.25 53.52681448444137 444.7235642269284
-66.25 36.34252245386241 489.3640812648235
-66.25 57.90191059580572 398.5454487724915
-66.25 89.63951448279153 430.254649168868
-66.25 22.39300168652574 432.9894651945293
-66.25 -68.71107527599055 315.4996780927738
-66.25 -73.70961197349595 315.9783327580403
-66.25 -110.0284163393674 323.0585923012038
-66.25 -112.1582077086903 327.8082302680794
-66.25 -66.57797421938514 533.6665359505249
-66.25 10.67916982572193 368.4554682802683
-66.25 -23.8383014765882 259.0831804946138
-66.25 -21.19998360022687 263.6535206979971
-66.25 -26.46211765899993 263.6445097625328
-66.25 -23.83882278751938 268.1877378735167
-66.25 -29.06853765416333 268.1784461022083
-66.25 -26.46169444862734 272.6937632913176
-66.25 -31.69198783907768 263.6541622474755
-66.25 -34.30202961819255 268.1903790018786
-66.25 73.89506686434913 301.3458159415213
-66.25 76.80008599775384 305.4624964461453
-66.25 74.72150802943382 310.0248005513369
-66.25 116.6107978490307 263.6488155558987
-66.25 111.3348930887376 263.6721756393431
-66.25 108.6739399036056 259.1162093698146
-66.25 103.3716298331931 259.1050284864348
-66.25 65.88902018213157 494.4773866403495
-66.25 -106.9615471956111 395.4582880359924
-66.25 -36.50482907065128 520.4483834126954
-66.25 106.8220072122726 377.7326079259958
-66.25 -98.01761043601611 285.9915841143642
-66.25 -1.748818634998413 473.0920831309637
-66.25 0.690491572393017 472.9988278841031
-66.25 -31.08714049622752 518.3483290865821
-66.25 72.18425014397751 450.9110524979731
-66.25 -91.13715537491306 359.9466564419991
-66.25 69.86980397720363 372.8190159554895
-66.25 29.24112440065582 387.7664157808783
-66.25 63.34744308961697 413.2521481325874
-66.25 38.31298205562592 468.481616208585
-66.25 35.84228730404243 468.7697643972714
-66.25 27.91801459604604 374.0588148831469
-66.25 71.55283148288648 259.0882998827328
-66.25 -74.63926174738654 457.085625151803
-66.25 60.94764215216534 259.0885733358442
-66.25 13.94013734608807 505.247112990968
-66.25 3.549453608038317 505.950927843681
-66.25 22.27207845055722 507.4540133460902
-66.25 111.1320367804886 284.950569782632
-66.25 -3.865953602143378 449.2801682473846
-66.25 50.35235784827366 259.0885733358443
-66.25 86.28364879730194 326.2579381607639
-66.25 2.982516341573777 358.064051389647
-66.25 -39.75082268379932 259.0894596631849
-66.25 -42.40000012486715 263.6775230151548
-66.25 -47.68587602501544 263.6717110848065
-66.25 -37.10082239354524 263.6771050308903
-66.25 -50.33335396873703 259.0995363405403
-66.25 -55.63136757464745 259.0983534284987
-66.25 -82.75010613473616 371.9707003089038
-66.25 -80.71671725309636 367.5860282817706
-66.25 -83.49426304997917 363.6277379885124
-66.25 -88.35614468398542 364.0394080440407
-66.25 -97.71260482305233 343.040709156183
-66.25 117.717459765271 302.3321217830982
-66.25 120.6355681303801 306.5784190447952
-66.25 -119.2511427528805 259.0892748713351
-66.25 -76.8497051790503 259.0897644252366
-66.25 127.3074543101319 329.8583607327736
-66.25 -66.25029482049678 259.0897644252365
-66.25 -73.70680929300543 264.0967695102669
-66.25 1.099179281043904 515.581995021546
-66.25 -127.9193283347499 331.1953644069678
-66.25 -127.9194349188782 341.7738580055296
-66.25 -123.3454869337428 339.1294254901564
-66.25 82.64481832232531 313.6678143679764
-66.25 -127.9192979668412 320.6167387980421
-66.25 -127.9192979668445 315.3273996942011
-66.25 14.09932396800503 360.8050295437118
-66.25 -127.9192979668434 304.7487214865123
-66.25 -127.9192979668416 283.591365071139
-66.25 -127.9204952630358 278.3040997451363
-66.25 -127.9192979668424 294.1700432788254
-66.25 -123.1158739598183 291.7163257304214
-66.25 -64.23706280797013 439.8480682176089
-66.25 127.402239761426 319.4579151595163
-66.25 121.7312808001398 318.480482636146
-66.25 127.4540711478512 314.2655453589923
-66.25 121.9349309602728 312.7644863941688
-66.25 69.16494124089954 279.5976593084943
-66.25 -36.94807443468905 479.4001180829256
-66.25 -35.81570776933312 476.9974647658211
-66.25 -36.14044943538774 481.8830230026758
-66.25 77.31396703260066 283.3439839333244
-66.25 12.1119245198309 460.546562109905
-66.25 82.08116408099296 433.4474401043411
-66.25 -28.5147314095742 356.4796995411539
-66.25 -1.507230386109172 499.1007420183652
-66.25 53.1171248462433 497.6173905115177
-66.25 -57.26715243419162 301.2209523790585
-66.25 42.9617965664332 502.4451151000544
-66.25 127.6400358849087 293.4582740969797
-66.25 127.5449174355266 303.8581305219915
-66.25 42.57006395475555 474.2128726706567
-66.25 41.65907415508769 476.3149855165485
-66.25 -16.76736861546327 441.8534987359416
-66.25 127.7351543342986 283.0584176719674
-66.25 44.08519830332111 452.968515566296
-66.25 50.26459043503141 439.7508598972396
-66.25 -41.86378420602188 299.5836386725921
-66.25 -62.95427358603861 386.3947364346157
-66.25 61.00718760846767 319.8895074470015
-66.25 58.94491708157571 324.3141286713453
-66.25 -91.92702246514192 351.3144497257999
-66.25 -68.87194431494827 327.596805601127
-66.25 54.73201805245619 506.3039052745149
-66.25 42.44672787797918 437.7237685965434
-66.25 26.1882145767575 508.5834173695474
-66.25 34.78833502937021 476.4907545135696
-66.25 -57.58179955016472 448.6888682958959
-66.25 -79.37544820655658 440.607577778998
-66.25 34.22395478461986 408.9937023463237
-66.25 -81.77443724475928 549.2474125454603
-66.25 -76.13916756997335 488.0556712622011
-66.25 -130.7331625447352 567.6972526030023
-66.25 44.74564359378077 445.4067886427362
-66.25 1.461136917668266 484.9758408489945
-66.25 70.73027705906537 397.1364254125364
-66.25 45.07833831784542 462.4048024608923
-66.25 -62.36493429761143 301.7217310357515
-66.25 -27.36811548004045 289.8089526269816
-66.25 -7.182539653060483 469.229377749311
-66.25 -101.8501271382915 272.6945653827277
-66.25 50.91128093156645 449.9459752402248
-66.25 53.72820011743131 449.8162118450521
-66.25 -113.1231219115143 264.5539197244625
-66.25 -114.4863166415677 278.3979570107218
-66.25 -12.83450756278893 495.3981859387121
-66.25 72.5307949365427 482.1323543494365
-66.25 15.88839357005754 510.5197343278877
-66.25 -44.63667356380971 524.963584261307
-66.25 54.33709246688965 454.7905293485697
-66.25 41.00752649492424 497.8404137609768
-66.25 1.528690032056619 503.3829250110962
-66.25 -104.4098292821678 299.9854329564732
-66.25 109.0093550847871 336.8381187205422
-66.25 77.72775366912262 314.1185198105233
-66.25 40.21738321112357 507.8776422874607
-66.25 37.67041167847587 500.9170351394631
-66.25 -29.08544492755586 259.1023199331884
-66.25 32.4175475231594 289.3680054342798
-66.25 -2.803492720666507 502.3768729156802
-66.25 -45.94656065600051 414.4060084760943
-66.25 29.47223755063227 508.3135281782606
-66.25 -74.16866006811127 446.3866275208187
-66.25 59.05257614456178 449.3641202587062
-66.25 25.39982512614037 472.96686144528
-66.25 -73.28893555723027 293.8793037890085
-66.25 50.17555996532803 368.4803608540411
-66.25 21.44469174816663 466.7707780460406
-66.25 49.96419261553205 457.295308217773
-66.25 32.56274133760277 433.2352735884265
-66.25 -0.6479295535366627 454.2718373456829
-66.25 81.44165092013492 326.6960975352738
-66.25 -48.56523038513291 365.0022054576755
-66.25 -46.5886099570245 360.9139076336201
-66.25 -49.11934459295151 357.09253749856
-66.25 79.55427527936628 497.8582299193299
-66.25 -84.007527004709 266.5393794406214
-66.25 2.473514002319112 458.9642067272367
-66.25 -33.7510304513298 519.4135817971681
-66.25 -96.63832057881963 272.2348462670215
-66.25 89.77814361374386 277.7812521233381
-66.25 39.75157468717316 470.4170281766131
-66.25 91.31970171708724 295.5081304936156
-66.25 21.47233617141834 452.6734358919517
-66.25 52.5553704558599 371.9403127848372
-66.25 50.7379587878653 375.7062533663643
-66.25 30.81963131427855 505.5354131280289
-66.25 23.71814011315649 448.7884638984968
-66.25 -38.9954235578731 416.7690085168102
-66.25 -13.37965324431472 405.3340583963882
-66.25 114.0420637241643 289.2124115913748
-66.25 -94.95958045078102 290.1923447398316
-66.25 28.25661712616016 480.729042662477
-66.25 -85.46354561463215 280.3011976758517
-66.25 104.5079587065111 298.8991741157354
-66.25 47.14739093431275 504.9057810493404
-66.25 96.94160865627407 370.3246692492029
-66.25 113.460611041099 398.4420668266885
-66.25 -0.2852164711456842 492.4349951335201
-66.25 -60.98537741103812 288.338459153284
-66.25 14.32424971531995 399.7065306989731
-66.25 -95.44746060582686 312.5660415663966
-66.25 42.84580939695656 405.2608931087843
-66.25 -108.681785869408 335.1842347096187
-66.25 -109.7647571607615 484.0767316101642
-66.25 100.059290521077 276.8981494042781
-66.25 -102.0583810893342 394.7791407413807
-66.25 14.70486068592728 483.8857821006998
-66.25 41.311268333306 483.8145467070346
-66.25 34.79871759235042 480.4183279531379
-66.25 76.62203112004886 327.1304801812735
-66.25 17.0046361201019 502.1840592494827
-66.25 71.81760219488586 327.5589516243541
-66.25 64.89807656777484 332.492742250273
-66.25 65.33235730629727 266.3900116935441
-66.25 72.83044075334574 314.5806508235578
-66.25 -113.9067392538354 309.8911115458246
-66.25 46.65881006263155 375.974367845088
-66.25 43.80427131978542 314.0637558124785
-66.25 85.78690551343784 419.5078577378376
-66.25 -33.85363703885668 349.2469399966098
-66.25 11.08124986868255 501.1204203162789
-66.25 -35.27857359095289 492.4827971437329
-66.25 -99.26703958182627 299.5592702246112
-66.25 57.10075555633959 285.2242216833841
-66.25 87.44556335919356 508.9297760621203
-66.25 -34.36305664135486 494.680311301972
-66.25 35.27384280673967 464.4172178060867
-66.25 90.49712878474712 510.6050780644817
-66.25 -113.2097642766239 512.9765330147401
-66.25 -119.7239822013125 278.8855994683688
-66.25 47.06807095309549 483.4403567666272
-66.25 36.24182297491874 503.9037481348889
-66.25 -59.1515861017082 348.494489498295
-66.25 35.67145141564298 507.9765434388864
-66.25 20.86190923880433 400.8721413946424
-66.25 -80.05719157327373 375.8782678172043
-66.25 19.243523623186 500.5800607070981
-66.25 91.82248086696228 304.1585966019881
-66.25 28.55122197023771 306.7746374427651
-66.25 -26.89227641691459 337.5583909062551
-66.25 -74.41431139537222 363.3126592533679
-66.25 -40.6214988287637 521.0304541433818
-66.25 -47.98567051204417 291.6382555267259
-66.25 79.10588668623274 484.1676223468904
-66.25 95.35467943483407 316.8846791157482
-66.25 56.05266256009153 377.7602888507857
-66.25 75.25245594021051 288.0013080343177
-66.25 78.70614670065478 269.7276975672684
-66.25 -100.188555638443 290.6933977864043
-66.25 -44.2712294130565 273.4814640793454
-66.25 -29.48277064276784 516.4217511541447
-66.25 72.75879240567248 510.9215231072374
-66.25 97.04398976707363 272.5928521594315
-66.25 -36.32035684574544 484.3431652807121
-66.25 60.11991403064299 485.9456686661105
-66.25 86.08336529219082 295.8954202190155
-66.25 7.405904058567388 476.6751373255765
-66.25 12.57180754749637 268.907502614602
-66.25 65.9586929987522 297.6263708364134
-66.25 98.81844233643297 329.4436709185318
-66.25 -37.51756798304692 492.8187447289229
-66.25 -56.70090532302801 279.0514527599808
-66.25 104.8728482739509 345.8291410545568
-66.25 88.58719654002583 413.6700815247542
-66.25 0.4456048166001227 390.9268094194705
-66.25 -51.95129183086977 463.1394465695652
-66.25 -114.9839301588014 562.9057524924972
-66.25 -116.1411141296891 561.9699024517935
-66.25 -15.85134260263991 275.6653087900248
-66.25 -109.9346247587623 348.6416457367932
-66.25 -65.71897578523146 443.3104581889585
-66.25 -23.7481512720156 321.0730948461561
-66.25 29.85661040203268 472.7695328306223
-66.25 -55.93461560635247 318.6060059473379
-66.25 94.07305251367194 464.9659995566782
-66.25 58.90157213681729 484.1320397308191
-66.25 2.805093072212402 375.9949221360187
-66.25 84.36328120904277 352.3720613976732
-66.25 32.09435854616937 319.2691645957665
-66.25 -12.58669203839904 306.1212892088914
-66.25 7.989949748743728 515.0967500904492
-66.25 -90.69567821849459 507.5689041434003
-66.25 27.16064561192567 289.721677605012
-66.25 -56.84490417608001 373.6973580544197
-66.25 -54.54011558723666 326.5084999254586
-66.25 -103.2911700557593 427.7956856352056
-66.25 -52.95558637461642 342.8992466357083
-66.25 -66.11745103025146 331.6943036180772
-66.25 21.3065326633166 514.8467500904378
-66.25 23.96984924623116 514.8467500904333
-66.25 29.29648241206031 514.8467500904333
-66.25 25.74650537371598 272.2046468103189
-66.25 -42.12992504156424 357.8564169620695
-66.25 16.45355116794302 281.9229432516836
-66.25 -65.82038357624147 467.6640319473268
-66.25 -56.52260099735212 330.8718489641863
-66.25 -94.70614432895688 507.5105686979149
-66.25 104.7302206735448 307.4232246820287
-66.25 -47.49225624757556 350.4515468636371
-66.25 -15.81068614267909 332.6173778327696
-66.25 6.807814764770822 330.6950655122989
-66.25 80.63826652308349 375.6995063466412
-66.25 -18.93553804499521 468.2093827050835
-66.25 32.18116306832555 460.183680117631
-66.25 -48.50094147470916 313.3315104800099
-66.25 -73.98391004790393 536.4719653576
-66.25 -25.68577771444156 325.3412705841932
-66.25 -103.979488905279 356.8512298981946
-66.25 -2.220886183937977 331.4868825651973
-66.25 11.40561856559477 412.7382442868324
-66.25 94.31357883505997 401.6080486794764
-66.25 -9.482878038564071 510.0572868310588
-66.25 -50.50019368274182 317.760673539415
-66.25 91.43055401160345 407.7220514212945
-66.25 56.0525555353732 356.8765893109102
-66.25 -2.095151643768728 507.9884132200405
-66.25 -5.117265935041319 464.4516430937895
-66.25 -118.263827676757 367.0667040819557
-66.25 94.04719181427471 378.4300165322952
-66.25 7.49149793389362 428.1132863089029
-66.25 61.94325007932351 416.3646435990636
-66.25 77.08802201611149 517.4304154541824
-66.25 -89.64173323555201 397.4822267977854
-66.25 -60.32907217729465 362.0281382043899
-66.25 -0.5267588128755362 400.9386316810504
-66.25 11.43727956851301 282.3807764773147
-66.25 -106.2231621512502 443.7563635205634
-66.25 -93.41291578462985 385.5423055197392
-66.25 -32.39415376069258 402.4404526907035
-66.25 -11.2650609189048 332.2572598954202
-66.25 22.06124031931804 352.6972225861285
-66.25 89.88782921099366 338.6750997784888
-66.25 -36.43797997231554 345.5029336055163
-66.25 -71.57995888760982 367.0947643419476
-66.25 72.48808617352211 349.2451396257873
-66.25 -71.06755956573095 395.0608013601951
-66.25 108.0503559230398 357.9857369610174
-66.25 61.834698179032 473.62380459501
-66.25 -76.48636824046801 387.7189229019627
-66.25 -25.00424532224647 490.1371190031436
-66.25 92.75000000009743 259.0197990894561
-66.25 53.4183108865484 414.1776497774857
-66.25 -100.1289225945971 369.4397233572975
-66.25 52.16067844526033 499.1327647779159
-66.25 27.47318261680453 440.7075696791923
-66.25 90.5881932599428 472.5802216201
-66.25 116.2590604247734 284.5158146313446
-66.25 76.18149987654328 474.9557184726453
-66.25 20.96458711409737 337.4031045554526
-66.25 63.69098160663377 512.3229984854946
-66.25 64.10710360357228 510.9888526507601
-66.25 12.56661827913304 403.207047536677
-66.25 -31.68537664271085 431.3939524105288
-66.25 -114.0837550339934 432.8505777010603
-66.25 6.347250197253244 393.3350387999606
-66.25 4.107401145162464 326.856035655223
-66.25 61.07770600211208 506.360086267575
-66.25 -116.4781387508454 448.6214025598468
-66.25 72.23807494672479 283.7815631064495
-66.25 55.27156272855568 416.976895415413
-66.25 16.07717850938699 303.6449230920255
-66.25 59.43609466844579 302.8682599177047
-66.25 70.21925906150993 443.4899766748311
-66.25 -99.65507603432893 267.9695945416188
-66.25 -99.9685353593176 540.8450251995429
-66.25 -119.1005746348168 310.3828671861697
-66.25 47.79537394868015 365.0252572089781
-66.25 30.79218127880652 445.6360736532239
-66.25 -103.916551065656 399.16858698319
-66.25 77.89771342615519 364.7337125867197
-66.25 92.66377014002855 430.1805775803372
-66.25 -105.8927794656548 382.5092592775253
-66.25 -34.26965965662679 510.0892077878456
-66.25 10.97739210259174 349.8656295065694
-66.25 74.02218352700304 458.1108894980687
-66.25 40.11046541569874 429.8099345286644
-66.25 -81.50231130533186 419.0649636967243
-66.25 -108.341715893996 489.6295333576552
-66.25 29.95839528598052 336.6637760623771
-66.25 -14.65189775646588 391.9838786497396
-66.25 -121.8043668813892 397.1945332425584
-66.25 121.7584195458243 340.2227967482988
-66.25 -105.690313159883 522.2050877881616
-66.25 -41.36626163735475 384.5207004484263
-66.25 -13.27975269204331 511.934573440121
-66.25 -100.5009176941206 508.4125299210123
-66.25 -63.07127004814924 358.1531461419021
-66.25 60.36704886310463 463.7495285030607
-66.25 83.04772713156414 425.2556878712476
-66.25 34.00492870209909 450.4113591804539
-66.25 62.71116760542478 441.4810975169761
-66.25 33.4100575867578 306.4030822880042
-66.25 99.32577644494867 420.73365680701
-66.25 -28.93303784142644 508.149678684313
-66.25 -49.52146060147544 457.1770907041536
-66.25 35.20847208511806 399.6296254992911
-66.25 -75.43009780114743 375.559158755
-66.25 -63.93843766971278 284.1488032746955
-66.25 -61.56323120020129 472.6047635970224
-66.25 39.76741933330722 443.1017541912369
-66.25 24.46383022871645 356.3087734594682
-66.25 62.99391456444386 369.5582532259463
-66.25 -123.8428522901146 517.8597890875609
-66.25 62.5368052896218 454.1993154128401
-66.25 -100.3356718231322 558.0464988341719
-66.25 16.9412648024652 378.2393695481871
-66.25 -17.72728112196673 415.3329753568428
-66.25 -14.09065198500977 415.0265016451289
-66.25 -100.7339265530962 516.1432787154748
-66.25 27.58115271857692 393.9479321014052
-66.25 -34.78139182404608 468.5006538145328
-66.25 31.64380262163522 399.951350343498
-66.25 -108.333857906343 498.3106873458702
-66.25 -81.11856366670165 535.887220952348
-66.25 115.5960326636869 416.8040577892068
-66.25 84.44902278267656 459.9046502499228
-66.25 22.37486944681996 412.9366414734487
-66.25 25.20142520172796 406.6861432940371
-66.25 44.82175493908127 354.0406183061589
-66.25 -35.22340786495469 431.6832813375
-66.25 -32.31336117220987 290.3003790243556
-66.25 -104.3278193148678 503.4406661065034
-66.25 -11.06820090811566 408.353756386507
-66.25 -90.57974357079534 514.8132254705913
-66.25 11.27742258324583 304.0951917040065
-66.25 -60.4363274858473 490.3330510531405
-66.25 -67.54746611255631 494.202789963511
-66.25 117.2619650277856 349.1006343263377
-66.25 -119.6111911988955 456.5290895799178
-66.25 37.76739527643761 369.5464648411446
-66.25 -114.9566944916708 547.5685111315798
-66.25 -117.2093646815607 548.2003067528777
-66.25 -11.35629023007986 384.7987357237986
-66.25 46.13416488045708 408.8206678306181
-66.25 -88.78214631707783 509.687548125518
-66.25 90.73515157819068 506.4036798484368
-66.25 122.8158674094487 301.9057992946634
-66.25 -67.38224764801809 455.9911599888999
-66.25 17.2792715616889 475.5725434385143
-66.25 -117.3337487295089 507.9752411929048
-66.25 -72.77963087943003 487.3144300532692
-66.25 -121.7082449423043 478.8483259801818
-66.25 67.20478887761782 284.2936837388942
-66.25 -35.33290282915321 286.0660427932856
-66.25 -24.1424154590571 384.1249020971781
-66.25 -1.380874388456495 376.4291116070556
-66.25 -103.5758874025809 470.3194511706723
-66.25 79.07411269427764 433.738842661931
-66.25 -44.53008590909853 492.8197532798745
-66.25 -49.11319087506386 421.506412779387
-66.25 102.0480527022269 415.3191884645028
-66.25 -53.07492668306302 466.0664914888676
-66.25 -94.77838867538138 556.5062978291331
-66.25 -79.58260641582605 498.4466996031027
-66.25 -49.87620590409583 385.3316717616481
-66.25 -61.62157492478969 415.7866123145157
-66.25 66.79743812015218 473.272502310156
-66.25 19.78828970946367 506.2316827796739
-66.25 14.21426559557544 450.7116771923279
-66.25 -81.46125880810405 503.6445072611277
-66.25 -74.79463112441464 492.7194919689268
-66.25 55.929648241206 512.0967500904349
-66.25 -105.6028835651805 483.2593470926504
-66.25 -18.50435629149164 404.7294575613847
-66.25 -53.80784723840619 516.7512001674166
-66.25 -31.44457281055939 338.001002166437
-66.25 64.09454766769601 280.0226495170527
-66.25 10.35994942231731 507.0376190653282
-66.25 25.51645114480655 370.8042101251487
-66.25 -59.72987731034195 506.3830527512098
-66.25 10.19398923494715 342.1451915403657
-66.25 104.7667764235246 409.8532207098951
-66.25 -42.81073216598567 509.6232495787897
-66.25 58.59296482412062 512.0967500904378
-66.25 62.74269151221139 388.3497307036764
-66.25 14.76443979206585 264.200868595726
-66.25 -73.02825650208882 519.9168759195009
-66.25 -39.44460886542142 505.8269245524059
-66.25 -43.65949079975414 450.636426611862
-66.25 117.8508468297224 373.4865477448387
-66.25 108.4534506910845 427.6479248674659
-66.25 22.78051474152066 503.2615781870508
-66.25 -34.04257963763689 443.6451194715904
-66.25 55.12153550637372 388.2673734246105
-66.25 -15.2972493574413 460.4437103997158
-66.25 -85.08726182427445 481.0794182468824
-66.25 26.90157791202338 507.2087892584012
-66.25 -42.08461425294711 268.8406868009408
-66.25 -41.21117732382057 459.1088964472198
-66.25 -67.40581428840414 430.158700217597
-66.25 -11.93839787604004 501.8427915847005
-66.25 100.3039702320487 316.4919442761284
-66.25 -59.88141659676933 461.118142974961
-66.25 49.02598574406777 402.4239430253084
-66.25 -58.40797395495249 519.1400613211974
-66.25 -24.32277500471384 498.1609424882558
-66.25 58.12327583948487 430.9336998982475
-66.25 -101.0245186168555 544.8043354394115
-66.25 -58.3309857495275 408.3102745471949
-66.25 -66.12076601728191 512.8603471360314
-66.25 -50.04370192455492 516.3741538592516
-66.25 -116.0403671261349 502.6174220604125
-66.25 -111.3214433577198 515.3915119975368
-66.25 71.11272876009458 479.6945815393676
-66.25 91.95730220162488 273.1511973128917
-66.25 -61.10187841613476 449.0957023206537
-66.25 -111.6507675053901 507.5346721206964
-66.25 -59.61711813747304 512.0211775521973
-66.25 36.91986135457906 480.3518153425317
-66.25 -57.51452307369363 432.493472258737
-66.25 110.6652015569801 404.1702772211615
-66.25 5.151651361727901 458.792692547363
-66.25 -112.346124906822 561.8730899486424
-66.25 -69.70312055094716 527.1097606810567
-66.25 -102.2016105655935 295.3896631487214
-66.25 98.64884786474066 429.8719757036897
-66.25 -95.92507878357368 517.7254509063087
-66.25 8.008565793471586 299.9031437055141
-66.25 -124.1801176377564 498.073259906516
-66.25 13.46889205039495 462.8163107714998
-66.25 -46.45361368261828 515.9590106620842
-66.25 6.602294956527723 478.7547112341551
-66.25 27.94870856022657 267.5194500148872
-66.25 55.78472288734746 276.2000545670425
-66.25 -54.211926859907 531.0186732173352
-66.25 -55.74884313124407 530.3743251147182
-66.25 28.0967533065483 501.4485589435452
-66.25 106.142570976478 316.5616468494381
-66.25 -115.9965385034631 493.5817464664016
-66.25 44.45063446567984 489.7699313528755
-66.25 -41.58051302211821 438.5024373177107
-66.25 -79.52743297912959 526.8548011675886
-66.25 -90.68826317084535 552.3393024362983
-66.25 0.160037322108959 513.0254161543749
-66.25 8.045718883151805 446.109190657111
-66.25 36.54795949764303 509.3302014427661
-66.25 32.78542768290723 493.3796712831776
-66.25 -77.5407971646266 477.2274556136159
-66.25 -118.1881567675509 527.3911339381457
-66.25 43.38265774997537 483.7561268215252
-66.25 16.99831477509849 487.4229321010538
-66.25 7.395810684459556 453.7659502610335
-66.25 -14.01875301000699 474.3704313851824
-66.25 2.159532253586868 479.1252923731535
-66.25 29.56843228529918 482.6229891586029
-66.25 18.79646362049147 477.5749883317428
-66.25 -120.1796504773761 548.0543922442804
-66.25 -46.59958972484451 520.5588428123988
-66.25 -52.94634972108295 505.4645195891092
-66.25 -109.0000677465019 357.3566651823668
-66.25 61.57867862508684 461.3039765932518
-66.25 -67.69911472528715 481.3852316609451
-66.25 12.5847790019202 493.0437267822667
-66.25 -107.5585024971244 512.2111429174347
-66.25 4.514711235558671 431.7739006505581
-66.25 1.261509172203738 432.048156018125
-66.25 -91.43854392768013 381.1888392638576
-66.25 -12.50861263421035 465.2181295036271
-66.25 41.68256361180769 507.8825925075487
-66.25 39.53319203068455 494.5680167425461
-66.25 -83.0744566192887 520.4356016060409
-66.25 -31.22557626615522 488.1201291502491
-66.25 -1.037621322672326 509.3089533599573
-66.25 -18.7156100256828 271.4990496079644
-66.25 -59.65768537524874 522.7954797773642
-66.25 -80.88543727789055 530.9850381418287
-66.25 12.72289694179104 508.1634815847566
-66.25 -56.72607682870751 509.7349778666435
-66.25 -93.45568729388327 500.3526243269429
-66.25 83.17458722389594 476.1488811485793
-66.25 34.679314636649 503.9900521555012
-66.25 120.2526700296925 384.7468588033078
-66.25 -104.0389272076548 533.4602548929048
-66.25 18.63266647014855 502.1008041604296
-66.25 71.5661430819469 509.247013656182
-66.25 -22.88913588671866 445.7572280383102
-66.25 102.1341052088315 341.8942786474316
-66.25 -39.39694314907064 513.896946963261
-66.25 11.75765724596407 472.218519370511
-66.25 12.74140252338656 501.0301128167638
-66.25 -14.57910729811655 514.8349420288181
-66.25 108.4144840450259 366.0434824449939
-66.25 31.80357510256954 464.1729357620489
-66.25 50.58038377271564 276.6645286744247
-66.25 -108.9156272349724 399.8401275861879
-66.25 32.8691143013684 498.2548199302872
-66.25 50.67357032217352 475.4957565983582
-66.25 48.30053988628964 489.6351501677879
-66.25 -61.08101765084508 353.9721149615283
-66.25 -10.99112320396322 503.2831849817131
-66.25 80.060449571238 504.0338073085492
-66.25 23.57125549309073 501.7568846206289
-66.25 -118.3519175310911 519.4406646484953
-66.25 31.38077898027969 501.292225266748
-66.25 -26.51335869969569 467.7012586387849
-66.25 83.82219033374922 503.2773915935163
-66.25 -35.71015877272233 446.9908398376181
-66.25 -8.143315473771988 471.6047996535782
-66.25 5.841449849683701 342.5721459102829
-66.25 -32.50398319229092 463.2996430487758
-66.25 -25.40679704357931 510.7045873640021
-66.25 68.82086714736185 463.4836820790716
-66.25 85.09398429842027 508.9488583692711
-66.25 52.12607002628059 492.8704871802291
-66.25 -108.6499999998506 258.9514008996099
-66.25 22.51809514173606 497.3616396757575
-66.25 86.15531194242929 462.4239530369113
-66.25 -85.06747857889452 536.5477249126491
-66.25 -19.74794578593757 445.4920262921557
-66.25 57.90455694009643 503.499588338029
-66.25 -114.7812938860005 471.3887908983805
-66.25 53.13838583091582 479.1507459541849
-66.25 45.3236924228915 511.5478101012863
-66.25 -14.27282457048631 503.6348156029291
-66.25 -48.62856722617101 527.3657045392946
-66.25 -23.79578695063161 467.4476352985678
-66.25 -22.36210953700529 510.4905603720227
-66.25 -75.47435963479728 395.5353661915067
-66.25 -29.24296002209014 446.3841808063418
-66.25 1.45399991775629 361.8873795715174
-66.25 -18.29131256117466 479.195411947324
-66.25 -5.498644642645914 288.4557902520558
-66.25 -68.34590800835146 528.8130061870992
-66.25 -120.1358033458656 564.5029838275123
-66.25 -76.5275263041959 543.8252237675118
-66.25 49.90453504642922 506.4997352577861
-66.25 -51.71600437905678 493.7090654983036
-66.25 -119.288081452146 539.9909533594619
-66.25 -68.56138242544709 459.185014891043
-66.25 -107.2521986524123 470.7049078528142
-66.25 -79.77026633920647 404.3557871975918
-66.25 -8.841219709363449 478.1520106128604
-66.25 18.08086338072082 506.2907655993742
-66.25 50.53238799855033 485.0093430063979
-66.25 -96.52794626495314 505.2251930796407
-66.25 93.95584521912753 446.1401713562118
-66.25 -78.04878765914999 411.1895738570311
-66.25 -31.31005260291562 472.9114982100665
-66.25 65.73597392068767 508.1813281634072
-66.25 -4.26602611468566 401.287915428406
-66.25 53.8182454884615 502.1019096453235
-66.25 64.37934474546319 495.8567355413156
-66.25 -89.00861800517178 537.2062201700633
-66.25 44.0626368654538 343.1161233021149
-66.25 46.52881114018754 346.9598418880628
-66.25 -15.30186297577703 302.1996975326948
-66.25 -115.1355427827013 534.5617678671763
-66.25 -125.0784543053733 559.2510793311975
-66.25 -74.4824655877199 524.0857546167797
-66.25 1.734378693032459 305.0017690328565
-66.25 28.82565036211115 499.9415041666132
-66.25 -56.12337095697917 466.4641101100748
-66.25 -27.10642552754546 442.9117480707365
-66.25 43.23279392074785 429.5596783865035
-66.25 -111.3460911662026 542.8009297440389
-66.25 41.92710439685836 445.7607088259459
-66.25 61.03273889876944 499.3394569119337
-66.25 -33.33030408847205 477.6764076813993
-66.25 -84.1424881548414 504.0834899046832
-66.25 -34.05154670239828 513.1655901636024
-66.25 12.86539436459164 345.8951968153083
-66.25 28.98731205229251 474.8513884604143
-66.25 28.2645533346942 436.398392608372
-66.25 75.45752744077096 428.4753889424824
-66.25 74.50330410147252 467.9030116175967
-66.25 84.86836428725968 382.6836014901717
-66.25 -22.17000189176281 306.9971463578327
-66.25 -74.55280429644658 403.1976300083321
-66.25 -28.70775494087491 302.7769993731633
-66.25 64.62350488664279 506.7468413524705
-66.25 63.58132303171955 505.463012222735
-66.25 26.29887428714014 352.4830687098012
-66.25 -113.4244687327161 549.051085292065
-66.25 -53.35352451045814 491.6197606514613
-66.25 73.99938281497219 495.0419800636516
-66.25 -97.42554525553007 520.7348703561964
-66.25 94.14917174610308 268.4001919277223
-66.25 -122.2070577241412 533.4828982592566
-66.25 -102.6014177019815 552.4236268601769
-66.25 57.85102227124336 486.1628467702829
-66.25 69.93112403264587 310.6101228291164
-66.25 62.25396944468468 492.7279282200044
-66.25 -0.5647173937604362 288.013219105233
-66.25 -95.68428996148801 555.439102956357
-66.25 -96.95098731837179 423.4937462805601
-66.25 -107.616460393243 407.8833806324411
-66.25 93.93311085707563 299.6960791316754
-66.25 -92.30277089099123 519.8402502870103
-66.25 -3.973159332337875 509.6539038887861
-66.25 -28.74773109537168 491.8239017429853
-66.25 81.27423287146046 422.6348221634157
-66.25 -53.00913411045011 484.7569738118843
-66.25 37.88874878939897 421.6258480702135
-66.25 -111.950394209226 353.2064939758023
-66.25 -25.89219094487097 504.8313267503379
-66.25 72.42058727781799 455.8138016233628
-66.25 -64.80998702638881 481.034902403458
-66.25 -94.91667733110353 547.064682980843
-66.25 -0.1477488155063926 347.1130359799561
-66.25 -113.1832317383589 409.1082598665868
-66.25 103.6354962963785 329.0959543457593
-66.25 87.04483929300692 454.5039450229034
-66.25 -78.13829032207187 371.6741501864506
-66.25 -86.53540769837079 545.7159464645192
-66.25 -63.30087381231026 446.1497143294412
-66.25 -99.06643576696662 459.9727820001168
-66.25 -51.41268653863641 418.3279561939714
-66.25 -83.24108637511162 545.1459502140326
-66.25 82.2175184459312 364.5052427178896
-66.25 -7.968535927325866 373.4178815647676
-66.25 60.08292581441292 489.510057769967
-66.25 -107.3733636384337 295.8967737615579
-66.25 -79.93059272562267 544.5535166205933
-66.25 70.76139804524172 424.3776211426635
-66.25 65.86680722771118 373.391811055651
-66.25 -56.80308921376982 533.1519173772467
-66.25 -106.3340805092011 558.7598477557603
-66.25 38.84274329960752 476.4595539623631
-66.25 -43.53283941365731 490.4316277640388
-66.25 -56.24273653597098 527.0911732246393
-66.25 69.85744327867771 509.2628125392848
-66.25 48.65829329938828 379.3216395682908
-66.25 61.03908812190179 439.1224720807112
-66.25 19.61719086262373 418.9822094754753
-66.25 59.16389826543702 280.6956775062616
-66.25 54.86639396897977 411.1577186276102
-66.25 -126.8080979763849 520.6778136727589
-66.25 -108.0405456046896 559.1289062335104
-66.25 1.851300279441831 492.4498125917611
-66.25 35.25679462928604 293.326812893166
-66.25 -108.4147733092502 515.0255267494459
-66.25 -99.44119718128835 505.6635616382447
-66.25 -30.56101655780367 508.3762174275353
-66.25 88.69020181579356 490.8356513671158
-66.25 -3.024940311151346 305.4594663637051
-66.25 14.72106194799928 460.3898096926799
-66.25 14.15095713121992 430.9932624228254
-66.25 -45.6709213353564 447.9095561863637
-66.25 -76.13498800064747 367.5572395326254
-66.25 -110.7593146380279 529.0967849127632
-66.25 20.80252182732093 507.6395751009376
-66.25 -9.946871272644513 480.4230614108351
-66.25 -15.56434964804916 472.3278940321566
-66.25 54.1667219890284 477.1749992670798
-66.25 77.54173683881061 477.23439930123
-66.25 -32.64774056009207 321.696472433307
-66.25 -4.487293240188261 347.5388040212374
-66.25 -99.60396567749484 419.389346720193
-66.25 -5.430931687384065 509.8267956632969
-66.25 -108.590395260293 546.1588375521098
-66.25 -91.35846577900064 494.7148421774981
-66.25 122.3387805493275 373.325377471463
-66.25 -14.463090258345 490.3924818317337
-66.25 34.40124220359459 514.4660100129285
-66.25 55.52895310000503 482.706332397223
-66.25 70.42775691233044 504.8439418829193
-66.25 80.37971708903342 486.3950825057963
-66.25 -128.1573630794432 347.0634343172599
-66.25 -2.691932859960422 362.3115008563404
-66.25 -112.5618571170085 296.38342150836
-66.25 -35.89614324433113 338.4455928737815
-66.25 74.03727416236039 504.4822727370496
-66.25 72.02128987478339 306.0399354248454
-66.25 -75.22752901590641 549.6526107691376
-66.25 -40.32596934669026 403.2150294428658
-66.25 41.46071194737601 461.7134657773989
-66.25 -35.03854499789973 518.4952112804916
-66.25 98.99428591869737 299.2929272281344
-66.25 82.1549146196388 500.1534411158357
-66.25 -94.21611566116123 377.2239845351256
-66.25 30.45998884146634 462.0332662602232
-66.25 58.77865197049808 502.0315910915496
-66.25 30.96563703024654 493.4747805518431
-66.25 -101.2528023560667 503.1390248231828
-66.25 -55.94218201192744 429.0295253499423
-66.25 -68.85042024312497 423.567277884916
-66.25 -125.520328870714 479.3154624651035
-66.25 8.7499471431672 507.1403803885345
-66.25 -97.50168096221289 557.0973141041932
-66.25 -15.06557675920468 497.4682538349292
-66.25 63.75244833799169 451.6980780537516
-66.25 92.55811908547528 382.2637341069616
-66.25 78.9626543419573 505.7456392232953
-66.25 15.4719391227046 448.1233126752322
-66.25 60.76605836544209 364.2172954008003
-66.25 48.38202293126892 396.0181329392479
-66.25 27.18342270128632 367.0664683825287
-66.25 -72.88296037632148 547.4645875748796
-66.25 55.70627940258559 507.7997030087766
-66.25 52.99771445029767 434.0895490811334
-66.25 3.027949975595181 416.6296202117049
-66.25 -88.24921258543849 481.631393982381
-66.25 77.31955266152509 431.2123512489917
-66.25 -6.497544550874091 398.1524976793534
-66.25 -126.811152981471 547.4792873689886
-66.25 110.4829630909008 361.8182754648415
-66.25 -115.6470324662395 292.0720334952682
-66.25 18.55000000034149 258.8154040424158
-66.25 -91.35335645067278 442.0178447660672
-66.25 -7.037397425856469 508.4640352553674
-66.25 -24.85073684215526 502.997095173417
-66.25 -7.995368367150292 343.5579263728548
-66.25 -15.43413890187537 502.1689393717695
-66.25 93.53003152313421 441.100885050838
-66.25 35.38523025485405 487.6824928736992
-66.25 33.3365709193364 424.9339659253491
-66.25 0.6655919166737391 490.7810756110288
-66.25 72.42526546940935 428.7596882651854
-66.25 -58.05706500299863 534.1849163011741
-66.25 25.4115915271962 482.9716249659892
-66.25 80.86037154303202 449.8190748763213
-66.25 -6.796879157791958 301.1222726547946
-66.25 -58.29773004600901 425.7633311052966
-66.25 -128.1839555352709 267.7233477596087
-66.25 10.96717865395894 431.3019564710662
-66.25 122.0410114977246 348.8152229953128
-66.25 104.175099681095 337.4367475293841
-66.25 45.05000000025437 258.8036790818028
-66.25 -38.16636792497128 519.1434161846707
-66.25 56.67480496474578 414.0347740048854
-66.25 69.1581272867577 302.0862631358893
-66.25 -44.64603408082055 509.909841076577
-66.25 40.40001961131929 474.5208971211719
-66.25 -120.4305398264448 517.0653540948525
-66.25 -82.35704802458288 529.2014518941286
-66.25 55.41954719359403 491.5650436875491
-66.25 26.04664670766157 505.9477960134183
-66.25 -49.74655074117856 414.8404862569464
-66.25 11.84609838638185 506.945648356374
-66.25 40.32004298428323 512.8144124199408
-66.25 44.67512519559806 426.6185126927795
-66.25 -11.46929603615599 497.1682205552543
-66.25 92.19864987856694 500.8455680536126
-66.25 -114.6068515005401 379.8759909382624
-66.25 82.70466590919698 419.7925298989264
-66.25 33.1560432317108 396.7978801538815
-66.25 -23.27879280250656 476.8041551797728
-66.25 -124.8795715564968 468.8609748954962
-66.25 -124.298569962488 565.6518162997992
-66.25 -103.2223582098002 500.5828582905869
-66.25 47.82360510993492 497.7655186326825
-66.25 -114.895510441803 425.0544019422238
-66.25 2.44602851746389 515.3808963561919
-66.25 -66.75052585892165 446.7080391170942
-66.25 -117.0530674468018 353.7832084813758
-66.25 -72.96372492573764 507.1545740632854
-66.25 41.42458452610985 339.6053586032044
-66.25 -5.366578401765815 358.7294717418054
-66.25 70.42218851160543 418.5242396915954
-66.25 94.03437517299334 427.6040525217379
-66.25 -10.27578825841826 501.6974638284863
-66.25 -98.99876941681241 377.7714734973983
-66.25 -79.5694246944022 474.6353850888275
-66.25 23.3346776940065 483.1239785940259
-66.25 56.43355832640447 480.3022587669315
-66.25 -60.70037309817207 535.9538539793214
-66.25 54.61234292099041 381.6344176234308
-66.25 -93.21956063187139 415.5444766140681
-66.25 -128.0683513941658 262.6905030952029
-66.25 -12.46434831981037 490.2171119273122
-66.25 -58.82569205890845 510.0763181679506
-66.25 -113.7964167266702 551.0441043701293
-66.25 -44.25089425472261 444.8697239135417
-66.25 -9.616333710838946 469.5707982776912
-66.25 -119.5201015443138 434.6761100327115
-66.25 83.10313140268157 518.71118097756
-66.25 30.45479245582399 499.8875156102824
-66.25 -76.51946655761728 345.3975431828455
-66.25 -18.84253744049532 456.0453553307636
-66.25 123.1100982615409 332.4195880944583
-66.25 -75.67214963410119 440.2451282192296
-66.25 -101.7428973998377 526.0895157779839
-66.25 127.4362760968221 355.8607688279944
-66.25 117.0269688871837 415.0020711048621
-66.25 -12.47017043589699 432.9239537265959
-66.25 90.78241853499807 346.7946450059684
-66.25 -85.9114585405122 461.2652397195424
-66.25 78.77721501873349 465.2242241243401
-66.25 0.925195785124171 413.5606527213544
-66.25 7.056503331575666 505.6948902857216
-66.25 -38.6423472185449 504.1137279541349
-66.25 -11.36245541897507 488.1130320257055
-66.25 -4.839627864550754 394.8270119723774
-66.25 -61.66696146359433 500.4738462335604
-66.25 -66.89076823669778 525.1539347244104
-66.25 62.32542678425328 436.3004357049262
-66.25 106.2932660683779 332.98727631165
-66.25 -109.8136460563289 526.5980276988153
-66.25 56.4061739661343 449.7760790940824
-66.25 -27.36393959990482 391.4227353875087
-66.25 12.50104481448892 371.8403222880805
-66.25 -70.98008260368398 542.6424698960792
-66.25 41.63408791701647 512.8515339150019
-66.25 -5.724158287937357 275.1073870147666
-66.25 -122.1572569991669 554.7230403199718
-66.25 -13.5965103048677 509.1559851330283
-66.25 -15.60939997604485 488.7385411928341
-66.25 18.6257699372093 462.5689172105264
-66.25 -13.67724943346933 271.3069364750648
-66.25 5.195076922713293 476.8560987832805
-66.25 75.75431228021242 465.3482745955233
-66.25 -19.25660195679423 502.4326619230176
-66.25 -22.53109501097705 504.5309700241195
-66.25 54.64879746242315 500.6627633650455
-66.25 42.97918742819763 477.9645012640821
-66.25 7.940446413309356 470.4492114460653
-66.25 31.32293169025738 366.7472166611278
-66.25 -17.55888687602667 504.0280910269582
-66.25 -41.55253912872072 481.2300057443355
-66.25 60.01686796369684 413.7652907009594
-66.25 -122.1999967601969 354.3064529352917
-66.25 74.65816517714634 417.4376959575186
-66.25 -17.73602056686692 398.9626877126007
-66.25 -17.98226357321186 472.6807438789413
-66.25 -77.16712393404013 535.3417018459189
-66.25 -41.66414456441588 497.3345605359929
-66.25 -73.20623955333912 350.998736217626
-66.25 5.733352661682351 507.3999231486211
-66.25 -70.72859228744352 456.4171473705425
-66.25 27.63037708189748 472.9169666275573
-66.25 -54.23298290141775 503.7594698510725
-66.25 96.24625502164238 263.9189043125757
-66.25 -84.39673260557346 490.9966060416882
-66.25 86.68811660352598 379.1127291352676
-66.25 -114.207421398208 532.1274189300613
-66.25 -117.5901350141326 551.9346303812958
-66.25 -90.4675929310677 478.9484827571611
-66.25 -31.56921101698816 307.8054149634951
-66.25 44.14565991601069 465.7572839228762
-66.25 42.82360869457369 424.0936009886202
-66.25 -120.9366554116525 528.007688987779
-66.25 -128.158959105799 399.5417200864208
-66.25 23.30402010048683 513.7350410504007
-66.25 60.75317143513545 501.9165786276938
-66.25 -115.954579905979 529.8488093840699
-66.25 -62.00405795421663 426.2969497700932
-66.25 -75.90397099146129 522.3809775137458
-66.25 -41.91991940964913 337.9905740981105
-66.25 88.08589399457122 342.8208931530032
-66.25 -47.25720670165925 526.6328799528392
-66.25 45.48929415024017 330.9858794342467
-66.25 -21.12601805361475 430.5983116958163
-66.25 26.63316582914577 514.9200920344333
-66.25 -20.86542283074856 504.3755787374471
-66.25 73.42620954637498 412.3203460116465
-66.25 68.42480263027548 493.9253255757206
-66.25 117.0458702048347 273.3735388576291
-66.25 -126.3911517166531 564.6335998059534
-66.25 -127.9976722776961 565.3737141071264
-66.25 39.95939901651622 459.5812553299445
-66.25 -16.89037255761697 497.6692231425559
-66.25 46.11458537205971 497.8385079830409
-66.25 73.5893429086326 453.2447469146456
-66.25 43.83946076755452 395.8376860783185
-66.25 -53.01096488135646 523.1735828176379
-66.25 -19.70732457217292 427.4461852224131
-66.25 35.42180883939668 502.604058980242
-66.25 -103.3499999998396 258.6929796837766
-66.25 95.68537294169113 452.3358689341356
-66.25 -4.660584888500875 514.7448980085085
-66.25 -105.1847850892768 498.05073392472
-66.25 43.41007416869774 335.4244131982896
-66.25 26.86161622504107 498.686642571901
-66.25 -3.179932549948677 391.3531808760936
-66.25 -9.019615338018731 432.774801672556
-66.25 35.77585127317958 478.5940270608368
-66.25 50.47303794506247 512.0965745495555
-66.25 -6.63207671538097 420.4961067832811
-66.25 -46.33275964979769 441.9002753999381
-66.25 -106.6585522983126 545.9609750476817
-66.25 -107.8071712076199 544.2761285088903
-66.25 -89.96712064785858 550.5321130128428
-66.25 -68.23266576680456 522.8787847589119
-66.25 -111.1290455035359 416.5772838824328
-66.25 1.812926544244671 261.0628836614674
-66.25 -128.7976934187536 445.4110561370475
-66.25 80.91263292769 265.3605141386311
-66.25 -85.57822351569237 553.4535139157312
-66.25 31.06006719700583 393.7522828504902
-66.25 23.89111733555816 435.7349926490795
-66.25 11.4290128979391 491.5640565285572
-66.25 -33.98503477732599 272.9999524226847
-66.25 -67.25326694577811 535.3260472799708
-66.25 84.13502177430972 416.9435431876884
-66.25 89.4633717226168 508.8712015100062
-66.25 74.85616988867444 493.0800468704225
-66.25 -8.497063081867735 489.8565987188819
-66.25 -44.62589903281049 334.1433419756573
-66.25 45.78667892173536 277.0409447967494
-66.25 71.29293962029692 514.7789047012702
-66.25 88.98324781161325 351.8068419309182
-66.25 -81.44519495817305 472.0952287598782
-66.25 -54.90760431431471 463.6837695724199
-66.25 3.607820805492513 456.5978289987674
-66.25 -21.61715214459394 456.3127848502959
-66.25 -48.40569900013133 404.0402219363409
-66.25 3.762251048592607 513.8443911989648
-66.25 26.76006922258745 504.4433490063956
-66.25 -123.1348379055771 319.6141531511074
-66.25 5.326633165829152 515.184388173763
-66.25 -37.330796464534 474.9797169127744
-66.25 60.59464671240088 433.9227288982121
-66.25 60.01876107830943 497.7664462259048
-66.25 29.86570621020013 491.8890567541119
-66.25 44.68961519347666 496.1212335937789
-66.25 -89.44892310655224 355.2048872843308
-66.25 80.18558790450449 467.6010423219615
-66.25 77.56450233389357 411.4763426951683
-66.25 24.63567839197566 513.755743595513
-66.25 85.71532617446321 395.4779062462327
-66.25 -12.61718954265627 427.1746381988107
-66.25 -65.83940401643919 426.7890540048668
-66.25 21.97236180904524 513.7581852566258
-66.25 -31.64688100857832 457.6737238239655
-66.25 76.54320912463865 405.9480536517173
-66.25 -6.532380251079092 489.6601790255231
-66.25 115.0984064690716 361.7412313023118
-66.25 11.80378894745072 499.6755452636601
-66.25 15.69971447542345 396.2148820904573
-66.25 35.42779034024058 366.4502601925485
-66.25 45.97939486616065 510.3166568709386
-66.25 -129.656465444078 515.7729282607645
-66.25 -7.703006620762213 503.0267434819192
-66.25 123.5608957035671 406.3502090632016
-66.25 -88.08228091317437 458.5721955208657
-66.25 101.4773959494888 263.5769651354827
-66.25 44.01189678207556 389.7065286886483
-66.25 9.163046708857303 496.4693063864162
-66.25 17.67402511697719 500.7538661618315
-66.25 -115.9600095652687 560.0193575660204
-66.25 17.22915478490696 514.8943254869965
-66.25 -18.72586919358768 497.8546669670852
-66.25 89.46698575340889 395.2164974959367
-66.25 -11.41029368316554 514.17412807774
-66.25 3.07057362922553 477.1790597018505
-66.25 -54.6027830574381 482.494785299947
-66.25 11.89607191675938 515.1467939680875
-66.25 -86.02441296496448 454.7188606373766
-66.25 127.9005572468055 401.3784134404492
-66.25 35.48696419303302 302.3420794638223
-66.25 -78.82924941889858 363.5855750618261
-66.25 38.51510348652798 275.7831188448253
-66.25 -96.02433051314766 338.1846057859349
-66.25 80.31946873996721 405.5033234318921
-66.25 -44.50303551753683 399.5746936409348
-66.25 -81.52586325108014 527.3243883505711
-66.25 -60.65839307452813 381.4721300925427
-66.25 -8.554009850874932 467.244653190758
-66.25 23.85000000032405 258.5530696932706
-66.25 38.61809045226131 514.2060333181536
-66.25 -75.35578028079087 460.2636087798317
-66.25 60.94240411779962 487.7802092230663
-66.25 -32.27143969756983 501.5196734359147
-66.25 84.39833442544825 360.5462499136001
-66.25 -5.207640637573472 483.6354892603377
-66.25 -89.04353083701132 335.1417392540116
-66.25 83.4902564850355 399.0879787208623
-66.25 53.76209826488934 499.1945806108278
-66.25 35.98537957975874 512.9242587683227
-66.25 121.047547849138 410.0417840772596
-66.25 119.8133455759652 411.6932821173271
-66.25 87.34158874657012 512.0104846641584
-66.25 -128.0339143744257 552.5775878592917
-66.25 -83.09750030463728 501.6216456434441
-66.25 -109.611894574274 561.1386052728678
-66.25 -64.98300901973529 503.1625600232852
-66.25 -65.39681431514487 521.4303189516722
-66.25 74.47659058798739 345.4319477723977
-66.25 -93.24845147103771 491.2382073773112
-66.25 -129.1636422280511 459.4187525446957
-66.25 -110.3695567121681 512.7014649198771
-66.25 81.71799935921854 402.4411353711176
-66.25 -55.28103034958696 396.707799742321
-66.25 -103.8682553055167 378.4577509485234
-66.25 -93.5221641072191 556.3062594889537
-66.25 6.483195426956941 468.471180690475
-66.25 64.3986977285756 503.9093610573939
-66.25 -14.66724868652723 424.2910402589016
-66.25 -109.434165969892 492.6602891134023
-66.25 85.5905359118407 414.0200546463246
-66.25 51.96752956981675 263.5932237267253
-66.25 -77.50913078554179 336.7117198875584
-66.25 -37.43041567404629 513.5689846193507
-66.25 -23.1537397983077 515.6475918689441
-66.25 42.70621837840591 497.9694441675674
-66.25 30.74654427444116 457.8279065535307
-66.25 -83.73653500262529 469.2753206090545
-66.25 -69.13824023848029 443.7366589927955
-66.25 -27.90974913090268 489.9994650887889
-66.25 -24.53300596104208 484.2591371663294
-66.25 75.85244322313285 443.1898336754562
-66.25 -77.65443063188238 551.0988480434
-66.25 -6.537903254821012 501.2036188715509
-66.25 -75.08312788384627 520.3479463839019
-66.25 25.88749745338912 503.1882088360256
-66.25 52.75230191932101 385.5784778197523
-66.25 -107.3205622218149 495.4036221373902
-66.25 -129.3910965601684 567.4829594102038
-66.25 31.85373469825174 514.9079863406977
-66.25 -20.98684890928052 496.1037826297593
-66.25 4.404563927843146 287.9333341456668
-66.25 37.36130076165918 362.4469956609663
-66.25 6.030877880677039 495.1742138110436
-66.25 98.67792110140458 434.8895226015756
-66.25 -59.20609991639767 327.3682006758201
-66.25 -67.93418632641782 500.9815019464048
-66.25 -11.01803472864496 363.321900224342
-66.25 73.84992917675184 390.662195219707
-66.25 39.07450088404569 472.4295720671798
-66.25 76.45124221173124 453.0980067934993
-66.25 39.87200620731066 389.8742627535665
-66.25 -81.62363558451364 359.643965304631
-66.25 -80.36090340747468 332.6925533430588
-66.25 10.29018675437374 489.9979037191055
-66.25 -47.20833034848659 524.9831306175632
-66.25 25.5818240091505 466.4192382666407
-66.25 17.86003965567177 485.7396561178116
-66.25 80.92198853587918 505.7267511991008
-66.25 -14.22917124158752 510.9617202734737
-66.25 -32.7325800964991 510.144981884938
-66.25 -126.8396435904453 559.885399765365
-66.25 -124.0393841116184 381.4529776459456
-66.25 27.64697584429736 496.9054432314756
-66.25 42.47785346550888 506.6254518880788
-66.25 -86.75405594810023 552.5449571576964
-66.25 27.0454966536381 457.4820753810779
-66.25 -76.32993580661187 432.9224107210634
-66.25 90.03103402013082 488.2250955534884
-66.25 -115.3444965034628 549.5023578605474
-66.25 79.98041018486006 443.9401815871797
-66.25 66.34366263488157 499.0032585772288
-66.25 36.81678179321911 476.6366297251062
-66.25 -59.66141038629712 397.1441052268916
-66.25 40.51407260344403 455.6521814014359
-66.25 -128.8443805012408 450.8378241535214
-66.25 20.54199901146847 444.1037559380895
-66.25 95.49699028182076 491.1997443141647
-66.25 -129.7868934352715 504.5162700162546
-66.25 90.40038606668936 379.1241950934126
-66.25 36.18071726118665 501.1418637205454
-66.25 85.94945099618879 513.875107442944
-66.25 -123.7716348643774 553.1212069657471
-66.25 -69.26437391499788 535.6758189332241
-66.25 -63.48245492131601 478.3740136284292
-66.25 -60.20162802212054 519.4842548943774
-66.25 62.5276341723014 506.4644754455782
-66.25 4.629898593017311 497.1835220795798
-66.25 -104.1585708706294 559.6938780113453
-66.25 -49.79439723429311 438.8574077766308
-66.25 53.00325181958474 491.3596320807566
-66.25 2.863286911602695 497.3327373638343
-66.25 3.538010607486977 488.9512205934039
-66.25 26.32782320876422 471.0048470125494
-66.25 -43.36118804902735 495.2355475705106
-66.25 86.41929593601184 356.4682736570601
-66.25 -117.4878504042835 563.9946532740726
-66.25 -126.3433287956446 495.1403962675435
-66.25 -97.4445630263393 263.7842683601169
-66.25 -129.3111564859929 485.5420564125462
-66.25 -70.61140914306752 501.3873640512316
-66.25 -64.04967177552669 327.8265376927307
-66.25 37.286432160804 514.2380837219272
-66.25 3.90201810126135 390.891915724659
-66.25 -44.74820550809598 502.6766218647593
-66.25 -86.23215525237865 360.2084337010564
-66.25 -24.04712685817812 514.4559586476408
-66.25 41.15662298856847 514.1687941933353
-66.25 54.79673024811363 447.4854503597801
-66.25 32.30448328924866 297.6317506085264
-66.25 -82.64559723830696 454.516326803678
-66.25 100.262228145591 438.0271127826686
-66.25 -40.5549334799321 504.412037892961
-66.25 1.871794595337609 380.7578639371265
-66.25 -76.48210602481731 490.6802563266368
-66.25 79.45839645529102 452.8646639546791
-66.25 88.40596922817051 510.5042988619579
-66.25 34.97937073601906 359.4208861801371
-66.25 -18.39197206443074 424.5438356940751
-66.25 -105.5318264482093 543.736087259216
-66.25 110.5194958316948 398.7699183203502
-66.25 40.834091987016 421.5011006916985
-66.25 61.29000526301761 410.9634503352204
-66.25 -108.6604094235197 379.0081576620685
-66.25 71.27984863206841 441.0423721313396
-66.25 -25.37977252825575 496.7283705805734
-66.25 106.1386298913521 263.0614653816301
-66.25 -102.8403729419608 545.3442242146039
-66.25 25.89722779001173 428.127194491086
-66.25 -22.43012739656151 498.2196931517795
-66.25 45.24862365039002 483.86970555627
-66.25 -54.05329829871454 500.2153448317761
-66.25 16.69167981669511 499.3243260650074
-66.25 -78.89099304876207 551.6416129827008
-66.25 -33.70649504610813 473.2581390661197
-66.25 78.69505828149094 475.0006042703974
-66.25 -4.418089738529764 502.7438936382787
-66.25 -27.17658745477608 496.778927184093
-66.25 87.04464096172211 411.1318230961036
-66.25 -45.86949167435497 479.3825530000468
-66.25 64.15730231458186 407.0406255024585
-66.25 -67.51886111038937 542.1469680353392
-66.25 -74.65627660987315 429.0818510559611
-66.25 0.3404180649993981 316.8214802616139
-66.25 -34.93215963723966 511.9818356547108
-66.25 79.06676153188717 447.8709155325763
-66.25 -83.38749250460505 463.890634203593
-66.25 -15.88597840065183 359.4444846678222
-66.25 -10.99169952122713 302.1162331317145
-66.25 117.7915515226463 310.9018288899567
-66.25 -9.613315695348064 328.5105586750616
-66.25 52.2226098596178 378.9660961340835
-66.25 -22.65728287950138 464.6464822694259
-66.25 52.72458624867722 475.4182361283494
-66.25 -12.64993180107877 514.3162419146115
-66.25 -89.00653450325285 476.1102758027146
-66.25 -112.4061920135122 510.2663813431612
-66.25 -39.65297164825498 515.350895065838
-66.25 20.64070351758806 513.8323251345826
-66.25 18.19943983518441 496.1747203450926
-66.25 63.75398436590839 509.7013636052753
-66.25 -71.9023550353931 544.4189156400722
-66.25 -118.0503700214293 544.0077027319801
-66.25 -80.3924051973267 534.2062773403898
-66.25 -75.23246916449105 548.090852720484
-66.25 -27.94453138362236 498.5544366001628
-66.25 -82.0569608298615 499.0061271960508
-66.25 -37.82474502569824 488.9315277149478
-66.25 -77.83697936823111 457.3498494085381
-66.25 27.42530392925354 468.9288561315359
-66.25 -78.3197461156027 533.9391045546557
-66.25 -78.0418413762024 315.016857561627
-66.25 -87.34965505960974 534.997303266766
-66.25 -36.21990356112248 466.3602062257315
-66.25 57.81652420827109 497.634254703766
-66.25 -25.91599224136532 277.1598258890016
-66.25 76.94857183864877 492.7862542860327
-66.25 41.66294674165683 505.2217150610945
-66.25 37.98240366690939 386.9635143936674
-66.25 -109.0300457452232 542.7063015343159
-66.25 33.99284460428292 387.1833551777312
-66.25 83.04704888992242 486.4788833657604
-66.25 -19.45999886939618 364.2049369342477
-66.25 32.52605583708671 355.9826776803284
-66.25 66.79325801538533 341.8856953735559
-66.25 -30.03798618142023 498.8806463632312
-66.25 15.67416200477739 497.4188347542127
-66.25 91.05835997850124 451.4300538247603
-66.25 -38.3864084875786 481.6489508066827
-66.25 -38.82704381805436 485.1998509087609
-66.25 42.22865780933483 264.394190740859
-66.25 -29.21901291232746 488.0657293478424
-66.25 91.08046642725077 469.7354387632092
-66.25 -67.1936655553972 323.6235474281548
-66.25 -8.179260068736829 510.2001984442701
-66.25 -89.62346290295316 320.0873712384073
-66.25 23.45172970298125 388.2818784776228
-66.25 -35.69041798677046 417.2237585948806
-66.25 -74.27922482052828 518.3074308037687
-66.25 112.2767464382874 417.0699673326133
-66.25 -1.357080143602506 516.1832553844185
-66.25 56.06035596653827 444.8065193531426
-66.25 -123.9481912008178 408.8091053623968
-66.25 29.16365626038106 391.0592534971526
-66.25 -46.57153595067314 505.0866832617262
-66.25 -76.47177051382045 516.0853143971946
-66.25 -115.7032673060777 384.1412437481986
-66.25 1.844130719508882 454.3020055719954
-66.25 -70.872182475521 319.2703841765559
-66.25 -79.35195305979957 491.1610356563104
-66.25 -50.6811826797463 479.9578657087146
-66.25 -19.50900757863875 302.8136654774945
-66.25 -79.4824713057763 342.2866681107093
-66.25 -65.36216494944748 475.9149940706514
-66.25 30.13596151919974 263.530799951704
-66.25 37.27456532578123 470.3142503302948
-66.25 -105.7191802573964 553.0547519682087
-66.25 57.20410021104881 263.3772752447412
-66.25 88.52773577412354 408.1531139924538
-66.25 54.67167745782315 497.6979778153673
-66.25 72.06040149091154 436.6108114170491
-66.25 124.0062320510926 384.5224699403281
-66.25 -72.08399999504731 504.1700534683795
-66.25 -72.74392328528685 534.6019349963918
-66.25 -35.14835129064137 500.6238835781354
-66.25 99.89585606763545 432.1383826932869
-66.25 -42.51985061796689 504.6907830023106
-66.25 56.3172272389088 476.3206053102952
-66.25 -40.21570807625541 519.4100540695677
-66.25 63.37897297140822 487.4511066593117
-66.25 -96.00570016126204 453.3925149267864
-66.25 -128.7985836267695 357.6421125249482
-66.25 -87.15177395919115 351.6093250096691
-66.25 -119.3851112359738 438.6137962516201
-66.25 -127.6124408376535 534.0631877153638
-66.25 -119.1341730112429 392.9051448922461
-66.25 -39.0228392571011 380.8587161920889
-66.25 -35.02379188761097 463.7282905089365
-66.25 -28.09096221263719 516.1327926013491
-66.25 16.51802757037988 483.4535663118154
-66.25 -124.0404219540449 520.7564884368451
-66.25 -67.08999568403101 470.1864885255382
-66.25 121.1637840088313 406.0980504810808
-66.25 -127.0676008127621 510.1601371659518
-66.25 -87.45556827476864 331.1150062677043
-66.25 -69.29646865930815 427.2309095315637
-66.25 -64.28838349321133 263.1748308543687
-66.25 -101.4852283196554 457.5343973268393
-66.25 127.6267371411591 393.6646307976042
-66.25 -97.61321709157296 316.4022842519632
-66.25 -25.80884170138354 481.1165720933766
-66.25 2.144890407323259 388.0445726000499
-66.25 -123.5476528687976 311.1750973436179
-66.25 35.24875790856859 499.7823228353988
-66.25 -110.6196900236743 540.2650893705397
-66.25 -86.8696435484315 302.4602699435129
-66.25 108.9350012142452 267.4808246651727
-66.25 -92.75234176097064 537.9344599146672
-66.25 -126.8562855715025 566.7159813421304
-66.25 51.46094048187781 473.6355922069271
-66.25 40.82861248091785 503.8738073327174
-66.25 -92.74999999981756 258.1795524173339
-66.25 36.77637570661733 455.2767402551598
-66.25 51.22528618022967 318.3817452236366
-66.25 97.91078830770435 450.9767623087882
-66.25 68.42474380338153 335.803352059682
-66.25 63.072635976581 502.0159828418502
-66.25 -18.4560872881031 491.0716748689514
-66.25 -127.6971437547441 543.1096980795453
-66.25 -43.1933031090515 522.7813225454892
-66.25 33.0440282675184 347.3919632686045
-66.25 67.12212717638103 497.5151947334074
-66.25 55.07387412336733 478.9026410117234
-66.25 -82.33762032959727 534.5845445407352
-66.25 103.8824950869137 430.8080481302241
-66.25 -40.33211617941475 489.5579219162209
-66.25 93.60370390226345 467.7986173233177
-66.25 70.3380240256611 434.0534222463893
-66.25 30.05031535730051 352.461089528621
-66.25 -84.71638038805412 297.7816493852974
-66.25 -73.87999567523821 437.3885884710175
-66.25 -32.02083294500513 499.139421142683
-66.25 -125.6164723756419 553.8616774732644
-66.25 -23.06080640084803 459.551685232888
-66.25 -75.069991228368 320.019668352145
-66.25 -32.01950669917674 508.6377813032144
-66.25 27.58693996261688 453.1830836191609
-66.25 -41.55543127523135 375.7512409072663
-66.25 -79.75462452963775 306.8796764412947
-66.25 17.82486976563044 334.097628771016
-66.25 29.02504851858905 417.9346286378998
-66.25 76.84806963789435 519.6427020139705
-66.25 -48.6406658883549 505.3509990501269
-66.25 -93.27818923473789 555.107959168684
-66.25 -104.0113211944388 526.4738732167473
-66.25 81.50091181253742 518.3637238017286
-66.25 75.29908735847657 517.3003448972986
-66.25 69.14909311962148 492.1936526802098
-66.25 -99.41054737126757 453.4972149755417
-66.25 42.3215622052013 346.5511980230585
-66.25 -81.01809761515567 496.4265511039932
-66.25 -83.07909749489176 525.3780252712476
-66.25 -74.79192568955494 534.9554184637198
-66.25 -48.58032693041975 522.3693593549217
-66.25 -89.98172201880669 347.5591292081921
-66.25 -6.658291457286415 516.0717736549525
-66.25 54.39264827252073 442.3721180003301
-66.25 19.03377317276714 494.5622862544733
-66.25 -53.47437890100876 460.8130523420469
-66.25 -64.16208900279395 473.2120837515375
-66.25 89.33762513753742 504.9253462614437
-66.25 12.29662477502594 514.0426248763177
-66.25 -129.3218231988187 480.2018332274916
-66.25 -77.54725395808551 294.736118709759
-66.25 90.6875233177845 483.9870014956018
-66.25 -128.4045265537826 555.4248078939519
-66.25 46.68841761755012 350.7444798179981
-66.25 39.47006516787146 292.7162710332892
-66.25 1.592501514034736 475.2198203746843
-66.25 -70.44588760457809 470.6171388301999
-66.25 -116.7652150858446 441.426334820704
-66.25 37.58004012114674 347.0120211261264
-66.25 -60.29176501837004 533.9185546841517
-66.25 -128.9227841088868 368.220790732633
-66.25 -124.0579087159126 489.0217853689768
-66.25 -61.70488847219947 512.6385096590589
-66.25 41.59522752224812 502.6161354713086
-66.25 42.82141587575575 287.2217083020055
-66.25 52.21874082578555 489.8856916482519
-66.25 -75.88253832569241 311.3461513868822
-66.25 90.4742496179317 479.1444742590076
-66.25 90.0032039079409 405.2154856106635
-66.25 37.13809291195987 450.8748069013683
-66.25 -124.3565010493444 302.1040519345934
-66.25 -13.96489685519836 445.1731278361189
-66.25 -11.50463116057241 377.4459793398273
-66.25 -94.00558777135085 448.826411787301
-66.25 -104.319907763839 326.8379552228013
-66.25 19.41518307298407 328.141429372601
-66.25 119.1951578848379 361.4214687763589
-66.25 -80.42562698882564 288.3781868214727
-66.25 -115.7727811865668 417.5714026494435
-66.25 -105.2980830500237 467.583050617839
-66.25 -119.7153344780096 542.1331490338737
-66.25 94.23885729071172 504.1336610802652
-66.25 94.84794898697852 443.8125145813812
-66.25 -114.385059261617 507.8670234639462
-66.25 -64.7305004386203 539.5930166247975
-66.25 -92.84635204004773 343.4877350907788
-66.25 -4.605308419858598 377.5656581169153
-66.25 -24.66036869565849 431.4334234024472
-66.25 -93.66379734038487 518.0118552958455
-66.25 96.74272782637996 421.1129794703384
-66.25 119.4116675226873 404.1838963565329
-66.25 81.90108488289266 503.845054920544
-66.25 -13.24999999965266 258.0300450791331
-66.25 51.10290585702411 345.7188706673687
-66.25 45.89320016351864 505.2824915090789
-66.25 -35.34974196026089 373.0030073051946
-66.25 -125.1571979588072 453.5405848061474
-66.25 84.38438075522899 483.9442793995548
-66.25 98.08788867946566 418.432179137531
-66.25 -20.47672120227478 491.3297070583534
-66.25 57.40601639097977 474.1328648707784
-66.25 -65.47923334518872 537.0701527228894
-66.25 -51.0622481584827 522.5099025153906
-66.25 58.93569411676779 315.314177496782
-66.25 -93.21498254784591 468.8097131080227
-66.25 30.44838334852786 414.8623852644388
-66.25 -120.4061706541569 488.4860241599119
-66.25 30.82839369374238 421.7404492952994
-66.25 -91.1457842657904 472.9696108356418
-66.25 -76.01347118858742 468.4537711454088
-66.25 98.72670612556465 439.9554343211769
-66.25 47.98198740320611 510.1822790798154
-66.25 0.1935942569579583 451.9847111789165
-66.25 78.75291842657474 495.0695383426353
-66.25 22.24052416183849 406.6804075239623
-66.25 -41.24121472776341 513.8652453923946
-66.25 2.205220049684027 323.4715189878945
-66.25 -78.2560771936123 283.7422036453925
-66.25 -99.9992924674641 463.7170733577859
-66.25 -33.5152695828809 369.0301967880776
-66.25 80.95086531415234 520.4958706926818
-66.25 10.65648301359831 498.2307081708332
-66.25 23.53924518188521 466.9008424227566
-66.25 -84.32727793970497 534.9683796741245
-66.25 104.2403184870305 391.7186514279454
-66.25 51.7293359289409 510.811485979575
-66.25 113.9882251583279 267.1340181533477
-66.25 -51.43608856154121 503.4629690586473
-66.25 61.32718272407281 334.2098748497185
-66.25 62.57846190658132 512.583543813984
-66.25 34.45000000028921 257.9900579147634
-66.25 -83.90446305972222 307.6594801788756
-66.25 -63.41783972198603 412.8109744518332
-66.25 -36.99922462646718 364.2507459757223
-66.25 -61.37924885770006 532.5698585219791
-66.25 -123.9190977942138 531.7056349221587
-66.25 -26.10619308571562 514.6310454542454
-66.25 -68.79787462903295 416.734296060571
-66.25 71.46450724356069 513.4376184945887
-66.25 -117.2932234923124 505.1500027995136
-66.25 -22.84118550239044 489.3735634937619
-66.25 -62.71974261777662 519.560847144149
-66.25 23.11348017215305 495.9710859666977
-66.25 64.14657961313125 485.5937051546911
-66.25 -117.022792766736 550.2110966366502
-66.25 -82.95118507184262 493.0565760869663
-66.25 128.806407631111 267.6515804275646
-66.25 34.30991573992621 498.3641627050038
-66.25 20.01634219718518 512.8574194479761
-66.25 59.90706480049346 510.1825342941871
-66.25 54.06830132098562 374.9919448474381
-66.25 95.42194618647532 423.8606132425846
-66.25 -71.40075757454964 421.2271354991813
-66.25 -10.28595326787557 465.2447942655952
-66.25 -33.82838629432953 461.1923715026175
-66.25 62.426066945554 263.1680288461215
-66.25 -114.6939920918757 490.9212307182921
-66.25 -109.8084652544618 537.8259573194142
-66.25 123.4623993645165 288.9326134310865
-66.25 78.49810775724629 520.060028890859
-66.25 19.33644575061461 513.9055943688882
-66.25 -111.5332287361039 332.0209154501461
-66.25 -104.3172703850895 464.5372015874703
-66.25 -62.47206962259092 531.5442433753461
-66.25 69.68425058434632 500.805789188638
-66.25 52.72075076044762 439.9713109897703
-66.25 -47.46835431298754 514.8069498938291
-66.25 99.50583516563535 415.724201492393
-66.25 69.20925206873703 503.544773899537
-66.25 -124.5611608426584 349.6602273104571
-66.25 -33.44375251004656 518.2544827186661
-66.25 -63.81114453905813 510.6515929239455
-66.25 107.5779819292984 395.2638450211413
-66.25 64.46884315154283 508.4473271755529
-66.25 -96.24526516827729 446.3401025346196
-66.25 -61.71043956316986 409.020002032467
-66.25 2.662704459360481 473.2678589476878
-66.25 111.2157633194429 333.3767493972235
-66.25 45.01692447446668 282.448568310272
-66.25 91.51948350403545 402.1519387851455
-66.25 -26.69628887871486 428.5559858707127
-66.25 -52.16662724283306 457.8367217420939
-66.25 7.009177262696303 488.6729881044788
-66.25 23.80326910491747 452.8141358081423
-66.25 85.86582068807174 499.4856904190322
-66.25 -64.94266302691565 416.5173861796067
-66.25 -102.884454349082 559.3981606096833
-66.25 -84.4859181952518 522.6746926402944
-66.25 -111.2663961036562 490.4226751526838
-66.25 62.95833934097122 361.3328365273082
-66.25 -88.34640530131442 550.0087548584708
-66.25 -87.44999999980665 257.9155897657036
-66.25 118.1759001898233 320.668906698718
-66.25 35.3389239249773 470.6729121089862
-66.25 -77.66474823606036 549.824465896328
-66.25 -95.09555236493117 552.9113719260764
-66.25 26.75064203018568 501.6828748549068
-66.25 35.53047233498144 448.6124741375637
-66.25 -78.27829934447014 472.2149043548849
-66.25 -123.8563455736804 287.4844433944689
-66.25 -123.9103439148922 279.8367337420406
-66.25 -81.92644745528357 412.1893041533683
-66.25 -81.03382224117038 514.7740240138324
-66.25 58.10560228460628 472.2637111834277
-66.25 51.25303994780113 488.2813933505265
-66.25 -117.4995061810342 327.1773492443644
-66.25 124.1023428424871 353.4158542733458
-66.25 -24.55877783316382 491.8078888733912
-66.25 67.19516109970048 500.616717554539
-66.25 116.239585869027 333.009977277299
-66.25 18.45624535605313 319.6635292151522
-66.25 113.0894741271158 421.1181072590993
-66.25 35.11640234660208 413.2334833531385
-66.25 18.64321608040203 515.1391945431676
-66.25 -56.86438704817175 531.7491570399363
-66.25 19.22395611389868 511.7766365194877
-66.25 -72.21837868071648 443.989242722005
-66.25 -91.7503102095739 465.3212560971458
-66.25 20.09302599472138 403.6864239708688
-66.25 124.1549372362901 368.9967015075729
-66.25 75.06769051599368 513.921443107045
-66.25 -22.53131932372925 479.9809662152568
-66.25 -81.37761061172174 521.4018576501657
-66.25 -35.14128565347012 474.9133543089112
-66.25 -1.478832454767322 448.742452415357
-66.25 -86.52562396424491 551.3408559231578
-66.25 16.97349804563918 325.2707764037459
-66.25 -126.9839540207443 517.983498928184
-66.25 66.97935569968016 407.2884942953485
-66.25 16.78064855889463 513.8682190190367
-66.25 -92.70189875766361 515.4643792500704
-66.25 -30.1449599641053 428.9445119576243
-66.25 -60.16112169809662 404.3950455413477
-66.25 48.46727714143898 511.2106607583466
-66.25 15.27057340100748 482.2397044313349
-66.25 62.73442236491248 327.6276300807689
-66.25 -5.327774953838532 487.7995855121247
-66.25 -24.28692607022234 416.3572016398776
-66.25 87.20148245121533 483.9439970908888
-66.25 -51.85878487481902 263.0354107028209
-66.25 119.224958466034 408.6903859682878
-66.25 -60.73300829326837 279.9957489695182
-66.25 33.96872183423694 468.092286477639
-66.25 46.22917664443852 481.9460916397492
-66.25 -124.6368346194288 328.5507400004489
-66.25 129.0394994670177 277.8699841880461
-66.25 -61.80950058532424 529.8743083243509
-66.25 -26.57608123931679 515.8294851849486
-66.25 86.90849985683231 459.4547924073356
-66.25 68.39263096162497 403.1920904563626
-66.25 100.9150970415786 413.0740171389222
-66.25 -7.949999999641676 257.7688140295593
-66.25 61.58667756789973 510.0818623166207
-66.25 -124.7788700283515 270.2042615342417
-66.25 22.10516353112853 464.8266729751346
-66.25 -7.989949748743703 516.1587248650491
-66.25 -128.4174400127525 558.9084913578488
-66.25 50.97640926980905 436.6842661598754
-66.25 -129.1166963034619 561.2789301307554
-66.25 43.62994548395552 513.8851652174551
-66.25 -42.94939522495297 515.9252032836052
-66.25 54.66180362111669 349.7850016194348
-66.25 123.9464686731333 296.7179826774869
-66.25 15.26932260608961 514.0149885238999
-66.25 -87.07436681484288 531.6025351064136
-66.25 -129.9376265163959 472.5559313809743
-66.25 57.74387336034169 353.7170893163708
-66.25 -125.884303561356 465.662594050066
-66.25 -58.27816312888573 262.3363063980178
-66.25 123.4329357040434 336.494184101443
-66.25 57.08107843132865 370.7403077076052
-66.25 -116.0206289885405 428.5896962722592
-66.25 60.51961309768239 472.1504957407566
-66.25 60.36201478251747 357.4916780865624
-66.25 -85.48888551167263 488.737645365019
-66.25 102.2047960370807 440.4342071228626
-66.25 123.5017033950167 343.859555784878
-66.25 -59.6787453711304 498.1462689910937
-66.25 -19.65687118305957 510.4096951018236
-66.25 -63.5619334984804 273.1745114919161
-66.25 -82.6177014812389 517.7105568170097
-66.25 124.7645695413299 394.9395635620937
-66.25 123.7219417444635 327.9120123988284
-66.25 -120.0178520624419 384.5881727470803
-66.25 -40.47717314084078 364.9443065984539
-66.25 57.92713567839193 511.1970042714989
-66.25 89.06560566108112 467.9183423594669
-66.25 93.08749521260451 497.6200581911981
-66.25 22.07007427543298 494.4319053517946
-66.25 -57.37237676870038 500.1616774086306
-66.25 49.87363713706405 511.1785693007752
-66.25 -51.66587753233873 400.8896417532249
-66.25 22.19540953039708 450.4998190983721
-66.25 -124.5279736257472 323.5198396197089
-66.25 -109.0704127960831 559.6912764868508
-66.25 55.78196509932057 326.4291935491219
-66.25 -6.559448567679602 486.2060118639751
-66.25 -61.91580162990444 537.4306248470381
-66.25 45.02804891275978 503.9903020423804
-66.25 -79.74230781167378 454.8764668259512
-66.25 -120.9026204019505 505.8180686886151
-66.25 -96.73966163000729 551.5011733264406
-66.25 -126.9874768400723 498.8271494305824
-66.25 7.814556662799618 496.9558968910002
-66.25 17.99079274470753 400.7098464052604
-66.25 -88.68113506581506 489.2533501029151
-66.25 -129.0651153350629 566.1834219258374
-66.25 -118.2785513924576 445.2105245382991
-66.25 86.55547935781541 497.5787419276316
-66.25 55.36532333476205 434.6219117050632
-66.25 -0.3836373612179504 383.3060627936331
-66.25 -33.63533751792423 429.3259449487837
-66.25 -19.35656551975899 470.2554797779317
-66.25 -119.9229336658341 341.370076653879
-66.25 -105.8681932418536 524.3891865511176
-66.25 27.51643109213635 500.2380869086639
-66.25 67.63199788570452 262.9713699461769
-66.25 -91.81262827575878 546.7833141205837
-66.25 -11.83755133667893 463.167800613176
-66.25 -42.40264504488707 479.2929742906427
-66.25 -91.76813921994395 512.9850970781638
-66.25 -43.05133988273712 361.2725647426976
-66.25 -78.28530455328192 516.7232826841644
-66.25 92.7833857223377 488.3429071337875
-66.25 -128.6183251898529 258.3788268569322
-66.25 20.64351776133827 462.0751308196063
-66.25 -62.48282640981632 401.9477969947852
-66.25 128.5813039241081 258.3574526191172
-66.25 -94.36027705586986 555.4509570096911
-66.25 91.81234199621623 476.1945233829398
-66.25 -54.32559895251678 453.9468505543138
-66.25 58.0702770806523 494.4839039769129
-66.25 -47.02826269121238 477.5257921902554
-66.25 -81.67821764826076 263.1638846425432
-66.25 -85.38431031471066 325.4480167440093
-66.25 -63.0500832929233 527.7222447001967
-66.25 2.804651174050148 319.8770334403526
-66.25 92.94451933394456 399.2312198422288
-66.25 -129.390888038375 373.5101298364784
-66.25 -61.26116896517883 496.1563306775842
-66.25 -44.89313418802343 514.3151902937856
-66.25 -108.3189790987341 326.6774535382044
-66.25 -13.10168658859854 298.9481064052594
-66.25 93.66101436439622 451.0784080715842
-66.25 -106.5774648341984 536.4057133577687
-66.25 56.59547738693642 511.2287365942641
-66.25 -8.124032504781793 324.6166856285141
-66.25 -65.10313288720357 519.8050664836088
-66.25 -49.83655571661214 477.9560410127312
-66.25 -128.096863301726 537.2952948640165
-66.25 14.01858508113145 480.4114108053447
-66.25 114.3892019935966 276.3847185054213
-66.25 -100.9948715265279 321.8465139714916
-66.25 -31.35246898551207 507.2578655444456
-66.25 1.27570710267138 471.1784490568434
-66.25 -38.2756648186656 267.5300911495407
-66.25 75.01334398633331 441.0308773518196
-66.25 -101.6826676160498 557.4026367864376
-66.25 -109.2873461205097 468.5119293064137
-66.25 69.06131562733356 513.2650737200329
-66.25 31.55381612237807 498.5410649236468
-66.25 45.01635117526041 480.2779686890071
-66.25 66.50522640269884 401.1459105473422
-66.25 51.23819154952048 469.2776718540696
-66.25 -54.11344171287677 525.5846602427131
-66.25 -103.5879231210911 551.4803011958511
-66.25 -55.50276919940251 528.7150847921686
-66.25 55.44349354884851 495.766592268988
-66.25 82.85958997723267 501.7842446043319
-66.25 102.3844749073954 410.3641863400539
-66.25 26.29856164724862 387.4865491203652
-66.25 -37.16262378025702 425.8059328576125
-66.25 -91.99452316458959 554.8212774184321
-66.25 -0.1708441586276329 468.1401497244934
-66.25 92.63056539393122 375.4971654754015
-66.25 -22.53157220692798 272.466492386684
-66.25 85.92220898275427 516.959293891758
-66.25 -90.81630513021261 510.4020779136058
-66.25 -96.72312488555471 555.842161882803
-66.25 27.4082707457225 513.9532114149406
-66.25 -45.78007973249994 524.5671200438072
-66.25 12.75143174987604 319.3514135795377
-66.25 57.28623941367467 319.7891941470519
-66.25 117.7168785275534 411.2752195033752
-66.25 -87.00464395038392 463.8402331403433
-66.25 117.3007394483668 280.6901530587791
-66.25 -9.300562863019223 514.7890690399676
-66.25 -3.564998240694568 483.9084229648107
-66.25 44.18735849197389 502.6457006356252
-66.25 71.37535124511044 491.9796400197625
-66.25 -3.403986260711138 501.2039406093303
-66.25 -93.33571505607028 321.1871324418776
-66.25 26.60958395476179 490.5508637213074
-66.25 -15.34663741405475 412.4829854406408
-66.25 8.103136290950099 319.7814241472587
-66.25 -99.97292857309257 556.9805170724142
-66.25 -118.3388364723241 563.2368886355241
-66.25 -123.6727832043117 510.0142544090371
-66.25 123.5702070731694 309.1915050060349
-66.25 40.13881043424497 409.8298552972817
-66.25 -45.59230663081077 357.5870430011879
-66.25 123.6156647910011 377.7653867419176
-66.25 -98.40519946288698 551.8185973845677
-66.25 -46.66417093206797 512.113113074346
-66.25 59.25879396984937 511.2587351345956
-66.25 -124.1407076532458 335.2273035369559
-66.25 101.637753467081 430.719773967293
-66.25 66.08006476966081 495.9907053467788
-66.25 -117.6904570750041 487.7436050799372
-66.25 20.51305515955899 448.1114393636013
-66.25 -55.0390114028686 345.8172879891222
-66.25 -65.46724029318098 511.2317928123263
-66.25 -40.9394782506097 426.16350759546
-66.25 -47.36128872488536 523.3704751187671
-66.25 41.44644410336025 496.5612614329029
-66.25 62.9451217833704 472.0684868289204
-66.25 50.55515536651497 472.0673667150903
-66.25 -3.535924857346202 262.9225391855566
-66.25 -19.17672465141771 477.5507214805543
-66.25 2.885836277696838 446.9579831094244
-66.25 -127.2897182068889 525.1138458251171
-66.25 -31.10084490755839 502.3707204596216
-66.25 47.36738018848433 313.0619070733079
-66.25 -17.5407660061379 510.256609216199
-66.25 -101.6418478958075 550.9482823551295
-66.25 -86.9772291712025 412.3441747054715
-66.25 -129.9436326589841 510.8190281878012
-66.25 -13.79748079025735 409.1097060095
-66.25 120.1425912674421 284.9563821041739
-66.25 39.74456130316879 270.1855207270344
-66.25 -126.7983329789296 507.5342892374552
-66.25 -29.44026952644342 458.2690420713757
-66.25 -60.44793538606471 526.4861493589332
-66.25 52.46209012038307 509.3197057589998
-66.25 -57.17024808334932 444.911680562807
-66.25 109.0816473439343 422.2474988146843
-66.25 57.08294017806681 496.4663449922657
-66.25 -30.26279181841355 271.8780962181087
-66.25 30.66979890425038 513.8123422110058
-66.25 -38.00872706731693 483.4986072609116
-66.25 55.26381909547571 511.2780903550654
-66.25 -36.82663885144071 498.3268178482012
-66.25 -52.9180936382933 451.762890879212
-66.25 -123.3482975900997 542.3977543066816
-66.25 -85.46660270711882 550.8956648669628
-66.25 52.31300452379501 467.0141072651606
-66.25 103.7999182076597 407.6515625573961
-66.25 -19.9825278031982 267.8402705957475
-66.25 -61.48043324441428 269.8758230597115
-66.25 20.28554669754507 384.1186808553285
-66.25 -119.4377413789029 293.0760694404694
-66.25 -62.88071130425406 494.094994461266
-66.25 -29.60462836221133 416.9701903760982
-66.25 -20.96676093096347 468.0757618083248
-66.25 -105.7804196190894 534.1502518184097
-66.25 72.51743270909742 422.6831746289728
-66.25 40.46946613491825 490.6855029705683
-66.25 124.5174978611755 285.2090180699744
-66.25 68.11119511993877 397.9227093932415
-66.25 92.87042192234388 502.8179180258731
-66.25 -70.59067749138212 536.2691207706131
-66.25 72.87514434634268 262.7706659472902
-66.25 -81.61667126735669 491.225674757386
-66.25 60.20879909767562 371.0061649991335
-66.25 -21.97105054684725 478.2360706430236
-66.25 78.16227683231652 498.8125498300162
-66.25 99.65344604188495 387.8740751450706
-66.25 127.2110249485108 390.3600829981412
-66.25 -35.19112408770573 470.8994803429742
-66.25 -94.39188975876702 441.4038693770048
-66.25 33.1722751655916 445.963446656898
-66.25 80.7810715616219 519.3238865087268
-66.25 -121.9002111929539 261.9823768400364
-66.25 16.12535064569491 445.9992264436146
-66.25 102.0239235254982 403.4889225266622
-66.25 -90.17834918138685 536.1506670186596
-66.25 -90.30104020799402 531.4186019158201
-66.25 47.58052758479491 472.1211143247352
-66.25 -48.22930984624082 353.7907828974119
-66.25 -122.6997004403851 436.0137184379406
-66.25 -80.92655086213082 543.6733855457982
-66.25 -89.40323192701777 546.4353506402657
-66.25 -0.1974765375559435 328.7456933193226
-66.25 83.87479853629551 499.5970915185723
-66.25 101.5990312898398 392.3545888848487
-66.25 -44.11566947350373 439.2511098921394
-66.25 29.20880254634175 490.6050569404987
-66.25 19.61872510819671 446.1010342008287
-66.25 -72.75345641359809 471.4120286370296
-66.25 107.7599525561277 424.8883499652997
-66.25 -20.06597701244738 397.18071355833
-66.25 31.43137602895673 443.5357714615434
-66.25 -16.50787159353161 377.5332501325609
-66.25 -63.519920938443 500.2058064561764
-66.25 -61.65724217396787 523.9789615382
-66.25 -27.67865495123738 484.8974850219628
-66.25 98.19315177571917 427.6858591087295
-66.25 35.97280703957729 410.8393976486383
-66.25 106.308266695533 427.6068734301088
-66.25 -129.0197960838839 564.3472014659169
-66.25 -55.00613277244351 448.9834352158742
-66.25 0.2846382924544207 514.9887168769535
-66.25 34.9850283933312 466.561086684763
-66.25 -119.4598772218079 449.7591911638546
-66.25 -69.34067555676889 507.1042156980839
-66.25 -13.14553481606715 382.3936691385287
-66.25 2.650000000378697 257.2998084242044
-66.25 -59.10789380734626 533.4936410652444
-66.25 -37.51197644603631 520.0204715792804
-66.25 -66.70523008042427 281.5846305019089
-66.25 -69.18670816807565 541.8185097005517
-66.25 17.54907125944003 394.1920531469461
-66.25 68.72826968130543 432.4369928118219
-66.25 -52.14047725441953 442.9770470476171
-66.25 -105.5042731495496 532.3045351783639
-66.25 -128.0021781565339 545.8401727637814
-66.25 53.19720715551208 507.4379708461878
-66.25 9.59968105058214 429.3039442726729
-66.25 -16.65728335146474 389.828333868072
-66.25 -121.9263516466766 454.3806663575456
-66.25 13.66350683561785 514.1284560957286
-66.25 72.48706880895205 512.7637920249334
-66.25 -118.7488669059619 559.7729446287975
-66.25 -71.81990386232712 282.0763955360314
-66.25 -79.92730366390103 550.748378942323
-66.25 -18.39745760639052 393.5050445166613
-66.25 -60.92358718219862 522.0899237851198
-66.25 78.4186059870637 521.2902661162926
-66.25 -50.25064144826226 266.4903627164413
-66.25 -30.60679482646659 505.5643148674672
-66.25 61.89172826058232 502.4603814617509
-66.25 -14.929277427977 386.1135229820276
-66.25 -85.83615544945032 535.224335165876
-66.25 -10.96720016887487 294.0466111162061
-66.25 -19.72349587355441 413.4845383499427
-66.25 48.63587417471943 488.2103606869833
-66.25 -20.62849618008211 377.9477222435818
-66.25 -109.6276385827092 524.5288596308226
-66.25 26.5746290517598 423.0458674025695
-66.25 -22.78023125027639 516.5674367134878
-66.25 29.70239439728713 441.0419738887009
-66.25 45.10292390767187 406.4745777903839
-66.25 78.28794246642862 262.6096642550769
-66.25 4.054903999627455 444.3451365261229
-66.25 -2.11332355574348 497.2412576631174
-66.25 -32.03634240404966 517.9072955289639
-66.25 70.11763570873092 429.5625439392017
-66.25 -23.36030657305596 413.8068522080604
-66.25 -125.2963452435898 565.0561578155587
-66.25 -2.679920375822741 499.6033878314023
-66.25 69.71245368085081 394.6464986472009
-66.25 124.2089377871443 305.5197520854718
-66.25 -91.44979616279211 489.7793803436977
-66.25 -1.540690287579163 429.8771402945446
-66.25 -81.82312155939468 450.581581744567
-66.25 124.1717078747151 321.2612507058053
-66.25 76.67303542233367 515.3377574040339
-66.25 -14.64824120603015 515.7991628118411
-66.25 -98.44833779376452 556.6387191729981
-66.25 -84.05594470491606 550.3888955768696
-66.25 21.43378965793516 493.2318391154243
-66.25 44.5288121698508 488.3320949272984
-66.25 -108.6956250213908 557.6949006169929
-66.25 21.83353310821986 482.7405516079223
-66.25 3.923377597926271 487.5096172437466
-66.25 -50.8041604952444 350.0115316201263
-66.25 24.54878017823039 432.2496281720407
-66.25 15.02891805430566 478.2947149527134
-66.25 46.58011830628524 488.2540003925018
-66.25 -113.1212759951533 469.1131356023591
-66.25 14.1625372159392 390.5251182060173
-66.25 -20.21141236023838 509.4417243586741
-66.25 -43.4929765700634 503.5677104807654
-66.25 6.195071918872455 487.4442716944869
-66.25 9.623284998181518 258.1238630961291
-66.25 -126.5761643039139 487.9341935312581
-66.25 53.98120401071262 511.3061667061539
-66.25 -124.376699744054 540.7078537869669
-66.25 -47.33982917709054 513.4558917116677
-66.25 -41.69318470928405 522.3031007077889
-66.25 21.9288869323962 381.8569272196934
-66.25 42.48007071034696 488.3950249617192
-66.25 -105.2354206930742 551.8763744702235
-66.25 -88.48788161888595 438.7683579998759
-66.25 -2.665649263088979 481.0829619003293
-66.25 -92.3871722619853 536.4297508402003
-66.25 91.44317884581801 504.7912568242438
-66.25 101.3664174924416 384.3253079895564
-66.25 -8.89514337967189 287.3661054562962
-66.25 -17.49631262696155 263.6660623267655
-66.25 -127.957469332382 541.073511573158
-66.25 45.79680866960216 512.8982402223459
-66.25 24.12547421492349 426.6405343907897
-66.25 53.82669457147272 307.236669344856
-66.25 -9.293745207415592 316.550277605119
-66.25 62.78014440330773 510.1283157150045
-66.25 63.1913748856024 511.4352029927208
-66.25 -15.39711259911584 508.7856212641832
-66.25 8.018150449096098 506.2829963048579
-66.25 30.07086072605853 488.85571423738
-66.25 -124.3514615440613 405.2741600163534
-66.25 18.57189202001748 510.7789904111251

CELLS 14991 59204
1 0
1 1
1 2
1 3
1 4
1 5
1 6
1 7
1 8
1 9
1 10
1 11
1 12
1 13
1 14
1 15
1 16
1 17
1 18
1 19
1 20
1 21
1 22
1 23
1 24
1 25
1 26
1 27
1 28
1 29
1 30
1 31
1 32
1 33
1 34
1 35
1 36
1 37
1 38
1 39
1 40
1 41
1 42
1 43
1 44
1 45
1 46
1 47
1 48
1 49
1 50
1 51
1 52
1 53
1 54
1 55
1 56
1 57
1 58
1 59
1 60
1 61
1 62
1 63
1 64
1 65
1 66
1 67
1 68
1 69
1 70
1 71
1 72
1 73
1 74
1 75
1 76
1 77
1 78
1 79
1 80
1 81
1 82
1 83
1 84
1 85
1 86
1 87
1 88
1 89
1 90
1 91
1 92
1 93
1 94
1 95
1 96
1 97
1 98
1 99
1 100
1 101
1 102
1 103
1 104
1 105
1 106
1 107
1 108
1 109
1 110
1 111
1 112
1 113
1 114
1 115
1 116
1 117
1 118
1 119
1 120
1 121
1 122
1 123
1 124
1 125
1 126
1 127
1 128
1 129
1 130
1 131
1 132
1 133
1 134
1 135
1 136
1 137
1 138
1 139
1 140
1 141
1 142
1 143
1 144
1 145
1 146
1 147
1 148
1 149
1 150
1 151
1 152
1 153
1 154
1 155
1 156
1 157
1 158
1 159
1 160
1 161
1 162
1 163
1 164
1 165
1 166
1 167
1 168
1 169
1 170
1 171
1 172
1 173
1 174
1 175
1 176
1 177
1 178
1 179
1 180
1 181
1 182
1 183
1 184
1 185
1 186
1 187
1 188
1 189
1 190
1 191
1 192
1 193
1 194
1 195
1 196
1 197
1 198
1 199
1 200
2 0 1
2 1 2
2 2 3
2 3 4
2 4 5
2 5 6
2 6 7
2 7 8
2 8 9
2 9 10
2 10 11
2 11 12
2 12 13
2 13 14
2 14 15
2 15 16
2 16 17
2 17 18
2 18 19
2 19 20
2 20 21
2 21 22
2 22 23
2 23 24
2 24 25
2 25 26
2 26 27
2 27 28
2 28 29
2 29 30
2 30 31
2 31 32
2 32 33
2 33 34
2 34 35
2 35 36
2 36 37
2 37 38
2 38 39
2 39 40
2 40 41
2 41 42
2 42 43
2 43 44
2 44 45
2 45 46
2 46 47
2 47 48
2 48 49
2 49 50
2 50 51
2 51 52
2 52 53
2 53 54
2 54 55
2 55 56
2 56 57
2 57 58
2 58 59
2 59 60
2 60 61
2 61 62
2 62 63
2 63 64
2 64 65
2 65 66
2 66 67
2 67 68
2 68 69
2 69 70
2 70 71
2 71 72
2 72 73
2 73 74
2 74 75
2 75 76
2 76 77
2 77 78
2 78 79
2 79 80
2 80 81
2 81 82
2 82 83
2 83 84
2 84 85
2 85 86
2 86 87
2 87 88
2 88 89
2 89 90
2 90 91
2 91 92
2 92 93
2 93 94
2 94 95
2 95 96
2 96 97
2 97 98
2 98 99
2 99 100
2 100 101
2 101 102
2 102 103
2 103 104
2 104 105
2 105 106
2 106 107
2 107 108
2 108 109
2 109 110
2 110 111
2 111 112
2 112 113
2 113 114
2 114 115
2 115 116
2 116 117
2 117 118
2 118 119
2 119 120
2 120 121
2 121 122
2 122 123
2 123 124
2 124 125
2 125 126
2 126 127
2 127 128
2 128 129
2 129 130
2 130 131
2 131 132
2 132 133
2 133 134
2 134 135
2 135 136
2 136 137
2 137 138
2 138 139
2 139 140
2 140 141
2 141 142
2 142 143
2 143 144
2 144 145
2 145 146
2 146 147
2 147 148
2 148 149
2 149 150
2 150 151
2 151 152
2 152 153
2 153 154
2 154 155
2 155 156
2 156 157
2 157 158
2 158 159
2 159 160
2 160 161
2 161 162
2 162 163
2 163 164
2 164 165
2 165 166
2 166 167
2 167 168
2 168 169
2 169 170
2 170 171
2 171 172
2 172 201
2 201 173
2 173 202
2 202 203
2 203 204
2 204 174
2 174 205
2 205 206
2 206 207
2 207 175
2 175 208
2 208 209
2 209 210
2 210 176
2 176 211
2 211 177
2 177 178
2 178 179
2 179 180
2 180 181
2 181 182
2 182 183
2 183 184
2 184 185
2 185 186
2 186 187
2 187 188
2 188 189
2 189 190
2 190 191
2 191 192
2 192 193
2 193 194
2 194 195
2 195 196
2 196 197
2 197 198
2 198 212
2 212 213
2 213 214
2 214 215
2 215 216
2 216 217
2 217 218
2 218 219
2 219 220
2 220 221
2 221 222
2 222 223
2 223 224
2 224 225
2 225 226
2 226 227
2 227 228
2 228 229
2 229 230
2 230 231
2 231 232
2 232 233
2 233 234
2 234 235
2 235 236
2 236 237
2 237 238
2 238 199
2 199 239
2 239 240
2 240 241
2 241 242
2 242 243
2 243 244
2 244 245
2 245 246
2 246 247
2 247 248
2 248 249
2 249 250
2 250 251
2 251 252
2 252 253
2 253 254
2 254 255
2 255 256
2 256 257
2 257 258
2 258 259
2 259 260
2 260 261
2 261 262
2 262 263
2 263 264
2 264 265
2 265 266
2 266 267
2 267 268
2 268 269
2 269 270
2 270 271
2 271 272
2 272 273
2 273 274
2 274 275
2 275 276
2 276 277
2 277 278
2 278 279
2 279 280
2 280 281
2 281 282
2 282 283
2 283 284
2 284 285
2 285 286
2 286 287
2 287 200
2 200 288
2 288 289
2 289 290
2 290 291
2 291 292
2 292 293
2 293 294
2 294 295
2 295 296
2 296 297
2 297 298
2 298 299
2 299 300
2 300 301
2 301 302
2 302 303
2 303 304
2 304 305
2 305 306
2 306 307
2 307 308
2 308 309
2 309 310
2 310 311
2 311 312
2 312 313
2 313 314
2 314 315
2 315 316
2 316 317
2 317 318
2 318 319
2 319 320
2 320 321
2 321 322
2 322 323
2 323 324
2 324 325
2 325 326
2 326 327
2 327 328
2 328 329
2 329 330
2 330 331
2 331 332
2 332 333
2 333 334
2 334 335
2 335 336
2 336 337
2 337 338
2 338 339
2 339 340
2 340 341
2 341 342
2 342 343
2 343 344
2 344 345
2 345 346
2 346 347
2 347 348
2 348 349
2 349 350
2 350 351
2 351 352
2 352 353
2 353 354
2 354 355
2 355 356
2 356 357
2 357 0
3 1177 4942 5119
3 4034 4704 6608
3 3748 5009 7217
3 5009 3748 5011
3 4179 446 5545
3 847 977 4443
3 3943 4977 4979
3 3220 3219 6376
3 6236 5194 6516
3 2211 4450 6678
3 4734 480 4805
3 4632 5992 7134
3 5565 5566 5567
3 4576 3725 4711
3 1295 4441 4442
3 632 636 4842
3 4262 2241 4447
3 2609 4604 7158
3 4622 4721 4722
3 470 4796 6721
3 3582 3583 4613
3 1299 1301 5571
3 4411 1171 4413
3 4753 3043 4758
3 4101 4581 7050
3 4450 2211 6578
3 2478 4980 6313
3 4183 3245 7193
3 4394 3376 5081
3 1362 4314 6026
3 5420 4399 6457
3 4390 380 6541
3 2852 4572 5969
3 1188 4301 4303
3 3376 4674 5457
3 2210 3127 5271
3 4298 3665 4318
3 4436 3618 6195
3 446 4179 5614
3 1035 1033 4416
3 4604 2609 6191
3 4314 1362 5791
3 3245 4183 5673
3 4436 999 5060
3 4312 1851 5343
3 3686 5152 5224
3 3646 5375 5376
3 5992 4632 6960
3 3085 3323 4568
3 473 4769 6382
3 1750 5062 6080
3 5062 1750 5584
3 4796 4341 6721
3 5546 4172 5549
3 4128 6999 7038
3 5748 5917 6644
3 2041 842 5412
3 3522 5533 5534
3 3750 3749 4885
3 3726 4264 4788
3 4651 3521 5146
3 5852 365 6403
3 5230 6653 6671
3 3601 4298 4318
3 2622 4260 4460
3 600 602 4526
3 5533 3522 5959
3 4353 2837 5965
3 4752 2942 7111
3 4566 5746 6807
3 1033 1031 5743
3 4689 4423 6579
3 5216 4757 6179
3 4416 1033 5743
3 3376 4394 4674
3 2942 4752 5350
3 3665 4298 4450
3 1706 5420 6457
3 2086 2083 4498
3 4362 4553 6842
3 3460 3951 4663
3 5565 5564 5566
3 4581 4101 6846
3 677 675 5431
3 5903 4643 6018
3 2740 4544 4545
3 6653 1179 6671
3 2241 4262 4773
3 4704 202 6608
3 4162 5753 5768
3 3086 3646 5376
3 6339 3309 6388
3 4185 663 5607
3 4769 473 6762
3 4187 2172 5816
3 4452 4353 5965
3 6999 4173 7038
3 4255 6190 6806
3 6190 4016 6806
3 2386 4299 5023
3 1700 2618 4460
3 170 456 4057
3 4130 4129 4957
3 2759 4342 4343
3 4961 3556 7196
3 4533 6454 6614
3 4840 3316 5016
3 3371 4395 5081
3 5362 2172 6134
3 1695 4223 4700
3 247 248 4878
3 4334 3733 4931
3 663 4185 6237
3 3831 4533 6614
3 4313 1805 4376
3 4841 4840 5016
3 5152 3686 5223
3 4553 4362 5155
3 1215 1251 5125
3 4223 1695 4911
3 4423 2094 6579
3 5327 2193 5328
3 6271 5000 6725
3 950 5026 6838
3 2852 4571 4572
3 4432 2676 4433
3 5920 4015 6190
3 4977 3943 6733
3 4566 383 5746
3 2618 2622 4460
3 2939 6220 6271
3 633 5368 5877
3 4473 5584 6865
3 4595 4597 4605
3 999 4436 6195
3 4395 4394 5081
3 5090 5089 6329
3 1805 4313 4437
3 4225 5164 5618
3 5417 2440 5667
3 1821 4307 4527
3 1177 5119 5120
3 4172 5546 7127
3 4413 1171 4724
3 3148 5565 5567
3 4315 786 4490
3 2172 4187 6134
3 4097 5607 6400
3 3084 4607 4784
3 3715 4335 4692
3 4264 3726 4789
3 406 4656 4963
3 4527 3764 4772
3 2172 5362 6451
3 3085 4568 6385
3 786 4315 7364
3 4260 2622 5164
3 476 4356 5548
3 4874 5158 6704
3 4301 1188 4416
3 211 177 367
3 3750 4885 4887
3 5375 3646 5380
3 427 4590 4592
3 958 985 5697
3 425 6555 6637
3 4015 4016 6190
3 1188 1035 4416
3 5753 2536 5768
3 6220 4997 6271
3 1644 4266 4839
3 4712 3724 7232
3 4110 4468 6164
3 107 108 4552
3 4148 5698 6054
3 3961 6557 6597
3 4409 1229 4964
3 4740 1843 6088
3 5328 2193 5428
3 3493 3495 5549
3 5384 3030 5385
3 1295 4442 4801
3 1692 4391 5778
3 6342 4965 7010
3 1982 4321 4482
3 2882 5216 6179
3 3764 4527 5240
3 2212 6605 6793
3 4483 4484 5006
3 3167 3820 4454
3 6057 990 7154
3 2939 6271 6725
3 4014 4390 6541
3 5368 5182 5877
3 406 4963 6259
3 3058 6351 6389
3 4948 5090 6329
3 1322 5579 7182
3 675 5113 5431
3 3725 3724 4712
3 2590 4334 4931
3 3725 4576 4718
3 446 5614 6076
3 4292 7071 7083
3 4155 4740 6088
3 1029 1027 6217
3 974 966 5460
3 3985 5236 6279
3 84 362 4883
3 5416 6775 7128
3 4468 3041 6164
3 4431 4151 5104
3 3193 4678 4681
3 4651 434 5147
3 4627 425 6637
3 4491 632 4842
3 6866 1197 7286
3 2196 5234 6173
3 4550 400 4551
3 4397 3659 4430
3 3131 4384 4789
3 2856 5058 6227
3 4307 1821 4526
3 4254 6620 7307
3 2999 4120 6683
3 4430 3082 5114
3 5243 950 6838
3 3800 6454 6895
3 156 3736 6822
3 4335 2970 4692
3 1583 1978 4482
3 1322 1286 5579
3 2052 4630 4911
3 4299 2386 5024
3 5315 6601 6676
3 1729 4643 5903
3 5607 663 6400
3 4335 3715 6082
3 4057 456 5907
3 435 4338 4792
3 5100 6651 6966
3 6630 4291 6843
3 493 4711 4712
3 3776 4738 5260
3 5614 4067 6076
3 358 4239 6314
3 3165 3086 5376
3 3293 4483 5006
3 6341 4232 7003
3 4463 4143 4470
3 995 990 6057
3 1945 2275 5379
3 691 693 4869
3 4385 3771 4826
3 4707 4292 7083
3 6351 4901 6389
3 2680 1020 4636
3 4240 5550 6314
3 4553 5155 5307
3 5059 5060 5888
3 5603 6569 7100
3 3695 4312 5343
3 2393 4452 5965
3 5583 3220 6376
3 6418 5471 6920
3 6813 6534 6846
3 948 949 5046
3 6605 5241 6793
3 5398 4289 6505
3 5416 5415 6775
3 5236 3985 6185
3 3005 4385 4826
3 4321 1982 4738
3 4957 4129 7014
3 359 4737 6052
3 6620 1970 7307
3 2552 2553 5480
3 3845 4463 4470
3 1978 1982 4482
3 6601 3881 6676
3 5064 5405 6585
3 5004 3316 6547
3 3274 4815 5124
3 399 4357 5558
3 5825 4985 6336
3 4610 2859 6041
3 3299 3167 4454
3 4389 4227 6604
3 1946 5380 5833
3 2811 4856 5972
3 358 4734 6468
3 3095 3094 4739
3 367 177 4055
3 1100 1098 5139
3 4605 4597 4606
3 4395 3371 5082
3 1821 600 4526
3 4730 5660 5935
3 6530 361 6633
3 3792 4610 4618
3 4377 2680 4636
3 4342 2759 6040
3 4227 6544 6604
3 4001 6341 7003
3 3030 5384 6766
3 419 4516 6095
3 1197 5429 7286
3 2998 5145 5956
3 4325 1178 7332
3 406 47 4296
3 332 6630 6843
3 4123 3556 4961
3 4177 4331 6084
3 1286 1284 6857
3 4856 4854 5972
3 4331 3357 6492
3 5698 2136 6054
3 4397 4430 5114
3 3546 4746 5797
3 842 4818 5412
3 4239 4240 6314
3 5584 1750 6865
3 4431 5104 6609
3 4650 4651 5146
3 3603 4381 4410
3 176 4098 6795
3 4316 6989 7095
3 4135 5873 6256
3 321 322 4988
3 2322 4340 5646
3 6557 610 6597
3 4919 4342 6040
3 3417 4839 5982
3 83 84 4883
3 3601 4318 4774
3 4955 5432 7186
3 4734 358 6471
3 3173 499 4323
3 3472 6236 6516
3 4610 3321 4618
3 5459 5029 5666
3 5060 999 5888
3 5660 2269 5935
3 6026 4314 6027
3 5131 973 6361
3 4737 359 6685
3 1856 1859 5342
3 5158 5882 6704
3 4761 3759 4975
3 675 673 5113
3 4239 358 6468
3 5220 1688 7246
3 5062 6047 6080
3 5219 1688 5220
3 4514 5723 6046
3 6989 2677 7095
3 4046 6813 6846
3 4266 1644 4838
3 2657 2210 5271
3 2856 5057 5058
3 2355 4901 5525
3 5476 4669 5601
3 4630 4223 4911
3 2219 5059 5888
3 4306 5326 7091
3 3811 4565 5121
3 4534 450 6895
3 4955 4336 5432
3 6290 3118 6759
3 3043 4753 7275
3 693 2908 4869
3 4543 383 5247
3 2837 4353 7335
3 5027 6438 6919
3 173 202 4704
3 4674 2362 5457
3 154 155 3863
3 6237 4185 6421
3 3357 4331 6905
3 5917 3880 6644
3 459 4339 7052
3 2083 2084 4498
3 3556 4116 7196
3 4314 4376 6027
3 3583 4285 4613
3 4483 3293 4485
3 3713 3710 5633
3 5326 450 7091
3 5155 2737 5307
3 4409 4964 7348
3 4075 5556 6470
3 487 212 4888
3 2913 6418 6920
3 4033 3084 4784
3 4714 2244 6539
3 5873 1140 6256
3 1851 4312 5667
3 4706 4292 4707
3 5190 4159 5191
3 6076 4067 6429
3 4622 4722 7166
3 1694 1514 5659
3 4315 4489 7364
3 4363 2168 4614
3 3915 4337 6772
3 3926 5704 6060
3 954 4336 5046
3 3139 3141 5102
3 427 4592 7132
3 4443 6339 6388
3 3293 3289 4485
3 4069 6530 6633
3 2303 5246 5820
3 3080 4083 5115
3 5377 2361 5379
3 2193 5327 5575
3 3408 4588 5668
3 5423 4133 5789
3 6548 511 6797
3 4238 3707 5340
3 5219 3946 6728
3 6373 1833 6379
3 2303 5245 5246
3 4381 4319 4410
3 5062 5063 6047
3 4263 6548 6797
3 2698 6181 6880
3 1295 847 4443
3 3648 4497 4638
3 6598 4166 6673
3 4804 4803 6368
3 4433 2676 4693
3 4067 4465 6429
3 4166 4419 6673
3 3749 3411 6884
3 636 1596 4842
3 4501 3940 6480
3 2751 4421 6031
3 6715 4714 6796
3 4516 3913 6095
3 90 91 3679
3 4530 6373 6379
3 5111 4028 5968
3 1167 995 6941
3 2213 2566 5157
3 6772 4337 6840
3 4351 469 6238
3 1705 4508 5000
3 4663 3951 4714
3 3550 6772 6840
3 5217 2001 5916
3 497 397 498
3 5768 2536 6106
3 6443 4624 6984
3 6084 4331 6492
3 3462 4660 4661
3 3462 4661 4664
3 1178 4325 6901
3 4356 476 5549
3 1488 1157 5403
3 4624 4747 6984
3 4880 5204 6431
3 362 4882 4883
3 4772 3764 7311
3 4839 4266 5982
3 2893 3131 4789
3 4297 1833 6373
3 4980 4983 6313
3 788 831 4801
3 4340 2322 6240
3 2168 4363 4573
3 2084 4364 4498
3 6454 4533 6895
3 4185 5453 6421
3 3958 5852 6403
3 493 4712 6570
3 959 4352 5127
3 376 4501 6480
3 407 173 4704
3 4756 3680 4757
3 3274 5124 5232
3 4472 2699 4474
3 1020 1018 4636
3 4663 4714 6539
3 5137 4689 5139
3 4364 2084 4499
3 3363 4462 5910
3 2510 5811 6560
3 3841 4495 4520
3 1830 6574 6618
3 149 397 497
3 4945 4943 5461
3 4803 1189 6368
3 4886 3749 6884
3 3316 4840 6547
3 1078 6715 6796
3 4385 5245 5850
3 6155 4117 7172
3 3915 6772 6850
3 6729 5225 6736
3 248 402 4878
3 1338 1340 4617
3 410 4685 5738
3 400 4550 5752
3 1230 4326 5401
3 1833 4297 6415
3 5384 365 5852
3 4497 439 4638
3 1251 1420 5125
3 4048 4049 5191
3 4599 4595 4605
3 4711 493 6225
3 406 4296 6692
3 3827 6342 7010
3 498 2096 5822
3 3733 4334 6041
3 5405 4277 6585
3 3434 4403 4587
3 6574 4579 6618
3 5246 2743 6820
3 4238 5340 6297
3 4498 3582 4613
3 434 4651 6731
3 5245 2303 5850
3 2740 4545 6078
3 5210 1694 5659
3 4446 6290 6759
3 5217 4428 5228
3 5497 2874 6453
3 494 4963 6695
3 3193 4681 4682
3 4326 1230 5575
3 1299 5571 5725
3 4733 4734 4805
3 836 1805 4637
3 3552 6367 6590
3 1983 5237 6675
3 140 483 5465
3 6785 4059 6951
3 4384 3131 4790
3 4689 5137 5138
3 4756 4758 6175
3 3089 4292 4706
3 2536 2759 6106
3 3172 3009 5783
3 2814 4688 5138
3 4317 4117 6155
3 3679 91 5398
3 2052 1818 6620
3 2970 3953 4692
3 4407 4788 5762
3 4842 1596 6644
3 5024 2548 7393
3 2086 4498 4613
3 4945 1004 4947
3 4932 967 5103
3 4217 6571 6660
3 3776 4012 4738
3 4357 399 6783
3 4336 954 5432
3 5811 4144 6560
3 1004 4945 5461
3 4373 2001 5131
3 6422 5070 6503
3 6320 4060 6383
3 4544 2740 4546
3 3220 5583 6189
3 400 107 4552
3 4551 400 4552
3 4059 4058 6951
3 4513 484 6932
3 4052 6996 7074
3 6651 4588 6966
3 3943 4979 4981
3 1230 5401 5691
3 2743 5246 6869
3 2676 4432 4528
3 4338 435 5404
3 834 6958 7002
3 4050 4051 6852
3 3963 6141 6617
3 4256 4409 7348
3 4521 2170 5250
3 4428 5217 5916
3 5156 2213 5157
3 1952 4366 7090
3 2874 5497 7149
3 4410 4319 7250
3 3872 4932 5103
3 3481 3878 5150
3 322 422 4988
3 4843 4842 6644
3 4401 1775 4487
3 2911 4919 6040
3 984 5070 6422
3 1188 4303 4583
3 826 5063 6124
3 4587 4403 4588
3 1468 6544 7085
3 4495 3277 4520
3 4527 4307 5240
3 5988 4783 6147
3 4707 2632 6662
3 4571 2852 5836
3 5234 5227 6173
3 2911 4379 4919
3 5328 2211 6678
3 4051 6830 6852
3 3848 6729 6736
3 6114 2270 6703
3 4396 426 7368
3 5211 6321 6945
3 4550 4805 5752
3 6958 4849 7002
3 4711 3725 4712
3 3945 4821 5722
3 1301 1707 5571
3 5228 4428 7330
3 5579 1286 6857
3 5327 4326 5575
3 1151 6320 6383
3 4140 5443 6376
3 985 5693 5697
3 4225 4308 5164
3 3099 3095 4739
3 4063 5007 7214
3 2211 5328 6713
3 5376 2361 5377
3 4814 6114 6703
3 410 4684 4685
3 2839 4900 4902
3 4796 381 6745
3 4374 1292 6128
3 5088 4895 6153
3 5401 3921 5691
3 6571 998 6660
3 4320 4169 6460
3 4443 977 6339
3 4833 4864 6507
3 4289 5398 7180
3 5082 5189 7337
3 5007 4063 6198
3 2548 2993 7393
3 4531 3553 5447
3 490 4518 6627
3 174 396 4456
3 3236 5459 5666
3 1027 4879 6217
3 5286 2745 5287
3 3217 4531 5447
3 5149 3670 5150
3 4098 367 4099
3 381 4796 6924
3 384 4500 4536
3 2361 1945 5379
3 3109 5265 6561
3 5287 2745 5855
3 2001 4373 5916
3 2608 4574 4575
3 5552 4107 5553
3 480 4734 6471
3 4815 3274 5125
3 5350 4750 6169
3 4438 5426 6439
3 469 4351 5507
3 4366 1952 6526
3 4634 3260 4851
3 4262 4097 4773
3 1694 5210 5631
3 4922 3346 7214
3 6232 4378 6409
3 4963 494 6259
3 4169 4320 6513
3 4453 5793 7350
3 3127 5270 5271
3 3967 6831 6939
3 849 836 4637
3 3346 4922 4923
3 4669 3850 5601
3 1830 4392 6574
3 2269 4388 5935
3 755 6232 6409
3 5443 4140 7155
3 4456 396 4555
3 6544 4227 7085
3 1024 1022 4879
3 3824 5903 6018
3 1229 4409 4965
3 2680 4377 4819
3 630 632 4491
3 4850 5057 6233
3 6996 1940 7074
3 4733 4549 5095
3 497 498 5822
3 680 677 5431
3 210 441 4537
3 450 4534 6878
3 811 809 5018
3 6126 6710 6785
3 3253 3251 5411
3 486 4683 5072
3 5287 6767 6818
3 6831 4145 6939
3 3071 4627 6637
3 4670 1541 5426
3 4352 959 5697
3 4757 3680 6179
3 4293 5603 7100
3 4578 1488 5403
3 4754 4753 4758
3 6670 3854 7113
3 802 804 5195
3 5430 6832 6981
3 6821 4467 6899
3 4773 4097 6400
3 5191 4049 7013
3 206 462 4557
3 459 355 4339
3 3771 4385 5850
3 4441 1295 4443
3 1292 4374 6405
3 3863 155 6827
3 5189 5066 7337
3 237 238 5469
3 1775 4401 4844
3 5071 5404 6612
3 3173 4323 4513
3 6767 1641 6818
3 3759 4761 6184
3 4709 699 4868
3 4950 4947 5848
3 3462 3460 4663
3 4746 2883 5797
3 4875 5087 5161
3 3659 4397 5046
3 4322 3589 7290
3 4085 5279 6975
3 995 6057 6941
3 5088 756 5505
3 4678 3193 4686
3 1103 1100 5139
3 4947 1004 5848
3 3670 3481 5150
3 4611 4862 6345
3 3692 6154 6572
3 2739 2041 5412
3 383 4543 5746
3 2741 3005 4826
3 4170 6903 6992
3 4400 4050 6852
3 4467 4466 6899
3 4646 4571 5836
3 2942 5350 6169
3 6181 4311 6880
3 3088 5516 6711
3 3333 4486 4614
3 87 88 4787
3 4389 6604 7120
3 5030 5067 5068
3 3352 3842 5389
3 4627 3071 6930
3 4311 6181 6866
3 4688 4689 5138
3 5265 3109 6781
3 6801 4400 6852
3 5204 389 6431
3 3665 4450 6319
3 139 140 5465
3 842 833 4818
3 2971 2590 4931
3 7045 5322 7211
3 4120 5409 6683
3 6392 6020 6921
3 5556 4075 6783
3 4788 482 5762
3 371 7045 7211
3 4577 4711 6225
3 6438 443 6919
3 6438 5027 7084
3 4312 5417 5667
3 5286 4461 5926
3 4373 5131 6361
3 5191 4159 6870
3 4297 6374 6415
3 426 4396 5947
3 3408 4587 4588
3 3842 4509 5389
3 3589 4322 6321
3 2926 6004 6443
3 4271 6499 6915
3 4294 430 6629
3 4637 4438 6439
3 3160 5476 5601
3 1859 2278 5342
3 3495 4356 5549
3 4942 1177 5460
3 4251 3889 6577
3 3456 5087 6948
3 379 4380 4769
3 6321 4322 6945
3 5063 826 6047
3 4172 3493 5549
3 442 4510 4974
3 4168 6848 6858
3 1688 5219 6728
3 2317 4512 6817
3 5210 3468 5631
3 5380 3512 5833
3 4703 4519 6501
3 1154 2051 6122
3 3680 4756 6175
3 3791 4650 5146
3 4854 3765 5972
3 5446 1216 6031
3 5108 5968 6473
3 4392 1830 7097
3 430 4294 6792
3 5569 1707 5570
3 4900 2839 5525
3 4746 3692 6572
3 2814 5129 5946
3 4514 4515 5723
3 4297 4966 6374
3 4535 2455 4774
3 3783 4825 4851
3 4339 4114 7052
3 4388 2269 6384
3 5057 2856 6233
3 5087 3456 6485
3 3185 4833 6507
3 6181 1197 6866
3 6189 5583 6294
3 6598 1984 6811
3 3266 5373 7040
3 3647 3648 4638
3 426 5947 6269
3 6141 6142 6617
3 4450 661 6319
3 471 247 4878
3 2745 5286 5926
3 4537 441 4538
3 3141 3207 5102
3 1154 6122 6338
3 2632 4707 7083
3 959 958 5697
3 3130 4633 6107
3 5505 756 6113
3 4574 2608 4718
3 4486 4214 4614
3 4381 3603 6031
3 4512 2317 6977
3 4853 3765 4854
3 1823 2905 5312
3 1646 3089 4708
3 4251 6577 6631
3 3219 4140 6376
3 5671 1282 6490
3 6604 818 7120
3 5100 4839 6651
3 6903 4042 6992
3 4804 3743 5085
3 6968 1248 7263
3 5279 4085 7124
3 4570 2686 5040
3 3793 4709 4868
3 4380 379 5423
3 3595 3596 4437
3 5087 5086 5161
3 949 954 5046
3 5242 4060 6320
3 883 880 4693
3 4650 3791 6431
3 4108 6608 7117
3 4299 3073 6276
3 4349 4625 7227
3 5194 5195 6516
3 4448 3290 6504
3 2697 4608 5038
3 5844 1983 6675
3 4518 490 5739
3 6560 4144 6722
3 6856 4736 6965
3 2175 6588 6770
3 3089 4706 4708
3 1855 4420 5343
3 4515 4513 6932
3 1581 1738 5525
3 4265 6670 7113
3 4386 2537 7327
3 4438 4670 5426
3 4507 1990 5039
3 2741 4826 4827
3 176 211 4098
3 6463 4042 6558
3 1282 5671 7098
3 5793 4453 6827
3 3274 1215 5125
3 6792 4294 6985
3 4698 1822 6844
3 5415 3053 6527
3 5415 6527 6775
3 3726 2893 4789
3 3679 5398 6505
3 5025 984 6251
3 4488 449 6235
3 2540 2899 5314
3 5145 5144 5956
3 4655 489 6822
3 1177 974 5460
3 5473 5475 5585
3 4003 4494 4529
3 1411 4631 6293
3 4457 4456 4555
3 1822 4698 6871
3 4294 4716 6985
3 4996 3125 5787
3 3963 3962 6691
3 4217 5070 6571
3 1031 1692 5743
3 5183 466 7195
3 6289 470 6721
3 1451 6356 6444
3 6440 4912 6620
3 4028 5111 7103
3 494 45 6259
3 1407 1411 6293
3 445 4478 4785
3 3670 5149 5193
3 5164 2622 5618
3 2608 4575 4776
3 2537 4386 7382
3 4471 407 6304
3 6761 1162 6867
3 4325 6277 6901
3 4549 4733 4805
3 4652 5963 5999
3 4457 4242 6599
3 5460 966 5461
3 2173 5684 7029
3 4293 357 5603
3 3073 5480 6276
3 1474 6856 6965
3 5691 3921 5804
3 4261 5929 6104
3 3521 4651 5147
3 466 4659 6223
3 1098 5137 5139
3 4400 2711 6809
3 3696 4435 4744
3 2711 4400 6801
3 4532 385 4534
3 6848 5379 6858
3 6832 4253 6981
3 4557 462 4558
3 5025 4216 5616
3 833 840 4818
3 6419 6420 6789
3 3396 5309 6275
3 3618 4526 6195
3 3889 4355 6577
3 4469 464 5003
3 3348 6587 6700
3 4874 5157 5158
3 4882 362 4884
3 4692 3953 6309
3 4744 2929 5037
3 2278 4440 5342
3 4391 1692 6217
3 4952 4055 6904
3 4625 4349 7310
3 2195 4950 5848
3 5373 3266 7129
3 6054 2136 6242
3 4254 6440 6620
3 4313 3595 4437
3 2697 5041 6050
3 5743 1692 5778
3 4334 4610 6041
3 3346 4923 6402
3 3206 5129 5130
3 3735 5312 5313
3 4721 4622 6004
3 6087 4180 6683
3 2741 4827 5073
3 4415 1843 4927
3 2858 2871 6041
3 4687 4703 6501
3 4420 3695 5343
3 6499 1789 6915
3 4688 2814 5946
3 4737 3871 5856
3 6243 3137 6405
3 3374 4634 4851
3 4559 462 4566
3 3881 5374 6562
3 756 5088 6153
3 4494 3343 4529
3 45 46 6259
3 5345 5589 6518
3 6688 6049 6909
3 4980 2478 6872
3 4507 3363 5910
3 3073 2552 5480
3 5570 1707 6129
3 4912 2052 6620
3 3321 2265 6478
3 5947 3944 6269
3 4478 445 4786
3 2803 4355 6537
3 429 5352 6287
3 3921 4449 5804
3 4060 5242 7249
3 1138 5346 6751
3 1843 4415 6088
3 4355 3889 6537
3 453 6419 6789
3 4805 480 5752
3 4214 4363 4614
3 6129 2249 7017
3 4825 3783 6238
3 5302 2714 5303
3 5939 4184 6249
3 4114 4113 7052
3 4494 6968 7263
3 4420 1855 5342
3 7071 2795 7083
3 5655 6944 7064
3 3692 2363 6154
3 4379 2911 6222
3 4166 6598 6811
3 5684 2173 6922
3 4508 1705 5044
3 3718 5617 5975
3 2363 6093 6154
3 4419 1005 6673
3 6251 984 6422
3 1779 1823 5312
3 3853 6275 6876
3 4918 6494 6564
3 4397 948 5046
3 4435 3696 5722
3 2369 4562 5318
3 215 466 5183
3 4604 4605 7158
3 6423 5014 6476
3 6356 4404 6444
3 5023 4299 6276
3 3735 5313 5314
3 2553 4454 5480
3 3764 5791 7311
3 2670 5825 6336
3 596 594 5452
3 454 179 4523
3 5374 3881 6601
3 1665 4184 5939
3 4354 4455 6898
3 4439 1556 5675
3 4996 4997 6160
3 2566 2898 5157
3 5406 5780 7276
3 2737 4547 5307
3 1518 1338 4617
3 5505 4163 6417
3 3148 5567 6680
3 6575 4524 6756
3 4526 602 6195
3 7071 4292 7133
3 5176 4790 5632
3 2490 2892 4718
3 5704 4442 6060
3 3514 788 4801
3 4557 4558 7123
3 4256 6641 7093
3 5070 4217 6503
3 5300 5295 6742
3 3260 3783 4851
3 6735 4368 6823
3 1768 4382 6317
3 3963 6691 6967
3 2364 3692 4745
3 2386 2548 5024
3 5173 3864 5663
3 5469 238 7121
3 5005 5006 5928
3 4082 4479 6777
3 2972 4612 6207
3 489 4655 5793
3 5143 4122 5144
3 2266 4895 4896
3 1138 6751 6808
3 4042 3038 6558
3 499 397 4323
3 4565 4617 5121
3 1964 3295 4593
3 6269 3944 6520
3 4554 4886 6495
3 6494 1746 6564
3 2699 4472 5113
3 1968 4966 6272
3 4791 4602 6834
3 5886 4862 6730
3 673 2699 5113
3 4695 3139 5102
3 3861 6663 6717
3 3710 3711 5633
3 3908 4464 5389
3 1437 6423 6476
3 2213 5156 5317
3 4618 3321 6478
3 4450 4298 6678
3 6655 3782 7150
3 2396 2414 5955
3 4368 1434 6635
3 5193 835 5194
3 4486 3333 4690
3 5129 3206 5946
3 4524 4525 6756
3 667 5336 6913
3 4485 3289 4570
3 4380 5423 5789
3 4857 1411 5381
3 6160 4997 6220
3 4011 5675 5934
3 4931 3734 5817
3 3346 4063 7214
3 1700 4460 6104
3 5693 3722 5697
3 4556 4557 7123
3 3926 4705 5704
3 1514 1334 5659
3 3806 5309 5310
3 5195 804 5196
3 4633 4099 6107
3 831 1295 4801
3 3094 4321 4739
3 362 4785 4884
3 4738 4012 4739
3 3175 6855 6900
3 4417 3253 5411
3 211 367 4098
3 471 4876 4877
3 5000 4508 5783
3 6004 4624 6443
3 6898 4455 7011
3 5336 667 6927
3 1027 1024 4879
3 4355 2803 7287
3 354 459 4581
3 1157 1159 5403
3 2136 5775 6242
3 4449 755 5804
3 4407 5762 7232
3 4510 442 6084
3 5817 3734 7123
3 2839 4902 5622
3 4382 1768 7298
3 5082 3134 6006
3 5404 492 6612
3 4499 3317 5639
3 4985 5825 7065
3 4680 4677 4687
3 4125 6688 6909
3 3221 4642 5337
3 998 926 6656
3 2894 4733 5095
3 4617 1340 5121
3 2530 4422 7108
3 3845 4470 5871
3 6514 5542 6879
3 4180 6087 7247
3 4868 691 4869
3 5096 4972 5256
3 1855 1856 5342
3 4568 3323 4589
3 4987 321 4988
3 4461 1355 5926
3 1579 1749 5667
3 1574 4403 6918
3 5249 1665 6300
3 4592 4133 5423
3 4454 3820 5480
3 4474 2699 5452
3 4485 4570 5040
3 7157 4699 7210
3 4530 2263 6274
3 5182 2199 5877
3 5006 2957 5928
3 4395 5082 6006
3 5762 417 7232
3 3743 4804 6368
3 4758 3043 6175
3 4263 3933 6142
3 3383 4737 5856
3 413 4615 7261
3 5124 2533 5232
3 5265 4090 6561
3 5092 6090 6124
3 5968 4028 6473
3 4368 5074 6823
3 6641 4256 7348
3 1005 4419 6776
3 3599 4774 5291
3 4292 3090 7133
3 4253 6032 6981
3 1583 4482 5975
3 4901 2355 6389
3 4785 4478 4884
3 4952 3853 6876
3 4519 5739 6501
3 4008 7004 7020
3 111 360 4567
3 3472 5197 6467
3 6616 1408 6935
3 6416 4481 6479
3 440 4867 7180
3 6477 5514 6636
3 3009 3007 5783
3 1355 4461 5017
3 1742 4761 4975
3 3700 5988 6147
3 3402 3399 4844
3 5181 2199 5182
3 4409 3713 5633
3 3898 4653 6089
3 4735 4736 6332
3 4114 4339 7293
3 3944 4672 6520
3 367 4055 4952
3 1556 4439 5849
3 3403 3434 4587
3 437 4611 6345
3 4986 4984 4987
3 5516 3903 6711
3 5009 5010 7217
3 5453 2212 6421
3 6367 4458 6590
3 3850 4669 7318
3 962 5616 6303
3 6387 3652 6625
3 2340 6416 6479
3 4404 2615 6444
3 4916 1437 6476
3 6481 4000 6504
3 4460 4261 6104
3 3146 3047 5769
3 179 180 4523
3 2909 4905 5008
3 4447 2241 4699
3 4594 4595 4599
3 4608 2697 6050
3 3546 4745 4746
3 3175 4290 6855
3 1805 4437 4637
3 3445 3317 5620
3 3668 5505 6417
3 3806 5310 5311
3 6222 4328 6540
3 2955 4475 4713
3 4421 4381 6031
3 1434 4368 6735
3 205 206 4557
3 6090 826 6124
3 3276 4502 6754
3 4971 4970 6278
3 3146 4652 5999
3 385 4532 4726
3 5169 5230 6671
3 4090 5265 7289
3 4429 340 6493
3 5285 458 5560
3 441 176 6795
3 3839 6919 7227
3 4435 2929 4744
3 4403 1574 6966
3 2370 5871 6127
3 3335 4744 5037
3 4984 374 4987
3 3082 3080 5115
3 6944 3532 7064
3 6533 3797 6612
3 2676 883 4693
3 4131 6305 6654
3 4652 3146 5769
3 4738 1982 5260
3 4238 6297 6621
3 4554 4885 4886
3 6386 2488 6833
3 2759 4343 6106
3 4642 3862 5337
3 4121 6466 6814
3 5041 3786 6050
3 5181 5180 6362
3 3317 4499 5620
3 4452 6257 6425
3 5911 6933 7094
3 454 4523 4524
3 1692 1029 6217
3 3860 4702 4960
3 4612 5153 6207
3 4653 2551 6089
3 5567 5566 7192
3 6707 4031 6907
3 4144 4259 6722
3 4648 4325 7332
3 4250 6931 6946
3 5309 3806 6275
3 3109 5263 6781
3 4860 5008 5897
3 3584 4110 6164
3 4304 6655 7150
3 5371 4317 6155
3 3696 3945 5722
3 4901 4900 5525
3 4790 3131 5632
3 1782 1611 4713
3 5197 3472 6516
3 3290 4448 7131
3 4582 4396 7368
3 3919 4374 6128
3 4677 4676 4687
3 6297 774 6621
3 5107 5111 5968
3 172 201 4471
3 4379 6222 6540
3 4353 5673 7335
3 5473 5585 7039
3 4000 4448 6504
3 62 451 4594
3 4464 3352 5389
3 4157 5183 7195
3 3385 3584 6652
3 2212 5453 6605
3 5416 1246 6726
3 3943 3942 6733
3 3362 4393 7320
3 5992 2690 7134
3 4128 4127 6999
3 5171 4855 5381
3 4467 1178 6901
3 4052 5422 6996
3 4974 4890 6364
3 4867 440 7049
3 786 630 4491
3 1946 5375 5380
3 6380 4171 6719
3 2348 6906 7018
3 2440 5417 7168
3 2364 4745 5357
3 5035 6758 6803
3 4057 5907 6456
3 5144 4122 5956
3 6931 854 6946
3 1178 4467 6821
3 4576 4574 4718
3 450 5326 6895
3 5173 3303 6281
3 4943 5460 5461
3 4606 4925 7158
3 7004 4414 7020
3 7133 3090 7245
3 3299 4454 7250
3 4123 4961 7218
3 5619 4765 7174
3 5089 2519 6329
3 4743 971 6102
3 1985 4354 6898
3 4465 430 6429
3 755 4449 6232
3 445 87 4787
3 5038 4608 5039
3 5556 5555 6470
3 6032 4253 7016
3 4927 1847 6072
3 4833 6741 7142
3 6587 5440 6700
3 4500 384 6248
3 2894 4732 4733
3 383 208 5247
3 4799 671 5702
3 5030 5068 5666
3 3140 2252 4686
3 4364 4499 5639
3 5149 835 5193
3 5067 5030 5351
3 3853 4952 6904
3 1706 4748 5420
3 5811 927 6934
3 4318 4535 4774
3 5739 4685 6501
3 4961 4829 7218
3 471 4877 5812
3 3245 4174 7193
3 2051 6434 7109
3 5008 3770 5897
3 5050 5142 5144
3 5723 2516 6046
3 4422 2530 7331
3 6588 5115 6770
3 4283 4971 6278
3 4821 3945 5512
3 3344 4783 5988
3 3722 5693 5732
3 4324 6761 6867
3 2266 4896 6182
3 4263 6142 6548
3 6257 2561 6425
3 4529 3343 4802
3 2535 4676 4677
3 3920 4383 6780
3 1180 1026 5448
3 3975 4921 6765
3 3745 4640 6396
3 4405 5594 7310
3 4323 150 7153
3 4736 5979 6332
3 5311 1779 5312
3 4231 5447 6172
3 5082 3371 5189
3 5407 6166 6272
3 3913 3647 4638
3 4547 2737 4657
3 6758 6215 6803
3 809 1355 5018
3 4455 1268 7011
3 3751 3309 6339
3 455 4456 4457
3 4742 4741 5090
3 4354 1985 6902
3 4580 4069 6521
3 3857 2865 6603
3 4843 3463 6782
3 5115 4083 6770
3 1246 5416 7128
3 5071 4338 5404
3 3165 5376 5377
3 4393 3362 6616
3 5259 4065 6998
3 3082 4430 7357
3 5398 440 7180
3 5303 2714 5448
3 5348 1541 6350
3 666 659 5428
3 5050 5144 5145
3 5907 3354 6456
3 3839 5027 6919
3 3653 3256 5732
3 3908 4612 6369
3 4653 6102 6139
3 4065 5259 7329
3 356 357 4293
3 4520 4521 5250
3 455 204 4456
3 4694 3445 5620
3 4300 3516 5024
3 3463 4843 7104
3 1990 4507 5910
3 4108 4034 6608
3 3041 4468 6277
3 3765 4853 5936
3 5570 6129 7017
3 463 5472 5473
3 5587 6959 7051
3 6631 3322 6753
3 6102 971 6139
3 5594 2426 7310
3 5406 2786 5780
3 2391 2336 5229
3 1518 4564 4665
3 2892 3725 4718
3 3919 6128 6474
3 910 912 4690
3 4729 7187 7221
3 4508 3172 5783
3 5256 4972 7358
3 4580 416 6301
3 2006 2004 5244
3 4908 4907 6458
3 6442 6441 6650
3 4520 3277 4521
3 1925 5173 5663
3 835 802 5195
3 811 5018 5589
3 3908 6369 7119
3 6281 3303 6325
3 2465 4572 6650
3 2516 4560 4939
3 2625 3083 5826
3 6447 324 6606
3 5312 2905 5313
3 210 176 441
3 169 4057 5699
3 4683 4681 5072
3 3928 5646 6907
3 1022 2680 4879
3 5421 5033 5422
3 5371 6155 7122
3 1414 5304 5355
3 4553 4552 6842
3 340 4429 7220
3 6218 2650 6273
3 6771 5874 7021
3 3919 6474 6705
3 6140 5303 6399
3 463 5470 5472
3 1742 1649 4760
3 4101 4046 6846
3 4683 486 6536
3 4552 6508 6842
3 4895 2266 6153
3 4552 108 6508
3 462 207 4566
3 1738 2355 5525
3 4452 2393 6257
3 6710 4059 6785
3 4216 5025 6251
3 204 174 4456
3 5967 998 6656
3 1541 4670 6350
3 5199 5602 5912
3 927 5811 7001
3 5143 2014 6340
3 5589 5018 6518
3 1611 2955 4713
3 3291 3697 4731
3 3724 4407 7232
3 4295 80 4626
3 155 156 489
3 6122 2051 7109
3 4848 3902 4849
3 4741 2531 5090
3 3254 4571 4646
3 1970 5424 7307
3 6157 4717 6171
3 5675 1556 5934
3 6521 4069 6633
3 4383 3920 7146
3 2170 4521 6625
3 6198 6771 7021
3 47 48 4296
3 4615 4616 7261
3 81 425 4626
3 4482 3718 5975
3 4832 4833 7142
3 4464 3908 7119
3 5357 4269 6365
3 3090 3770 7245
3 1216 2751 6031
3 3516 4299 5024
3 4845 6317 6753
3 4564 1518 4617
3 1665 5939 6300
3 6277 4468 6901
3 880 881 4693
3 4834 4832 4835
3 4598 4602 4641
3 4401 3402 4844
3 977 6553 6743
3 4972 5096 5605
3 5201 6392 6921
3 439 4497 6310
3 4100 6553 6584
3 1742 4760 4761
3 2426 1953 4775
3 5201 2632 6392
3 6206 3910 6283
3 5086 702 5161
3 7022 1116 7043
3 1576 1730 4750
3 4682 4681 4683
3 5566 398 7192
3 430 4465 6629
3 971 4743 6108
3 4535 6218 6273
3 978 7125 7230
3 203 204 455
3 2535 2255 4676
3 6409 4378 6459
3 4730 4729 7221
3 4625 2426 4775
3 1657 1655 4904
3 5553 4107 7107
3 5008 4905 7245
3 3251 4593 5411
3 2643 5176 5632
3 4434 3053 6514
3 4965 5633 7010
3 2859 2858 6041
3 3463 2656 6435
3 5051 5053 5788
3 840 4817 4818
3 6304 407 7081
3 5034 5033 5421
3 2484 5594 6260
3 5066 5189 5455
3 2899 3735 5314
3 1185 5301 6140
3 5969 4572 6658
3 3287 3285 4786
3 4645 4100 6584
3 4393 6616 6935
3 2658 4791 6834
3 4497 6419 7342
3 5029 5030 5666
3 4949 2519 6219
3 1573 4755 4756
3 2385 6157 6171
3 4908 6458 6487
3 449 4488 6988
3 4702 3860 6266
3 5079 3941 5135
3 5379 2275 6858
3 356 4293 4339
3 3835 3833 4657
3 4440 2278 6462
3 2539 2540 5314
3 3447 4165 5400
3 6481 3339 6528
3 2780 6010 6406
3 6786 4629 6810
3 5168 2391 5229
3 6355 2795 7071
3 4662 6347 6410
3 4768 3832 5044
3 3203 3902 4848
3 4586 5406 7276
3 1224 1260 4903
3 4383 1371 6780
3 4360 4799 5702
3 1767 5283 6427
3 927 4418 6934
3 4761 4760 5216
3 5128 2389 6755
3 495 4974 6364
3 1953 1955 4775
3 3000 2997 5956
3 1757 2046 4776
3 5380 3646 7387
3 1964 4593 5036
3 1634 3258 4881
3 4702 351 4960
3 3113 5911 7094
3 4853 4858 5936
3 4902 4903 5622
3 4255 4562 6190
3 5006 4484 7209
3 4966 1968 6374
3 5495 2288 6706
3 2615 4404 6538
3 2714 5302 5588
3 4378 4636 6459
3 1573 1427 4755
3 4415 4927 6072
3 4122 5143 6340
3 4629 4628 6810
3 1596 5748 6644
3 4437 3596 4438
3 5139 4689 6579
3 1190 6206 6283
3 3844 4635 5239
3 2894 4731 4732
3 4356 4082 6777
3 361 4577 6225
3 4434 6514 6879
3 5310 1779 5311
3 3334 1518 4665
3 3258 6049 6554
3 4923 3866 6402
3 4671 2247 5747
3 4698 4697 6911
3 3125 4996 6160
3 6474 978 6705
3 5738 4685 5739
3 6871 4698 6911
3 3445 4694 5613
3 3599 3601 4774
3 1225 1224 4903
3 968 967 6594
3 4242 4457 6845
3 4804 5085 5410
3 150 151 7153
3 5080 6533 6612
3 2199 5181 6362
3 1372 789 5034
3 2252 2253 4686
3 4644 1451 5985
3 4231 6172 6358
3 2637 4898 4899
3 3904 4706 4707
3 2362 4674 5458
3 3053 4434 6527
3 1268 4455 7178
3 1480 1705 4999
3 6959 4054 7051
3 1437 4916 6556
3 3649 4517 5012
3 213 214 413
3 404 33 4620
3 5263 3109 7015
3 1646 4708 6145
3 4436 5060 5360
3 1296 1238 5588
3 5616 4216 6303
3 80 81 4626
3 1914 1912 5039
3 3833 4547 4657
3 1798 1717 4695
3 2772 4777 4779
3 4921 3975 6929
3 3819 6380 6719
3 5283 6413 6427
3 5053 1336 5788
3 4661 4662 6410
3 4439 3847 6982
3 5301 1185 6138
3 3896 6721 7223
3 4988 422 4989
3 4165 3212 4667
3 2699 596 5452
3 973 5150 6361
3 4184 1657 4904
3 6327 372 6853
3 2608 2490 4718
3 2440 1579 5667
3 5060 3585 5360
3 1955 5029 6097
3 4684 410 5984
3 4248 4816 6703
3 647 643 5489
3 2859 4610 6666
3 5249 3801 5524
3 1151 4481 6416
3 4562 5148 5318
3 4630 2052 4912
3 3646 5251 7387
3 5306 7136 7327
3 5237 4852 6675
3 3193 3140 4686
3 4701 1636 7165
3 4305 6327 6853
3 4203 4530 6274
3 4577 361 6530
3 4925 4606 6426
3 4159 5190 6344
3 4660 3462 4663
3 4978 4976 5272
3 4918 4211 6322
3 1606 1604 4939
3 3662 3287 4786
3 61 62 4594
3 3143 3761 4691
3 6906 4119 7018
3 3850 2702 5601
3 4480 6866 7286
3 6166 1968 6272
3 4531 3217 5999
3 4589 3323 6308
3 4719 2677 4720
3 713 769 5317
3 6575 3852 6642
3 4999 1705 5000
3 2637 4897 4898
3 3603 5446 6031
3 5871 4470 6127
3 4855 4857 5381
3 4788 4264 7173
3 5169 5229 5230
3 4774 2455 5291
3 4180 2999 6683
3 366 5886 6730
3 1371 4383 7185
3 6663 4137 6717
3 3666 5339 5634
3 6317 4382 6753
3 4995 4996 5787
3 1821 4527 4771
3 4565 3811 6540
3 5184 5339 6252
3 3174 4555 6861
3 912 962 4690
3 5145 2998 7112
3 3323 5020 6308
3 5594 4405 6260
3 6955 2953 7135
3 38 39 4668
3 5963 4531 5999
3 1966 4928 4929
3 5602 2240 5912
3 6309 3953 7061
3 3468 3466 5631
3 1636 4701 7105
3 1010 1008 4724
3 4762 4763 4767
3 4560 2516 5723
3 39 409 4668
3 5548 4356 6777
3 4421 2751 7208
3 3106 4264 4789
3 5042 5873 6186
3 1746 4511 6564
3 5827 4586 7276
3 3649 3647 3913
3 4503 4091 6874
3 2201 6734 7164
3 2839 1581 5525
3 79 80 4295
3 1232 5284 6073
3 4675 2492 4703
3 4593 3295 5411
3 3268 4640 6211
3 4982 374 4984
3 5306 5300 7136
3 4803 4418 6798
3 1171 1010 4724
3 4222 433 4329
3 2643 5174 5176
3 4304 5346 6655
3 6642 6904 7069
3 3076 6987 7036
3 2262 4918 6322
3 1604 2516 4939
3 5052 5049 5145
3 3717 6477 6636
3 5356 4765 5619
3 476 5546 5549
3 217 378 4659
3 209 210 4537
3 5072 4684 5984
3 2658 4917 6019
3 4257 5580 6952
3 2531 4741 5466
3 1993 4841 7167
3 5364 6524 6812
3 4457 4555 6845
3 6364 6301 6638
3 5320 5321 6370
3 1511 4751 4752
3 5304 1414 5588
3 2572 3335 5037
3 3137 3932 6405
3 4453 3297 7014
3 4058 5165 6951
3 3847 6950 6982
3 464 4469 7369
3 1185 6140 6399
3 4537 4539 5247
3 3458 3462 4664
3 4519 4518 5739
3 2979 3221 5337
3 1991 4838 7268
3 2227 2658 6019
3 3558 3666 5634
3 1832 1713 4723
3 4091 4643 6693
3 1555 4759 4760
3 3381 4975 6096
3 5487 6955 7135
3 4830 4829 4961
3 2250 5092 5954
3 4721 4720 4722
3 1488 4578 6200
3 3407 3405 3408
3 4767 4763 6800
3 2145 2531 5466
3 6117 5300 6742
3 5336 5335 6889
3 466 6223 7195
3 3291 4731 4823
3 4703 2492 7316
3 5170 7022 7043
3 4043 6331 6353
3 5280 5278 5964
3 4113 6592 7052
3 3466 3242 6299
3 1171 4411 7308
3 3333 910 4690
3 2259 2492 4675
3 4444 6355 7071
3 5107 5110 5111
3 15 16 5984
3 4793 3850 4794
3 4701 7165 7206
3 6287 5352 7070
3 1115 6887 7055
3 4609 2237 5745
3 4668 4669 5476
3 5367 627 6727
3 4725 6188 6199
3 5793 4417 7350
3 2108 3458 4664
3 4957 4560 5723
3 110 111 4567
3 2389 5128 7235
3 2455 4535 6273
3 374 4982 5272
3 1459 1576 4750
3 3913 4563 6095
3 4418 927 6893
3 5336 6889 6913
3 2575 1904 4830
3 4561 6001 7375
3 2530 1487 4770
3 3160 2587 4715
3 4597 4598 4641
3 4755 4754 4758
3 4953 5005 5928
3 4634 3374 4852
3 3194 4762 4767
3 2336 3126 5229
3 548 2241 4773
3 6721 4341 7223
3 4717 2154 6056
3 4611 4861 4862
3 4993 6606 6890
3 4481 1151 6383
3 3120 5280 5964
3 1175 3254 4646
3 2046 2608 4776
3 4905 2909 5898
3 5285 5560 6994
3 2352 2677 4719
3 5363 3890 6070
3 1392 2053 4858
3 6049 4079 6554
3 594 609 5452
3 20 452 4725
3 2739 4816 7058
3 4490 4492 6634
3 414 5812 6393
3 5646 4475 6907
3 3194 2631 4762
3 4586 5827 6910
3 5954 3625 6068
3 4838 1991 7240
3 4502 2006 5244
3 2809 3649 5012
3 5141 5142 5218
3 3406 3405 3407
3 3285 4478 4786
3 3783 4351 6238
3 5565 3148 6986
3 4700 4701 7206
3 1705 1482 5044
3 4454 4410 7250
3 2398 2396 5955
3 6580 5652 6746
3 550 548 4773
3 4251 6631 6753
3 6877 3257 6933
3 2809 2810 3647
3 5198 7157 7210
3 4748 2010 5419
3 4475 2955 6907
3 1562 1646 6145
3 1990 1914 5039
3 5142 5050 5218
3 2024 2026 5110
3 1163 6496 6509
3 486 5072 5984
3 6305 3028 6654
3 349 412 4780
3 4523 363 4525
3 6462 5749 6626
3 315 5163 6403
3 3938 6758 6894
3 3960 6511 6640
3 6001 7355 7375
3 3750 4887 4888
3 4719 4720 4721
3 1563 4907 6353
3 3256 3722 5732
3 4608 4507 5039
3 2560 2894 5095
3 3410 3411 3749
3 582 598 4771
3 436 353 4581
3 3504 4822 5683
3 832 1943 4781
3 4975 3759 6096
3 5096 890 5605
3 4922 4921 4923
3 5346 4304 6751
3 1342 1531 5121
3 3290 1279 4798
3 4558 4559 5817
3 4822 3952 5683
3 97 496 4649
3 384 4536 7059
3 5873 3531 6186
3 5537 3970 7033
3 3648 3690 4497
3 4620 488 4623
3 5447 3553 6172
3 5396 1946 5833
3 6798 4418 6893
3 4841 1993 7148
3 4892 5745 5784
3 1588 2010 4748
3 1511 1421 4751
3 5305 3446 5355
3 4563 3913 4638
3 2414 3206 5955
3 1983 4881 5237
3 3907 4806 6063
3 4749 1459 4750
3 2543 1782 4713
3 4731 3697 4732
3 5087 4875 6948
3 4993 6447 6606
3 2097 4414 7004
3 4384 3106 4789
3 4501 376 6414
3 6188 3761 6199
3 2909 752 5898
3 3804 5193 5194
3 3399 3397 4844
3 4002 5844 6675
3 2253 2535 4686
3 2632 5201 6662
3 2627 2558 6018
3 5049 5050 5145
3 4594 451 4595
3 3835 4657 4658
3 3367 5001 5180
3 5234 2196 7042
3 5270 3573 5271
3 3407 3409 3410
3 2110 4476 6659
3 155 489 6827
3 3909 6289 6721
3 2809 3647 3649
3 3379 5255 5397
3 3404 3403 3405
3 610 4512 6597
3 4489 626 7364
3 5163 3958 6403
3 1828 3139 4695
3 4777 2772 5274
3 1026 1028 5448
3 4447 4699 7157
3 5066 5065 7213
3 404 4620 4621
3 3514 4801 5704
3 2492 5012 7316
3 659 657 5428
3 5304 5305 5355
3 1500 716 4834
3 4039 2944 5224
3 3267 4235 4782
3 4285 4447 7157
3 6592 7050 7052
3 1555 1442 4759
3 4735 3654 5941
3 4107 5552 6229
3 4463 2192 6991
3 4184 4904 7392
3 2871 3733 6041
3 5259 2091 6105
3 5561 5099 5562
3 6740 3912 7256
3 6116 4051 6847
3 5396 3873 5730
3 4936 4077 5084
3 2658 2064 4791
3 1535 1634 4881
3 6396 4640 6406
3 3662 4786 4787
3 3832 4508 5044
3 4690 962 5331
3 5617 1456 5975
3 6524 4192 6812
3 4478 3283 4884
3 2288 5495 7231
3 967 4932 6594
3 4745 3692 4746
3 1904 1708 4830
3 1798 4695 5102
3 2535 4677 4678
3 4539 4543 5247
3 435 4792 6337
3 2980 3850 4793
3 4521 6387 6625
3 2243 2799 5160
3 5745 2237 5784
3 2391 5168 5481
3 2299 2609 4925
3 4995 1640 4996
3 769 2213 5317
3 4559 4566 6807
3 1181 1239 5133
3 4162 4161 7114
3 2824 3521 6005
3 1559 738 4860
3 4846 3202 4847
3 6775 1194 7128
3 2092 4583 4584
3 4752 4751 5350
3 789 790 5034
3 46 47 406
3 4933 4459 4935
3 5252 1064 6794
3 1402 5171 5381
3 4499 2084 5402
3 354 355 459
3 347 460 4828
3 2382 760 4797
3 598 1821 4771
3 3775 4671 5747
3 1500 4834 4835
3 1749 1851 5667
3 2237 4609 5756
3 2380 5004 6547
3 1963 1390 4800
3 4920 4921 4922
3 4581 459 7050
3 627 5367 7243
3 4562 2369 6190
3 5182 5368 5369
3 4296 485 6363
3 2690 5054 7134
3 1973 5023 5097
3 4783 3344 5880
3 3798 5696 6074
3 1064 5252 7216
3 2539 5314 5315
3 3290 4798 6504
3 4414 2097 7175
3 5546 405 7127
3 3206 5130 5955
3 6187 4235 6280
3 1889 5730 6292
3 2403 2405 5208
3 6786 1344 6925
3 5331 962 6303
3 5378 5377 6848
3 1473 1640 4995
3 4490 786 4491
3 4290 4291 6630
3 5150 3878 6361
3 2714 1180 5448
3 2445 5363 6070
3 3649 3913 4516
3 734 740 4865
3 2665 2935 5084
3 7125 5341 7230
3 1451 1449 5985
3 4678 4677 4679
3 2538 3102 5250
3 3283 3281 4884
3 145 433 4222
3 5255 1054 5397
3 19 20 4725
3 5775 3961 6242
3 6702 1193 6815
3 2086 4613 5330
3 2549 3032 5260
3 4051 6116 6830
3 4649 496 4650
3 3435 4777 5274
3 2519 2151 6219
3 4422 4413 6825
3 4998 1478 4999
3 5284 4570 6073
3 6995 4742 7219
3 5370 5069 5810
3 5090 4948 7219
3 626 4489 7305
3 478 5099 5561
3 4673 3046 5665
3 4956 7280 7393
3 6553 4100 6743
3 4053 3448 6805
3 3249 2649 5036
3 1989 7048 7119
3 2772 4779 5244
3 1925 5172 5173
3 4676 4675 4687
3 5066 7213 7337
3 3712 5522 6390
3 5696 2903 6074
3 840 860 4817
3 5463 6819 6860
3 1696 1816 4911
3 575 2362 6607
3 5580 423 6952
3 4999 5000 6271
3 1954 2426 5594
3 4976 318 5272
3 717 4831 4834
3 4749 4750 5350
3 1323 1459 4749
3 1676 5929 6212
3 3047 3046 5769
3 4558 462 4559
3 1649 1555 4760
3 916 5025 5616
3 750 6226 6326
3 2575 4830 4961
3 739 4859 4860
3 4011 5002 5675
3 5339 3666 6252
3 1408 1386 4910
3 16 486 5984
3 3853 3396 6275
3 4572 2465 6658
3 4833 2642 4864
3 1966 4929 5405
3 2193 666 5428
3 6441 2465 6650
3 782 793 4845
3 4524 6575 6642
3 6609 420 7224
3 1279 1203 4798
3 2997 2998 5956
3 4611 3418 4861
3 5363 2650 6170
3 4940 2377 5757
3 4880 3441 5204
3 5315 5313 6601
3 3250 4338 5071
3 386 6773 7034
3 5812 4877 6393
3 2637 1653 4897
3 834 5058 6958
3 5069 3534 5810
3 5239 4635 5595
3 4162 7114 7171
3 2012 6282 6646
3 2558 3824 6018
3 6734 5516 7164
3 1531 3811 5121
3 4807 2533 4808
3 4018 5995 6055
3 4881 3258 5237
3 165 166 492
3 2026 2371 5110
3 4893 392 7151
3 4091 4503 7237
3 1511 4753 4754
3 4753 5382 7275
3 5444 4993 6890
3 396 205 4557
3 5581 479 5908
3 1755 1757 4776
3 3941 3056 5135
3 2004 2772 5244
3 643 639 5489
3 4920 401 4921
3 3961 5775 6557
3 5665 2956 6239
3 4377 3755 4819
3 5349 3910 6121
3 215 216 466
3 4739 4012 6937
3 452 5276 6188
3 4606 4597 4641
3 5103 956 6936
3 3584 6164 6652
3 345 401 4920
3 5189 591 5455
3 4607 3084 7102
3 4445 370 4446
3 6987 5519 7036
3 3755 4391 4819
3 670 668 5575
3 3970 5537 7062
3 4930 1742 4975
3 4590 427 6593
3 6750 4036 7161
3 2349 2057 4924
3 1131 5106 5108
3 1510 1843 4740
3 1966 936 4928
3 1411 4857 7197
3 4915 4421 4916
3 3407 3408 3409
3 3139 2252 3140
3 466 216 4659
3 4374 6243 6405
3 3940 3941 6480
3 4893 5276 6619
3 2686 4570 5284
3 5041 2380 6377
3 908 3333 4889
3 702 703 5960
3 442 4974 7053
3 1827 1494 5011
3 4913 3661 4914
3 4775 1955 6097
3 71 370 4445
3 5054 2690 7054
3 6466 4709 6814
3 3547 3549 5357
3 353 354 4581
3 1660 5249 5524
3 4000 6481 6528
3 4656 3591 4962
3 4850 4846 5057
3 820 845 4863
3 1476 1478 4998
3 4285 7157 7239
3 4904 6351 7392
3 2255 2257 4676
3 5221 5220 7246
3 4143 4463 6991
3 694 5141 5218
3 4982 4978 5272
3 1912 5038 5039
3 3381 2504 4930
3 4765 4766 7174
3 4494 4003 6968
3 1372 5034 5421
3 3281 4882 4884
3 4099 367 4952
3 3141 3140 3142
3 3931 3938 6894
3 1385 2615 4909
3 3083 4315 5826
3 2263 4530 6379
3 906 908 4889
3 6724 4228 6739
3 5726 5747 6151
3 37 38 4504
3 4336 3659 5046
3 4799 5259 6105
3 4497 3690 6419
3 3252 3949 4792
3 4593 3249 5036
3 881 1363 6103
3 3912 3683 7256
3 4679 4680 4684
3 1063 1062 5073
3 1478 1480 4999
3 2257 4675 4676
3 3585 2864 5360
3 1798 5102 6747
3 5127 4352 5128
3 1238 2714 5588
3 4766 6586 7174
3 2614 3202 4846
3 4681 4679 5072
3 6010 3865 6406
3 1310 1337 5205
3 3541 5995 6196
3 2567 2008 5209
3 3571 4717 6056
3 3941 5079 6404
3 3102 4520 5250
3 4802 2368 5798
3 1810 2243 5160
3 4635 3844 5871
3 1131 5105 5106
3 4649 4650 6431
3 1655 2637 4904
3 4967 3769 5586
3 4502 3276 7254
3 1608 1773 4850
3 3952 4822 5684
3 3008 4289 4866
3 4510 4890 4974
3 1136 1132 5108
3 2944 3686 5224
3 3830 4267 4726
3 904 907 4973
3 5064 1966 5405
3 1711 1832 4829
3 492 166 5080
3 4534 385 6878
3 3735 3183 5311
3 151 152 484
3 4759 4757 5216
3 1985 5205 5206
3 1504 5067 5351
3 3143 3142 3761
3 3521 5147 6005
3 3268 6211 6359
3 3183 3806 5311
3 6201 5378 6848
3 3032 3776 5260
3 3038 4522 6558
3 6226 4671 6326
3 4806 3011 6063
3 4733 4732 4734
3 1575 1847 4927
3 5668 4588 6651
3 3273 4782 5997
3 3017 2625 5826
3 3864 5173 6281
3 2832 3441 4880
3 2498 6036 7288
3 4555 396 4556
3 3401 3402 3403
3 2955 6707 6907
3 6805 3448 7200
3 1487 1686 4770
3 4882 3840 4883
3 3426 3661 4913
3 6301 416 6638
3 3132 5450 6013
3 2993 4956 7393
3 3432 4053 5094
3 4532 3830 4726
3 4786 445 4787
3 6189 3857 6603
3 5270 5269 7147
3 3300 3272 4340
3 5161 702 5960
3 4510 3229 4890
3 2990 5019 5338
3 6116 4237 6887
3 2276 4018 6055
3 4529 4802 5798
3 1229 4965 5599
3 465 4536 6309
3 4011 2727 5002
3 1308 1360 5020
3 2828 3791 5146
3 2380 1762 5004
3 2799 5013 5160
3 6331 1563 6353
3 4860 4859 5008
3 2535 4678 4686
3 4836 4487 7260
3 2993 4955 4956
3 822 832 4781
3 5130 6328 6567
3 5085 2569 5410
3 1977 1453 4953
3 4778 6386 6833
3 2820 3742 4906
3 2420 2403 5208
3 4678 4679 4681
3 5179 5182 5369
3 2345 5116 5773
3 3518 5174 5657
3 1796 1606 4939
3 5076 5075 5626
3 1009 2533 4807
3 201 407 4471
3 5736 3463 6435
3 2492 2493 5012
3 4499 5402 5620
3 1393 1392 4858
3 343 461 5007
3 2349 6426 6896
3 4008 3379 5397
3 443 5465 6919
3 3333 4614 4889
3 3873 5396 5833
3 5669 6200 6278
3 1644 4839 5100
3 2278 6347 6462
3 1828 1829 2252
3 3904 4707 6662
3 2071 5705 6007
3 2259 2261 2492
3 2534 5320 6370
3 3315 4421 4915
3 4831 4832 4834
3 5787 3125 6034
3 1427 1425 4755
3 5896 5289 5989
3 1619 1736 4958
3 5929 4261 6212
3 5276 4691 6188
3 7288 6036 7320
3 2377 2156 5757
3 4876 471 4878
3 4816 2739 7270
3 5193 3804 5800
3 5028 1808 5351
3 5911 6877 6933
3 2257 2259 4675
3 2898 2896 6472
3 2093 3382 5026
3 1717 1719 4695
3 4953 1357 5005
3 2669 4459 4933
3 2631 2514 4762
3 5030 5028 5351
3 3410 3409 3411
3 352 353 436
3 3856 3060 5148
3 1816 2052 4911
3 4925 2609 7158
3 4562 3856 5148
3 2992 3250 5071
3 1176 3274 5232
3 4495 3841 6635
3 1653 1543 4897
3 5009 1935 5010
3 936 903 4928
3 3730 2959 5136
3 671 4799 6105
3 4091 6693 6874
3 3202 3203 4848
3 206 207 462
3 5165 4058 7138
3 4417 5411 7350
3 3212 3210 4667
3 1828 2252 3139
3 416 4580 6521
3 2935 4936 5084
3 1337 3334 5205
3 5156 4870 5317
3 4265 2567 5209
3 5174 2643 5657
3 3302 1225 4903
3 4466 662 6899
3 1414 1296 5588
3 5212 5213 5454
3 5069 3898 6089
3 5043 5787 6034
3 4667 3551 4893
3 1132 1131 5108
3 1001 2102 4964
3 2250 5954 6068
3 6887 4237 7055
3 5040 2686 6022
3 1239 1650 5133
3 717 719 4831
3 5097 5023 6276
3 1719 1828 4695
3 5598 4287 7228
3 2652 2814 5138
3 380 4390 6890
3 3139 3140 3141
3 4748 5419 5420
3 4511 1746 6667
3 4693 881 6103
3 3743 2819 5085
3 2074 1737 5043
3 3046 4673 5769
3 7048 4464 7119
3 1066 5073 6412
3 4986 4987 4988
3 6110 5132 6141
3 4579 5403 6622
3 900 904 4973
3 4784 6304 7081
3 3279 3840 4882
3 4315 4490 5826
3 4571 4026 4572
3 2636 2543 3272
3 2364 5357 6365
3 5349 1208 5989
3 4181 5059 6908
3 4536 465 7059
3 2559 2075 4823
3 3403 3402 3434
3 2353 944 5045
3 3869 5559 6993
3 4451 4078 7073
3 4509 3842 6597
3 4756 4755 4758
3 5001 647 5489
3 1925 1922 5172
3 6170 2650 6218
3 3670 5193 5800
3 739 742 4859
3 716 717 4834
3 1625 1760 5123
3 1573 4756 4757
3 4626 425 4627
3 3415 4104 4951
3 790 5032 5034
3 1511 4752 4753
3 4013 6523 6760
3 3647 2810 3648
3 2636 3272 3300
3 5464 3653 5732
3 849 4637 6439
3 1055 1054 5255
3 1645 940 5064
3 5213 2034 5454
3 711 713 5317
3 5522 2230 6390
3 4115 3520 5637
3 1379 1382 5151
3 4800 1408 6616
3 5267 5268 5269
3 1713 1715 4723
3 6586 4766 7207
3 2993 2838 4955
3 4551 4552 4553
3 4376 1805 7347
3 738 739 4860
3 5270 7147 7323
3 3434 4402 4403
3 5929 1669 6104
3 1969 1111 5185
3 3551 4691 5276
3 945 2093 5026
3 4956 4955 7186
3 3576 4895 5088
3 166 167 5080
3 1762 1264 5004
3 412 350 4702
3 1256 1767 6649
3 2064 2062 4791
3 4636 1018 6459
3 1730 1708 1904
3 1013 1176 5232
3 1905 1904 2351
3 5631 3466 6299
3 5450 3728 6013
3 4970 900 4973
3 4504 38 4668
3 4422 6825 7108
3 2253 2255 2535
3 2352 2351 2677
3 2075 2073 4823
3 2142 2145 5466
3 1215 1214 1250
3 4734 4732 6468
3 3056 2563 5135
3 6121 3910 6206
3 4379 3810 4919
3 1176 1174 1214
3 760 761 4797
3 2533 1011 5232
3 2686 2077 6022
3 5422 5033 6996
3 1752 2072 5075
3 6904 4055 7069
3 2908 5086 5087
3 1425 4754 4755
3 2014 685 5021
3 3210 3208 3551
3 3316 1233 5016
3 5180 5001 5489
3 4117 3557 4236
3 6496 4152 6509
3 1251 1250 1323
3 4431 6609 7224
3 6627 4518 7190
3 1715 1798 4723
3 3405 3403 4587
3 3141 3142 3143
3 4015 5920 6625
3 3232 3230 5325
3 1325 1323 4749
3 4181 6908 7012
3 415 5561 5562
3 4891 1650 5134
3 5117 5116 6395
3 1208 5896 5989
3 3230 3261 5325
3 4691 3761 6188
3 2629 4503 6099
3 460 348 4780
3 4384 4790 5596
3 489 156 6822
3 2073 2429 4823
3 4747 4623 6596
3 4869 2908 6485
3 2493 2602 2809
3 1719 1721 1828
3 4989 422 4990
3 2205 3435 5274
3 5109 2024 5110
3 3381 4930 4975
3 5067 1528 5068
3 4771 4772 6208
3 1614 1370 5177
3 4078 4451 7035
3 5465 4350 6919
3 3642 3636 5277
3 73 469 5507
3 5092 2250 6090
3 3909 5529 6289
3 4612 2972 6369
3 1545 1546 5267
3 5267 1546 5268
3 5116 3452 5773
3 5669 1488 6200
3 1907 2697 5038
3 3418 3419 4861
3 4795 4053 6805
3 4316 7095 7196
3 2048 5239 5595
3 4787 88 7351
3 6608 455 7117
3 790 792 5032
3 1695 1696 4911
3 953 906 4889
3 4781 1943 5430
3 4972 4971 6623
3 2057 2056 4924
3 708 711 4870
3 3360 4022 5027
3 6868 3115 7146
3 2431 1918 5112
3 1390 1388 4800
3 2671 5228 7330
3 4237 6116 6847
3 5001 3367 5557
3 730 734 4865
3 1506 1935 5009
3 4480 3721 6866
3 4561 3299 7250
3 4865 740 5275
3 3770 5008 7245
3 5063 5277 6124
3 2216 2218 5941
3 3254 4026 4571
3 4115 5637 5655
3 3210 3551 4667
3 3844 3845 5871
3 5026 3382 6838
3 184 185 4710
3 1377 1379 5151
3 1453 1359 4953
3 1062 2741 5073
3 1963 4800 5966
3 4808 2533 5124
3 1994 5338 5755
3 4458 6367 7391
3 4321 4738 4739
3 33 34 4620
3 1218 1257 5854
3 1386 1383 4910
3 5107 3361 5109
3 843 863 5056
3 1440 1308 5020
3 1576 1577 1708
3 1459 1460 1576
3 2504 1937 4930
3 1773 2381 4850
3 4858 2053 5936
3 3949 3950 4654
3 2819 2568 5085
3 5920 2170 6625
3 3842 3961 6597
3 5133 4892 5776
3 1108 1118 5101
3 2926 4719 4721
3 355 356 4339
3 2908 696 5086
3 447 4654 6953
3 2975 3267 4782
3 2059 2299 4925
3 4959 676 5528
3 5302 5304 5588
3 1323 1324 1459
3 5391 1831 5962
3 3297 4453 7350
3 871 868 5098
3 5057 4847 5058
3 2725 4011 5273
3 2693 2560 5095
3 1340 1342 5121
3 2519 4949 6329
3 1375 1377 5055
3 6936 956 7082
3 4722 4720 5371
3 1588 1587 2010
3 1013 1174 1176
3 5319 5392 5814
3 3447 3212 4165
3 3098 3097 3576
3 2642 727 4864
3 3957 3640 5061
3 316 424 5163
3 413 214 5183
3 4914 366 6730
3 2551 4653 6139
3 3483 4185 5607
3 1650 4891 5133
3 694 679 5141
3 4614 2168 4889
3 4899 4898 4900
3 4522 3038 6677
3 4122 3000 5956
3 1715 1717 1798
3 2362 5458 6607
3 798 1940 5031
3 609 829 6436
3 806 1468 5196
3 1421 1325 4751
3 918 984 5025
3 1258 1219 5880
3 1737 1580 5043
3 6103 1790 6213
3 894 900 4970
3 4812 4811 4813
3 4210 4212 5331
3 60 61 391
3 4392 4274 5261
3 3208 3143 4691
3 1176 1214 1215
3 348 349 4780
3 1425 1423 4754
3 4098 4099 4633
3 4622 4621 6004
3 1482 1490 5044
3 2637 4899 4904
3 401 346 4828
3 6570 4712 7232
3 2579 2522 2926
3 2727 2729 5002
3 4517 4516 4518
3 1066 1063 5073
3 5910 4462 6017
3 2663 2665 5084
3 2381 4846 4850
3 1131 1128 5105
3 944 942 5045
3 3696 3372 3945
3 350 351 4702
3 1087 1084 5083
3 4274 4276 5261
3 940 938 5064
3 5211 2066 6321
3 4640 3745 6211
3 4654 3950 4655
3 4679 4677 4680
3 4750 1730 6169
3 2649 2233 5036
3 2405 5207 5208
3 5671 3515 5823
3 6969 5970 7026
3 3343 2634 4802
3 5776 4892 5784
3 3254 3255 4026
3 4684 4680 4685
3 668 2193 5575
3 1410 1407 6293
3 2493 2809 5012
3 3376 585 5081
3 1009 1011 2533
3 4170 5254 6903
3 502 504 5132
3 464 334 5003
3 3801 5249 6300
3 4612 3262 5153
3 2799 2801 5013
3 4745 3547 5357
3 1576 1708 1730
3 1325 4749 4751
3 2585 2583 3108
3 5264 2045 5265
3 207 175 4566
3 2149 2519 5089
3 3446 5305 5915
3 2607 2606 2928
3 1592 1590 1706
3 674 676 4959
3 5422 4052 7116
3 3443 4967 5586
3 4848 4849 6958
3 1535 1534 1634
3 1411 1404 5381
3 3096 3095 3097
3 209 4537 5247
3 4512 610 6817
3 1709 4829 4830
3 1436 1528 5067
3 2492 2261 2493
3 770 782 4845
3 1929 5663 6016
3 1560 1632 5275
3 2634 2366 4802
3 1730 1904 1905
3 6110 6141 6967
3 1423 1421 1511
3 5199 5022 5602
3 6330 4365 7266
3 4817 4809 4818
3 1381 1385 4909
3 1215 1250 1251
3 1007 1009 4807
3 102 358 6314
3 4112 5220 5221
3 4903 1260 5622
3 2992 3249 3250
3 4965 4409 5633
3 5382 4752 7111
3 4810 4808 4811
3 5063 3642 5277
3 2514 2890 4762
3 3936 5316 5841
3 5136 4580 6301
3 5411 3297 7350
3 1558 1458 1587
3 6363 485 7304
3 1638 1752 5075
3 3252 3253 3949
3 399 5556 6783
3 4445 4446 5713
3 3401 3399 3402
3 2700 2587 3160
3 1975 1973 5097
3 346 347 4828
3 1496 1498 5766
3 4687 4675 4703
3 1013 1014 1174
3 5359 5358 6023
3 362 85 4785
3 6618 4579 6622
3 5112 5910 6017
3 5076 5626 6030
3 417 6570 7232
3 3337 3372 3696
3 1905 2351 2352
3 4502 5244 6754
3 5777 6754 6833
3 4762 2890 4763
3 1972 2386 5023
3 3783 3259 4351
3 3795 6580 6746
3 868 866 5098
3 469 5649 6238
3 3001 6943 7046
3 468 26 6250
3 4488 3110 4793
3 1251 1323 1325
3 1533 1534 1535
3 3098 3576 3668
3 1918 1916 5112
3 2938 3105 4004
3 3142 3140 3193
3 1711 1713 1832
3 2108 4664 5803
3 3107 3344 4938
3 4981 2385 6171
3 2587 2585 4715
3 2370 4635 5871
3 1302 2045 5264
3 2002 1080 5118
3 424 317 4976
3 2694 3912 5022
3 3096 3097 3098
3 91 92 5398
3 1590 1588 4748
3 3793 4868 4869
3 804 806 5196
3 1728 1726 5258
3 1415 1541 5348
3 3295 3294 3296
3 1708 1709 4830
3 4537 4538 4539
3 1998 2369 5318
3 4112 3477 5220
3 4957 5723 7315
3 5559 3869 6994
3 2381 2614 4846
3 1011 1012 1013
3 4846 4847 5057
3 1709 1711 4829
3 5544 6680 7192
3 5107 5109 5110
3 2735 2737 5155
3 1851 1852 5343
3 2984 3817 5238
3 4672 381 6520
3 2614 3051 3202
3 2940 2631 3194
3 3551 3208 4691
3 4810 4811 4812
3 4338 3252 4792
3 1546 1537 1983
3 2522 2352 4719
3 1533 1433 1534
3 1370 1281 5177
3 175 383 4566
3 4929 3301 5256
3 662 4466 7006
3 2010 2867 2868
3 3203 3205 3902
3 4847 3202 4848
3 4472 4473 5113
3 2042 2041 2738
3 784 973 5131
3 461 344 4920
3 349 350 412
3 1943 842 2041
3 813 820 4863
3 1559 4860 5897
3 6778 1311 6829
3 2928 2929 3802
3 2252 1829 2253
3 4816 4248 7058
3 3096 3216 5419
3 2816 2738 3156
3 344 345 4920
3 2992 2649 3249
3 2055 2056 2057
3 3110 2980 4793
3 6426 4641 6896
3 3269 3799 4305
3 3268 2780 4640
3 1470 1473 4995
3 5029 5459 6097
3 262 4582 7368
3 1009 1010 1011
3 740 1560 5275
3 1423 1511 4754
3 2980 2702 3850
3 2514 2466 2890
3 5730 3873 6292
3 3487 1218 5854
3 4667 4893 7151
3 3413 3415 4951
3 4188 3021 5165
3 427 311 5386
3 1407 1404 1411
3 2280 2572 5037
3 2659 4853 4854
3 2192 4463 7264
3 2053 2054 2055
3 5705 4575 6007
3 3436 3438 5134
3 5160 5014 6312
3 2864 2499 5781
3 5055 1377 5151
3 4812 4813 4814
3 2062 2349 4791
3 2868 3094 3095
3 5278 2224 5964
3 2991 2649 2992
3 2851 3911 5207
3 5061 5062 5584
3 3401 3403 3404
3 5995 4018 6196
3 845 822 4781
3 832 833 842
3 2279 2280 2606
3 1634 2574 3258
3 4616 3406 5015
3 1174 1175 4646
3 4731 2559 4823
3 461 4920 4922
3 4942 3342 5119
3 4966 4195 6272
3 4476 2110 7360
3 4182 5671 5823
3 3361 2018 5109
3 4290 6630 7369
3 1454 1453 1583
3 175 208 383
3 1379 1380 1381
3 4778 3762 6701
3 5157 2898 5158
3 3250 3251 3252
3 4555 4556 6861
3 4462 3363 7361
3 6709 3911 6711
3 1980 2549 5260
3 5629 5436 5754
3 2696 2964 3269
3 2055 2054 2056
3 2169 2538 5250
3 4996 1640 4997
3 1128 1127 5105
3 2227 2064 2658
3 1007 1008 1009
3 1558 1587 1588
3 4104 3418 4611
3 2395 2392 5481
3 5392 1527 5814
3 2757 2756 2938
3 3520 2689 5838
3 4902 3302 4903
3 4345 3105 5438
3 342 343 5007
3 535 671 6105
3 3267 4234 4235
3 3576 4894 4895
3 2053 1963 2054
3 1392 1963 2053
3 4781 5430 6981
3 3279 3188 3840
3 2042 2738 2816
3 1373 1374 1375
3 3502 3504 5683
3 5166 3366 5167
3 2868 3096 5419
3 3654 2216 5941
3 1115 1075 5226
3 2607 2928 3071
3 4899 4900 4901
3 1377 1378 1379
3 2659 1396 4853
3 2279 2606 2607
3 3415 3418 4104
3 793 1372 1373
3 5473 5472 5474
3 4656 4962 4963
3 1950 2780 3268
3 4340 3272 4475
3 1617 1619 4958
3 2834 2975 3273
3 4673 5665 6239
3 4924 2059 4925
3 4570 3289 6073
3 1658 1665 5249
3 2429 3291 4823
3 3161 5874 6295
3 2585 3108 4715
3 832 842 1943
3 4994 1470 4995
3 2366 2368 4802
3 3273 2975 4782
3 1818 1970 6620
3 4486 4690 5331
3 317 318 4976
3 5355 5354 5714
3 2299 2496 2609
3 3549 4269 5357
3 3157 3156 4247
3 4212 4486 5331
3 1375 1376 1377
3 60 391 5996
3 3165 5377 5378
3 4760 4759 5216
3 3847 4569 6950
3 1175 2616 3254
3 2369 5920 6190
3 1735 1998 5318
3 2868 3095 3096
3 2008 1500 5209
3 3411 3412 3413
3 424 4976 4977
3 6367 1827 7391
3 740 738 1559
3 1767 5282 5283
3 1608 4850 6233
3 2056 2059 4924
3 3841 3320 4368
3 3262 2747 5153
3 1964 3294 3295
3 3400 3399 3401
3 3281 3279 4882
3 1529 1530 1644
3 2062 2057 2349
3 5147 434 7295
3 1852 1855 5343
3 997 1001 4964
3 507 2050 5132
3 5338 5019 5755
3 2562 5421 5422
3 4864 730 4865
3 3337 3338 3372
3 1402 1399 5171
3 1369 1370 1529
3 1847 1848 2279
3 1490 4768 5044
3 1388 1408 4800
3 4898 3302 4902
3 3398 3397 3399
3 3102 3320 3841
3 1828 1721 1829
3 1194 4645 6584
3 4845 793 6317
3 347 348 460
3 1186 1153 5184
3 4307 3330 5240
3 1219 4783 5880
3 4088 4087 4418
3 5110 2371 5111
3 394 342 5007
3 1280 1281 1369
3 1392 1390 1963
3 2000 1999 2169
3 3102 3101 3320
3 3335 3336 3337
3 5098 5051 5788
3 72 73 5507
3 3550 1496 5766
3 1280 1279 1281
3 1770 1680 5203
3 3818 2897 3819
3 2030 2035 5215
3 683 2014 5140
3 4086 3856 4255
3 5985 2003 6094
3 5140 2014 5143
3 2671 658 5228
3 3629 3627 5091
3 5108 5106 5968
3 965 2382 3248
3 4088 4804 5410
3 1106 1108 5101
3 4061 1540 5365
3 2667 2669 4933
3 174 205 396
3 1373 1372 1374
3 2820 2819 3742
3 3296 4560 4957
3 734 738 740
3 3164 5361 5640
3 3775 3774 4671
3 1104 3339 5185
3 822 823 832
3 5196 1468 5197
3 5165 7138 7248
3 965 760 2382
3 769 716 1500
3 4807 4809 4817
3 749 1784 5199
3 1369 1281 1370
3 740 1559 1560
3 1623 1625 5123
3 1943 2041 2042
3 5194 835 5195
3 1203 1147 4798
3 3021 3019 5165
3 2000 2169 2170
3 1562 1561 1646
3 3105 2756 5438
3 2896 2567 2897
3 4679 4684 5072
3 2938 2756 3105
3 1998 1997 1999
3 661 4450 6578
3 4870 711 5317
3 5663 3864 6016
3 1560 1559 1561
3 1383 4909 4910
3 162 163 6337
3 4735 4039 4736
3 1381 1380 1385
3 1294 1310 5205
3 2570 2568 2819
3 3318 6330 7266
3 1687 1519 5154
3 4086 4255 5047
3 4615 413 6752
3 2846 4149 5973
3 1388 1386 1408
3 1442 1427 1573
3 2769 708 4870
3 5874 4009 6295
3 1357 1356 5005
3 1366 1359 1453
3 2971 4931 5817
3 5172 3303 5173
3 352 436 4960
3 793 789 1372
3 5360 2864 5781
3 2388 2390 5222
3 3032 3774 3775
3 774 529 5344
3 2816 3156 3157
3 4199 4197 4297
3 2895 2631 2940
3 336 337 5104
3 1177 5120 7377
3 4747 3108 6984
3 1954 1953 2426
3 577 579 5457
3 3322 770 4845
3 5202 2654 5203
3 758 760 965
3 2849 2984 5238
3 1964 1796 3294
3 1379 1378 1380
3 1111 1102 5185
3 2425 2424 2696
3 1998 1999 2000
3 1583 1977 1978
3 4167 6858 6972
3 1812 1811 1953
3 1993 5510 5511
3 2425 2696 5373
3 2984 3381 3591
3 6347 4662 6462
3 1560 1561 1562
3 3032 3031 3774
3 1529 1370 1530
3 4524 4523 4525
3 1375 1374 1376
3 820 822 845
3 2988 4088 5410
3 1469 1470 4994
3 473 6382 6963
3 727 730 4864
3 2306 5022 5199
3 2941 2940 3118
3 1230 670 5575
3 1767 1270 5282
3 3855 3856 4086
3 5114 3082 5115
3 3285 3283 4478
3 414 6393 6497
3 1278 1203 1279
3 722 727 2642
3 1629 2066 5211
3 504 507 5132
3 1414 5355 5714
3 5340 3707 5341
3 2418 2851 5207
3 5361 3673 5640
3 3223 4580 5136
3 746 752 2909
3 2538 3101 3102
3 2515 2514 2631
3 1735 1997 1998
3 713 716 769
3 1093 1092 1094
3 2926 2522 4719
3 2943 4039 4735
3 4832 2642 4833
3 2647 2233 2649
3 8 9 4563
3 181 182 4795
3 764 770 3322
3 4989 4990 4991
3 3360 3358 4022
3 3307 3366 5166
3 782 789 793
3 2896 2897 3818
3 5158 2898 5159
3 3413 3414 3415
3 4116 4316 7196
3 1940 813 4863
3 5602 3912 6645
3 2351 1904 2575
3 3552 3832 6367
3 1323 1250 1324
3 2410 2406 5688
3 5122 1623 5123
3 1377 1376 1378
3 769 1500 2008
3 3747 3248 4355
3 316 317 424
3 3927 3110 4488
3 4004 3105 4344
3 3855 3060 3856
3 2570 3368 5433
3 4367 4906 4907
3 1055 5255 5750
3 1634 2573 2574
3 5238 3817 6363
3 7038 4173 7087
3 1809 1808 1811
3 3835 4658 5939
3 3557 3447 5400
3 3157 4247 5192
3 133 134 442
3 3383 3287 3662
3 3865 6010 6402
3 4203 4201 4530
3 1735 1633 1997
3 2988 2989 4087
3 2098 5212 5454
3 374 320 4987
3 3441 4866 4867
3 2362 577 5457
3 4484 2610 5162
3 3742 3743 4043
3 1224 1226 1260
3 1506 1508 1935
3 892 893 894
3 2285 3446 5915
3 2228 2227 2466
3 706 708 2769
3 889 891 892
3 4548 4549 4550
3 5205 3334 5206
3 4809 4808 4810
3 1580 4994 5043
3 1383 1381 4909
3 904 905 906
3 894 895 900
3 2467 2466 2514
3 900 901 904
3 1540 1463 5365
3 1385 1445 2615
3 1088 1140 5042
3 2073 2074 2429
3 1510 1551 1843
3 2236 2235 2424
3 1500 4835 5209
3 1260 1261 1326
3 2734 2735 3331
3 2620 2621 2734
3 3668 3576 5088
3 4970 4973 6278
3 1147 1111 1969
3 2618 2619 2620
3 2654 1770 5203
3 1706 1590 4748
3 2959 2958 5136
3 2769 4870 4871
3 1995 894 4970
3 3614 2238 6066
3 1326 1327 1469
3 1991 1617 4958
3 2005 2006 2235
3 4668 409 4669
3 4334 3321 4610
3 345 346 401
3 884 883 885
3 1700 2617 2618
3 4855 4854 4856
3 1494 1502 5011
3 1784 2306 5199
3 1091 1090 1092
3 1502 1506 5009
3 3119 3118 3259
3 4824 3373 4825
3 2065 2064 2227
3 1359 1357 4953
3 2093 2353 2518
3 3250 3252 4338
3 4473 3957 5584
3 1531 1540 3810
3 1447 1449 1451
3 1986 1987 2568
3 2924 3826 5563
3 1738 1737 2073
3 4873 4871 4874
3 6238 5649 6964
3 3434 4401 4402
3 1208 5349 6121
3 798 813 1940
3 1459 1324 1460
3 2809 2602 2810
3 96 97 4649
3 1165 1164 1224
3 4284 4578 4579
3 2518 2790 2979
3 3839 3360 5027
3 1581 1580 1737
3 4540 4538 4542
3 886 885 887
3 2560 2559 2894
3 1284 1367 6857
3 1492 1494 1827
3 3438 4891 5134
3 2429 2430 2823
3 54 55 6327
3 1284 1283 1367
3 888 887 889
3 3332 3331 4032
3 1159 1158 1164
3 796 798 5031
3 4897 3302 4898
3 2566 2567 2896
3 4547 3834 4548
3 2566 2008 2567
3 1348 5370 5810
3 1315 1314 1356
3 2572 3093 3335
3 4269 5320 6365
3 1576 1460 1577
3 3390 5077 5078
3 1155 953 1156
3 5147 4240 6005
3 1902 1728 5258
3 4771 4527 4772
3 1360 5262 5263
3 378 5190 5191
3 942 1645 5045
3 1978 1980 1982
3 1656 1655 1657
3 1337 1338 1518
3 1658 1657 1665
3 3295 3296 3297
3 907 906 953
3 5207 3911 5208
3 3229 2962 4890
3 328 465 5233
3 3862 4642 6489
3 1157 1156 1158
3 882 880 883
3 4366 3369 4367
3 4928 3301 4929
3 4091 3195 4643
3 3791 4880 6431
3 404 4622 5456
3 2474 2475 2563
3 2549 3031 3032
3 1360 1306 5262
3 1228 1227 1283
3 945 944 2093
3 1708 1577 1709
3 1654 1653 1655
3 4161 4938 7024
3 1240 2118 5290
3 1471 1469 1580
3 4287 5598 7294
3 3193 4682 7356
3 1986 2570 5433
3 3006 3008 4866
3 3008 3162 4289
3 3060 2130 5148
3 2061 2057 2062
3 3390 5079 5135
3 4088 4418 4803
3 1090 5042 5515
3 1667 1666 1700
3 1953 1811 1955
3 3846 3847 4439
3 3735 5311 5312
3 861 853 862
3 865 862 866
3 867 866 868
3 3250 3249 3251
3 3085 2512 3323
3 2432 3303 5172
3 6977 2317 7086
3 869 868 870
3 4188 5165 7248
3 2696 2424 2964
3 939 938 940
3 1797 1964 5036
3 388 336 5104
3 5487 4127 6955
3 2565 2563 3056
3 941 940 942
3 937 936 938
3 943 942 944
3 938 1966 5064
3 1528 1322 7182
3 1922 1921 5172
3 4861 3884 4862
3 2481 2480 2958
3 92 440 5398
3 431 69 5257
3 3697 3292 4239
3 698 702 5086
3 2028 2030 5215
3 1490 1492 4768
3 2063 2062 2064
3 4629 6786 6925
3 2988 4087 4088
3 5777 3276 6754
3 4116 3557 4117
3 1950 1988 2780
3 3237 3235 3357
3 2010 1587 2867
3 2710 2485 2756
3 3106 3056 3940
3 4710 4914 7229
3 1382 1381 1383
3 3291 2823 3292
3 3422 3424 3884
3 5013 3821 5014
3 2473 1785 2474
3 860 1007 4817
3 2830 2832 4880
3 3902 3205 4163
3 3426 3428 3661
3 2139 2142 5794
3 852 694 853
3 3556 3447 3557
3 2350 674 4959
3 3583 4097 4262
3 1536 1535 1537
3 918 920 984
3 990 989 1154
3 3382 5388 6690
3 4264 3940 4501
3 3810 1540 3812
3 3866 3865 6402
3 1707 5569 5571
3 2808 2301 5407
3 5208 3911 6709
3 1523 1415 5348
3 1480 1482 1705
3 3890 5363 6170
3 3261 3229 4510
3 4991 4990 4992
3 1099 1098 1100
3 878 879 880
3 1367 1368 1516
3 4968 3954 6346
3 1406 1404 1407
3 3269 2964 3799
3 2964 2424 5488
3 4777 3762 4778
3 3202 3051 3203
3 1532 1433 1533
3 1432 1410 1433
3 1403 1402 1404
3 1409 1407 1410
3 136 137 4639
3 2483 1957 2484
3 4885 3749 4886
3 2072 2071 2480
3 3724 3726 4407
3 2892 2893 3724
3 1537 1535 4881
3 2003 2004 2005
3 3424 3426 4913
3 2154 4717 6157
3 5141 5140 5142
3 4342 4062 4343
3 3430 3432 5094
3 2490 2491 2892
3 1057 1055 5750
3 3107 2753 3344
3 616 614 5600
3 3500 3502 5681
3 5496 382 5535
3 1919 1918 1921
3 1531 1463 1540
3 711 712 713
3 708 709 711
3 395 6777 7062
3 4165 5876 7189
3 3260 3259 3783
3 1751 1638 5075
3 3812 4062 4342
3 2832 3006 3441
3 916 918 5025
3 2826 2828 5146
3 1917 1916 1918
3 1575 1786 1847
3 2828 2830 3791
3 4437 4438 4637
3 1342 1463 1531
3 1458 1456 5617
3 1545 1537 1546
3 1094 1092 1095
3 5174 5175 5176
3 1516 1517 1638
3 2390 3199 5222
3 924 926 998
3 2570 2819 2820
3 678 679 694
3 4213 4211 4918
3 1233 870 5016
3 1638 1639 1752
3 1337 1320 1338
3 676 677 678
3 507 509 2050
3 1094 1095 1096
3 393 5529 6552
3 1452 2652 5138
3 1915 1914 1916
3 706 707 708
3 837 843 5056
3 3884 3424 4913
3 3339 1106 5101
3 1930 1929 1931
3 2046 2047 2490
3 713 714 716
3 2958 2961 3223
3 2723 3080 3082
3 1436 1322 1528
3 1473 1476 1640
3 1921 2431 2432
3 2432 2722 2723
3 4197 4195 4966
3 4776 4575 5705
3 4161 3107 4938
3 2568 2569 5085
3 5262 1304 5264
3 2392 2391 5481
3 3268 6359 7331
3 3223 3756 4069
3 1777 1779 5310
3 2935 4933 4934
3 674 675 676
3 1972 1976 2386
3 1310 1320 1337
3 3168 3167 3299
3 912 914 962
3 2694 3683 3912
3 1615 1617 1991
3 2118 2121 5290
3 1913 1912 1914
3 876 877 878
3 4127 5487 6999
3 1907 1906 2697
3 4124 2857 5715
3 1278 1279 1280
3 3372 3373 4824
3 687 699 5021
3 1752 1753 2071
3 2962 2959 3730
3 1741 1649 1742
3 5129 3740 5130
3 3199 4496 5222
3 1916 1990 5112
3 727 728 730
3 801 835 5149
3 5279 5278 5280
3 3213 3212 3447
3 1101 1102 1111
3 1763 1762 1906
3 4367 4907 4908
3 5229 3126 5230
3 931 935 993
3 4493 4215 4511
3 1986 2568 2570
3 3473 3946 5219
3 1973 1972 5023
3 2920 3315 4915
3 2917 2920 3821
3 2225 5629 5754
3 1084 1082 5083
3 3931 3937 3938
3 1502 5009 5011
3 3936 2704 5316
3 4402 4487 4836
3 874 875 876
3 217 218 378
3 3800 2964 5488
3 1397 1396 2659
3 3846 2779 3847
3 3415 3416 3418
3 5497 5496 5535
3 6156 4949 6219
3 1214 1174 4646
3 1253 1294 1985
3 2438 2437 3167
3 3435 3762 4777
3 730 731 734
3 1768 1375 5055
3 4305 3799 4306
3 685 687 5021
3 5032 5031 5033
3 872 873 874
3 3967 2888 5202
3 3718 2867 5617
3 1546 1983 5844
3 2169 2171 2538
3 722 723 727
3 2824 2826 3521
3 2868 2867 3094
3 1906 2380 5041
3 2662 2663 3197
3 343 344 461
3 1090 1088 5042
3 820 821 822
3 2732 2779 3846
3 4893 6619 6980
3 860 987 1007
3 1932 1931 1972
3 1504 1436 5067
3 1384 1383 1386
3 1366 1453 1454
3 3221 4271 4642
3 2356 2075 2559
3 672 673 674
3 3513 5251 5252
3 4279 4282 4284
3 3097 3099 4894
3 3127 5267 5269
3 5048 5049 5051
3 4934 4933 4935
3 2564 3387 3390
3 1396 1393 4858
3 2350 5066 5455
3 1313 1266 1314
3 1430 1225 3302
3 1391 1390 1392
3 1217 1213 1227
3 3949 3253 3950
3 3315 4381 4421
3 1315 1356 1357
3 3296 3294 4560
3 2549 2550 3031
3 658 660 5228
3 3387 3389 5077
3 4743 4742 6995
3 1232 1207 5284
3 1621 1623 5122
3 3833 2693 3834
3 3931 3170 3937
3 1099 1100 1101
3 2685 2947 2988
3 679 681 5141
3 3383 3662 4737
3 1095 1092 5515
3 2867 1587 5617
3 1389 1388 1390
3 2928 2606 2929
3 5185 3339 6481
3 1652 1543 1653
3 2308 2694 5022
3 5186 1150 5187
3 1181 5133 5776
3 2539 5315 6282
3 1660 1658 5249
3 2935 2667 4933
3 899 897 3301
3 1420 1325 1421
3 1281 3290 5177
3 734 735 738
3 2669 4335 4459
3 1356 3289 3293
3 1442 1573 4759
3 5273 4011 5934
3 3937 5198 6790
3 5137 1452 5138
3 167 408 5080
3 6819 1701 6860
3 2943 4735 5941
3 5159 2898 6472
3 2651 1095 5515
3 1210 1167 1212
3 1978 1979 1980
3 2914 2708 3170
3 4440 6462 6626
3 1664 1662 1666
3 1791 1959 1986
3 3263 3262 3908
3 955 951 956
3 3636 3634 5277
3 870 871 872
3 964 957 967
3 1332 1333 5573
3 1387 1386 1388
3 1530 1614 1615
3 970 968 989
3 1101 1100 1102
3 5591 2173 7029
3 933 903 936
3 4621 4624 6004
3 949 947 950
3 1686 1950 4770
3 2662 2463 2663
3 3263 3908 5389
3 1196 1223 1268
3 3582 3485 3583
3 2665 2667 2935
3 3324 2359 5347
3 2056 2058 2059
3 3640 3638 5061
3 3846 4439 5675
3 2538 3100 3101
3 3114 5278 5279
3 2914 3170 3931
3 908 910 3333
3 1698 1677 1785
3 3369 2820 4906
3 3235 3232 5325
3 696 698 5086
3 1673 1671 1676
3 2365 2366 2634
3 3768 3011 4806
3 1348 1350 5370
3 1492 1827 4768
3 671 537 5427
3 2208 1545 5267
3 4309 4226 4310
3 5005 3293 5006
3 2888 2654 5202
3 5293 5300 5306
3 1928 1926 1929
3 1646 2344 3089
3 752 753 758
3 1924 1922 1925
3 1363 1732 1790
3 1736 1621 5122
3 775 2001 5217
3 2098 2312 5212
3 5478 1298 6033
3 903 899 4928
3 3211 3210 3212
3 1001 1017 2102
3 1306 1304 5262
3 1080 1077 5118
3 758 759 760
3 4859 2909 5008
3 5653 5477 5727
3 5142 5143 5144
3 2962 3730 4890
3 2757 2938 3001
3 3341 3343 3684
3 1807 1613 1808
3 2317 5658 7086
3 1928 1930 5235
3 2461 2463 2662
3 5178 3367 5180
3 2801 2917 5013
3 681 5140 5141
3 1554 4968 6346
3 1089 1088 1090
3 746 747 752
3 2812 2325 3397
3 1229 997 4964
3 1583 1453 1977
3 378 218 5190
3 3419 3422 4861
3 4129 4453 7014
3 3089 3090 4292
3 3684 3343 4494
3 2306 2308 5022
3 3314 3248 3747
3 906 905 908
3 4777 4778 4779
3 1469 1327 1470
3 3335 3337 4744
3 5051 5052 5053
3 2003 1544 2004
3 1741 1742 4930
3 1980 1981 2549
3 904 901 905
3 4540 5227 5234
3 5127 5128 5364
3 1260 1226 1261
3 2304 1783 5358
3 4977 4976 4978
3 894 893 895
3 3441 3006 4866
3 3018 1902 5258
3 3883 3197 4077
3 1461 1544 2003
3 751 5726 6151
3 900 895 901
3 892 891 893
3 4221 3747 4444
3 1220 1820 5531
3 897 890 5096
3 1326 1261 1327
3 1096 1452 5137
3 1508 1510 4740
3 2943 2944 4039
3 614 662 5600
3 780 784 5131
3 1911 1909 1912
3 2092 4584 4585
3 4472 3957 4473
3 2548 2838 2993
3 1757 1759 2046
3 878 880 882
3 2059 2060 2299
3 1228 1283 1284
3 3791 2830 4880
3 5093 3430 5094
3 947 945 5026
3 4550 4549 4805
3 1153 1149 5184
3 1224 1164 1226
3 6377 2380 6547
3 3329 3764 5240
3 874 876 1993
3 3484 3483 3485
3 2937 3135 3483
3 585 587 5081
3 2087 2086 5330
3 1619 1621 1736
3 1126 1129 5242
3 2590 2265 3321
3 5186 5188 5226
3 1543 1430 4897
3 889 887 891
3 3477 3475 5220
3 1993 876 5510
3 3166 3659 4336
3 1333 1264 1762
3 5383 365 5384
3 2147 2149 5089
3 2984 2504 3381
3 1011 1013 5232
3 2734 2621 2735
3 2235 2545 5488
3 3223 4069 4580
3 1580 1469 4994
3 1235 1233 3316
3 3252 3251 3253
3 2620 2619 2621
3 2894 2559 4731
3 4548 3834 4549
3 216 217 4659
3 1665 1657 4184
3 1221 1169 5557
3 2093 944 2353
3 3114 2509 5278
3 983 997 1229
3 3382 2518 5388
3 1652 1654 5248
3 2512 1440 5020
3 5696 3798 6647
3 1102 1103 1104
3 2618 2617 2619
3 4026 3255 5329
3 4032 3331 4362
3 2456 2708 2914
3 4533 4532 4534
3 3435 3543 3762
3 5048 1764 5049
3 2073 1737 2074
3 3776 3775 3777
3 4863 845 6032
3 3943 4981 6171
3 672 2350 5455
3 4813 4811 4815
3 3207 3143 3208
3 1655 1653 2637
3 2100 541 5443
3 2838 3166 4955
3 3811 3810 4379
3 3671 4187 5266
3 853 694 5218
3 4697 5434 6911
3 3821 2920 4915
3 2429 2074 2430
3 1104 1105 1106
3 764 765 770
3 1700 1666 2617
3 3126 2334 6197
3 1102 1104 5185
3 1264 1235 5004
3 4285 4262 4447
3 1174 1014 1175
3 2958 3223 5136
3 4539 4538 4540
3 4164 3579 5645
3 2365 2331 2366
3 942 940 1645
3 882 3370 5510
3 687 689 699
3 4770 3268 7331
3 5168 3366 5481
3 1156 953 2168
3 3758 4576 4577
3 2738 2041 2739
3 2518 2353 2790
3 1118 6486 6515
3 391 4603 5996
3 1935 1508 4740
3 6208 4772 6286
3 3237 3357 3358
3 2979 2790 3221
3 2005 2004 2006
3 1984 979 5599
3 2563 2475 2564
3 2350 4959 5065
3 2823 2430 2824
3 5048 5051 5098
3 882 883 884
3 1933 5235 5597
3 1355 5017 5018
3 972 979 1984
3 4831 2642 4832
3 1071 1150 5186
3 1447 1448 1449
3 4488 6235 6695
3 341 342 394
3 3330 3327 5240
3 3344 2753 5880
3 1281 1279 3290
3 4316 4117 4317
3 4276 4279 5261
3 2617 1666 5524
3 5429 2671 7286
3 5061 3642 5062
3 2975 3265 3267
3 1075 1073 5226
3 1454 1583 5975
3 3801 2617 5524
3 2085 2083 2086
3 2456 2087 2708
3 3654 4735 6332
3 3267 4233 4234
3 678 694 852
3 761 764 4797
3 3980 6135 6264
3 7260 4487 7381
3 4634 4852 6554
3 892 894 1995
3 3940 3056 3941
3 2235 2006 2545
3 878 882 5510
3 1798 6747 7376
3 2474 1785 2475
3 1130 1131 1132
3 983 1229 5599
3 3742 4043 6353
3 884 885 886
3 1130 1134 5236
3 2680 4819 4879
3 3291 3292 3697
3 4284 4282 4578
3 3802 2929 4435
3 1207 1206 1262
3 2299 2300 2496
3 672 674 2350
3 1995 4970 4971
3 2329 2331 2365
3 2233 1797 5036
3 1129 1128 1130
3 2834 2835 2975
3 3521 2826 5146
3 1632 1562 1633
3 1401 1399 1402
3 5431 4473 6865
3 2813 3740 5129
3 1909 1907 5038
3 2537 5292 5306
3 3576 3097 4894
3 2641 2936 2937
3 3390 3387 5077
3 1615 1616 1617
3 856 858 1005
3 2496 2497 2834
3 5073 4827 6412
3 1213 1212 5214
3 4548 4550 4551
3 2747 1841 5153
3 3957 5061 5584
3 2359 2090 5347
3 1097 1098 1099
3 1210 1212 1213
3 1104 1106 3339
3 1274 1636 5281
3 3661 3428 5093
3 1441 6912 6956
3 3786 5041 6377
3 378 5191 7013
3 2168 953 4889
3 742 746 4859
3 3386 2475 5526
3 153 411 6461
3 2085 2086 2087
3 3067 2747 3262
3 2563 2564 5135
3 1097 1096 1098
3 703 705 706
3 1994 1795 5338
3 3199 4495 4496
3 2475 1785 5526
3 852 853 861
3 2635 2543 2636
3 4335 6082 7363
3 3583 3485 4097
3 2734 3331 3332
3 885 883 2676
3 2072 2480 2481
3 938 936 1966
3 3341 2634 3343
3 1581 1737 1738
3 770 771 782
3 861 862 865
3 1516 1638 1751
3 865 866 867
3 3167 2437 3820
3 1738 2073 2075
3 870 872 5016
3 886 887 888
3 3397 2325 5508
3 1395 1393 1396
3 3681 3107 4161
3 867 868 869
3 5167 5168 5169
3 2892 2491 2893
3 1159 1164 1165
3 3209 3208 3210
3 2093 2518 3382
3 3724 2893 3726
3 3097 3095 3099
3 4407 3726 4788
3 1635 1633 1735
3 1217 1227 1228
3 2618 2620 2622
3 2629 3298 4503
3 3797 2992 5071
3 2609 2496 6191
3 2950 2753 3107
3 1155 1156 1157
3 2481 2958 2959
3 719 722 4831
3 1157 1158 1159
3 957 956 5103
3 3332 4032 4224
3 1106 1107 1108
3 5178 5180 5181
3 1471 1580 1581
3 1187 1186 5308
3 1751 5075 5076
3 1165 1224 1225
3 907 953 1155
3 3464 4118 5054
3 2429 2823 3291
3 2384 1975 2437
3 391 61 4594
3 1812 1953 1954
3 1088 1087 1140
3 888 889 890
3 3436 5134 5608
3 2043 2040 2044
3 1135 1136 1137
3 1919 1921 1922
3 2474 2563 2565
3 3518 3784 5174
3 2153 2156 2377
3 904 906 907
3 1356 3293 5005
3 899 3301 4928
3 1313 1314 1315
3 3742 2819 3743
3 2279 1848 2280
3 1917 1918 1919
3 4247 3156 4248
3 1304 1302 5264
3 4239 3292 4240
3 1686 1949 1950
3 2490 2047 2491
3 1326 1469 1471
3 5435 3490 5664
3 2272 2603 2604
3 3441 4867 5204
3 1921 2432 5172
3 1654 1655 1656
3 683 685 2014
3 2432 2723 3303
3 2007 1902 3018
3 4014 5233 7061
3 1422 1421 1423
3 338 339 420
3 1656 1657 1658
3 1752 2071 2072
3 964 967 968
3 2565 3056 3106
3 1086 1087 1088
3 4874 5156 5157
3 862 1764 5048
3 2039 2038 2040
3 1139 1141 1142
3 1915 1916 1917
3 1226 1164 5576
3 2406 2404 5688
3 920 922 5070
3 5230 3126 5231
3 2485 2484 5438
3 2455 2453 5291
3 3390 5078 5079
3 3854 3060 3855
3 4979 4978 4980
3 3295 3297 5411
3 1816 1818 2052
3 1430 3302 4897
3 970 989 990
3 3106 3940 4264
3 4297 4197 4966
3 843 850 863
3 955 956 957
3 1134 1132 1135
3 1154 989 2051
3 5713 4446 6759
3 950 947 5026
3 2046 2490 2608
3 3956 3640 3957
3 681 683 5140
3 3833 3834 4547
3 4977 4978 4979
3 2521 2352 2522
3 1627 1629 5211
3 6282 4105 6646
3 4871 4870 5156
3 2356 2559 2560
3 937 938 939
3 1913 1914 1915
3 5413 3048 5414
3 3301 897 5096
3 1928 1929 1930
3 2483 2484 2485
3 1098 1096 5137
3 2640 2604 2641
3 869 870 1233
3 852 2348 5528
3 3271 4400 6714
3 5292 5293 5306
3 5245 4007 5246
3 3127 2208 5267
3 3454 3452 5116
3 5876 4165 7151
3 693 696 2908
3 313 365 5383
3 1937 1741 4930
3 1924 1925 1926
3 3916 5358 5359
3 1138 1137 1139
3 1385 1444 1445
3 642 5582 5583
3 1169 5001 5557
3 949 950 951
3 58 59 457
3 4367 3369 4906
3 939 940 941
3 1652 1653 1654
3 2766 1226 5576
3 1972 1931 1976
3 4936 4934 4937
3 678 852 5528
3 587 589 3371
3 1331 1487 2530
3 782 783 789
3 1985 1294 5205
3 2681 3367 5178
3 933 936 937
3 941 942 943
3 2694 2695 3683
3 1698 1785 2473
3 2036 2037 2038
3 4375 6868 7146
3 792 796 5032
3 2652 2813 2814
3 1763 1906 1907
3 3798 3797 6533
3 943 944 945
3 1809 1811 1812
3 4983 4984 4985
3 1367 1283 1368
3 1108 1109 1110
3 3166 4336 4955
3 2537 2295 5292
3 4852 5237 6554
3 1205 1187 1206
3 3187 3071 3188
3 593 596 672
3 1147 1969 4798
3 1748 1578 5508
3 2386 1976 2548
3 1664 1666 1667
3 1971 2069 5424
3 1841 1687 5154
3 1843 1551 4927
3 984 920 5070
3 5472 5471 6418
3 698 701 702
3 4433 6103 6213
3 967 957 5103
3 3746 3021 4188
3 4219 3307 5166
3 1356 1314 3289
3 311 312 5386
3 3575 2808 5407
3 2564 3390 5135
3 587 3371 5081
3 1921 1918 2431
3 2851 3049 3088
3 1227 1213 5214
3 319 320 374
3 1673 1676 1677
3 1449 1450 1461
3 2509 2224 5278
3 2046 1759 2047
3 2035 2032 2036
3 1916 1914 1990
3 824 837 1992
3 1617 1618 1619
3 2723 2722 3080
3 335 336 388
3 5167 3366 5168
3 1516 1368 1517
3 2082 2083 2085
3 1992 837 5056
3 333 334 464
3 1911 1912 1913
3 2432 2431 2722
3 3638 3636 3642
3 2877 3844 5239
3 330 331 384
3 3307 2861 3366
3 2892 3724 3725
3 3198 3197 3883
3 890 889 5605
3 3817 3591 4656
3 2569 2685 5410
3 322 323 422
3 3634 3632 3719
3 3254 2616 3255
3 2958 2480 2961
3 328 329 465
3 2697 1906 5041
3 1214 4646 5836
3 6363 3817 6692
3 4544 4546 5746
3 1638 1517 1639
3 1235 3316 5004
3 1640 1476 4998
3 6680 5567 7192
3 2729 2732 5002
3 4194 4193 4195
3 1752 1639 1753
3 2834 3273 6191
3 719 721 722
3 3956 3957 4472
3 325 326 380
3 3908 3262 4612
3 4003 3883 4324
3 4872 4871 4873
3 1333 1762 1763
3 2659 4855 5171
3 1906 1762 2380
3 315 316 5163
3 832 823 833
3 5013 5014 5160
3 5113 4473 5431
3 2568 1987 2569
3 4807 4808 4809
3 2267 549 5652
3 1930 1931 1932
3 4763 4764 4765
3 3844 3672 3845
3 2917 3821 5013
3 4087 2989 4089
3 2605 3614 5409
3 880 879 881
3 2213 2008 2566
3 1721 1720 6144
3 2531 5089 5090
3 1772 5435 5664
3 3340 2634 3341
3 866 5048 5098
3 2247 4671 6226
3 1604 1602 2516
3 4012 3777 4013
3 2045 1300 5478
3 2170 2169 5250
3 5361 5362 6134
3 1613 1504 5351
3 2149 2151 2519
3 3638 3642 5061
3 1110 1112 1113
3 1096 1095 1452
3 2030 2031 2032
3 2044 2271 2272
3 4753 4752 5382
3 5154 1519 5573
3 1932 1972 1973
3 2028 2029 2030
3 1183 1186 1187
3 2024 2025 2026
3 2622 2620 5618
3 2026 2027 2028
3 5119 3684 5120
3 3812 4061 4062
3 3945 3372 4824
3 1912 1909 5038
3 2866 2304 5358
3 813 814 820
3 1126 1127 1128
3 5529 3909 6552
3 4926 4333 7371
3 2438 3167 3168
3 3845 4111 4463
3 4895 4894 4896
3 4577 4576 4711
3 1461 1483 1544
3 1957 1954 5594
3 2371 2028 5215
3 1086 1084 1087
3 2578 2522 2579
3 6511 5378 6640
3 798 799 813
3 642 545 5582
3 1082 2002 5083
3 4751 4749 5350
3 1267 1259 5725
3 1338 1339 1340
3 4119 5065 7018
3 513 515 1292
3 2354 2804 2943
3 2710 2756 2757
3 1082 1080 2002
3 5179 5181 5182
3 2107 3500 5642
3 892 1995 5605
3 4540 4542 5227
3 1108 1110 1118
3 1117 1119 1120
3 5105 3361 5106
3 613 555 5698
3 320 321 4987
3 1113 1116 1117
3 5419 3216 5420
3 5681 3502 5683
3 1223 1241 1242
3 2142 5466 5794
3 674 673 675
3 1294 1309 1310
3 4893 3551 5276
3 2877 3671 3672
3 1242 1252 1253
3 1227 5214 5627
3 973 801 5149
3 796 797 798
3 1253 1293 1294
3 78 79 364
3 2474 2565 5596
3 1001 1016 1017
3 1445 1446 1447
3 1324 1250 5836
3 3223 2961 3756
3 997 1000 1001
3 1144 1148 1149
3 5186 5187 5188
3 3483 3135 4185
3 2774 5178 5179
3 583 585 3376
3 2082 2081 2083
3 1995 4972 5605
3 1847 1786 1848
3 1521 1675 2705
3 2499 2359 2500
3 676 675 677
3 1196 1222 1223
3 3473 3470 3946
3 1168 1220 5531
3 3278 3188 3279
3 3810 3812 4919
3 761 763 764
3 742 744 746
3 223 387 5353
3 2121 5288 5290
3 2236 2424 2425
3 973 5149 5150
3 5092 5091 5954
3 1310 1319 1320
3 3475 5219 5220
3 4907 1563 6458
3 1342 1417 1463
3 2005 2235 2236
3 678 677 679
3 1017 1162 1163
3 2988 2947 2989
3 1163 1195 1196
3 5452 609 6436
3 5174 3784 5175
3 1424 1423 1425
3 4545 4541 5234
3 1986 1959 1987
3 3031 3033 5035
3 2990 5345 6518
3 4761 5216 7274
3 2702 2700 5601
3 1340 1341 1342
3 1013 1012 1014
3 2565 4384 5596
3 2145 2147 2531
3 3475 3473 5219
3 3413 3412 3414
3 3326 3325 3327
3 2814 2813 5129
3 2210 2208 3127
3 5290 5289 5832
3 866 862 5048
3 3100 3904 5200
3 4196 4195 4197
3 3422 3884 4861
3 3428 3430 5093
3 1551 1575 4927
3 2734 3332 5618
3 2069 2070 3948
3 579 583 5457
3 1982 1980 5260
3 2580 2579 2581
3 3668 5088 5505
3 2384 2437 2438
3 983 996 997
3 1104 1103 1105
3 3443 4142 4967
3 4128 5551 7199
3 3088 3049 3867
3 3067 3262 3263
3 78 364 4821
3 3482 4112 4727
3 2205 2427 3435
3 1960 1689 2753
3 5148 1747 5318
3 3326 3327 3330
3 1129 1130 5236
3 1807 1808 1809
3 4340 4475 5646
3 862 853 1764
3 4967 5241 6605
3 2418 2850 2851
3 3618 4307 4526
3 2001 780 5131
3 5153 1841 5154
3 1379 1381 1382
3 3378 4007 5245
3 2663 2664 2665
3 591 593 5455
3 1790 1732 1791
3 30 31 467
3 2531 2147 5089
3 1326 1471 5622
3 1197 654 5429
3 5059 3585 5060
3 3482 3477 4112
3 1009 1008 1010
3 5485 6702 6815
3 1611 1592 2955
3 2982 2888 3967
3 3372 3338 3373
3 2771 3599 5291
3 1106 1105 1107
3 1186 5184 6252
3 3722 3158 4352
3 4980 4982 4983
3 4816 4814 6703
3 5637 3520 5838
3 2937 2936 3135
3 2524 3038 4042
3 1272 5281 5282
3 1077 1115 5118
3 3337 3336 3338
3 3404 3405 3406
3 1970 1971 5424
3 2308 2310 2694
3 1893 5396 5730
3 201 173 407
3 5126 959 5127
3 2669 2970 4335
3 3618 3330 4307
3 2665 2666 2667
3 2358 2359 2499
3 5022 3912 5602
3 3796 3520 4115
3 2667 2668 2669
3 2020 2022 2024
3 2190 3560 5319
3 1262 2077 2686
3 1634 1534 2573
3 2016 2018 3361
3 1011 1010 1012
3 1270 1272 5282
3 5515 5042 6186
3 6532 7034 7177
3 3898 3899 4653
3 3719 5091 5092
3 775 780 2001
3 3155 3947 5332
3 5152 5151 5971
3 870 868 871
3 2358 2090 2359
3 2121 2123 5288
3 1983 1537 4881
3 979 982 983
3 2582 2581 2583
3 972 974 979
3 784 801 973
3 961 966 972
3 3335 3093 3336
3 3554 4461 5286
3 6098 1997 6145
3 3301 5096 5256
3 1259 1299 5725
3 2265 2246 6478
3 3332 4225 5618
3 858 864 961
3 3398 3399 3400
3 2732 2778 2779
3 3571 3580 4717
3 3363 2886 5437
3 1405 5074 6921
3 1045 1145 5387
3 3323 2512 5020
3 1144 1142 1148
3 2985 2986 3898
3 2377 6156 6219
3 2851 2850 3049
3 1790 1791 5433
3 3901 4742 4743
3 1884 5653 5727
3 2079 2081 2082
3 884 886 5408
3 3059 2130 3060
3 1149 1148 2015
3 2461 2462 2463
3 5176 5175 5958
3 878 877 879
3 4438 3596 4670
3 1183 1153 1186
3 2500 3325 3326
3 269 382 5628
3 1471 2839 5622
3 1113 1117 2340
3 5169 5168 5229
3 993 935 5126
3 3327 3329 5240
3 5354 2131 5714
3 1368 1283 5627
3 1818 1819 1970
3 4246 6935 7141
3 1760 1627 5211
3 1978 1977 1979
3 1645 5064 6585
3 2641 2604 2936
3 327 328 5233
3 3329 3763 3764
3 772 775 5217
3 1077 1075 1115
3 2849 2504 2984
3 6845 3174 7032
3 1049 2097 5390
3 5212 3385 5213
3 1797 1796 1964
3 5563 3826 5742
3 1816 1817 1818
3 4198 4197 4199
3 3830 3055 4267
3 2926 4721 6004
3 1108 1107 1109
3 1130 1132 1134
3 3916 2866 5358
3 2366 2367 2368
3 4972 6623 7358
3 1619 1620 1621
3 5179 5178 5181
3 2937 3483 3484
3 1124 1125 1126
3 2368 2460 2461
3 1149 2015 5184
3 3432 3448 4053
3 3422 3423 3424
3 3280 3279 3281
3 1091 1092 1093
3 1135 1132 1136
3 4541 4540 5234
3 1073 5186 5226
3 1205 1206 1207
3 531 2091 5344
3 1662 1660 5524
3 2773 2681 2774
3 3195 2627 6018
3 5402 2912 5620
3 1776 3391 5482
3 876 875 877
3 3046 2720 5665
3 3949 4654 6826
3 1130 1128 1131
3 2447 2650 5363
3 4801 4442 5704
3 856 857 858
3 3609 3910 5349
3 4191 3575 4193
3 2501 2876 2877
3 1073 1071 5186
3 2765 1368 5627
3 3484 3485 3582
3 4344 4345 4346
3 2783 2704 3936
3 1139 1137 1141
3 2036 2038 2039
3 2039 2040 2043
3 3583 4262 4285
3 5591 1068 7089
3 2768 3063 3385
3 3419 3421 3422
3 1589 1588 1590
3 2584 2583 2585
3 2043 2044 2338
3 3898 2986 3899
3 874 873 875
3 5106 3361 5107
3 1378 5225 5425
3 2055 2057 2061
3 1236 1172 5345
3 4598 4596 4600
3 4333 4926 7384
3 1135 1137 1138
3 70 71 4445
3 1071 1069 1150
3 1110 1109 1112
3 2489 2504 2849
3 2489 1937 2504
3 2897 2567 4265
3 1126 1128 1129
3 1811 1808 5028
3 4392 5261 6574
3 2044 2040 2271
3 361 127 6633
3 5051 5049 5052
3 5655 2752 5656
3 2513 2512 3085
3 2579 2926 6443
3 4874 4871 5156
3 1127 2016 5105
3 4093 2425 5373
3 2774 2681 5178
3 1591 1590 1592
3 1124 1126 5242
3 4193 3575 5407
3 672 596 673
3 2105 5500 5625
3 4279 4284 5261
3 4915 4916 6476
3 872 871 873
3 3467 3466 3468
3 2349 4924 6426
3 1941 2138 2985
3 4821 364 5722
3 966 864 5461
3 5167 5169 5170
3 2130 1747 5148
3 4544 4541 4545
3 2190 5319 5814
3 4997 4998 6271
3 3469 3468 3470
3 1915 1917 5439
3 1373 1375 1768
3 4200 4199 4201
3 1007 987 1008
3 3320 4010 5074
3 3634 3719 5277
3 4110 4467 4468
3 1530 1370 1614
3 5142 5140 5143
3 2038 2037 2370
3 4150 4431 4666
3 5629 2225 6201
3 2272 2604 2640
3 1625 1627 1760
3 3915 2866 3916
3 2327 3518 5657
3 2183 3489 5393
3 1755 4776 5705
3 2169 1999 2171
3 4585 4584 4586
3 519 521 978
3 3245 2221 4174
3 2048 2501 5239
3 2659 4854 4855
3 1113 1112 1116
3 4819 4391 6217
3 2036 2032 2037
3 1120 1119 1121
3 2985 2138 2986
3 1126 1125 1127
3 801 802 835
3 2846 3153 4149
3 2030 2032 2035
3 1117 1116 1119
3 3357 3235 5325
3 792 795 796
3 699 4709 6466
3 2886 2487 5437
3 4255 3856 4562
3 167 168 408
3 3601 3600 3924
3 2877 3672 3844
3 4941 3342 4942
3 2116 2115 2681
3 2340 4837 6486
3 1085 1084 1086
3 4207 5391 5962
3 2312 2768 5212
3 589 591 5189
3 1102 1100 1103
3 1062 2009 2741
3 4388 3480 5372
3 2272 2271 2603
3 2024 2022 2025
3 2018 2020 5109
3 2956 5393 5394
3 2861 2395 5481
3 2936 2604 5586
3 1787 6724 6739
3 1089 1090 1091
3 2030 2029 2031
3 2026 2025 2027
3 784 785 801
3 2681 2115 3367
3 4346 4347 4348
3 3632 3629 5091
3 2028 2027 2029
3 3471 3470 3473
3 382 5496 5628
3 1120 1121 1122
3 3635 3634 3636
3 2026 2028 2371
3 3367 2115 5557
3 854 855 856
3 4967 4142 5241
3 1256 1270 1767
3 796 5031 5032
3 2500 3324 3325
3 2860 3843 5634
3 4202 4201 4203
3 3662 4787 6052
3 7159 6150 7218
3 3591 3381 6096
3 1426 1425 1427
3 1800 3048 5413
3 822 821 823
3 3327 3328 3329
3 3845 3672 4111
3 3777 3775 5747
3 935 959 5126
3 2434 2087 2456
3 2515 2631 2895
3 3368 2820 3369
3 1621 1622 1623
3 4737 3662 6052
3 1679 1776 5482
3 3197 2663 5084
3 2640 2641 3317
3 498 397 499
3 1404 1402 5381
3 2066 1631 5482
3 2329 2330 2331
3 1086 1089 5316
3 2924 3744 3826
3 3774 3031 5035
3 699 689 4868
3 2725 2727 4011
3 2895 2940 2941
3 3329 3595 3763
3 2741 2009 3005
3 3601 3924 4298
3 5337 3861 6717
3 1433 1410 5944
3 1451 4644 6356
3 3763 4313 4314
3 1955 5028 5029
3 4853 1396 4858
3 2338 2044 5612
3 818 819 824
3 1615 1614 1616
3 3947 5286 5287
3 1083 1082 1084
3 3599 3600 3601
3 1610 1606 1796
3 3385 3063 3584
3 580 578 5483
3 1062 1060 2009
3 3155 3554 3947
3 1677 1676 5526
3 456 6875 7380
3 1262 2076 2077
3 1120 1122 1151
3 1971 2068 2069
3 2407 2418 5207
3 4994 4995 5787
3 3947 3554 5286
3 3633 3632 3634
3 3637 3636 3638
3 850 851 854
3 4204 4203 4205
3 837 838 843
3 843 844 850
3 824 825 837
3 4385 3378 5245
3 4368 3320 5074
3 1578 1775 5508
3 2501 2877 5239
3 2065 2227 2228
3 220 221 429
3 1679 1765 1766
3 5058 834 6962
3 1143 1142 1144
3 2647 2649 2991
3 2549 1981 2550
3 3005 3378 4385
3 68 69 431
3 2812 3397 3398
3 3946 5659 6728
3 2038 2370 5604
3 3155 2906 3554
3 4319 4561 7250
3 1152 1149 1153
3 3194 4767 5713
3 3454 5116 5117
3 3320 3101 4010
3 3599 3598 3600
3 2133 2131 5354
3 4855 4856 4857
3 2036 2039 5587
3 3282 3281 3283
3 1569 1462 5399
3 1623 1624 1625
3 1094 1096 1097
3 1696 1815 1816
3 2789 2906 3155
3 4249 2994 5774
3 5153 5154 6207
3 1804 3667 5865
3 1541 1244 5426
3 3031 2550 3033
3 3342 3341 5119
3 3474 3473 3475
3 1996 1777 5310
3 1272 1274 5281
3 2991 2992 3797
3 2729 2731 2732
3 529 531 5344
3 1646 1561 2344
3 2590 3321 4334
3 4643 1729 6693
3 1977 4953 5928
3 2156 2328 2329
3 711 709 712
3 2228 2466 2467
3 1350 1941 5370
3 4348 4349 4350
3 4985 4984 4986
3 2015 2860 5339
3 3831 3830 4532
3 4626 4627 7041
3 2877 2876 3671
3 7286 2671 7330
3 5393 3489 5394
3 1076 1075 1077
3 1531 3810 3811
3 708 707 709
3 2020 2024 5109
3 1679 1766 1776
3 1745 2251 5708
3 2263 6085 6274
3 5464 6698 6806
3 1449 1448 1450
3 2467 2514 2515
3 2586 2585 2587
3 3762 3543 4066
3 1274 1276 1636
3 780 781 784
3 4844 3397 5508
3 1302 1300 2045
3 1629 1631 2066
3 4818 4809 5412
3 2338 5612 5613
3 1483 2205 5274
3 5314 5313 5315
3 4260 5164 7395
3 3627 3625 5954
3 1776 1766 1777
3 3415 3414 3416
3 1617 1616 1618
3 5032 5033 5034
3 4206 4205 4207
3 2016 3361 5105
3 764 3322 4797
3 3356 3663 3959
3 1182 1153 1183
3 1081 1080 1082
3 2605 2238 3614
3 50 51 385
3 2732 3846 5002
3 4864 4865 6507
3 3812 4342 4919
3 1627 1628 1629
3 3371 589 5189
3 3769 2936 5586
3 1867 2108 5803
3 1515 1684 1695
3 3191 2689 3520
3 660 772 5228
3 1308 1306 1360
3 2271 2040 5604
3 2039 2174 5587
3 3244 3242 3466
3 1557 1458 1558
3 2063 2064 2065
3 713 712 714
3 429 221 5352
3 1337 1518 3334
3 3384 3330 3618
3 2153 2155 2156
3 1533 1535 1536
3 3933 2885 5828
3 3621 3369 4366
3 2978 2509 3114
3 3763 4314 5791
3 2061 2062 2063
3 4644 5985 6094
3 1625 1626 1627
3 3476 3475 3477
3 965 3248 3314
3 2574 2573 3464
3 3478 3477 3482
3 1079 1077 1080
3 4728 4727 4729
3 2711 1744 5399
3 2941 3118 3119
3 2937 3484 5639
3 4763 2890 4764
3 4595 451 4596
3 716 714 717
3 1382 1383 1384
3 2317 569 5658
3 1808 1613 5351
3 4969 4968 6482
3 1788 1236 5345
3 1074 1073 1075
3 914 916 5616
3 2823 2824 6005
3 1072 1071 1073
3 706 705 707
3 3513 5252 5253
3 640 644 5418
3 1318 1289 2115
3 2066 5482 5842
3 730 728 731
3 2443 2445 6070
3 1744 1569 5399
3 4992 4990 4993
3 2037 2032 5595
3 3401 3404 6043
3 2789 2477 2906
3 2851 3088 3911
3 3831 4532 4533
3 727 723 728
3 1629 1630 1631
3 4264 4501 7173
3 313 314 365
3 2373 1782 2543
3 3102 3841 4520
3 4579 4578 5403
3 2960 2959 2962
3 2990 1788 5345
3 1950 3268 4770
3 1631 1678 1679
3 2771 3598 3599
3 3317 2641 5639
3 4208 4207 4209
3 4714 3951 6796
3 1070 1069 1071
3 2721 2499 2864
3 1776 1777 1996
3 4702 6266 7309
3 4640 2780 6406
3 1054 1051 5390
3 178 179 454
3 2365 2634 3340
3 1895 1946 5396
3 1037 1035 1188
3 2516 1602 6046
3 1138 1139 5346
3 2538 2171 3100
3 3563 4131 4134
3 1461 1450 1483
3 702 701 703
3 4635 2037 5595
3 2097 1047 5387
3 2088 1523 5348
3 3639 3638 3640
3 2151 2152 2153
3 746 2909 4859
3 3515 2624 5395
3 3470 3468 5210
3 2768 3385 5212
3 2090 2088 5347
3 2935 4934 4936
3 2869 2849 3055
3 1598 1440 2512
3 4207 4205 5391
3 689 691 4868
3 5184 2015 5339
3 3442 2271 5604
3 3284 3283 3285
3 5375 2361 5376
3 4907 4906 6353
3 3275 3055 3830
3 3394 3396 3852
3 2357 2090 2358
3 2423 3271 6648
3 1775 4844 5508
3 3924 5327 5328
3 2985 5069 5370
3 644 648 5418
3 4141 3450 6011
3 4610 3792 6666
3 2476 1994 2477
3 3954 3640 3956
3 2494 2771 5291
3 1397 2659 5171
3 2089 2088 2090
3 2276 6055 6460
3 1031 1029 1692
3 2147 2148 2149
3 2056 2054 2058
3 1061 1060 1062
3 3867 5366 5367
3 3389 4260 7395
3 3055 2849 5238
3 3901 4741 4742
3 3631 3629 3632
3 1067 1066 1069
3 3337 3696 4744
3 734 731 735
3 1980 1979 1981
3 2963 2962 3229
3 1457 1456 1458
3 3498 2376 5808
3 4388 5372 5935
3 5473 5474 5475
3 3375 3155 5332
3 3899 3900 3901
3 2149 2150 2151
3 3162 3163 3871
3 5383 5384 5385
3 1122 1123 1124
3 2077 2078 2079
3 775 776 780
3 3544 3546 5797
3 1950 1949 1988
3 1124 1123 1125
3 1564 2511 5728
3 3341 3684 5119
3 2276 6460 6972
3 3560 3563 5319
3 1926 1925 5663
3 2272 2640 5612
3 3424 3425 3426
3 4210 4209 4211
3 4302 3179 5771
3 2453 2494 5291
3 1619 1618 1620
3 2662 3197 3198
3 1007 4807 4817
3 2787 2477 2789
3 2206 2555 5744
3 2966 2864 3585
3 1139 1143 5346
3 722 721 723
3 3393 3392 3394
3 2712 2884 3606
3 648 2698 5418
3 772 773 775
3 1793 1788 2990
3 2954 3053 5415
3 2852 1324 5836
3 539 2100 5427
3 738 735 739
3 2824 2825 2826
3 2445 2447 5363
3 3607 3609 5349
3 3008 3009 3162
3 1667 1700 6104
3 3089 2344 3090
3 5578 2111 5608
3 2901 2902 6067
3 3609 3620 3910
3 2588 2587 2700
3 5518 613 5519
3 4516 419 7190
3 2145 2146 2147
3 5134 5578 5608
3 531 533 2091
3 3032 3775 3776
3 5062 3642 5063
3 2010 2868 5419
3 351 352 4960
3 4167 4168 6858
3 5333 5332 5335
3 2640 3445 5612
3 5319 4134 5392
3 2917 2918 2920
3 3286 3285 3287
3 2466 2227 6019
3 758 753 759
3 5292 2528 5293
3 2600 3070 5374
3 2826 2827 2828
3 2832 2833 3006
3 3272 2543 4713
3 2828 2829 2830
3 3406 3407 5015
3 1401 1402 1403
3 4212 4211 4213
3 2384 2438 5679
3 1519 1332 5573
3 2705 1675 5254
3 752 747 753
3 2950 3107 3681
3 3230 3229 3261
3 2771 3597 3598
3 5075 2072 5626
3 1939 1744 2711
3 1873 2107 5530
3 1384 1386 1387
3 4490 4491 4492
3 3170 3171 5198
3 4628 1822 6810
3 3877 3480 4388
3 3458 3460 3462
3 3006 3007 3008
3 1403 1404 1406
3 5642 3500 5681
3 2735 2736 2737
3 3681 4161 4162
3 1998 2000 2369
3 2830 2831 2832
3 3804 5194 6236
3 2043 2338 5479
3 752 758 5898
3 3818 3819 5569
3 3394 3392 3396
3 2142 2143 2145
3 2685 2988 5410
3 1560 1562 1632
3 1406 1407 1409
3 1432 1433 1532
3 1409 1410 1432
3 722 2642 4831
3 1967 1795 1994
3 3170 2708 3171
3 3454 5117 5417
3 703 706 5960
3 2221 616 5600
3 2105 5499 5500
3 2451 2453 2455
3 2295 2293 5292
3 2564 3386 3387
3 3314 3747 4221
3 4181 3585 5059
3 3587 3439 3588
3 208 209 5247
3 2185 2183 5393
3 4797 3322 6631
3 3796 4115 4135
3 3937 3170 5198
3 3005 3377 3378
3 2079 2080 2081
3 3221 3222 4271
3 1944 2361 5375
3 1257 1331 5854
3 3340 3341 3342
3 2518 2979 5388
3 1470 1472 1473
3 527 529 774
3 1041 1039 2092
3 3588 4229 4609
3 3852 3396 3853
3 3484 4364 5639
3 5747 2247 6151
3 1395 1396 1397
3 2488 1937 2489
3 4790 5176 5958
3 896 890 897
3 3855 4086 4171
3 1045 1043 1145
3 2920 2921 3315
3 1498 1521 5766
3 3438 3439 3587
3 3164 4476 5361
3 3795 2865 3857
3 4983 4982 4984
3 3315 4319 4381
3 1447 1446 1448
3 656 2671 5429
3 1122 1121 1123
3 4767 6800 7373
3 2293 2291 2528
3 1086 1088 1089
3 2004 1544 2772
3 4228 3439 5484
3 4509 3263 5389
3 3119 3259 3260
3 963 957 964
3 1139 1142 1143
3 3255 4059 5329
3 1054 5390 5397
3 3418 3416 3419
3 68 431 5356
3 1146 1111 1147
3 3606 2884 3607
3 760 759 761
3 1389 1390 1391
3 1136 5108 6473
3 5293 5294 5295
3 54 6327 7091
3 5231 3126 6197
3 2813 2815 3740
3 3554 3555 4461
3 2289 2287 2290
3 3563 4134 5319
3 312 313 5383
3 1927 1926 1928
3 3800 5488 6454
3 543 642 5443
3 2116 2681 2773
3 2447 2449 2650
3 2756 2485 5438
3 5288 3606 5289
3 1923 1922 1924
3 2128 2126 5436
3 3378 3379 4007
3 4240 3292 6005
3 2173 5591 7089
3 2437 1975 5097
3 4586 4584 5406
3 2984 3591 3817
3 3435 2427 3543
3 1391 1392 1393
3 1536 1537 1545
3 4214 4213 4215
3 1960 2753 2950
3 2438 3169 5679
3 2480 2071 6007
3 3198 3883 4003
3 2105 1881 5499
3 5295 5296 5301
3 954 951 955
3 3024 5506 5677
3 3834 2693 5095
3 3288 3287 3383
3 1051 1049 5390
3 1643 5942 6132
3 5491 5492 5493
3 1387 1388 1389
3 2418 2419 2850
3 3597 3921 5401
3 3719 3632 5091
3 597 580 5483
3 5493 5494 5495
3 1047 1045 5387
3 3387 3388 3389
3 1679 1678 1765
3 3088 3867 5516
3 2042 2816 2836
3 5532 5533 5535
3 746 744 747
3 4230 3218 4231
3 648 650 2698
3 2297 2295 2537
3 3359 3358 3360
3 3580 3942 3943
3 1289 1221 5557
3 770 765 771
3 3391 1996 3392
3 1385 1380 1444
3 2197 1778 5574
3 5503 243 5504
3 3967 5202 6697
3 1085 1086 5316
3 2156 2329 5757
3 7355 2919 7362
3 3439 3437 5484
3 1747 1735 5318
3 1791 1986 5433
3 86 445 4785
3 537 539 5427
3 4483 2610 4484
3 4363 4215 4493
3 1234 1233 1235
3 1476 1477 1478
3 1933 1928 5235
3 994 990 995
3 1415 1244 1541
3 3294 1796 4939
3 2289 2290 2291
3 4279 4280 4282
3 1092 1090 5515
3 1941 2985 5370
3 2285 2283 3446
3 2985 3898 5069
3 1473 1475 1476
3 1209 1167 1210
3 1693 1523 2088
3 5042 1140 5873
3 946 945 947
3 3438 3437 3439
3 5179 5369 5940
3 3083 2624 3515
3 969 968 970
3 244 414 5504
3 1879 2105 5554
3 3331 2735 5155
3 1094 1097 5773
3 1908 1907 1909
3 5504 414 6497
3 4980 4978 4982
3 6645 3912 6740
3 3236 3235 3237
3 2494 2770 2771
3 2652 2653 2813
3 1166 995 1167
3 1778 1766 5574
3 2752 2410 5688
3 5293 5295 5300
3 898 897 899
3 2943 2804 2944
3 1262 1206 2076
3 3026 3569 5506
3 3426 3427 3428
3 3504 4153 4822
3 5361 4476 5362
3 2471 3544 5765
3 2293 2528 5292
3 5748 5418 5917
3 812 817 818
3 2135 2158 5442
3 710 4085 5866
3 4193 5407 6272
3 1480 1481 1482
3 2325 1748 5508
3 1285 1284 1286
3 1478 1479 1480
3 6020 1405 6921
3 4909 2615 7141
3 5510 3370 5511
3 902 899 903
3 1820 3356 5531
3 2500 2359 3324
3 1065 1063 1066
3 3149 3147 3217
3 3571 3572 3580
3 1482 1489 1490
3 2368 2461 5798
3 1127 1249 2016
3 2424 2235 5488
3 2715 2128 5436
3 4077 3197 5084
3 2123 2712 5288
3 242 243 5503
3 1970 1819 1971
3 3436 3437 3438
3 3558 5634 6360
3 948 947 949
3 1216 1213 1217
3 3327 3325 3328
3 3357 5325 6492
3 5441 2498 7288
3 1629 1628 1630
3 1895 1944 1946
3 3446 5354 5355
3 3116 2656 3463
3 4820 2561 6498
3 1319 2725 5273
3 3486 2715 5436
3 1893 1895 5396
3 3812 1540 4061
3 1621 1620 1622
3 3492 3490 5435
3 1941 1942 2138
3 2973 2486 5577
3 2059 2058 2060
3 2694 2310 2695
3 4231 3218 5447
3 1490 1491 1492
3 764 763 765
3 1697 1677 1698
3 1429 1225 1430
3 1338 1320 1339
3 5408 886 6015
3 1263 1235 1264
3 218 219 5190
3 1668 1667 1669
3 2108 3457 3458
3 1659 1658 1660
3 2554 1933 5597
3 654 656 5429
3 4725 452 6188
3 2769 4871 4872
3 1028 1027 1029
3 4724 1008 6343
3 428 5490 5491
3 4941 4942 4943
3 3953 4014 7061
3 2692 2560 2693
3 1376 1374 2562
3 3157 6037 6296
3 2283 2133 5354
3 541 543 5443
3 1030 1029 1031
3 806 808 1468
3 2355 2075 2356
3 1292 515 6128
3 2486 2101 5577
3 932 903 933
3 263 264 371
3 779 3514 5758
3 1318 2115 2116
3 1777 1766 1778
3 4314 4313 4376
3 9 10 6095
3 2794 4072 6008
3 1627 1626 1628
3 3436 3215 3437
3 1844 1741 1937
3 4167 3486 4168
3 3721 4480 7299
3 1623 1622 1624
3 583 3376 5457
3 3334 4665 6398
3 3760 4378 6232
3 3218 3217 5447
3 1378 1376 5225
3 1910 1909 1911
3 3094 3718 4321
3 1671 1669 5929
3 1176 1215 3274
3 1452 2651 2652
3 2663 2463 2664
3 1946 1944 5375
3 772 5217 5228
3 553 613 5518
3 5832 5289 5896
3 3392 1996 5309
3 1631 1630 1678
3 1632 1633 1635
3 1689 1258 5880
3 3467 3468 3469
3 769 2008 2213
3 535 537 671
3 3857 6189 6294
3 2069 2068 2070
3 3127 5269 5270
3 2405 2407 5207
3 3191 3520 3796
3 2566 2896 2898
3 652 654 1197
3 1492 1493 1494
3 599 597 2110
3 4891 3587 4892
3 1032 1031 1033
3 1793 2990 5338
3 3767 3011 3768
3 782 771 783
3 4225 4224 4226
3 5352 222 5353
3 1455 1454 1456
3 1332 1264 1333
3 5298 5302 5303
3 2801 2916 2917
3 1494 1501 1502
3 3080 3081 4083
3 3600 4326 5327
3 3569 3570 3571
3 3826 3744 3827
3 1059 1057 1060
3 1837 2229 5542
3 4035 3263 4509
3 2016 2017 2018
3 3577 620 5706
3 3329 3328 3595
3 3486 5436 5629
3 1635 1735 1747
3 3482 4728 5372
3 2548 2673 2838
3 3763 3595 4313
3 3518 3519 3784
3 2218 2354 5941
3 1777 1778 1779
3 1202 1147 1203
3 1753 1754 1755
3 1675 1899 5254
3 1053 1051 1054
3 2746 1841 2747
3 4267 3055 5238
3 789 783 790
3 1625 1624 1626
3 4199 4297 6373
3 2954 2748 3053
3 3588 4228 4229
3 2401 2403 2420
3 3458 3459 3460
3 1542 1430 1543
3 4567 4032 7314
3 5826 4490 6634
3 5471 5468 5501
3 1818 1817 1819
3 2933 3215 3436
3 1757 1758 1759
3 1670 1669 1671
3 4992 4993 5444
3 5055 5151 5152
3 593 672 5455
3 1651 1543 1652
3 1847 2279 6072
3 1049 1047 2097
3 3132 3929 5450
3 2139 2141 2142
3 3057 2693 3833
3 4547 4548 5307
3 1661 1660 1662
3 3870 2954 5415
3 5323 5322 6886
3 3345 5468 5469
3 3244 3466 3467
3 4243 4095 5441
3 1672 1671 1673
3 3469 3470 3471
3 4954 5565 6986
3 2154 5840 6056
3 2674 3164 5640
3 539 541 2100
3 749 5199 5912
3 131 132 495
3 2031 2048 5595
3 1974 1973 1975
3 2603 3443 5586
3 2031 2033 2048
3 222 223 5353
3 1663 1662 1664
3 2007 3018 3019
3 3584 4109 4110
3 3838 3360 3839
3 1967 1994 2476
3 3189 2715 3486
3 3756 3757 3758
3 3234 3232 3235
3 3758 4574 4576
3 1755 1756 1757
3 3946 3470 5210
3 4943 4942 5460
3 3289 1314 6073
3 4551 4553 5307
3 5134 1650 5578
3 2789 3155 3375
3 1800 1802 3048
3 2018 2019 2020
3 2366 2331 2367
3 1001 1000 1016
3 876 878 5510
3 3485 3483 5607
3 2407 2415 2418
3 1859 1861 2278
3 801 785 802
3 2015 2633 2860
3 2397 2399 2561
3 310 311 427
3 4236 3557 5400
3 1789 1652 5248
3 4839 3417 6651
3 3145 3047 3146
3 908 909 910
3 997 996 1000
3 5293 2528 5294
3 6498 2420 6582
3 4650 496 4651
3 2768 3062 3063
3 3169 3168 3828
3 2353 5045 6024
3 2135 5442 5672
3 820 814 821
3 3428 3429 3430
3 3411 3409 3412
3 4794 3850 7318
3 1816 1815 1817
3 1321 1286 1322
3 3600 3598 4326
3 6312 5014 6423
3 2020 2021 2022
3 2818 2554 2865
3 813 799 814
3 3393 3394 3395
3 3746 4188 4411
3 1277 1203 1278
3 3251 3249 4593
3 4110 4466 4467
3 1017 1016 1162
3 2476 2477 2787
3 3375 5332 5333
3 656 658 2671
3 3066 2747 3067
3 3924 3600 5327
3 3649 4516 4517
3 3149 3217 3218
3 1034 1033 1035
3 5437 2487 5445
3 1867 1869 2108
3 3432 3433 3448
3 4308 4226 4309
3 1242 1241 1252
3 2107 3465 3500
3 2712 3606 5288
3 1223 1222 1241
3 2595 2597 5462
3 2838 2881 3166
3 4973 907 5669
3 1463 1464 5365
3 2074 5043 6034
3 2933 3436 5608
3 1428 1427 1442
3 1144 1149 1152
3 1376 2562 5225
3 3166 3613 3659
3 2610 2456 5162
3 798 797 799
3 2860 3151 3843
3 1695 1684 1696
3 660 665 772
3 3460 3461 3951
3 4812 4814 4816
3 2178 2176 5477
3 784 781 785
3 2110 597 5483
3 1502 1505 1506
3 241 448 5467
3 1196 1195 1222
3 1435 1322 1436
3 1740 1649 1741
3 1266 1232 6073
3 1163 1162 1195
3 3308 3307 4219
3 726 3550 5870
3 5333 5335 5336
3 1253 1252 1293
3 1294 1293 1309
3 1795 1793 5338
3 2113 2231 5893
3 31 32 5456
3 2299 2060 2300
3 2456 2914 5162
3 1586 1555 1649
3 601 4648 7332
3 5625 5500 5686
3 3434 3402 4401
3 268 269 5628
3 1886 1889 5498
3 3203 3204 3205
3 1036 1035 1037
3 3496 3494 3497
3 5468 5467 5501
3 881 1006 1363
3 274 395 5537
3 2342 2375 3920
3 1503 1436 1504
3 3890 3969 6070
3 2094 4423 7344
3 5295 5294 5296
3 2595 5462 5509
3 1823 2600 2905
3 2385 4981 6445
3 3870 5415 5416
3 2048 2049 2501
3 5493 5492 5494
3 2791 3068 5884
3 2379 2188 2956
3 3788 3789 3897
3 390 5552 5553
3 3829 3828 4359
3 3471 3473 3474
3 3482 4727 4728
3 972 966 974
3 961 864 966
3 2905 2600 5374
3 1585 1513 5514
3 1443 1442 1555
3 3186 2861 3307
3 1251 1325 1420
3 3489 2181 5477
3 3500 3501 3502
3 983 982 996
3 1038 1037 1039
3 2158 2342 5442
3 3326 3330 3384
3 979 974 982
3 858 857 864
3 1310 1309 1319
3 5491 5490 5492
3 2082 5859 6022
3 2358 2721 5395
3 3719 5092 6124
3 2701 2700 2702
3 2933 3214 3215
3 4272 4274 4392
3 3275 3830 3831
3 4694 3558 6360
3 1883 5498 5499
3 1834 1585 5514
3 3059 3060 3854
3 2181 2178 5477
3 3145 3146 3147
3 1207 1262 5284
3 3045 2720 3046
3 2665 2664 2666
3 3410 3749 3750
3 543 545 642
3 3915 3916 4337
3 382 5532 5535
3 318 319 5272
3 5469 5468 5470
3 4153 5590 5591
3 3496 3497 4451
3 3366 2861 5481
3 3446 2283 5354
3 312 5383 5386
3 4433 4693 6103
3 1445 1444 1446
3 2922 2376 3498
3 3502 3503 3504
3 5892 2290 5915
3 1340 1339 1341
3 3504 3505 4153
3 1881 1883 5499
3 2667 2666 2668
3 5467 448 5501
3 4149 3153 4150
3 161 162 3264
3 32 33 404
3 2669 2668 2970
3 5309 1996 5310
3 2342 3920 5442
3 2771 2770 3597
3 2712 2883 2884
3 5533 474 5534
3 3096 3098 3216
3 243 244 5504
3 2540 2639 2899
3 3045 3046 3047
3 4892 3587 5745
3 1846 3132 6013
3 4969 6482 6549
3 1463 1417 1464
3 4276 4278 4279
3 1040 1039 1041
3 4558 5817 7123
3 1779 1778 1823
3 5434 3492 5435
3 5486 3313 5487
3 3871 4737 6685
3 5536 273 5537
3 4539 4540 4541
3 3494 3492 5434
3 2704 1085 5316
3 910 911 912
3 2607 3071 3187
3 1358 1357 1359
3 3345 5467 5468
3 796 795 797
3 2123 2125 2712
3 2251 2785 5708
3 4872 4873 4875
3 260 261 426
3 1026 1024 1027
3 3588 4609 5745
3 6085 5391 6274
3 4301 3179 4302
3 3671 3673 4187
3 1342 1341 1417
3 2711 5399 6143
3 319 374 5272
3 1895 1896 1944
3 5405 4929 6976
3 2085 2087 2434
3 1506 1507 1508
3 4572 4026 6650
3 1022 1020 2680
3 2975 2835 3265
3 2899 2639 2900
3 2292 2291 2293
3 2956 5394 6239
3 2496 2300 2497
3 2603 3442 3443
3 2461 2460 2462
3 2383 1975 2384
3 3391 3392 3393
3 2834 2497 2835
3 3183 2900 3184
3 2365 3340 5757
3 393 6552 6748
3 3776 3777 4012
3 2286 2285 2287
3 4360 4359 4361
3 1893 1894 1895
3 1873 1875 2107
3 1061 1062 1063
3 676 678 5528
3 4140 3450 4141
3 2284 2283 2285
3 1944 1945 2361
3 3270 2605 5409
3 1768 5055 5223
3 2083 2081 2084
3 2489 2849 2869
3 2288 2287 2289
3 1350 1352 1941
3 2368 2367 2460
3 3474 3475 3476
3 2443 2444 2445
3 5532 474 5533
3 69 70 5257
3 1823 2197 2600
3 2358 2499 2721
3 1361 1353 5538
3 3544 3545 3546
3 2436 2932 2933
3 4517 4518 4519
3 3920 2375 4375
3 1572 1361 5538
3 4623 488 6596
3 2785 3091 4136
3 3306 2886 3363
3 3267 3265 4233
3 4890 3730 6364
3 3173 4513 4514
3 334 335 5003
3 272 273 5536
3 3214 4081 5463
3 3895 3896 4320
3 3633 3634 3635
3 864 1004 5461
3 418 76 5512
3 3005 2009 3377
3 3607 3608 3609
3 2779 2778 3175
3 3488 2517 5689
3 2978 3114 4477
3 3478 3482 5372
3 780 776 781
3 1734 2442 2443
3 5294 2528 5609
3 1083 1084 1085
3 1070 1071 1072
3 1074 1075 1076
3 2378 2188 2379
3 221 222 5352
3 3546 3547 4745
3 3189 3486 4167
3 3013 3977 3978
3 3476 3477 3478
3 2159 2161 5509
3 3070 3364 4304
3 1072 1073 1074
3 4900 4898 4902
3 3384 3618 4436
3 266 267 428
3 5288 5289 5290
3 2501 2502 2876
3 3635 3636 3637
3 3422 3421 3423
3 5068 1528 7092
3 856 855 857
3 6201 2225 6640
3 4728 4729 4730
3 4569 3847 7202
3 2183 2181 3489
3 2545 2006 4502
3 5470 5471 5472
3 1765 3979 5574
3 2294 2293 2295
3 3404 4615 6043
3 2188 2185 5393
3 3554 2906 3555
3 2312 2767 2768
3 2789 3375 5643
3 3569 3571 6056
3 2168 4573 7338
3 1076 1077 1079
3 1631 1679 5482
3 428 267 5490
3 1059 1060 1061
3 3672 3671 5266
3 3509 3512 3513
3 2377 4940 6156
3 5438 2484 6260
3 1879 1881 2105
3 4530 4201 6373
3 335 388 5003
3 1065 1066 1067
3 239 240 3345
3 4169 4167 6972
3 1231 1207 1232
3 3609 3610 3620
3 3497 3494 5434
3 3010 2542 3011
3 3893 3894 3895
3 2177 2179 5572
3 3345 240 5467
3 3430 3431 3432
3 3899 2986 3900
3 3024 3026 5506
3 912 913 914
3 5577 2101 5815
3 2327 2841 3518
3 3443 3444 4142
3 1067 1069 1070
3 824 819 825
3 3528 3539 5568
3 1508 1509 1510
3 1081 1082 1083
3 1053 1054 1055
3 2161 2595 5509
3 3438 3587 4891
3 3556 3557 4116
3 1956 1954 1957
3 3132 3133 3929
3 1572 5538 5539
3 854 851 855
3 2732 2731 2778
3 2187 2185 2188
3 2471 2776 3544
3 3350 3352 4040
3 1060 1057 5750
3 3631 3632 3633
3 1349 1347 5707
3 2600 2706 3070
3 2869 3055 3275
3 1776 1996 3391
3 5347 2088 5348
3 2291 2290 5609
3 2108 1869 3457
3 914 915 916
3 1666 1662 5524
3 1529 1644 5100
3 2553 2103 3603
3 1206 1187 5308
3 2744 3313 5486
3 916 917 918
3 3539 3540 3541
3 918 919 920
3 2597 3013 5462
3 2794 3516 4072
3 3515 5395 5823
3 1265 1232 1266
3 1510 1550 1551
3 1890 1892 1893
3 523 525 5340
3 2782 2783 5749
3 1883 1886 5498
3 837 825 838
3 4799 4361 5259
3 2540 2638 2639
3 843 838 844
3 850 844 851
3 3579 3578 5645
3 2870 2857 4124
3 3378 3377 3379
3 5596 4790 5958
3 273 274 5537
3 1753 1755 5705
3 818 817 819
3 1420 1421 1422
3 1244 1200 5426
3 3527 3528 5568
3 1152 1153 1182
3 1840 1687 1841
3 3901 4743 6102
3 4364 3582 4498
3 4609 4229 6576
3 2445 2446 2447
3 2632 2217 6392
3 3620 4386 4387
3 71 72 370
3 3437 3215 3851
3 1785 1677 5526
3 3588 3439 4228
3 1079 1080 1081
3 3219 2717 3450
3 545 547 5582
3 1886 1888 1889
3 99 100 434
3 5235 1930 5680
3 2484 1957 5594
3 5514 1513 5541
3 2952 2748 2954
3 2709 2485 2710
3 2672 2439 2748
3 2357 2358 5395
3 5359 6023 6168
3 3026 3029 3569
3 3493 3492 3494
3 3164 3825 4476
3 2511 3305 5728
3 2414 2395 2861
3 2434 2456 2610
3 5840 5506 6056
3 3013 3978 5462
3 2721 2864 2966
3 1164 1158 5576
3 1839 1837 5542
3 202 203 6608
3 3563 3564 4131
3 16 17 486
3 4402 4401 4487
3 3370 884 5408
3 5297 5294 5609
3 4191 4193 4194
3 226 227 5564
3 3542 3892 3893
3 779 788 3514
3 3549 4268 4269
3 549 551 5652
3 1595 1571 1822
3 5070 922 6571
3 2222 2221 3245
3 2296 2295 2297
3 2555 3077 5744
3 4269 4270 5320
3 77 78 4821
3 2569 2684 2685
3 2573 1534 5944
3 4442 3226 6060
3 1955 1811 5028
3 3077 3079 3706
3 1204 1187 1205
3 4007 3379 4008
3 2499 2500 5781
3 5091 3627 5954
3 1365 1359 1366
3 3305 3787 3788
3 1835 1834 5592
3 393 253 5529
3 3489 5477 5653
3 2606 2280 5037
3 3495 3494 3496
3 920 921 922
3 2089 2090 2357
3 5662 5509 5720
3 1042 1041 1043
3 1587 1458 5617
3 475 226 5564
3 3437 3851 5484
3 2014 5021 6340
3 1650 1297 5578
3 2282 2133 2283
3 5190 219 6344
3 3213 3447 3556
3 3956 4472 4474
3 2179 2469 5572
3 3901 3900 4741
3 2614 3050 3051
3 3458 3457 3459
3 2381 2613 2614
3 448 242 5503
3 2933 2932 3214
3 1633 1562 6145
3 1693 2088 2089
3 180 181 363
3 3491 3490 3492
3 2077 2076 2078
3 2956 2188 5393
3 4891 4892 5133
3 4461 3555 5017
3 2107 1875 3465
3 5679 3169 6011
3 250 472 5521
3 775 773 776
3 831 847 1295
3 3115 2954 3870
3 3141 3143 3207
3 605 603 1178
3 583 584 585
3 2229 1835 5592
3 3375 5334 5643
3 2719 2379 2720
3 3356 3590 3663
3 2662 3198 5798
3 472 251 5523
3 467 31 5456
3 5180 5489 6362
3 3867 3049 5366
3 253 254 5529
3 4088 4803 4804
3 4765 4764 4766
3 3528 3530 3539
3 390 303 5552
3 2865 2554 5597
3 3500 3465 3501
3 2115 1289 5557
3 303 304 5552
3 75 76 418
3 257 258 381
3 4194 4195 4196
3 1791 1958 1959
3 2469 2822 3527
3 1028 1029 1030
3 3049 2850 3150
3 3083 3515 3723
3 5501 448 5502
3 2111 2436 5608
3 3637 3638 3639
3 563 565 610
3 4089 4090 4144
3 5462 3978 5720
3 364 79 4295
3 3211 3212 3213
3 4602 4791 6896
3 241 242 448
3 2329 2328 2330
3 1593 5662 5720
3 2806 4078 5733
3 2187 2188 2378
3 2336 2334 3126
3 2539 2013 2540
3 1897 5914 5938
3 3356 3959 5531
3 4441 4443 6388
3 979 983 5599
3 4038 3040 5847
3 5564 227 5566
3 6919 4350 7227
3 3246 3245 5673
3 1030 1031 1032
3 671 5427 5702
3 5305 5892 5915
3 3013 3014 3977
3 2298 2297 2363
3 922 923 924
3 299 5555 5556
3 5045 1645 6452
3 255 256 470
3 1026 1027 1028
3 5470 5468 5471
3 547 2267 5582
3 1612 1504 1613
3 1297 1413 5578
3 2364 2363 3692
3 2570 2820 3368
3 5772 3568 5827
3 2350 5065 5066
3 2320 1839 2439
3 2604 2603 5586
3 2231 1961 5857
3 3044 2720 3045
3 3460 3459 3461
3 772 665 773
3 240 241 5467
3 5530 2107 5642
3 1790 5433 6213
3 4717 3580 6171
3 1312 1266 1313
3 2703 2702 2980
3 1765 1951 3979
3 267 268 5490
3 3340 4940 5757
3 579 581 583
3 3424 3423 3425
3 2156 2155 2328
3 3663 3664 3665
3 3451 3218 4230
3 679 680 681
3 228 398 5566
3 4997 1640 4998
3 4353 3246 5673
3 3148 3147 3149
3 3502 3501 3503
3 4487 1775 7381
3 402 249 5521
3 4582 262 7300
3 3002 3001 3962
3 1363 1731 1732
3 5280 3120 6464
3 152 153 6461
3 547 549 2267
3 4598 4600 4601
3 3396 3392 5309
3 2473 2474 5596
3 4653 3899 6102
3 4573 5576 7338
3 4153 3505 5590
3 2439 1839 5542
3 2674 3061 3164
3 2720 2379 5665
3 2966 3585 4181
3 5289 3606 5989
3 1610 1796 1797
3 252 393 5523
3 300 477 5555
3 5321 5323 5324
3 299 300 5555
3 244 245 414
3 1262 2686 5284
3 246 247 471
3 3951 3461 3952
3 248 249 402
3 32 404 5456
3 3504 3503 3505
3 1766 1765 5574
3 585 586 587
3 4666 6774 7191
3 250 251 472
3 5942 3969 6132
3 2965 2598 3490
3 382 270 5532
3 992 976 5593
3 3560 3562 3563
3 3950 3253 4417
3 2469 3527 5572
3 252 253 393
3 1837 1835 2229
3 4932 6434 6594
3 4132 4590 4591
3 2806 3042 4078
3 5676 3523 5724
3 2147 2146 2148
3 2597 2611 3013
3 292 293 5559
3 1533 1536 5949
3 4071 3816 4100
3 2477 1994 5755
3 2342 2374 2375
3 2035 2036 5587
3 1328 1093 3452
3 2685 2946 2947
3 446 285 5545
3 307 308 379
3 924 925 926
3 3969 5942 6070
3 293 415 5559
3 3729 3040 4038
3 587 588 589
3 249 250 5521
3 5914 5568 5938
3 1820 3355 3356
3 889 892 5605
3 551 553 5518
3 251 252 5523
3 2447 2448 2449
3 4116 4117 4316
3 2880 2773 3103
3 1032 1033 1034
3 5534 474 5536
3 2055 2061 5936
3 2289 2291 2292
3 1703 1585 1834
3 1895 1894 1896
3 36 37 375
3 555 557 5698
3 298 299 5556
3 2153 2152 2155
3 5554 2105 5625
3 2700 3160 5601
3 2899 2900 3183
3 3144 3047 3145
3 271 474 5532
3 305 306 473
3 269 270 382
3 399 298 5556
3 6714 4400 6809
3 2149 2148 2150
3 1905 2352 2521
3 292 5559 5560
3 76 77 5512
3 286 287 3318
3 286 3318 5545
3 3353 2425 4093
3 1485 1682 1800
3 1044 1043 1045
3 2145 2143 2146
3 5494 5496 5497
3 589 590 591
3 3639 3640 3954
3 3685 3022 4005
3 1944 1896 1945
3 271 272 474
3 2040 2038 5604
3 1142 1141 5862
3 474 272 5536
3 278 405 5546
3 270 271 5532
3 395 275 5548
3 2187 2378 5527
3 2620 2734 5618
3 3187 3188 3278
3 2378 2379 2719
3 2158 2341 2342
3 458 291 5560
3 223 224 387
3 284 285 446
3 404 4621 4622
3 109 110 444
3 4073 3103 4154
3 4196 4197 4198
3 3646 3488 5251
3 557 559 2136
3 591 592 593
3 281 282 430
3 285 286 5545
3 302 390 5551
3 476 277 5546
3 276 476 5548
3 5233 4014 6541
3 1844 1937 2488
3 278 279 405
3 276 277 476
3 3752 3246 4353
3 274 275 395
3 302 303 390
3 2042 2836 5430
3 2151 2150 2152
3 387 224 5547
3 593 594 596
3 3259 3118 6290
3 2142 2141 2143
3 277 278 5546
3 1893 1892 1894
3 275 276 5548
3 477 301 5551
3 2032 2031 5595
3 301 302 5551
3 4344 3105 4345
3 5593 976 5759
3 300 301 477
3 1260 1326 5622
3 227 228 5566
3 2755 5772 5827
3 4441 3226 4442
3 5637 2752 5655
3 291 292 5560
3 1598 2512 2513
3 224 225 5547
3 225 475 5547
3 1127 1125 1249
3 1889 1888 1890
3 297 298 399
3 2458 5795 5858
3 296 297 5558
3 2981 2980 3110
3 1823 1778 2197
3 4301 4302 4303
3 295 296 478
3 294 295 5561
3 293 294 415
3 5296 5297 5298
3 2532 5676 5724
3 965 3314 5898
3 1709 1710 1711
3 225 226 475
3 2431 5112 6017
3 297 399 5558
3 5484 3851 5485
3 2712 2125 2883
3 5612 3445 5613
3 478 296 5558
3 3895 3894 3896
3 1449 1461 5985
3 295 478 5561
3 4962 3591 6096
3 415 294 5561
3 2482 1957 2483
3 3607 2884 3608
3 290 291 458
3 926 928 929
3 5908 479 7056
3 1419 1361 1572
3 1034 1035 1036
3 3714 3935 6407
3 1792 1788 1793
3 5345 1172 5589
3 2419 3971 5520
3 2253 2254 2255
3 1846 2781 3132
3 1283 1227 5627
3 3584 3063 4109
3 2744 3312 3313
3 3911 3088 6711
3 1114 1085 2704
3 2044 2272 5612
3 2274 1948 5700
3 124 125 493
3 2788 2787 3578
3 3541 3540 3542
3 2284 2285 2286
3 2015 1148 2633
3 553 555 613
3 2418 2415 2419
3 3121 2679 3807
3 1864 1866 1867
3 3049 3150 5366
3 1794 1793 1795
3 2344 1561 5897
3 2071 1753 5705
3 3491 3492 3493
3 1036 1037 1038
3 4174 2221 5600
3 3493 3494 3495
3 1641 5335 6818
3 4032 4567 7057
3 2079 2078 2080
3 2077 2079 6022
3 1806 1613 1807
3 1934 1795 1967
3 5117 6395 6610
3 2286 2287 2288
3 2664 2463 5829
3 3013 2611 3014
3 1787 992 5593
3 2749 2777 4023
3 3544 2776 3545
3 1300 1298 5478
3 1353 1349 5707
3 5298 5299 5302
3 228 229 398
3 2687 3525 5741
3 2282 2283 2284
3 3546 3545 3547
3 3893 3892 3894
3 1711 1712 1713
3 2138 1942 2139
3 2716 2715 3189
3 233 234 5585
3 3086 2517 3488
3 4198 4199 4200
3 2292 2293 2294
3 2180 2178 2181
3 3607 5349 5989
3 3215 3214 5463
3 4528 891 7378
3 2161 2594 2595
3 1317 1289 1318
3 4809 4810 5412
3 2782 2704 2783
3 1891 5718 5830
3 2672 2748 2952
3 229 230 5581
3 5248 1654 5692
3 5502 448 5503
3 2025 2022 2034
3 1920 1915 5439
3 1346 1236 1788
3 3539 3530 3540
3 3495 3496 4082
3 4329 433 4330
3 3527 2822 3528
3 3214 4080 4081
3 2641 2937 5639
3 3278 3279 3280
3 618 3577 5889
3 1038 1039 1040
3 3598 3597 5401
3 567 569 2317
3 2449 2450 2451
3 2436 2931 2932
3 4330 433 6923
3 3209 3210 3211
3 1551 1552 1575
3 2687 3180 3525
3 1254 1255 1256
3 3224 2862 3226
3 5436 2126 5754
3 882 884 3370
3 230 231 479
3 2541 2318 2754
3 2719 2720 3044
3 2600 2197 2706
3 2451 2452 2453
3 2797 3656 3658
3 2453 2454 2494
3 1112 1109 1133
3 2965 3490 3491
3 5477 2176 5727
3 1121 1119 1179
3 3045 3047 3144
3 2111 2435 2436
3 1768 5223 7298
3 2182 2181 2183
3 1822 4628 6844
3 2472 2128 2715
3 3567 4697 4698
3 1422 1423 1424
3 2280 2571 2572
3 1169 647 5001
3 4578 4282 6200
3 2294 2295 2296
3 3527 5568 5830
3 5366 3150 5368
3 3580 3572 3942
3 571 573 2457
3 231 232 5580
3 1097 2345 5773
3 2952 2954 3115
3 582 4771 6208
3 1522 2508 5909
3 3597 3602 3921
3 2529 1939 2891
3 3490 2598 5664
3 829 848 1554
3 4081 4628 4629
3 4708 6098 6145
3 5859 5040 6022
3 3603 2103 5446
3 2031 2029 2033
3 2184 2183 2185
3 2016 1249 2017
3 575 577 2362
3 5339 2860 5634
3 2318 2187 5527
3 2320 2439 2672
3 1573 4757 4759
3 2494 2495 2770
3 2481 2959 2960
3 4005 3022 5799
3 2367 2331 5825
3 2754 2318 5527
3 232 233 423
3 503 501 6192
3 1568 1567 1571
3 1288 1221 1289
3 6280 4235 7301
3 1890 1893 5730
3 3658 4017 5285
3 3712 3813 5522
3 3926 3579 4164
3 3264 162 6337
3 398 229 5581
3 1941 1352 1942
3 1256 1269 1270
3 2443 2442 2444
3 1363 1790 6103
3 501 3173 6192
3 3571 3570 3572
3 1594 1571 1595
3 5861 641 6863
3 2186 2185 2187
3 1566 1467 1567
3 1773 2321 2381
3 3003 2891 3004
3 3183 3184 3806
3 3820 2437 5097
3 2813 2653 2815
3 4666 3113 7094
3 5065 4959 7018
3 4049 3054 5951
3 681 682 683
3 3115 3870 4383
3 1040 1041 1042
3 852 861 2348
3 3740 2815 5717
3 2489 2869 5777
3 3044 3045 5543
3 4200 4201 4202
3 2528 2291 5609
3 2080 2912 5402
3 3609 3608 3610
3 5202 5203 6535
3 4375 2375 5486
3 1413 1539 2111
3 668 666 2193
3 2174 2043 5479
3 3578 2787 5643
3 4269 4268 4270
3 14 15 410
3 2595 2596 2597
3 3620 3610 4386
3 4938 3344 5988
3 4110 4109 4466
3 1064 1063 1065
3 2003 2005 6094
3 3178 3755 3760
3 1685 1486 5974
3 3655 2796 3657
3 230 479 5581
3 3760 4377 4378
3 4094 4093 4095
3 1003 992 1787
3 2850 2419 5520
3 3658 3656 4017
3 1771 1772 5664
3 4017 4179 4365
3 1452 1095 2651
3 1867 1868 1869
3 3453 3452 3454
3 1291 1247 1701
3 683 684 685
3 3807 2679 5513
3 1485 1800 5413
3 962 914 5616
3 618 620 3577
3 865 867 2793
3 3426 3425 3427
3 5613 4694 6360
3 1870 1873 5530
3 1182 1183 5513
3 2597 2599 2611
3 2436 2933 5608
3 1123 1121 5517
3 3014 3015 3868
3 3982 3984 3985
3 3169 3829 6011
3 423 233 5585
3 685 686 687
3 1046 1045 1047
3 1270 1271 1272
3 77 4821 5512
3 4202 4203 4204
3 2951 2486 2973
3 2824 2430 2825
3 1316 1485 5413
3 5394 3489 5653
3 58 457 6187
3 2564 2475 3386
3 725 670 1230
3 2018 2017 2019
3 4013 3777 5726
3 5321 5324 6370
3 1413 2111 5578
3 4168 3486 5629
3 5269 5268 6816
3 5320 4270 5321
3 1056 1055 1057
3 2264 2246 2265
3 6523 4896 6760
3 2774 5179 5940
3 479 231 5580
3 2020 2019 2021
3 3045 3144 5543
3 2070 5563 5742
3 3014 2611 3015
3 4362 3331 5155
3 3207 3208 3209
3 1919 1922 1923
3 2445 2444 2446
3 3614 6066 6087
3 2735 2621 2736
3 5413 5414 5846
3 2619 2617 3801
3 4549 3834 5095
3 4811 4808 5124
3 1924 1926 1927
3 2595 2594 2596
3 816 811 5589
3 2797 3655 3656
3 4346 4345 4347
3 1873 1874 1875
3 3221 2790 3222
3 2186 2187 2318
3 4067 3657 4465
3 1470 1327 1472
3 3377 2009 5750
3 4017 3656 4179
3 3450 2717 5679
3 3198 4529 5798
3 955 957 963
3 5720 3978 5986
3 2012 2013 2539
3 1876 1879 5554
3 3326 3384 5781
3 1740 1741 1844
3 235 236 463
3 2599 2596 2796
3 1879 1880 1881
3 2296 2297 2298
3 3888 2274 5700
3 5268 1546 5844
3 2883 4746 6572
3 2159 5509 5662
3 2412 2410 2752
3 4204 4205 4206
3 3368 3369 3621
3 75 418 5649
3 2893 2491 3131
3 3868 3015 3869
3 2342 2341 2374
3 1239 1297 1650
3 687 688 689
3 1938 1744 1939
3 1261 1226 2766
3 1881 1882 1883
3 2597 2596 2599
3 1586 1649 1740
3 3428 3427 3429
3 232 423 5580
3 2577 3177 3178
3 1544 1483 5274
3 3505 3507 5590
3 3671 2876 3673
3 1763 1907 1908
3 2048 2033 2049
3 1876 1878 1879
3 1870 1872 1873
3 2119 2117 3960
3 1859 1860 1861
3 2375 2374 2744
3 689 690 691
3 2375 2744 5486
3 1771 1595 1772
3 929 930 931
3 4185 3135 5453
3 2615 1445 6444
3 2994 2996 5774
3 691 692 693
3 614 611 662
3 551 5518 5652
3 1107 1105 2094
3 1929 1926 5663
3 2039 2043 2174
3 3998 6528 6543
3 4071 4100 4645
3 1272 1273 1274
3 2797 2796 3655
3 4102 3035 4103
3 3555 2906 5755
3 5543 3144 5544
3 869 1233 1234
3 4944 4943 4945
3 2599 2796 2797
3 2370 2037 4635
3 2593 2160 2598
3 6886 5322 7045
3 4556 396 4557
3 6262 3324 6350
3 3214 2932 4080
3 5029 5028 5030
3 3149 3218 3451
3 888 890 896
3 3655 3657 4067
3 3432 3431 3433
3 2907 3200 3808
3 3070 2706 3364
3 2220 616 2221
3 2603 2271 3442
3 949 951 954
3 3313 3312 4173
3 4111 3672 5266
3 4013 5726 6523
3 569 571 5658
3 3569 3029 3570
3 2768 2767 3062
3 3201 4257 4258
3 4096 4095 4243
3 2785 4136 5708
3 4948 4947 4950
3 648 649 650
3 2960 2962 2963
3 3621 4366 4432
3 2505 2875 3523
3 1861 1862 1863
3 1932 1973 1974
3 2161 2593 2594
3 1424 1425 1426
3 2160 1771 5664
3 3480 3478 5372
3 1703 1834 1835
3 3505 3506 3507
3 5494 5492 5496
3 620 622 5706
3 3178 3760 5937
3 3135 2936 3769
3 1913 1915 1920
3 1160 1243 1254
3 2298 2363 2364
3 931 934 935
3 693 695 696
3 935 958 959
3 3567 4698 5636
3 4940 3342 4941
3 4294 3200 4716
3 4206 4207 4208
3 754 745 755
3 1719 1720 1721
3 571 2457 5658
3 3145 3147 3148
3 622 624 1282
3 1931 1929 6016
3 650 651 652
3 1228 1284 1285
3 2708 2087 5330
3 2853 2994 4249
3 2907 2598 2965
3 1568 1571 1594
3 2287 2285 5915
3 2047 1759 2643
3 2787 2789 5643
3 2182 2183 2184
3 3201 3044 4160
3 5656 2752 5688
3 2369 2000 5920
3 5204 4867 6836
3 2797 3658 5615
3 1183 1187 1204
3 6001 2919 7355
3 2180 2181 2182
3 2242 2157 5623
3 2749 4023 5734
3 800 777 1018
3 3190 2689 3191
3 970 990 994
3 3539 3541 5938
3 3523 3524 3689
3 5296 5294 5297
3 3280 3281 3282
3 2184 2185 2186
3 964 968 969
3 2682 2242 2683
3 5439 1917 5635
3 3189 4167 4169
3 1856 1858 1859
3 3507 3508 3509
3 3851 3215 5463
3 1614 5177 5782
3 933 937 952
3 4089 4144 5811
3 1883 1885 1886
3 2447 2446 2448
3 3217 3147 5999
3 4946 4945 4947
3 1399 1397 5171
3 2255 2256 2257
3 5531 3959 6091
3 2572 3092 3093
3 1945 2167 2275
3 3086 3488 3646
3 4244 4243 4245
3 5490 268 5628
3 163 164 435
3 4081 4080 4628
3 1566 1567 1568
3 1443 1555 1586
3 628 630 786
3 2159 2160 2161
3 2719 3044 3201
3 3509 3510 3512
3 74 75 5649
3 2521 2522 2578
3 1743 1569 1744
3 2165 1877 3538
3 5538 1353 5707
3 2565 3106 4384
3 4348 4347 4349
3 939 941 2175
3 2436 2435 2931
3 3974 6765 7143
3 557 2136 5698
3 661 6230 6319
3 2505 2318 2541
3 3016 4019 4021
3 2875 2541 2913
3 3799 2964 3800
3 943 945 946
3 2548 1976 2673
3 97 98 496
3 644 646 648
3 3067 3263 4035
3 2996 2999 4180
3 25 26 468
3 411 4129 4130
3 3808 3200 4294
3 1890 1891 1892
3 1058 1057 1059
3 2596 2594 5611
3 1048 1047 1049
3 1717 1718 1719
3 3015 2611 5615
3 895 893 1952
3 2611 2599 5615
3 4427 4426 4480
3 3201 4160 4257
3 1886 1887 1888
3 1210 1213 1216
3 4246 4245 4393
3 2899 3183 3735
3 1943 2042 5430
3 1042 1043 1044
3 1995 4971 4972
3 1466 1565 2135
3 2860 2633 3151
3 2161 2160 2593
3 1594 1595 1771
3 2118 2120 2121
3 1802 1803 2012
3 2640 3317 3445
3 2379 2956 5665
3 1691 1538 2131
3 1052 1051 1053
3 2638 5227 6718
3 4131 3564 4132
3 2179 2468 2469
3 1599 3624 6109
3 2121 2122 2123
3 1175 2506 2616
3 5498 1889 6292
3 3430 3429 3431
3 4425 4424 4426
3 1050 1049 1051
3 2111 1539 2435
3 3080 2722 3081
3 4208 4209 4210
3 1155 1157 1488
3 2652 2651 2653
3 3875 3538 4652
3 636 638 1596
3 3657 2796 5611
3 673 596 2699
3 363 181 4795
3 841 3534 5807
3 1238 1180 2714
3 5604 2370 6127
3 2907 2965 3200
3 1800 1801 1802
3 67 68 5356
3 2138 2139 5794
3 2932 2931 5636
3 1673 1677 1697
3 4661 3594 4662
3 3491 3493 4172
3 1572 5539 5540
3 2593 2598 2907
3 1575 1582 1786
3 2900 2639 3130
3 955 963 5432
3 2469 2821 2822
3 3528 3529 3530
3 2186 2318 2505
3 5002 3846 5675
3 6135 3886 6264
3 3255 4058 4059
3 2501 2049 2502
3 414 245 5812
3 4102 4103 5099
3 1019 1018 1020
3 1734 2443 5942
3 246 471 5812
3 6777 4479 7062
3 4179 3656 5614
3 2021 2098 5454
3 5383 5385 5386
3 3656 3655 5614
3 2917 2916 2918
3 3542 3891 3892
3 4205 4203 6274
3 1015 1199 5693
3 3101 3100 5200
3 3563 3562 3564
3 5014 3821 6476
3 3465 1875 5554
3 2599 2797 5615
3 1471 1581 2839
3 1101 1111 1146
3 1061 1063 1064
3 2540 2013 2638
3 3887 3533 4127
3 1412 1296 1414
3 2135 2157 2158
3 1647 2269 5660
3 3594 2782 5749
3 2682 3035 3526
3 2688 2421 2689
3 3658 5285 5701
3 4548 4551 5307
3 4716 3200 5647
3 2158 2242 2341
3 1664 1667 1668
3 4008 5397 7004
3 1572 5540 5541
3 1290 1343 1371
3 3299 4561 7375
3 66 67 5619
3 1656 1658 1659
3 1713 1714 1715
3 4372 4371 4424
3 2683 2242 5623
3 4023 2777 5624
3 3243 3242 3244
3 1165 1225 1429
3 2123 2124 2125
3 2058 2054 5966
3 2922 3498 3499
3 1566 1568 1593
3 3592 3179 4301
3 5765 3544 5797
3 1971 2067 2068
3 3526 4102 4357
3 1715 1716 1717
3 755 745 5804
3 3332 4224 4225
3 1594 1771 2159
3 4160 3044 5543
3 1927 1928 1933
3 1738 2075 2355
3 2476 2787 2788
3 3525 3180 4106
3 3549 3688 4268
3 3547 3548 3549
3 1517 1368 2765
3 3315 2921 4319
3 5527 2378 5661
3 2920 2918 2921
3 1447 1451 6444
3 4210 4211 4212
3 3457 1869 5530
3 2796 2596 5611
3 5643 5334 5644
3 3900 2986 5794
3 3138 2612 3533
3 2159 1771 2160
3 1753 1639 1754
3 703 704 705
3 2682 2683 3035
3 2356 2560 2692
3 4161 7024 7114
3 65 66 373
3 1558 1588 1589
3 2132 2131 2133
3 1765 1678 1951
3 1265 1316 5846
3 1044 1045 1046
3 6875 7253 7380
3 3523 2875 3524
3 1021 1020 1022
3 5298 5297 5299
3 1867 1866 1868
3 2175 941 6012
3 3737 2573 5944
3 2472 2715 2716
3 4370 4369 4371
3 2818 2865 3795
3 3501 3465 5625
3 3121 3807 4105
3 1240 5290 5832
3 1419 1572 5541
3 1065 1067 1068
3 3655 4067 5614
3 1274 1275 1276
3 3451 4230 4232
3 3946 5210 5659
3 5718 5572 5830
3 2903 2648 6074
3 507 508 509
3 802 803 804
3 2505 2541 2875
3 2438 3168 3169
3 3176 2576 3179
3 1565 1467 1566
3 1053 1055 1056
3 1696 1814 1815
3 2826 2825 2827
3 3375 5333 5334
3 871 5098 5788
3 3241 3240 3242
3 3495 4082 4356
3 5302 5299 5304
3 3237 3358 3359
3 5203 1680 6130
3 2806 2934 3042
3 1466 1344 1467
3 1521 1674 1675
3 3356 3355 3590
3 3526 3035 4102
3 2012 1803 2013
3 2182 2184 2532
3 3896 3894 3909
3 3015 5615 5701
3 3663 3590 3664
3 833 839 840
3 4876 3537 4877
3 2828 2827 2829
3 1875 1874 1876
3 2505 3523 5676
3 1869 1868 1870
3 908 905 909
3 1023 1022 1024
3 2578 2579 2580
3 3042 3970 4479
3 1881 1880 1882
3 3305 3788 5728
3 4080 2932 5636
3 933 952 5445
3 2744 3136 3312
3 3597 2770 3602
3 2341 2242 2682
3 3935 6247 6483
3 1675 1898 1899
3 1525 1647 5660
3 3164 3061 3825
3 3756 2961 3757
3 2624 2357 5395
3 2934 2805 3522
3 3536 3535 3537
3 696 697 698
3 1234 1235 1263
3 492 5080 6612
3 2179 2178 2180
3 4764 2890 6019
3 4092 3529 4408
3 896 897 898
3 2281 2805 2806
3 2158 2157 2242
3 1879 1878 1880
3 1231 1265 5846
3 1647 1824 2269
3 5615 3658 5701
3 2471 2775 2776
3 1025 1024 1026
3 1276 1334 1335
3 954 955 5432
3 4212 4213 4214
3 710 2544 4085
3 3282 3283 3284
3 3878 3877 4369
3 214 215 5183
3 3505 3503 3506
3 1002 1192 1194
3 4302 5771 5801
3 1121 1179 5517
3 3528 2822 3529
3 1343 1291 1344
3 2931 3566 3567
3 2821 2468 3535
3 1894 1892 1897
3 3111 3110 3927
3 2744 2374 3136
3 1883 1882 1885
3 4326 3598 5401
3 652 653 654
3 1890 1888 1891
3 3720 3116 3880
3 1578 1548 1775
3 3567 4696 4697
3 3452 1093 5773
3 3709 3710 3712
3 370 72 5507
3 3479 3478 3480
3 3712 3713 3813
3 2449 2448 2450
3 2281 2133 2282
3 946 947 948
3 4271 3222 4272
3 2830 2829 2831
3 3387 3386 3388
3 2832 2831 2833
3 2135 1565 2157
3 1873 1872 1874
3 2931 2435 3566
3 2737 2736 4657
3 2319 1839 2320
3 2177 2176 2178
3 3568 4056 4406
3 3459 3457 5642
3 5492 5490 5628
3 3224 3226 4441
3 2106 1826 2203
3 2965 3491 5647
3 1899 2523 2524
3 2746 2747 3066
3 3308 4219 4423
3 4097 3485 5607
3 1599 1799 3624
3 4938 5988 6882
3 964 969 5449
3 2672 2952 2953
3 1466 1467 1565
3 963 964 5449
3 1426 1427 1428
3 18 19 403
3 4795 182 5952
3 1521 2705 5766
3 2127 2470 2471
3 1343 1344 1466
3 1887 1885 2176
3 1934 1967 2458
3 3389 3388 4260
3 84 85 362
3 2524 3036 3038
3 2963 3229 3230
3 3312 3136 4075
3 2546 2203 2656
3 3695 3455 4312
3 1129 5236 6185
3 1945 1896 2167
3 3542 3540 3891
3 717 718 719
3 1794 1795 1934
3 3932 2885 3933
3 3578 5643 5644
3 2887 2656 3116
3 898 899 902
3 3481 3480 3877
3 1335 1514 1515
3 3077 3706 5744
3 1908 1909 1910
3 1691 2132 2134
3 2788 3578 3579
3 4913 4914 6730
3 1838 1837 1839
3 3200 2965 5647
3 2469 2468 2821
3 902 903 932
3 669 724 2202
3 2451 2450 2452
3 2689 2421 5838
3 1465 1642 1643
3 1882 1880 1884
3 3186 3307 3308
3 4214 4215 4363
3 3006 2833 3007
3 5611 2594 5650
3 1764 853 5218
3 1886 1885 1887
3 2453 2452 2454
3 4142 3444 4143
3 1792 1793 1794
3 3162 3009 3163
3 3835 5939 6249
3 1263 1264 1332
3 3926 4164 4705
3 1974 1975 2383
3 4222 4329 7198
3 3443 3442 3444
3 1330 1690 6025
3 1875 1876 5554
3 4282 4280 4283
3 5255 3377 5750
3 5047 1267 6720
3 3393 3395 3589
3 2577 3178 5711
3 2594 2593 5650
3 768 778 779
3 2589 2265 2590
3 4815 5125 7379
3 1056 1057 1058
3 3507 3506 3508
3 1825 1648 1826
3 3567 3566 4696
3 2428 2924 5563
3 4159 3499 6870
3 1643 1733 1734
3 2907 3808 5650
3 1630 1628 2109
3 2165 3538 3875
3 4211 4209 6322
3 2924 3072 3744
3 2162 1871 3553
3 748 757 2166
3 2598 2160 5664
3 2116 2773 2880
3 2360 2357 2624
3 932 933 5445
3 1245 1244 1415
3 4563 9 6095
3 1910 1911 1989
3 2931 3567 5636
3 2165 3875 3876
3 827 5753 5906
3 3536 3537 4876
3 1840 1841 2746
3 1691 2131 2132
3 2580 2581 2582
3 1515 1683 1684
3 3522 2805 5721
3 1346 1788 1792
3 2275 2167 2276
3 1498 1520 1521
3 3530 3529 4092
3 640 5418 5748
3 3239 2661 3240
3 2494 2454 2495
3 4010 5200 5201
3 1869 1870 5530
3 3284 3285 3286
3 3509 3508 3510
3 3887 4127 4128
3 975 846 976
3 4363 4493 4573
3 1172 816 5589
3 3587 3588 5745
3 3871 3163 5856
3 5347 5348 6350
3 725 1230 5691
3 1416 1415 1523
3 726 1496 3550
3 2179 2180 2468
3 3008 3007 3009
3 3100 3773 3904
3 600 599 601
3 1201 1200 1244
3 4035 4509 4512
3 598 597 599
3 1070 1072 2173
3 2276 2167 4018
3 1524 1523 1693
3 1192 1003 1193
3 3306 3363 4507
3 4315 3723 4489
3 2821 3535 3536
3 1246 1193 1247
3 1290 1247 1291
3 698 700 701
3 1166 1167 1209
3 2222 3245 3246
3 779 787 788
3 2177 2178 2179
3 3869 3015 5701
3 1852 1854 1855
3 2625 2624 3083
3 6037 3976 6296
3 1058 1059 2517
3 1804 2807 3667
3 4621 4620 4623
3 622 1282 5706
3 4306 3799 5326
3 3201 4258 5661
3 4156 3400 4157
3 3533 2612 5674
3 4378 4377 4636
3 1290 1291 1343
3 5634 3843 6360
3 3510 3508 3511
3 1369 1529 1574
3 3484 3582 4364
3 3760 3755 4377
3 4070 3816 4071
3 2200 1182 2679
3 1210 1216 5446
3 2414 2861 3186
3 4921 401 6765
3 2695 2930 3039
3 1209 1210 5446
3 4465 3657 5835
3 2378 2719 5661
3 2383 2384 2717
3 3042 2934 3970
3 2949 2664 5829
3 994 995 1166
3 1690 1689 1960
3 3461 3459 5681
3 3665 3664 4318
3 1876 1874 1877
3 732 736 737
3 5509 5462 5720
3 5019 3555 5755
3 2306 2307 2308
3 3384 5360 5781
3 3011 2542 6063
3 5321 5322 5323
3 836 828 1805
3 3764 3763 5791
3 3952 3461 5683
3 3921 3602 4449
3 654 655 656
3 5043 4994 5787
3 1428 1442 1443
3 4106 3180 4107
3 3178 3177 3755
3 3094 2867 3718
3 1697 1698 1813
3 1413 1538 1539
3 3758 3757 4574
3 1861 1860 1862
3 881 879 1006
3 1887 2176 2177
3 3643 4223 4630
3 3219 3450 4140
3 788 830 831
3 3784 3519 3785
3 4279 4278 4280
3 3491 4172 5647
3 3714 3934 3935
3 1734 2441 2442
3 2582 2583 2584
3 3565 3561 4024
3 1052 1053 5710
3 1473 1472 1475
3 3960 2117 5710
3 1836 1835 1837
3 5496 5492 5628
3 1046 1047 1048
3 3723 3515 5671
3 1250 1214 5836
3 3228 3310 3717
3 3234 3235 3236
3 2682 3526 5687
3 1876 1877 1878
3 1249 1125 5792
3 2742 3449 3568
3 3538 1877 5716
3 2655 2654 2888
3 3919 3678 4374
3 3286 3287 3288
3 4408 3529 5719
3 2806 2805 2934
3 1320 1319 5273
3 1030 1032 1185
3 1836 1838 2137
3 831 846 847
3 4083 3081 4084
3 4560 3294 4939
3 1668 1669 1670
3 5104 337 6609
3 3440 2610 4483
3 3547 3545 3548
3 4040 3352 4464
3 3876 3875 4673
3 2593 2907 5650
3 739 741 742
3 5049 1764 5050
3 800 1018 1019
3 1050 1051 1052
3 5399 1462 5802
3 3630 3629 3631
3 847 975 977
3 2308 2309 2310
3 1757 1756 1758
3 2132 2133 2281
3 3138 3533 3887
3 1246 1247 1290
3 2319 2612 2687
3 2220 2221 2222
3 1143 1144 5834
3 2977 3612 3709
3 5020 1360 6308
3 3314 4905 5898
3 4136 3091 4137
3 1539 1538 1691
3 1192 1193 1246
3 2284 2286 2874
3 2180 2182 5651
3 100 101 5550
3 2968 3917 4220
3 3628 3627 3629
3 2769 4872 5960
3 2281 2282 2805
3 1048 1049 1050
3 1755 1754 1756
3 602 601 603
3 4068 3154 4569
3 841 1173 3534
3 1483 2204 2205
3 2646 3346 6402
3 2838 2673 2881
3 3085 6385 7106
3 1626 1624 1842
3 4654 447 7265
3 2869 3276 5777
3 2458 1967 5795
3 1878 1877 2165
3 1002 992 1003
3 1670 1671 1672
3 576 574 2172
3 3688 3548 4396
3 375 37 4504
3 582 580 597
3 2061 3765 5936
3 2459 2863 5712
3 3770 2344 5897
3 2863 3225 3227
3 4716 405 6985
3 1863 1862 1864
3 1237 1347 1348
3 2889 2888 2982
3 1659 1660 1661
3 1802 1801 1803
3 802 785 803
3 656 657 658
3 1288 1289 1317
3 2329 2365 5757
3 990 1154 7154
3 1015 1198 1199
3 3455 3454 5417
3 3465 5554 5625
3 2719 3201 5661
3 2660 3238 3714
3 2777 3182 5624
3 4072 3516 4300
3 1161 981 1200
3 985 1015 5693
3 5795 3925 5858
3 1093 1094 5773
3 2121 2120 2122
3 658 659 660
3 3409 3408 5668
3 1476 1475 1477
3 2374 2341 5687
3 2724 3086 3165
3 2925 2761 4041
3 1429 1430 1542
3 3979 1951 3980
3 3166 2881 3613
3 3622 2775 3623
3 2670 2367 5825
3 1107 2094 5606
3 3659 3613 4430
3 6227 5058 6962
3 3271 4050 4400
3 3010 3011 3767
3 652 1197 6181
3 3549 3548 3688
3 1002 1003 1192
3 1661 1662 1663
3 381 4672 6745
3 2205 2316 2427
3 2292 2294 2644
3 2770 2495 5711
3 3518 2841 3519
3 1019 1020 1021
3 719 720 721
3 2428 2923 2924
3 991 976 992
3 3510 3511 3873
3 2009 1060 5750
3 2151 2153 6219
3 73 74 469
3 5597 5235 6437
3 1870 1871 1872
3 1021 1022 1023
3 1023 1024 1025
3 3226 2862 5858
3 2319 2320 2612
3 3739 3738 3848
3 1025 1026 1180
3 2687 3138 3180
3 2022 2021 5454
3 1568 1594 5662
3 3815 3751 3816
3 1542 1543 1651
3 1058 2517 2724
3 1870 1868 1871
3 2341 2682 5687
3 3122 2716 3123
3 3930 3123 4341
3 1525 5660 5894
3 3169 3828 3829
3 5527 5661 5818
3 2692 2693 3057
3 1702 1585 1703
3 2844 2842 4138
3 1651 1652 1789
3 1838 1839 2319
3 4700 3644 4701
3 1053 1056 5710
3 572 570 815
3 2880 3103 4073
3 2470 2128 2472
3 2592 2274 3888
3 847 846 975
3 2724 2517 3086
3 1413 1412 1538
3 2423 2507 3271
3 1297 1412 1413
3 1536 2207 5949
3 1988 2645 2646
3 2912 4694 5620
3 2529 2891 3003
3 3829 4359 4360
3 5623 2157 5694
3 1466 2135 5672
3 3039 3822 3823
3 2127 2126 2128
3 2123 2122 2124
3 2973 6750 7161
3 3057 3833 3835
3 4680 4687 6501
3 2776 2775 3622
3 2047 2643 5632
3 660 664 665
3 3988 3987 3989
3 2081 2080 5402
3 4451 5869 7035
3 831 830 846
3 3626 3625 3627
3 1478 1477 1479
3 2296 2298 2534
3 2656 2203 6435
3 5163 424 6733
3 2906 2477 5755
3 3944 3623 4672
3 1025 1180 1181
3 5298 5303 6140
3 1859 1858 1860
3 5321 4270 5322
3 2791 2526 3068
3 1584 1702 2190
3 2184 2186 5676
3 70 4445 5257
3 2124 2122 2126
3 515 516 517
3 2131 1538 5714
3 1594 2159 5662
3 3242 3240 6299
3 830 787 2733
3 2113 1961 2231
3 3063 3062 5451
3 2676 4528 7378
3 5953 3907 6063
3 2190 3559 3560
3 5684 4822 7029
3 2904 2679 3121
3 3788 3787 3789
3 1216 1217 2751
3 4879 4819 6217
3 3150 2850 5520
3 1593 1568 5662
3 1371 1343 5672
3 1566 1593 5694
3 3990 3989 3991
3 1261 2766 5630
3 1239 1296 1297
3 604 603 605
3 2177 5572 5718
3 4225 4226 4308
3 3752 4353 4452
3 2635 2636 3084
3 2139 2140 2141
3 1749 1850 1851
3 788 787 830
3 3708 2848 4076
3 1079 1081 2244
3 3540 3530 5685
3 2471 2470 2775
3 3823 4564 4565
3 5031 1940 6996
3 3595 3328 3596
3 1889 1890 5730
3 2698 650 6181
3 5304 5299 5305
3 3457 5530 5642
3 126 361 6225
3 2120 2119 2225
3 1034 1036 2191
3 5661 4258 5818
3 2320 2672 5674
3 761 762 763
3 6706 2644 7169
3 3523 3689 5724
3 1038 1040 1190
3 67 5356 5619
3 2472 2716 3122
3 2118 2117 2119
3 2944 2945 3686
3 3159 4500 5913
3 3592 4301 4416
3 3135 3769 5453
3 3199 3277 4495
3 1181 1238 1239
3 1315 1357 1358
3 1703 1835 1836
3 2687 2612 3138
3 4070 4071 4434
3 1480 1479 1481
3 1398 1397 1399
3 3237 3359 5459
3 2553 3603 4410
3 3176 3179 3592
3 3541 3542 5995
3 1938 1939 2529
3 1170 1218 3487
3 2468 2180 5651
3 5822 2096 6691
3 1331 2530 5854
3 1784 2305 2306
3 804 805 806
3 1074 1076 1078
3 513 514 515
3 2136 559 5775
3 1836 1837 1838
3 2435 1539 5670
3 1114 2704 2782
3 1205 1207 1231
3 1412 1414 5714
3 3992 3991 3993
3 2630 3117 3604
3 975 976 991
3 1183 1204 5513
3 840 859 860
3 3560 3561 3562
3 2419 3716 3971
3 3616 715 3625
3 3503 3501 5686
3 3986 3983 3987
3 1482 1481 1489
3 2842 2791 5884
3 1297 1296 1412
3 1565 1566 5694
3 1050 1052 1240
3 1872 1871 2162
3 3191 3796 4030
3 806 807 808
3 4360 4361 4799
3 648 646 649
3 3310 3309 3751
3 1330 1258 1689
3 1896 1894 5695
3 991 992 1002
3 1418 1512 1527
3 779 778 787
3 3379 3377 5255
3 3535 2468 5651
3 1743 1744 1938
3 2186 2505 5676
3 4403 4402 6918
3 650 649 651
3 2257 2258 2259
3 2144 3023 3024
3 1348 1349 1350
3 2526 2113 5893
3 1239 1238 1296
3 808 809 810
3 652 651 653
3 742 743 744
3 2970 3380 3953
3 1888 1887 5718
3 2584 2585 2586
3 1394 1393 1395
3 810 811 812
3 1285 1286 1321
3 2411 2413 2416
3 812 816 817
3 6943 4329 7046
3 3529 2822 5719
3 1891 1888 5718
3 3622 3623 3944
3 2333 1770 2654
3 2532 2184 5676
3 3681 4162 5768
3 2162 3553 4531
3 3930 4341 4796
3 2182 2532 5651
3 1240 1052 2117
3 790 791 792
3 2082 2085 5859
3 3136 2374 5687
3 3464 3737 4118
3 2525 2325 2812
3 1596 638 5748
3 517 518 519
3 1044 1046 1208
3 12 13 490
3 1584 1513 1585
3 1343 1466 5672
3 606 605 607
3 1618 1616 2194
3 2657 5271 6524
3 373 66 5619
3 1319 2223 2725
3 5526 1676 6212
3 3578 5644 5645
3 2118 2119 2120
3 3994 3993 3995
3 5677 5506 5840
3 1061 1064 5689
3 2742 3568 5772
3 2822 2821 5719
3 3122 3123 3930
3 1490 1489 1491
3 4312 3455 5417
3 2124 2126 2127
3 3815 3816 4070
3 2407 2408 2415
3 408 168 5699
3 877 875 5610
3 1019 1021 2237
3 2863 3227 5712
3 1240 2117 2118
3 679 677 680
3 1257 1329 1331
3 776 773 1641
3 1331 1486 1487
3 2976 2509 2978
3 3688 4396 4582
3 2127 2128 2470
3 4150 4151 4431
3 2500 3326 5781
3 3530 4092 5685
3 1181 1180 1238
3 875 873 1336
3 1513 1419 5541
3 5466 3900 5794
3 1622 1620 2339
3 1989 1911 5638
3 2417 2422 2423
3 3359 3360 3838
3 1864 1865 1866
3 5301 5296 6140
3 568 566 2192
3 1864 1867 5803
3 3228 3225 3309
3 583 581 584
3 2461 2662 5798
3 2517 1059 5689
3 2203 1826 6354
3 2021 2023 2098
3 5017 3555 5019
3 3565 4025 4380
3 778 777 800
3 1152 1182 2200
3 1321 1322 1435
3 2080 2707 2912
3 3929 3133 4119
3 1097 1099 2345
3 2200 2904 3782
3 2502 2674 5640
3 4132 4133 4590
3 1807 1809 2346
3 2777 3181 3182
3 2157 1565 5694
3 2446 2444 2755
3 3016 4021 5796
3 6576 4229 6632
3 2412 2752 5637
3 1691 2134 5670
3 2561 4820 6425
3 2876 2502 5640
3 1435 1436 1503
3 3955 3954 4968
3 1256 1255 1269
3 3196 3195 4091
3 2405 2406 2407
3 1512 1419 1513
3 2508 2977 5909
3 3129 2866 3915
3 4492 4491 4842
3 1350 1351 1352
3 3818 5569 5570
3 5574 3979 5919
3 2508 2224 2509
3 1219 1191 4783
3 1254 1243 1255
3 3565 4024 4025
3 2725 2726 2727
3 2354 2803 2804
3 2569 1987 2684
3 3875 4652 5769
3 519 520 521
3 2259 2260 2261
3 3643 4630 6002
3 860 986 987
3 3236 3237 5459
3 1800 1682 1801
3 4455 3965 4522
3 3534 5069 6089
3 2495 2576 2577
3 1125 1123 5792
3 1023 1025 5776
3 2904 3121 3881
3 3566 2435 5670
3 3755 3177 4391
3 3602 2770 5711
3 2495 2454 2576
3 5394 5653 6158
3 3996 3995 3997
3 3419 3420 3421
3 3925 3579 3926
3 469 74 5649
3 664 659 666
3 2117 1052 5710
3 3142 3193 7356
3 1539 1691 5670
3 3175 3581 4290
3 1123 5517 5792
3 3459 5642 5681
3 4265 5209 7126
3 1220 1287 1820
3 4833 3185 6741
3 3340 3342 4940
3 3890 2974 3969
3 6328 2409 6567
3 3451 4232 4954
3 5316 1089 5841
3 2282 2284 5721
3 2577 3176 3177
3 3467 3469 3472
3 550 4773 6400
3 4479 4082 7242
3 4569 3154 6000
3 42 43 449
3 1418 1361 1419
3 3433 4286 4322
3 748 745 754
3 2902 2968 6067
3 2863 2862 3224
3 1487 1685 1686
3 1400 1399 1401
3 757 754 767
3 654 653 655
3 768 767 777
3 3560 3559 3561
3 792 794 795
3 1492 1491 1493
3 1374 1372 5421
3 2612 2320 5674
3 4941 4943 4944
3 2996 4180 5774
3 509 510 511
3 2672 2953 5674
3 3592 4416 5743
3 660 659 664
3 3024 3025 3026
3 2129 1747 2130
3 3501 5625 5686
3 5609 2290 5892
3 2200 2679 2904
3 1059 1061 5689
3 1212 1167 6941
3 2488 2489 5777
3 656 655 657
3 3132 2781 3133
3 1894 1897 5695
3 3027 3025 3028
3 658 657 659
3 2846 3152 3153
3 3471 3474 3804
3 3310 3751 3815
3 1880 1878 5709
3 2450 2448 2786
3 2727 2728 2729
3 2459 2458 2862
3 1494 1493 1501
3 1354 1353 1361
3 1270 1269 1271
3 2986 2138 5794
3 1686 1947 1949
3 4660 3594 4661
3 768 777 778
3 757 767 768
3 3891 3540 5685
3 4652 3538 5963
3 748 754 757
3 2788 3579 3925
3 2390 2878 3199
3 3593 3594 4660
3 527 774 6297
3 95 96 389
3 736 733 745
3 5257 4445 5713
3 732 725 733
3 4662 3594 5749
3 502 5132 6110
3 3506 3503 5686
3 3702 3704 4252
3 3364 3365 3885
3 1791 1732 1958
3 2577 2576 3176
3 3838 3839 4625
3 1812 1954 1956
3 6182 4896 6523
3 4189 4429 6493
3 3157 5192 6037
3 2646 3052 3346
3 3461 5681 5683
3 1999 1997 6098
3 2165 3876 5709
3 2373 2543 2635
3 4118 4631 4632
3 2076 1206 5308
3 2403 2404 2405
3 2633 1148 5862
3 736 745 748
3 3978 3977 6183
3 2167 1896 5695
3 2214 2216 3654
3 3227 3225 3228
3 1643 1642 1733
3 2190 1702 3559
3 724 670 725
3 1769 2332 2536
3 2483 2485 2709
3 2098 2099 2312
3 2729 2730 2731
3 1884 1880 5709
3 1584 1585 1702
3 4555 3174 6845
3 2805 2282 5721
3 2281 2806 5733
3 4132 3564 4133
3 2144 2140 3022
3 2912 3558 4694
3 3083 3723 4315
3 841 816 1172
3 827 1769 5753
3 5011 3748 7391
3 1769 2536 5753
3 4089 2989 4090
3 3705 3703 3738
3 4425 4426 4427
3 1836 2137 5779
3 2401 2402 2403
3 3825 4325 4648
3 4321 3718 4482
3 1820 2974 3355
3 3228 3309 3310
3 504 506 507
3 1083 1085 1114
3 1948 1685 5974
3 3476 3478 3479
3 3023 3022 3685
3 1878 2165 5709
3 2089 2357 2360
3 1272 1271 1273
3 2821 3536 5719
3 1351 1349 1353
3 2678 2304 2866
3 4968 1554 6482
3 1874 1872 5716
3 2883 2125 5797
3 3384 4436 5360
3 3568 3449 4056
3 2218 2347 2354
3 4380 4025 4769
3 645 643 647
3 2772 1544 5274
3 669 668 670
3 3780 3781 3903
3 3161 3879 4189
3 4182 4181 7012
3 3373 3374 4851
3 1173 1172 1236
3 3545 2776 5729
3 1887 2177 5718
3 2887 3116 3720
3 1934 2458 2459
3 4056 3449 4414
3 1734 1733 2441
3 1591 1592 1611
3 4372 4424 4425
3 732 733 736
3 2348 861 5641
3 1503 1504 1612
3 2688 2689 3190
3 724 725 732
3 3179 2576 5771
3 4600 4596 6086
3 2815 3532 5717
3 1502 1501 1505
3 2537 5306 7327
3 2176 1885 5727
3 800 1019 5756
3 3593 2782 3594
3 2312 2313 2767
3 3181 2750 3778
3 2481 2960 5626
3 2751 1217 5621
3 4590 4133 4592
3 1317 1318 5802
3 3362 2058 5966
3 1237 1236 1346
3 637 635 2199
3 2717 2384 5679
3 1538 1412 5714
3 3354 2903 5696
3 3998 3997 3999
3 1882 1884 5727
3 1366 1454 1455
3 2742 2441 2743
3 564 562 641
3 655 653 2211
3 1971 1819 2067
3 2072 2481 5626
3 4018 2167 5695
3 667 666 668
3 2442 2441 2742
3 13 14 5738
3 3562 3561 3565
3 3759 3111 6096
3 92 93 440
3 2134 2132 5733
3 1522 1499 2224
3 1628 1626 5690
3 2248 2217 2632
3 1866 1865 2104
3 598 599 600
3 3026 3027 3029
3 1792 1794 2987
3 2139 1942 2140
3 1148 1142 5862
3 5482 3391 5842
3 4780 412 6799
3 220 429 6344
3 5539 5538 6174
3 3798 6533 6647
3 4305 4306 6327
3 4946 4947 4948
3 669 670 724
3 5573 1333 5991
3 2546 2656 2887
3 2106 2203 2546
3 4673 3875 5769
3 2776 3622 5729
3 3364 2706 3365
3 2586 2587 2588
3 651 649 661
3 2143 2141 5677
3 4492 4842 4843
3 2760 1249 5792
3 910 909 911
3 3832 4768 6367
3 4370 4371 4372
3 4741 3900 5466
3 2527 2792 3257
3 2070 2068 5563
3 2495 2577 5711
3 2294 2296 5740
3 1885 1882 5727
3 3754 3779 3780
3 1868 1866 5731
3 1967 2476 5795
3 1917 1919 5635
3 2434 2610 3440
3 434 100 5550
3 600 601 602
3 2127 2471 5765
3 3936 5841 6180
3 1849 1748 2325
3 1965 1857 2376
3 3687 4251 4382
3 5543 5544 5908
3 1696 1684 1814
3 1589 1590 1591
3 809 807 1355
3 2674 2675 3061
3 1363 1006 1731
3 825 819 2551
3 861 865 5641
3 1911 1913 5638
3 2125 2124 5765
3 3159 3882 4500
3 667 668 669
3 2843 2845 2846
3 2863 3224 3225
3 1825 1826 2106
3 2817 2130 3059
3 1962 2114 3124
3 1855 1854 1856
3 1091 1093 1328
3 5687 3526 5837
3 5297 5609 5892
3 2502 2503 2674
3 1512 1513 1584
3 2399 2400 2401
3 3526 4357 5837
3 4944 4945 4946
3 2793 867 5648
3 2753 1689 5880
3 2459 2862 2863
3 1348 1347 1349
3 4083 4084 7028
3 1068 5591 7176
3 4152 4037 6641
3 1892 1891 5914
3 2623 2376 2922
3 1380 1378 5425
3 1416 1523 1524
3 2966 4181 4182
3 865 2793 5641
3 804 803 805
3 4146 3066 5654
3 1877 1874 5716
3 3878 4369 4370
3 126 127 361
3 602 603 604
3 3190 3191 5786
3 1497 1495 3120
3 2869 3275 3276
3 1245 1415 1416
3 1418 1419 1512
3 2675 2503 3040
3 2749 2750 2777
3 2451 2455 6273
3 5364 2657 6524
3 2815 3531 3532
3 2591 3112 3161
3 3793 3270 4709
3 664 666 667
3 245 246 5812
3 102 103 358
3 733 725 5691
3 1217 1228 5621
3 2679 1182 5513
3 867 869 5648
3 2236 2425 3353
3 1345 1317 1462
3 1201 1244 1245
3 1920 5439 5440
3 3065 2605 3270
3 521 522 523
3 615 617 618
3 2315 2335 2837
3 2360 2624 2625
3 137 138 6438
3 2284 2874 5721
3 3111 4962 6096
3 1354 1361 1418
3 2313 2099 2314
3 3198 4003 4529
3 604 605 606
3 284 446 6076
3 4914 3661 7229
3 106 107 400
3 3033 2550 3939
3 35 36 6449
3 1506 1505 1507
3 3537 3535 5976
3 1109 1107 5606
3 3247 3753 3754
3 1743 1938 2303
3 644 645 646
3 1872 2162 5716
3 4318 3664 4535
3 2454 2452 5771
3 640 643 644
3 2397 2398 2399
3 4412 4411 4413
3 3408 3405 4587
3 3633 3635 3645
3 129 130 416
3 1025 1181 5776
3 2132 2281 5733
3 3391 3393 5842
3 1981 1979 2957
3 4505 4504 5476
3 2021 2019 2023
3 3136 5687 5837
3 3799 3800 5326
3 817 816 841
3 3171 2708 5330
3 6532 6531 7034
3 640 639 643
3 145 146 433
3 3481 3877 3878
3 2315 2314 2334
3 5611 5650 5835
3 812 811 816
3 1220 1169 1221
3 644 643 645
3 5830 5568 5914
3 3024 3023 3025
3 3722 4352 5697
3 1287 1221 1288
3 810 809 811
3 2463 2462 5829
3 1864 1862 1865
3 2034 2022 5454
3 768 779 5758
3 808 807 809
3 3771 3003 3772
3 2520 2238 2605
3 912 911 913
3 3182 3181 4001
3 606 607 608
3 1274 1273 1275
3 806 805 807
3 855 851 2195
3 1288 1317 1345
3 3512 3510 5833
3 3243 3244 3849
3 1465 1462 1569
3 2144 3024 5677
3 1919 1923 5635
3 1642 1569 1743
3 638 639 640
3 111 112 360
3 2202 724 5764
3 3256 3158 3722
3 869 1234 5648
3 582 597 598
3 105 106 5752
3 114 115 432
3 2529 3003 3771
3 2017 1249 2760
3 2141 2140 2144
3 115 116 5760
3 2397 2561 6257
3 1351 1353 1354
3 748 2166 5770
3 116 117 481
3 3355 2974 3890
3 117 118 5761
3 118 119 376
3 120 121 482
3 1965 2623 2749
3 3066 3067 5654
3 2419 2415 3716
3 121 122 5762
3 122 123 417
3 1517 2765 5703
3 2588 2700 2701
3 4079 3260 4634
3 4000 3999 4448
3 2742 2743 3449
3 2080 2078 2707
3 2983 2479 3669
3 2137 1838 5741
3 3825 3061 4325
3 3151 3586 3905
3 1115 5226 6887
3 3271 2507 4050
3 1048 1050 5832
3 3826 3827 6559
3 3241 3242 3243
3 1866 2104 5731
3 3020 3019 3021
3 2166 757 5758
3 2887 3720 3721
3 5192 4066 6037
3 5902 1729 5903
3 1036 1038 5751
3 3479 3480 3481
3 2331 2330 5825
3 4016 3653 5464
3 4109 3063 5451
3 1457 1458 1557
3 4826 3772 4827
3 5281 1636 7025
3 3041 3040 3729
3 844 838 971
3 138 139 443
3 3548 3545 5729
3 1114 2782 3593
3 1350 1349 1351
3 1237 1346 1347
3 1267 5725 6720
3 533 534 535
3 2754 5527 5818
3 608 607 611
3 4543 4541 4544
3 541 542 543
3 1161 1200 1201
3 4396 3548 5729
3 1673 1697 5953
3 1758 2327 5657
3 104 105 480
3 135 136 368
3 631 629 633
3 7086 5658 7203
3 4917 4764 6019
3 2951 2973 3707
3 732 737 5764
3 81 82 425
3 3553 1871 5731
3 1231 1232 1265
3 585 584 586
3 3910 3620 6283
3 2148 2146 2154
3 2319 2687 5741
3 1561 1559 5897
3 2099 2023 5813
3 1612 1613 1806
3 1465 1569 1642
3 976 846 5759
3 5693 1199 5732
3 1345 1462 1465
3 1913 1920 5638
3 5368 3150 5369
3 709 707 2691
3 3566 5670 5869
3 535 536 537
3 1173 1236 1237
3 3440 4485 5040
3 1930 1932 5680
3 1718 1716 6221
3 2125 5765 5797
3 2929 2606 5037
3 5650 3808 5835
3 4655 3950 5793
3 531 532 533
3 1151 1122 6320
3 1220 1221 1287
3 1124 5242 6320
3 638 637 639
3 2144 3022 3023
3 841 1172 1173
3 1959 1958 2802
3 6246 2095 6284
3 2354 2943 5941
3 3239 3240 3241
3 5656 5688 6193
3 914 913 915
3 5520 3971 5940
3 5112 1990 5910
3 3771 3772 4826
3 587 586 588
3 389 96 4649
3 952 937 5678
3 2207 1545 2208
3 916 915 917
3 2757 3001 3002
3 5299 5297 5892
3 918 917 919
3 2387 2210 2657
3 2459 5712 5805
3 537 538 539
3 920 919 921
3 1678 1630 5860
3 737 736 5770
3 1508 1507 1509
3 604 606 999
3 864 857 1004
3 3980 3981 3982
3 591 590 592
3 2685 2684 2946
3 589 588 590
3 2360 2625 3016
3 593 592 594
3 3745 3021 3746
3 3433 3431 4286
3 3972 3973 4054
3 3026 3025 3027
3 2472 3122 5763
3 59 60 5996
3 4971 4283 6623
3 5670 2134 5869
3 3062 2767 4183
3 4209 4207 5962
3 1820 1287 2974
3 4475 3272 4713
3 2502 2049 2503
3 2084 2081 5402
3 3510 3873 5833
3 3203 3051 3204
3 385 4726 6672
3 3905 3906 3972
3 2209 2208 2210
3 1838 2319 5741
3 2650 2449 6273
3 539 540 541
3 4050 2507 4051
3 758 965 5898
3 2120 2225 5754
3 712 709 5737
3 632 635 636
3 636 637 638
3 630 631 632
3 2335 2334 2336
3 625 623 2201
3 4872 5161 5960
3 628 629 630
3 620 621 622
3 1815 1814 2095
3 937 939 5678
3 1276 1275 1334
3 543 544 545
3 598 600 1821
3 2470 2472 5763
3 3623 2775 5763
3 3029 3027 3030
3 5054 4125 6909
3 924 998 6571
3 1483 1450 2204
3 628 627 629
3 1597 1440 1598
3 3568 4406 5827
3 1936 1681 2246
3 1439 1308 1440
3 5729 3622 5947
3 4962 3927 4963
3 630 629 631
3 632 631 635
3 636 635 637
3 1856 1857 1858
3 1335 1334 1514
3 622 621 623
3 1201 1245 2758
3 1549 1579 2440
3 3673 2876 5640
3 3788 3897 6371
3 3885 3886 4647
3 6648 3271 6714
3 626 627 628
3 2394 2396 2397
3 3721 3720 4311
3 5572 3527 5830
3 2423 2422 2507
3 3973 3906 4027
3 2011 1739 2238
3 846 830 5759
3 2109 1628 5690
3 2416 2413 2417
3 922 921 923
3 2644 2294 5740
3 4121 3000 4122
3 728 723 2112
3 1485 1681 1682
3 560 558 2212
3 2879 2433 3158
3 2473 5596 5958
3 907 1155 5669
3 4284 4579 6574
3 622 623 624
3 2880 4073 4074
3 626 625 627
3 444 110 4567
3 3657 5611 5835
3 3648 3650 3690
3 1515 1514 1683
3 3625 715 6068
3 2950 3681 3682
3 1759 1758 5657
3 1932 1974 5680
3 5523 393 6748
3 1703 1836 5779
3 805 803 2745
3 2296 2534 5740
3 3558 2707 3666
3 1168 647 1169
3 624 623 625
3 3942 3572 3958
3 5418 2698 5917
3 3639 3954 3955
3 5372 4728 5935
3 2098 2023 2099
3 2337 2392 2393
3 6294 2267 6580
3 2106 2546 2547
3 1228 1285 5621
3 3016 3017 4019
3 877 5610 6069
3 2126 2122 5754
3 1510 1509 1550
3 1328 3452 3453
3 621 619 634
3 5369 3150 5520
3 1702 1703 5779
3 1416 1524 1525
3 4514 6046 6192
3 5938 3541 6196
3 5188 6115 6116
3 2997 2995 2998
3 2607 3187 6072
3 4048 3054 4049
3 2476 2788 5795
3 681 680 682
3 3087 1663 5682
3 2444 2442 5772
3 624 625 626
3 3980 1951 3981
3 1168 1169 1220
3 457 59 5996
3 511 512 513
3 1456 1454 5975
3 3714 3238 3934
3 2855 2847 3691
3 2189 5953 6063
3 6976 4929 7367
3 620 619 621
3 4783 1191 6147
3 5125 6788 7379
3 1860 1858 5734
3 2152 2150 2385
3 2978 4477 5598
3 1903 1902 2007
3 2122 2120 5754
3 615 616 617
3 3986 3987 3988
3 2328 2155 2478
3 3564 3562 5789
3 2777 2750 3181
3 2053 2055 5936
3 2280 1848 2571
3 5394 6158 6239
3 618 619 620
3 4115 5655 7064
3 1019 2237 5756
3 924 923 925
3 2464 1845 2847
3 1723 1725 5902
3 5710 1056 5863
3 4425 4427 4428
3 1871 1868 5731
3 939 2175 5678
3 2407 2406 2408
3 1654 1656 5692
3 830 2733 5759
3 3534 1173 5810
3 1237 1348 5810
3 2068 2067 2428
3 4144 4090 4259
3 608 612 2219
3 4075 3136 5837
3 982 974 1177
3 1676 1671 5929
3 829 836 848
3 703 701 704
3 4394 3691 4674
3 545 546 547
3 1624 1622 5735
3 988 960 3699
3 2340 1117 6416
3 1951 1678 5860
3 515 514 516
3 3440 4483 4485
3 3988 3989 3990
3 5478 4259 7289
3 2448 2446 5780
3 5802 1318 5872
3 2947 2946 3109
3 3774 5035 6326
3 2417 2413 2421
3 5991 2972 6207
3 4938 6882 7024
3 4157 3400 6043
3 3075 2627 3195
3 2402 2400 2409
3 1050 1240 5832
3 5443 642 6376
3 1551 1550 1552
3 2124 2127 5765
3 3982 3983 3984
3 2775 2470 5763
3 2337 2336 2391
3 4019 3017 5736
3 1663 1664 5682
3 1851 1850 1852
3 5395 2721 5823
3 3565 4380 5789
3 4370 4372 4373
3 517 516 518
3 2912 2707 3558
3 612 614 615
3 1307 1306 1308
3 1863 1864 5803
3 2674 2503 2675
3 3016 2625 3017
3 3744 3072 4166
3 3191 4030 5786
3 3628 3629 3630
3 1630 2109 5860
3 926 925 928
3 1956 1957 2482
3 1017 1163 6509
3 1626 1842 5690
3 3677 3836 3837
3 5227 2638 6173
3 829 828 836
3 1305 1304 1306
3 1259 1184 1298
3 4213 4918 6564
3 1038 1190 5751
3 778 800 5767
3 1534 1433 5944
3 2312 2099 2313
3 2695 2310 2930
3 2733 787 5767
3 1016 1000 1248
3 608 611 612
3 4538 441 6430
3 2191 1036 5751
3 638 640 5748
3 4841 5016 7167
3 4512 4509 6597
3 757 768 5758
3 3479 3481 3670
3 745 733 5804
3 821 814 2302
3 525 526 527
3 1318 2116 5872
3 3988 3990 4481
3 3453 3454 3455
3 2924 2923 3072
3 1058 2724 5863
3 2034 5213 6401
3 2491 2047 5632
3 2718 2717 3219
3 3619 3066 4146
3 2688 3190 3192
3 1525 1524 1526
3 2408 2406 2410
3 3935 3934 4250
3 2290 2287 5915
3 2576 2454 5771
3 1965 2376 2623
3 1824 1648 1825
3 787 778 5767
3 3192 3190 3968
3 2749 2623 2750
3 1103 5139 6579
3 717 714 718
3 1647 1526 1648
3 2460 2367 2670
3 509 508 510
3 527 528 529
3 685 684 686
3 612 611 614
3 3754 3780 6307
3 687 686 688
3 3712 3710 3713
3 1690 1962 6025
3 3258 2574 6049
3 615 614 616
3 3151 2633 3586
3 1155 1488 5669
3 3813 3713 4256
3 3353 4093 4094
3 683 682 684
3 691 690 692
3 2394 2392 2395
3 693 692 695
3 3990 3991 3992
3 3984 3986 4060
3 2922 3499 4158
3 3543 2427 3976
3 3708 4076 4254
3 1316 5413 5846
3 4190 3575 4191
3 3247 3246 3752
3 1525 1526 1647
3 2141 2144 5677
3 785 781 5855
3 617 616 2220
3 3626 3627 3628
3 2405 2404 2406
3 581 580 582
3 3393 3589 5842
3 2666 2664 2949
3 4688 4423 4689
3 689 688 690
3 1303 1302 1304
3 147 148 5821
3 1316 1484 1485
3 1574 1529 5100
3 4174 5451 7193
3 1056 1058 5863
3 5106 5107 5968
3 1222 1195 1311
3 696 695 697
3 2442 2742 5772
3 3709 3612 3710
3 2854 2764 3794
3 4597 4596 4598
3 579 578 580
3 577 576 578
3 575 574 576
3 2313 2314 2315
3 573 572 574
3 1133 1109 5606
3 498 500 2096
3 609 828 829
3 1021 1023 5784
3 1647 1648 1824
3 736 748 5770
3 1858 1857 1965
3 571 570 572
3 2172 574 5816
3 2970 2668 3380
3 4647 3886 6279
3 2422 2421 2688
3 4391 3177 5778
3 848 849 980
3 3690 4113 4114
3 1269 1255 1438
3 1824 1825 2324
3 2675 3040 3041
3 543 542 544
3 1455 1456 1457
3 1301 1300 1302
3 1299 1298 1300
3 4143 3444 4470
3 519 518 520
3 4825 3373 4851
3 1160 1161 1243
3 1813 6298 6469
3 1891 5830 5914
3 980 981 1160
3 5573 5991 6207
3 3955 4968 4969
3 3982 3985 6135
3 1046 1048 5896
3 800 5756 5767
3 1293 1252 1441
3 3779 3753 4820
3 2116 2880 5872
3 1265 1266 1312
3 1199 5464 5732
3 1547 1549 5790
3 523 524 525
3 3177 3176 5778
3 529 530 531
3 1521 1520 1674
3 3100 2171 3773
3 5151 1382 5971
3 1656 1659 5692
3 5258 6126 6785
3 1699 1687 1840
3 724 732 5764
3 3992 3993 3994
3 4511 4215 6564
3 569 568 570
3 3982 3981 3983
3 739 735 741
3 4010 3101 5200
3 1553 1519 1687
3 24 25 5876
3 1327 1261 5630
3 2396 2395 2414
3 753 747 2240
3 1584 2190 5814
3 645 647 1168
3 5368 633 7374
3 2206 1933 2554
3 2629 3034 3298
3 1373 1768 6317
3 3885 3365 3886
3 3176 3592 5778
3 618 617 619
3 4077 6778 6829
3 1346 1792 5868
3 521 520 522
3 3192 3968 4237
3 848 836 849
3 2709 2710 2885
3 541 540 542
3 1856 1854 1857
3 6183 3977 6231
3 5499 5498 6234
3 3616 3625 3626
3 1023 5776 5784
3 1675 1674 1898
3 1339 1320 5273
3 3414 3412 3417
3 3562 3565 5789
3 2411 2410 2412
3 1899 1898 2523
3 4158 3499 4159
3 2403 2402 2404
3 1901 1728 1902
3 2415 2408 5901
3 3999 3997 6862
3 799 797 2163
3 2452 2450 5801
3 5986 3978 6183
3 3118 2940 6759
3 3574 2808 3575
3 2054 1963 5966
3 4696 3566 5869
3 2237 1021 5784
3 89 90 359
3 3740 5717 6328
3 2222 3246 3247
3 1549 2440 5790
3 567 566 568
3 1319 1309 2223
3 2524 2523 3036
3 533 532 534
3 565 564 566
3 1988 2646 6010
3 980 849 981
3 594 595 609
3 1725 1729 5902
3 698 697 700
3 535 534 536
3 2836 2816 6296
3 4396 5729 5947
3 3630 3631 5891
3 3950 4417 5793
3 1364 1332 1519
3 1160 981 1161
3 2070 5742 6176
3 579 580 581
3 3537 5976 6148
3 3624 1799 5882
3 1527 1512 5814
3 1720 1723 6144
3 3175 2778 3581
3 3586 2633 5862
3 3592 5743 5778
3 545 544 546
3 1208 1046 5896
3 4440 4420 5342
3 2244 1081 5806
3 2314 2099 5813
3 537 536 538
3 875 1336 5610
3 3162 3871 6505
3 572 815 5816
3 3559 1702 5779
3 577 578 579
3 575 576 577
3 573 574 575
3 571 572 573
3 5707 1347 5868
3 134 135 7385
3 569 570 571
3 1763 1908 5991
3 2417 2421 2422
3 705 704 710
3 1275 1273 1688
3 2718 3220 3517
3 4150 3153 4151
3 1942 1352 5799
3 3984 3983 3986
3 815 570 5839
3 706 2769 5960
3 4094 4095 4096
3 1639 1517 5703
3 771 765 3069
3 539 538 540
3 3994 3995 3996
3 3992 3994 4837
3 2232 1797 2233
3 833 823 839
3 4643 3195 6018
3 5763 3122 5994
3 2755 2444 5772
3 2243 2798 2799
3 761 759 762
3 2411 2412 2413
3 790 783 791
3 929 928 930
3 1417 1341 1556
3 1564 932 2487
3 2315 2334 2335
3 1081 1083 5806
3 1740 1844 2226
3 3925 3926 6060
3 2801 2915 2916
3 1794 1934 5805
3 3780 3779 3781
3 3090 2344 3770
3 2619 3801 6038
3 4815 4811 5124
3 260 426 6269
3 563 562 564
3 1464 1417 5849
3 3617 948 4397
3 2855 4394 4395
3 2401 2400 2402
3 2799 2800 2801
3 2508 2509 2976
3 2815 2653 3531
3 1842 1624 5735
3 1448 1446 1780
3 1693 2089 5796
3 3750 4888 7075
3 4160 5543 5908
3 803 785 5855
3 3298 3974 4926
3 1683 1514 1694
3 3733 3734 4931
3 2234 2233 2647
3 2164 2628 2629
3 4386 6093 7382
3 3243 3849 4006
3 3429 3427 3803
3 567 568 569
3 4944 4946 4949
3 565 566 567
3 3292 2823 6005
3 2493 2601 2602
3 85 86 4785
3 1852 1853 1854
3 2408 2410 2411
3 1364 1553 3728
3 2701 2702 2703
3 2446 2755 5780
3 3336 3093 4002
3 183 184 421
3 4138 2842 5884
3 4005 5799 6028
3 2068 2428 5563
3 2555 2554 2818
3 4024 3561 6021
3 1146 1147 1202
3 563 564 565
3 1211 1209 2103
3 2844 4138 4139
3 2900 3130 6107
3 2095 1814 2198
3 3239 3241 3874
3 3205 3204 4398
3 1699 1845 1846
3 4096 4243 4244
3 4837 2340 6479
3 172 4471 6875
3 5700 1948 5974
3 3314 4221 4905
3 2703 2980 2981
3 5552 304 6229
3 5206 3334 6398
3 3960 5710 5863
3 1460 1324 2852
3 2862 2458 5858
3 819 817 5807
3 4133 3564 5789
3 5340 525 6297
3 5995 3893 6055
3 5479 2338 6639
3 609 595 828
3 2000 2170 5920
3 1605 1604 1606
3 3754 3753 3779
3 3996 3997 3998
3 733 5691 5804
3 363 4795 6805
3 3304 2886 3306
3 3860 4960 6534
3 2786 2448 5780
3 2511 2487 2886
3 1532 1533 5949
3 3382 6690 6838
3 3068 2526 5893
3 3474 3476 5800
3 5055 5152 5223
3 4006 3849 4227
3 3425 3423 4020
3 1120 1151 6416
3 2788 3925 5795
3 3859 4420 4440
3 3905 3586 3906
3 135 4177 7385
3 2944 2804 2945
3 2977 3709 5909
3 3966 1694 5631
3 594 592 595
3 4244 4245 4246
3 4272 4273 4274
3 1462 1317 5802
3 1690 1960 1961
3 5568 3539 5938
3 3039 2930 3822
3 2308 2307 2309
3 3789 3790 4126
3 3972 3906 3973
3 2592 3888 5911
3 2306 2305 2307
3 4701 3644 5891
3 1936 2246 2264
3 561 562 563
3 1347 1346 5868
3 721 720 726
3 1767 6427 6649
3 817 841 5807
3 3350 3351 3352
3 3538 5716 5963
3 1620 1618 5785
3 1384 1387 1474
3 3606 3607 5989
3 3120 1495 6123
3 3347 3078 4148
3 2967 2903 3354
3 1806 1807 5815
3 4260 4261 4460
3 519 978 6474
3 1683 1694 3966
3 719 718 720
3 3732 3731 3809
3 3623 5763 5994
3 1118 1110 6486
3 3222 2790 6024
3 2399 2398 2400
3 1897 1892 5914
3 4126 4840 4841
3 2383 2717 2718
3 3973 4027 4028
3 2840 2326 3731
3 2655 2888 2889
3 3998 3999 4000
3 3628 3630 3643
3 3968 3190 5786
3 1522 2224 2508
3 1758 2326 2327
3 1988 1949 2645
3 1852 1850 1853
3 2450 2786 5801
3 2414 3186 3206
3 1854 1853 5808
3 194 195 4554
3 513 512 514
3 3238 2661 3239
3 2825 2430 6034
3 3872 3767 4932
3 2889 2982 4327
3 2794 3073 3516
3 2660 2198 2661
3 931 930 934
3 3103 2773 6258
3 3823 3822 4564
3 1358 1359 1365
3 5227 4542 6718
3 2333 2654 2655
3 4006 4227 4389
3 3419 3416 3420
3 1048 5832 5896
3 2736 2621 6038
3 3859 3695 4420
3 5996 4603 5997
3 1144 1152 5834
3 1923 1924 6133
3 1330 1689 1690
3 4872 4875 5161
3 935 934 958
3 3308 4423 4688
3 6032 4044 7074
3 3758 4577 6530
3 2095 2198 2660
3 2511 3304 3305
3 5305 5299 5892
3 3233 3741 3858
3 5684 1078 6796
3 2426 4625 7310
3 1635 1747 2129
3 5358 1783 6023
3 1395 1397 1398
3 531 530 532
3 2019 2017 5831
3 4565 4564 4617
3 2200 3782 5834
3 3616 3626 3641
3 2029 2027 6125
3 1814 1684 5921
3 2721 2966 5823
3 1745 1672 2189
3 3305 3786 3787
3 4103 6231 6268
3 1401 1403 1405
3 1391 1393 1394
3 4041 2761 5981
3 3012 4618 4619
3 2428 2067 2761
3 1858 1965 5734
3 2197 5574 5919
3 3953 3380 4014
3 3067 4035 5654
3 4274 4275 4276
3 305 473 6229
3 6434 2051 6594
3 3348 3349 3350
3 2335 2336 2337
3 1211 2552 2794
3 2660 2661 3238
3 168 169 5699
3 3858 4175 4176
3 1622 2339 5735
3 2746 3066 3619
3 3652 4015 6625
3 5771 2452 5801
3 3002 3962 3963
3 2673 1976 6016
3 2397 2396 2398
3 3022 2140 5799
3 2725 2223 2726
3 6486 4837 6515
3 2552 2103 2553
3 742 741 743
3 568 2192 5839
3 2327 2840 2841
3 3147 3146 5999
3 3161 4189 5874
3 3373 3338 3374
3 4355 3248 6577
3 3081 2722 6017
3 2890 2466 6019
3 1704 3861 3862
3 4276 4277 4278
3 368 136 4639
3 1709 1577 1710
3 2902 2648 2903
3 744 743 749
3 1704 1663 3087
3 2727 2726 2728
3 1684 1683 5921
3 4899 4901 6351
3 588 586 1362
3 2411 2416 5901
3 1575 1552 1582
3 5716 2162 5963
3 1616 1614 5782
3 2785 2927 3091
3 4514 4513 4515
3 2562 1374 5421
3 4166 3072 4419
3 1512 1584 5814
3 1792 2987 5868
3 2251 2784 2785
3 1083 1114 5806
3 2146 2143 5840
3 3732 4029 4288
3 2065 2228 2811
3 3842 3351 3961
3 1846 2464 2781
3 2784 2542 3010
3 2251 2189 2542
3 4888 212 6779
3 1444 1380 5425
3 700 715 3615
3 3514 5704 7204
3 3028 3025 5843
3 3261 4510 6084
3 2487 932 5445
3 2393 2392 2394
3 3969 2974 5845
3 2061 2063 3765
3 3247 3752 3753
3 428 5323 6886
3 3231 3230 3232
3 3923 2927 4186
3 3643 3630 3644
3 1992 6969 7026
3 1934 2459 5805
3 2544 2848 3104
3 3643 3644 4223
3 3079 3347 3348
3 1265 1312 1316
3 873 871 5788
3 3325 3324 6262
3 3163 3172 3552
3 3615 715 3616
3 2049 2033 5847
3 5858 3925 6060
3 3694 3455 3695
3 3542 3893 5995
3 3572 3570 5852
3 5258 1726 6126
3 2855 3691 4394
3 3981 1951 5860
3 3694 3695 3859
3 2987 1794 5805
3 3904 3773 4706
3 2513 3085 7106
3 2140 1942 5799
3 2729 2728 2730
3 1152 2200 5834
3 3023 3685 5843
3 4449 3602 5937
3 1643 1734 5942
3 3602 5711 5937
3 2614 2613 3050
3 4223 3644 4700
3 700 697 715
3 1724 1722 2323
3 1173 1237 5810
3 2731 2730 3159
3 2192 566 5861
3 4867 4866 7180
3 2853 4249 6214
3 62 63 451
3 1255 1243 5878
3 2060 2058 3362
3 2310 2309 5957
3 5962 1831 6061
3 3233 3232 3234
3 3631 3633 5824
3 4500 3882 4536
3 3104 3708 4287
3 3663 3665 6319
3 1137 1136 6357
3 5400 4165 7189
3 1743 2303 5820
3 1461 2003 5985
3 358 103 6471
3 6091 3959 6230
3 2678 2866 3129
3 2555 3076 3077
3 1012 1010 1171
3 2464 2847 2855
3 3077 3078 3079
3 1314 1266 6073
3 2428 2761 2923
3 2467 2515 2690
3 2536 2332 2759
3 4182 7012 7098
3 763 762 766
3 2551 819 5807
3 2508 2976 2977
3 1672 1673 5953
3 1965 2749 5734
3 547 548 549
3 1114 3593 5806
3 1642 1743 5820
3 3104 2848 3708
3 1786 1582 1804
3 6386 4778 6701
3 792 791 794
3 1725 1727 1729
3 3619 4146 4147
3 4672 3623 5994
3 2079 2082 6022
3 3398 3400 4156
3 3730 5136 6301
3 1733 1642 5820
3 380 326 6541
3 2572 2571 3092
3 2923 2761 2925
3 3464 2573 3737
3 4728 4730 5935
3 2278 1861 6347
3 1333 1763 5991
3 527 526 528
3 795 794 827
3 2337 2391 2392
3 4656 406 6692
3 2089 2360 5796
3 2880 4074 5872
3 3938 3937 6684
3 2544 2343 2848
3 2981 3110 3111
3 86 87 445
3 2394 2395 2396
3 710 2343 2544
3 1231 5846 6167
3 4448 3999 6973
3 6125 2027 6302
3 523 522 524
3 1699 1840 1845
3 561 560 562
3 1607 1606 1610
3 4290 3581 4291
3 3589 5987 7290
3 63 64 6086
3 2847 1845 5930
3 5132 2050 6141
3 1288 1345 5845
3 2918 2916 2919
3 2846 2845 3152
3 2220 2222 5867
3 149 150 397
3 2718 3219 3220
3 2264 2265 2589
3 2630 3604 5957
3 1263 1332 1364
3 1908 1910 2972
3 1287 1288 5845
3 3181 3778 5853
3 1819 1817 5981
3 5529 254 6289
3 2205 2204 2316
3 1331 1329 1486
3 3710 3612 3711
3 135 368 4177
3 1465 1643 6132
3 1938 2529 5850
3 529 528 530
3 1175 1014 2506
3 551 552 553
3 3804 3474 5800
3 2857 1557 5715
3 1958 1732 6014
3 5214 1212 6784
3 1927 1933 2206
3 3622 3944 5947
3 5050 1764 5218
3 2706 2197 5919
3 2103 1209 5446
3 3748 3288 4458
3 3716 2415 5901
3 549 550 551
3 3255 2616 4058
3 710 704 2343
3 4256 3713 4409
3 2085 2434 5859
3 6774 4666 7224
3 3131 2491 5632
3 3306 4507 4608
3 1976 1931 6016
3 1618 2194 5785
3 574 572 5816
3 1553 1687 1699
3 902 932 1564
3 3511 6152 6234
3 4574 3757 4575
3 4768 1827 6367
3 946 948 3617
3 2677 2351 7095
3 2895 2941 4125
3 1697 3907 5953
3 507 506 508
3 525 524 526
3 3932 3933 4263
3 2643 1759 5657
3 3979 3980 6264
3 857 855 5848
3 547 546 548
3 3161 3112 3879
3 2915 2800 4064
3 2550 1981 5809
3 5407 2301 6166
3 1202 1203 1277
3 5779 2137 6021
3 5369 5520 5940
3 3832 3172 4508
3 4319 2921 4561
3 2376 1857 5808
3 3778 2750 5899
3 1754 1639 5703
3 3476 3479 5800
3 1409 1432 1434
3 4766 4764 4917
3 2381 2321 2613
3 2162 4531 5963
3 1603 1602 1604
3 6230 3959 6319
3 3133 2781 3134
3 4654 4655 6953
3 3789 3787 3790
3 4287 5424 7228
3 23 24 392
3 2961 2480 6007
3 4014 3380 4390
3 4084 3081 4462
3 1205 1231 6167
3 701 700 5950
3 5627 5214 6611
3 2339 1620 5785
3 1398 1399 1400
3 6826 4654 7265
3 2143 5677 5840
3 2722 2431 6017
3 886 888 6015
3 1803 1801 2196
3 941 943 6012
3 3686 2945 3687
3 2881 2673 3864
3 255 470 6289
3 3705 3738 3739
3 4604 4599 4605
3 896 898 2245
3 5565 4954 7349
3 1364 1519 1553
3 405 4716 7127
3 5263 5262 6781
3 554 552 663
3 1166 1209 1211
3 5711 3178 5937
3 2974 1287 5845
3 2315 2837 5905
3 2354 2347 2803
3 3036 2523 3037
3 2977 3611 3612
3 3682 3681 5768
3 2646 2645 3052
3 704 701 5950
3 3453 3455 3694
3 1336 873 5788
3 3153 3152 5990
3 2303 1938 5850
3 2780 1988 6010
3 3855 4171 6380
3 2529 3771 5850
3 2497 2300 2498
3 359 90 3679
3 3407 3410 5015
3 3159 2730 3715
3 559 561 5775
3 3188 3071 6637
3 2790 2353 6024
3 5275 1632 6163
3 553 554 555
3 2224 1499 5964
3 564 641 5861
3 2078 2076 5875
3 1846 1845 2464
3 2728 2726 3319
3 3673 5361 6134
3 5813 2023 5831
3 987 986 1170
3 1664 1668 5682
3 27 377 6250
3 2977 2976 3611
3 2408 2411 5901
3 1758 1756 2326
3 3440 5040 5859
3 1686 1685 1947
3 1089 1091 5841
3 3199 2878 3277
3 3511 3508 6152
3 1959 2802 6092
3 3025 3023 5843
3 4183 2767 5905
3 4862 3884 6730
3 1697 1813 3907
3 4189 3879 4429
3 421 184 4710
3 3065 3270 3793
3 5326 3800 6895
3 2023 2019 5831
3 2558 2556 3824
3 548 546 2241
3 1487 1486 1685
3 3431 3429 5864
3 4272 3222 4273
3 1898 1674 2230
3 1443 1586 1637
3 3519 2841 3814
3 709 2691 5737
3 4595 4596 4597
3 5726 3777 5747
3 2621 2619 6038
3 2520 2605 3065
3 3036 3037 3605
3 3621 4432 4433
3 1810 1806 2101
3 4069 3756 6530
3 2966 4182 5823
3 1439 1440 1597
3 860 859 986
3 2767 2313 5905
3 2194 1616 5782
3 5464 1199 6698
3 570 568 5839
3 3040 2503 5847
3 1593 5720 5986
3 3522 5721 5959
3 3240 2661 6178
3 2430 2074 6034
3 1570 2858 2859
3 2745 803 5855
3 2412 5637 5838
3 5279 5280 6839
3 2198 1814 5921
3 2827 2825 3125
3 4260 3388 4261
3 1670 1672 1745
3 1185 1032 6138
3 3010 3767 3872
3 2817 3059 3311
3 2957 5006 7209
3 3589 3395 5987
3 2129 2130 2817
3 3605 4037 4152
3 2553 4410 4454
3 2017 2760 5831
3 511 510 512
3 2101 1806 5815
3 3163 3552 5856
3 2427 2316 6003
3 2527 3257 5978
3 3442 5604 6127
3 559 560 561
3 840 839 859
3 1277 1278 1431
3 695 692 2250
3 4154 3103 6378
3 3746 4411 4412
3 5386 5385 6593
3 4657 2736 4658
3 4212 4214 4486
3 557 558 559
3 1498 1499 1520
3 2843 2846 5973
3 3605 3037 4037
3 2360 3016 5796
3 3400 3401 6043
3 2243 2101 2486
3 3421 3420 4178
3 1825 2106 5851
3 3893 3895 6055
3 1661 1663 1704
3 2922 4158 5899
3 3882 3715 4692
3 555 556 557
3 4583 2092 7388
3 3702 4252 6003
3 3187 4415 6072
3 2532 5724 5976
3 5188 5187 6115
3 2525 3054 4047
3 4280 4278 4281
3 1472 1327 5630
3 4001 3181 5853
3 2434 3440 5859
3 3346 3052 4063
3 2968 4220 6067
3 2011 2238 2520
3 3848 3738 6565
3 3108 2583 6984
3 2623 2922 5899
3 4564 3822 4665
3 2833 2831 2939
3 1536 1545 2207
3 3365 2706 5919
3 2963 3230 3231
3 83 4883 7333
3 1542 1651 1830
3 4103 3035 6231
3 4191 4194 4218
3 2994 2995 2996
3 2199 635 5877
3 2999 3000 4120
3 2798 2486 2951
3 2996 2997 2999
3 1355 807 5926
3 1307 1308 1439
3 490 5738 5739
3 1069 1066 6412
3 4877 3537 6148
3 1316 1312 1484
3 4838 1644 7268
3 3247 3754 5867
3 2763 2764 2853
3 1857 1854 5808
3 4120 4121 6814
3 2853 2854 2994
3 1849 2325 2525
3 3265 2835 3266
3 4906 3742 6353
3 4206 4208 4216
3 2525 2812 3054
3 2692 3057 3058
3 2154 2146 5840
3 1520 1499 1522
3 3152 2845 3154
3 2253 1829 2254
3 533 535 6105
3 4099 4952 6876
3 4747 6596 7019
3 3559 5779 6021
3 5734 4023 6048
3 4131 4132 6305
3 684 682 1750
3 2978 5598 5977
3 5942 2443 6070
3 4117 4236 7172
3 1807 2346 5815
3 1564 2487 2511
3 4047 3054 4048
3 2589 2590 2971
3 28 29 5924
3 1365 1366 5819
3 4940 4941 6156
3 3352 3351 3842
3 3119 3260 4079
3 1439 1597 1599
3 4126 3790 4840
3 2511 2886 3304
3 1351 1354 6028
3 1044 1208 6121
3 1731 2762 2763
3 2678 3129 3674
3 2503 2049 5847
3 5598 3948 5977
3 2802 3660 4568
3 4252 3704 4253
3 2007 3019 3020
3 544 542 729
3 3573 5270 7323
3 5799 1352 6028
3 4198 4200 4217
3 1400 1401 6020
3 3633 3645 5824
3 1774 1609 6062
3 2421 2413 5838
3 3516 3073 4299
3 1091 1328 5841
3 1196 1268 6496
3 1905 2521 6169
3 3631 5824 5891
3 3617 4397 5114
3 457 5996 5997
3 3122 3930 5994
3 290 458 6285
3 2976 2978 5977
3 5651 2532 5976
3 106 400 5752
3 1113 2340 6486
3 1034 2191 6138
3 5694 1593 5986
3 1557 1558 5715
3 4539 4541 4543
3 3837 3836 4036
3 1305 1307 2249
3 5465 483 7370
3 2889 4327 4328
3 3964 3965 4354
3 2309 2307 2311
3 3305 3304 3786
3 2324 1825 5851
3 749 743 1783
3 2483 2709 6081
3 2206 2554 2555
3 2948 4101 6119
3 3535 5651 5976
3 635 631 5877
3 566 564 5861
3 3350 3349 3351
3 4354 3965 4455
3 1908 2972 5991
3 3987 3983 6162
3 2067 1819 5981
3 5868 2987 6174
3 1211 2103 2552
3 2333 2655 2911
3 2801 2800 2915
3 3699 960 6161
3 5479 6639 6732
3 855 2195 5848
3 2520 3065 3456
3 4055 177 7069
3 1497 3120 5964
3 1960 2950 5857
3 1477 1475 1746
3 2951 3707 4238
3 3159 3715 3882
3 2930 2310 5957
3 4027 6194 6357
3 2871 2873 3733
3 2887 3721 5904
3 5721 2874 5959
3 5506 3569 6056
3 705 710 5866
3 1305 1306 1307
3 27 28 377
3 4038 5847 6125
3 2794 2552 3073
3 432 115 5760
3 1496 1497 1498
3 3163 3009 3172
3 116 481 5760
3 1008 987 6343
3 481 117 5761
3 3939 2550 5809
3 1321 1435 1437
3 118 376 5761
3 5564 5565 7349
3 3257 2792 5973
3 2840 3731 3732
3 827 794 1680
3 5007 461 7214
3 2413 2412 5838
3 726 720 1495
3 482 121 5762
3 2885 2710 5828
3 5018 5017 6518
3 3766 3154 4068
3 122 417 5762
3 5623 5694 5986
3 4118 3737 4631
3 3117 3727 3964
3 3964 3727 3965
3 1862 1860 6048
3 1612 1806 1810
3 1498 1497 1499
3 553 552 554
3 5845 1345 6132
3 4936 4937 6778
3 1352 1351 6028
3 690 688 826
3 2279 2607 6072
3 2630 2713 3117
3 5242 1129 6185
3 2799 2798 2800
3 2546 2887 5904
3 4051 2507 5890
3 1438 1255 5878
3 4027 3906 6194
3 5295 5301 6742
3 4112 5221 7341
3 2309 2311 2630
3 3899 3901 6102
3 3506 5686 6152
3 3958 3572 5852
3 3014 3868 6268
3 1732 1731 6014
3 2688 3192 5890
3 2879 3158 3256
3 4598 4601 4602
3 3675 2482 3676
3 2106 2547 5851
3 1303 1304 1305
3 3732 3809 4029
3 4176 4175 5579
3 5977 3948 6176
3 3124 2114 5978
3 480 105 5752
3 2555 2818 3076
3 969 970 6244
3 2707 2078 5875
3 3644 3630 5891
3 2327 2326 2840
3 3666 2707 5875
3 1690 1961 1962
3 551 550 552
3 2710 2757 5828
3 3233 3234 3741
3 1961 1960 5857
3 5058 4847 6958
3 726 1495 1496
3 2498 5441 7226
3 1243 1161 5879
3 3348 3347 3349
3 1201 2758 5879
3 4374 3678 6243
3 619 617 5883
3 3858 3741 4175
3 2843 2842 2844
3 1161 1201 5879
3 1669 1667 6104
3 1586 1740 5885
3 3117 2713 3727
3 3886 6135 6279
3 549 548 550
3 3411 3413 6884
3 1749 1849 1850
3 5817 4559 6723
3 4412 4413 4422
3 1801 1682 5887
3 5796 4021 6111
3 4349 4347 4405
3 766 762 3698
3 1840 2746 5930
3 1784 2304 2305
3 34 35 488
3 3674 3129 4170
3 1481 1479 2262
3 2630 2311 2713
3 4274 4273 4275
3 602 604 6195
3 4194 4196 5967
3 140 141 483
3 3231 3232 3233
3 540 538 2239
3 1745 2189 2251
3 3766 4068 4469
3 2792 2791 2842
3 5853 5353 7063
3 3184 2900 6107
3 721 726 5870
3 617 2220 5883
3 1099 1101 6137
3 2758 1245 5894
3 3479 3670 5800
3 3450 5679 6011
3 1301 1302 1303
3 4631 1411 7197
3 615 618 5889
3 749 1783 1784
3 4664 4661 6410
3 490 13 5738
3 1245 1416 5894
3 1731 1006 2762
3 2076 5308 5875
3 180 363 4523
3 807 805 5926
3 612 615 5889
3 1004 857 5848
3 2527 2526 2791
3 1981 2957 5809
3 3152 3154 3766
3 2251 2542 2784
3 2915 4064 4065
3 2332 1770 2333
3 3112 2592 3113
3 2785 2784 2927
3 1598 2513 6087
3 1865 1862 6048
3 559 558 560
3 2668 2666 5900
3 3091 2927 3923
3 5074 1405 6823
3 3427 3425 5922
3 4276 4275 4277
3 283 284 6076
3 3187 3278 4415
3 1769 1680 1770
3 2802 1958 3660
3 2422 2688 5890
3 3561 3559 6021
3 55 56 372
3 2305 2304 2678
3 631 633 5877
3 3836 3678 3919
3 3862 3861 5337
3 3677 3676 3678
3 1831 5391 6085
3 1491 1489 1831
3 623 621 5881
3 2547 2546 5904
3 1979 1977 5928
3 3923 4186 5243
3 1962 1961 2113
3 1695 4700 7206
3 1301 1303 1707
3 3079 3078 3347
3 2345 1099 6137
3 4372 4425 5916
3 2651 5515 6186
3 1259 1298 1299
3 3077 3076 3078
3 3186 3308 5946
3 5917 2698 6880
3 5861 6863 6991
3 2638 2013 6173
3 2507 2422 5890
3 3969 5845 6132
3 1299 1300 1301
3 1704 3087 3861
3 2214 3654 6039
3 1947 1685 1948
3 4076 2848 6209
3 6420 491 6789
3 2591 2274 2592
3 1784 1783 2304
3 4120 3000 4121
3 1416 1525 5894
3 2203 6354 6435
3 2837 2335 5965
3 1599 1739 1799
3 557 556 558
3 972 1984 6598
3 707 705 5866
3 555 554 556
3 7028 4084 7144
3 144 145 4222
3 2114 2113 2526
3 1769 1770 2332
3 3012 1365 3792
3 2996 2995 2997
3 2983 3669 3865
3 2750 2623 5899
3 2843 2844 2845
3 1496 1495 1497
3 2999 2997 3000
3 2209 2210 2387
3 879 877 6069
3 6099 4503 6874
3 723 721 5870
3 4031 3928 6907
3 3286 3288 3748
3 1962 3124 6025
3 1799 2011 2277
3 2337 2393 5965
3 2994 2854 2995
3 3792 1365 5819
3 6203 4343 6245
3 3499 3498 6488
3 2388 5222 6352
3 5958 5175 6298
3 827 1680 1769
3 391 4599 4603
3 3805 3860 6534
3 5976 5724 6148
3 2792 2842 2843
3 4273 3222 6024
3 1485 1484 1681
3 1860 5734 6048
3 4425 4428 5916
3 3280 3282 4155
3 403 19 4725
3 634 619 5883
3 2853 2764 2854
3 1329 1258 1330
3 2527 2791 2792
3 5426 1200 6439
3 3071 2928 6930
3 1711 1710 1712
3 814 799 5895
3 2626 3074 3805
3 3838 4625 4775
3 2273 1948 2274
3 2346 1809 6112
3 766 3698 4145
3 3550 5766 6772
3 2778 2731 5913
3 606 608 5888
3 3226 5858 6060
3 1168 5531 6091
3 1810 2101 2243
3 4187 3673 6134
3 2243 2486 2798
3 5678 2175 6770
3 2114 2526 2527
3 805 2745 5926
3 1813 1698 6298
3 1170 986 1191
3 182 183 5952
3 6349 1484 6372
3 2313 2315 5905
3 1309 1293 5918
3 3444 3442 6127
3 3020 3021 3745
3 3355 3890 6170
3 3995 3993 6669
3 3709 3712 6390
3 3125 2825 6034
3 443 139 5465
3 2222 3247 5867
3 3989 3987 6306
3 6912 4937 6956
3 2129 2817 3185
3 4706 3773 4708
3 2591 2592 3112
3 3052 2645 4009
3 797 795 5906
3 5686 5500 6152
3 5878 1243 5879
3 1693 5796 6111
3 288 289 6330
3 3611 5977 6176
3 6059 7329 7362
3 4658 2736 6038
3 2946 2684 3651
3 4373 4372 5916
3 2343 704 5950
3 4462 3081 6017
3 3864 2673 6016
3 2763 2762 2764
3 536 534 750
3 1394 1395 6039
3 3353 4094 4644
3 4190 6696 6716
3 2045 5478 7289
3 5213 3385 6652
3 1962 2113 2114
3 57 58 6187
3 4386 3610 6093
3 4178 3420 4266
3 1683 3966 5921
3 913 911 1563
3 5222 4496 6643
3 2025 2034 6302
3 2207 2208 2209
3 6084 442 7385
3 3687 2945 3889
3 3498 5808 6267
3 2005 2236 6094
3 2684 1987 6092
3 3922 1774 6062
3 2273 2274 2591
3 999 606 5888
3 2189 1672 5953
3 1987 1959 6092
3 3574 3575 4190
3 3677 3678 3836
3 141 142 5933
3 4288 4029 6057
3 2334 2314 6197
3 1101 1146 6137
3 148 149 497
3 844 971 6108
3 747 744 5912
3 3991 3989 6455
3 825 2551 6139
3 5962 6061 6322
3 1398 1400 2214
3 4151 3153 5990
3 1599 1597 1739
3 1422 1424 1761
3 3976 2427 6003
3 1257 1219 1258
3 1826 1648 6265
3 4286 3431 5864
3 1947 1948 2273
3 327 5233 6541
3 2201 623 5881
3 4024 6021 6165
3 2195 851 6108
3 744 749 5912
3 851 844 6108
3 5277 3719 6124
3 143 144 5945
3 4670 6262 6350
3 3675 3676 3677
3 2322 1774 3922
3 1218 1191 1219
3 5320 2534 6365
3 919 917 1189
3 1601 1600 1602
3 532 530 2247
3 391 4594 4599
3 5433 3368 6213
3 1501 1493 2263
3 1257 1258 1329
3 421 7229 7283
3 2644 5740 6035
3 5741 3525 6165
3 1722 1718 6221
3 3552 3172 3832
3 1974 2383 5980
3 1786 1804 5865
3 1799 1739 2011
3 2731 3159 5913
3 1341 1339 5934
3 1417 1556 5849
3 2219 612 5889
3 958 960 985
3 1848 1786 5865
3 2991 3797 3798
3 1198 1259 1267
3 2691 707 5866
3 621 634 5881
3 4096 4244 4404
3 3204 3051 6146
3 2998 2995 6029
3 645 1168 6091
3 3954 3956 6346
3 1015 1184 1198
3 1005 858 6673
3 925 923 927
3 1845 1840 5930
3 1170 1191 1218
3 985 988 1015
3 1682 1681 1936
3 1395 1398 6039
3 3997 3995 6749
3 1190 1040 6206
3 1450 1448 6120
3 795 827 5906
3 1956 2482 3675
3 714 712 5923
3 314 315 6403
3 1218 1219 1257
3 765 763 5925
3 3239 3874 5927
3 52 53 450
3 608 2219 5888
3 1150 6412 6433
3 958 934 960
3 7092 1528 7182
3 5707 5868 6174
3 2879 3256 3652
3 338 420 6609
3 505 503 1600
3 3660 6014 6214
3 6935 4910 7141
3 2112 723 5870
3 783 771 5931
3 3705 3739 4044
3 2316 2204 3701
3 971 838 6139
3 394 5007 6198
3 2091 533 6105
3 3934 3238 5927
3 1507 1505 1833
3 2393 2394 6257
3 3727 6463 6558
3 5264 5265 6781
3 2957 1979 5928
3 3269 4305 6928
3 646 645 6091
3 1526 1524 6111
3 1426 1428 2270
3 763 766 5925
3 2216 2217 2218
3 3238 3239 5927
3 3137 2885 3932
3 2238 1739 6066
3 2218 2248 2347
3 3687 3889 4251
3 859 839 3700
3 930 928 2510
3 1418 1527 6241
3 2950 3682 5857
3 6411 373 6586
3 1188 4583 7388
3 1997 1633 6145
3 2347 2248 2795
3 2218 2217 2248
3 4950 6995 7219
3 759 753 5932
3 3961 3351 6242
3 2645 1949 6064
3 1198 1184 1259
3 2216 2215 2217
3 2171 1999 6098
3 4339 4293 7293
3 1298 1184 6033
3 501 499 3173
3 3574 4190 4192
3 142 143 369
3 1809 1812 6112
3 1570 1557 2857
3 138 443 6438
3 2214 2215 2216
3 1313 1315 6136
3 2858 2857 2870
3 3111 3927 4962
3 1015 988 1184
3 3383 5856 6590
3 1401 1405 6020
3 2214 1400 2215
3 3614 6087 6683
3 1834 5514 6477
3 4178 4266 4838
3 743 741 6023
3 3099 4739 6937
3 3386 5526 6212
3 1812 1956 6112
3 5807 3534 6089
3 4210 5331 6303
3 2401 2420 6498
3 3660 1958 6014
3 1234 1263 5983
3 3429 3803 5864
3 2718 3517 5980
3 2660 3714 6284
3 2488 5777 6833
3 4044 3739 4052
3 1949 1947 6064
3 4820 6498 6582
3 1042 1044 6121
3 2629 2628 3034
3 3895 4320 6460
3 1901 1902 1903
3 985 960 988
3 2496 2834 6191
3 5653 1884 6158
3 2148 2154 6157
3 5623 5986 6183
3 712 5737 5923
3 5335 1641 6889
3 1552 1550 1968
3 1315 1358 6136
3 4543 4544 5746
3 1579 1748 1749
3 1713 1712 1714
3 3423 3421 5943
3 3757 2961 6007
3 5860 2109 6162
3 700 3615 5950
3 4852 3374 6131
3 3918 2969 4358
3 2482 2483 6081
3 4918 2262 6494
3 1799 2277 5882
3 1280 4836 7260
3 3652 3653 4015
3 153 154 411
3 203 455 6608
3 340 341 6493
3 2761 2067 5981
3 1446 1444 5948
3 2264 2589 2740
3 3669 2479 6118
3 3241 3243 5970
3 4660 4663 6539
3 3012 3792 4618
3 735 731 6168
3 3298 3034 3974
3 1204 1205 6167
3 379 4769 6762
3 5165 3019 6951
3 3412 3409 5668
3 5658 2457 7203
3 931 993 6668
3 6200 4283 6278
3 3113 2592 5911
3 2709 2885 3137
3 6686 3964 6902
3 1526 6111 6265
3 1610 1797 2232
3 2757 3002 5828
3 2390 2433 2878
3 4525 363 6805
3 838 825 6139
3 1524 1693 6111
3 26 27 6250
3 2666 2949 5900
3 4177 368 4331
3 2220 5867 5883
3 2316 3701 3702
3 4015 3653 4016
3 1547 5790 6253
3 2209 2387 2388
3 2033 2029 6125
3 898 902 5993
3 2302 814 5895
3 1749 1748 1849
3 5483 6451 7360
3 4998 4999 6271
3 3785 3519 5998
3 1579 1578 1748
3 1032 1034 6138
3 14 410 5738
3 6407 3935 6483
3 1549 1578 1579
3 3001 2938 6943
3 688 686 6047
3 410 15 5984
3 375 4505 4506
3 5296 5298 6140
3 988 3699 6033
3 4665 6263 6398
3 3580 3943 6171
3 3380 2668 5900
3 3075 3195 3196
3 943 946 6012
3 3652 3256 3653
3 2921 2918 6001
3 385 51 6878
3 6549 1254 6649
3 3737 5944 6293
3 5919 3979 6264
3 3243 4006 5970
3 4645 1194 6775
3 1804 2301 2807
3 2746 3619 5930
3 2854 3794 6029
3 2807 2808 3573
3 2309 2630 5957
3 3003 3004 6318
3 516 514 2268
3 4316 4317 6989
3 1293 1441 5918
3 2653 2651 6186
3 888 896 6015
3 1804 1582 2301
3 2385 2150 6157
3 3072 2923 5961
3 3874 3241 5970
3 3206 3186 5946
3 4124 5715 6228
3 493 125 6225
3 1853 1850 6053
3 5593 6632 6724
3 3704 3703 3705
3 2388 2389 2390
3 5017 5019 6518
3 799 2163 5895
3 1382 1384 5971
3 2372 2910 4241
3 1815 2095 6246
3 4349 4405 7310
3 4345 5438 6260
3 2878 2433 2879
3 994 1166 6008
3 3691 2847 6255
3 3702 3701 3703
3 34 488 4620
3 1924 1927 6133
3 595 592 6027
3 3780 3903 6450
3 3123 6513 7223
3 2493 2261 2601
3 1984 5599 6342
3 1078 5684 6922
3 2240 747 5912
3 3610 3608 6154
3 1549 1548 1578
3 2390 2389 2433
3 926 929 6656
3 3581 2778 5913
3 1903 2007 6118
3 3308 4688 5946
3 1745 5708 6045
3 5558 4357 6864
3 1358 1365 3012
3 3472 3469 6236
3 4876 4878 6448
3 5456 4622 7166
3 2335 2337 5965
3 6334 3641 6440
3 2163 797 5906
3 2223 1309 5918
3 4535 3664 6218
3 3803 3427 5922
3 2150 2148 6157
3 3993 3991 6551
3 6021 2137 6165
3 2923 2925 5961
3 1632 1635 6163
3 4129 3863 4453
3 718 714 5923
3 5308 1186 6252
3 6141 2050 6142
3 2812 3398 5951
3 5680 1974 5980
3 2855 4395 6006
3 3857 6294 6580
3 2960 2963 6030
3 2192 5861 6991
3 7 8 439
3 6028 1354 6241
3 3702 3703 3704
3 3731 2326 6042
3 421 4710 7229
3 1564 5728 5993
3 2245 5993 6371
3 3611 2976 5977
3 528 526 751
3 2542 2189 6063
3 1884 5709 6158
3 3416 3414 5982
3 3152 3766 5990
3 1730 1905 6169
3 661 649 6230
3 4086 5047 6720
3 3054 2812 5951
3 4670 3596 6262
3 5723 4515 7315
3 3128 3084 4033
3 3421 4178 5943
3 1597 1598 6066
3 2013 1803 6173
3 5582 2267 6294
3 1781 1611 1782
3 5893 2231 6245
3 6008 4072 6244
3 3425 4020 5922
3 2983 3865 3866
3 4990 422 6447
3 430 282 6429
3 1389 1391 5979
3 1715 1714 1716
3 3213 3556 4123
3 3471 3804 6236
3 1719 1718 1720
3 3974 3034 3975
3 5847 2033 6125
3 4862 5886 6345
3 4603 4599 4604
3 4179 5545 7266
3 1699 1846 6013
3 4041 6246 6284
3 6534 436 6846
3 1717 1716 1718
3 2383 2718 5980
3 3596 3328 6262
3 753 2240 5932
3 3209 3211 3914
3 6081 3137 6243
3 3728 1553 6013
3 3573 2808 3574
3 6152 5500 6234
3 4419 3072 5961
3 4627 6930 7041
3 2571 1848 5865
3 1547 1431 1548
3 3069 765 5925
3 1364 3728 5983
3 1499 1497 5964
3 3841 4368 6635
3 5648 1234 5983
3 4030 3796 6256
3 2063 2065 5972
3 1366 1455 5819
3 6836 4867 7049
3 2807 2301 2808
3 2829 2827 6160
3 1740 2226 5885
3 2388 2387 2389
3 1756 1754 6042
3 3948 2070 6176
3 1556 1341 5934
3 4317 5371 6989
3 588 1362 6026
3 3981 5860 6162
3 1170 3487 6343
3 3628 3643 6002
3 4066 3543 6037
3 1339 5273 5934
3 2561 2399 6498
3 2919 2916 6059
3 515 517 6128
3 5225 2562 6736
3 5448 1028 6399
3 2521 2578 2942
3 2871 2870 2872
3 771 3069 5931
3 1668 1670 6045
3 3508 3506 6152
3 5626 2960 6030
3 4230 4231 6971
3 6014 2763 6214
3 3543 3976 6037
3 7 439 6310
3 2191 5751 6117
3 4624 4623 4747
3 1853 6053 6267
3 1674 1520 6100
3 2591 3161 6295
3 1547 1548 1549
3 2100 5443 7155
3 581 582 6208
3 2372 1782 2373
3 1211 2794 6008
3 7130 4406 7188
3 6093 3610 6154
3 2198 5921 6178
3 3626 3628 6002
3 1723 5902 6144
3 1448 1780 6120
3 4418 4087 6934
3 2204 1450 6120
3 25 468 5876
3 2781 2464 6006
3 4009 2645 6064
3 3641 3626 6002
3 762 759 5932
3 4742 5090 7219
3 791 783 5931
3 3338 3336 6131
3 1704 3862 6051
3 2709 3137 6081
3 2582 2584 3043
3 5550 101 6314
3 3394 3852 6575
3 3173 4514 6192
3 1428 1443 6079
3 3805 6534 6813
3 4271 4272 6499
3 3824 2556 6397
3 3053 2748 6514
3 592 590 6027
3 3306 4608 6050
3 5893 6245 6311
3 1659 1661 6051
3 4528 4432 6526
3 1522 5909 6100
3 1602 1600 6046
3 5523 6748 6949
3 3266 5441 7129
3 1006 879 6069
3 2244 4714 6715
3 3134 2781 6006
3 6142 2050 6548
3 1923 6133 6391
3 2916 2915 6059
3 4325 3061 6277
3 520 518 756
3 821 2302 6159
3 4796 470 6924
3 2551 5807 6089
3 989 968 6594
3 3745 3746 6211
3 590 588 6026
3 2206 5744 6133
3 4944 4949 6156
3 5940 3971 6258
3 1345 1465 6132
3 1603 1604 1605
3 3304 3306 6050
3 4020 3423 5943
3 3733 2873 3734
3 5846 5414 6167
3 4631 3737 6293
3 504 505 506
3 3590 3355 6170
3 2228 2467 5992
3 5019 2990 6518
3 5820 5246 6820
3 1000 996 6270
3 4189 6493 7021
3 823 821 6159
3 6790 5198 7210
3 1520 1522 6100
3 6307 3780 6450
3 5688 2404 6193
3 2096 500 6110
3 2701 2703 2882
3 5695 1897 6196
3 2792 2843 5973
3 754 755 6409
3 969 6244 6475
3 2164 2629 6099
3 1468 808 6544
3 125 126 6225
3 1570 2857 2858
3 2355 2356 6389
3 3041 3729 6164
3 6066 1598 6087
3 650 652 6181
3 4941 4944 6156
3 3999 6862 6973
3 2981 3111 3759
3 1731 2763 6014
3 3773 2171 6098
3 5921 3966 6178
3 3732 4288 6065
3 2586 2588 3680
3 2114 2527 5978
3 3347 4148 6054
3 2236 3353 6094
3 2300 2060 6036
3 2521 2942 6169
3 5955 5130 6567
3 2269 1824 6384
3 2464 2855 6006
3 5074 4010 6921
3 3417 3412 5668
3 2246 1681 6349
3 2628 2479 2983
3 741 735 6168
3 812 818 6604
3 4390 3380 5900
3 2255 2254 2256
3 4596 451 6086
3 4470 3444 6127
3 1865 6048 6288
3 4849 3902 6802
3 1457 1557 1570
3 5709 3876 6158
3 3676 6081 6243
3 4186 2927 6077
3 1682 1936 5887
3 4621 4623 4624
3 3980 3982 6135
3 5373 2696 6957
3 1577 1460 5969
3 4305 6853 6928
3 3414 3417 5982
3 2844 4139 6000
3 1263 1364 5983
3 3296 4957 7014
3 5724 3689 6148
3 3814 2841 6065
3 133 442 7053
3 392 24 5876
3 4023 5624 6288
3 524 522 2266
3 488 35 6449
3 5384 5852 6766
3 3525 4106 6316
3 2918 2919 6001
3 3051 3050 6146
3 5483 578 6451
3 3651 2684 6092
3 2439 5542 6514
3 1146 1202 3693
3 1489 1481 6061
3 2215 1400 6020
3 5237 3258 6554
3 3388 3386 6212
3 3697 4239 6468
3 1222 1311 6177
3 2404 2402 6193
3 715 697 6068
3 3037 6522 6699
3 4591 4590 6593
3 1553 1699 6013
3 2841 2840 6065
3 3365 5919 6264
3 6231 3977 6268
3 563 610 6557
3 3010 3872 6077
3 6452 1645 6585
3 1558 1589 5715
3 1601 1603 2856
3 4521 3277 6387
3 5937 3760 6232
3 2307 2305 6009
3 3050 3928 4031
3 3553 5731 6172
3 1901 1903 2164
3 451 63 6086
3 6061 2262 6322
3 20 21 452
3 4038 6125 6302
3 3368 3621 6213
3 902 1564 5993
3 6234 5498 6292
3 2896 3818 6472
3 5731 2104 6172
3 4504 4668 5476
3 3098 3668 6828
3 4575 3757 6007
3 1398 2214 6039
3 1810 5160 6312
3 1850 1849 6053
3 2230 1674 6100
3 4296 6363 6692
3 1783 743 6023
3 1444 5425 5948
3 1384 1474 5971
3 3784 3785 6469
3 3336 4002 6131
3 5875 5308 6252
3 3967 6697 6831
3 1605 1606 1607
3 5571 5569 6719
3 2784 3010 6077
3 1028 1030 6399
3 2858 2870 2871
3 1637 1586 5885
3 5111 2371 6261
3 2316 3702 6003
3 2865 5597 6603
3 1570 2859 6216
3 1018 777 6459
3 2534 2298 6365
3 1391 1394 5979
3 3165 5378 6511
3 1780 1446 5948
3 3154 2845 6000
3 981 849 6439
3 6298 5175 6469
3 4218 4194 5967
3 510 508 834
3 4561 2921 6001
3 4141 6011 6661
3 2525 4047 6053
3 3519 3814 5998
3 1166 1211 6008
3 2245 898 5993
3 3420 3416 5982
3 4303 4302 6681
3 1277 1431 1547
3 5856 3552 6590
3 10 419 6095
3 2137 5741 6165
3 2164 1903 2479
3 826 688 6047
3 3103 6258 6378
3 946 3617 6012
3 3224 4441 6388
3 2164 2479 2628
3 375 4504 4505
3 2678 3674 6009
3 5517 1179 6653
3 1956 3675 6112
3 2948 4046 4101
3 2683 5623 6183
3 2007 3020 6118
3 839 823 6159
3 697 695 6068
3 2153 2377 6219
3 6194 1141 6357
3 5802 5872 6143
3 5692 1659 6051
3 5489 639 6362
3 3666 5875 6252
3 5666 5068 6888
3 3878 4370 6361
3 4619 6349 6372
3 2845 2844 6000
3 6158 3876 6239
3 6 7 6310
3 6111 4021 6265
3 5459 3359 6097
3 2995 2854 6029
3 896 2245 6015
3 381 258 6520
3 3004 6115 6318
3 2305 2678 6009
3 2675 3041 6277
3 3398 4156 5951
3 3309 3225 6388
3 502 503 504
3 4444 3747 7287
3 1927 2206 6133
3 5346 1143 6655
3 411 4130 6461
3 5440 5439 6624
3 542 540 6058
3 48 49 485
3 4398 3204 4399
3 4806 3907 6566
3 5865 3667 6204
3 4863 6032 7074
3 3983 3981 6162
3 1605 1607 1608
3 6773 4951 7034
3 3676 2482 6081
3 1724 2323 6126
3 3765 2063 5972
3 4064 2800 6075
3 1358 3012 6136
3 2232 2233 2234
3 2333 2911 6040
3 1241 1222 6177
3 2326 1756 6042
3 1897 5938 6196
3 692 690 6090
3 1042 6121 6206
3 1493 1491 6085
3 5944 1410 6293
3 3807 5513 6424
3 1803 2196 6173
3 2759 2332 6040
3 3738 3703 6408
3 5303 5448 6399
3 3517 3220 6189
3 695 2250 6068
3 5981 1817 6246
3 2811 2228 5992
3 2065 2811 5972
3 46 406 6259
3 3359 3838 6097
3 2951 4238 6075
3 1040 1042 6206
3 2196 1801 5887
3 1773 1774 2321
3 4134 4131 6654
3 3278 3280 6088
3 2963 3231 6030
3 4351 3259 6290
3 2060 3362 6036
3 1754 5703 6042
3 1900 1728 1901
3 686 684 6080
3 2873 2872 3174
3 2332 2333 6040
3 1670 1745 6045
3 4005 6028 6241
3 3715 2730 6082
3 1635 2129 6163
3 2683 6183 6231
3 4168 5629 6201
3 2827 3125 6160
3 3453 3694 6180
3 1727 1726 1728
3 324 325 6606
3 2250 692 6090
3 1601 1602 1603
3 509 511 6548
3 1014 1012 6044
3 5287 5855 6767
3 3012 4619 6136
3 2798 2951 6075
3 1600 503 6192
3 5478 6033 6722
3 4195 4193 6272
3 1554 848 6482
3 5538 5707 6174
3 3348 3350 6587
3 5409 4120 6814
3 1527 5392 6323
3 2311 2307 6009
3 5458 4674 7267
3 5202 6535 6697
3 3786 3304 6050
3 4268 3688 6446
3 5371 4720 6989
3 4232 4230 7003
3 2402 2409 6193
3 5177 3290 7131
3 3194 5713 6759
3 590 6026 6027
3 4343 4062 6245
3 3924 5328 6678
3 4173 3312 6470
3 3374 3338 6131
3 5682 1668 6045
3 1661 1704 6051
3 422 323 6447
3 3319 2726 6101
3 1591 1611 1781
3 2915 4065 6059
3 3794 2764 6335
3 5500 5499 6234
3 2728 3319 6082
3 1184 988 6033
3 332 333 6630
3 2231 5857 6203
3 4208 4210 6303
3 604 999 6195
3 2092 4585 6674
3 5841 1328 6180
3 2343 5950 6209
3 5128 4352 7235
3 2234 2647 2648
3 1947 2273 6064
3 1644 1530 7268
3 538 536 6083
3 5862 1141 6194
3 1328 3453 6180
3 2467 2690 5992
3 3050 2613 3928
3 5950 3615 6209
3 1146 3693 6137
3 4282 4283 6200
3 5254 1899 6903
3 1727 1728 1900
3 3536 4876 6448
3 6053 4047 6267
3 639 637 6362
3 1900 1901 6099
3 5998 3814 6122
3 4242 6845 7032
3 2902 2903 2967
3 684 1750 6080
3 65 373 6411
3 498 499 500
3 4568 4589 7212
3 3974 3975 6765
3 2513 7106 7247
3 1460 2852 5969
3 4041 5981 6246
3 2730 2728 6082
3 4105 6581 6646
3 304 305 6229
3 505 1600 1601
3 5539 6174 6210
3 4488 4793 6988
3 646 6091 6230
3 4332 3196 4333
3 3664 3590 6218
3 3698 762 5932
3 1739 1597 6066
3 3349 3347 6054
3 552 550 6400
3 2831 2829 6220
3 4347 4345 6260
3 1849 2525 6053
3 44 45 494
3 829 1554 6436
3 6263 3604 6398
3 4018 5695 6196
3 2635 3084 3128
3 4937 6177 6778
3 2661 2198 6178
3 1012 1171 6044
3 2328 2478 6313
3 4230 6971 7003
3 6491 2416 6573
3 5993 5728 6371
3 1253 1985 6898
3 2840 3732 6065
3 690 826 6090
3 5597 6437 6603
3 1443 1637 6079
3 2498 2300 6036
3 3469 3471 6236
3 2277 2011 6071
3 5551 4128 7038
3 2520 3456 6071
3 2762 1006 6069
3 500 501 502
3 6682 5717 6944
3 2773 2774 6258
3 534 532 6226
3 4399 3204 6146
3 4583 4303 7140
3 3075 3196 4332
3 3723 5671 6490
3 1608 1609 1773
3 1725 1726 1727
3 1362 586 6286
3 331 332 6843
3 5378 6201 6640
3 3682 5768 6106
3 4241 2910 4242
3 6451 5362 7360
3 5528 2348 7018
3 2371 5215 6261
3 3035 2683 6231
3 1268 1223 7011
3 2257 2256 2258
3 2066 5842 6321
3 1424 1426 6114
3 1439 1599 6109
3 3205 4398 6417
3 7025 1636 7105
3 2726 2223 6101
3 7055 3968 7060
3 2874 2286 6453
3 6412 4827 6433
3 3358 3357 6905
3 504 503 505
3 1160 1254 6549
3 2011 2520 6071
3 2800 2798 6075
3 5559 415 6993
3 2738 2739 7058
3 4049 5951 6223
3 2927 2784 6077
3 3464 5054 6909
3 3531 2653 6186
3 3590 6170 6218
3 576 2172 6451
3 3849 6467 7085
3 2871 2872 2873
3 3677 3837 6375
3 3637 3639 6413
3 905 901 6487
3 1481 2262 6061
3 1336 5053 6519
3 5974 1486 6202
3 1145 1043 6674
3 1725 1724 1726
3 112 113 6502
3 2212 558 6421
3 6107 4099 6876
3 6245 4062 6311
3 6141 3963 6967
3 3113 4666 7191
3 4924 4925 6426
3 1831 1489 6061
3 4228 5484 6739
3 885 2676 7378
3 1041 2092 6674
3 3353 4644 6094
3 1817 1815 6246
3 649 646 6230
3 4835 4832 7142
3 2724 3165 6511
3 3941 6404 6480
3 3849 3244 6467
3 2919 6059 7362
3 3988 4481 6383
3 3787 3786 6377
3 4963 3927 6695
3 5949 2207 6352
3 1486 1329 6202
3 4708 3773 6098
3 6069 5610 6335
3 3128 4034 4108
3 3189 4169 6513
3 3906 3586 6194
3 5872 4074 6143
3 1156 2168 7338
3 6048 4023 6288
3 6023 741 6168
3 1330 6025 6202
3 472 5523 6949
3 3876 4673 6239
3 4204 4206 6251
3 4337 3916 6744
3 3752 4452 6425
3 4639 137 6438
3 1305 2249 6129
3 212 213 6779
3 5116 2345 6395
3 5792 5517 6381
3 3616 3641 6334
3 2889 4328 6222
3 2249 1307 6109
3 970 994 6244
3 3700 839 6159
3 1710 1577 5969
3 2939 2831 6220
3 2847 5930 6255
3 101 102 6314
3 3074 2627 3075
3 6047 686 6080
3 6165 3525 6316
3 4060 3986 6383
3 1936 2264 6078
3 6046 1600 6192
3 4266 3420 5982
3 2774 5940 6258
3 2911 2655 6222
3 6316 4106 6382
3 2615 6538 7141
3 4949 4946 6329
3 2129 3185 6163
3 720 718 6123
3 10 11 419
3 5021 699 6466
3 584 581 6208
3 3057 3835 6249
3 3701 2204 6120
3 1145 7130 7188
3 1680 794 6130
3 3328 3325 6262
3 5913 4500 6248
3 4310 4226 7023
3 1781 1782 2372
3 2655 2889 6222
3 5154 5573 6207
3 2524 4042 6903
3 4633 3130 7137
3 1491 1831 6085
3 1495 720 6123
3 4705 2166 7204
3 5480 3820 6276
3 2372 2373 2910
3 1329 1330 6202
3 5399 5802 6143
3 5495 6706 7169
3 6288 5624 6358
3 793 1373 6317
3 729 542 6058
3 3977 3014 6268
3 6531 386 7034
3 6241 1527 6323
3 3819 2897 7113
3 1607 1610 6254
3 18 403 6536
3 1832 7159 7218
3 2506 1014 6044
3 3128 4108 6205
3 5434 5435 6911
3 4923 4921 6929
3 2783 3936 6525
3 5125 1420 6788
3 2323 1722 6221
3 641 5241 6863
3 3991 6455 6551
3 39 40 409
3 3809 3731 6428
3 411 3863 4129
3 283 6076 6429
3 3303 2723 7357
3 2884 2883 6572
3 3935 4250 6247
3 377 28 5924
3 2012 2539 6282
3 1307 1439 6109
3 2479 1903 6118
3 2264 2740 6078
3 6009 3674 6324
3 5282 5281 6974
3 4105 3807 6581
3 2449 2451 6273
3 3058 3057 6249
3 2234 2648 2901
3 4589 3651 7212
3 500 499 501
3 4904 4899 6351
3 4665 3822 6263
3 4820 3753 6425
3 556 554 6237
3 429 6287 7000
3 6128 517 6474
3 850 854 6931
3 3838 4775 6097
3 5442 3920 6780
3 3987 6162 6306
3 5930 3619 6255
3 1354 1418 6241
3 917 915 6224
3 5335 5332 6818
3 3404 3406 4615
3 3995 6669 6749
3 3805 3074 3860
3 4446 370 7302
3 518 516 6113
3 4259 4090 7289
3 794 791 6130
3 1714 1712 2465
3 4206 4216 6251
3 259 260 6269
3 1189 4803 6798
3 2881 3864 6281
3 1723 1724 1725
3 2848 2343 6209
3 3351 3349 6242
3 3746 4412 6211
3 3620 4387 6283
3 3123 2716 6513
3 1367 1516 6791
3 1721 6144 6333
3 6326 5035 6803
3 148 497 5821
3 3796 4135 6256
3 2263 1493 6085
3 1720 1722 1723
3 48 485 4296
3 1707 1303 6129
3 2314 5813 6197
3 3324 5347 6350
3 2259 2258 2260
3 2231 6203 6245
3 4415 3278 6088
3 1723 1722 1724
3 4024 6165 6316
3 2345 6137 6395
3 5254 4170 7282
3 4613 4285 7239
3 5535 5533 7149
3 170 171 456
3 502 501 503
3 6509 4152 6641
3 2394 2397 6257
3 2223 5918 6101
3 2207 2209 6352
3 5902 5903 6600
3 2311 6009 6324
3 511 513 6797
3 6595 3858 6708
3 3280 4155 6088
3 3288 3383 6590
3 540 2239 6058
3 2902 2967 2968
3 5583 5582 6294
3 376 119 6414
3 120 482 6414
3 52 450 6878
3 465 329 7059
3 4268 6446 7211
3 5392 4134 6545
3 1191 986 6147
3 2816 3157 6296
3 439 8 4563
3 2647 2991 6074
3 1268 6348 6496
3 56 57 6280
3 3711 3612 6315
3 4536 3882 6309
3 6106 4343 6203
3 411 154 3863
3 3996 3998 6543
3 5016 872 7167
3 4522 3965 6558
3 3621 4433 6213
3 1720 1718 1722
3 3467 3472 6467
3 289 290 6285
3 3806 3184 6275
3 4408 5719 6448
3 5857 3682 6203
3 4261 3388 6212
3 2270 1428 6079
3 5805 5712 6210
3 3814 6065 6338
3 4154 6378 6491
3 6036 3362 7320
3 4932 3767 6434
3 1303 1305 6129
3 2322 3922 6240
3 3586 5862 6194
3 2239 538 6083
3 3593 4660 6539
3 1140 1087 6983
3 50 385 6672
3 4434 4071 6527
3 2763 2853 6214
3 530 528 6151
3 5246 4007 6869
3 4619 4618 6478
3 856 1005 6946
3 5887 1936 6078
3 1267 5047 6698
3 2930 5957 6263
3 1698 2473 6298
3 2829 6160 6220
3 934 930 6161
3 2901 2648 2902
3 3211 3213 6150
3 2321 1774 2322
3 4009 6064 6295
3 3909 3894 6552
3 360 7023 7057
3 3410 3750 5015
3 986 859 6147
3 1189 917 6224
3 254 255 6289
3 3061 2675 6277
3 1313 6136 6372
3 4662 5749 6462
3 750 534 6226
3 2968 2969 3917
3 1608 1607 1609
3 2152 2385 6445
3 2226 1844 6386
3 532 2247 6226
3 5424 2069 7228
3 2987 5805 6210
3 1105 1103 6579
3 1802 2012 6646
3 994 6008 6244
3 2626 2627 3074
3 483 141 5933
3 1002 1194 6584
3 4132 4591 6305
3 4352 3158 7235
3 859 3700 6147
3 977 975 6553
3 3711 6315 6559
3 5775 561 6557
3 500 502 6110
3 3820 5097 6276
3 554 663 6237
3 2584 2586 6175
3 522 520 6153
3 3613 2881 6281
3 1761 1424 6114
3 1773 1609 1774
3 3648 2810 3650
3 6487 901 7030
3 1248 1000 6270
3 1648 1526 6265
3 3284 5010 7072
3 5390 2097 7004
3 960 934 6161
3 5268 5844 6591
3 3947 5287 6818
3 718 5923 6123
3 3050 4031 6146
3 1360 5263 6308
3 6135 3985 6279
3 536 750 6083
3 2473 5958 6298
3 3581 5913 6248
3 2478 2155 6445
3 6502 113 7007
3 4291 3581 6248
3 2947 3109 6561
3 2027 2025 6302
3 4076 6334 6440
3 144 4222 5945
3 3959 3663 6319
3 4985 4986 6336
3 5231 6197 6291
3 5569 3819 6719
3 4030 6983 7067
3 5120 3684 7263
3 1582 1552 6166
3 6064 2273 6295
3 4825 6238 6964
3 6318 5187 6433
3 2626 2558 2627
3 2972 1910 6369
3 4496 4495 7366
3 5187 1150 6433
3 4600 6086 6411
3 3619 4147 6255
3 1901 2164 6099
3 392 4893 6980
3 6670 4265 7126
3 3822 2930 6263
3 6038 3801 6300
3 1939 2711 6801
3 3873 3511 6292
3 4449 5937 6232
3 791 5931 6130
3 4062 4061 6311
3 3228 3717 6583
3 4567 360 7057
3 1615 1991 7268
3 2398 5955 6567
3 2588 2701 6179
3 1122 1124 6320
3 1612 1810 6312
3 6162 2109 6306
3 5599 4965 6342
3 1426 2270 6114
3 3886 3365 6264
3 6346 4474 6436
3 397 150 4323
3 3917 3918 4607
3 3808 4294 6629
3 3682 6106 6203
3 4671 3774 6326
3 29 30 6546
3 4568 3660 6385
3 6062 1609 6254
3 5808 1853 6267
3 930 2510 6161
3 3992 4837 6479
3 4648 601 7386
3 3168 3299 7375
3 5391 4205 6274
3 2119 3960 6640
3 6328 5717 6682
3 5463 4081 6819
3 104 480 6471
3 5130 3740 6328
3 2417 2423 6573
3 339 340 7220
3 2648 2647 6074
3 2983 3866 6149
3 3678 3676 6243
3 4366 4367 7090
3 4729 5878 7187
3 5951 4156 6223
3 4476 3825 6659
3 5353 5853 7070
3 5453 3769 6605
3 5753 4162 7171
3 4736 4039 6965
3 2904 3881 6562
3 2230 6100 6390
3 5673 4183 7335
3 6032 845 6981
3 4481 3990 6479
3 3802 6769 7041
3 3240 6178 6299
3 30 467 6546
3 6035 5740 6370
3 1969 5185 6481
3 6065 4288 6338
3 4542 4538 6430
3 998 5967 6660
3 2104 1865 6288
3 142 369 5933
3 4329 6943 7198
3 1726 1724 6126
3 5514 5541 6636
3 5821 497 5822
3 463 5473 7039
3 369 143 5945
3 6086 64 6411
3 6528 5101 6543
3 6779 213 7261
3 108 109 6508
3 4405 4347 6260
3 323 324 6447
3 526 524 6182
3 5470 463 6940
3 1991 4958 7163
3 6327 4306 7091
3 403 4725 6199
3 2347 2795 6355
3 3952 5684 6796
3 4201 4199 6373
3 4710 185 7005
3 3989 6306 6455
3 3918 4358 6304
3 2703 2981 6184
3 2330 2328 6313
3 1552 1968 6166
3 3685 4005 6323
3 525 527 6297
3 5652 5518 6746
3 642 5583 6376
3 5102 3207 6747
3 3034 2628 6149
3 2628 2983 6149
3 6258 3971 6378
3 2739 5412 7270
3 43 44 6235
3 5869 4451 7303
3 6197 5813 6291
3 3114 5279 7124
3 5957 3604 6263
3 2301 1582 6166
3 2968 2967 2969
3 586 584 6286
3 2239 6083 6215
3 387 5547 6341
3 130 131 6638
3 2400 2398 6567
3 1247 1193 6702
3 3084 2636 7102
3 5340 5341 7125
3 3975 3034 6149
3 3669 6396 6406
3 1159 1165 6622
3 2230 5522 6522
3 5576 4573 7343
3 1861 1863 6347
3 5279 6839 6975
3 5241 641 6793
3 913 1563 6331
3 6517 4252 6832
3 2288 2289 6706
3 377 5924 6155
3 2247 530 6151
3 4894 3099 6760
3 3966 5631 6299
3 2095 2660 6284
3 6115 5187 6318
3 5054 4118 7134
3 5533 5959 7149
3 4043 3743 6368
3 157 158 3736
3 5403 1159 6622
3 11 12 6627
3 6285 4365 6330
3 2991 3798 6074
3 2804 2803 6537
3 1829 1721 6333
3 1503 1612 6312
3 3270 5409 6814
3 5488 2545 6454
3 5844 4002 6591
3 3854 3855 6380
3 4025 4024 6316
3 5188 6116 6887
3 6483 6247 6776
3 2692 3058 6389
3 556 6237 6421
3 3059 3854 6670
3 366 4914 7005
3 2982 3967 6939
3 4430 3613 6325
3 3816 3751 6743
3 5425 5225 6729
3 4093 5373 7129
3 4732 3697 6468
3 2256 2254 3064
3 5441 4095 7129
3 4077 4936 6778
3 2602 2601 2948
3 3690 4114 6419
3 6133 5744 6391
3 956 951 7354
3 6120 1780 6408
3 2211 653 6578
3 2346 6112 6375
3 2109 5690 6306
3 4096 4404 6356
3 4658 6038 6300
3 6176 5742 6315
3 567 2317 6817
3 6100 5909 6390
3 2879 3652 6387
3 6360 3843 6639
3 4644 4094 6356
3 330 384 7059
3 3277 2878 6387
3 584 6208 6286
3 3772 3003 6318
3 5939 4658 6300
3 4076 6209 6334
3 1141 1137 6357
3 6174 2987 6210
3 5010 3284 7217
3 4150 4666 7094
3 432 6954 7007
3 129 416 6521
3 6454 2545 6614
3 4267 5238 6363
3 1455 1457 6216
3 4121 4122 6340
3 3092 2571 6204
3 131 495 6638
3 4946 4948 6329
3 219 220 6344
3 1610 2232 6254
3 6784 1212 6941
3 891 887 7378
3 5353 387 7063
3 3145 3148 6680
3 3956 4474 6346
3 651 661 6578
3 6136 4619 6372
3 5388 4137 6690
3 2925 4041 6407
3 457 5997 7008
3 5544 3144 6680
3 187 188 5886
3 2104 6288 6358
3 874 1993 7167
3 1826 6265 6354
3 3605 4152 6348
3 6513 4320 7223
3 307 379 6762
3 3882 4692 6309
3 6302 2034 6401
3 4061 5365 6432
3 2836 6517 6832
3 5000 5783 6725
3 2373 2635 6205
3 5241 4142 6863
3 473 306 6762
3 2908 5087 6485
3 4914 4710 7005
3 3933 5828 6617
3 4457 6599 7117
3 1394 6039 6332
3 1822 1571 6810
3 4005 6241 6323
3 3349 6054 6242
3 4304 3364 6751
3 3160 4715 7353
3 375 4506 6449
3 6536 403 7088
3 1437 1435 6423
3 1589 1591 6228
3 3914 3211 6150
3 5329 6442 6650
3 2762 6069 6335
3 4021 4019 6354
3 915 913 6331
3 1484 1312 6372
3 123 124 6570
3 1592 1706 6707
3 2254 1829 6333
3 3727 2713 6463
3 55 372 6327
3 528 751 6151
3 3213 4123 6150
3 4090 2989 6561
3 1501 2263 6379
3 516 2268 6113
3 2810 2602 6119
3 6137 3693 6395
3 6355 4444 7287
3 5899 4158 6287
3 1246 1290 6726
3 4432 4366 6526
3 3511 6234 6292
3 5562 3868 6993
3 1515 1695 7206
3 5423 379 6854
3 1968 1550 6374
3 3513 5253 6897
3 6178 3966 6299
3 3043 2584 6175
3 1833 1505 6379
3 4546 2740 7080
3 3867 5367 7164
3 4606 4641 6426
3 5749 2783 6626
3 6180 3694 6525
3 4089 5811 6934
3 5412 4810 7270
3 2981 3759 6184
3 5471 5501 6920
3 2701 2882 6179
3 5252 5251 7216
3 6191 3273 7160
3 4674 3691 7267
3 2217 2215 6392
3 6668 993 6696
3 3997 6749 6862
3 2557 2558 2626
3 4607 3918 4784
3 5854 2530 7108
3 6347 1863 6410
3 2273 2591 6295
3 4259 5478 6722
3 5884 3068 6432
3 5502 5503 6657
3 5077 3389 7009
3 1278 1280 7260
3 5324 6035 6370
3 3917 2969 3918
3 2298 2364 6365
3 281 430 6792
3 163 435 6337
3 2557 2556 2558
3 2586 3680 6175
3 3660 6214 6385
3 4216 4208 6303
3 5699 4057 6456
3 573 575 6607
3 5059 2219 6908
3 4602 4601 6834
3 3615 3616 6334
3 5474 5472 6418
3 3778 5899 6287
3 1467 1344 6786
3 5560 5559 6994
3 5593 5759 6632
3 5374 3070 7150
3 1457 1570 6216
3 266 428 6886
3 3509 3513 6897
3 3680 2588 6179
3 2601 2261 6366
3 3994 3996 6515
3 610 565 6817
3 199 239 7121
3 2882 2703 6184
3 6333 6144 6600
3 5221 7031 7341
3 5831 2760 6291
3 5052 5145 7112
3 5842 3589 6321
3 2626 3805 6613
3 756 518 6113
3 2779 3175 7202
3 408 5699 6647
3 2571 5865 6204
3 238 199 7121
3 4973 5669 6278
3 3130 2639 6718
3 751 526 6182
3 4248 3156 7058
3 3993 6551 6669
3 4025 6316 6382
3 6163 3185 6507
3 379 308 6854
3 109 444 6508
3 6371 3897 6506
3 1037 1188 7388
3 5959 2874 7149
3 3683 2695 7068
3 3233 3858 6595
3 1507 1833 6415
3 637 2199 6362
3 2581 2579 6443
3 64 65 6411
3 1910 1989 6369
3 6244 4072 6475
3 1117 1120 6416
3 2260 2556 2557
3 119 120 6414
3 6138 2191 6742
3 4054 6261 7051
3 5015 3750 7075
3 605 1178 6821
3 5195 5196 6516
3 4465 5835 6629
3 5813 5831 6291
3 4154 6491 6573
3 213 413 7261
3 365 314 6403
3 2382 4797 6631
3 523 5340 7125
3 2910 2373 6205
3 728 2112 6615
3 4958 1736 7044
3 2260 2258 2556
3 506 505 6227
3 4002 3093 6591
3 5819 1455 6216
3 6049 2574 6909
3 4370 4373 6361
3 4243 5441 7288
3 4094 4096 6356
3 6357 1136 6473
3 1563 911 6458
3 5201 5200 6662
3 3613 6281 6325
3 2803 2347 6355
3 978 521 7125
3 2713 2311 6324
3 3037 2523 6522
3 1595 1822 6871
3 3827 3744 6811
3 1601 2856 6227
3 1204 6167 6424
3 1605 1608 6233
3 6248 384 6843
3 2292 2644 6706
3 259 6269 6520
3 3971 3716 6378
3 4072 4300 6475
3 5540 5539 6512
3 5275 6163 6507
3 1078 1076 6715
3 6401 5213 6652
3 3637 6413 6881
3 2764 2762 6335
3 6209 3615 6334
3 6224 915 6331
3 5427 2100 7037
3 195 438 4554
3 1150 1069 6412
3 3273 5997 7160
3 3690 3650 4113
3 1277 1547 6253
3 4153 5591 7029
3 1312 1313 6372
3 1550 1509 6374
3 5867 3754 6307
3 1202 1277 6253
3 5251 3488 7216
3 6315 5742 6559
3 472 6949 7110
3 6112 3675 6375
3 124 493 6570
3 1636 1276 7165
3 3079 3348 6700
3 2356 2692 6389
3 3038 3036 6677
3 1477 1746 6494
3 3868 5562 7244
3 6043 4615 6752
3 389 5204 6836
3 6210 5712 6512
3 3772 6318 6433
3 1844 2488 6386
3 662 611 6899
3 3781 3779 6582
3 1445 1447 6444
3 2266 522 6153
3 520 756 6153
3 486 17 6536
3 4217 4200 6503
3 3728 5450 6465
3 5118 7055 7060
3 2092 1039 7388
3 4165 4667 7151
3 4615 3406 4616
3 257 381 6924
3 2875 2913 6787
3 987 1170 6343
3 5385 3030 7077
3 6214 4249 6385
3 484 152 6461
3 5740 2534 6370
3 6888 5068 7092
3 5114 5115 6588
3 4769 4025 6382
3 1505 1501 6379
3 2783 6525 6626
3 371 264 7045
3 1969 6481 6504
3 470 256 6924
3 2262 1479 6494
3 3986 3988 6383
3 6039 3654 6332
3 2948 2601 4045
3 5590 3507 6897
3 3729 4038 6401
3 1898 2230 6522
3 3701 6120 6408
3 5577 5815 6529
3 4412 4422 6359
3 3612 3611 6315
3 1079 2244 6715
3 3693 1202 6253
3 3261 6084 6492
3 3151 3905 6732
3 1135 1138 7306
3 3225 3224 6388
3 2856 1603 6233
3 4283 4280 6623
3 6643 4496 6757
3 4448 6973 7131
3 891 4528 7181
3 1824 2324 6384
3 4651 496 6731
3 5883 5867 6307
3 3345 5469 7121
3 1005 6247 6946
3 5487 3313 6999
3 6349 4619 6478
3 2760 5792 6381
3 186 187 366
3 4554 438 4885
3 1554 6346 6436
3 5621 1285 6556
3 5196 5197 6516
3 5485 3851 6860
3 767 754 6409
3 4127 3533 6955
3 6449 4506 6596
3 6154 3608 6572
3 1030 1185 6399
3 57 6187 6280
3 6024 5045 6452
3 495 6364 6638
3 4592 5423 6854
3 1116 1112 7043
3 729 4699 7271
3 3930 4796 6745
3 4611 437 7177
3 5997 4782 7008
3 4474 5452 6436
3 3936 6180 6525
3 524 2266 6182
3 1775 1548 7381
3 183 421 5952
3 6325 3303 7357
3 6667 5630 7184
3 641 562 6793
3 5521 472 7110
3 634 5883 6307
3 5424 4287 7307
3 4969 6549 6649
3 5708 4136 6500
3 4327 2982 6394
3 5635 1923 6391
3 5539 6210 6512
3 1609 1607 6254
3 3717 3310 6763
3 5884 6432 6568
3 6563 4794 6664
3 3068 5893 6311
3 6522 5522 6699
3 6122 3814 6338
3 655 2211 6713
3 2209 2388 6352
3 4699 2241 7271
3 5099 478 6864
3 5767 5756 6576
3 3877 4388 7284
3 4324 3883 6829
3 4204 6251 6422
3 2905 5374 6601
3 2363 2297 7382
3 3116 3463 7104
3 4209 5962 6322
3 4469 5003 6628
3 3790 3787 6377
3 282 283 6429
3 5979 1394 6332
3 4065 4064 6859
3 776 1641 6767
3 680 5431 6865
3 310 427 7132
3 5783 3007 6725
3 6380 3819 7113
3 4625 3839 7227
3 5101 1118 6543
3 263 371 7300
3 5242 6185 7249
3 4147 5458 7267
3 3668 6417 6828
3 4137 3091 6690
3 489 5793 6827
3 2793 5648 6465
3 5536 5537 7033
3 4273 6024 6452
3 3639 3955 6413
3 6211 4412 6359
3 4202 4204 6422
3 1603 1605 6233
3 3064 6333 6600
3 4628 4080 6844
3 6632 4229 6724
3 5715 1589 6228
3 3821 4915 6476
3 6256 1140 6983
3 3027 3028 6737
3 4960 436 6534
3 3769 4967 6605
3 4330 6923 7390
3 6291 2760 6381
3 1591 1781 6228
3 5728 3788 6371
3 1321 1437 6556
3 3889 2945 6537
3 5231 6291 6381
3 405 279 6985
3 6177 1311 6778
3 6593 5385 7077
3 3809 6428 6611
3 2635 3128 6205
3 2948 4045 4046
3 3807 6424 6581
3 6375 3837 6529
3 5076 6030 6595
3 4659 378 7013
3 6223 4659 7013
3 5325 3261 6492
3 2952 3115 6868
3 4993 4990 6447
3 6118 3020 6396
3 488 6449 6596
3 599 2110 7386
3 5803 4664 6410
3 5513 1204 6424
3 4163 3205 6417
3 634 6307 6450
3 6167 5414 6424
3 3675 3677 6375
3 6270 5120 7263
3 5636 4698 6844
3 1509 1507 6415
3 6495 4886 6773
3 395 5548 6777
3 4856 2811 6960
3 5221 1271 7031
3 4682 6199 7356
3 5576 1158 7338
3 6261 5215 7051
3 7023 4224 7057
3 3802 4435 6769
3 3767 3768 6434
3 627 625 6727
3 2244 5806 6539
3 3496 4451 7073
3 6354 4019 6435
3 4877 6148 6393
3 5223 3686 7298
3 667 669 6927
3 4600 6411 6586
3 6822 3736 6953
3 5671 4182 7098
3 6284 3714 6407
3 5659 1334 6728
3 372 56 6280
3 505 1601 6227
3 1681 1484 6349
3 4399 5420 7183
3 5744 3706 6391
3 4190 4191 6696
3 1435 1503 6423
3 2261 2260 6366
3 3075 4332 6266
3 1863 5803 6410
3 5257 5713 7373
3 177 178 7069
3 6010 2646 6402
3 3960 5863 6511
3 767 6409 6459
3 5901 2416 6491
3 1371 5672 6780
3 3955 4969 6427
3 3753 3752 6425
3 5 6 453
3 6615 2112 6744
3 5440 6624 6700
3 3731 6042 6428
3 4034 4033 4704
3 5703 2765 6428
3 603 601 7332
3 389 4649 6431
3 4584 4583 7140
3 4277 5405 6976
3 6323 5392 6545
3 6489 4642 6915
3 4125 5054 7054
3 6042 5703 6428
3 5540 6512 6583
3 103 104 6471
3 6265 4021 6354
3 3029 3030 6766
3 5722 364 6769
3 4048 5191 6870
3 558 556 6421
3 1200 981 6439
3 5206 6686 6902
3 2878 2879 6387
3 3794 6335 6519
3 6126 2323 6710
3 3617 5114 6588
3 3148 3149 6986
3 1271 5221 7246
3 4404 4244 6538
3 2743 2441 6820
3 261 262 7368
3 663 552 6400
3 1162 1016 6867
3 6555 3840 6637
3 3074 3075 6266
3 5648 5983 6465
3 5494 5497 7231
3 5451 4174 7291
3 2173 1072 6922
3 1542 1830 6618
3 4030 6256 6983
3 3611 6176 6315
3 2155 2152 6445
3 5983 3728 6465
3 5756 4609 6576
3 6467 5197 7085
3 3300 4340 7277
3 1195 1162 6761
3 3020 3745 6396
3 895 1952 7030
3 4827 3772 6433
3 5855 781 6767
3 6172 2104 6358
3 3236 5666 6888
3 5751 1190 6679
3 3117 3964 6686
3 1503 6312 6423
3 5235 5680 6437
3 341 394 6493
3 6460 4169 6972
3 2175 6012 6588
3 287 200 7118
3 6168 731 6615
3 481 5761 6404
3 4247 4248 6917
3 3870 5416 7185
3 200 288 7118
3 3651 4589 7258
3 5079 5078 6484
3 5373 6957 7040
3 5585 234 7039
3 2286 2288 6453
3 3848 6565 6729
3 5726 751 6523
3 5551 390 7199
3 3192 4237 6847
3 3244 3467 6467
3 5080 408 6533
3 3688 4582 6446
3 6393 3689 6497
3 3720 3880 6880
3 3108 4747 7019
3 412 4702 7309
3 6611 5214 6784
3 4642 4271 6915
3 4358 2969 6841
3 6052 4787 7351
3 6732 3905 6837
3 5990 3766 6628
3 5682 6045 6500
3 5698 4148 7296
3 5592 1834 6477
3 3887 5553 7107
3 578 576 6451
3 3121 4105 6676
3 4360 5702 6661
3 4019 5736 6435
3 5175 3784 6469
3 777 767 6459
3 6114 4814 7269
3 484 4513 7153
3 3669 6118 6396
3 6446 371 7211
3 235 463 7039
3 1198 1267 6698
3 1110 1113 6486
3 6684 3937 6790
3 3865 3669 6406
3 4989 4991 6764
3 5010 1935 7365
3 3448 3433 7290
3 6413 3955 6427
3 4375 5486 7135
3 3007 2833 6725
3 6974 5281 7025
3 4044 4052 7074
3 6311 4061 6432
3 4519 4703 7316
3 6432 5365 6568
3 5301 6138 6742
3 2802 4568 7212
3 4041 6284 6407
3 4348 4350 7370
3 3064 2254 6333
3 4 5 6789
3 766 4145 6831
3 3880 5917 6880
3 3312 4075 6470
3 3120 6123 6464
3 1254 1256 6649
3 5870 3550 6840
3 165 492 7170
3 3068 6311 6432
3 2711 6143 6809
3 4125 2941 6688
3 1334 1275 6728
3 2035 5587 7051
3 1248 6270 7263
3 3685 6323 6545
3 5980 3517 6437
3 5502 6657 6787
3 3948 5598 7228
3 5866 4085 6975
3 4435 5722 6769
3 1641 773 6889
3 5680 5980 6437
3 4887 487 4888
3 2602 2948 6119
3 5719 3536 6448
3 6306 5690 6455
3 4350 5465 7370
3 5967 4196 6660
3 4798 1969 6504
3 5580 4257 7056
3 5909 3709 6390
3 2102 1017 6509
3 4137 5388 6717
3 95 389 6836
3 4289 3162 6505
3 4272 4392 6499
3 3703 3701 6408
3 5434 4697 7317
3 1464 6550 6568
3 560 2212 6793
3 5952 7283 7292
3 4327 7068 7099
3 289 6285 6330
3 1189 6224 6368
3 1729 1727 6693
3 1746 1475 6667
3 5313 2905 6601
3 5621 6556 7208
3 1074 1078 6922
3 5733 4078 7035
3 5852 3570 6766
3 5511 3370 6849
3 2913 2541 7145
3 4254 4076 6440
3 664 667 6913
3 4883 3840 6555
3 6202 6025 6542
3 4198 4217 6660
3 5449 969 6475
3 1179 1119 7022
3 626 628 7364
3 911 909 6458
3 5333 5336 7078
3 5701 5285 6994
3 3498 6267 6488
3 1068 1067 7089
3 5065 4119 7213
3 439 4563 4638
3 6087 2513 7247
3 4136 4137 6663
3 1472 5630 6667
3 3836 3919 6705
3 3645 3635 6881
3 5408 6015 6506
3 5053 5052 6947
3 517 519 6474
3 1805 828 7347
3 2786 5406 6681
3 5377 5379 6848
3 4784 3918 6304
3 3650 2810 6119
3 3751 6339 6743
3 427 5386 6593
3 3128 4033 4034
3 5690 1842 6455
3 5837 4357 6783
3 1163 1196 6496
3 6093 2363 7382
3 3860 3074 6266
3 4045 2601 6366
3 44 494 6235
3 3451 4954 6986
3 6148 3689 6393
3 6374 1509 6415
3 454 4524 6642
3 4934 4935 6956
3 6030 3231 6595
3 2580 5382 7111
3 4038 6302 6401
3 6545 4134 6654
3 3002 3963 6617
3 3512 5380 7387
3 5704 4705 7204
3 6502 4310 7023
3 2372 4241 6712
3 2460 2670 6851
3 5713 4767 7373
3 2973 5577 6750
3 5475 5474 7179
3 4107 3180 7107
3 6515 3996 6543
3 3449 2743 7020
3 17 18 6536
3 4079 6049 6688
3 3990 3992 6479
3 1733 5820 6820
3 5076 6595 6708
3 5562 5099 7244
3 4489 3723 6490
3 1434 1432 6757
3 4812 4816 7270
3 2836 6296 6517
3 1405 1403 6823
3 3789 4126 6970
3 5987 3448 7290
3 6283 4387 6679
3 3829 4360 6661
3 36 375 6449
3 6378 3716 6491
3 49 50 6672
3 449 43 6235
3 5974 6202 6542
3 2268 514 6602
3 3257 5973 6933
3 191 192 6531
3 6500 4136 6663
3 3818 5570 6472
3 3339 5101 6528
3 5834 3782 6655
3 5474 7145 7179
3 3174 2872 7032
3 6267 4047 6488
3 6247 4250 6946
3 6469 3785 6566
3 4466 4109 7006
3 3689 3524 6497
3 2050 509 6548
3 1192 1246 7128
3 3721 4311 6866
3 5330 4613 7239
3 1070 2173 7089
3 6698 5047 6806
3 909 905 6487
3 4275 4273 6452
3 4028 4027 6473
3 5674 2953 6955
3 5521 7110 7255
3 3138 3887 7107
3 1474 1387 6856
3 6224 4043 6368
3 3119 4079 6688
3 6769 4295 7041
3 3985 3984 7249
3 6045 5708 6500
3 6142 3933 6617
3 3264 6337 6826
3 5451 3062 7193
3 1409 1434 6735
3 4716 5647 7127
3 848 980 6482
3 3275 3831 7254
3 4513 4323 7153
3 5365 1464 6568
3 2955 1592 6707
3 6583 3717 6636
3 2399 2401 6498
3 159 160 447
3 1716 1714 6441
3 3234 3236 6888
3 2215 6020 6392
3 1282 624 7305
3 402 7255 7336
3 6577 2382 6631
3 6221 1716 6441
3 5689 1064 7216
3 5881 634 6450
3 3362 5966 6616
3 3905 3972 6837
3 128 129 6521
3 3756 3758 6530
3 5437 5445 7144
3 1291 1701 6925
3 2748 2439 6514
3 5600 662 7291
3 2346 6375 6529
3 41 42 6563
3 193 194 6495
3 6335 5610 6519
3 774 5344 6859
3 3248 2382 6577
3 5248 5692 6489
3 2091 5259 6998
3 4160 5908 7056
3 6250 377 7172
3 6101 6873 7152
3 2793 6465 6738
3 629 627 7243
3 1479 1477 6494
3 5322 4270 7211
3 5966 4800 6616
3 2322 5646 7259
3 3605 6348 6677
3 6305 4591 6737
3 4200 4202 6503
3 6109 3624 6665
3 2581 6443 6984
3 5923 5737 6464
3 1003 1787 6815
3 2910 6205 6599
3 6051 3862 6489
3 3686 3687 7298
3 5197 1468 7085
3 2716 3189 6513
3 5268 6591 6816
3 4141 6661 7037
3 682 680 6865
3 2246 6349 6478
3 4053 4795 7292
3 5761 376 6480
3 360 112 6502
3 4043 6224 6331
3 2872 2870 6891
3 5692 6051 6489
3 4979 4980 6872
3 5280 6464 6839
3 3078 3076 7036
3 1420 1422 6788
3 6342 3827 6811
3 2433 2389 7235
3 5656 6682 6944
3 6055 3895 6460
3 3738 6408 6565
3 1985 5206 6902
3 1832 4723 7159
3 5869 2134 7035
3 6394 3683 7068
3 5404 435 7170
3 4102 5099 6864
3 1714 2465 6441
3 326 327 6541
3 4685 4680 6501
3 1441 1252 6912
3 258 259 6520
3 436 4581 6846
3 5699 6456 6647
3 7284 2324 7319
3 3207 3209 6747
3 2478 6445 6872
3 4546 6723 6807
3 5760 481 6484
3 1920 5440 6916
3 4215 4213 6564
3 6506 3897 6849
3 114 432 7007
3 6430 4633 7137
3 3811 4379 6540
3 7060 5786 7067
3 3028 6305 6737
3 3185 2817 6741
3 6385 4249 7106
3 4865 5275 6507
3 440 93 7049
3 6419 4114 6420
3 7161 4036 7230
3 6482 980 6549
3 4202 6422 6503
3 1190 6283 6679
3 6960 4632 7372
3 3087 5682 6500
3 4035 4512 6977
3 2166 5758 7204
3 3716 5901 6491
3 1408 4910 6935
3 5003 388 6628
3 5388 2979 6717
3 4047 4048 6488
3 6123 5923 6464
3 6455 1842 6551
3 4278 4277 6976
3 4592 6854 7132
3 3645 6881 6974
3 5203 6130 6535
3 4908 6487 7030
3 4337 6744 6840
3 5903 3824 6938
3 3790 6377 6547
3 1952 893 7181
3 5382 2580 7275
3 5449 4956 7186
3 2239 6215 6684
3 5863 2724 6511
3 2925 6407 6483
3 3448 5987 7200
3 5437 7144 7361
3 7082 956 7354
3 3730 6301 6364
3 6404 5761 6480
3 4388 6384 7284
3 6970 4126 7148
3 4071 4645 6527
3 1271 1269 7031
3 6290 4446 7302
3 5970 4006 7026
3 3817 4656 6692
3 4672 5994 6745
3 5047 4255 6806
3 2234 2901 6589
3 3699 6560 6722
3 4641 4602 6896
3 435 164 7170
3 481 6404 6484
3 982 1177 7377
3 5712 3227 6512
3 4837 3994 6515
3 4630 4912 7279
3 2240 5602 6645
3 5961 2925 6483
3 4063 3052 6771
3 5441 3266 7226
3 171 172 6875
3 922 924 6571
3 5261 4284 6574
3 2248 2632 7083
3 6275 3184 6876
3 6696 993 6716
3 3866 4923 6929
3 6003 4252 6517
3 5352 5353 7070
3 5206 6398 6686
3 6270 996 7377
3 4250 3934 6979
3 3972 4054 6959
3 4492 4843 6782
3 3 4 491
3 4981 4979 6872
3 2989 2947 6561
3 5542 2229 6879
3 6581 3048 6646
3 2389 2387 6755
3 1064 1065 6794
3 6341 4001 7063
3 1464 5849 6550
3 23 392 6980
3 6544 810 6604
3 919 1189 6798
3 5822 7389 7390
3 5801 2786 6681
3 5248 6489 6915
3 5408 6506 6849
3 808 810 6544
3 961 972 6598
3 5359 6168 6615
3 6550 4138 6568
3 4604 6191 7160
3 6015 2245 6506
3 3792 5819 6666
3 6787 2913 6920
3 3350 4040 6587
3 4054 3973 7103
3 4105 6282 6676
3 2229 5592 6835
3 2690 2515 7054
3 3998 4000 6528
3 1991 7163 7240
3 3894 3892 6552
3 402 5521 7255
3 1273 1271 7246
3 6185 3985 7249
3 475 4954 7076
3 6512 3227 6583
3 3739 3848 7116
3 4588 4403 6966
3 3762 4066 6701
3 2267 5652 6580
3 6428 2765 6611
3 3395 3394 6575
3 1068 5253 6794
3 3729 6401 6652
3 5811 2510 7001
3 961 6598 6673
3 5475 7179 7222
3 6437 3517 6603
3 975 991 6553
3 6505 3871 6685
3 6199 4682 7088
3 6458 909 6487
3 5276 452 6619
3 5990 6628 7096
3 4027 6357 6473
3 5192 4247 6804
3 21 22 6619
3 4495 6635 7366
3 5099 4103 7244
3 5414 3048 6581
3 463 236 6940
3 4545 5234 7042
3 3872 5103 6936
3 425 82 7333
3 6765 4828 7143
3 4430 6325 7357
3 5458 4147 7281
3 5613 6360 6639
3 2523 1898 6522
3 4310 6502 7007
3 3354 5696 6456
3 4045 6366 6613
3 5123 1760 6883
3 4792 3949 6826
3 419 11 6627
3 6352 5222 6643
3 927 923 6893
3 5200 3904 6662
3 3694 3859 6525
3 2818 3795 6987
3 6413 5283 6881
3 5078 5077 6942
3 3840 3188 6637
3 371 6446 7300
3 5610 1336 6519
3 595 6027 7347
3 6205 4108 6599
3 2465 1712 6658
3 5825 2330 7065
3 2241 546 7271
3 963 5449 7186
3 3781 6709 6711
3 4806 6566 6990
3 2945 2804 6537
3 4244 4246 6538
3 3782 2904 6562
3 1389 5979 6856
3 4469 6855 7369
3 6424 5414 6581
3 4601 4600 6586
3 6130 5931 6535
3 3129 3915 7282
3 1241 6177 6912
3 980 1160 6549
3 1285 1321 6556
3 2260 2557 6366
3 3608 2884 6572
3 1651 1789 7097
3 1369 1574 7278
3 3282 3284 7072
3 4178 4838 7240
3 6553 991 6584
3 4044 6032 7016
3 3705 4044 7016
3 3965 3727 6558
3 3265 3266 7040
3 3795 3857 6580
3 5806 3593 6539
3 5503 5504 6657
3 4026 5329 6650
3 6465 5450 6738
3 5979 4736 6856
3 337 338 6609
3 4935 4459 7152
3 2409 2400 6567
3 89 359 7351
3 5815 2346 6529
3 3354 5907 6841
3 991 1002 6584
3 4121 6340 6466
3 4616 5015 7075
3 2051 989 6594
3 4926 460 7384
3 4079 4634 6554
3 5553 3887 7199
3 1842 5735 6551
3 2562 5422 6736
3 325 380 6606
3 2765 5627 6611
3 2201 5881 6734
3 2323 6221 6442
3 6198 4063 6771
3 561 563 6557
3 2219 5889 6908
3 5843 3685 6545
3 3087 6500 6663
3 2094 1105 6579
3 5949 6352 6643
3 4840 3790 6547
3 653 651 6578
3 2545 4502 6614
3 4139 4138 6550
3 6337 4792 6826
3 1706 6457 6707
3 6253 5790 6610
3 2807 3573 7323
3 4916 4421 7208
3 2967 3354 6841
3 188 189 6345
3 3109 2946 7015
3 4569 6000 6950
3 5592 6763 6835
3 4119 3133 7213
3 4275 6452 6585
3 3902 4163 6802
3 4782 4235 7008
3 2510 928 7001
3 2497 2498 7226
3 6602 4849 6802
3 6366 2557 6613
3 5660 4730 7221
3 4917 2658 6834
3 4287 3708 7307
3 7136 4387 7327
3 4983 4985 7065
3 6477 3717 6763
3 3227 3228 6583
3 5742 3826 6559
3 333 464 6630
3 3196 4091 7237
3 5851 7312 7319
3 2755 5827 7276
3 5646 3928 7259
3 4974 495 7053
3 4058 2616 7138
3 3917 4607 6978
3 6639 3843 6732
3 447 6914 7265
3 6712 4241 6891
3 2416 2417 6573
3 4878 402 7336
3 5590 6897 7176
3 3779 4820 6582
3 3938 6215 6758
3 4177 6084 7385
3 6562 5374 7150
3 98 99 6731
3 2256 3064 6397
3 810 812 6604
3 417 123 6570
3 2733 5767 6576
3 2229 6835 6879
3 4073 4154 6648
3 1710 5969 6658
3 5417 5117 7168
3 5894 5660 7221
3 5656 6193 6682
3 3574 4192 7215
3 5104 4151 7096
3 6027 4376 7347
3 2895 4125 7054
3 2338 5613 6639
3 3093 3092 6591
3 5878 4729 7328
3 195 196 438
3 6566 3785 6990
3 4824 4825 6964
3 3907 1813 6566
3 2258 2256 6397
3 3284 3286 7217
3 5906 5753 7171
3 4950 2195 6995
3 4458 3288 6590
3 7037 2100 7155
3 2733 6576 6632
3 5577 6529 6750
3 5931 3069 6535
3 3881 3121 6676
3 127 128 6633
3 4051 5890 6847
3 128 6521 6633
3 925 927 7001
3 6525 3859 6626
3 2530 4770 7331
3 2556 2258 6397
3 3858 4176 6708
3 2457 573 6607
3 6078 4545 7042
3 5450 3929 6738
3 6059 4065 7329
3 2245 6371 6506
3 366 187 5886
3 3699 6161 6560
3 3768 4806 6990
3 454 6642 7069
3 5924 29 6546
3 2578 2580 7111
3 6830 3004 6852
3 4003 4324 6968
3 4701 5891 7105
3 5428 657 6713
3 4399 6146 6457
3 450 53 7091
3 2110 6659 7386
3 6634 4492 6782
3 5111 6261 7103
3 5497 6453 7231
3 5409 3614 6683
3 6408 1780 6565
3 359 6052 7351
3 4066 5192 6694
3 6542 3124 6687
3 3976 6003 6517
3 4253 3704 7016
3 1760 5211 6945
3 3112 3113 7191
3 4511 6667 7184
3 6215 3938 6684
3 4267 6363 7304
3 731 728 6615
3 5997 4603 7160
3 858 961 6673
3 1827 5011 7391
3 2914 3931 6997
3 3048 1802 6646
3 3797 5071 6612
3 4300 5024 7393
3 3778 6287 7070
3 4277 4275 6585
3 2420 5208 6709
3 4065 6859 6998
3 4078 3042 7242
3 4484 5162 7066
3 6254 2232 6589
3 4873 4874 6704
3 5541 5540 6636
3 5635 6391 6624
3 2713 6324 6463
3 5170 5169 6671
3 485 49 6672
3 496 98 6731
3 2225 2119 6640
3 5700 5974 6542
3 5932 2240 6645
3 5700 6542 6687
3 3266 2835 7226
3 5474 6418 7145
3 6837 3972 6959
3 2803 6355 7287
3 6261 4054 7103
3 6025 3124 6542
3 3231 3233 6595
3 4291 6248 6843
3 514 512 6602
3 1367 6791 6857
3 6418 2913 7145
3 1429 1542 6618
3 4419 5961 6776
3 1165 1429 6622
3 6116 6115 6830
3 834 508 6962
3 4340 6240 7277
3 544 729 7271
3 3456 3065 7225
3 5591 5590 7176
3 3322 4845 6753
3 460 4780 7384
3 6391 3706 6624
3 3887 4128 7199
3 5439 5635 6624
3 6834 4601 7207
3 1780 5948 6565
3 3927 4488 6695
3 6287 4158 7000
3 929 931 6668
3 6404 5079 6484
3 4138 5884 6568
3 5230 5231 6653
3 6177 4937 6912
3 7030 1952 7090
3 5786 4030 7067
3 4331 368 7027
3 468 6250 7352
3 5329 4059 6710
3 6493 394 7021
3 6002 4630 7279
3 1138 6808 7306
3 3859 4440 6626
3 1143 5834 6655
3 5269 6816 7147
3 6556 4916 7208
3 6221 6441 6442
3 3766 4469 6628
3 3734 2873 6861
3 3395 6575 6756
3 6193 2409 6682
3 4682 4683 7088
3 6348 4152 6496
3 4320 3896 7223
3 2740 2589 7080
3 12 490 6627
3 453 6 6310
3 6677 6348 7178
3 5328 5428 6713
3 4298 3924 6678
3 5829 7101 7297
3 5367 6727 7164
3 3674 4170 6992
3 1787 5593 6724
3 5828 3002 6617
3 6606 380 6890
3 5835 3808 6629
3 5323 428 7383
3 4064 6075 6621
3 5759 2733 6632
3 6799 412 7309
3 6933 4149 7094
3 6146 4031 6457
3 6552 3892 6748
3 401 4828 6765
3 5120 6270 7377
3 413 5183 6752
3 2979 5337 6717
3 3813 4256 7093
3 1043 1041 6674
3 4124 6228 6712
3 3134 5082 7337
3 6490 1282 7305
3 6694 2226 6701
3 6573 2423 6648
3 6228 1781 6712
3 3825 4648 6659
3 5126 5127 6812
3 2580 2582 7275
3 3017 5826 6634
3 4280 4281 6623
3 6012 3617 6588
3 5736 3017 6634
3 5056 863 6926
3 416 130 6638
3 993 5126 6716
3 4988 4989 7273
3 3884 4913 6730
3 4196 4198 6660
3 3970 2934 7322
3 1736 5122 6961
3 3868 3869 6993
3 4655 6822 6953
3 6708 4176 6791
3 2949 5444 7313
3 3929 4119 6906
3 5878 5879 7187
3 40 41 6664
3 2940 3194 6759
3 4183 5905 7335
3 4327 6394 7068
3 42 449 6563
3 2232 2234 6589
3 5356 431 6800
3 4836 1280 7278
3 6535 3069 6697
3 2324 5851 7319
3 6384 2324 7284
3 6340 5021 6466
3 4828 460 7143
3 5760 6484 6689
3 510 834 7002
3 5359 6615 6744
3 4039 5224 6965
3 3144 3145 6680
3 5973 4149 6933
3 407 4704 7081
3 6011 3829 6661
3 5988 3700 6882
3 6101 5918 6873
3 1475 1472 6667
3 4455 4522 7178
3 5012 4517 7316
3 3958 5163 7394
3 3883 4077 6829
3 2657 5364 6755
3 6382 4106 6963
3 6161 2510 6560
3 392 5876 7151
3 4875 4873 6768
3 6235 494 6695
3 6754 4779 6833
3 5035 3033 6758
3 4009 5874 6771
3 5251 3513 7387
3 5127 5364 6812
3 3517 6189 6603
3 6062 6254 6589
3 5233 465 7061
3 1065 1068 6794
3 4951 4104 7034
3 6296 3976 6517
3 1429 6618 6622
3 4633 6430 6795
3 415 5562 6993
3 4242 2910 6599
3 3693 6253 6610
3 3028 5843 6654
3 6223 4156 7195
3 5822 6691 7389
3 6075 4238 6621
3 6268 3868 7244
3 5522 3813 6699
3 1701 1247 6702
3 6450 3903 6734
3 5362 4476 7360
3 3311 3059 6670
3 192 193 386
3 1751 5076 6708
3 452 21 6619
3 4171 4086 6720
3 424 4977 6733
3 2409 6328 6682
3 6358 5624 6971
3 3018 6785 6951
3 237 5469 6940
3 3363 5437 7361
3 6551 5735 6669
3 4231 6358 6971
3 5518 5519 6746
3 455 4457 7117
3 5735 2339 6669
3 751 6182 6523
3 4040 4464 7048
3 4986 4988 7273
3 5887 6078 7042
3 1118 6515 6543
3 6464 5737 6839
3 6702 5485 6860
3 1813 6469 6566
3 3706 3079 6700
3 1199 1198 6698
3 4032 4362 7314
3 506 6227 6962
3 5843 6545 6654
3 2941 3119 6688
3 2289 2292 6706
3 479 5580 7056
3 2249 6665 7017
3 3962 3001 7046
3 2901 6067 6885
3 3861 3087 6663
3 3903 5516 6734
3 2639 2638 6718
3 3604 3117 6686
3 6150 4123 7218
3 4328 4327 7099
3 3036 3605 6677
3 1712 1710 6658
3 6931 4250 6979
3 6526 1952 7181
3 6445 4981 6872
3 1984 6342 6811
3 6083 750 6803
3 2102 6641 7348
3 3781 6582 6709
3 6119 4101 6592
3 6772 2705 6850
3 3831 6614 7254
3 5364 5128 6755
3 6529 3837 6750
3 4229 4228 6724
3 6359 4422 7331
3 3928 2613 7259
3 5416 6726 7185
3 1532 5949 6643
3 3175 6900 7202
3 151 484 7153
3 4605 4606 7158
3 2166 4705 7359
3 4793 4794 6988
3 4413 4724 6825
3 3916 5359 6744
3 4722 5371 6824
3 2321 2322 7259
3 458 5285 7047
3 6381 5517 6653
3 6485 3456 7225
3 4346 4348 7234
3 3888 5700 6687
3 99 434 6731
3 5244 4779 6754
3 5547 475 7076
3 4126 4841 7148
3 4683 6536 7088
3 4302 5801 6681
3 5183 4157 6752
3 4866 4289 7180
3 6589 2901 6885
3 5633 3711 7010
3 6077 3872 6936
3 4493 4511 7184
3 1076 1079 6715
3 1290 1371 6726
3 6339 977 6743
3 4958 7044 7163
3 657 655 6713
3 6559 3827 7010
3 5152 5971 7205
3 4517 4519 7316
3 6164 3729 6652
3 5484 5485 6739
3 4303 6681 7140
3 4912 6440 7279
3 7312 2547 7325
3 6657 3524 6787
3 4100 3816 6743
3 3903 3781 6711
3 359 3679 6685
3 6484 5078 6689
3 4740 4155 7365
3 1154 6338 7154
3 513 1292 6797
3 5440 6587 6916
3 3124 5978 6687
3 6671 1179 7022
3 4191 4218 6696
3 3843 3151 6732
3 4505 5476 7353
3 2971 5817 6723
3 6758 3033 6894
3 7101 4992 7297
3 3896 3909 6721
3 1193 1003 6815
3 750 6326 6803
3 4218 5967 6656
3 3018 5258 6785
3 4036 3836 6705
3 4037 3037 6699
3 4829 1832 7218
3 1789 6499 7097
3 4049 6223 7013
3 51 52 6878
3 6398 3604 6686
3 818 824 7120
3 3734 6861 7123
3 4763 4765 6800
3 2557 2626 6613
3 3091 3923 6690
3 6519 5053 6947
3 4954 475 7349
3 4066 6694 6701
3 5122 5123 6892
3 3698 5932 6645
3 482 4788 7173
3 5262 5264 6781
3 4074 4073 6714
3 2872 6891 7032
3 3748 4458 7391
3 6669 2339 6749
3 3854 6380 7113
3 4033 4784 7081
3 5592 6477 6763
3 432 5760 6689
3 5163 6733 7394
3 5094 4053 7292
3 3499 6488 6870
3 1406 1409 6735
3 2249 6109 6665
3 6338 4288 7154
3 146 147 6923
3 5332 3947 6818
3 5540 6583 6636
3 4699 729 7210
3 6395 3693 6610
3 5117 6610 7168
3 6117 5751 6679
3 4157 6043 6752
3 3892 3891 6748
3 7072 5010 7365
3 495 132 7053
3 2226 6386 6701
3 4585 4586 6910
3 6216 2859 6666
3 4794 6563 6988
3 5725 5571 7233
3 1727 1900 6693
3 4937 4934 6956
3 5672 5442 6780
3 460 4926 7143
3 3364 3885 6751
3 4073 6648 6714
3 1751 6708 6791
3 625 2201 6727
3 6858 2275 6972
3 1275 1688 6728
3 3513 3512 7387
3 3030 3027 6737
3 5641 2793 6738
3 6947 5052 7112
3 5224 5152 7205
3 3698 6645 6740
3 4720 2677 6989
3 4779 4778 6833
3 5874 4189 7021
3 6873 4935 7152
3 306 307 6762
3 384 331 6843
3 1087 5083 6983
3 5479 6732 6837
3 4218 6668 6696
3 3069 5925 6697
3 4959 5528 7018
3 6600 5903 6938
3 4219 5166 7252
3 6144 5902 6600
3 6555 425 7333
3 3651 6092 7212
3 6369 1989 7119
3 5253 5252 6794
3 5717 3532 6944
3 5162 2914 6997
3 6720 5725 7233
3 4192 6716 6812
3 5885 2226 6694
3 5882 2277 6704
3 5166 5167 7156
3 3417 5668 6651
3 1532 6643 6757
3 3794 6519 6947
3 4017 4365 7047
3 6751 3885 6808
3 6033 3699 6722
3 2833 2939 6725
3 6738 3929 6906
3 4402 4836 6918
3 6417 4398 6828
3 4235 4234 7301
3 5511 6849 6970
3 2891 6801 6852
3 4459 4335 7363
3 6661 5702 7037
3 4236 6250 7172
3 4098 4633 6795
3 5911 3888 6877
3 781 776 6767
3 1567 1467 6786
3 4382 4251 6753
3 4130 4957 7315
3 2891 1939 6801
3 5285 4017 7047
3 1567 6786 6810
3 1516 1751 6791
3 3951 3952 6796
3 6868 4375 7135
3 4765 5356 6800
3 194 4554 6495
3 3700 6159 6882
3 4896 4894 6760
3 5900 2949 7313
3 5226 5188 6887
3 5904 7299 7325
3 1432 1532 6757
3 3310 3815 6763
3 3570 3029 6766
3 280 281 6792
3 3522 5534 7322
3 4192 4190 6716
3 2817 3311 6741
3 4885 438 4887
3 3968 5786 7060
3 4357 4102 6864
3 5027 4022 7084
3 5987 6756 7200
3 824 1992 7120
3 492 5404 7170
3 6761 4324 6829
3 4145 3698 6740
3 6624 3706 6700
3 5430 2836 6832
3 3524 2875 6787
3 6131 4002 6675
3 4715 3108 7238
3 4964 2102 7348
3 1571 1567 6810
3 2705 5254 6850
3 4518 4516 7190
3 4847 4848 6958
3 4124 6712 6891
3 6983 5083 7067
3 6058 2239 6684
3 2928 3802 6930
3 4709 3270 6814
3 3216 3098 6828
3 2339 5785 6749
3 7283 5094 7292
3 5476 3160 7353
3 1311 1195 6761
3 3809 6611 6784
3 4224 4032 7057
3 6760 3099 6937
3 6282 5315 6676
3 4423 4219 7344
3 3837 4036 6750
3 6704 2277 6768
3 4791 2349 6896
3 4081 4629 6819
3 5519 613 7296
3 5766 2705 6772
3 364 4295 6769
3 5994 3930 6745
3 3298 4926 7371
3 6716 5126 6812
3 4022 3358 6905
3 6591 3092 6816
3 3885 4647 6808
3 562 560 6793
3 3413 4951 6884
3 1242 1253 6898
3 5987 3395 6756
3 2670 6764 6851
3 1781 2372 6712
3 3848 6736 7116
3 6954 4310 7007
3 190 191 6532
3 4074 6714 6809
3 607 605 6821
3 4533 4534 6895
3 6916 4040 7048
3 6908 3577 7012
3 236 237 6940
3 6804 4247 6917
3 4429 3879 6774
3 2743 6869 7020
3 94 95 6836
3 2191 6117 6742
3 6763 3815 6835
3 5948 5425 6729
3 5952 421 7283
3 3209 3914 6747
3 3004 2891 6852
3 6313 4983 7065
3 2938 4004 6943
3 1242 6898 7011
3 5851 2547 7312
3 4075 5837 6783
3 6565 5948 6729
3 6628 388 7096
3 2195 6108 6995
3 5504 6497 6657
3 6199 3761 7356
3 4471 6304 7253
3 5819 6216 6666
3 147 5821 6923
3 4929 5256 7367
3 2574 3464 6909
3 6427 4969 6649
3 6613 3805 6813
3 6247 1005 6776
3 2387 2657 6755
3 3052 4009 6771
3 6690 3923 6838
3 4591 6593 7077
3 3744 4166 6811
3 4468 4467 6901
3 1403 1406 6823
3 4087 4089 6934
3 5512 3945 7339
3 5336 6927 7078
3 5118 1115 7055
3 662 7006 7291
3 6308 5263 7258
3 2583 2581 6984
3 565 567 6817
3 3463 5736 6782
3 1574 5100 6966
3 1406 6735 6823
3 845 4781 6981
3 2441 1733 6820
3 308 309 6854
3 4029 3809 6784
3 4080 5636 6844
3 6665 3624 7262
3 1761 7269 7379
3 3945 4824 7339
3 2002 5118 7060
3 4007 4008 6869
3 6187 457 7008
3 1992 5056 6969
3 921 919 6798
3 6610 5790 7168
3 3815 4070 6835
3 5167 5170 7156
3 5889 3577 6908
3 4192 6524 7215
3 4016 5464 6806
3 6434 3768 7109
3 863 850 6931
3 607 6821 6899
3 1787 6739 6815
3 2696 3269 6957
3 487 4887 6510
3 3851 5463 6860
3 4852 6131 6675
3 6442 5329 6710
3 1422 1761 6788
3 2174 5479 6837
3 4723 1798 7376
3 5435 1772 6911
3 478 5558 6864
3 6748 3891 6949
3 6062 6589 6885
3 4281 5256 7358
3 6044 1171 7308
3 6693 1900 6874
3 4234 4233 6928
3 6344 429 7000
3 6883 1760 6945
3 1772 1595 6871
3 1344 1291 6925
3 4142 4143 6863
3 280 6792 6985
3 3532 3531 7257
3 6942 5077 7009
3 3852 3853 6904
3 1899 2524 6903
3 3370 5408 6849
3 854 856 6946
3 6343 3487 6825
3 3915 6850 7282
3 4506 4505 7238
3 4154 6573 6648
3 5886 188 6345
3 2462 2460 6851
3 5231 6381 6653
3 6456 5696 6647
3 5366 5368 7374
3 7034 4104 7177
3 22 23 6980
3 1387 1389 6856
3 4453 3863 6827
3 5746 4546 6807
3 4010 5201 6921
3 4309 4310 6954
3 4344 4346 7139
3 3019 3018 6951
3 2953 2952 6868
3 265 266 6886
3 5033 5031 6996
3 3795 6746 6987
3 2575 4961 7196
3 6499 4392 7097
3 1701 6819 6925
3 4573 4493 7343
3 3768 6990 7109
3 3507 3509 6897
3 6835 4070 6879
3 6149 3866 6929
3 3679 6505 6685
3 398 5581 7345
3 4726 4267 7304
3 3650 6119 6592
3 6229 473 6963
3 4252 4253 6832
3 1016 1248 6867
3 5216 2882 7274
3 4873 6704 6768
3 41 6563 6664
3 6497 3524 6657
3 5925 766 6831
3 2544 3104 7236
3 5215 2035 7051
3 6602 512 7002
3 5501 5502 6920
3 3297 3296 7014
3 5655 5656 6944
3 4489 6490 7305
3 3923 5243 6838
3 4332 4333 6799
3 1145 6674 7130
3 2277 6071 6768
3 4113 3650 6592
3 4824 6964 7339
3 491 4 6789
3 409 40 6664
3 4070 4434 6879
3 5283 5282 6974
3 3033 3939 6894
3 4493 7184 7343
3 3635 3637 6881
3 773 665 6889
3 6115 3004 6830
3 6621 774 6859
3 3964 4354 6902
3 4012 4013 6937
3 132 133 7053
3 5849 4439 6982
3 5505 6113 7201
3 6723 4546 7080
3 4311 3720 6880
3 5493 7169 7241
3 6184 4761 7274
3 2102 6509 6641
3 2870 4124 6891
3 3793 4869 7225
3 6737 4591 7077
3 669 2202 6927
3 2 3 6569
3 7144 4084 7361
3 5469 5470 6940
3 4469 4068 6855
3 4004 4344 7079
3 256 257 6924
3 611 607 6899
3 5890 3192 6847
3 4176 5579 6857
3 2670 6336 6764
3 1750 682 6865
3 6533 408 6647
3 6108 4743 6995
3 5641 6738 6906
3 2112 5870 6840
3 6697 5925 6831
3 6215 6083 6803
3 1223 1242 7011
3 5587 2174 6959
3 5737 2691 6839
3 1789 5248 6915
3 6825 3487 7108
3 6255 4147 7267
3 6889 665 6913
3 4522 6677 7178
3 6453 2288 7231
3 2270 6079 7326
3 2547 5904 7325
3 2351 2575 7095
3 7050 459 7052
3 1637 5885 6804
3 1072 1074 6922
3 1252 1241 6912
3 4068 4569 6900
3 3761 3142 7356
3 5253 1068 7176
3 6155 5924 7122
3 729 6058 6790
3 5785 2194 6862
3 5885 6694 6804
3 1574 6918 7278
3 6143 4074 6809
3 2348 5641 6906
3 665 664 6913
3 6853 4234 6928
3 6279 5236 7340
3 6463 6324 6992
3 1940 4863 7074
3 5344 2091 6998
3 2323 6442 6710
3 7238 4505 7353
3 4295 4626 7041
3 2002 7060 7067
3 5978 3257 6877
3 6800 431 7373
3 5493 5495 7169
3 265 6886 7045
3 6828 4398 7183
3 186 366 7005
3 4226 4224 7023
3 4935 6873 6956
3 6842 444 7314
3 1772 6871 6911
3 4365 6285 7047
3 5638 1920 6916
3 3104 4287 7294
3 3130 6718 7137
3 6855 4068 6900
3 3311 7126 7142
3 3824 6397 6938
3 5511 6970 7148
3 2268 6602 6802
3 6414 482 7173
3 160 161 6914
3 4029 6784 6941
3 4258 4257 6952
3 5387 1145 7188
3 923 921 6893
3 6749 5785 6862
3 6854 309 7132
3 3741 3234 6888
3 613 5698 7296
3 7236 3104 7294
3 6508 444 6842
3 475 5564 7349
3 6538 4246 7141
3 921 6798 6893
3 5555 477 7087
3 6799 4333 7384
3 4956 5449 7280
3 6862 2194 6973
3 6885 6067 7162
3 1900 6099 6874
3 3156 2738 7058
3 189 190 437
3 5164 4308 7395
3 3533 5674 6955
3 5159 6665 7262
3 4001 5853 7063
3 6440 3641 7279
3 428 5491 7383
3 185 186 7005
3 5827 4406 6910
3 6687 5978 6877
3 5649 418 6964
3 279 280 6985
3 3897 3789 6970
3 3823 4565 7346
3 5397 5390 7004
3 2873 3174 6861
3 5918 1441 6873
3 3782 6562 7150
3 3891 5685 6949
3 4857 4856 7372
3 4322 4286 6945
3 388 5104 7096
3 4246 4393 6935
3 5507 4351 7302
3 6159 2302 6882
3 4106 4107 6963
3 2275 2276 6972
3 4219 7252 7344
3 3577 5706 7012
3 5256 4281 7367
3 94 6836 7049
3 4218 6656 6668
3 6881 5283 6974
3 4365 4179 7266
3 4601 6586 7207
3 2969 2967 6841
3 3920 4375 7146
3 4286 5864 6883
3 4186 6936 7082
3 3184 6107 6876
3 7027 4639 7084
3 5166 7156 7252
3 7147 3667 7323
3 6971 3182 7003
3 4991 4992 7101
3 3888 6687 6877
3 6882 2302 7024
3 6839 2691 6975
3 5162 6997 7066
3 5881 6450 6734
3 6457 4031 6707
3 4484 7066 7209
3 3076 2818 6987
3 1736 6961 7044
3 2174 6837 6959
3 1993 5511 7148
3 5829 2462 7101
3 5122 6892 6961
3 4724 6343 6825
3 4814 4813 7269
3 3313 4173 6999
3 5083 2002 7067
3 4910 4909 7141
3 6058 6684 6790
3 6926 3874 6969
3 5624 3182 6971
3 6689 6942 6954
3 3092 6204 6816
3 442 134 7385
3 3149 3451 6986
3 4168 6201 6848
3 329 330 7059
3 5341 3707 7161
3 7306 4647 7340
3 4822 4153 7029
3 4163 5505 7201
3 4104 4611 7177
3 465 6309 7061
3 5864 3803 6892
3 6527 4645 6775
3 4286 6883 6945
3 1637 6804 6917
3 4135 4115 7064
3 7255 4408 7336
3 4240 5147 7295
3 6446 4582 7300
3 1119 1116 7022
3 1 2 5603
3 6744 2112 6840
3 3869 5701 6994
3 432 6689 6954
3 5927 3874 6926
3 7068 3039 7099
3 5265 2045 7289
3 5502 6787 6920
3 6582 2420 6709
3 113 114 7007
3 2897 4265 7113
3 433 146 6923
3 5266 4187 7334
3 7269 4813 7379
3 178 454 7069
3 4042 6463 6992
3 4085 2544 7236
3 6057 4029 6941
3 901 895 7030
3 5654 4035 6977
3 950 5243 7354
3 360 6502 7023
3 4308 4309 7009
3 5534 5536 7033
3 7009 3389 7395
3 6587 4040 6916
3 288 6330 7118
3 508 506 6962
3 6723 4559 6807
3 5882 5158 7262
3 4164 5645 7272
3 3661 5093 7229
3 5491 5493 7241
3 5537 395 7062
3 4249 5774 7106
3 159 447 7321
3 2695 3039 7068
3 1112 1133 7043
3 5209 4835 7126
3 4813 4815 7379
3 477 5551 7038
3 3182 4001 7003
3 4149 4150 7094
3 6029 3794 6947
3 4414 3449 7020
3 872 874 7167
3 2096 6110 6967
3 2097 5387 7175
3 4187 5816 7334
3 234 235 7039
3 6892 3803 6961
3 4281 4278 6976
3 1935 4740 7365
3 4989 6764 7273
3 6285 458 7047
3 2194 5782 6973
3 4109 5451 7006
3 264 265 7045
3 7169 6035 7241
3 4148 3078 7036
3 6694 5192 6804
3 6774 3879 7191
3 3747 4355 7287
3 4186 6077 6936
3 456 171 6875
3 3624 5882 7262
3 2636 3300 7102
3 420 339 7220
3 5271 3573 7215
3 5585 5475 7251
3 4095 4093 7129
3 5791 1362 7311
3 3487 5854 7108
3 3922 6062 6885
3 5056 6926 6969
3 4107 6229 6963
3 4220 3917 6978
3 7012 5706 7098
3 4158 4159 7000
3 5904 3721 7299
3 93 94 7049
3 423 5585 7251
3 5497 5535 7149
3 1989 5638 7048
3 5638 6916 7048
3 4367 4908 7090
3 4006 4389 7026
3 5236 1134 7340
3 161 3264 6914
3 431 5257 7373
3 3039 3823 7099
3 4232 6341 7076
3 4926 3974 7143
3 5400 468 7352
3 6000 4139 6950
3 6079 1637 6917
3 2691 5866 6975
3 4082 3496 7073
3 4849 6602 7002
3 5839 7264 7285
3 6883 5864 6892
3 5961 6483 6776
3 3922 6885 7162
3 4257 4160 7056
3 4221 4444 7133
3 7162 4220 7277
3 4477 3114 7124
3 6656 929 6668
3 6926 863 6979
3 512 510 7002
3 4151 5990 7096
3 4503 3298 7371
3 3934 5927 6979
3 5420 3216 7183
3 6949 5685 7110
3 928 925 7001
3 4118 4632 7134
3 2134 5733 7035
3 4411 4188 7308
3 1530 1615 7268
3 5334 5333 7078
3 7095 2575 7196
3 5758 3514 7204
3 4704 4033 7081
3 6430 441 6795
3 7222 6952 7251
3 3216 6828 7183
3 5971 1474 7205
3 3711 6559 7010
3 6905 4331 7027
3 7229 5093 7283
3 952 7028 7144
3 3684 4494 7263
3 4875 6768 6948
3 6619 22 6980
3 3880 3116 7104
3 3874 5970 6969
3 4479 3970 7062
3 5198 3171 7157
3 951 950 7354
3 7152 4459 7363
3 3803 5922 6961
3 239 3345 7121
3 5367 5366 7374
3 3741 6888 7092
3 2811 5992 6960
3 468 5400 7189
3 1269 1438 7031
3 952 5678 7028
3 4324 6867 6968
3 6950 4139 6982
3 5093 5094 7283
3 2069 3948 7228
3 7355 3828 7375
3 887 885 7378
3 4245 7288 7320
3 4359 7355 7362
3 2515 2895 7054
3 4173 6470 7087
3 5444 2949 7297
3 4022 7027 7084
3 1158 1156 7338
3 3785 5998 6990
3 6071 3456 6948
3 6863 4143 6991
3 2946 3651 7015
3 6586 373 7174
3 3531 5873 7257
3 6957 4233 7040
3 4258 6952 7222
3 4233 3265 7040
3 5 453 6789
3 53 54 7091
3 7329 4361 7362
3 3070 4304 7150
3 1067 1070 7089
3 7165 1335 7206
3 2723 3082 7357
3 3318 287 7118
3 6341 5547 7076
3 5486 5487 7135
3 4954 4232 7076
3 372 6280 7301
3 4046 4045 6813
3 196 197 6510
3 4237 3968 7055
3 4883 6555 7333
3 491 6420 7100
3 6691 2096 6967
3 521 523 7125
3 3931 6894 6997
3 6679 4387 7136
3 5644 5334 7115
3 6488 4048 6870
3 461 4922 7214
3 5702 5427 7037
3 3847 2779 7202
3 5824 3645 7025
3 1276 1335 7165
3 309 310 7132
3 7073 4078 7242
3 7157 3171 7239
3 3704 3705 7016
3 4666 4431 7224
3 3975 6149 6929
3 5158 5159 7262
3 4227 3849 7085
3 4146 5654 7086
3 3828 3168 7375
3 5927 6926 6979
3 5654 6977 7086
3 4359 3828 7355
3 4444 7071 7133
3 368 4639 7027
3 5406 4584 7140
3 467 5456 7166
3 4727 4112 7341
3 5571 6719 7233
3 3180 3138 7107
3 4332 6799 7309
3 5516 3867 7164
3 4795 5952 7292
3 4245 4243 7288
3 4810 4812 7270
3 4361 4359 7362
3 5334 7078 7115
3 7126 4835 7142
3 3488 5689 7216
3 7078 2202 7115
3 4729 4727 7328
3 4236 5400 7352
3 4463 4111 7264
3 6240 7162 7277
3 2795 2248 7083
3 5685 4092 7110
3 4146 7086 7203
3 5123 6883 6892
3 4393 4245 7320
3 5259 4361 7329
3 1134 1135 7306
3 815 7285 7334
3 5706 1282 7098
3 6964 418 7339
3 5853 3778 7070
3 2302 5895 7024
3 5445 952 7144
3 3497 5434 7317
3 3042 4479 7242
3 1335 1515 7206
3 4329 4330 7046
3 1194 1192 7128
3 6768 6071 6948
3 4358 6841 7380
3 893 891 7181
3 7106 5774 7247
3 2541 2754 7145
3 5647 4172 7127
3 4992 5444 7297
3 4451 3497 7303
3 3645 6974 7025
3 3158 2433 7235
3 1134 7306 7340
3 3707 2973 7161
3 2202 5764 7115
3 7033 3970 7322
3 390 5553 7199
3 4235 6187 7008
3 4155 3282 7072
3 3973 4028 7103
3 3115 4383 7146
3 4140 4141 7155
3 6997 3939 7066
3 3683 6394 7256
3 4951 6773 6884
3 5243 4186 7082
3 1280 1369 7278
3 2766 5576 7343
3 5495 5494 7231
3 7145 2754 7179
3 5645 7194 7272
3 4159 6344 7000
3 5645 5644 7194
3 4383 3870 7185
3 4362 6842 7314
3 386 193 6495
3 5630 2766 7184
3 3939 5809 7066
3 5432 963 7186
3 3687 4382 7298
3 6802 4163 7201
3 7175 5387 7188
3 5839 2192 7264
3 4369 7284 7319
3 4241 4242 7032
3 6394 2982 6939
3 6419 453 7342
3 7299 4426 7325
3 6897 5253 7176
3 7264 4111 7285
3 4175 3741 7092
3 4174 5600 7291
3 7312 4371 7319
3 4424 7312 7325
3 7110 4092 7255
3 1830 1651 7097
3 4052 3739 7116
3 4351 6290 7302
3 6861 4556 7123
3 7194 737 7272
3 4705 4164 7359
3 7285 5266 7334
3 164 165 7170
3 5891 5824 7105
3 1039 1037 7388
3 1178 603 7332
3 1362 6286 7311
3 4221 7133 7245
3 4369 3877 7284
3 4350 4349 7227
3 2589 2971 7080
3 4480 4426 7299
3 4398 4399 7183
3 6978 4607 7102
3 6614 4502 7254
3 5873 4135 7257
3 6703 2270 7326
3 4424 4371 7312
3 5922 4020 7044
3 6791 4176 6857
3 4565 6540 7346
3 2297 2537 7382
3 4064 6621 6859
3 4426 4424 7325
3 4371 4369 7319
3 2751 5621 7208
3 628 786 7364
3 4341 3123 7223
3 2998 6029 7112
3 6546 467 6824
3 6324 3674 6992
3 6067 4220 7162
3 4406 4056 7188
3 4270 4268 7211
3 2616 2506 7138
3 5545 3318 7266
3 4501 6414 7173
3 426 261 7368
3 5824 7025 7105
3 7234 4348 7370
3 4328 7099 7346
3 6113 2268 7201
3 2110 5483 7360
3 4111 5266 7285
3 3433 4322 7290
3 3932 4263 7324
3 4056 4414 7175
3 262 263 7300
3 2934 3522 7322
3 7184 2766 7343
3 2942 2578 7111
3 6550 5849 6982
3 6891 4241 7032
3 6917 4248 7326
3 5998 6122 7109
3 394 6198 7021
3 601 599 7386
3 4948 4950 7219
3 2196 5887 7042
3 3062 4183 7193
3 633 629 7243
3 373 5619 7174
3 5764 737 7194
3 4056 7175 7188
3 6961 5922 7044
3 2754 5818 7179
3 5736 6634 6782
3 6092 2802 7212
3 484 6461 6932
3 3984 4060 7249
3 485 6672 7304
3 4092 4408 7255
3 1431 1278 7260
3 7303 3497 7317
3 4175 7092 7182
3 4387 4386 7327
3 7187 2758 7221
3 3171 5330 7239
3 447 160 6914
3 7114 2163 7171
3 5895 2163 7114
3 4309 6942 7009
3 6990 5998 7109
3 6849 3897 6970
3 7044 4020 7163
3 1688 1273 7246
3 4288 6057 7154
3 192 386 6531
3 418 5512 7339
3 5170 6671 7022
3 4147 4146 7203
3 3276 3275 7254
3 5606 2094 7344
3 5324 5323 7383
3 5818 4258 7222
3 4156 4157 7195
3 4766 4917 7207
3 815 5839 7285
3 4905 4221 7245
3 5908 5544 7345
3 5300 6117 7136
3 7115 5764 7194
3 5579 4175 7182
3 5644 7115 7194
3 4427 4480 7286
3 1292 6405 7324
3 6664 4794 7318
3 6859 5344 6998
3 4697 4696 7317
3 5790 2440 7168
3 82 83 7333
3 1701 6702 6860
3 4045 6613 6813
3 2835 2497 7226
3 447 6953 7321
3 624 626 7305
3 403 6199 7088
3 7179 5818 7222
3 4632 4631 7197
3 737 5770 7272
3 7156 1133 7252
3 2644 6035 7169
3 4603 4604 7160
3 3133 3134 7213
3 5782 5177 7131
3 3879 3112 7191
3 5598 4477 7294
3 5550 4240 7295
3 4477 7236 7294
3 88 89 7351
3 4696 7303 7317
3 1133 5606 7252
3 6330 3318 7118
3 4333 3196 7237
3 3319 7152 7363
3 3691 6255 7267
3 6029 6947 7112
3 6630 464 7369
3 6304 4358 7253
3 4013 6760 6937
3 5879 2758 7187
3 2330 6313 7065
3 546 544 7271
3 5774 4180 7247
3 191 6531 6532
3 4170 3129 7282
3 434 5550 7295
3 828 595 7347
3 6397 3064 6938
3 5816 815 7334
3 3286 3748 7217
3 7024 5895 7114
3 4869 6485 7225
3 6470 5555 7087
3 5770 2166 7359
3 3065 3793 7225
3 6599 4108 7117
3 5809 2957 7209
3 2268 6802 7201
3 996 982 7377
3 477 7038 7087
3 3064 6600 6938
3 5159 6472 7017
3 2163 5906 7171
3 4917 6834 7207
3 2758 5894 7221
3 4164 7272 7359
3 4427 7286 7330
3 7280 4300 7393
3 4669 409 7318
3 3667 2807 7323
3 5780 2755 7276
3 4428 4427 7330
3 4908 7030 7090
3 189 437 6345
3 3942 3958 7394
3 387 6341 7063
3 2949 5829 7297
3 1548 1431 7381
3 6773 4886 6884
3 5263 7015 7258
3 369 5945 7079
3 3708 4254 7307
3 6739 5485 6815
3 4020 5943 7163
3 863 6931 6979
3 3319 6101 7152
3 3573 3574 7215
3 7066 5809 7209
3 4696 5869 7303
3 5581 5908 7345
3 6472 5570 7017
3 1431 7260 7381
3 6240 3922 7162
3 5876 468 7189
3 1311 6761 6829
3 4141 7037 7155
3 2462 6851 7101
3 4528 6526 7181
3 5905 2837 7335
3 5943 4178 7240
3 6681 5406 7140
3 370 5507 7302
3 7139 4346 7234
3 444 4567 7314
3 158 159 7321
3 6727 2201 7164
3 4084 4462 7361
3 7272 5770 7359
3 377 6155 7172
3 7252 5606 7344
3 4408 6448 7336
3 6642 3852 6904
3 6659 4648 7386
3 6035 5324 7241
3 5449 6475 7280
3 3 491 6569
3 2582 3043 7275
3 7138 2506 7248
3 2613 2321 7259
3 3641 6002 7279
3 6764 4991 6851
3 6461 4130 6932
3 1438 5878 7328
3 6672 4726 7304
3 6705 978 7230
3 5933 369 7139
3 6824 467 7166
3 6204 3667 7147
3 6853 372 7301
3 7036 5519 7296
3 4139 6550 6982
3 1434 6757 7366
3 4843 6644 7104
3 6973 5782 7131
3 4542 6430 7137
3 2506 6044 7248
3 6851 4991 7101
3 369 7079 7139
3 3914 6150 7159
3 6726 1371 7185
3 5924 6546 7122
3 6448 4878 7336
3 6351 3058 7392
3 4647 6279 7340
3 7163 5943 7240
3 6942 4309 6954
3 3058 6249 7392
3 5341 7161 7230
3 7079 5945 7198
3 5821 5822 7390
3 1438 7328 7341
3 386 6495 6773
3 5945 4222 7198
3 6665 5159 7017
3 409 6664 7318
3 6348 1268 7178
3 6764 6336 7273
3 6644 3880 7104
3 4639 6438 7084
3 4589 6308 7258
3 6910 4406 7130
3 4390 5900 7313
3 4103 6268 7244
3 6699 3813 7093
3 483 5933 7234
3 7100 6420 7293
3 6082 3319 7363
3 1992 7026 7120
3 6596 4506 7019
3 5933 7139 7234
3 5491 7241 7383
3 7064 3532 7257
3 6623 4281 7358
3 7328 4727 7341
3 6475 4300 7280
3 6689 5078 6942
3 4004 7079 7198
3 1761 6114 7269
3 4715 7238 7353
3 3311 6670 7126
3 3030 6737 7077
3 6524 5271 7215
3 6563 449 6988
3 6930 3802 7041
3 2971 6723 7080
3 6674 4585 7130
3 4037 6699 7093
3 7079 4344 7139
3 6819 4629 6925
3 3914 7159 7376
3 7253 4358 7380
3 6405 3932 7324
3 6394 6939 7256
3 6923 5821 7390
3 6816 6204 7147
3 5170 7043 7156
3 4722 6824 7166
3 6336 4986 7273
3 6718 4542 7137
3 2882 6184 7274
3 6641 4037 7093
3 6797 1292 7324
3 6746 5519 6987
3 6286 4772 7311
3 6873 1441 6956
3 4888 6779 7075
3 3962 7046 7389
3 438 196 6510
3 1474 6965 7205
3 3736 158 7321
3 6266 4332 7309
3 6736 5422 7116
3 7213 3134 7337
3 3269 6928 6957
3 6867 1248 6968
3 4145 6740 7256
3 6928 4233 6957
3 6546 6824 7122
3 437 190 6532
3 6592 4101 7050
3 4887 438 6510
3 197 198 487
3 5678 6770 7028
3 6249 4184 7392
3 7192 398 7345
3 4429 6774 7220
3 6117 6679 7136
3 5907 456 7380
3 7159 4723 7376
3 7241 5324 7383
3 2457 6607 7281
3 6894 3939 6997
3 7389 4330 7390
3 6943 4004 7198
3 5603 2 6569
3 6770 4083 7028
3 3108 7019 7238
3 6841 5907 7380
3 6869 4008 7020
3 6774 420 7220
3 6420 4114 7293
3 6808 4647 7306
3 4263 6797 7324
3 2953 6868 7135
3 6250 4236 7352
3 6939 4145 7256
3 483 7234 7370
3 4022 6905 7027
3 6607 5458 7281
3 729 6790 7210
3 6850 5254 7282
3 419 6627 7190
3 7124 4085 7236
3 6741 3311 7142
3 6540 4328 7346
3 6952 423 7251
3 4856 6960 7372
3 6788 1761 7379
3 6635 1434 7366
3 6927 2202 7078
3 4036 6705 7230
3 6824 5371 7122
3 6719 4171 7233
3 6900 4569 7202
3 6756 4525 7200
3 4293 7100 7293
3 7099 3823 7346
3 4171 6720 7233
3 4585 6910 7130
3 6953 3736 7321
3 4525 6805 7200
3 453 6310 7342
3 4220 6978 7277
3 3300 6978 7102
3 3264 6826 7265
3 4248 6703 7326
3 7026 4389 7120
3 6310 4497 7342
3 420 6774 7224
3 6918 4836 7278
3 5475 7222 7251
3 4308 7009 7395
3 6890 4390 7313
3 6932 4130 7315
3 6779 4616 7075
3 6691 3962 7389
3 7237 4503 7371
3 6978 3300 7277
3 7243 5367 7374
3 5444 6890 7313
3 7043 1133 7156
3 7046 4330 7389
3 6733 3942 7394
3 6965 5224 7205
3 6747 3914 7376
3 7019 4506 7238
3 4234 6853 7301
3 6569 491 7100
3 197 487 6510
3 4616 6779 7261
3 6757 4496 7366
3 6079 6917 7326
3 6875 4471 7253
3 7015 3651 7258
3 4135 7064 7257
3 7203 2457 7281
3 4082 7073 7242
3 437 6532 7177
3 4188 7248 7308
3 6855 4290 7369
3 7006 5451 7291
3 4515 6932 7315
3 4780 6799 7384
3 4477 7124 7236
3 4632 7197 7372
3 4148 7036 7296
3 5534 7033 7322
3 4281 6976 7367
3 6914 3264 7265
3 7031 1438 7341
3 7197 4857 7372
3 4147 7203 7281
3 5243 7082 7354
3 4155 7072 7365
3 7248 6044 7308
3 5544 7192 7345
3 4333 7237 7371
3 633 7243 7374
3 0 1 5603
3 357 0 5603
3 156 157 3736
3 169 170 4057
3 198 212 487

CELL_TYPES 14991
1
1
1
1
1
1
1
1
1
1
1
1
1
1
1
1
1
1
1
1
1
1
1
1
1
1
1
1
1
1
1
1
1
1
1
1
1
1
1
1
1
1
1
1
1
1
1
1
1
1
1
1
1
1
1
1
1
1
1
1
1
1
1
1
1
1
1
1
1
1
1
1
1
1
1
1
1
1
1
1
1
1
1
1
1
1
1
1
1
1
1
1
1
1
1
1
1
1
1
1
1
1
1
1
1
1
1
1
1
1
1
1
1
1
1
1
1
1
1
1
1
1
1
1
1
1
1
1
1
1
1
1
1
1
1
1
1
1
1
1
1
1
1
1
1
1
1
1
1
1
1
1
1
1
1
1
1
1
1
1
1
1
1
1
1
1
1
1
1
1
1
1
1
1
1
1
1
1
1
1
1
1
1
1
1
1
1
1
1
1
1
1
1
1
1
1
1
1
1
1
1
3
3
3
3
3
3
3
3
3
3
3
3
3
3
3
3
3
3
3
3
3
3
3
3
3
3
3
3
3
3
3
3
3
3
3
3
3
3
3
3
3
3
3
3
3
3
3
3
3
3
3
3
3
3
3
3
3
3
3
3
3
3
3
3
3
3
3
3
3
3
3
3
3
3
3
3
3
3
3
3
3
3
3
3
3
3
3
3
3
3
3
3
3
3
3
3
3
3
3
3
3
3
3
3
3
3
3
3
3
3
3
3
3
3
3
3
3
3
3
3
3
3
3
3
3
3
3
3
3
3
3
3
3
3
3
3
3
3
3
3
3
3
3
3
3
3
3
3
3
3
3
3
3
3
3
3
3
3
3
3
3
3
3
3
3
3
3
3
3
3
3
3
3
3
3
3
3
3
3
3
3
3
3
3
3
3
3
3
3
3
3
3
3
3
3
3
3
3
3
3
3
3
3
3
3
3
3
3
3
3
3
3
3
3
3
3
3
3
3
3
3
3
3
3
3
3
3
3
3
3
3
3
3
3
3
3
3
3
3
3
3
3
3
3
3
3
3
3
3
3
3
3
3
3
3
3
3
3
3
3
3
3
3
3
3
3
3
3
3
3
3
3
3
3
3
3
3
3
3
3
3
3
3
3
3
3
3
3
3
3
3
3
3
3
3
3
3
3
3
3
3
3
3
3
3
3
3
3
3
3
3
3
3
3
3
3
3
3
3
3
3
3
3
3
3
3
3
3
3
3
3
3
3
3
3
3
3
3
3
3
3
3
3
3
3
3
3
3
3
3
3
3
3
3
3
3
3
3
5
5
5
5
5
5
5
5
5
5
5
5
5
5
5
5
5
5
5
5
5
5
5
5
5
5
5
5
5
5
5
5
5
5
5
5
5
5
5
5
5
5
5
5
5
5
5
5
5
5
5
5
5
5
5
5
5
5
5
5
5
5
5
5
5
5
5
5
5
5
5
5
5
5
5
5
5
5
5
5
5
5
5
5
5
5
5
5
5
5
5
5
5
5
5
5
5
5
5
5
5
5
5
5
5
5
5
5
5
5
5
5
5
5
5
5
5
5
5
5
5
5
5
5
5
5
5
5
5
5
5
5
5
5
5
5
5
5
5
5
5
5
5
5
5
5
5
5
5
5
5
5
5
5
5
5
5
5
5
5
5
5
5
5
5
5
5
5
5
5
5
5
5
5
5
5
5
5
5
5
5
5
5
5
5
5
5
5
5
5
5
5
5
5
5
5
5
5
5
5
5
5
5
5
5
5
5
5
5
5
5
5
5
5
5
5
5
5
5
5
5
5
5
5
5
5
5
5
5
5
5
5
5
5
5
5
5
5
5
5
5
5
5
5
5
5
5
5
5
5
5
5
5
5
5
5
5
5
5
5
5
5
5
5
5
5
5
5
5
5
5
5
5
5
5
5
5
5
5
5
5
5
5
5
5
5
5
5
5
5
5
5
5
5
5
5
5
5
5
5
5
5
5
5
5
5
5
5
5
5
5
5
5
5
5
5
5
5
5
5
5
5
5
5
5
5
5
5
5
5
5
5
5
5
5
5
5
5
5
5
5
5
5
5
5
5
5
5
5
5
5
5
5
5
5
5
5
5
5
5
5
5
5
5
5
5
5
5
5
5
5
5
5
5
5
5
5
5
5
5
5
5
5
5
5
5
5
5
5
5
5
5
5
5
5
5
5
5
5
5
5
5
5
5
5
5
5
5
5
5
5
5
5
5
5
5
5
5
5
5
5
5
5
5
5
5
5
5
5
5
5
5
5
5
5
5
5
5
5
5
5
5
5
5
5
5
5
5
5
5
5
5
5
5
5
5
5
5
5
5
5
5
5
5
5
5
5
5
5
5
5
5
5
5
5
5
5
5
5
5
5
5
5
5
5
5
5
5
5
5
5
5
5
5
5
5
5
5
5
5
5
5
5
5
5
5
5
5
5
5
5
5
5
5
5
5
5
5
5
5
5
5
5
5
5
5
5
5
5
5
5
5
5
5
5
5
5
5
5
5
5
5
5
5
5
5
5
5
5
5
5
5
5
5
5
5
5
5
5
5
5
5
5
5
5
5
5
5
5
5
5
5
5
5
5
5
5
5
5
5
5
5
5
5
5
5
5
5
5
5
5
5
5
5
5
5
5
5
5
5
5
5
5
5
5
5
5
5
5
5
5
5
5
5
5
5
5
5
5
5
5
5
5
5
5
5
5
5
5
5
5
5
5
5
5
5
5
5
5
5
5
5
5
5
5
5
5
5
5
5
5
5
5
5
5
5
5
5
5
5
5
5
5
5
5
5
5
5
5
5
5
5
5
5
5
5
5
5
5
5
5
5
5
5
5
5
5
5
5
5
5
5
5
5
5
5
5
5
5
5
5
5
5
5
5
5
5
5
5
5
5
5
5
5
5
5
5
5
5
5
5
5
5
5
5
5
5
5
5
5
5
5
5
5
5
5
5
5
5
5
5
5
5
5
5
5
5
5
5
5
5
5
5
5
5
5
5
5
5
5
5
5
5
5
5
5
5
5
5
5
5
5
5
5
5
5
5
5
5
5
5
5
5
5
5
5
5
5
5
5
5
5
5
5
5
5
5
5
5
5
5
5
5
5
5
5
5
5
5
5
5
5
5
5
5
5
5
5
5
5
5
5
5
5
5
5
5
5
5
5
5
5
5
5
5
5
5
5
5
5
5
5
5
5
5
5
5
5
5
5
5
5
5
5
5
5
5
5
5
5
5
5
5
5
5
5
5
5
5
5
5
5
5
5
5
5
5
5
5
5
5
5
5
5
5
5
5
5
5
5
5
5
5
5
5
5
5
5
5
5
5
5
5
5
5
5
5
5
5
5
5
5
5
5
5
5
5
5
5
5
5
5
5
5
5
5
5
5
5
5
5
5
5
5
5
5
5
5
5
5
5
5
5
5
5
5
5
5
5
5
5
5
5
5
5
5
5
5
5
5
5
5
5
5
5
5
5
5
5
5
5
5
5
5
5
5
5
5
5
5
5
5
5
5
5
5
5
5
5
5
5
5
5
5
5
5
5
5
5
5
5
5
5
5
5
5
5
5
5
5
5
5
5
5
5
5
5
5
5
5
5
5
5
5
5
5
5
5
5
5
5
5
5
5
5
5
5
5
5
5
5
5
5
5
5
5
5
5
5
5
5
5
5
5
5
5
5
5
5
5
5
5
5
5
5
5
5
5
5
5
5
5
5
5
5
5
5
5
5
5
5
5
5
5
5
5
5
5
5
5
5
5
5
5
5
5
5
5
5
5
5
5
5
5
5
5
5
5
5
5
5
5
5
5
5
5
5
5
5
5
5
5
5
5
5
5
5
5
5
5
5
5
5
5
5
5
5
5
5
5
5
5
5
5
5
5
5
5
5
5
5
5
5
5
5
5
5
5
5
5
5
5
5
5
5
5
5
5
5
5
5
5
5
5
5
5
5
5
5
5
5
5
5
5
5
5
5
5
5
5
5
5
5
5
5
5
5
5
5
5
5
5
5
5
5
5
5
5
5
5
5
5
5
5
5
5
5
5
5
5
5
5
5
5
5
5
5
5
5
5
5
5
5
5
5
5
5
5
5
5
5
5
5
5
5
5
5
5
5
5
5
5
5
5
5
5
5
5
5
5
5
5
5
5
5
5
5
5
5
5
5
5
5
5
5
5
5
5
5
5
5
5
5
5
5
5
5
5
5
5
5
5
5
5
5
5
5
5
5
5
5
5
5
5
5
5
5
5
5
5
5
5
5
5
5
5
5
5
5
5
5
5
5
5
5
5
5
5
5
5
5
5
5
5
5
5
5
5
5
5
5
5
5
5
5
5
5
5
5
5
5
5
5
5
5
5
5
5
5
5
5
5
5
5
5
5
5
5
5
5
5
5
5
5
5
5
5
5
5
5
5
5
5
5
5
5
5
5
5
5
5
5
5
5
5
5
5
5
5
5
5
5
5
5
5
5
5
5
5
5
5
5
5
5
5
5
5
5
5
5
5
5
5
5
5
5
5
5
5
5
5
5
5
5
5
5
5
5
5
5
5
5
5
5
5
5
5
5
5
5
5
5
5
5
5
5
5
5
5
5
5
5
5
5
5
5
5
5
5
5
5
5
5
5
5
5
5
5
5
5
5
5
5
5
5
5
5
5
5
5
5
5
5
5
5
5
5
5
5
5
5
5
5
5
5
5
5
5
5
5
5
5
5
5
5
5
5
5
5
5
5
5
5
5
5
5
5
5
5
5
5
5
5
5
5
5
5
5
5
5
5
5
5
5
5
5
5
5
5
5
5
5
5
5
5
5
5
5
5
5
5
5
5
5
5
5
5
5
5
5
5
5
5
5
5
5
5
5
5
5
5
5
5
5
5
5
5
5
5
5
5
5
5
5
5
5
5
5
5
5
5
5
5
5
5
5
5
5
5
5
5
5
5
5
5
5
5
5
5
5
5
5
5
5
5
5
5
5
5
5
5
5
5
5
5
5
5
5
5
5
5
5
5
5
5
5
5
5
5
5
5
5
5
5
5
5
5
5
5
5
5
5
5
5
5
5
5
5
5
5
5
5
5
5
5
5
5
5
5
5
5
5
5
5
5
5
5
5
5
5
5
5
5
5
5
5
5
5
5
5
5
5
5
5
5
5
5
5
5
5
5
5
5
5
5
5
5
5
5
5
5
5
5
5
5
5
5
5
5
5
5
5
5
5
5
5
5
5
5
5
5
5
5
5
5
5
5
5
5
5
5
5
5
5
5
5
5
5
5
5
5
5
5
5
5
5
5
5
5
5
5
5
5
5
5
5
5
5
5
5
5
5
5
5
5
5
5
5
5
5
5
5
5
5
5
5
5
5
5
5
5
5
5
5
5
5
5
5
5
5
5
5
5
5
5
5
5
5
5
5
5
5
5
5
5
5
5
5
5
5
5
5
5
5
5
5
5
5
5
5
5
5
5
5
5
5
5
5
5
5
5
5
5
5
5
5
5
5
5
5
5
5
5
5
5
5
5
5
5
5
5
5
5
5
5
5
5
5
5
5
5
5
5
5
5
5
5
5
5
5
5
5
5
5
5
5
5
5
5
5
5
5
5
5
5
5
5
5
5
5
5
5
5
5
5
5
5
5
5
5
5
5
5
5
5
5
5
5
5
5
5
5
5
5
5
5
5
5
5
5
5
5
5
5
5
5
5
5
5
5
5
5
5
5
5
5
5
5
5
5
5
5
5
5
5
5
5
5
5
5
5
5
5
5
5
5
5
5
5
5
5
5
5
5
5
5
5
5
5
5
5
5
5
5
5
5
5
5
5
5
5
5
5
5
5
5
5
5
5
5
5
5
5
5
5
5
5
5
5
5
5
5
5
5
5
5
5
5
5
5
5
5
5
5
5
5
5
5
5
5
5
5
5
5
5
5
5
5
5
5
5
5
5
5
5
5
5
5
5
5
5
5
5
5
5
5
5
5
5
5
5
5
5
5
5
5
5
5
5
5
5
5
5
5
5
5
5
5
5
5
5
5
5
5
5
5
5
5
5
5
5
5
5
5
5
5
5
5
5
5
5
5
5
5
5
5
5
5
5
5
5
5
5
5
5
5
5
5
5
5
5
5
5
5
5
5
5
5
5
5
5
5
5
5
5
5
5
5
5
5
5
5
5
5
5
5
5
5
5
5
5
5
5
5
5
5
5
5
5
5
5
5
5
5
5
5
5
5
5
5
5
5
5
5
5
5
5
5
5
5
5
5
5
5
5
5
5
5
5
5
5
5
5
5
5
5
5
5
5
5
5
5
5
5
5
5
5
5
5
5
5
5
5
5
5
5
5
5
5
5
5
5
5
5
5
5
5
5
5
5
5
5
5
5
5
5
5
5
5
5
5
5
5
5
5
5
5
5
5
5
5
5
5
5
5
5
5
5
5
5
5
5
5
5
5
5
5
5
5
5
5
5
5
5
5
5
5
5
5
5
5
5
5
5
5
5
5
5
5
5
5
5
5
5
5
5
5
5
5
5
5
5
5
5
5
5
5
5
5
5
5
5
5
5
5
5
5
5
5
5
5
5
5
5
5
5
5
5
5
5
5
5
5
5
5
5
5
5
5
5
5
5
5
5
5
5
5
5
5
5
5
5
5
5
5
5
5
5
5
5
5
5
5
5
5
5
5
5
5
5
5
5
5
5
5
5
5
5
5
5
5
5
5
5
5
5
5
5
5
5
5
5
5
5
5
5
5
5
5
5
5
5
5
5
5
5
5
5
5
5
5
5
5
5
5
5
5
5
5
5
5
5
5
5
5
5
5
5
5
5
5
5
5
5
5
5
5
5
5
5
5
5
5
5
5
5
5
5
5
5
5
5
5
5
5
5
5
5
5
5
5
5
5
5
5
5
5
5
5
5
5
5
5
5
5
5
5
5
5
5
5
5
5
5
5
5
5
5
5
5
5
5
5
5
5
5
5
5
5
5
5
5
5
5
5
5
5
5
5
5
5
5
5
5
5
5
5
5
5
5
5
5
5
5
5
5
5
5
5
5
5
5
5
5
5
5
5
5
5
5
5
5
5
5
5
5
5
5
5
5
5
5
5
5
5
5
5
5
5
5
5
5
5
5
5
5
5
5
5
5
5
5
5
5
5
5
5
5
5
5
5
5
5
5
5
5
5
5
5
5
5
5
5
5
5
5
5
5
5
5
5
5
5
5
5
5
5
5
5
5
5
5
5
5
5
5
5
5
5
5
5
5
5
5
5
5
5
5
5
5
5
5
5
5
5
5
5
5
5
5
5
5
5
5
5
5
5
5
5
5
5
5
5
5
5
5
5
5
5
5
5
5
5
5
5
5
5
5
5
5
5
5
5
5
5
5
5
5
5
5
5
5
5
5
5
5
5
5
5
5
5
5
5
5
5
5
5
5
5
5
5
5
5
5
5
5
5
5
5
5
5
5
5
5
5
5
5
5
5
5
5
5
5
5
5
5
5
5
5
5
5
5
5
5
5
5
5
5
5
5
5
5
5
5
5
5
5
5
5
5
5
5
5
5
5
5
5
5
5
5
5
5
5
5
5
5
5
5
5
5
5
5
5
5
5
5
5
5
5
5
5
5
5
5
5
5
5
5
5
5
5
5
5
5
5
5
5
5
5
5
5
5
5
5
5
5
5
5
5
5
5
5
5
5
5
5
5
5
5
5
5
5
5
5
5
5
5
5
5
5
5
5
5
5
5
5
5
5
5
5
5
5
5
5
5
5
5
5
5
5
5
5
5
5
5
5
5
5
5
5
5
5
5
5
5
5
5
5
5
5
5
5
5
5
5
5
5
5
5
5
5
5
5
5
5
5
5
5
5
5
5
5
5
5
5
5
5
5
5
5
5
5
5
5
5
5
5
5
5
5
5
5
5
5
5
5
5
5
5
5
5
5
5
5
5
5
5
5
5
5
5
5
5
5
5
5
5
5
5
5
5
5
5
5
5
5
5
5
5
5
5
5
5
5
5
5
5
5
5
5
5
5
5
5
5
5
5
5
5
5
5
5
5
5
5
5
5
5
5
5
5
5
5
5
5
5
5
5
5
5
5
5
5
5
5
5
5
5
5
5
5
5
5
5
5
5
5
5
5
5
5
5
5
5
5
5
5
5
5
5
5
5
5
5
5
5
5
5
5
5
5
5
5
5
5
5
5
5
5
5
5
5
5
5
5
5
5
5
5
5
5
5
5
5
5
5
5
5
5
5
5
5
5
5
5
5
5
5
5
5
5
5
5
5
5
5
5
5
5
5
5
5
5
5
5
5
5
5
5
5
5
5
5
5
5
5
5
5
5
5
5
5
5
5
5
5
5
5
5
5
5
5
5
5
5
5
5
5
5
5
5
5
5
5
5
5
5
5
5
5
5
5
5
5
5
5
5
5
5
5
5
5
5
5
5
5
5
5
5
5
5
5
5
5
5
5
5
5
5
5
5
5
5
5
5
5
5
5
5
5
5
5
5
5
5
5
5
5
5
5
5
5
5
5
5
5
5
5
5
5
5
5
5
5
5
5
5
5
5
5
5
5
5
5
5
5
5
5
5
5
5
5
5
5
5
5
5
5
5
5
5
5
5
5
5
5
5
5
5
5
5
5
5
5
5
5
5
5
5
5
5
5
5
5
5
5
5
5
5
5
5
5
5
5
5
5
5
5
5
5
5
5
5
5
5
5
5
5
5
5
5
5
5
5
5
5
5
5
5
5
5
5
5
5
5
5
5
5
5
5
5
5
5
5
5
5
5
5
5
5
5
5
5
5
5
5
5
5
5
5
5
5
5
5
5
5
5
5
5
5
5
5
5
5
5
5
5
5
5
5
5
5
5
5
5
5
5
5
5
5
5
5
5
5
5
5
5
5
5
5
5
5
5
5
5
5
5
5
5
5
5
5
5
5
5
5
5
5
5
5
5
5
5
5
5
5
5
5
5
5
5
5
5
5
5
5
5
5
5
5
5
5
5
5
5
5
5
5
5
5
5
5
5
5
5
5
5
5
5
5
5
5
5
5
5
5
5
5
5
5
5
5
5
5
5
5
5
5
5
5
5
5
5
5
5
5
5
5
5
5
5
5
5
5
5
5
5
5
5
5
5
5
5
5
5
5
5
5
5
5
5
5
5
5
5
5
5
5
5
5
5
5
5
5
5
5
5
5
5
5
5
5
5
5
5
5
5
5
5
5
5
5
5
5
5
5
5
5
5
5
5
5
5
5
5
5
5
5
5
5
5
5
5
5
5
5
5
5
5
5
5
5
5
5
5
5
5
5
5
5
5
5
5
5
5
5
5
5
5
5
5
5
5
5
5
5
5
5
5
5
5
5
5
5
5
5
5
5
5
5
5
5
5
5
5
5
5
5
5
5
5
5
5
5
5
5
5
5
5
5
5
5
5
5
5
5
5
5
5
5
5
5
5
5
5
5
5
5
5
5
5
5
5
5
5
5
5
5
5
5
5
5
5
5
5
5
5
5
5
5
5
5
5
5
5
5
5
5
5
5
5
5
5
5
5
5
5
5
5
5
5
5
5
5
5
5
5
5
5
5
5
5
5
5
5
5
5
5
5
5
5
5
5
5
5
5
5
5
5
5
5
5
5
5
5
5
5
5
5
5
5
5
5
5
5
5
5
5
5
5
5
5
5
5
5
5
5
5
5
5
5
5
5
5
5
5
5
5
5
5
5
5
5
5
5
5
5
5
5
5
5
5
5
5
5
5
5
5
5
5
5
5
5
5
5
5
5
5
5
5
5
5
5
5
5
5
5
5
5
5
5
5
5
5
5
5
5
5
5
5
5
5
5
5
5
5
5
5
5
5
5
5
5
5
5
5
5
5
5
5
5
5
5
5
5
5
5
5
5
5
5
5
5
5
5
5
5
5
5
5
5
5
5
5
5
5
5
5
5
5
5
5
5
5
5
5
5
5
5
5
5
5
5
5
5
5
5
5
5
5
5
5
5
5
5
5
5
5
5
5
5
5
5
5
5
5
5
5
5
5
5
5
5
5
5
5
5
5
5
5
5
5
5
5
5
5
5
5
5
5
5
5
5
5
5
5
5
5
5
5
5
5
5
5
5
5
5
5
5
5
5
5
5
5
5
5
5
5
5
5
5
5
5
5
5
5
5
5
5
5
5
5
5
5
5
5
5
5
5
5
5
5
5
5
5
5
5
5
5
5
5
5
5
5
5
5
5
5
5
5
5
5
5
5
5
5
5
5
5
5
5
5
5
5
5
5
5
5
5
5
5
5
5
5
5
5
5
5
5
5
5
5
5
5
5
5
5
5
5
5
5
5
5
5
5
5
5
5
5
5
5
5
5
5
5
5
5
5
5
5
5
5
5
5
5
5
5
5
5
5
5
5
5
5
5
5
5
5
5
5
5
5
5
5
5
5
5
5
5
5
5
5
5
5
5
5
5
5
5
5
5
5
5
5
5
5
5
5
5
5
5
5
5
5
5
5
5
5
5
5
5
5
5
5
5
5
5
5
5
5
5
5
5
5
5
5
5
5
5
5
5
5
5
5
5
5
5
5
5
5
5
5
5
5
5
5
5
5
5
5
5
5
5
5
5
5
5
5
5
5
5
5
5
5
5
5
5
5
5
5
5
5
5
5
5
5
5
5
5
5
5
5
5
5
5
5
5
5
5
5
5
5
5
5
5
5
5
5
5
5
5
5
5
5
5
5
5
5
5
5
5
5
5
5
5
5
5
5
5
5
5
5
5
5
5
5
5
5
5
5
5
5
5
5
5
5
5
5
5
5
5
5
5
5
5
5
5
5
5
5
5
5
5
5
5
5
5
5
5
5
5
5
5
5
5
5
5
5
5
5
5
5
5
5
5
5
5
5
5
5
5
5
5
5
5
5
5
5
5
5
5
5
5
5
5
5
5
5
5
5
5
5
5
5
5
5
5
5
5
5
5
5
5
5
5
5
5
5
5
5
5
5
5
5
5
5
5
5
5
5
5
5
5
5
5
5
5
5
5
5
5
5
5
5
5
5
5
5
5
5
5
5
5
5
5
5
5
5
5
5
5
5
5
5
5
5
5
5
5
5
5
5
5
5
5
5
5
5
5
5
5
5
5
5
5
5
5
5
5
5
5
5
5
5
5
5
5
5
5
5
5
5
5
5
5
5
5
5
5
5
5
5
5
5
5
5
5
5
5
5
5
5
5
5
5
5
5
5
5
5
5
5
5
5
5
5
5
5
5
5
5
5
5
5
5
5
5
5
5
5
5
5
5
5
5
5
5
5
5
5
5
5
5
5
5
5
5
5
5
5
5
5
5
5
5
5
5
5
5
5
5
5
5
5
5
5
5
5
5
5
5
5
5
5
5
5
5
5
5
5
5
5
5
5
5
5
5
5
5
5
5
5
5
5
5
5
5
5
5
5
5
5
5
5
5
5
5
5
5
5
5
5
5
5
5
5
5
5
5
5
5
5
5
5
5
5
5
5
5
5
5
5
5
5
5
5
5
5
5
5
5
5
5
5
5
5
5
5
5
5
5
5
5
5
5
5
5
5
5
5
5
5
5
5
5
5
5
5
5
5
5
5
5
5
5
5
5
5
5
5
5
5
5
5
5
5
5
5
5
5
5
5
5
5
5
5
5
5
5
5
5
5
5
5
5
5
5
5
5
5
5
5
5
5
5
5
5
5
5
5
5
5
5
5
5
5
5
5
5
5
5
5
5
5
5
5
5
5
5
5
5
5
5
5
5
5
5
5
5
5
5
5
5
5
5
5
5
5
5
5
5
5
5
5
5
5
5
5
5
5
5
5
5
5
5
5
5
5
5
5
5
5
5
5
5
5
5
5
5
5
5
5
5
5
5
5
5
5
5
5
5
5
5
5
5
5
5
5
5
5
5
5
5
5
5
5
5
5
5
5
5
5
5
5
5
5
5
5
5
5
5
5
5
5
5
5
5
5
5
5
5
5
5
5
5
5
5
5
5
5
5
5
5
5
5
5
5
5
5
5
5
5
5
5
5
5
5
5
5
5
5
5
5
5
5
5
5
5
5
5
5
5
5
5
5
5
5
5
5
5
5
5
5
5
5
5
5
5
5
5
5
5
5
5
5
5
5
5
5
5
5
5
5
5
5
5
5
5
5
5
5
5
5
5
5
5
5
5
5
5
5
5
5
5
5
5
5
5
5
5
5
5
5
5
5
5
5
5
5
5
5
5
5
5
5
5
5
5
5
5
5
5
5
5
5
5
5
5
5
5
5
5
5
5
5
5
5
5
5
5
5
5
5
5
5
5
5
5
5
5
5
5
5
5
5
5
5
5
5
5
5
5
5
5
5
5
5
5
5
5
5
5
5
5
5
5
5
5
5
5
5
5
5
5
5
5
5
5
5
5
5
5
5
5
5
5
5
5
5
5
5
5
5
5
5
5
5
5
5
5
5
5
5
5
5
5
5
5
5
5
5
5
5
5
5
5
5
5
5
5
5
5
5
5
5
5
5
5
5
5
5
5
5
5
5
5
5
5
5
5
5
5
5
5
5
5
5
5
5
5
5
5
5
5
5
5
5
5
5
5
5
5
5
5
5
5
5
5
5
5
5
5
5
5
5
5
5
5
5
5
5
5
5
5
5
5
5
5
5
5
5
5
5
5
5
5
5
5
5
5
5
5
5
5
5
5
5
5
5
5
5
5
5
5
5
5
5
5
5
5
5
5
5
5
5
5
5
5
5
5
5
5
5
5
5
5
5
5
5
5
5
5
5
5
5
5
5
5
5
5
5
5
5
5
5
5
5
5
5
5
5
5
5
5
5
5
5
5
5
5
5
5
5
5
5
5
5
5
5
5
5
5
5
5
5
5
5
5
5
5
5
5
5
5
5
5
5
5
5
5
5
5
5
5
5
5
5
5
5
5
5
5
5
5
5
5
5
5
5
5
5
5
5
5
5
5
5
5
5
5
5
5
5
5
5
5
5
5
5
5
5
5
5
5
5
5
5
5
5
5
5
5
5
5
5
5
5
5
5
5
5
5
5
5
5
5
5
5
5
5
5
5
5
5
5
5
5
5
5
5
5
5
5
5
5
5
5
5
5
5
5
5
5
5
5
5
5
5
5
5
5
5
5
5
5
5
5
5
5
5
5
5
5
5
5
5
5
5
5
5
5
5
5
5
5
5
5
5
5
5
5
5
5
5
5
5
5
5
5
5
5
5
5
5
5
5
5
5
5
5
5
5
5
5
5
5
5
5
5
5
5
5
5
5
5
5
5
5
5
5
5
5
5
5
5
5
5
5
5
5
5
5
5
5
5
5
5
5
5
5
5
5
5
5
5
5
5
5
5
5
5
5
5
5
5
5
5
5
5
5
5
5
5
5
5
5
5
5
5
5
5
5
5
5
5
5
5
5
5
5
5
5
5
5
5
5
5
5
5
5
5
5
5
5
5
5
5
5
5
5
5
5
5
5
5
5
5
5
5
5
5
5
5
5
5
5
5
5
5
5
5
5
5
5
5
5
5
5
5
5
5
5
5
5
5
5
5
5
5
5
5
5
5
5
5
5
5
5
5
5
5
5
5
5
5
5
5
5
5
5
5
5
5
5
5
5
5
5
5
5
5
5
5
5
5
5
5
5
5
5
5
5
5
5
5
5
5
5
5
5
5
5
5
5
5
5
5
5
5
5
5
5
5
5
5
5
5
5
5
5
5
5
5
5
5
5
5
5
5
5
5
5
5
5
5
5
5
5
5
5
5
5
5
5
5
5
5
5
5
5
5
5
5
5
5
5
5
5
5
5
5
5
5
5
5
5
5
5
5
5
5
5
5
5
5
5
5
5
5
5
5
5
5
5
5
5
5
5
5
5
5
5
5
5
5
5
5
5
5
5
5
5
5
5
5
5
5
5
5
5
5
5
5
5
5
5
5
5
5
5
5
5
5
5
5
5
5
5
5
5
5
5
5
5
5
5
5
5
5
5
5
5
5
5
5
5
5
5
5
5
5
5
5
5
5
5
5
5
5
5
5
5
5
5
5
5
5
5
5
5
5
5
5
5
5
5
5
5
5
5
5
5
5
5
5
5
5
5
5
5
5
5
5
5
5
5
5
5
5
5
5
5
5
5
5
5
5
5
5
5
5
5
5
5
5
5
5
5
5
5
5
5
5
5
5
5
5
5
5
5
5
5
5
5
5
5
5
5
5
5
5
5
5
5
5
5
5
5
5
5
5
5
5
5
5
5
5
5
5
5
5
5
5
5
5
5
5
5
5
5
5
5
5
5
5
5
5
5
5
5
5
5
5
5
5
5
5
5
5
5
5
5
5
5
5
5
5
5
5
5
5
5
5
5
5
5
5
5
5
5
5
5
5
5
5
5
5
5
5
5
5
5
5
5
5
5
5
5
5
5
5
5
5
5
5
5
5
5
5
5
5
5
5
5
5
5
5
5
5
5
5
5
5
5
5
5
5
5
5
5
5
5
5
5
5
5
5
5
5
5
5
5
5
5
5
5
5
5
5
5
5
5
5
5
5
5
5
5
5
5
5
5
5
5
5
5
5
5
5
5
5
5
5
5
5
5
5
5
5
5
5
5
5
5
5
5
5
5
5
5
5
5
5
5
5
5
5
5
5
5
5
5
5
5
5
5
5
5
5
5
5
5
5
5
5
5
5
5
5
5
5
5
5
5
5
5
5
5
5
5
5
5
5
5
5
5
5
5
5
5
5
5
5
5
5
5
5
5
5
5
5
5
5
5
5
5
5
5
5
5
5
5
5
5
5
5
5
5
5
5
5
5
5
5
5
5
5
5
5
5
5
5
5
5
5
5
5
5
5
5
5
5
5
5
5
5
5
5
5
5
5
5
5
5
5
5
5
5
5
5
5
5
5
5
5
5
5
5
5
5
5
5
5
5
5
5
5
5
5
5
5
5
5
5
5
5
5
5
5
5
5
5
5
5
5
5
5
5
5
5
5
5
5
5
5
5
5
5
5
5
5
5
5
5
5
5
5
5
5
5
5
5
5
5
5
5
5
5
5
5
5
5
5
5
5
5
5
5
5
5
5
5
5
5
5
5
5
5
5
5
5
5
5
5
5
5
5
5
5
5
5
5
5
5
5
5
5
5
5
5
5
5
5
5
5
5
5
5
5
5
5
5
5
5
5
5
5
5
5
5
5
5
5
5
5
5
5
5
5
5
5
5
5
5
5
5
5
5
5
5
5
5
5
5
5
5
5
5
5
5
5
5
5
5
5
5
5
5
5
5
5
5
5
5
5
5
5
5
5
5
5
5
5
5
5
5
5
5
5
5
5
5
5
5
5
5
5
5
5
5
5
5
5
5
5
5
5
5
5
5
5
5
5
5
5
5
5
5
5
5
5
5
5
5
5
5
5
5
5
5
5
5
5
5
5
5
5
5
5
5
5
5
5
5
5
5
5
5
5
5
5
5
5
5
5
5
5
5
5
5
5
5
5
5
5
5
5
5
5
5
5
5
5
5
5
5
5
5
5
5
5
5
5
5
5
5
5
5
5
5
5
5
5
5
5
5
5
5
5
5
5
5
5
5
5
5
5
5
5
5
5
5
5
5
5
5
5
5
5
5
5
5
5
5
5
5
5
5
5
5
5
5
5
5
5
5
5
5
5
5
5
5
5
5
5
5
5
5
5
5
5
5
5
5
5
5
5
5
5
5
5
5
5
5
5
5
5
5
5
5
5
5
5
5
5
5
5
5
5
5
5
5
5
5
5
5
5
5
5
5
5
5
5
5
5
5
5
5
5
5
5
5
5
5
5
5
5
5
5
5
5
5
5
5
5
5
5
5
5
5
5
5
5
5
5
5
5
5
5
5
5
5
5
5
5
5
5
5
5
5
5
5
5
5
5
5
5
5
5
5
5
5
5
5
5
5
5
5
5
5
5
5
5
5
5
5
5
5
5
5
5
5
5
5
5
5
5
5
5
5
5
5
5
5
5
5
5
5
5
5
5
5
5
5
5
5
5
5
5
5
5
5
5
5
5
5
5
5
5
5
5
5
5
5
5
5
5
5
5
5
5
5
5
5
5
5
5
5
5
5
5
5
5
5
5
5
5
5
5
5
5
5
5
5
5
5
5
5
5
5
5
5
5
5
5
5
5
5
5
5
5
5
5
5
5
5
5
5
5
5
5
5
5
5
5
5
5
5
5
5
5
5
5
5
5
5
5
5
5
5
5
5
5
5
5
5
5
5
5
5
5
5
5
5
5
5
5
5
5
5
5
5
5
5
5
5
5
5
5
5
5
5
5
5
5
5
5
5
5
5
5
5
5
5
5
5
5
5
5
5
5
5
5
5
5
5
5
5
5
5
5
5
5
5
5
5
5
5
5
5
5
5
5
5
5
5
5
5
5
5
5
5
5
5
5
5
5
5
5
5
5
5
5
5
5
5
5
5
5
5
5
5
5
5
5
5
5
5
5
5
5
5
5
5
5
5
5
5
5
5
5
5
5
5
5
5
5
5
5
5
5
5
5
5
5
5
5
5
5
5
5
5
5
5
5
5
5
5
5
5
5
5
5
5
5
5
5
5
5
5
5
5
5
5
5
5
5
5
5
5
5
5
5
5
5
5
5
5
5
5
5
5
5
5
5
5
5
5
5
5
5
5
5
5
5
5
5
5
5
5
5
5
5
5
5
5
5
5
5
5
5
5
5
5
5
5
5
5
5
5
5
5
5
5
5
5
5
5
5
5
5
5
5
5
5
5
5
5
5
5
5
5
5
5
5
5
5
5
5
5
5
5
5
5
5
5
5
5
5
5
5
5
5
5
5
5
5
5
5
5
5
5
5
5
5
5
5
5
5
5
5
5
5
5
5
5
5
5
5
5
5
5
5
5
5
5
5
5
5
5
5
5
5
5
5
5
5
5
5
5
5
5
5
5
5
5
5
5
5
5
5
5
5
5
5
5
5
5
5
5
5
5
5
5
5
5
5
5
5
5
5
5
5
5
5
5
5
5
5
5
5
5
5
5
5
5
5
5
5
5
5
5
5
5
5
5
5
5
5
5
5
5
5
5
5
5
5
5
5
5
5
5
5
5
5
5
5
5
5
5
5
5
5
5
5
5
5
5
5
5
5
5
5
5
5
5
5
5
5
5
5
5
5
5
5
5
5
5
5
5
5
5
5
5
5
5
5
5
5
5
5
5
5
5
5
5
5
5
5
5
5
5
5
5
5
5
5
5
5
5
5
5
5
5
5
5
5
5
5
5
5
5
5
5
5
5
5
5
5
5
5
5
5
5
5
5
5
5
5
5
5
5
5
5
5
5
5
5
5
5
5
5
5
5
5
5
5
5
5
5
5
5
5
5
5
5
5
5
5
5
5
5
5
5
5
5
5
5
5
5
5
5
5
5
5
5
5
5
5
5
5
5
5
5
5
5
5
5
5
5
5
5
5
5
5
5
5
5
5
5
5
5
5
5
5
5
5
5
5
5
5
5
5
5
5
5
5
5
5
5
5
5
5
5
5
5
5
5
5
5
5
5
5
5
5
5
5
5
5
5
5
5
5
5
5
5
5
5
5
5
5
5
5
5
5
5
5
5
5
5
5
5
5
5
5
5
5
5
5
5
5
5
5
5
5
5
5
5
5
5
5
5
5
5
5
5
5
5
5
5
5
5
5
5
5
5
5
5
5
5
5
5
5
5
5
5
5
5
5
5
5
5
5
5
5
5
5
5
5
5
5
5
5
5
5
5
5
5
5
5
5
5
5
5
5
5
5
5
5
5
5
5
5
5
5
5
5
5
5
5
5
5
5
5
5
5
5
5
5
5
5
5
5
5
5
5
5
5
5
5
5
5
5
5
5
5
5
5
5
5
5
5
5
5
5
5
5
5
5
5
5
5
5
5
5
5
5
5
5
5
5
5
5
5
5
5
5
5
5
5
5
5
5
5
5
5
5
5
5
5
5
5
5
5
5
5
5
5
5
5
5
5
5
5
5
5
5
5
5
5
5
5
5
5
5
5
5
5
5
5
5
5
5
5
5
5
5
5
5
5
5
5
5
5
5
5
5
5
5
5
5
5
5
5
5
5
5
5
5
5
5
5
5
5
5
5
5
5
5
5
5
5
5
5
5
5
5
5
5
5
5
5
5
5
5
5
5
5
5
5
5
5
5
5
5
5
5
5
5
5
5
5
5
5
5
5
5
5
5
5
5
5
5
5
5
5
5
5
5
5
5
5
5
5
5
5
5
5
5
5
5
5
5
5
5
5
5
5
5
5
5
5
5
5
5
5
5
5
5
5
5
5
5
5
5
5
5
5
5
5
5
5
5
5
5
5
5
5
5
5
5
5
5
5
5
5
5
5
5
5
5
5
5
5
5
5
5
5
5
5
5
5
5
5
5
5
5
5
5
5
5
5
5
5
5
5
5
5
5
5
5
5
5
5
5
5
5
5
5
5
5
5
5
5
5
5
5
5
5
5
5
5
5
5
5
5
5
5
5
5
5
5
5
5
5
5
5
5
5
5
5
5
5
5
5
5
5
5
5
5
5
5
5
5
5
5
5
5
5
5
5
5
5
5
5
5
5
5
5
5
5
5
5
5
5
5
5
5
5
5
5
5
5
5
5
5
5
5
5
5
5
5
5
5
5
5
5
5
5
5
5
5
5
5
5
5
5
5
5
5
5
5
5
5
5
5
5
5
5
5
5
5
5
5
5
5
5
5
5
5
5
5
5
5
5
5
5
5
5
5
5
5
5
5
5
5
5
5
5
5
5
5
5
5
5
5
5
5
5
5
5
5
5
5
5
5
5
5
5
5
5
5
5
5
5
5
5
5
5
5
5
5
5
5
5
5
5
5
5
5
5
5
5
5
5
5
5
5
5
5
5
5
5
5
5
5
5
5
5
5
5
5
5
5
5
5
5
5
5
5
5
5
5
5
5
5
5
5
5
5
5
5
5
5
5
5
5
5
5
5
5
5
5
5
5
5
5
5
5
5
5
5
5
5
5
5
5
5
5
5
5
5
5
5
5
5
5
5
5
5
5
5
5
5
5
5
5
5
5
5
5
5
5
5
5
5
5
5
5
5
5
5
5
5
5
5
5
5
5
5
5
5
5
5
5
5
5
5
5
5
5
5
5
5
5
5
5
5
5
5
5
5
5
5
5
5
5
5
5
5
5
5
5
5
5
5
5
5
5
5
5
5
5
5
5
5
5
5
5
5
5
5
5
5
5
5
5
5
5
5
5
5
5
5
5
5
5
5
5
5
5
5
5
5
5
5
5
5
5
5
5
5
5
5
5
5
5
5
5
5
5
5
5
5
5
5
5
5
5
5
5
5
5
5
5
5
5
5
5
5
5
5
5
5
5
5
5
5
5
5
5
5
5
5
5
5
5
5
5
5
5
5
5
5
5
5
5
5
5
5
5
5
5
5
5
5
5
5
5
5
5
5
5
5
5
5
5
5
5
5
5
5
5
5
5
5
5
5
5
5
5
5
5
5
5
5
5
5
5
5
5
5
5
5
5
5
5
5
5
5
5
5
5
5
5
5
5
5
5
5
5
5
5
5
5
5
5
5
5
5
5
5
5
5
5
5
5
5
5
5
5
5
5
5
5
5
5
5
5
5
5
5
5
5
5
5
5
5
5
5
5
5
5
5
5
5
5
5
5
5
5
5
5
5
5
5
5
5
5
5
5
5
5
5
5
5
5
5
5
5
5
5
5
5
5
5
5
5
5
5
5
5
5
5
5
5
5
5
5
5
5
5
5
5
5
5
5
5
5
5
5
5
5
5
5
5
5
5
5
5
5
5
5
5
5
5
5
5
5
5
5
5
5
5
5
5
5
5
5
5
5
5
5
5
5
5
5
5
5
5
5
5
5
5
5
5
5
5
5
5
5
5
5
5
5
5
5
5
5
5
5
5
5
5
5
5
5
5
5
5
5
5
5
5
5
5
5
5
5
5
5
5
5
5
5
5
5
5
5
5
5
5
5
5
5
5
5
5
5
5
5
5
5
5
5
5
5
5
5
5
5
5
5
5
5
5
5
5
5
5
5
5
5
5
5
5
5
5
5
5
5
5
5
5
5
5
5
5
5
5
5
5
5
5
5
5
5
5
5
5
5
5
5
5
5
5
5
5
5
5
5
5
5
5
5
5
5
5
5
5
5
5
5
5
5
5
5
5
5
5
5
5
5
5
5
5
5
5
5
5
5
5
5
5
5
5
5
5
5
5
5
5
5
5
5
5
5
5
5
5
5
5
5
5
5
5
5
5
5
5
5
5
5
5
5
5
5
5
5
5
5
5
5
5
5
5
5
5
5
5
5
5
5
5
5
5
5
5
5
5
5
5
5
5
5
5
5
5
5
5
5
5
5
5
5
5
5
5
5
5
5
5
5
5
5
5
5
5
5
5
5
5
5
5
5
5
5
5
5
5
5
5
5
5
5
5
5
5
5
5
5
5
5
5
5
5
5
5
5
5
5
5
5
5
5
5
5
5
5
5
5
5
5
5
5
5
5
5
5
5
5
5
5
5
5
5
5
5
5
5
5
5
5
5
5
5
5
5
5
5
5
5
5
5
5
5
5
5
5
5
5
5
5
5
5
5
5
5
5
5
5
5
5
5
5
5
5
5
5
5
5
5
5
5
5
5
5
5
5
5
5
5
5
5
5
5
5
5
5
5
5
5
5
5
5
5
5
5
5
5
5
5
5
5
5
5
5
5
5
5
5
5
5
5
5
5
5
5
5
5
5
5
5
5
5
5
5
5
5
5
5
5
5
5
5
5
5
5
5
5
5
5
5
5
5
5
5
5
5
5
5
5
5
5
5
5
5
5
5
5
5
5
5
5
5
5
5
5
5
5
5
5
5
5
5
5
5
5
5
5
5
5
5
5
5
5
5
5
5
5
5
5
5
5
5
5
5
5
5
5
5
5
5
5
5
5
5
5
5
5
5
5
5
5
5
5
5
5
5
5
5
5
5
5
5
5
5
5
5
5
5
5
5
5
5
5
5
5
5
5
5
5
5
5
5
5
5
5
5
5
5
5
5
5
5
5
5
5
5
5
5
5
5
5
5
5
5
5
5
5
5
5
5
5
5
5
5
5
5
5
5
5
5
5
5
5
5
5
5
5
5
5
5
5
5
5
5
5
5
5
5
5
5
5
5
5
5
5
5
5
5
5
5
5
5
5
5
5
5
5
5
5
5
5
5
5
5
5
5
5
5
5
5
5
5
5
5
5
5
5
5
5
5
5
5
5
5
5
5
5
5
5
5
5
5
5
5
5
5
5
5
5
5
5
5
5
5
5
5
5
5
5
5
5
5
5
5
5
5
5
5
5
5
5
5
5
5
5
5
5
5
5
5
5
5
5
5
5
5
5
5
5
5
5
5
5
5
5
5
5
5
5
5
5
5
5
5
5
5
5
5
5
5
5
5
5
5
5
5
5
5
5
5
5
5
5
5
5
5
5
5
5
5
5
5
5
5
5
5
5
5
5
5
5
5
5
5
5
5
5
5
5
5
5
5
5
5
5
5
5
5
5
5
5
5
5
5
5
5
5
5
5
5
5
5
5
5
5
5
5
5
5
5
5
5
5
5
5
5
5
5
5
5
5
5
5
5
5
5
5
5
5
5
5
5
5
5
5
5
5
5
5
5
5
5
5
5
5
5
5
5
5
5
5
5
5
5
5
5
5
5
5
5
5
5
5
5
5
5
5
5
5
5
5
5
5
5
5
5
5
5
5
5
5
5
5
5
5
5
5
5
5
5
5
5
5
5
5
5
5
5
5
5
5
5
5
5
5
5
5
5
5
5
5
5
5
5
5
5
5
5
5
5
5
5
5
5
5
5
5
5
5
5
5
5
5
5
5
5
5
5
5
5
5
5
5
5
5
5
5
5
5
5
5
5
5
5
5
5
5
5
5
5
5
5
5
5
5
5
5
5
5
5
5
5
5
5
5
5
5
5
5
5
5
5
5
5
5
5
5
5
5
5
5
5
5
5
5
5
5
5
5
5
5
5
5
5
5
5
5
5
5
5
5
5
5
5
5
5
5
5
5
5
5
5
5
5
5
5
5
5
5
5
5
5
5
5
5
5
5
5
5
5
5
5
5
5
5
5
5
5
5
5
5
5
5
5
5
5
5
5
5
5
5
5
5
5
5
5
5
5
5
5
5
5
5
5
5
5
5
5
5
5
5
5
5
5
5
5
5
5
5
5
5
5
5
5
5
5
5
5
5
5
5
5
5
5
5
5
5
5
5
5
5
5
5
5
5
5
5
5
5
5
5
5
5
5
5
5
5
5
5
5
5
5
5
5
5
5
5
5
5
5
5
5
5
5
5
5
5
5
5
5
5
5
5
5
5
5
5
5
5
5
5
5
5
5
5
5
5
5
5
5
5
5
5
5
5
5
5
5
5
5
5
5
5
5
5
5
5
5
5
5
5
5
5
5
5
5
5
5
5
5
5
5
5
5
5
5
5
5
5
5
5
5
5
5
5
5
5
5
5
5
5
5
5
5
5
5
5
5
5
5
5
5
5
5
5
5
5
5
5
5
5
5
5
5
5
5
5
5
5
5
5
5
5
5
5
5
5
5
5
5
5
5
5
5
5
5
5
5
5
5
5
5
5
5
5
5
5
5
5
5
5
5
5
5
5
5
5
5
5
5
5
5
5
5
5
5
5
5
5
5
5
5
5
5
5
5
5
5
5
5
5
5
5
5
5
5
5
5
5
5
5
5
5
5
5
5
5
5
5
5
5
5
5
5
5
5
5
5
5
5
5
5
5
5
5
5
5
5
5
5
5
5
5
5
5
5
5
5
5
5
5
5
5
5
5
5
5
5
5
5
5
5
5
5
5
5
5
5
5
5
5
5
5
5
5
5
5
5
5
5
5
5
5
5
5
5
5
5
5
5
5
5
5
5
5
5
5
5
5
5
5
5
5
5
5
5
5
5
5
5
5
5
5
5
5
5
5
5
5
5
5
5
5
5
5
5
5
5
5
5
5
5
5
5
5
5
5
5
5
5
5
5
5
5
5
5
5
5
5
5
5
5
5
5
5
5
5
5
5
5
5
5
5
5
5
5
5
5
5
5
5
5
5
5
5
5
5
5
5
5
5
5
5
5
5
5
5
5
5
5
5
5
5
5
5
5
5
5
5
5
5
5
5
5
5
5
5
5
5
5
5
5
5
5
5
5
5
5
5
5
5
5
5
5
5
5
5
5
5
5
5
5
5
5
5
5
5
5
5
5
5
5
5
5
5
5
5
5
5
5
5
5
5
5
5
5
5
5
5
5
5
5
5
5
5
5
5
5
5
5
5
5
5
5
5
5
5
5
5
5
5
5
5
5
5
5
5
5
5
5
5
5
5
5
5
5
5
5
5
5
5
5
5
5
5
5
5
5
5
5
5
5
5
5
5
5
5
5
5
5
5
5
5
5
5
5
5
5
5
5
5
5
5
5
5
5
5
5
5
5
5
5
5
5
5
5
5
5
5
5
5
5
5
5
5
5
5
5
5
5
5
5
5
5
5
5
5
5
5
5
5
5
5
5
5
5
5
5
5
5
5
5
5
5
5
5
5
5
5
5
5
5
5
5
5
5
5
5
5
5
5
5
5
5
5
5
5
5
5
5
5
5
5
5
5
5
5
5
5
5
5
5
5
5
5
5
5
5
5
5
5
5
5
5
5
5
5
5
5
5
5
5
5
5
5
5
5
5
5
5
5
5
5
5
5
5
5
5
5
5
5
5
5
5
5
5
5
5
5
5
5
5
5
5
5
5
5
5
5
5
5
5
5
5
5
5
5
5
5
5
5
5
5
5
5
5
5
5
5
5
5
5
5
5
5
5
5
5
5
5
5
5
5
5
5
5
5
5
5
5
5
5
5
5
5
5
5
5
5
5
5
5
5
5
5
5
5
5
5
5
5
5
5
5
5
5
5
5
5
5
5
5
5
5
5
5
5
5
5
5
5
5
5
5
5
5
5
5
5
5
5
5
5
5
5
5
5
5
5
5
5
5
5
5
5
5
5
5
5
5
5
5
5
5
5
5
5
5
5
5
5
5
5
5
5
5
5
5
5
5
5
5
5
5
5
5
5
5
5
5
5
5
5
5
5
5
5
5
5
5
5
5
5
5
5
5
5
5
5
5
5
5
5
5
5
5
5
5
5
5
5
5
5
5
5
5
5
5
5
5
5
5
5
5
5
5
5
5
5
5
5
5
5
5
5
5
5
5
5
5
5
5
5
5
5
5
5
5
5
5
5
5
5
5
5
5
5
5
5
5
5
5
5
5
5
5
5
5
5
5
5
5
5
5
5
5
5
5
5
5
5
5
5
5
5
5
5
5
5
5
5
5
5
5
5
5
5
5
5
5
5
5
5
5
5
5
5
5
5
5
5
5
5
5
5
5
5
5
5
5
5
5
5
5
5
5
5
5
5
5
5
5
5
5
5
5
5
5
5
5
5
5
5
5
5
5
5
5
5
5
5
5
5
5
5
5
5
5
5
5
5
5
5
5
5
5
5
5
5
5
5
5
5
5
5
5
5
5
5
5
5
5
5
5
5
5
5
5
5
5
5
5
5
5
5
5
5
5
5
5
5
5
5
5
5
5
5
5
5
5
5
5
5
5
5
5
5
5
5
5
5
5
5
5
5
5
5
5
5
5
5
5
5
5
5
5
5
5
5
5
5
5
5
5
5
5
5
5
5
5
5
5
5
5
5
5
5
5
5
5
5
5
5
5
5
5
5
5
5
5
5
5
5
5
5
5
5
5
5
5
5
5
5
5
5
5
5
5
5
5
5
5
5
5
5
5
5
5
5
5
5
5
5
5
5
5
5
5
5
5
5
5
5
5
5
5
5
5
5
5
5
5
5
5
5
5
5
5
5
5
5
5
5
5
5
5
5
5
5
5
5
5
5
5
5
5
5
5
5
5
5
5
5
5
5
5
5
5
5
5
5
5
5
5
5
5
5
5
5
5
5
5
5
5
5
5
5
5
5
5
5
5
5
5
5
5
5
5
5
5
5
5
5
5
5
5
5
5
5
5
5
5
5
5
5
5
5
5
5
5
5
5
5
5
5
5
5
5
5
5
5
5
5
5
5
5
5
5
5
5
5
5
5
5
5
5
5
5
5
5
5
5
5
5
5
5
5
5
5
5
5
5
5
5
5
5
5
5
5
5
5
5
5
5
5
5
5
5
5
5
5
5
5
5
5
5
5
5
5
5
5
5
5
5
5
5
5
5
5
5
5
5
5
5
5
5
5
5
5
5
5
5
5
5
5
5
5
5
5
5
5
5
5
5
5
5
5
5
5
5
5
5
5
5
5
5
5
5
5
5
5
5
5
5
5
5
5
5
5
5
5
5
5
5
5
5
5
5
5
5
5
5
5
5
5
5
5
5
5
5
5
5
5
5
5
5
5
5
5
5
5
5
5
5
5
5
5
5
5
5
5
5
5
5
5
5
5
5
5
5
5
5
5
5
5
5
5
5
5
5
5
5
5
5
5
5
5
5
5
5
5
5
5
5
5
5
5
5
5
5
5
5
5
5
5
5
5
5
5
5
5
5
5
5
5
5
5
5
5
5
5
5
5
5
5
5
5
5
5
5
5
5
5
5
5
5
5
5
5
5
5
5
5
5
5
5
5
5
5
5
5
5
5
5
5
5
5
5
5
5
5
5
5
5
5
5
5
5
5
5
5
5
5
5
5
5
5
5
5
5
5
5
5
5
5
5
5
5
5
5
5
5
5
5
5
5
5
5
5
5
5
5
5
5
5
5
5
5
5
5
5
5
5
5
5
5
5
5
5
5
5
5
5
5
5
5
5
5
5
5
5
5
5
5
5
5
5
5
5
5
5
5
5
5
5
5
5
5
5
5
5
5
5
5
5
5
5
5
5
5
5
5
5
5
5
5
5
5
5
5
5
5
5
5
5
5
5
5
5
5
5
5
5
5
5
5
5
5
5
5
5
5
5
5
5
5
5
5
5
5
5
5
5
5
5
5
5
5
5
5
5
5
5
5
5
5
5
5
5
5
5
5
5
5
5
5
5
5
5
5
5
5
5
5
5
5
5
5
5
5
5
5
5
5
5
5
5
5
5
5
5
5
5
5
5
5
5
5
5
5
5
5
5
5
5
5
5
5
5
5
5
5
5
5
5
5
5
5
5
5
5
5
5
5
5
5
5
5
5
5
5
5
5
5
5
5
5
5
5
5
5
5
5
5
5
5
5
5
5
5
5
5
5
5
5
5
5
5
5
5
5
5
5
5
5
5
5
5
5
5
5
5
5
5
5
5
5
5
5
5
5
5
5
5
5
5
5
5
5
5
5
5
5
5
5
5
5
5
5
5
5
5
5
5
5
5
5
5
5
5
5
5
5
5
5
5
5
5
5
5
5
5
5
5
5
5
5
5
5
5
5
5
5
5
5
5
5
5
5
5
5
5
5
5
5
5
5
5
5
5
5
5
5
5
5
5
5
5
5
5
5
5
5
5
5
5
5
5
5
5
5
5
5
5
5
5
5
5
5
5
5
5
5
5
5
5
5
5
5
5
5
5
5
5
5
5
5
5
5
5
5
5
5
5
5
5
5
5
5
5
5
5
5
5
5
5
5
5
5
5
5
5
5
5
5
5
5
5
5
5
5
5
5
5
5
5
5
5
5
5
5
5
5
5
5
5
5
5
5
5
5
5
5
5
5
5
5
5
5
5
5
5
5
5
5
5
5
5
5
5
5
5
5
5
5
5
5
5
5
5
5
5
5
5
5
5
5
5
5
5
5
5
5
5
5
5
5
5
5
5
5
5
5
5
5
5
5
5
5
5
5
5
5
5
5
5
5
5
5
5
5
5
5
5
5
5
5
5
5
5
5
5
5
5
5
5
5
5
5
5
5
5
5
5
5
5
5
5
5
5
5
5
5
5
5
5
5
5
5
5
5
5
5
5
5
5
5
5
5
5
5
5
5
5
5
5
5
5
5
5
5
5
5
5
5
5
5
5
5
5
5
5
5
5
5
5
5
5
5
5
5
5
5
5
5
5
5
5
5
5
5
5
5
5
5
5
5
5
5
5
5
5
5
5
5
5
5
5
5
5
5
5
5
5
5
5
5
5
5
5
5
5
5
5
5
5
5
5
5
5
5
5
5
5
5
5
5
5
5
5
5
5
5
5
5
5
5
5
5
5
5
5
5
5
5
5
5
5
5
5
5
5
5
5
5
5
5
5
5
5
5
5
5
5
5
5
5
5
5
5
5
5
5
5
5
5
5
5
5
5
5
5
5
5
5
5
5
5
5
5
5
5
5
5
5
5
5
5
5
5
5
5
5
5
5
5
5
5
5
5
5
5
5
5
5
5
5
5
5
5
5
5
5
5
5
5
5
5
5
5
5
5
5
5
5
5
5
5
5
5
5
5
5
5
5
5
5
5
5
5
5
5
5
5
5
5
5
5
5
5
5
5
5
5
5
5
5
5
5
5
5
5
5
5
5
5
5
5
5
5
5
5
5
5
5
5
5
5
5
5
5
5
5
5
5
5
5
5
5
5
5
5
5
5
5
5
5
5
5
5
5
5
5
5
5
5
5
5
5
5
5
5
5
5
5
5
5
5
5
5
5
5
5
5
5
5
5
5
5
5
5
5
5
5
5
5
5
5
5
5
5
5
5
5
5
5
5
5
5
5
5
5
5
5
5
5
5
5
5
5
5
5
5
5
5
5
5
5
5
5
5
5
5
5
5
5
5
5
5
5
5
5
5
5
5
5
5
5
5
5
5
5
5
5
5
5
5
5
5
5
5
5
5
5
5
5
5
5
5
5
5
5
5
5
5
5
5
5
5
5
5
5
5
5
5
5
5
5
5
5
5
5
5
5
5
5
5
5
5
5
5
5
5
5
5
5
5
5
5
5
5
5
5
5
5
5
5
5
5
5
5
5
5
5
5
5
5
5
5
5
5
5
5
5
5
5
5
5
5
5
5
5
5
5
5
5
5
5
5
5
5
5
5
5
5
5
5
5
5
5
5
5
5
5
5
5
5
5
5
5
5
5
5
5
5
5
5
5
5
5
5
5
5
5
5
5
5
5
5
5
5
5
5
5
5
5
5
5
5
5
5
5
5
5
5
5
5
5
5
5
5
5
5
5
5
5
5
5
5
5
5
5
5
5
5
5
5
5
5
5
5
5
5
5
5
5
5
5
5
5
5
5
5
5
5
5
5
5
5
5
5
5
5
5
5
5
5
5
5
5
5
5
5
5
5
5
5
5
5
5
5
5
5
5
5
5
5
5
5
5
5
5
5
5
5
5
5
5
5
5
5
5
5
5
5
5
5
5
5
5
5
5
5
5
5
5
5
5
5
5
5
5
5
5
5
5
5
5
5
5
5
5
5
5
5
5
5
5
5
5
5
5
5
5
5
5
5
5
5
5
5
5
5
5
5
5
5
5
5
5
5
5
5
5
5
5
5
5
5
5
5
5
5
5
5
5
5
5
5
5
5
5
5
5
5
5
5
5
5
5
5
5
5
5
5
5
5
5
5
5
5
5
5
5
5
5
5
5
5
5
5
5
5
5
5
5
5
5
5
5
5
5
5
5
5
5
5
5
5
5
5
5
5
5
5
5
5
5
5
5
5
5
5
5
5
5
5
5
5
5
5
5
5
5
5
5
5
5
5
5
5
5
5
5
5
5
5
5
5
5
5
5
5
5
5
5
5
5
5
5
5
5
5
5
5
5
5
5
5
5
5
5
5
5
5
5
5
5
5
5
5
5
5
5
5
5
5
5
5
5
5
5
5
5
5
5
5
5
5
5
5
5
5
5
5
5
5
5
5
5
5
5
5
5
5
5
5
5
5
5
5
5
5
5
5
5
5
5
5
5
5
5
5
5
5
5
5
5
5
5
5
5
5
5
5
5
5
5
5
5
5
5
5
5
5
5
5
5
5
5
5
5
5
5
5
5
5
5
5
5
5
5
5
5
5
5
5
5
5
5
5
5
5
5
5
5
5
5
5
5
5
5
5
5
5
5
5
5
5
5
5
5
5
5
5
5
5
5
5
5
5
5
5
5
5
5
5
5
5
5
5
5
5
5
5
5
5
5
5
5
5
5
5
5
5
5
5
5
5
5
5
5
5
5
5
5
5
5
5
5
5
5
5
5
5
5
5
5
5
5
5
5
5
5
5
5
5
5
5
5
5
5
5
5
5
5
5
5
5
5
5
5
5
5
5
5
5
5
5
5
5
5
5
5
5
5
5
5
5
5
5
5
5
5
5
5
5
5
5
5
5
5
5
5
5
5
5
5
5
5
5
5
5
5
5
5
5
5
5
5
5
5
5
5
5
5
5
5
5
5
5
5
5
5
5
5
5
5
5
5
5
5
5
5
5
5
5
5
5
5
5
5
5
5
5
5
5
5
5
5
5
5
5
5
5
5
5
5
5
5
5
5
5
5
5
5
5
5
5
5
5
5
5
5
5
5
5
5
5
5
5
5
5
5
5
5
5
5
5
5
5
5
5
5
5
5
5
5
5
5
5
5
5
5
5
5
5
5
5
5
5
5
5
5
5
5
5
5
5
5
5
5
5
5
5
5
5
5
5
5
5
5
5
5
5
5
5
5
5
5
5
5
5
5
5
5
5
5
5
5
5
5
5
5
5
5
5
5
5
5
5
5
5
5
5
5
5
5
5
5
5
5
5
5
5
5
5
5
5
5
5
5
5
5
5
5
5
5
5
5
5
5
5
5
5
5
5
5
5
5
5
5
5
5
5
5
5
5
5
5
5
5
5
5
5
5
5
5
5
5
5
5
5
5
5
5
5
5
5
5
5
5
5
5
5
5
5
5
5
5
5
5
5
5
5
5
5
5
5
5
5
5
5
5
5
5
5
5
5
5
5
5
5
5
5
5
5
5
5
5
5
5
5
5
5
5
5
5
5
5
5
5
5
5
5
5
5
5
5
5
5
5
5
5
5
5
5
5
5
5
5
5
5
5
5
5
5
5
5
5
5
5
5
5
5
5
5
5
5
5
5
5
5
5
5
5
5
5
5
5
5
5
5
5
5
5
5
5
5
5
5
5
5
5
5
5
5
5
5
5
5
5
5
5
5
5
5
5
5
5
5
5
5
5
5
5
5
5
5
5
5
5
5
5
5
5
5
5
5
5
5
5
5
5
5
5
5
5
5
5
5
5
5
5
5
5
5
5
5
5
5
5
5
5
5
5
5
5
5
5
5
5
5
5
5
5
5
5
5
5
5
5
5
5
5
5
5
5
5
5
5
5
5
5
5
5
5
5
5
5
5
5
5
5
5
5
5
5
5
5
5
5
5
5
5
5
5
5
5
5
5
5
5
5
5
5
5
5
5
5
5
5
5
5
5
5
5
5
5
5
5
5
5
5
5
5
5
5
5
5
5
5
5
5
5
5
5
5
5
5
5
5
5
5
5
5
5
5
5
5
5
5
5
5
5
5
5
5
5
5
5
5
5
5
5
5
5
5
5
5
5
5
5
5
5
5
5
5
5
5
5
5
5
5
5
5
5
5
5
5
5
5
5
5
5
5
5
5
5
5
5
5
5
5
5
5
5
5
5
5
5
5
5
5
5
5
5
5
5
5
5
5
5
5
5
5
5
5
5
5
5
5
5
5
5
5
5
5
5
5
5
5
5
5
5
5
5
5
5
5
5
5
5
5
5
5
5
5
5
5
5
5
5
5
5
5
5
5
5
5
5
5
5
5
5
5
5
5
5
5
5
5
5
5
5
5
5
5
5
5
5
5
5
5
5
5
5
5
5
5
5
5
5
5
5
5
5
5
5
5
5
5
5
5
5
5
5
5
5
5
5
5
5
5
5
5
5
5
5
5
5
5
5
5
5
5
5
5
5
5
5
5
5
5
5
5
5
5
5
5
5
5
5
5
5
5
5
5
5
5
5
5
5
5
5
5
5
5
5
5
5
5
5
5
5
5
5
5
5
5
5
5
5
5
5
5
5
5
5
5
5
5
5
5
5
5
5
5
5
5
5
5
5
5
5
5
5
5
5
5
5
5
5
5
5
5
5
5
5
5
5
5
5
5
5
5
5
5
5
5
5
5
5
5
5
5
5
5
5
5
5
5
5
5
5
5
5
5
5
5
5
5
5
5
5
5
5
5
5
5
5
5
5
5
5
5
5
5
5
5
5
5
5
5
5
5
5
5
5
5
5
5
5
5
5
5
5
5
5
5
5
5
5
5
5
5
5
5
5
5
5
5
5
5
5
5
5
5
5
5
5
5
5
5
5
5
5
5
5
5
5
5
5
5
5
5
5
5
5
5
5
5
5
5
5
5
5
5
5
5
5
5
5
5
5
5
5
5
5
5
5
5
5
5
5
5
5
5
5
5
5
5
5
5
5
5
5
5
5
5
5
5
5
5
5
5
5
5
5
5
5
5
5
5
5
5
5
5
5
5
5
5
5
5
5
5
5
5
5
5
5
5
5
5
5
5
5
5
5
5
5
5
5
5
5
5
5
5
5
5
5
5
5
5
5
5
5
5
5
5
5
5
5
5
5
5
5
5
5
5
5
5
5
5
5
5
5
5
5
5
5
5
5
5
5
5
5
5
5
5
5
5
5
5
5
5
5
5
5
5
5
5
5
5
5
5
5
5
5
5
5
5
5
5
5
5
5
5
5
5
5
5
5
5
5
5
5
5
5
5
5
5
5
5
5
5
5
5
5
5
5
5
5
5
5
5
5
5
5
5
5
5
5
5
5
5
5
5
5
5
5
5
5
5
5
5
5
5
5
5
5
5
5
5
5
5
5
5
5
5
5
5
5
5
5
5
5
5
5
5
5
5
5
5
5
5
5
5
5
5
5
5
5
5
5
5
5
5
5
5
5
5
5
5
5
5
5
5
5
5
5
5
5
5
5
5
5
5
5
5
5
5
5
5
5
5
5
5
5
5
5
5
5
5
5
5
5
5
5
5
5
5
5
5
5
5
5
5
5
5
5
5
5
5
5
5
5
5
5
5
5
5
5
5
5
5
5
5
5
5
5
5
5
5
5
5
5
5
5
5
5
5
5
5
5
5
5
5
5
5
5
5
5
5
5
5
5
5
5
5
5
5
5
5
5
5
5
5
5
5
5
5
5
5
5
5
5
5
5
5
5
5
5
5
5
5
5
5
5
5
5
5
5
5
5
5
5
5
5
5
5
5
5
5
5
5
5
5
5
5
5
5
5
5
5
5
5
5
5
5
5
5
5
5
5
5
5
5
5
5
5
5
5
5
5
5
5
5
5
5
5
5
5
5
5
5
5
5
5
5
5
5
5
5
5
5
5
5
5
5
5
5
5
5
5
5
5
5
5
5
5
5
5
5
5
5
5
5
5
5
5
5
5
5
5
5
5
5
5
5
5
5
5
5
5
5
5
5
5
5
5
5
5
5
5
5
5
5
5
5
5
5
5
5
5
5
5
5
5
5
5
5
5
5
5
5
5
5
5
5
5
5
5
5
5
5
5
5
5
5
5
5
5
5
5
5
5
5
5
5
5
5
5
5
5
5
5
5
5
5
5
5
5
5
5
5
5
5
5
5
5
5
5
5
5
5
5
5
5
5
5
5
5
5
5
5
5
5
5
5
5
5
5
5
5
5
5
5
5
5
5
5
5
5
5
5
5
5
5
5
5
5
5
5
5
5
5
5
5
5
5
5
5
5
5
5
5
5
5
5
5
5
5
5
5
5
5
5
5
5
5
5
5
5
5
5
5
5
5
5
5
5
5
5
5
5
5
5
5
5
5
5
5
5
5
5
5
5
5
5
5
5
5
5
5
5
5
5
5
5
5
5
5
5
5
5
5
5
5
5
5
5
5
5
5
5
5
5
5
5
5
5
5
5
5
5
5
5
5
5
5
5
5
5
5
5
5
5
5
5
5
5
5
5
5
5
5
5
5
5
5
5
5
5
5
5
5
5
5
5
5
5
5
5
5
5
5
5
5
5
5
5
5
5
5
5
5
5
5
5
5
5
5
5
5
5
5
5
5
5
5
5
5
5
5
5
5
5
5
5
5
5
5
5
5
5
5
5
5
5
5
5
5
5
5
5
5
5
5
5
5
5
5
5
5
5
5
5
5
5
5
5
5
5
5
5
5
5
5
5
5
5
5
5
5
5
5
5
5
5
5
5
5
5
5
5
5
5
5
5
5
5
5
5
5
5
5
5
5
5
5
5
5
5
5
5
5
5
5
5
5
5
5
5
5
5
5
5
5
5
5
5
5
5
5
5
5
5
5
5
5
5
5
5
5
5
5
5
5
5
5
5
5
5
5
5
5
5
5
5
5
5
5
5
5
5
5
5
5
5
5
5
5
5
5
5
5
5
5
5
5
5
5
5
5
5
5
5
5
5
5
5
5
5
5
5
5
5
5
5
5
5
5
5
5
5
5
5
5
5
5
5
5
5
5
5
5
5
5
5
5
5
5
5
5
5
5
5
5
5
5
5
5
5
5
5
5
5
5
5
5
5
5
5
5
5
5
5
5
5
5
5
5
5
5
5
5
5
5
5
5
5
5
5
5
5
5
5
5
5
5
5
5
5
5
5
5
5
5
5
5
5
5
5
5
5
5
5
5
5
5
5
5
5
5
5
5
5
5
5
5
5
5
5
5
5
5
5
5
5
5
5
5
5
5
5
5
5
5
5
5
5
5
5
5
5
5
5
5
5
5
5
5
5
5
5
5
5
5
5
5
5
5
5
5
5
5
5
5
5
5
5
5
5
5
5
5
5
5
5
5
5
5
5
5
5
5
5
5
5
5
5
5
5
5
5
5
5
5
5
5
5
5
5
5
5
5
5
5
5
5
5
5
5
5
5
5
5
5
