# vtk DataFile Version 2.0
profile_15, Created by Gmsh 4.14.0 
ASCII
DATASET UNSTRUCTURED_GRID
POINTS 7084 double
66.25 -132.5 604
66.25 -131.1683417085427 603.7173366834171
66.25 -129.8366834170854 603.1846733668342
66.25 -128.5050251256282 602.6520100502513
66.25 -127.1733668341708 602.1193467336684
66.25 -125.8417085427136 601.6683417085427
66.25 -124.5100502512563 601.4020100502512
66.25 -123.178391959799 601.1356783919598
66.25 -121.8467336683417 600.8693467336684
66.25 -120.5150753768844 600.4560301507538
66.25 -119.1834170854271 599.9233668341709
66.25 -117.8517587939699 599.3907035175879
66.25 -116.5201005025126 598.46608040201
66.25 -115.1884422110553 597.4007537688442
66.25 -113.856783919598 596.3354271356784
66.25 -112.5251256281407 595.5150753768844
66.25 -111.1934673366834 594.7273869346734
66.25 -109.8618090452261 594.1947236180905
66.25 -108.5301507537689 593.6620603015076
66.25 -107.1984924623115 593.0690954773869
66.25 -105.8668341708543 592.2701005025126
66.25 -104.535175879397 591.4711055276382
66.25 -103.2035175879397 590.7814070351759
66.25 -101.8718592964824 590.1231155778895
66.25 -100.5402010050251 589.3241206030151
66.25 -99.20854271356784 588.5251256281407
66.25 -97.87688442211055 587.7261306532663
66.25 -96.54522613065326 587.1180904522613
66.25 -95.21356783919597 586.5854271356784
66.25 -93.8819095477387 586.0527638190955
66.25 -92.5502512562814 585.5201005025126
66.25 -91.21859296482413 584.9874371859296
66.25 -89.88693467336682 584.4547738693468
66.25 -88.55527638190955 583.9221105527639
66.25 -87.22361809045225 583.3894472361809
66.25 -85.89195979899498 582.856783919598
66.25 -84.56030150753769 582.324120603015
66.25 -83.2286432160804 581.7914572864322
66.25 -81.89698492462311 581.3793969849246
66.25 -80.56532663316582 581.1130653266332
66.25 -79.23366834170854 580.8467336683417
66.25 -77.90201005025125 580.5804020100502
66.25 -76.57035175879398 580.3140703517588
66.25 -75.23869346733667 579.8454773869347
66.25 -73.9070351758794 579.3128140703518
66.25 -72.5753768844221 578.7801507537689
66.25 -71.24371859296483 578.247487437186
66.25 -69.91206030150752 577.714824120603
66.25 -68.58040201005025 577.1821608040201
66.25 -67.24874371859296 576.6494974874372
66.25 -65.91708542713567 576.1168341708542
66.25 -64.58542713567839 575.5841708542714
66.25 -63.2537688442211 575.0515075376884
66.25 -61.92211055276381 574.4032663316583
66.25 -60.59045226130652 573.6042713567839
66.25 -59.25879396984924 572.8052763819096
66.25 -57.92713567839195 572.0062814070352
66.25 -56.59547738693466 571.3881909547738
66.25 -55.26381909547739 570.6582914572864
66.25 -53.9321608040201 569.859296482412
66.25 -52.60050251256281 569.0603015075377
66.25 -51.26884422110552 567.7688442211056
66.25 -49.93718592964824 566.4371859296482
66.25 -48.60552763819095 565.1344221105528
66.25 -47.27386934673366 564.0690954773869
66.25 -45.94221105527637 563.0037688442211
66.25 -44.61055276381909 561.9384422110552
66.25 -43.2788944723618 560.8731155778895
66.25 -41.94723618090451 559.6972361809045
66.25 -40.61557788944722 558.3655778894472
66.25 -39.28391959798994 557.0339195979899
66.25 -37.95226130653266 555.7022613065327
66.25 -36.62060301507537 554.5464824120603
66.25 -35.28894472361809 552.5201005025126
66.25 -33.9572864321608 550.1231155778895
66.25 -32.62562814070351 547.7261306532663
66.25 -31.29396984924622 546.7763819095478
66.25 -29.96231155778894 541.3417085427136
66.25 -28.63065326633165 535.748743718593
66.25 -27.29899497487436 530.7989949748743
66.25 -25.96733668341707 529.4673366834171
66.25 -24.63567839195979 528.1356783919598
66.25 -23.3040201005025 527.1608040201005
66.25 -21.97236180904521 526.4723618090452
66.25 -20.64070351758794 525.1407035175879
66.25 -19.30904522613065 523.8090452261306
66.25 -17.97738693467336 521.2412060301507
66.25 -16.64572864321607 516.7537688442211
66.25 -15.31407035175879 514.1268844221105
66.25 -13.9824120603015 512.5288944723618
66.25 -12.65075376884421 510.930904522613
66.25 -11.31909547738692 508.6243718592964
66.25 -9.987437185929636 506.2273869346733
66.25 -8.655778894472348 503.7550251256281
66.25 -7.324120603015061 500.3630653266331
66.25 -5.992462311557773 497.6909547738694
66.25 -4.6608040201005 496.0929648241206
66.25 -3.329145728643198 494.4949748743718
66.25 -1.997487437185924 492.7964824120603
66.25 -0.6658291457286225 491.2826633165829
66.25 0.6658291457286509 490.2173366834171
66.25 1.997487437185953 489.1520100502512
66.25 3.329145728643226 488.2525125628141
66.25 4.6608040201005 487.4535175879397
66.25 5.992462311557802 486.6545226130653
66.25 7.324120603015075 485.4258793969849
66.25 8.655778894472377 485.0188442211055
66.25 9.98743718592965 484.7525125628141
66.25 11.31909547738695 484.4585427135679
66.25 12.65075376884423 483.7198492462311
66.25 13.98241206030153 483.4535175879396
66.25 15.3140703517588 483.1871859296482
66.25 16.6457286432161 482.9208542713568
66.25 17.97738693467338 482.6545226130654
66.25 19.30904522613068 482.3881909547739
66.25 20.64070351758795 482.1218592964824
66.25 21.97236180904522 481.855527638191
66.25 23.30402010050253 481.75
66.25 24.6356783919598 481.5728643216081
66.25 25.9673366834171 481.3065326633166
66.25 27.29899497487438 481.0402010050251
66.25 28.63065326633168 480.5477386934673
66.25 29.96231155778895 480.0150753768844
66.25 31.29396984924625 479.4912060301507
66.25 32.62562814070353 479.1746231155778
66.25 33.95728643216083 478.3756281407035
66.25 35.2889447236181 477.5766331658292
66.25 36.6206030150754 476.7776381909547
66.25 37.95226130653268 475.9786432160804
66.25 39.28391959798995 475.1796482412061
66.25 40.61557788944725 474.3806532663316
66.25 41.94723618090453 473.7211055276382
66.25 43.27889447236183 473.0326633165829
66.25 44.6105527638191 472.2336683417085
66.25 45.9422110552764 471.4346733668342
66.25 47.27386934673368 470.6356783919597
66.25 48.60552763819098 469.8366834170854
66.25 49.93718592964825 469.037688442211
66.25 51.26884422110555 468.2386934673366
66.25 52.60050251256283 467.4195979899497
66.25 53.93216080402013 466.3542713567839
66.25 55.2638190954774 465.2889447236181
66.25 56.59547738693468 464.2236180904522
66.25 57.92713567839198 463.2437185929648
66.25 59.25879396984925 462.4447236180904
66.25 60.59045226130655 461.6457286432161
66.25 61.92211055276383 460.8467336683418
66.25 63.25376884422113 460.0477386934673
66.25 64.5854271356784 459.248743718593
66.25 65.9170854271357 458.4497487437186
66.25 67.24874371859298 457.6507537688442
66.25 68.58040201005028 456.8517587939698
66.25 69.91206030150755 456.0527638190955
66.25 71.24371859296485 455.2537688442211
66.25 72.57537688442213 454.4698492462311
66.25 73.9070351758794 453.9057788944723
66.25 75.2386934673367 453.106783919598
66.25 76.57035175879398 452.3077889447236
66.25 77.90201005025128 451.5087939698493
66.25 79.23366834170855 450.7097989949749
66.25 80.56532663316585 449.9108040201005
66.25 81.89698492462313 449.1118090452261
66.25 83.22864321608043 448.3128140703517
66.25 84.5603015075377 447.5138190954774
66.25 85.891959798995 446.714824120603
66.25 87.22361809045228 445.7211055276382
66.25 88.55527638190958 444.6557788944723
66.25 89.88693467336685 443.5904522613065
66.25 91.21859296482413 442.5251256281407
66.25 92.55025125628143 441.7198492462311
66.25 93.8819095477387 440.9208542713568
66.25 95.213567839196 440.1218592964824
66.25 96.54522613065328 439.322864321608
66.25 97.87688442211058 438.4484924623115
66.25 99.20854271356785 437.3831658291457
66.25 100.5402010050252 436.3178391959799
66.25 101.8718592964824 435.2525125628141
66.25 103.2035175879397 434.3278894472362
66.25 104.535175879397 433.5288944723618
66.25 105.8668341708543 432.7298994974874
66.25 107.1984924623116 431.9309045226131
66.25 108.5301507537689 430.9258793969849
66.25 109.8618090452262 429.860552763819
66.25 111.1934673366834 428.7952261306532
66.25 112.5251256281407 427.7349246231156
66.25 113.856783919598 426.9359296482412
66.25 115.1884422110553 426.1369346733668
66.25 116.5201005025126 425.3379396984925
66.25 117.8517587939699 424.5389447236181
66.25 119.1834170854272 423.7399497487437
66.25 120.5150753768845 422.9409547738693
66.25 121.8467336683417 422.141959798995
66.25 123.178391959799 421.3429648241206
66.25 124.5100502512563 420.5439698492462
66.25 125.8417085427136 419.7449748743718
66.25 127.1733668341708 418.9459798994975
66.25 128.5050251256282 418.1469849246231
66.25 129.8366834170855 417.3479899497487
66.25 131.1683417085428 416.5489949748743
66.25 132.5 254.5
66.25 -132.5 254.5
66.25 -30.63199521848 544.0747760107793
66.25 -29.30035813924355 538.561504184823
66.25 -27.96818044989325 533.2863447593785
66.25 -17.31443338799717 519.0071776634268
66.25 131.211298427622 411.3216080402085
66.25 131.254255146701 406.0942211055591
66.25 131.2972118657803 400.8668341708836
66.25 131.3401685848595 395.6394472362217
66.25 131.3831253039388 390.412060301549
66.25 131.4260820230178 385.1846733669065
66.25 131.469038742097 379.9572864322367
66.25 131.511995461176 374.7298994975912
66.25 131.5549521802553 369.5025125629132
66.25 131.5979088993343 364.275125628276
66.25 131.6408656184136 359.0477386936009
66.25 131.6838223374926 353.8203517589608
66.25 131.7267790565719 348.5929648242811
66.25 131.7697357756509 343.3655778896435
66.25 131.8126924947301 338.1381909549762
66.25 131.8556492138091 332.9108040203305
66.25 131.8986059328884 327.6834170856506
66.25 131.9415626519678 322.4560301509708
66.25 131.9845193710471 317.2286432162911
66.25 132.0274760901266 312.001256281589
66.25 132.0704328092059 306.7738693469092
66.25 132.1133895282853 301.54648241222
66.25 132.1563462473647 296.3190954775273
66.25 132.1993029664442 291.0917085428252
66.25 132.2422596855235 285.8643216081455
66.25 132.2852164046029 280.6369346734656
66.25 132.3281731236823 275.4095477387636
66.25 132.3711298427619 270.1821608040616
66.25 132.4140865618412 264.9547738693818
66.25 132.4570432809205 259.7273869347021
66.25 127.1999999999921 254.5
66.25 121.9000000000071 254.5
66.25 116.6000000000246 254.5
66.25 111.300000000042 254.5
66.25 106.0000000000595 254.5
66.25 100.7000000000759 254.5
66.25 95.40000000008877 254.5
66.25 90.10000000010621 254.5
66.25 84.80000000012365 254.5
66.25 79.50000000014107 254.5
66.25 74.2000000001585 254.5
66.25 68.90000000017592 254.5
66.25 63.60000000019335 254.5
66.25 58.30000000021077 254.5
66.25 53.00000000022821 254.5
66.25 47.70000000024564 254.5
66.25 42.40000000026308 254.5
66.25 37.1000000002805 254.5
66.25 31.80000000029793 254.5
66.25 26.50000000031535 254.5
66.25 21.20000000033276 254.5
66.25 15.90000000035022 254.5
66.25 10.60000000036764 254.5
66.25 5.300000000382624 254.5
66.25 3.747686605493072e-10 254.5
66.25 -5.299999999636185 254.5
66.25 -10.59999999964717 254.5
66.25 -15.89999999965815 254.5
66.25 -21.1999999996691 254.5
66.25 -26.49999999968009 254.5
66.25 -31.79999999969101 254.5
66.25 -37.09999999970199 254.5
66.25 -42.39999999971303 254.5
66.25 -47.69999999972401 254.5
66.25 -52.99999999973505 254.5
66.25 -58.29999999974603 254.5
66.25 -63.59999999975707 254.5
66.25 -68.89999999976806 254.5
66.25 -74.1999999997791 254.5
66.25 -79.49999999979008 254.5
66.25 -84.79999999980109 254.5
66.25 -90.09999999981213 254.5
66.25 -95.39999999982311 254.5
66.25 -100.6999999998341 254.5
66.25 -105.9999999998451 254.5
66.25 -111.2999999998562 254.5
66.25 -116.5999999998672 254.5
66.25 -121.8999999998782 254.5
66.25 -127.1999999999322 254.5
66.25 -132.5 259.7785435562329
66.25 -132.5 265.0570871124658
66.25 -132.5 270.3356306686986
66.25 -132.5 275.6141742249314
66.25 -132.5 280.8927177811643
66.25 -132.5 286.1712613373972
66.25 -132.5 291.4498048936301
66.25 -132.5 296.7283484498629
66.25 -132.5 302.0068920060958
66.25 -132.5 307.2854355623286
66.25 -132.5 312.5639791185615
66.25 -132.5 317.8425226747944
66.25 -132.5 323.1210662310273
66.25 -132.5 328.3996097872601
66.25 -132.5 333.678153343493
66.25 -132.5 338.9566968997259
66.25 -132.5 344.2352404559587
66.25 -132.5 349.5137840121916
66.25 -132.5 354.7923275684245
66.25 -132.5 360.0708711246573
66.25 -132.5 365.3494146808902
66.25 -132.5 370.627958237123
66.25 -132.5 375.9065017933559
66.25 -132.5 381.18504534958
66.25 -132.5 386.4635889057404
66.25 -132.5 391.7421324618874
66.25 -132.5 397.0206760180344
66.25 -132.5 402.2992195741814
66.25 -132.5 407.5777631303284
66.25 -132.5 412.8563066864754
66.25 -132.5 418.1348502426224
66.25 -132.5 423.4133937987693
66.25 -132.5 428.6919373549252
66.25 -132.5 433.9387450898903
66.25 -132.5 439.1073450185211
66.25 -132.5 444.1984685619784
66.25 -132.5 449.2132789073941
66.25 -132.5 454.152918180545
66.25 -132.5 459.0185144286271
66.25 -132.5 463.8111773542166
66.25 -132.5 468.5319993065551
66.25 -132.5 473.1820581120038
66.25 -132.5 477.7624145176136
66.25 -132.5 482.2741125096784
66.25 -132.5 486.7181822668916
66.25 -132.5 491.0956358776099
66.25 -132.5 495.4074737615401
66.25 -132.5 499.6546787855166
66.25 -132.5 503.8382194723782
66.25 -132.5 507.9590507718134
66.25 -132.5 512.0181122466961
66.25 -132.5 516.0163289028371
66.25 -132.5 519.9546148339962
66.25 -132.5 523.8338667618307
66.25 -132.5 527.654969225463
66.25 -132.5 531.4187957125565
66.25 -132.5 535.1262033801813
66.25 -132.5 538.7780386072944
66.25 -132.5 542.3751337358435
66.25 -132.5 545.9183099247364
66.25 -132.5 549.4083750924817
66.25 -132.5 552.8461263851991
66.25 -132.5 556.2323451426666
66.25 -132.5 559.5678064982262
66.25 -132.5 562.853270528517
66.25 -132.5 566.08948662687
66.25 -132.5 569.2771935321964
66.25 -132.5 572.4171168730721
66.25 -132.5 575.5099743922285
66.25 -132.5 578.5564706344201
66.25 -132.5 581.5573021640085
66.25 -132.5 584.5131507103964
66.25 -132.5 587.4246924819993
66.25 -132.5 590.292591777478
66.25 -132.5 593.1175027268188
66.25 -132.5 595.9000683502003
66.25 -132.5 598.6409239680427
66.25 -132.5 601.340695761248
66.25 56.43844693088486 462.6154232418557
66.25 13.08593293266045 482.4334335075231
66.25 69.88765541008956 454.5028762697473
66.25 92.52413045627279 440.1671018492318
66.25 39.27270886787463 473.6517509606958
66.25 101.7537887371123 433.6612150167035
66.25 80.53920583315721 448.358056623101
66.25 -80.13014746934923 579.8266495879251
66.25 -68.37587282814673 575.7625792361665
66.25 -13.24999999965266 259.089934640067
66.25 -127.9286471853235 373.2672300152395
66.25 -0.9225999276497898 489.5967500904379
66.25 -17.69111094707357 514.5728545449014
66.25 -47.53064012865473 562.3831822512418
66.25 18.55000000034149 259.0899346400424
66.25 -8.62150493570889 498.048633798663
66.25 127.092337378066 361.6242305509529
66.25 -127.9286471853941 404.9384913522549
66.25 -30.43191691104453 533.9438259506333
66.25 21.07776769264716 480.8448686139898
66.25 -128.0574094186841 436.5230450542057
66.25 110.9813050575031 427.1623847247473
66.25 47.24774854672485 469.0829309949605
66.25 -27.78641573870784 528.9799159195835
66.25 -128.3805402085976 461.4148458914219
66.25 -85.68743061709164 581.4372023517445
66.25 -128.6801683316466 484.496147388285
66.25 -45.04999999971852 259.089934640067
66.25 -59.26601023691529 571.2840365398145
66.25 -129.264860712196 529.5368824690095
66.25 -127.9286471853197 341.5959686778423
66.25 117.8256379939612 422.9861973266187
66.25 50.35000000023692 259.0899346400424
66.25 -128.958002528604 505.8986351220959
66.25 63.22764804421255 458.494991296468
66.25 -92.34572207437814 584.1005189346591
66.25 127.3071209734555 335.4872958776676
66.25 30.1843203907426 478.6249643688854
66.25 -129.5001674762416 547.6633425086095
66.25 -39.73460590445627 555.2515750000655
66.25 -103.1077855673155 589.2990113969706
66.25 126.877553782667 387.7611652242422
66.25 -97.73229761390658 586.2805467557059
66.25 -71.54999999977358 259.089934640067
66.25 -127.9286471853197 315.203250896678
66.25 76.85000000014978 259.0899346400424
66.25 7.641806966855198 484.0833761645948
66.25 -129.6760296666192 561.2105385133714
66.25 -109.6572798633219 592.7751420502367
66.25 127.5219045688226 309.3503612042632
66.25 -73.70250599397573 577.8932325024983
66.25 86.97869309547843 444.0499995351766
66.25 123.1522711597905 419.7902174271211
66.25 75.21257266732819 451.5540365225986
66.25 -92.74999999981762 259.089934640067
66.25 -129.8415818399266 573.96354563265
66.25 -51.74140637305764 565.9646237776967
66.25 -34.94850874140282 548.0040389739273
66.25 -127.9286471853197 294.0890766717464
66.25 3.303024928635048 486.6997651658144
66.25 -12.69932381653471 506.2891807942755
66.25 98.05000000008232 259.0899346400429
66.25 -113.8975660789375 594.7782252480563
66.25 52.38212959489066 465.7816820941162
66.25 97.65048947338786 436.800549027664
66.25 35.26282392361041 476.0238857688292
66.25 105.8407133708448 431.1771521004886
66.25 -129.1149068095325 517.9854718684155
66.25 127.6937314451403 288.4408134654993
66.25 -127.9286471853941 420.7741220206959
66.25 -127.9286471853941 389.1028606838141
66.25 2.650000000378697 259.0899346400544
66.25 -29.14999999968555 259.089934640067
66.25 34.45000000028922 259.0899346400424
66.25 -127.9286471853197 357.4315993465409
66.25 17.08090780703326 481.6344385326487
66.25 -64.38089795377486 574.1645892864178
66.25 -129.9593454653506 583.0352264372042
66.25 -120.304127336303 599.0524957295938
66.25 126.748683625418 403.4433260282352
66.25 43.26477690503246 471.4999213073808
66.25 -43.61101130363904 559.1550233840682
66.25 25.07210100789581 480.2926658435029
66.25 -108.6499999998506 259.089934640067
66.25 -4.05919159020309 492.5513295990397
66.25 -124.0748710874402 600.1155943115433
66.25 -19.58063547969305 519.5500572338376
66.25 -55.28227769994319 569.1183143861916
66.25 -127.9286471853197 278.2534460030478
66.25 -24.77542224617285 526.5478450978607
66.25 113.9500000000333 259.0899346400424
66.25 -130.0718914184482 591.7050472521501
66.25 -116.7541033822684 596.8086270535736
66.25 -82.91507050837996 580.4470374274124
66.25 -105.8810803621869 590.7371441199743
66.25 113.8306631195899 425.3831822512415
66.25 59.23267316984064 460.8919762210911
66.25 -32.02052624601379 539.3827512691248
66.25 89.67050816067238 441.9549693716946
66.25 126.9634672208226 377.3063913549278
66.25 -129.7600557305171 567.6833400795348
66.25 127.8226016023689 272.7586526614267
66.25 -129.5894271330029 554.5392357639344
66.25 -129.4081718245909 540.5765861715684
66.25 -128.2542084742613 451.6830985439701
66.25 -128.5630249595119 475.4722363148085
66.25 -128.8493800207838 497.5310762735286
66.25 127.1782508162242 351.1694566816353
66.25 60.95000000020205 259.0899346400424
66.25 127.3930344115846 325.0325220083248
66.25 -55.64999999974054 259.089934640067
66.25 -127.9286471853197 331.0388815653765
66.25 87.45000000011494 259.0899346400424
66.25 -82.14999999979557 259.089934640067
66.25 -127.9286471853197 304.6461637842121
66.25 127.6078180069718 298.8955873348879
66.25 67.22262291858303 456.0980063718456
66.25 -71.03918941106124 576.8279058693324
66.25 -88.35074720000696 582.5025289849107
66.25 77.87588925024259 449.9560465728499
66.25 83.20252241607213 446.7600666733522
66.25 -95.00903865728856 585.1658455678233
66.25 -77.46683088643407 579.2939862713421
66.25 127.1472460341622 417.3932325024981
66.25 -126.8914621605495 600.7602510722722
66.25 -119.2499999998726 259.089934640067
66.25 120.4889545768739 421.3882073768712
66.25 -100.566321805034 587.7713732060158
66.25 10.39921205599699 483.4546834834954
66.25 -14.70048280604635 510.5766495879238
66.25 49.91106512963928 467.4849410452118
66.25 108.2833899708854 429.2524786696353
66.25 95.18744703918539 438.5691118994841
66.25 72.75270677600425 453.0345641607902
66.25 -61.93221104087498 572.8772194544912
66.25 27.54761659776159 479.6658066497267
66.25 -21.128124281418 523.3216244622935
66.25 32.64054276805801 477.6902680975141
66.25 5.793423519826684 485.1028185779236
66.25 -127.9286471853197 267.6963588905816
66.25 -37.47029602312885 552.5373500543046
66.25 -130.1441392247534 597.2704961591229
66.25 -33.97793268695752 546.2697570698238
66.25 -36.08268753339485 546.2305772490079
66.25 -34.9943542231108 544.3186032578704
66.25 -37.24793320271652 544.301559039444
66.25 -38.35670251583667 546.2877730537774
66.25 -39.52906796073346 544.3307379350852
66.25 -40.64506360244239 546.3289485373052
66.25 -41.82567536175005 544.358834118368
66.25 -42.94945781593024 546.3710767663908
66.25 -44.13733971894576 544.3877550315143
66.25 -45.26847940233881 546.4126280255629
66.25 -46.46338039093907 544.4167528519121
66.25 -47.60164176761903 546.4538355004822
66.25 -48.80441020527775 544.4452094882179
66.25 -47.65897157168691 542.3680421968519
66.25 -50.05394987843093 542.4017545179322
66.25 -48.88607832706554 540.2808155760334
66.25 -51.32295413384301 540.3209841293318
66.25 -50.13962900598246 538.1707391631127
66.25 -52.61120585843553 538.211305188339
66.25 -51.41088605287958 536.0300162268342
66.25 -53.92044305397052 536.0699575709444
66.25 -52.70062728757686 533.8532412404228
66.25 -55.2509537802816 533.8938248868195
66.25 -54.0113170847568 531.6410007060326
66.25 -56.6016950727535 531.6830946940249
66.25 -55.34332743929449 529.3961364291221
66.25 -57.86003076467806 533.9699413692153
66.25 -59.21023619833444 531.7373693482353
66.25 -60.47844804958206 534.0289248973835
66.25 -61.84206985362949 531.7775479226163
66.25 -63.12366152954936 534.0924368839381
66.25 -64.50189519641371 531.8171973599502
66.25 -65.79730619409374 534.1569512448939
66.25 -67.1904894440228 531.8571307869058
66.25 -68.49998888121844 534.2222891262147
66.25 -69.90852717872353 531.8973447918459
66.25 -68.58492831477514 529.4832234166679
66.25 -71.23243737881673 534.288563920765
66.25 -71.36672460127724 529.527945931421
66.25 -70.01512538220015 527.0611424968797
66.25 -72.85570662780097 527.1084273441134
66.25 -71.47691332303371 524.5918826432435
66.25 -74.37406797947916 524.6405432774652
66.25 -72.96819029514567 522.0739634788079
66.25 -75.92271995086843 522.1239150339773
66.25 -74.48927972639913 519.5068059397704
66.25 -77.35126423962791 524.7378045777467
66.25 -69.80912262822935 536.6092151228561
66.25 -72.51188441271142 536.6700847936396
66.25 -77.50212351219567 519.557730057433
66.25 -76.04038169794532 516.8888427713644
66.25 -71.10842540547823 538.9520452315905
66.25 -73.76201978517155 539.0115075337351
66.25 -72.38439753815723 541.2499207562361
66.25 -74.98635950325156 541.3081549922658
66.25 -79.11283172497102 516.940810332025
66.25 -77.62220283578232 514.2190715146908
66.25 -74.50664828676474 514.1766215467756
66.25 -76.10127798893616 511.4931154252682
66.25 -72.97524157945489 511.4510637183178
66.25 -74.57475371778987 508.7592064710986
66.25 -71.43898247276917 508.7170657113962
66.25 -73.04344692300837 506.0162384088388
66.25 -69.89711350126883 505.9741057709937
66.25 -71.50684177850316 503.264868836016
66.25 -68.35129940715156 503.2228013315034
66.25 -69.96555794615438 500.5068676601954
66.25 -66.80415745037408 500.4655358052007
66.25 -68.42066601342448 497.7472870308296
66.25 -65.25792782791378 497.7062292756585
66.25 -66.87484630035009 494.9883380881498
66.25 -63.71380964161673 494.9476964174162
66.25 -65.32947605782428 492.2342617505298
66.25 -62.17621469623327 492.1944356014777
66.25 -63.78724033025679 489.4911057908978
66.25 -60.64781658423326 489.4518969968519
66.25 -62.25135407313753 486.7631053735337
66.25 -59.1305848430159 486.7244991766665
66.25 -60.72424601969528 484.0538592604908
66.25 -57.62663451520738 484.0162254182923
66.25 -59.20784820601219 481.3675707909345
66.25 -56.13682161854487 481.3305160355095
66.25 -57.70423931965776 478.7048677279296
66.25 -54.66040175162556 478.6684762429236
66.25 -56.21366709147874 476.064799746106
66.25 -53.194114508785 476.0285878316677
66.25 -54.73510518652352 473.44386313196
66.25 -51.7349847197859 473.4069421205007
66.25 -53.2669853907807 470.8299926726317
66.25 -50.26999024864467 470.7921373268852
66.25 -51.80130215418333 468.2131650450421
66.25 -48.79931863955205 468.1747908424175
66.25 -50.33359775651632 465.5899341310606
66.25 -47.32517065096033 465.552013820417
66.25 -48.86226733830231 462.9621737929511
66.25 -45.8477513442021 462.9240889111153
66.25 -47.38804359795513 460.3283852800052
66.25 -44.36622343091717 460.290092228916
66.25 -45.91035648497412 457.6875139368992
66.25 -42.88011746823346 457.6490090817734
66.25 -44.42864826641506 455.0388737696556
66.25 -41.38939939284013 455.0001809504136
66.25 -42.94260451139006 452.3818273624682
66.25 -39.89342299524508 452.3429122545794
66.25 -41.45179285651885 449.7156183872648
66.25 -38.39192215311253 449.6764847981432
66.25 -39.95582959088985 447.0397608397964
66.25 -36.88480948796981 447.000419851156
66.25 -38.45447443959351 444.3539045519619
66.25 -35.37189193831313 444.3143521382018
66.25 -36.94753220538966 441.6570811831888
66.25 -33.85179599610557 441.6172278751922
66.25 -35.43432208807203 438.9449818666261
66.25 -32.31966766883123 438.9051733667572
66.25 -33.9115949826885 436.2179329635952
66.25 -30.77978264435362 436.177791104814
66.25 -32.38059394616511 433.4746118309145
66.25 -29.22982484693466 433.4343262016654
66.25 -30.84024788825914 430.7140824561416
66.25 -27.66928699326946 430.673647004331
66.25 -29.28994431029096 427.9352835178856
66.25 -26.09755499029378 427.8946801614546
66.25 -27.72909534756084 425.1359695513745
66.25 -24.51227188343663 425.0953080844803
66.25 -26.15608560525915 422.3149048543947
66.25 -22.91363921079541 422.2740492557162
66.25 -24.57044309146312 419.4706667952327
66.25 -21.30081091134998 419.4295867333364
66.25 -22.97141324196987 416.6018388516034
66.25 -19.67296018620643 416.5605097613069
66.25 -21.35820017071065 413.7069591908406
66.25 -18.02923312842417 413.6653562712372
66.25 -19.72997920161254 410.7845142459629
66.25 -16.36875480965884 410.7426184409742
66.25 -18.08602054081966 407.8229197430585
66.25 -14.67595014491112 407.7821018350975
66.25 -16.41666146636703 404.8220030004401
66.25 -12.95961653377378 404.780927768853
66.25 -14.72404171850315 401.7797584817631
66.25 -11.21884935644888 401.7382603162561
66.25 -13.00771523819954 398.6954455909073
66.25 -9.453894549142573 398.65340317485
66.25 -11.26754967948634 395.5684092607154
66.25 -7.664472207449375 395.5257920774048
66.25 -9.503257974310545 392.3980437088268
66.25 -5.850248848350549 392.354840198081
66.25 -3.994867153022473 395.5208446985005
66.25 -2.190258970342991 392.3366262761754
66.25 -0.3327706906113335 395.4928065511864
66.25 1.47159142977456 392.3062174043328
66.25 -7.714512872991966 389.1837463678703
66.25 3.332468406072603 395.4640554528398
66.25 5.138779471348389 392.2724019705067
66.25 -16.34255851580507 416.537158720651
66.25 7.003129858728133 395.4344941581621
66.25 8.812642874886503 392.2369653140653
66.25 -11.40795582389987 389.2332222608823
66.25 -9.604584673298952 385.9723233883146
66.25 10.6807028329197 395.4048938411104
66.25 12.49288648644462 392.2015459079882
66.25 14.36427867003385 395.3744856959864
66.25 16.17958648110643 392.1654803790578
66.25 -13.35718488228884 386.0261347857828
66.25 -23.09375451261906 410.825207739101
66.25 -11.52795524501549 382.7167154664441
66.25 18.05439370717288 395.3439983249256
66.25 -15.33620597622651 382.7720132474708
66.25 -13.48043357896202 379.4143893810706
66.25 19.87144476226403 392.1300603023153
66.25 -30.95347951818369 425.1729169595099
66.25 -38.56014831246308 438.9791295516813
66.25 -46.00678683803409 452.4121624800307
66.25 -24.48163857755399 430.6425670824896
66.25 -17.34405044680092 379.4706110068111
66.25 21.74888448825344 395.3121191466447
66.25 19.92880681232162 398.476536098662
66.25 -15.46139997902207 376.0643063998726
66.25 23.56753731850883 392.0942181652404
66.25 23.53607625538082 398.445693730726
66.25 21.75864591602339 401.5259336497459
66.25 -19.38100432388482 376.1213761568694
66.25 -17.47107810798019 372.6673138853313
66.25 25.26840160649218 401.4982663123744
66.25 23.53703380024068 404.4944792391142
66.25 -21.44499318994796 372.725013356978
66.25 26.95114680216525 404.4689877754317
66.25 25.26575628693907 407.3834940543487
66.25 -19.50846480990086 369.2229740494248
66.25 -23.53754079016154 369.2814516220793
66.25 28.5869366442489 407.3594906249269
66.25 26.94674967479305 410.1945363483588
66.25 -21.57411283390451 365.7307566520967
66.25 -17.50268872750645 365.679532147642
66.25 -25.65797089625834 365.7907113841771
66.25 30.17745001739077 410.1716456522126
66.25 31.79145469588779 407.402925473655
66.25 28.58155929362415 412.9295187806931
66.25 -19.5830853538816 362.1535268615461
66.25 -15.47040123945143 362.1037162564982
66.25 -32.28553570094462 444.2768945058004
66.25 33.38365158986014 410.1858807756443
66.25 34.99913159330868 407.4146800239558
66.25 36.59775978254762 410.203080139612
66.25 38.21830193610494 407.4215431675007
66.25 -17.57013558329076 358.5458751194492
66.25 -13.42105061858512 358.4957275008686
66.25 -53.35852186905252 465.6196889995726
66.25 -27.64028744101673 369.3842498453874
66.25 -29.7766291581053 365.8622465482002
66.25 -31.7746210280943 369.483090677231
66.25 -33.92791836424615 365.933224410444
66.25 -35.94193667232277 369.5829112575049
66.25 39.8237586346176 410.2197309079577
66.25 41.45093003510519 407.4264851109168
66.25 -15.53929324988593 354.905163397791
66.25 -11.35160337460847 354.8547557171038
66.25 -38.11924240352035 366.0008572166551
66.25 -40.15281277787489 369.6896876975815
66.25 43.06352402880041 410.2364495115002
66.25 44.69633369680483 407.4317026889574
66.25 41.42942175529603 412.9835889849022
66.25 -38.35368087085023 454.959482057772
66.25 -13.48937799906649 351.2304382502003
66.25 -9.262122254979896 351.1796586649283
66.25 46.31547754829249 410.2519536100991
66.25 47.9532081670547 407.4367989594081
66.25 -60.7768117912583 478.7256985787043
66.25 -42.35440717882412 366.0710512187929
66.25 -44.4088121577915 369.8000083865074
66.25 -11.42000526161288 347.5209346370536
66.25 -7.152501467239381 347.4697108699804
66.25 49.57831655372133 410.266170484402
66.25 51.21959957940988 407.4420722750345
66.25 -46.63469492447612 366.14329828947
66.25 -44.32548068515113 465.5091744309504
66.25 -48.7107407729774 369.9128276542924
66.25 -9.330896332674602 343.776071958872
66.25 -5.022595617763276 343.7243630985837
66.25 52.8496955270739 410.2784180918546
66.25 54.49387524963132 407.4468854025272
66.25 52.86100194390945 404.5434036349414
66.25 56.24085068748328 404.5535211473673
66.25 54.55987132279322 401.5602999135928
66.25 58.04367007179458 401.5724402396077
66.25 56.3124919509013 398.4897896075885
66.25 -66.95222787799243 489.5168210461507
66.25 -73.14711522880195 500.5385501584385
66.25 59.89071124576099 398.5077356398376
66.25 58.11738696384435 395.3513538443352
66.25 -51.66976699498328 478.6024223298884
66.25 -44.55750639603604 362.3773766242918
66.25 -48.88763863872081 362.4448071464626
66.25 -46.78149221046062 358.6274927891295
66.25 61.64438617445471 401.6535845059447
66.25 -7.221812103273042 339.9953787906373
66.25 -2.872237787141212 339.9431616276292
66.25 -51.16991197975827 358.6959221068964
66.25 -49.03549101310871 354.8274025287862
66.25 63.47646037913193 398.5705587678998
66.25 -57.5580697208289 489.3849894492179
66.25 65.23352936237099 401.7005529283102
66.25 -53.48049985814608 354.8979923793074
66.25 -51.3196315391079 350.9815017421759
66.25 -5.092534277896925 336.1784433390224
66.25 -0.701247370419495 336.1257039982176
66.25 1.526141331024985 339.9184718562089
66.25 3.697633564358258 336.0927878082923
66.25 5.924422413240134 339.8858540902498
66.25 8.09501853791941 336.0613943086534
66.25 10.32083238253598 339.8528665196881
66.25 12.49045722308058 336.030094097806
66.25 14.71533045427128 339.8199013632426
66.25 16.88401275467183 335.9987589713318
66.25 19.10797872744866 339.7869537588805
66.25 21.27578854168037 335.9673620345843
66.25 23.49891352718278 339.7540631721245
66.25 25.665918778036 335.9359063926894
66.25 27.88827726525217 339.7212352361005
66.25 30.05512070124994 335.9040506935105
66.25 32.27750405923928 339.6891993507153
66.25 34.44546494659645 335.8713283556539
66.25 36.67610856093754 339.6624582288916
66.25 38.85450977507623 335.8289163644031
66.25 41.09611250016912 339.63840851356
66.25 43.28579870438616 335.7856867875066
66.25 45.53880703519877 339.6147918967276
66.25 47.74068532945176 335.7418513648103
66.25 50.00574274260602 339.5919876691532
66.25 52.22678455975736 335.6939946190402
66.25 54.50817532111061 339.5756722859416
66.25 67.06226911796928 398.6157870034612
66.25 -55.81810814704075 351.0538904803937
66.25 -53.63201550247759 347.0936151186925
66.25 68.82363883989656 401.7444269140163
66.25 56.74801421426504 335.6479812914993
66.25 -57.99780223211906 355.0121718479099
66.25 10.2654994680205 332.2206973842655
66.25 27.83279418680591 332.0998442195556
66.25 59.04863587100937 339.5624540172103
66.25 -58.17988791248156 347.166670789122
66.25 -55.96968145263661 343.1628294244807
66.25 45.47499538550223 331.8768576179768
66.25 70.65554374511171 398.6529662142773
66.25 72.42228981567618 401.7883815257661
66.25 -73.63561350429656 543.5025869188127
66.25 -76.18624906277692 543.5596575697291
66.25 -79.24736569497433 511.5250534060283
66.25 61.30784639976943 335.6013670152049
66.25 -60.56754921844333 343.2366690374306
66.25 -58.33303002248089 339.1887556612807
66.25 -74.86216273361974 545.71071535486
66.25 -77.36260950957666 545.7668181209723
66.25 25.4239360746891 412.9608707603054
66.25 27.0295252274938 415.6421023863414
66.25 23.93538307740006 415.6736033176959
66.25 25.50937213257635 418.3018399765774
66.25 22.47605672069406 418.3329903368285
66.25 24.01934321914016 420.910435784836
66.25 21.04412160935608 420.941140688195
66.25 22.55798882747881 423.4699632540051
66.25 19.63834383312096 423.5002485278007
66.25 21.12407175694464 425.9825127078141
66.25 18.25762941520371 426.012421678926
66.25 19.71645207289168 428.4510850577623
66.25 22.52348732062786 428.4160918592078
66.25 21.14974636263404 430.8221712151732
66.25 23.88422604942801 430.7882054614325
66.25 22.54588269108508 433.1315565974369
66.25 25.20903743468311 433.098692003992
66.25 23.90542050225523 435.3808750354309
66.25 21.30238889332427 435.418678330343
66.25 22.63627129824458 437.6284523645391
66.25 20.07652665450943 437.666115294729
66.25 21.38868313324197 439.8414624874338
66.25 18.86879598615434 439.8780273306222
66.25 26.49909784780763 435.34900794071
66.25 20.16006230212807 442.0183696747479
66.25 17.68152676151935 442.0539866087995
66.25 18.95128883592031 444.1582366092562
66.25 16.51533977748749 444.1929253746359
66.25 21.37625359368583 444.1167158782723
66.25 20.19910241192841 446.2009492570949
66.25 22.55964588717979 446.1596197685413
66.25 21.41452611654277 448.1879973885694
66.25 23.71231798160033 448.1477875997331
66.25 22.59762377781632 450.1223532449818
66.25 24.83485041639087 450.0834065726903
66.25 15.24063657722966 442.1105526042472
66.25 14.06831586159592 444.2595113946147
66.25 23.7493763269589 452.0065077017264
66.25 12.7811554949679 442.163080018715
66.25 11.59765614615427 444.3330802723162
66.25 -62.98150184339234 339.2634212544313
66.25 -60.72240135588412 335.1709384839729
66.25 63.62806108110663 339.5495192912092
66.25 74.25946008034815 398.6877001783441
66.25 76.03198970987188 401.832540726548
66.25 74.18993407987595 404.8517604985174
66.25 72.48840174937607 395.4642371160945
66.25 25.92835148458965 451.9685144316706
66.25 -78.69113806606256 543.6416808066375
66.25 -79.87630535379883 545.860420706057
66.25 -81.21659847940279 543.7185807858918
66.25 -82.41347646945461 545.9578234343159
66.25 -83.77577723360952 543.7901842619111
66.25 -84.99205510384552 546.0664845852046
66.25 -86.37821276066796 543.8627374165894
66.25 -87.61513842773074 546.178584430883
66.25 -83.60878271792612 548.2424150646442
66.25 -89.02525016802873 543.937171408914
66.25 -90.28338448984913 546.2929548606498
66.25 77.65688564538837 404.8954436923258
66.25 75.88676823066506 407.7816944814399
66.25 24.87119140757966 453.8415453005837
66.25 22.74429691285032 453.8813626247407
66.25 10.2964778217779 442.2156936053786
66.25 9.100190444845099 444.4093311405975
66.25 65.90708969640937 335.5543626126572
66.25 63.56652191634496 331.5714055943316
66.25 -65.42204522415808 335.2464445723252
66.25 -63.13804017526684 331.1121222590536
66.25 -58.40436784383115 331.0430891716115
66.25 -60.83115485075422 326.9667126816575
66.25 -56.07710545730192 326.8970441741997
66.25 -63.66323684558744 500.4127273179244
66.25 76.20557260045148 395.5201876437633
66.25 74.39619048175064 392.2233049080824
66.25 -65.5940569312999 327.0307838707039
66.25 43.33784910879555 343.4621882985759
66.25 -91.71783053199894 544.0130192341062
66.25 -92.99769295817302 546.409474854442
66.25 23.84178489072972 455.6797841458463
66.25 21.75520340155819 455.7190397840936
66.25 26.99348207454138 453.8045383999557
66.25 28.03946010039694 451.9707677941253
66.25 -67.69750370130522 339.3787891855125
66.25 68.21179014648253 331.5208243109191
66.25 65.84505673908073 327.4961378103862
66.25 68.24725432977098 339.5369163901201
66.25 79.19927016518214 407.8273030339973
66.25 77.50471634760804 410.5863951050856
66.25 -63.26845441673381 322.8470997233233
66.25 -68.07619695471938 322.9128125986241
66.25 29.09375270585585 453.7873304657217
66.25 30.13007336886077 451.9716476476482
66.25 7.784414470281243 442.2687674987388
66.25 6.574877310914982 444.4869306973612
66.25 22.8320264251764 457.4817758709193
66.25 20.7878373394708 457.5202596261609
66.25 78.19677581021024 392.2824330584806
66.25 70.5385418220975 327.4443415478827
66.25 68.1466294557883 323.3772049955795
66.25 -94.45688800029049 544.0901777455007
66.25 -46.46178534882984 373.5929321515101
66.25 -50.763380040528 373.6944537005691
66.25 -48.52497218966248 377.3558593262609
66.25 -52.80325238052168 377.4564642779508
66.25 -50.57721873975377 381.1013569936961
66.25 -54.8386300920873 381.2017195328463
66.25 -52.62122783843721 384.832690440411
66.25 -56.86559385546386 384.9321281769356
66.25 -54.65753831676364 388.5477627414631
66.25 -58.8839662031377 388.6467844246395
66.25 -61.11519858119681 385.0287627765676
66.25 -63.15337904741664 388.7827186273303
66.25 -65.41415596537402 385.1249629238238
66.25 -60.9007099845762 392.4197146874555
66.25 -65.16887514379377 392.547192000484
66.25 -62.92471313084551 396.1691068219547
66.25 -67.17393335635673 396.2957452384213
66.25 -64.93999124191153 399.9009475249974
66.25 -69.16959122060598 400.0270683455798
66.25 -66.94578359139219 403.6196986382825
66.25 -71.1635898794303 403.7459107361174
66.25 -68.94556779650004 407.3293849642045
66.25 -73.15245046038119 407.4551020388214
66.25 -70.9403296395619 411.0289957809966
66.25 -75.13599933497892 411.1544138319287
66.25 -72.92974360150529 414.7187602532279
66.25 -73.41532795921574 400.1445555311429
66.25 -95.758962818648 546.5280610692267
66.25 -94.2756576258556 548.8594362370351
66.25 14.30448963581668 388.9382784922955
66.25 -77.11417678362594 414.8438504550304
66.25 -74.91382470758855 418.3985807680444
66.25 76.34841802660377 388.9146460893812
66.25 80.672534621246 410.6320578437796
66.25 82.32455487745419 407.974983668017
66.25 79.05026116210902 413.2707225819918
66.25 -97.0161093903063 548.9654569677182
66.25 -95.55509697627548 551.2591207826911
66.25 31.17437681291324 453.7712822045226
66.25 32.20108092028438 451.9726849650079
66.25 -49.95016039015091 546.4957093426192
66.25 -65.72955190935686 318.6931214139627
66.25 -70.57788526292553 318.759228358
66.25 21.84281586584887 459.2477568543309
66.25 19.8391258454568 459.2855205981683
66.25 -98.24824570766137 551.3624481503745
66.25 -96.81316952122098 553.6175166674878
66.25 72.88959280308652 323.3247527533156
66.25 70.47236712651174 319.214604148196
66.25 -79.08692985620877 418.5233362656062
66.25 -76.89240289255272 422.0727310551467
66.25 80.22996217955766 388.9754353961515
66.25 5.243760147238484 442.3222343694607
66.25 4.020360980911843 444.5661422624291
66.25 83.79521348279064 410.7314610460313
66.25 85.43968358860801 408.0835320969195
66.25 16.76965972027512 423.5591057795065
66.25 33.23429265461524 453.7548179173123
66.25 34.25026147456597 451.9752239334794
66.25 25.72188191011007 343.5197876323713
66.25 -99.462291177064 553.7191998592215
66.25 -98.05064375829636 555.9371990600675
66.25 78.34257270969823 385.5364322950969
66.25 -97.24334341391715 544.1685914816842
66.25 -95.91901531379463 541.6810166183144
66.25 75.26338822264293 319.1628229433789
66.25 20.87324266090642 460.9789343716518
66.25 18.90945430113546 461.0157019164117
66.25 22.83124511494504 460.9384433285549
66.25 -81.06200861025873 422.1976076097387
66.25 -78.86910391171106 425.7446703341186
66.25 72.82274490911828 315.0128348229125
66.25 67.99683837056364 315.0715879489568
66.25 -100.6553757085309 556.0367611740268
66.25 -99.26779130342148 558.2164543469947
66.25 -96.73124754189095 558.1063840122747
66.25 -97.90656303755708 560.3035761860223
66.25 -95.46606032263539 560.1960984122875
66.25 -100.3659515807071 560.4201382456801
66.25 82.30614932297485 385.5985659718753
66.25 -68.21129034417866 314.5038185392947
66.25 -73.10065172306167 314.5704406354459
66.25 -75.48114216379491 318.8582129530434
66.25 35.27289995056863 453.7388523394056
66.25 36.27906024079292 451.9771288840768
66.25 61.34956423160053 343.5268255940843
66.25 -99.03644539716318 562.4678278334285
66.25 -101.4554248593091 562.5829519637034
66.25 -7.117981532770303 354.830249713956
66.25 -52.72782163915279 529.3618148864961
66.25 -9.482216072666988 336.2320355588146
66.25 -7.334171622212614 332.37219219043
66.25 -81.31883761474211 414.9581130736947
66.25 86.92365201245097 410.8397414497692
66.25 88.57575747683545 408.1726369084342
66.25 80.37892319189932 382.0869170362381
66.25 76.35004458867711 382.0343677737859
66.25 -83.03627736621196 425.8695544392669
66.25 -80.84457739369091 429.4146703320026
66.25 77.65989057064048 314.9607439211721
66.25 2.67358729235989 442.3764107233808
66.25 1.435909449525665 444.6466587677746
66.25 2.797755426662074 446.8410983737508
66.25 0.2340337361884057 446.9123235035667
66.25 1.57690830227885 449.0728768140151
66.25 -0.9446269114185076 449.1425136757748
66.25 0.3757817525301465 451.2672846040253
66.25 -2.103423540161748 451.3352914077574
66.25 -0.8055638077725243 453.4250648653926
66.25 -3.244754610710792 453.4920247684578
66.25 -1.967805287356777 455.5478124587567
66.25 -4.369015021608057 455.614838759689
66.25 -3.11091763265854 457.6409887732546
66.25 -5.478233435972144 457.7072560147184
66.25 -4.237710226283235 459.7055656741178
66.25 -6.575321316331824 459.7725178341543
66.25 -5.348948998720672 461.7489653464975
66.25 -7.661827207212029 461.8153890146471
66.25 -6.448241087740865 463.7720414846399
66.25 -8.738612067752101 463.8379307280832
66.25 -4.174061400382624 463.6975745198586
66.25 -7.536737352727468 465.7755559456463
66.25 -9.808925758242005 465.843390857162
66.25 -8.614281041611079 467.7706729635262
66.25 -10.87542071231166 467.8383653903348
66.25 -11.02504291718111 463.9060061887748
66.25 -9.686392321122177 469.7572185545499
66.25 -11.93810509459718 469.8246845954351
66.25 -7.451404264291355 469.6808361720761
66.25 -4.551401730081174 451.420194871503
66.25 -10.75399699975819 471.7351313947517
66.25 -12.99559898647522 471.8023091781288
66.25 51.2036206838679 413.0462594984405
66.25 -54.06544605056215 527.1025887244535
66.25 -51.42990251023257 527.0677553732957
66.25 34.26723202132052 455.4879481558328
66.25 77.69776898622354 323.3092177439871
66.25 84.42621004787141 382.1503921782661
66.25 37.29115651670688 453.7233422893324
66.25 38.28711511492484 451.9796802356202
66.25 19.92276716928911 462.6754191622718
66.25 17.99784605245221 462.7114585452062
66.25 70.35876517519071 310.850962920121
66.25 65.51317037782289 310.9104912350612
66.25 -78.02225332748725 314.6427480010407
66.25 -98.773517161442 541.7576534274959
66.25 -97.41379025422388 539.2042586226771
66.25 -11.77570434339038 332.428057975898
66.25 -9.603682807291486 328.5247346067445
66.25 -85.00978175942359 429.5396819186735
66.25 -82.81894479382568 433.0834017686074
66.25 -100.1473041200135 564.5978171356019
66.25 -102.5279266522067 564.7113289205266
66.25 -68.77476091208675 414.5778069982958
66.25 -60.73639466456217 399.7609162856139
66.25 -76.71266733862026 429.2721038503073
66.25 -52.77780129578687 524.8057169244051
66.25 -50.14799518476539 524.7712842987568
66.25 82.45830671341957 378.5645680671675
66.25 -11.81677354876555 473.7048917883571
66.25 -14.05405388225064 473.7746064840658
66.25 -15.24911465903765 471.8630997181792
66.25 -16.32804948870108 473.8669675318442
66.25 -17.54592299901898 471.9188353185135
66.25 -18.6460790674662 473.9613396257805
66.25 -17.40512922787175 475.9266962914607
66.25 -19.73524318481368 476.023504611581
66.25 -18.4859729012891 478.0020605022837
66.25 -20.83183791288292 478.0995758780616
66.25 -19.57406771586058 480.0917042547644
66.25 -21.93603042054875 480.1898533649479
66.25 -20.66965934526414 482.1956862926901
66.25 -23.04793657875463 482.2945234279227
66.25 -21.77280449243946 484.3143302625458
66.25 -24.16773572958842 484.4138758815575
66.25 -22.88365534332547 486.4479357388727
66.25 -25.29561707773997 486.5482384827083
66.25 -72.37372874601945 545.6482460215315
66.25 -73.56475409341064 547.7983427558119
66.25 -71.14231750496714 547.7353012698159
66.25 -72.29999653027079 549.8241257374091
66.25 -69.94734827039484 549.7628028983505
66.25 -71.07160859721029 551.7908900355934
66.25 -68.78813439275149 551.7310652372674
66.25 -69.87909930200007 553.6989196975625
66.25 -75.62434566754979 310.3257719236766
66.25 -1.13516596085308 444.7343848406697
66.25 -86.98314004391959 433.2087543394538
66.25 -84.79248792167117 436.7522435963151
66.25 -63.33112225132861 314.4425533085846
66.25 -26.59891764247307 484.4943332934097
66.25 -27.74661136985655 486.6630552726799
66.25 -26.42104006670735 488.741930150198
66.25 -28.89179726141347 488.8553255348107
66.25 -27.55784932780171 490.9463422099839
66.25 -30.04072257827254 491.0592727915373
66.25 -28.70123182681551 493.1586094433877
66.25 -31.19160884861781 493.2706029450572
66.25 -29.84931454553779 495.3739282077399
66.25 -32.34404877400544 495.4860373372193
66.25 -30.99946950249896 497.5932186953532
66.25 -33.49576855654578 497.703517040552
66.25 -32.15216326657111 499.8087459799623
66.25 -34.64286055494417 499.9169916993845
66.25 -33.30380679636563 502.0189917382879
66.25 -35.79474054660562 502.1282969858707
66.25 -34.45457590598703 504.2316913485681
66.25 -36.94899899967891 504.3423615483848
66.25 -51.49264284232968 522.5167442533151
66.25 -14.0949776351664 328.5815109295483
66.25 -11.89886152376041 324.6349457554132
66.25 -67.6634835247802 553.6409028360342
66.25 -68.722056416003 555.5501549430387
66.25 -70.87415893128855 555.6080432197685
66.25 -80.4170628572152 318.9599876868231
66.25 -18.21972932011244 401.8268410858777
66.25 -19.88740548899431 471.975181559329
66.25 -80.58236678256107 310.396248336747
66.25 90.0749519282525 410.9465352617342
66.25 91.7417762161772 408.2535952865335
66.25 88.40979707567897 413.534272348978
66.25 -102.0835364637064 553.835659936095
66.25 -35.6058736117445 506.4488523113691
66.25 -7.827456616281419 457.7833479751511
66.25 37.28530830023794 450.2306518423155
66.25 39.3154388571317 450.229256771006
66.25 40.31314576676468 451.9926481888358
66.25 41.33473031142115 450.2507058651286
66.25 40.34376297430707 448.4815334716344
66.25 42.38641977564056 448.4995008781047
66.25 41.38082237128186 446.7021106703758
66.25 43.45828525922041 446.7198183230307
66.25 42.43507042764618 444.8905545855478
66.25 44.55142990420297 444.9075542124573
66.25 43.50816145660909 443.0426812258353
66.25 45.66601297205347 443.0597664399818
66.25 44.60207623478603 441.1581202273575
66.25 46.80264085949217 441.1753938412789
66.25 47.86750205677239 443.1026891427521
66.25 48.99929227020458 441.2195331192578
66.25 50.05443671424854 443.135367473149
66.25 51.17588604039633 441.2692528201915
66.25 45.71755528918737 439.2307746095857
66.25 27.78480942983635 433.1169949264508
66.25 52.22014339378867 443.1668307338657
66.25 53.32916824117916 441.3204006052139
66.25 52.29717991427948 439.4149794752545
66.25 54.48488459335275 439.4622808837213
66.25 55.515737715522 441.3919296364619
66.25 56.66418861628159 439.5382319488153
66.25 55.64099817809162 437.5932393938163
66.25 57.86034897598191 437.6673470504967
66.25 86.59106723218243 378.6294111359218
66.25 58.88180764789293 439.6382504075989
66.25 60.07059288543034 437.7719925277297
66.25 59.05719002690949 435.7824472819853
66.25 61.31341528485874 435.8860753315756
66.25 -87.23447560567413 425.9777563983648
66.25 -16.43983261629614 324.6923758335923
66.25 -14.21944568602302 320.7023852012746
66.25 -18.81031642164267 320.7604210024709
66.25 -16.56550397757671 316.7269214823081
66.25 -11.93240790811701 316.6727484799991
66.25 -14.29614826967443 312.6637547453323
66.25 -9.623903197549659 312.6102937924032
66.25 -18.97104371980173 312.7180594223041
66.25 -16.68097261130309 308.6124235797627
66.25 -21.40689921204982 308.6678663214583
66.25 -11.20343873684034 407.7766255197569
66.25 -23.21256183247838 478.1787390605988
66.25 43.37270989002387 450.2832188111689
66.25 18.99117592295653 464.3422182127725
66.25 17.0982270657888 464.3773441616189
66.25 84.58163058810113 374.9676992297407
66.25 -101.2402215738443 566.6971618581911
66.25 -103.5875077175634 566.8088297990603
66.25 -98.91976654569457 566.5710307808915
66.25 -104.8968778734367 564.8310023512049
66.25 -105.9798199780714 566.9702677791505
66.25 -88.956479862086 436.8776062916683
66.25 -86.76596858193162 440.419321568976
66.25 -82.63644589836434 440.2771074576974
66.25 -84.57965019065446 443.8779106083248
66.25 -88.65763902905918 444.0354514046025
66.25 -86.48239995599333 447.4834130712733
66.25 67.88421388758655 306.6679692471878
66.25 63.0098535039175 306.7276270451125
66.25 88.58749815891245 382.2829226841274
66.25 -100.3431030564621 539.2830853315374
66.25 -98.94789125519915 536.6630117117905
66.25 -69.74863982215219 557.4181568948267
66.25 -71.8581431179377 557.4748571345822
66.25 -80.53228608570593 443.7373703446101
66.25 60.27654346338417 433.8477353106833
66.25 62.59044883190653 433.9535779723983
66.25 63.62682948598074 436.0266329266507
66.25 64.89317353707931 434.0979646491877
66.25 63.86830946765591 432.0083364042059
66.25 66.21500025999079 432.1535331429693
66.25 65.16944434124522 430.0155826687252
66.25 -90.55449947632063 447.642271463294
66.25 -88.38097077551161 451.0869112266695
66.25 67.23764492209176 434.2702335323297
66.25 68.5468777662504 432.3323157609879
66.25 3.91122038625294 440.0980955640249
66.25 -19.09228651733942 304.5187504005497
66.25 -23.86795427712204 304.5747806989905
66.25 -104.643982680732 568.9594518465947
66.25 -107.0203841043635 569.1121920532649
66.25 16.09971320572882 462.7622713111686
66.25 15.19086347817868 464.4403653794404
66.25 -78.16469120131293 306.0460898026272
66.25 -83.15883951032868 306.1174175084561
66.25 -66.57235573188701 555.4939574308173
66.25 91.41549796116936 413.6387634343819
66.25 89.82566309285227 416.0886372251551
66.25 16.19878311858706 466.0503859445956
66.25 14.31610341729487 466.1084943555578
66.25 -9.630091652268323 379.3662582829566
66.25 88.80193532056711 375.0339387053821
66.25 86.74995324591794 371.2946248215054
66.25 54.46761917211663 395.3406048074498
66.25 56.30194115350638 392.1413368136119
66.25 -70.7549371936416 559.2492234795587
66.25 -72.82243638221281 559.3045433602539
66.25 -29.07320930580851 484.572973588258
66.25 -92.45015984300386 451.2464675833955
66.25 -90.27742549487516 454.6896892654304
66.25 -86.23905084059814 454.5149129203018
66.25 -88.10888500894123 458.0532487057887
66.25 -92.09965946848361 458.2453386697766
66.25 -89.93806426389774 461.6023556129891
66.25 -93.92477636940856 461.7949758730367
66.25 -91.7647834374075 465.1475929926667
66.25 69.55591102702437 434.4252154238027
66.25 70.84763944143454 432.5127560904085
66.25 -101.9522911158748 536.7446608413044
66.25 -100.5219844183303 534.0584189907553
66.25 -50.45684698987181 388.434642596315
66.25 -34.85816314074881 495.5880820567289
66.25 5.19302874699169 398.5820663410781
66.25 -84.14936382222787 457.8824333831552
66.25 -49.09724402671474 347.0280931868014
66.25 -107.3232278552262 564.9464688695313
66.25 65.39514932389302 302.458568145737
66.25 60.48994339862654 302.5187413206597
66.25 70.30433136855781 302.3963215124949
66.25 52.58289548355118 392.1344912450851
66.25 54.44841162296434 388.8818845523185
66.25 -105.7011545584454 571.0744279901186
66.25 -108.0428932651324 571.2242176519068
66.25 12.54648101767437 343.622259626308
66.25 13.30346731357944 464.5140472951936
66.25 12.42039606262122 466.1936743902999
66.25 13.44158687109067 467.7832243371539
66.25 11.56885528777896 467.8635404224954
66.25 -38.30981620873752 502.2250194989479
66.25 -39.48421560313484 504.4757769157122
66.25 50.67198966912824 388.8772188415741
66.25 52.56427745291292 385.5797879957776
66.25 48.73698648227287 385.5751072823022
66.25 50.6547203839238 382.2344617909168
66.25 46.78174686511317 382.2319099460964
66.25 48.72045873594483 378.8561005687634
66.25 44.80762807442287 378.853581197555
66.25 -21.52898015102122 300.3822695998631
66.25 -26.35355331277685 300.4393768654014
66.25 -16.7112620208757 300.3302136451671
66.25 -95.74539343356446 465.3400647021284
66.25 -93.58857709203481 468.6875386791969
66.25 -48.8730243255612 522.4826131973172
66.25 -50.21236575100442 520.2330330150279
66.25 -89.6402730015741 468.4819345550525
66.25 -91.43872970228223 471.9586895975869
66.25 -95.33935346392462 472.1802048273622
66.25 -93.19758072697525 475.4408486533468
66.25 82.46003564575642 371.2387108564307
66.25 92.67182333589513 416.1948453680287
66.25 91.16016195481329 418.5155372449815
66.25 -97.08721262547914 475.662036028337
66.25 -94.95118200979273 478.9139971252587
66.25 -71.74143775612401 561.0427464999833
66.25 -73.76678476871668 561.0970803367611
66.25 -103.3723737882075 539.4241664391482
66.25 71.84352460318976 434.5778691054701
66.25 73.11760430151544 432.690768230979
66.25 70.57050355365861 436.4379010572786
66.25 -19.21944199514693 382.8724511396234
66.25 91.05960783116237 371.3623419026147
66.25 88.96424715437618 367.5439053884236
66.25 -80.72382962082027 301.736203206453
66.25 -85.75350442108466 301.808066406854
66.25 -88.20000600087138 306.2169084374123
66.25 -69.72689720050188 560.9827479943636
66.25 -103.6020506477963 534.142326888852
66.25 -102.1358914799313 531.3886300151835
66.25 -18.30777914932047 482.0883305544916
66.25 -106.743662447564 573.1560635108307
66.25 -109.0490457288602 573.303699738673
66.25 -104.4650432332419 572.9953552314864
66.25 -67.67453216425484 549.7497135623404
66.25 -94.6525789495024 447.7874667009327
66.25 -98.83039315139149 479.1345332443176
66.25 -96.70014597826062 482.3776343787862
66.25 18.78403775608191 457.5809147951811
66.25 -26.22816879905389 493.0351759194004
66.25 67.7955188744384 298.1511802045529
66.25 72.74780795044138 298.0883596147303
66.25 46.7662399105105 375.4434526127316
66.25 42.81369566486532 375.4408335626831
66.25 50.72037624991306 375.4450118043092
66.25 -21.04407449649259 324.7876337132721
66.25 -72.70781243331444 562.7957476457882
66.25 -74.68527542605477 562.8491024646851
66.25 -75.74374025378791 561.1774378658798
66.25 -76.66780021199887 562.9334660355278
66.25 -77.73418857523329 561.25116520066
66.25 -78.66639368025221 563.0212129439294
66.25 -77.59165799495332 564.6955971219598
66.25 -79.56166878672623 564.7779744614638
66.25 -79.74715774711798 561.3215234990927
66.25 -30.8353829763452 501.9000048591818
66.25 74.09901342211458 434.7270175286962
66.25 75.35495360530268 432.867064188416
66.25 -75.70156606450648 301.668797335711
66.25 -40.86935239633078 502.3212731836323
66.25 -110.3725331248626 571.3801802265889
66.25 -111.4040715074261 573.5070113413711
66.25 11.39407062758904 464.5821265055739
66.25 -48.91554998475577 535.9960001591076
66.25 -52.84612000625381 520.2572427255748
66.25 -51.55042312395531 517.9409566142463
66.25 -110.0503623488564 575.4462954113957
66.25 12.57400786480711 469.4272850717102
66.25 10.73431014461096 469.5048951782851
66.25 -100.5688042984063 482.5975995994839
66.25 -98.44432743094755 485.8318570826457
66.25 -112.3900613486387 575.6373949903098
66.25 75.99830077645487 413.2408380611834
66.25 -17.71580657850018 351.2818865392194
66.25 93.36277532618047 367.614351478448
66.25 91.2253340087363 363.7190250745798
66.25 -97.9305745398964 461.9777995416992
66.25 -87.5668303134842 471.7580160798182
66.25 -105.2930942473003 531.4747952023777
66.25 -103.790347817599 528.6522899853989
66.25 -100.5767963280936 528.5776320992881
66.25 -102.2486264725933 525.8147791178483
66.25 93.85851871620436 418.6205215609045
66.25 95.3235014493643 416.4007019012752
66.25 92.42162077962996 420.8226390999365
66.25 89.8361173550938 420.7379039782391
66.25 -95.96015355342092 536.5930497861914
66.25 -90.8101831826696 301.8852876894736
66.25 -19.16543268627576 296.1627056538123
66.25 -14.31159535824369 296.1107304856611
66.25 -92.85567010404992 482.1455144559931
66.25 -47.54775833447986 524.7203565617064
66.25 -46.27915543981815 522.457742801322
66.25 20.90327642871075 415.7398415960704
66.25 54.38274077121309 413.0635348302107
66.25 91.05701336249346 422.9727882580954
66.25 -88.34895824862437 297.4518238943427
66.25 2.841779282037071 451.1911409787884
66.25 95.48869972355838 371.5023993880223
66.25 -78.50638752388666 566.4173962257548
66.25 -80.43101961457364 566.4969163672691
66.25 -28.70405166943876 304.6668431222842
66.25 -31.20003041574434 300.5118837179996
66.25 -102.3020073016195 486.0509614480574
66.25 -100.1838780870097 489.2741472553742
66.25 40.31073609362215 444.8668246350035
66.25 52.77852791061508 415.751404834381
66.25 -85.14078095169201 541.5384992062188
66.25 -100.9889278938569 475.8771732942581
66.25 -105.5045640329868 525.8833032182902
66.25 -103.9367894281751 522.9889018114466
66.25 95.71069855013745 363.7919093633576
66.25 93.53194452982561 359.8212653176091
66.25 -111.0564040217239 577.5474017343606
66.25 -113.3594786673764 577.7349029370364
66.25 -93.26853751346347 306.3188988269049
66.25 -93.43477977725705 297.5283473438742
66.25 31.16648044553379 450.1687229369055
66.25 48.74467231358705 371.9845131824421
66.25 52.75906717263236 371.9868170853961
66.25 43.46057656565892 439.2109882430951
66.25 44.60652850101816 437.22897163926
66.25 -100.6300122658545 522.930640134726
66.25 -102.3341630933551 520.0786414492487
66.25 -105.6839290925969 520.1303859833469
66.25 -104.054502872649 517.1617956564918
66.25 76.32205317758361 434.874117386477
66.25 77.55858915048954 433.0417666170316
66.25 76.60962718852213 431.0263454826146
66.25 70.21699102169252 293.8098217824303
66.25 75.20601913375705 293.7465158914925
66.25 11.72046946869129 471.0379370763553
66.25 9.917381790573909 471.1141045243559
66.25 13.51193997173779 470.9558119639066
66.25 8.925529370644249 469.5986176187069
66.25 8.099622908060544 471.221471109844
66.25 -53.81249758241543 540.3930281584605
66.25 96.49793546902784 418.7690980915257
66.25 97.94368403016989 416.5767984223545
66.25 -54.22568199286616 517.964995658519
66.25 -52.9090974739562 515.6109280783768
66.25 -100.6527414866357 517.1212017159955
66.25 -102.3889763743925 514.1788265960427
66.25 36.61478274779237 404.5728508605989
66.25 15.38239061638773 426.0783984415096
66.25 13.88448271311548 423.6119613379104
66.25 -104.0238052414778 489.4900090983798
66.25 -107.4768411344811 517.2147943706262
66.25 -112.0473517337874 579.613672274915
66.25 -114.3077587732805 579.7947563990441
66.25 -44.96069307779194 524.6839258218928
66.25 -43.69704383428186 522.4320036570798
66.25 -112.7655878551078 571.5330899732425
66.25 -79.40092247983405 568.0976672074656
66.25 -81.28037762800538 568.17529932871
66.25 -82.31421085962712 566.5980170273696
66.25 -83.17377488255998 568.2888755083198
66.25 -77.53182947944585 568.0144766647184
66.25 58.10457960339802 306.80568007447
66.25 55.59462731747036 302.6019691042958
66.25 53.22092792736942 306.8704346426729
66.25 50.72342129494743 302.687326396148
66.25 53.08490567382992 298.4148142984906
66.25 48.19261602197864 298.4996399116353
66.25 45.83343465754446 302.7839805408781
66.25 43.31186476965291 298.6037582132632
66.25 40.96275450076175 302.8714097932827
66.25 38.45156331694748 298.7087809572864
66.25 36.11160094304638 302.959189431077
66.25 33.60910017757458 298.8121866681133
66.25 31.27222826655566 303.0509334810478
66.25 28.77153676293022 298.9087261390795
66.25 26.43620759606796 303.1445371903641
66.25 23.93709259280973 299.0050265426864
66.25 26.27050865697714 294.7496714492012
66.25 21.40029964089258 294.8465411080294
66.25 40.79048386152314 294.4342680641202
66.25 21.6032582772775 303.2381555150129
66.25 -16.78376028979404 291.9112767652727
66.25 -11.89249944090399 291.8592466544529
66.25 -90.95841067545548 293.0676631872987
66.25 -96.07572765873738 293.1444872490321
66.25 -33.55896953162271 304.7561275138614
66.25 -36.06403767566496 300.586149619155
66.25 -33.69666726217091 296.3158971718491
66.25 -38.60113581717666 296.3882712462129
66.25 -36.21197654877984 292.0777718743126
66.25 -41.1635436458935 292.1506546129923
66.25 9.100952145039642 472.7329995316824
66.25 7.30621092383534 472.8345111208522
66.25 6.295319281462646 471.3356308362825
66.25 5.49149094720954 472.9680863300493
66.25 -109.819886977296 579.4111699669918
66.25 55.8582552542907 415.766831987139
66.25 98.10093308088234 359.8972704773969
66.25 95.88299196149201 355.8584788815966
66.25 51.11051358310062 444.9942005685127
66.25 88.98490352803381 359.7618052637636
66.25 50.75388484986694 368.4744780882956
66.25 54.828424543842 368.476882674323
66.25 23.7510859025466 290.558930785001
66.25 18.84377415378075 290.6566211283047
66.25 -0.7583795267176285 457.567019320223
66.25 78.85547594071228 431.2000067254291
66.25 79.79508690190988 433.2391251160153
66.25 12.48834375420359 426.1479301683494
66.25 10.9808427027429 423.665702538513
66.25 26.9876374618378 420.8760744317347
66.25 42.28187842971906 437.2072062210809
66.25 43.46343605859039 435.1639565979866
66.25 54.3053223327497 418.3681368280848
66.25 -98.96108789809037 514.1395460511806
66.25 -84.22121808786493 566.6924847507142
66.25 -85.09269695797057 568.4061159326045
66.25 77.88536565320436 429.1369301402823
66.25 99.10638755110674 418.9164239695849
66.25 100.5371315054317 416.746677349795
66.25 9.575748894313154 426.2179209695304
66.25 8.058734626521664 423.7198584829709
66.25 9.472339392925015 421.1325463304691
66.25 6.492566606072931 421.1843415074135
66.25 5.066225067138187 423.8168440186054
66.25 3.488741549315224 421.2594713025699
66.25 2.053408122461903 423.9100507467796
66.25 7.93694844596488 418.5405702423768
66.25 90.23175617544045 405.3587409406928
66.25 93.56934063661238 405.4590401767923
66.25 -33.77181475499028 373.1427092627724
66.25 -100.7092025152283 511.1772458039318
66.25 -84.0325166628045 569.9960090872078
66.25 -85.92038180685377 570.1064606445909
66.25 -113.022987165703 581.6336313717338
66.25 -115.2351179070551 581.8109317043645
66.25 72.65642169987274 289.4371428038012
66.25 77.68123422414138 289.3731712306466
66.25 80.23621174469672 293.7063617329279
66.25 82.71966034912458 289.3222063680602
66.25 85.28339427003367 293.6699238777583
66.25 87.77799079072085 289.2691845801691
66.25 90.35358826799617 293.6365952102911
66.25 92.860059033279 289.2152915125639
66.25 95.4456933011744 293.6022278260637
66.25 97.96327923313618 289.1629306812362
66.25 4.46356851146688 471.4478006905451
66.25 3.646065792490642 473.1081964742827
66.25 -97.258527627368 511.1378806262061
66.25 4.689890938579777 474.6333448195084
66.25 2.861394593659213 474.7650082473401
66.25 -55.62947186340595 515.6346791708863
66.25 -54.29009292777371 513.2394919896063
66.25 -50.20683102181542 515.5963421489726
66.25 -55.06371713439829 373.7967295117483
66.25 -86.98590062474057 568.5361726098973
66.25 -87.82327074192585 570.2510179054683
66.25 -42.38365156161763 524.6495086194227
66.25 -41.12470794077772 522.4061537373543
66.25 44.86025414734451 385.5990291282685
66.25 -31.91427160122533 362.2716617139809
66.25 12.89648808923916 446.4288829960968
66.25 -40.70212162252939 542.3217018341442
66.25 3.275435449455273 389.0630063120298
66.25 -106.1624936423266 486.268708071921
66.25 -38.75124698073288 287.8009894458391
66.25 -43.74653613462317 287.8743886050466
66.25 -46.16694899024751 292.2546256564069
66.25 -48.75863558348055 287.963673172211
66.25 100.5278924684411 355.9360848546754
66.25 98.27338367589091 351.8308252054503
66.25 81.07306246040082 431.4142010975306
66.25 81.99617437252942 433.4205854867088
66.25 -115.6446938869164 577.9310778587749
66.25 -78.39596142573539 569.6381189511068
66.25 -76.59124840285075 569.5568455255997
66.25 -78.80273970198948 559.5106045146703
66.25 -80.87620445682109 559.5809881026445
66.25 -48.74012562653399 548.4812593304273
66.25 -51.04239879218783 548.5228267171323
66.25 -18.76612248342929 469.8917586136145
66.25 -21.15701604505296 469.9484418022728
66.25 -20.01135283958331 467.8202319299434
66.25 -22.45334713506833 467.8781245794523
66.25 -21.28319502494445 465.7044622524051
66.25 -23.77757055398743 465.7634563040937
66.25 -22.58220021848544 463.5430243750621
66.25 -24.96965994821733 467.9819070828577
66.25 -26.32234780176453 465.8255259809972
66.25 -27.53957648932574 468.0915458414165
66.25 -75.17039250053504 536.7550991085188
66.25 41.06937640428493 435.1427914296594
66.25 42.28508459113183 433.0406052107671
66.25 44.74226685536014 433.0656327783593
66.25 43.53567016097907 430.8937264721878
66.25 41.01779506429371 430.8647113402961
66.25 46.04761531076307 430.9193360385319
66.25 44.8141858471278 428.6953630449643
66.25 -93.58382419074306 288.6594655425314
66.25 -88.44463286559922 288.5846047743713
66.25 -98.72788767136771 288.736163426366
66.25 0.4637163591437909 421.3352875344019
66.25 -0.9812103318334799 424.0055333951796
66.25 -56.96951345101792 518.0299063011912
66.25 52.79325783207251 364.9119451566443
66.25 56.92981036296285 364.9138435103844
66.25 48.66784202146728 364.915335996966
66.25 -107.9100304187575 489.7495441475334
66.25 -14.38344560105908 287.6252076675935
66.25 -9.451234101213903 287.5732658125994
66.25 -6.954815103018828 291.8334634114982
66.25 -49.85578627961657 550.4669315469843
66.25 -52.10662873242734 550.5065803328558
66.25 -101.2270850423291 293.241709742599
66.25 33.77092640524938 307.1728254509137
66.25 -4.512121894775156 287.5405448307604
66.25 -86.7477222180119 571.8123911181934
66.25 -88.61876859781638 571.9501260952424
66.25 91.99007953928364 402.4296283951029
66.25 95.47214975762266 402.540739946966
66.25 92.92941228344165 298.0305589644782
66.25 98.01735549738206 297.9925766000097
66.25 95.50624887834171 302.4140107226468
66.25 100.5880384593249 302.3763639730829
66.25 98.07972346437636 306.7930083406108
66.25 -38.43115749529159 304.8456056465221
66.25 -35.91772455955941 309.0120621997139
66.25 -28.91839873887267 465.8909526660796
66.25 -30.15923137880627 468.2006790927821
66.25 102.774535687973 360.0366434001331
66.25 -113.9777719001911 583.6097712055514
66.25 -116.1419147092319 583.7836083116528
66.25 101.6854121610471 419.0604544003332
66.25 103.0943744176435 416.9193922550326
66.25 100.2756690353794 421.1413053802426
66.25 -42.06490440001458 504.6124032145012
66.25 -43.4749392297219 502.419127143677
66.25 21.2123971828742 286.3362925468489
66.25 57.28541112228088 418.3830079122428
66.25 58.81713966520114 415.8500778879561
66.25 83.25169796070914 431.6273868557094
66.25 3.888429419193487 476.2655187310884
66.25 2.087234947334757 476.3966229985636
66.25 56.39196877179992 385.5843358983466
66.25 102.9941426950583 351.9099896562198
66.25 100.7030602930241 347.7380608751957
66.25 95.93393538347166 347.6744346576837
66.25 98.37377334422449 343.5630532980369
66.25 93.58653819733368 343.5017733931084
66.25 96.03334057937668 339.377573593522
66.25 100.846035209661 339.4335157455442
66.25 98.48853411403037 335.2033120085548
66.25 58.98383963817489 368.5264457359073
66.25 61.09862445524241 364.9338012468524
66.25 -50.94740703499176 552.4055923795445
66.25 -53.13910926417608 552.4401618968171
66.25 -54.29219695649451 550.5819948987686
66.25 -55.3250125355158 552.5097682613196
66.25 -54.17262558404326 554.3414589288193
66.25 -56.48066026834383 550.6500682930636
66.25 84.1580739156495 433.5981260339823
66.25 82.92719376094128 435.3350481545925
66.25 -111.8461542372082 583.4209509332017
66.25 20.11155624296 404.5296360493913
66.25 29.06407633810863 435.3402061858681
66.25 2.599613327370035 471.5615229716383
66.25 3.431419246804659 469.8628067199083
66.25 55.7827696854558 420.8999548177484
66.25 -51.18498263856144 292.3573101356138
66.25 -53.78383620610136 288.0553334915334
66.25 -61.74651692630665 536.3321307207522
66.25 -99.01810290127662 508.1563416546302
66.25 -102.5075656771359 508.1867334625445
66.25 -95.54505846224419 508.1166831999034
66.25 -56.3083241255505 554.4067581302465
66.25 -55.18494020817143 556.1904441234203
66.25 85.39128796221686 431.8371519093496
66.25 11.49270377247898 440.0117048615225
66.25 -95.52383390010664 514.105491189081
66.25 60.23458420633229 418.4368464198137
66.25 103.3585702911168 335.2612529324833
66.25 -57.26357226428208 556.2539857155944
66.25 -56.17021861667777 557.9899441247343
66.25 -58.19346122448849 558.0519460633585
66.25 -57.12909535299205 559.7421018651884
66.25 -59.09776310006443 559.8016419920536
66.25 24.84442633751148 446.1632057204084
66.25 -39.82001705044284 524.6132598875279
66.25 -38.57219781854376 522.3864588236153
66.25 -39.86525318071923 520.2189452075625
66.25 -37.35641668391757 520.1917201133979
66.25 -41.07050330249864 526.8472201663759
66.25 101.9690848876491 414.5627791998214
66.25 104.6359544221788 414.7363123316947
66.25 67.63270888099649 289.501307718384
66.25 70.08880318594248 285.1034000906814
66.25 65.03833645945768 285.1676517366866
66.25 -88.90377209808793 568.6615327754004
66.25 -58.39501885135088 515.6599228123071
66.25 103.1542359364669 306.7543545456603
66.25 61.7581122508723 415.9202792580754
66.25 63.16866569663515 418.4936823535396
66.25 -103.8916681435536 288.8177652893269
66.25 -101.3806127393685 284.2945235350102
66.25 -7.010131579219743 283.2619415874909
66.25 -2.037091022779127 283.2270109304096
66.25 26.15764981682258 286.2376219998144
66.25 85.20272258512533 284.8974256170678
66.25 -77.42483902755885 571.1244597288326
66.25 39.87385925553959 437.233239424214
66.25 103.4580856486554 412.2587964901512
66.25 106.2767220350157 412.4375021135562
66.25 105.0299676129492 409.7841104560996
66.25 108.0747044520235 409.9730772144923
66.25 106.7247427887467 407.1006809020487
66.25 107.4823622294204 415.032974643568
66.25 -31.56404457318698 465.957820844301
66.25 -32.82725219717796 468.3104114986316
66.25 -31.39798822290884 470.5715292814791
66.25 -34.07311810213093 470.6802110125682
66.25 -30.29986596646648 463.6041190323661
66.25 -42.25785375260901 500.0880290712143
66.25 -44.9084012695488 500.1874306169881
66.25 -43.67018970073014 497.8162119159416
66.25 -46.14682763122979 502.5591144542501
66.25 -47.60631291802735 500.2878348647701
66.25 -40.76891450303501 309.0972155934587
66.25 -38.26987144112672 313.238977543968
66.25 -38.63426849854773 518.045891600401
66.25 -36.14736177201396 518.0183238617453
66.25 0.6184092492573087 426.5737701909941
66.25 -2.386847255615796 426.6633085193821
66.25 93.82963889619106 399.3975812793468
66.25 97.4376814701256 399.5128777349196
66.25 100.9740720178585 330.9860034777805
66.25 -51.35093907385951 283.6398429592846
66.25 -56.41146563093213 283.7295344662635
66.25 -34.90028099614986 520.1350670269406
66.25 -33.70420058136246 518.0046645245083
66.25 84.5049251752158 429.8612726474277
66.25 -87.56583191626389 573.4762498950416
66.25 -89.39314204198546 573.6106931860371
66.25 77.49891012324971 415.846781112172
66.25 -75.68209858217189 571.0457339090118
66.25 50.72759654057059 361.320446864437
66.25 46.56819374418559 361.3247751120884
66.25 -114.9109026588906 585.5508901353438
66.25 -117.0410897312594 585.7223105026524
66.25 -118.3054130266777 583.9580432027577
66.25 -119.237512100196 585.9611698394673
66.25 -110.0820519829601 486.4800021178146
66.25 -32.64139516947913 472.9435076931385
66.25 -35.31926002534505 473.0529892810952
66.25 109.9990134648829 407.3152712924423
66.25 108.556289132153 404.2416072271021
66.25 -48.86733154887143 502.7027036909071
66.25 -50.35337271532286 500.3900292905237
66.25 -2.015124106624898 291.8027615998921
66.25 3.101086128183264 477.8870261623094
66.25 1.307426321297954 478.017129354696
66.25 0.2665225852166528 476.5183528304124
66.25 -0.5331060520945042 478.1845400333476
66.25 4.869486670622902 477.7437893221179
66.25 -1.599683489786873 476.6477026749806
66.25 -2.418907439982479 478.354775980914
66.25 -1.327900301813132 479.91031817362
66.25 -3.216375057137749 480.0744637654888
66.25 -59.7564388836273 518.0924947382958
66.25 -58.06281866193246 561.4452876807998
66.25 -59.97753349262541 561.5032581395226
66.25 -2.582833500110001 421.4127979410891
66.25 -1.127379067737796 418.7083551843632
66.25 23.59907530866485 281.9793342631581
66.25 28.58723980255133 281.8800146394653
66.25 102.7190649769326 421.2787022405521
66.25 101.383160852859 423.2409880034774
66.25 -51.63744389738159 502.848902554973
66.25 63.16852721811974 368.5709837176384
66.25 65.29856610413466 364.9512119938585
66.25 51.31713752164184 418.35787598925
66.25 -79.90174055533134 557.711398633245
66.25 -82.04324725785541 557.7839553979851
66.25 86.28104442215422 433.7725486269305
66.25 87.49018583441568 432.0444507861287
66.25 -74.85868924877191 569.5209228617572
66.25 -111.8574455858494 490.0156607712514
66.25 -94.18756166275389 553.503378205794
66.25 75.08615304185371 436.6802583185432
66.25 18.61366972135755 282.0805747361745
66.25 24.87126005757913 457.440566056576
66.25 -73.95960710744272 570.9911630339888
66.25 -73.14410962308763 569.4824458210926
66.25 -109.6532705422092 493.3012192101506
66.25 30.14776615361937 455.5556639601369
66.25 -54.58811575078959 483.9456800952768
66.25 20.87419453301444 464.300919287946
66.25 -85.74956427535109 573.3362388644058
66.25 105.6741463937954 302.3361921466797
66.25 91.23136978869375 339.3165822159149
66.25 88.79254671607615 343.4442695866581
66.25 -64.76818701146861 407.1874337066123
66.25 -72.75594819747536 421.9304459226688
66.25 34.97606527756277 412.9303872882007
66.25 -46.34118575523502 380.9873934302628
66.25 105.8933860178144 331.0448770526936
66.25 -96.36705494385254 489.0422836365814
66.25 67.50768098419201 280.7424132571617
66.25 62.42318583437824 280.8067778633489
66.25 -106.3999257365429 293.3429361683312
66.25 -32.48521003829348 520.0900086319273
66.25 -31.33531429716404 518.0188823301322
66.25 -97.31605927363809 505.1170886344671
66.25 -93.82296526954565 505.0773277276372
66.25 -28.52100771811335 497.47000893922
66.25 -53.10853592678419 556.1256576909827
66.25 -2.139867902962666 398.6350972769775
66.25 -35.33409987456467 449.6361743380659
66.25 -69.79437916049994 541.184914131444
66.25 -20.48828785793385 486.3390894858939
66.25 -33.11664899259179 506.3339278732003
66.25 27.02254305780733 398.484965660651
66.25 -29.19654023919269 438.8700947536176
66.25 -58.38086480779523 554.5056001741814
66.25 12.68584758643847 472.5160583223763
66.25 14.42125979218087 472.4360787378151
66.25 13.62137572243705 473.9476838773369
66.25 15.30165579668511 473.8693876052242
66.25 16.09174904492269 472.3970387598418
66.25 16.96127485958494 473.8118092563649
66.25 17.74257027819809 472.3570277985119
66.25 18.60275703029016 473.7561835055103
66.25 19.37668413261817 472.316386061322
66.25 20.22911069524239 473.7024879380949
66.25 20.99711455571428 472.2750159371169
66.25 21.84413861488304 473.6510645514819
66.25 22.60783139832626 472.2322586212526
66.25 23.44985236983151 473.6004258706673
66.25 24.20959873651551 472.1896605976268
66.25 25.04766166460553 473.5509443632678
66.25 25.80342214311398 472.1470516784291
66.25 24.9692380284325 470.7741494132866
66.25 26.59038375811824 470.7290099059435
66.25 27.42528025615631 472.1197355254014
66.25 28.21053334908291 470.7023531278198
66.25 27.37718595747135 469.3012162381376
66.25 29.02179592571339 469.2714509823709
66.25 28.17338608452469 467.843970457452
66.25 29.84993591115175 467.8133911132387
66.25 28.98485076001701 466.3587768116409
66.25 30.69289494850701 466.327520331947
66.25 31.55729168758435 467.7999545633017
66.25 32.39593183289328 466.3176880521832
66.25 33.25503206204716 467.7821288773527
66.25 34.08838065788381 466.3090409931241
66.25 33.23461112815149 464.8365936672158
66.25 34.95052485952763 464.8253993171907
66.25 35.80250145398857 466.3127997725354
66.25 36.65960755616715 464.8341485820259
66.25 37.5053011909487 466.3120963872727
66.25 38.3560452800984 464.8443635128162
66.25 37.51673450870977 463.3598509282958
66.25 39.23585298703961 463.3674193627069
66.25 40.07342498813102 464.8668769511219
66.25 40.94844140089194 463.3944517067438
66.25 40.11572698146382 461.8870779982031
66.25 41.85082655936522 461.9122555390371
66.25 29.04126489288977 472.0888047713424
66.25 14.5278873394984 475.3329055133899
66.25 42.68116093188853 463.4335680956061
66.25 43.57722038154045 461.9572426136029
66.25 42.75320066383394 460.431311360547
66.25 44.49772633291349 460.4747037431406
66.25 12.89634988572068 475.4113814094224
66.25 43.66337839385177 458.9286960379879
66.25 45.43175775918503 458.9724826729023
66.25 46.26152128201522 460.5298876897916
66.25 47.18865450435057 459.0361784435174
66.25 46.36559183683801 457.4766472595587
66.25 48.13820050402766 457.5380867595258
66.25 48.95563649364742 459.106182523366
66.25 49.89795940854994 457.6178476402864
66.25 49.08741294537919 456.0482781623253
66.25 50.86320996346284 456.1253062690347
66.25 50.04260470371122 454.535421468921
66.25 51.84393436532235 454.6123973228375
66.25 52.65852316933102 456.2147700496375
66.25 53.63030210254468 454.7125122813222
66.25 18.4062940388464 430.861808537561
66.25 -48.75528002448458 473.3585807473489
66.25 -66.76054222673113 505.9264728806103
66.25 52.82426723972532 453.1074406999439
66.25 54.63029493399841 453.2054127827693
66.25 55.42919522478344 454.8208083468418
66.25 56.41816016996491 453.3264643685065
66.25 55.62955237039806 451.7103490293817
66.25 57.43600114114425 451.8293293587316
66.25 56.63680545692637 450.1903972782919
66.25 58.47105451651225 450.3102815145731
66.25 59.26293522495167 451.9620133748691
66.25 60.28680333746199 450.4554564914811
66.25 59.50537518319267 448.8013661468955
66.25 61.344179864414 448.9443019102496
66.25 43.47332909215823 307.0190068793406
66.25 24.10038381568042 307.3548646833564
66.25 19.31046330723927 307.4446372778732
66.25 21.78262456082898 311.5188995040663
66.25 17.04323997670625 311.6074863300789
66.25 14.57822140003132 307.5661304348176
66.25 12.31441972777925 311.7193776713327
66.25 -21.272055959028 425.0677853146806
66.25 55.71845697970095 311.0390751942268
66.25 95.73548660583465 396.268712919558
66.25 99.45150054019892 396.3875899001877
66.25 34.49987539386177 343.4704256060453
66.25 3.753383408753969 343.6914616351238
66.25 -2.130590520782602 481.6208735430776
66.25 -4.012737642540555 481.788002989548
66.25 -5.123157332619529 480.230115269383
66.25 -5.943326906480532 481.9893919020453
66.25 30.34092943364431 433.1258273434219
66.25 62.1178017958422 450.6111243163581
66.25 63.16254839035543 449.1132846051231
66.25 62.40060757034386 447.4443538420052
66.25 64.24210147907758 447.6120255513165
66.25 63.46823969558706 445.9149888259689
66.25 65.34319296294582 446.0849575542919
66.25 66.11081340501262 447.7989545068812
66.25 67.2004908600934 446.282048637163
66.25 66.44398829340763 444.5612728637621
66.25 68.33183377691752 444.7579996827432
66.25 69.08045530795965 446.4956595291026
66.25 70.19708608843102 444.9844996670718
66.25 34.08276420187264 463.3282329359435
66.25 40.85288911792993 378.8753161009303
66.25 38.86031632752926 375.4607504561553
66.25 36.90174488819429 378.8923431712533
66.25 34.91139736391038 375.481637382491
66.25 32.95431467639838 378.9098056352011
66.25 30.96548985953127 375.5017028632109
66.25 32.9209827473908 372.0579644193257
66.25 28.94130553614562 372.0752168821894
66.25 30.91610507851544 368.5974849480814
66.25 26.897796928301 368.6152762051586
66.25 24.92005437625384 372.1168080288365
66.25 22.87736828564754 368.6537515239456
66.25 20.90117177468302 372.1533803976147
66.25 18.86038297443449 368.6931914474493
66.25 16.8849397160599 372.190204443134
66.25 14.8450093112749 368.7313940926622
66.25 20.83454004191725 365.1763664993273
66.25 12.87023823477466 372.2270289742459
66.25 10.83128727261922 368.7695587833224
66.25 8.857394632646566 372.2635530056814
66.25 6.820163799844657 368.8080811106393
66.25 8.792181162334977 365.2960240831692
66.25 34.94307033260151 382.3010254554879
66.25 -74.65569939548602 549.887157575187
66.25 9.850832834520554 307.6829691737208
66.25 -16.15628366916685 477.8962236769933
66.25 20.65836164637066 453.9436677039579
66.25 -53.65619189182421 330.982147148409
66.25 48.80031535059373 392.1644126291076
66.25 -0.8073792360637015 429.1975824768581
66.25 -3.771556822753205 429.2856518205955
66.25 -5.35472767208163 426.772905184487
66.25 -6.7460350347442 429.4046229875144
66.25 -5.156247795338659 431.9090123025492
66.25 -8.102829241131918 432.0227098521921
66.25 -8.340784850094874 426.877898983088
66.25 -6.531900056937488 434.4962557900081
66.25 -9.441246189115731 434.6083429510365
66.25 -90.44909074226321 572.1074312625879
66.25 -91.23381828030688 573.7811542636686
66.25 -90.16723728883979 575.2750864511382
66.25 -91.97584924781316 575.4386259627516
66.25 -93.04719378752047 573.9641621624429
66.25 -93.79983299859971 575.6374804353183
66.25 -94.88746266502341 574.1423538435428
66.25 -95.65534449059452 575.8441107222964
66.25 -33.65416756515447 522.1802655329637
66.25 28.8914430918442 365.1037856134064
66.25 -58.9709092485466 563.1015142623806
66.25 -60.83279121252519 563.1580496460087
66.25 -7.256763999982994 316.6425647447193
66.25 1.517107029413214 469.9784427253175
66.25 2.37228944488848 468.2324871386949
66.25 47.38830877435993 428.7217585981678
66.25 -11.3164803612377 362.0771446428677
66.25 -41.31282005247726 283.4869400503314
66.25 -36.27734402739311 283.4145253961987
66.25 111.3906935748533 410.3484014619094
66.25 -91.07923921653291 284.1590517576666
66.25 -85.91946047721656 284.0843377567846
66.25 105.4930008441362 347.8226442126646
66.25 95.3661918434001 284.7567784143125
66.25 100.4960866884876 284.7015681438795
66.25 -70.41599777946072 327.1301966873473
66.25 -44.60394882309764 354.7673796135409
66.25 -62.79645679371118 347.2811447187284
66.25 -16.28056923635621 332.521787867696
66.25 29.81147220353398 464.845810333563
66.25 107.8129649199874 352.0485174076564
66.25 -106.564500215322 284.3753348124333
66.25 1.469545864311627 332.2808634003232
66.25 -40.6558193453746 506.786942897291
66.25 -3.512565081152201 476.7798207052292
66.25 -14.86071760503469 395.6165568050432
66.25 -4.554020390458369 278.9151664835678
66.25 -9.566085490019475 278.9504291356089
66.25 0.4581759901509779 278.8799434413221
66.25 -109.1353078970764 520.2437127596893
66.25 -110.9574177782284 517.2775258814802
66.25 -112.6433598289395 520.3559381839764
66.25 -114.4952458363596 517.3408501995766
66.25 -112.7819429465645 514.2022829089318
66.25 -117.9321619973312 587.7464785828041
66.25 -120.1168134574723 587.9739473103843
66.25 19.05257678486839 332.1610226319763
66.25 -7.08408092997391 480.386757109404
66.25 -7.926683134382057 482.1938318581433
66.25 -6.756893587479908 483.8195442595787
66.25 -8.757193155971093 484.0251497082972
66.25 -31.39342096155866 488.9526634561562
66.25 69.8552537572927 430.4079685887088
66.25 17.82940528394615 475.1824270334399
66.25 54.44730573610099 331.731420592074
66.25 -63.85018024906178 484.076890544901
66.25 -38.52567302011573 526.8047521261066
66.25 -39.7614028438195 529.0242958933505
66.25 -80.59815423695829 519.6591765079424
66.25 -82.22964679216155 517.0027494600133
66.25 -83.73157305799924 519.7544033539923
66.25 -106.7854589328369 534.2906307797298
66.25 50.56498758093917 294.2023779247671
66.25 -56.21694376096855 292.4611713826154
66.25 -53.61117160333178 296.7595430654738
66.25 -108.5043836870866 531.5762308913019
66.25 -110.01866230012 534.4366294487924
66.25 -111.7647079435521 531.6812583948592
66.25 -113.3036477621924 534.587375765625
66.25 -111.5306953752252 537.3549116887134
66.25 -114.7996485002946 537.497417741359
66.25 -113.0425724871212 540.2384793490965
66.25 -116.2792680095742 540.3795752794539
66.25 -114.5395432701215 543.0933763805876
66.25 -115.077974796145 531.7872447128582
66.25 72.55873913038486 407.752763383298
66.25 -49.0693501943817 497.9329092731177
66.25 97.69868781555648 393.0398506049519
66.25 101.536769968573 393.1630430479308
66.25 99.72691886337653 389.6996141324375
66.25 103.6967755039617 389.8297167043073
66.25 62.75642094684842 429.8611937048577
66.25 -67.18870794947959 527.0254855103394
66.25 -43.25086375866706 506.9247037942981
66.25 -27.84566383726189 419.5088657436011
66.25 -70.05780158527388 495.0174810346934
66.25 -55.16336744018727 559.6794020845761
66.25 72.48430496220418 388.8649521840767
66.25 12.28885440416977 462.8676814739223
66.25 10.32838155434695 462.9352138731013
66.25 11.24901460506365 461.1711552762724
66.25 9.231645991735455 461.2405848025185
66.25 10.17904996198364 459.4252871377682
66.25 36.61297310801943 332.0022129563948
66.25 -48.75680456598081 552.3624111663654
66.25 -69.44133519743572 392.672419990727
66.25 -7.890303035771584 437.0510958734258
66.25 -10.7636725078036 437.1617085575118
66.25 -9.23195339837601 439.5750961958391
66.25 -12.07092301877073 439.6841554919732
66.25 -10.55774782394496 442.0685206938682
66.25 -13.36225128092154 442.1759944867141
66.25 -14.88331090129585 439.8072289216707
66.25 -16.184924998091 442.3157798171545
66.25 -14.6528636881404 444.6836661006544
66.25 -17.45609791135424 444.8178271217365
66.25 -15.93914408371288 447.1606554429125
66.25 -18.71171542801534 447.2933437758521
66.25 -17.21129362448751 449.6119159030065
66.25 -19.95675175947077 449.7438178154652
66.25 -18.47048087053077 452.0411708594864
66.25 -21.19249708294582 452.1727298179279
66.25 -12.32130728851656 434.7358511489403
66.25 -71.49303541192252 519.4656903811994
66.25 -99.72545477365765 549.0879357136499
66.25 8.103525019708982 459.4969444637873
66.25 9.078055940388396 457.6296399782046
66.25 7.141303985946871 461.3562562353074
66.25 -35.54236918005414 433.5089520851289
66.25 -116.2091624296655 520.4698125631676
66.25 -57.76083041851967 473.4644683453394
66.25 -77.37599123723376 407.5719041386972
66.25 -50.42553786016387 460.3576748873035
66.25 -88.0557088510954 566.9026265885849
66.25 -90.03962255359012 567.0299766586735
66.25 -89.16056128251549 565.2075661294457
66.25 -43.04162242308031 447.0707143302038
66.25 57.95686804927534 433.7373635430016
66.25 -76.20888637176634 506.0480026171078
66.25 -91.17879656419895 433.3171850619195
66.25 36.65450241439781 467.7676096100044
66.25 2.316825134376858 479.5040022348647
66.25 -94.12538371654146 572.4209449911224
66.25 -33.88542260754591 475.3195770479681
66.25 -36.56721239750554 475.4292554060431
66.25 22.94210691558178 375.5959049377618
66.25 -61.20417320369859 515.6849976436039
66.25 -59.82157251154077 513.2104163169211
66.25 -60.56155094058123 529.4387745006336
66.25 -94.5500495871192 577.3350727382518
66.25 -96.37649388617189 577.5338955745902
66.25 72.92222845213088 331.5071550962199
66.25 -61.8352014411387 561.5915565711655
66.25 -62.69107659561425 563.2432085706519
66.25 -102.8032714828783 560.5481949038681
66.25 -61.68906085141547 564.79081979158
66.25 -63.50738631080694 564.8699241010808
66.25 -38.8580729635765 279.0705518111129
66.25 -33.78906316667277 278.9976678307024
66.25 43.07824670197817 404.5586038739191
66.25 -118.0534557198302 537.6478801418795
66.25 44.39871888162196 463.4659486910148
66.25 59.03167733819442 361.2767555599157
66.25 57.20606215860866 454.9223253454807
66.25 -17.72259739263814 439.9259660398483
66.25 108.3015134453101 335.3627362659496
66.25 -104.042728020049 279.8335601446651
66.25 74.53333852216709 415.8194515298374
66.25 75.99296749700667 418.3458962028794
66.25 78.85753436702035 418.368765753955
66.25 11.09227086121391 428.6891074358773
66.25 96.07277563340637 330.9384463729509
66.25 -7.578042346828062 485.6638167508811
66.25 -9.59409453827128 485.8709463326787
66.25 -20.05071420557655 463.4926877986305
66.25 52.2710976723028 343.4855633616937
66.25 88.36125672978496 433.9409987513776
66.25 89.54558554238702 432.2487327171741
66.25 4.84784644260683 372.2991711384053
66.25 26.00663387661143 277.5841652014305
66.25 31.03926189200614 277.4839975823938
66.25 43.51226864761468 464.9175198879062
66.25 97.88316885537346 280.271974283824
66.25 103.0398220506772 280.2156281678468
66.25 105.6584102214916 284.6646664890137
66.25 108.2105974692681 280.1673799097305
66.25 22.69022685066119 474.9965784467919
66.25 -32.50759881167185 515.9859751502256
66.25 -30.17267453385687 515.9939861992606
66.25 -29.01928528799555 518.0024566179742
66.25 -27.88487522488098 516.0155981521114
66.25 -51.34039486379903 326.8498672653027
66.25 -48.93118354791487 330.9150737213207
66.25 -88.564236720821 279.6405813287062
66.25 -83.38314503377765 279.5658873328068
66.25 -80.73576593948262 284.0229980063937
66.25 -78.20425947709138 279.5045813519209
66.25 -75.56356752352615 283.9524305209463
66.25 -73.03904360364407 279.4458033058376
66.25 -113.5924668718532 493.5617646603404
66.25 -111.3980366127906 496.8307367110515
66.25 -35.13123262967025 477.6993748212273
66.25 -37.81757263376488 477.8094086226735
66.25 -36.37900024117654 480.0835238143882
66.25 -39.07047409592495 480.1940436186512
66.25 101.8269959338398 386.2510989765361
66.25 105.9288431440211 386.3857152346754
66.25 107.8316626002484 390.0642437954631
66.25 110.0834713998039 386.5680271667929
66.25 108.1675368574931 382.7992611925869
66.25 112.0158728047367 390.2858989867137
66.25 112.0492749278369 404.4774874425974
66.25 -72.25389916819499 570.9383821990111
66.25 -71.44575002443521 569.4441304273273
66.25 110.340257864532 347.9113020156022
66.25 -92.06837148965903 508.0790224662464
66.25 -90.36759476547972 505.071202429387
66.25 -2.672351285500867 475.0309596655705
66.25 -37.62885082048803 482.473890990388
66.25 -40.32792750039897 482.5848900483667
66.25 -38.88202913869907 484.8725012835981
66.25 -41.59105544626557 484.984007591148
66.25 -40.13973273867497 487.2802256742455
66.25 -42.85892555320721 487.3921265152778
66.25 98.56469800049004 326.7084553839771
66.25 -29.01003985588632 514.021539015991
66.25 -26.72261073784712 514.0453092754599
66.25 50.70627080046492 459.1720992897963
66.25 -4.228221059729269 418.7834334579658
66.25 -2.743687020988235 416.0246670742563
66.25 -76.48685484881889 572.5597189403236
66.25 -78.17448883087908 572.6385077137371
66.25 48.62650495481107 430.9849071995767
66.25 -116.3958869989959 514.2663965339806
66.25 -86.53961882504227 574.9380062529218
66.25 -84.79404115205296 574.8032670277643
66.25 11.20354765060856 457.5617617279391
66.25 10.08134820838266 455.7340131096993
66.25 12.24333574052165 455.6649757696641
66.25 -21.46851046927443 447.4341978524142
66.25 -32.99727263678368 463.6716832741726
66.25 -27.84574999988796 512.0534485597584
66.25 -25.56052468553681 512.0774709137365
66.25 -26.68233017408502 510.0860921650184
66.25 -24.39729492329561 510.1105241580113
66.25 -25.51864245211249 508.1183461929881
66.25 -23.23171079894567 508.1427674572317
66.25 -24.35399663253681 506.1471543319462
66.25 -22.06235511639205 506.1717692280815
66.25 -23.18681489155875 504.1707588831021
66.25 -20.88828302895069 504.1955560921842
66.25 -22.01605683309621 502.1909841383134
66.25 -19.71546424718532 502.2161980914872
66.25 -20.84396170274528 500.2146033767649
66.25 -18.55009786237532 500.2402451547781
66.25 -19.67487481507855 498.2454837479658
66.25 -17.38949005010751 498.2713264476699
66.25 -18.50986033536539 496.2843628533842
66.25 -16.23422508056676 496.3105700929848
66.25 -92.10058445768519 502.081952645028
66.25 -88.63836428686722 502.0717299814543
66.25 -114.6452639547763 511.0580715228915
66.25 -96.76522826538687 574.3191754640535
66.25 108.2521186968802 306.7342453323409
66.25 -14.48075986741404 449.4732632020558
66.25 -120.553197025433 584.130526117081
66.25 -31.70787452780473 461.2702239855684
66.25 79.46326096535716 401.9746843000418
66.25 -53.95925965573787 279.2805810124862
66.25 -37.41455701178293 515.8903349469539
66.25 -39.90879353841576 515.9018453641353
66.25 -17.34943718466028 494.3345765781548
66.25 -15.08741237659276 494.3606327153737
66.25 4.745764293390923 365.3336357160714
66.25 6.736173761727168 361.7861798619762
66.25 38.32070964561146 467.7651489136572
66.25 -42.28949842004771 529.0623422099953
66.25 -40.99261713265511 531.2250341717382
66.25 -117.7447254063532 543.2335691765552
66.25 -116.0214109749881 545.9235316292236
66.25 -112.8701824150424 545.7704829653278
66.25 -114.3156905946686 548.5258549840211
66.25 -117.3972334309846 548.6855069306521
66.25 -115.71915578682 551.2559149573215
66.25 -60.58737191601427 494.8877214148936
66.25 27.7890984028523 437.5335283249976
66.25 30.29637698885561 437.5237757694479
66.25 49.96125573508154 428.7843583705882
66.25 -83.03670909230118 559.7066083322192
66.25 -84.22167659371489 557.8763246205507
66.25 -65.52364209503587 553.6286771516909
66.25 63.92447959816324 450.7580097648181
66.25 20.15072663556851 470.8788486541343
66.25 -112.6939312624185 551.0853422637493
66.25 -114.0614374636646 553.7441848172455
66.25 -117.0214572184237 553.919857289127
66.25 -115.3904081193198 556.3769791519499
66.25 -118.3205333942425 556.5521001706535
66.25 -116.7045807877057 558.9892309598913
66.25 -112.4857288119438 556.1913775133426
66.25 46.1244777523076 426.4431030083364
66.25 43.48255106533043 426.4133883767003
66.25 44.8297352579843 424.0969510624248
66.25 42.11229226652743 424.0665152279898
66.25 87.17912275215411 435.6106935992519
66.25 -90.93208965609334 576.8990980072002
66.25 -118.8295060129105 589.7328531630538
66.25 -120.973534072352 589.9514937196241
66.25 27.2721328075669 466.3872764118036
66.25 -62.53092958420267 566.3772205139276
66.25 -64.30130222581199 566.4541709836258
66.25 -122.2930392920552 588.2055031763164
66.25 29.07058841338939 430.8875216500974
66.25 31.66787335439641 430.8930846705754
66.25 41.88748092778037 458.879951579305
66.25 13.77921658774302 476.7671305216186
66.25 12.18088378380517 476.8426313469879
66.25 -70.56264143902665 570.8874147425179
66.25 -109.2480865998846 279.914320984335
66.25 70.93347819816869 446.6967687495804
66.25 72.03175195137142 445.2099524966344
66.25 -8.405699046826628 487.5229690940944
66.25 -10.43861491677849 487.7319108461305
66.25 -9.239860590600017 489.4011076219932
66.25 90.24159712454181 399.2947558177908
66.25 73.12025637371194 418.3207116722859
66.25 28.25973876121031 473.4870023958569
66.25 14.77523458352245 315.7377476739218
66.25 10.08790992987543 315.8455487288591
66.25 49.77466474295561 460.6340759883121
66.25 67.38491994671347 368.6155097233677
66.25 69.53200312549376 364.966911456862
66.25 65.23832851817951 372.2290695842502
66.25 67.42903032380451 361.252464034147
66.25 71.73161779231812 361.2690432719707
66.25 69.59484097029592 357.4933739141084
66.25 73.96924665463513 357.5102235005174
66.25 103.6830460290843 423.3708485337738
66.25 102.4251557421886 425.2177178868224
66.25 100.2360156595057 425.1086820422275
66.25 62.89625761469784 452.2206177185078
66.25 6.943171392044881 457.7034133104272
66.25 -38.01865540612886 473.1511668541286
66.25 69.83651834603251 448.1667279083168
66.25 -115.3156827554732 497.089579555703
66.25 71.66488319691207 415.8487122669526
66.25 -4.458485360880565 296.079228527827
66.25 -55.44628984308939 548.6915777255563
66.25 -57.68529230278064 548.7614508287105
66.25 67.5605666243017 443.0027850323069
66.25 88.54853694297178 422.8922209737009
66.25 105.5833334452066 275.7036110563736
66.25 -114.0640399880001 486.6940658390775
66.25 -112.2608747834243 483.0930649116568
66.25 -101.9175918149305 492.6952429490046
66.25 -95.2936482520885 578.9926947325289
66.25 -97.079626565323 579.1871107988443
66.25 -98.16999249828143 577.7472317341798
66.25 -98.88676339551704 579.4228011771951
66.25 -60.76585080554063 566.2973286737987
66.25 90.43668002072991 302.4450553157349
66.25 56.23114238166068 456.3853494302572
66.25 -16.19597403619695 492.3985766526195
66.25 -2.926340342393041 483.341017955675
66.25 -69.76078454110983 569.4049612284431
66.25 -10.79775207740505 484.212569039633
66.25 6.883274974226596 375.7321449005312
66.25 65.62356513152889 442.7942507452426
66.25 61.58333022418768 445.7364885670944
66.25 71.31090985679204 443.4982440175082
66.25 73.17026269383118 443.7228616042575
66.25 -58.62415865714802 296.8595060962149
66.25 -46.62643522105246 326.8026805925751
66.25 -44.22876317923172 330.8484639487955
66.25 -49.02435918246484 322.7359447619057
66.25 105.7206062670325 311.1627097572013
66.25 110.8185890642115 311.1391532048284
66.25 74.5352609961967 420.7687307245372
66.25 71.75162531437346 420.7447683604481
66.25 -41.7891935360965 480.2902458835646
66.25 -111.777360554391 284.4735234570967
66.25 29.84074945249955 473.4531955324264
66.25 -26.75528645142455 517.9778230997377
66.25 -27.86645257978886 519.9048701741085
66.25 29.05104506468624 439.6643884573486
66.25 31.49694257738662 439.6547730398664
66.25 30.28217310893696 441.7401664297481
66.25 32.66310740398365 441.7305860128782
66.25 -119.6119690141983 559.162691871169
66.25 -118.0088437043817 561.5805862233725
66.25 64.09969703782986 427.8008281342225
66.25 -116.7264038726293 589.487054101383
66.25 -23.42701930363172 320.8327939702282
66.25 -25.67114940408318 324.8802980115958
66.25 -99.99876248072475 577.9560190446954
66.25 -100.7305972652676 579.6657450157353
66.25 -90.37835339131166 499.0696877881525
66.25 -86.90044133734609 499.0591551669883
66.25 -88.64854436456613 496.0440467872643
66.25 -85.15659969319172 496.0337958511814
66.25 -86.91146595125315 493.009238508675
66.25 -83.41023284172947 492.9991727399796
66.25 -85.16957853992638 489.9678984196677
66.25 -81.66162468464171 489.9580864144675
66.25 -83.42410555833982 486.9226913019372
66.25 -79.91244815914476 486.9130557058071
66.25 -81.6766209655022 483.8768946323704
66.25 -78.16538174064782 483.86729603759
66.25 -79.92930760573941 480.8336047193131
66.25 -76.42276145795131 480.8243985383835
66.25 -78.18399462793045 477.7970772646947
66.25 -74.68547238737918 477.787694306356
66.25 -76.4428451978408 474.7678675579554
66.25 -72.95324242099447 474.7583714348083
66.25 -74.70625426711338 471.7459686514287
66.25 -71.22523818418759 471.7365237328805
66.25 -72.97391240178827 468.7315229926088
66.25 -69.50148244636435 468.7221375535548
66.25 -71.24581209581847 465.7245595135082
66.25 -67.78112442233139 465.7147257682311
66.25 -69.52197347187057 462.7230319801778
66.25 -66.0638606688227 462.7131182586841
66.25 -67.80149584310263 459.725620276031
66.25 -64.34692682581175 459.7154041891995
66.25 -66.08305696342664 456.7293634414568
66.25 -62.62950589893151 456.7191423873989
66.25 -64.36513385484994 453.7331428960173
66.25 -60.91106715013913 453.7228696014491
66.25 -62.64700119256318 450.7354339037004
66.25 -59.19061042751993 450.7250748961191
66.25 -60.92778270292442 447.7350205982904
66.25 -57.46795563311077 447.7245794654329
66.25 -59.20692018974387 444.7306072807406
66.25 -62.69677585546155 444.7267369059471
66.25 -60.94845069348958 441.665354226721
66.25 -57.41370034215974 441.6844315522555
66.25 -59.164522755022 438.6079072144644
66.25 -55.62090324985675 438.6277159668783
66.25 -57.37553495067827 435.544802346641
66.25 -53.82497008366235 435.56478692415
66.25 -55.58291874336 432.4751854579036
66.25 -52.02393612373875 432.495091465136
66.25 -53.78615580298668 429.3971544039703
66.25 -50.21697630943489 429.4170507972528
66.25 -51.984298276225 426.3094654888372
66.25 -48.40351211543831 426.3293698986019
66.25 -50.17662557749967 423.2108292493506
66.25 -46.58275419506376 423.2307975111358
66.25 -48.362351354354 420.1002386211899
66.25 -44.75424063524387 420.1202666489179
66.25 -46.54089881283387 416.976096861776
66.25 -42.91604705786738 416.9960081644856
66.25 -44.71117123139656 413.8362780933276
66.25 -41.06793180951595 413.8562529971616
66.25 -42.87218728414887 410.6791879576764
66.25 -39.20819271721056 410.6992560973634
66.25 -41.02274473541284 407.5041058108028
66.25 -37.33781609273892 407.5242292726044
66.25 -39.16277861583678 404.3093075497143
66.25 -35.45412940665161 404.3295130585985
66.25 -37.29086931146846 401.0918012749748
66.25 -42.88884286977985 404.2788679675444
66.25 -64.509959899501 441.6613286701566
66.25 -55.58745862509149 426.2763906209188
66.25 -33.55484898944093 401.1122162870649
66.25 -35.4050913109845 397.8504305284139
66.25 -31.64143419334346 397.8711688031062
66.25 -33.50520654353727 394.5838936009044
66.25 -48.37410712569619 413.8047500397508
66.25 -69.56404126286883 456.7238348236988
66.25 -60.95048411767935 435.5108511540718
66.25 -51.99166556268318 420.0678046812911
66.25 -29.71232745257361 394.6054462949917
66.25 -31.58999995094959 391.292013663907
66.25 -66.12934502992269 450.7307606133973
66.25 -76.47566825507047 468.7241276751469
66.25 -35.42574078763854 391.2634612155389
66.25 -39.18411488230307 397.8210978695951
66.25 -52.09308950821673 438.6382492091465
66.25 -33.48285662038125 387.9173860979263
66.25 -42.99306668850525 423.2482737047623
66.25 -81.03671335517156 555.8522454861455
66.25 1.287605233640778 440.1482005204201
66.25 -50.12528118251554 505.184162448926
66.25 -68.88465853925528 570.836944835988
66.25 -9.097882638101296 480.5477438383111
66.25 -36.38697347772614 274.6243251762785
66.25 -31.28338757913289 274.550919894317
66.25 -41.93547827085414 326.7560198548501
66.25 -39.54972859948708 330.7816902134063
66.25 -44.32963550777497 485.0799753951659
66.25 -45.61735765973098 487.52288711699
66.25 -52.90703024178365 505.3282234102534
66.25 -117.5309774076212 493.8227113293167
66.25 32.94997914299576 365.085304325399
66.25 30.90458596311412 361.5534216423717
66.25 90.3965345611708 434.1048256192085
66.25 91.55303416981945 432.4515033363541
66.25 -46.65647403192912 429.4318290521963
66.25 -21.3601730162626 461.3193365450396
66.25 -18.81607879830281 461.267657110087
66.25 73.8806405225221 445.4460890268359
66.25 75.00170328343849 443.975909988687
66.25 110.8654576265609 331.1023386144371
66.25 -105.4690565391578 574.9940221855238
66.25 48.64412539646207 357.6999227858794
66.25 44.44834673232453 357.7038880704625
66.25 63.39923341439255 404.7126485268368
66.25 21.68792320210574 388.8568184965466
66.25 112.455635658681 382.9906990426095
66.25 110.480436008624 379.1128418791439
66.25 90.72600254043105 430.6008434618983
66.25 92.76330142002006 430.8005295504282
66.25 77.22781259886617 436.8198267357884
66.25 64.90943331804246 276.3508569687918
66.25 59.78950719421005 276.4156977389044
66.25 70.03094355455076 276.2851346562612
66.25 2.980436949772759 283.2174402085402
66.25 60.0218959567592 392.1558694628926
66.25 2.55533855066502 437.8153145900391
66.25 -26.15938315032896 470.2690226036048
66.25 110.7764476927083 275.6521281215064
66.25 93.64993348821804 326.6621287623825
66.25 -88.85026071610814 548.5454430670452
66.25 61.60337686120422 427.6413910213403
66.25 10.97599868664528 418.4910915736249
66.25 9.413145600500568 415.8545655944985
66.25 -60.15747563217712 558.1454119892459
66.25 110.7870847709547 302.2937626884329
66.25 101.2385467810575 427.0110885118819
66.25 99.12456389385746 426.9097558676962
66.25 -44.07342833513602 548.3753942724849
66.25 -57.11261875341017 563.0433329744118
66.25 12.54843181547439 398.5321332204672
66.25 87.31837412174561 420.6950484686294
66.25 86.01761966196628 422.8662815224029
66.25 14.90929508498413 375.6652952108416
66.25 -39.2891549787167 417.01706659456
66.25 7.904591396080823 446.6303757474642
66.25 110.834889296317 284.6294720943459
66.25 -35.53809878879764 410.7228482966733
66.25 -38.4838938249466 531.183778555294
66.25 -39.70261285229522 533.3718079337568
66.25 45.57093278446958 446.7583315385694
66.25 -78.62991798329413 440.2106613081352
66.25 11.10186951739706 453.8057265435629
66.25 13.30118405451752 453.7355009682751
66.25 48.23282759910696 454.4507334477012
66.25 49.21232186720761 452.8987585170907
66.25 -4.634815804461015 475.1643878291712
66.25 2.914185370000158 375.7655442660816
66.25 0.8863700674273161 372.3618421888827
66.25 -82.32021800790019 454.4152428069013
66.25 -7.090750150187167 274.5696428643956
66.25 -12.14229912353922 274.6050266962264
66.25 -77.26350019285945 574.0379116377609
66.25 -78.91022261802256 574.1136793249084
66.25 8.290517940126332 474.3208049596469
66.25 -16.27937850718581 500.2522258111974
66.25 -19.31533917146745 287.6783689377446
66.25 -29.80171563967947 401.1426164573959
66.25 19.11093792375699 448.2317951026425
66.25 104.969277657615 421.5100461980246
66.25 2.14694129206652 429.1036749711517
66.25 -41.8317740749932 334.8422983412724
66.25 -37.19808171997595 334.7748605886237
66.25 -39.45694209848509 338.7928218658536
66.25 -34.87381437557225 338.725477788633
66.25 -37.10753518734855 342.6956813755221
66.25 -32.58137816632907 342.6287222254137
66.25 -34.78695943841189 346.5487733739525
66.25 -30.36577086650068 338.7026476223116
66.25 -4.950183410526675 312.5775413308024
66.25 -76.57034628570601 443.598069764881
66.25 -119.9749091956278 554.0989409338238
66.25 -78.83661068283901 555.785145123928
66.25 -31.22052074212437 475.2011276929854
66.25 -52.46032261256765 392.0884499981036
66.25 42.81832568294607 457.3415013039933
66.25 -73.00947679782452 462.7158691716375
66.25 -35.52032457272226 468.406984538283
66.25 54.79290318166836 450.0621891263623
66.25 55.82802048510016 448.4987262538468
66.25 32.42139226839238 469.2416032396087
66.25 -54.43961461103257 502.9787135156003
66.25 -56.0313934916425 301.1359100875058
66.25 -120.8934820412424 561.7527710826553
66.25 -119.3027930997929 564.1523393380563
66.25 -116.4676385582903 563.9674214885175
66.25 -63.69759670468284 561.6740560746256
66.25 -21.5924130745713 488.4524447773834
66.25 -61.23296539305669 292.5737989893247
66.25 -65.27554410320053 564.974896200242
66.25 -85.38189853496361 517.0678888808844
66.25 -86.90205428837233 519.8518749493545
66.25 -85.23253998752953 522.5443289064516
66.25 -88.38477891068257 522.6351066169937
66.25 -86.73058408095009 525.3008702349143
66.25 -89.84775743382679 525.3890565772638
66.25 -88.21337166039024 528.0242776745306
66.25 -85.14863952227017 527.9275397456406
66.25 -86.59844904237877 530.5913638029155
66.25 -83.60348273422002 530.494952608008
66.25 86.45703378316992 339.2800168736101
66.25 84.03869277010983 343.3733989389491
66.25 -55.73273592149496 505.4968230661885
66.25 63.41425338664062 323.4353546708499
66.25 93.87722788232357 392.927600744089
66.25 71.79679571472631 353.6719833315949
66.25 -119.7151060058102 591.6701825348466
66.25 -121.8098664281602 591.8839147031127
66.25 -1.057949235326001 483.161215959412
66.25 -24.45049213947171 514.0600368199061
66.25 -99.9735077475799 568.5931432399714
66.25 38.6516746254983 435.147198665989
66.25 51.48809837551026 460.6981073060651
66.25 -50.10939676101678 529.3290573140574
66.25 112.687926262221 352.1859467985335
66.25 0.4041985543966109 468.3509163914643
66.25 1.28379023006223 466.5558594154842
66.25 -62.58690155513337 518.155535100971
66.25 -64.0573832069404 515.710308794742
66.25 -23.37328527111788 376.2221775999424
66.25 73.12311676746842 423.1180048093292
66.25 -5.908405877086682 416.1004921866491
66.25 -4.392636498907454 413.2833053267014
66.25 -1.167382815251157 413.2098998113009
66.25 -2.844259749389737 410.4236151440501
66.25 0.4323181603200776 410.3494056878048
66.25 -13.50951624922058 372.6165978297639
66.25 -116.3223768825967 483.3112672863405
66.25 -114.4831412815535 479.6374001453318
66.25 -45.01033266255476 520.2144900962004
66.25 -99.5995348981446 581.1315923468954
66.25 -101.4190268411856 581.3662372641684
66.25 -102.559381877345 579.9149758895809
66.25 -103.2615710051931 581.6403918243363
66.25 -103.7257400051323 297.7772817810499
66.25 -108.903583052528 297.8763198050619
66.25 -106.2288590275314 302.312672651172
66.25 -111.4104366505508 302.4122144546428
66.25 -108.733391589738 306.8524511240934
66.25 57.30055571440615 280.8938720629825
66.25 54.67069284004586 276.5014429072248
66.25 52.1871290820478 280.9719164743786
66.25 49.563883245765 276.5894703150748
66.25 47.08616270575175 281.0489196518249
66.25 30.37411087177333 428.6119151726592
66.25 33.02265867771179 428.6172571847672
66.25 0.4459097739375095 296.0451156124823
66.25 -90.64583630897371 310.6628065071368
66.25 -95.71921464875209 310.7622348889437
66.25 -93.09641574775709 315.1063088367708
66.25 -98.17212626959449 315.2070303516608
66.25 -95.54697174133344 319.5559859694936
66.25 -100.6252636081577 319.6546016593621
66.25 -98.00069712730316 324.0040915302465
66.25 -103.0825048473958 324.1039507189146
66.25 -100.4550596975082 328.4580844930913
66.25 -95.38203627169175 328.3503304711487
66.25 -97.82560677740915 332.7798485282997
66.25 -92.78511540121613 332.6717018969622
66.25 -95.21217817155272 337.0688387696657
66.25 -100.2295227575643 337.1853577296483
66.25 -97.61993578849531 341.4725172584566
66.25 -92.618439012097 341.3470656549364
66.25 -95.01110992951668 345.7186173826813
66.25 -99.98347147937638 345.8491739078548
66.25 -97.38433384986654 350.0859580642801
66.25 -92.43828135791892 349.9451771721394
66.25 -94.79016825198431 354.271554238762
66.25 -89.8952482275737 354.1300601017044
66.25 -92.22109865094139 358.4078310366624
66.25 -87.38225405710989 358.2675655937774
66.25 -89.68114909595191 362.4956196046247
66.25 -94.47901822494005 362.6437843127242
66.25 -91.95186031553401 366.7218299253048
66.25 -84.89870731316884 362.3569392874784
66.25 -96.74658537874546 366.8710523386992
66.25 -94.21998931998596 370.948895294594
66.25 -99.01460209243841 371.0979457441062
66.25 -96.48822122590605 375.1754519550154
66.25 -91.71671444234953 375.0142226801312
66.25 -93.96384061741013 379.1974465082911
66.25 -98.70016594128448 379.3669691102047
66.25 -96.18512518121807 383.3858638871816
66.25 -100.9264942994585 383.556623263173
66.25 -98.40775268758445 387.5822514398491
66.25 -101.5634241603187 367.0084092383595
66.25 -103.1568389610172 387.7528708868056
66.25 -100.6343894579134 391.7844429543172
66.25 -95.90588478598562 391.5989444967257
66.25 -98.11070702347507 395.7556949860797
66.25 -102.8041893013644 395.9508351862035
66.25 -100.2882137375373 399.9236656160753
66.25 -89.24667727110199 379.0362293174973
66.25 -102.3504676569714 350.2168915808608
66.25 -104.9931546952764 400.1201902756492
66.25 -102.4701267808328 404.1051949822582
66.25 -105.7038151496324 383.7082810575725
66.25 -82.62162616455507 358.1751917703206
66.25 -80.16095049732455 362.225941733707
66.25 -107.1899192917623 404.3022341651172
66.25 -104.6590209191288 408.2998263229157
66.25 -109.3928141058033 408.4968585926174
66.25 -106.8548439323074 412.5084658877994
66.25 -102.1385127232172 412.2920267688342
66.25 -104.3109288888057 416.4478319967969
66.25 -93.44005971114063 395.5699824182678
66.25 -87.56501950998545 349.8489415017942
66.25 -105.5427985389794 328.5583984237198
66.25 -97.78283512400439 403.8909902494497
66.25 -104.9698108363711 345.9721598996102
66.25 -107.9611234289417 387.9540039760515
66.25 -107.3571833803617 350.3759013518668
66.25 -109.7478175443951 400.290623177975
66.25 -108.1850150792925 324.1923794070871
66.25 -108.991108387285 416.6790683080798
66.25 -106.4504202668241 420.6235234999424
66.25 -110.5424339413962 383.8586789138061
66.25 -77.90447257585332 358.0824595466301
66.25 -75.466110589081 362.0965177370904
66.25 -77.7022807437709 366.1968028270213
66.25 -73.05892811401321 366.0692334483362
66.25 -75.27095032626497 370.1242789797833
66.25 -111.1453055311134 420.8570989191222
66.25 -108.5950247059109 424.8173756839
66.25 -113.3049502441365 425.0491197442943
66.25 -110.7487650451661 429.0228569995968
66.25 -110.0018441830314 346.09317176522
66.25 -70.68093615751268 369.9972754813074
66.25 -99.66230985065935 416.2321531212643
66.25 -113.72448554981 416.8829023810565
66.25 -110.6601355409945 328.672781186925
66.25 -106.0605895637771 428.7695631335513
66.25 -108.1874502087298 432.9168314896251
66.25 -68.49076167192322 365.9875431116319
66.25 -112.8335088255446 433.1834827886233
66.25 -110.2792251462693 437.0794694525578
66.25 -105.6626985118733 436.7924389929776
66.25 -107.7252684006125 440.8876263137284
66.25 -112.2927084949195 441.1903101611317
66.25 -109.7471172438998 444.9905535180523
66.25 -91.26352901371646 391.467361887114
66.25 -88.83043068165671 395.3868332682009
66.25 -86.68134498710678 391.3378054845676
66.25 -112.4116506409933 350.5391966736149
66.25 -113.3211752527277 324.2788661963407
66.25 -114.3086116447655 445.2933651897789
66.25 -111.765788966523 449.0898118848786
66.25 -73.22998493239197 357.9905433878511
66.25 -75.64682166786723 353.9887247025551
66.25 -72.86681791957653 374.0046589471427
66.25 -112.8294685237178 388.1613830472892
66.25 -115.4483659796436 384.0101787079598
66.25 -113.1274953301867 379.6568592618925
66.25 12.11288348276164 303.5119672818099
66.25 3.295512368721206 466.4414616667977
66.25 2.18953980821204 464.7381669523027
66.25 66.77675344594201 441.1830201641363
66.25 -65.82444459551873 310.2324144609461
66.25 -64.3521273892985 465.6844656811818
66.25 -85.230419319275 559.8281370890775
66.25 -86.43286526963234 557.9701074048127
66.25 -85.41011805224865 555.9698658718552
66.25 -75.67264308079666 274.9942282345734
66.25 -70.49054823979843 274.9332658001796
66.25 -91.21560361189533 565.3395102230756
66.25 -90.30503894220891 563.4519291802719
66.25 -73.06185809422645 572.4156369751536
66.25 -109.7426806789782 354.8447025487159
66.25 -86.0385619635383 275.1035012317897
66.25 -13.63776460041181 343.8285890631598
66.25 -61.1170195345137 520.5777876601518
66.25 -51.86251558022902 498.0373360187203
66.25 -50.5574297069406 495.5378018178454
66.25 -63.350669754201 567.9213925344093
66.25 -91.24202428388104 275.1783976304617
66.25 -85.55329837848141 576.3414647788541
66.25 -83.87735033999526 576.212231545234
66.25 -41.40220651658758 489.696258051544
66.25 -34.26232319880812 508.5343560844228
66.25 -70.63756652866036 567.9490741034073
66.25 75.26415915821249 302.3625854422475
66.25 100.6341993236908 412.0669378062113
66.25 -7.406513992005543 418.9062546656244
66.25 37.48970276612273 469.1861387065109
66.25 -91.29526006506234 528.111249891095
66.25 -27.76638950384466 391.3139717759373
66.25 96.1475010054679 322.4220609451345
66.25 -53.29597846213552 362.5593961859055
66.25 -99.78353263281257 465.5732835909638
66.25 -102.0077435803321 462.1518112305495
66.25 -103.8943826120325 465.811953881207
66.25 -106.1583523518384 462.3286690958554
66.25 -108.0790562968712 466.0544142903246
66.25 -110.3833638430296 462.5085375987633
66.25 -112.3388117996211 466.3009680868325
66.25 -114.6841536424143 462.6913180705817
66.25 -116.6759626972345 466.5522391726462
66.25 -41.49466268845825 274.6954020290957
66.25 -74.22849082306215 529.6211668038368
66.25 9.419693314249894 464.691461461069
66.25 40.81967843290355 372.0113785895944
66.25 5.477232913559128 278.863451888973
66.25 54.75272693893642 375.4921552025381
66.25 10.82434589673355 361.7485070446093
66.25 8.747406872976093 358.2022121544644
66.25 12.87800518558037 358.1644095314649
66.25 -93.18589796249236 437.0437273817628
66.25 57.96321675293581 456.4832148988624
66.25 -21.72044458296504 358.5955460410416
66.25 108.4294870861661 326.7415279168561
66.25 -5.861462171736783 385.9312307623435
66.25 -63.3486290613379 381.3252557117887
66.25 -90.43819209319742 541.6089737555037
66.25 -6.394377217416299 487.3045644336689
66.25 -106.7155456343024 275.353245511675
66.25 -111.9431183641655 275.4342668668577
66.25 -41.35009568598987 460.2485826931829
66.25 43.49783481787046 421.6870332476963
66.25 40.70884756670926 421.6561739328599
66.25 28.43566995378631 273.149057943251
66.25 33.51475918255647 273.0478617379619
66.25 23.36113944007185 273.2525455498929
66.25 -46.4594901474445 540.2585229464804
66.25 -27.90474261773767 482.3727735410588
66.25 46.92585311181714 437.2509348672154
66.25 45.19285398214868 464.9473694637657
66.25 -96.58515970759215 451.4486456741584
66.25 -56.62723417391354 546.7576414488824
66.25 -58.91839002879915 546.8291020588834
66.25 -59.98449752566006 548.8690369178015
66.25 -61.22099580935156 546.9242690324453
66.25 -60.15322221084439 544.8556584722097
66.25 -62.50383963525609 544.9522053194803
66.25 -23.92209359666714 461.3590599197879
66.25 -28.08742955301879 342.5765929573596
66.25 93.5748948746981 432.6645661779442
66.25 -113.9218547144545 306.9534848404133
66.25 17.55108128220035 437.7228654192721
66.25 -55.75518670682506 450.7026762478261
66.25 -54.06424900988441 447.7486068852404
66.25 -80.02153491180881 541.4579010903583
66.25 5.231702904721605 437.7697204000424
66.25 -79.99553959336301 553.8882033613503
66.25 98.11040080619675 425.0404325324141
66.25 -13.14208907640477 467.903122338653
66.25 -74.70691444308548 440.1452658152069
66.25 72.43756552832046 441.9799862189225
66.25 -79.92514378876912 492.9798167892963
66.25 -118.3399493738572 511.1238422204855
66.25 -67.7832137845773 471.7047694629746
66.25 105.9217717296957 423.543371552519
66.25 107.1838783618711 421.712391795866
66.25 91.22116228867624 322.3758696417334
66.25 -91.51366502710967 522.7385144805488
66.25 -19.77335508659199 506.194802791525
66.25 -83.42866599377243 499.0450527391163
66.25 -117.728380914948 566.4644682887549
66.25 -120.4993811006757 566.6592409247107
66.25 -118.9461075785395 568.9487412522348
66.25 -121.695420847439 569.142320745172
66.25 -120.1537079272515 571.4181483461065
66.25 69.42417438101755 372.2712623364348
66.25 67.2949692392596 375.8496405662643
66.25 94.76121011502845 431.039349225812
66.25 93.97081550883441 429.1751781161423
66.25 -86.92279416090867 505.0589728425165
66.25 39.11571342412887 469.1835586952619
66.25 -111.7043525479208 569.3392991793007
66.25 51.08593252162907 401.5572038884936
66.25 -104.2382548996236 458.5977487273503
66.25 -8.232573941210148 478.6960577183318
66.25 70.42086040538382 423.096726474651
66.25 25.45839453768527 388.8320522534722
66.25 2.953364421270923 274.5074372084983
66.25 8.006355254363319 274.48891194402
66.25 -92.11088183994634 567.2165864435614
66.25 -120.5806855282072 593.5588528775536
66.25 -122.6108463152191 593.7602233411707
66.25 44.32713655607767 466.3639047736755
66.25 -85.01881644851213 533.0950901116061
66.25 -76.42849567786556 486.8875283699787
66.25 4.617060808778284 358.2406758974879
66.25 -87.95190348453505 533.1954435734262
66.25 -2.58370353685654 316.6072453594531
66.25 113.2995029811686 335.4688689015883
66.25 60.34922401951792 413.3046276544207
66.25 63.36072038528513 413.3697884316973
66.25 76.24391273126328 353.6888326674917
66.25 51.1921674822267 431.0360456527641
66.25 52.51833820532254 428.8487886416547
66.25 51.29625681588931 426.5758180460826
66.25 -19.62634887540233 494.2996718119094
66.25 31.70307331527863 426.2900269121333
66.25 -60.92022668354107 459.6892138282719
66.25 -71.2263984529115 477.7557408510324
66.25 75.69784048492789 445.6692531037364
66.25 76.79716864868178 444.2275534481678
66.25 76.11854782006492 442.5383779726363
66.25 77.93706647499235 442.7886985448602
66.25 -93.30623245101057 565.4944184978714
66.25 106.0999017871545 378.9332261308735
66.25 108.4472257675968 375.1926739218889
66.25 112.9030302483077 375.3690038786642
66.25 110.8303042995894 371.3595811161683
66.25 115.3949919113852 371.5402768061994
66.25 113.2715814088078 367.434997112827
66.25 -21.97398972302697 498.2120845783857
66.25 12.50317235904174 415.8043600007881
66.25 10.91420251413079 413.1240539975517
66.25 -83.4630710832581 480.8279419665215
66.25 -42.19324888443457 533.4074692732592
66.25 -0.4670460954780822 470.1409452927691
66.25 -87.69060271391402 556.0654191764303
66.25 -22.11989441240734 510.1304328632212
66.25 -79.82238385732516 572.7376864765711
66.25 67.41298297030376 271.8601736759297
66.25 72.57364716445878 271.7938642099084
66.25 -119.5831937829696 582.0388182823126
66.25 -121.9376034534359 582.2177576913203
66.25 -120.9203717944902 580.0234280492687
66.25 -123.385270659093 580.213713156755
66.25 -38.67169891917214 513.7240282059752
66.25 -41.19014477604559 513.7337119928782
66.25 33.63045028031448 281.8111737661379
66.25 14.05821532343862 413.0713328432039
66.25 12.43996665787515 410.3400477954363
66.25 -38.69281342976506 489.5741617913127
66.25 -72.98845295133046 555.6863465006966
66.25 -102.1047545162055 583.0863667181649
66.25 -103.9182092003546 583.3514476617532
66.25 -25.8965658792891 394.6403837502709
66.25 8.893260317344064 453.8710403106737
66.25 9.230038477692201 410.3909564667067
66.25 13.04448490298528 478.1689471114479
66.25 11.48104572647761 478.2426306377769
66.25 14.59734820789916 478.0893915343188
66.25 31.48078687753661 443.7599822246909
66.25 33.79768813408542 443.7506959688029
66.25 34.963298661176 441.7673692371756
66.25 -113.1335503270543 500.3399967476382
66.25 -117.0282903124001 500.5970042160843
66.25 -109.2633857598499 500.0702153020688
66.25 115.2461117060221 347.9989699867568
66.25 -1.603572917583143 468.4807328432644
66.25 113.446706619719 326.799662113926
66.25 76.1290448683298 361.3413945050387
66.25 -93.87548097595845 499.0687077739389
66.25 -74.03505766661451 568.0018362354167
66.25 71.62883865132451 448.3599666065566
66.25 34.40595178247747 426.2951722016614
66.25 33.05903148416578 423.9187520179028
66.25 16.88223220837519 470.9359536493235
66.25 -39.942690935507 491.9612105335025
66.25 110.5155470041634 401.2088590457481
66.25 114.2062022353184 401.4712521297791
66.25 115.7901824810366 404.8846320756684
66.25 -65.07483142978363 567.9969254268156
66.25 -96.02080545144773 580.6132968190543
66.25 -94.2900726754157 580.416431985846
66.25 -37.20576113615854 533.3291148966741
66.25 -35.98079272270722 531.1459058233355
66.25 -38.41733944668396 535.5054465980237
66.25 82.10498421793322 392.4067379203358
66.25 -37.38529827179163 387.8885513274144
66.25 -35.40880928696005 384.4832252961792
66.25 -31.45372349211845 384.5222651133869
66.25 67.36428460793773 353.6629883020965
66.25 75.81754742111917 423.1385663408568
66.25 -77.41821514757947 374.139584113227
66.25 -75.02586795032488 378.0069993137739
66.25 19.96785119752026 465.9249561352119
66.25 21.8026679660047 465.8840069340406
66.25 64.652472228188 452.3625198844367
66.25 63.65400212923852 453.7812070547683
66.25 100.0955351340622 428.7549597684323
66.25 -123.8518248105187 592.1213403797009
66.25 -124.6859101122835 594.0422001911376
66.25 -6.405140997382382 439.4591264092662
66.25 -82.09599911920944 533.000794954906
66.25 12.52428082469683 319.822732652604
66.25 17.16269310075269 319.7159768126876
66.25 7.885958237821192 319.9292720054136
66.25 -10.29420908796498 478.8606641752937
66.25 75.57118106119191 428.9497850444291
66.25 -114.0958644653158 297.9673797408237
66.25 -88.73350340472805 558.1216956599973
66.25 -122.5214766162612 559.3352043888627
66.25 88.73300349399095 326.6170135631029
66.25 -25.67053852004463 519.8871876938474
66.25 -104.425338305667 580.1611835048179
66.25 -90.3618987753237 328.2744806306692
66.25 -87.78511498559092 332.5607948776824
66.25 -3.771080508997716 473.3695256807288
66.25 74.0350920385407 349.7905935460591
66.25 40.99827147749242 457.2911016852387
66.25 -85.8036382551138 468.3479009878923
66.25 86.3547669626746 347.4907107471574
66.25 10.79024229298219 407.543246828499
66.25 7.505801260081611 407.5950237483751
66.25 -23.96894240548214 391.3681058425652
66.25 -122.3223012421018 577.9231749526081
66.25 -63.94850073266473 520.6388931781603
66.25 13.36149850802889 457.5113256093399
66.25 -48.33168337025018 391.9761059613169
66.25 -50.29990519795244 395.5638683739307
66.25 -28.06502066436743 320.9071425005037
66.25 29.07906398077661 474.8178882639856
66.25 -24.32698890647319 502.160449800079
66.25 -64.14847579148858 569.4263363149225
66.25 -7.31554319049996 308.5270329130626
66.25 -2.604466450263585 308.4918228205103
66.25 6.648688508163117 354.6192508421106
66.25 -1.839544631603133 484.8368433826
66.25 -116.3225807873784 449.3921040895152
66.25 -118.8993942359478 445.5817884554801
66.25 -43.28612279828046 304.9446077492339
66.25 -45.62989067174525 309.2045806028227
66.25 -47.11466338493715 485.1727666808156
66.25 -48.42633287318521 487.6604968388002
66.25 -109.9951240385398 469.8717262360623
66.25 -84.27717497252279 395.2087013837117
66.25 -86.40084967170785 399.2074257791547
66.25 -82.15401632974606 391.207981909671
66.25 -22.67606052990921 459.0866007850564
66.25 -25.29839119564567 459.1265679459041
66.25 108.1351527456042 271.1651387499573
66.25 113.3533016704613 271.1143443173001
66.25 102.9186753505788 271.2187357746516
66.25 -114.8061469348522 355.0035337316501
66.25 -112.1368637222339 359.3091526114415
66.25 -117.4958797156517 350.6865402208375
66.25 64.77247615276272 440.966815531215
66.25 -78.27122918967247 297.3414580094877
66.25 115.999397491819 275.6175186778827
66.25 103.4677240281661 406.9205435074302
66.25 -66.1341500305429 369.8777777278472
66.25 57.15559908207334 272.0110141140431
66.25 50.57677401786796 462.1273515626795
66.25 -36.1060636846973 542.3162065247324
66.25 -122.8875365851117 571.6100099636101
66.25 32.7255166167226 437.5589293116602
66.25 108.1937458358568 297.8720090244103
66.25 113.3324834289278 297.8295299215845
66.25 -98.83112423102862 447.9224433644595
66.25 -97.74064847599678 568.47109322971
66.25 46.54277705508947 354.0418308155058
66.25 42.30581935946534 354.0485587779722
66.25 50.78503354990031 354.0375094940554
66.25 78.60411809440471 444.4881096035994
66.25 79.72545476278233 443.0673424896674
66.25 79.07395710113225 441.3703496817038
66.25 80.8848817932974 441.6486677111761
66.25 80.22328261815578 439.9227705372156
66.25 82.06756528603418 440.2055459988031
66.25 82.71686340578755 441.9438501258525
66.25 83.87832895015647 440.5195987541788
66.25 -61.4134256367097 542.8370079226482
66.25 55.49354276247244 294.1140082398729
66.25 -17.52234937985416 463.4405831956765
66.25 -16.30742704983984 461.2456385162907
66.25 -17.58083104422671 459.083014023026
66.25 -15.06440572235402 459.0575011146462
66.25 4.927431126868752 379.159587849701
66.25 -95.4479561524893 433.421611801162
66.25 70.56936999991864 449.7780601023265
66.25 -11.29891172501272 489.6147921646491
66.25 -12.52542556758397 487.9164151923407
66.25 -10.08269789115414 491.3068665695522
66.25 -55.42746135645712 524.8296641299522
66.25 115.9381742769079 302.2730115422469
66.25 -13.99055349690474 496.3179310977799
66.25 103.3346903645333 427.1087778822719
66.25 -1.270929416799257 407.5183855498923
66.25 -0.1295339118440226 437.8672031069066
66.25 52.25170280112428 462.1901664259441
66.25 53.16356419559295 460.7820670843112
66.25 75.19755367768315 276.2447746454021
66.25 77.74479224538763 271.7442436402707
66.25 106.2902801637048 371.1943353964322
66.25 62.99265787221466 425.5115675188068
66.25 -63.64540879272906 296.9791811388407
66.25 -31.26639636439775 292.0080664450844
66.25 23.5515466071115 385.5541334473742
66.25 -28.68486565687427 278.9444771419185
66.25 -26.1839096674083 274.5001012981542
66.25 -83.35120924411461 564.9597531869432
66.25 25.80835541235128 268.7852213968606
66.25 -120.1230022287015 514.3994829909888
66.25 -103.8549552363086 371.2756669909128
66.25 -39.00272281859091 270.2112964944353
66.25 -44.15493439902833 270.2825441318407
66.25 -46.90205645200597 490.0368957484886
66.25 -110.8282481254814 319.7725407439389
66.25 -26.65540863465347 506.1170551571694
66.25 -66.26172052538244 292.6832220486731
66.25 -25.88522846329925 338.6744956855235
66.25 -63.81789474080701 542.9361308640953
66.25 -26.75344534884349 521.7650511329111
66.25 53.90704013251788 426.6371252282095
66.25 -78.02241272334416 575.4765125163973
66.25 -79.62574643868317 575.5503991659999
66.25 -53.39887512660544 495.6446736910034
66.25 -63.96385969415055 365.9041604796161
66.25 1.0041424365839 379.1926455118658
66.25 95.55340063513931 432.863182455486
66.25 57.0139602252785 457.9071417090579
66.25 6.317118314138193 415.9016775134397
66.25 -118.6294778744914 479.8589524704667
66.25 -123.4066962865415 595.6797457756517
66.25 -34.46082877438802 461.338983468714
66.25 -33.14471243200812 458.8879120863837
66.25 93.72439381497242 318.1263036824321
66.25 81.72450572046758 339.2451333193595
66.25 -40.9936455069472 497.7271833722181
66.25 -52.07176220499325 493.102396714059
66.25 -110.3610531928422 479.428949781184
66.25 -110.9737437747615 511.0064829196745
66.25 -30.41109546799265 482.4520879245658
66.25 -72.68911523292124 443.463481428001
66.25 -74.5147880276869 446.8454706853422
66.25 30.62121279348199 474.7837097578974
66.25 31.38084624355266 473.4439558555051
66.25 -113.5144304824977 528.8241677137811
66.25 -116.900718869195 528.9313657752233
66.25 89.73436148012586 425.0625762174915
66.25 -76.42702614160206 575.3986580591422
66.25 -36.19147064837951 484.7515378845683
66.25 -9.596225824258781 473.6313909942622
66.25 -115.9914651361147 319.8589312247887
66.25 9.93996215541304 451.8905247192913
66.25 -62.29029049100104 548.9696062345404
66.25 -86.63495228637359 553.9987637547641
66.25 35.00883517554448 361.5347661319627
66.25 32.94042724196755 357.9617296400996
66.25 28.79301318172595 357.9837175587598
66.25 30.84754889391857 354.3565835381914
66.25 26.65860481142303 354.3792664287566
66.25 -62.47993514306264 523.0561220983244
66.25 -64.43827227490148 555.4663514013232
66.25 -63.39336114526267 553.6098460099904
66.25 47.3553985095044 452.8118832852366
66.25 48.36039549591509 451.2194092924887
66.25 -115.8131970785309 328.7908287011686
66.25 -113.1341631533964 333.2063173972148
66.25 2.474692970908877 354.6582162542232
66.25 -65.4817815274328 557.2993319136689
66.25 97.75041800089478 386.1322543192776
66.25 117.9986309776691 401.7855874345918
66.25 -69.68073442249849 572.2890020663881
66.25 -68.05142342117044 572.2380066165503
66.25 0.436897310144138 358.3086653060474
66.25 -123.2786096275164 566.850145159029
66.25 116.3833523611737 398.2389537740901
66.25 120.3565487266531 398.5705494926313
66.25 118.6695960358759 394.814384469291
66.25 -69.8572651318302 511.4044657105866
66.25 84.77391169689014 420.6459458274065
66.25 83.45827783046691 422.841386084579
66.25 -68.9194916527573 567.906350930622
66.25 -69.81610880325553 566.4164773778271
66.25 -51.39128515454436 507.667384365129
66.25 -64.91867473076017 545.0898876707146
66.25 -67.85816272153664 279.3958401153296
66.25 -65.31506326369454 274.8880317784407
66.25 -117.201257776128 359.4686160116447
66.25 -114.5309015285469 363.776679470677
66.25 -119.6001212986664 363.9371961534171
66.25 -116.9263199337472 368.2526940006659
66.25 34.31762729384301 430.9293047880309
66.25 88.78709801707181 318.0800154168799
66.25 27.89246729357729 441.7545073762145
66.25 -9.100373364245591 416.1990048416604
66.25 60.41242144526712 425.3465075822855
66.25 3.853688644034509 435.4543869381098
66.25 6.565569072744747 435.4081025758351
66.25 -118.5892303540971 593.3288556365256
66.25 -80.27373229331805 457.7109697012465
66.25 -88.70536922489838 270.6197568705566
66.25 -93.93354145383256 270.6956221816265
66.25 -34.9309746108176 330.7506742418015
66.25 94.39690339715379 434.4298703233459
66.25 -124.8932481623795 578.1219914025031
66.25 -78.48291683602474 454.31571324324
66.25 -23.6200652624643 342.5253405521905
66.25 -25.80969854068423 346.3904418989991
66.25 -125.4205680174063 595.9345177885148
66.25 -80.69853204030241 530.4537332491324
66.25 -59.0136569237402 542.7415652540218
66.25 -28.98015910314282 510.0549227769825
66.25 -62.47359833089511 569.3502884389088
66.25 -10.60729273006988 419.0253749883759
66.25 -118.0869987304484 379.8081345165841
66.25 -57.2938693151832 503.1040542231444
66.25 -58.61190521068676 505.6696467888278
66.25 55.12906524910995 428.9462481498643
66.25 106.8576020075765 400.9949503989119
66.25 -102.7860517176357 584.7611053539318
66.25 -104.5511106968127 585.0192297520318
66.25 -105.6829951549278 583.6357144335494
66.25 -106.3282145782794 585.3183502076289
66.25 -83.13487909398924 574.7264822082833
66.25 -88.57192882539321 517.1330411726096
66.25 -87.0339948807124 514.3056169271327
66.25 -67.94208013500231 270.4170403796558
66.25 -62.74520878935119 270.37079161299
66.25 -9.647356545761223 270.1856380255755
66.25 -14.7437573131433 270.2224395129535
66.25 -107.4815475798939 583.9110709158385
66.25 -108.1409304696181 585.6277124313931
66.25 -35.93356679608424 535.4627666303468
66.25 8.0000711056376 283.2030626123662
66.25 -0.02678944309298981 484.6623008808197
66.25 0.7238098574213016 483.0419654732212
66.25 -106.9700582073455 587.0229597476166
66.25 -108.7414613920846 587.3205832481215
66.25 108.1150933126999 423.7047636734332
66.25 109.3502699801184 421.913648013059
66.25 -19.22725620507052 488.3430205830436
66.25 -39.26562611397842 346.6207650101616
66.25 -36.96422222569937 350.4462358940083
66.25 44.46935453293221 276.6769419439233
66.25 46.94061449820588 272.2065530755345
66.25 69.93560518247038 267.3356340083348
66.25 -89.17704185529809 576.7335487702604
66.25 -89.91486552984922 578.2973364013304
66.25 -88.22762571453963 578.1374538958225
66.25 15.64477048563291 410.2862833083108
66.25 69.05073307474503 420.7690326069836
66.25 -83.477072365022 535.5380572173088
66.25 -101.0330908239753 584.4982760819933
66.25 105.480368960331 266.6618089662684
66.25 28.99516500622715 426.2813894129803
66.25 -82.06514573407038 461.1058656481588
66.25 -70.9689280284319 353.8942979120909
66.25 -73.38977990049429 349.8839433065579
66.25 -94.31794649440664 558.0731377682882
66.25 117.937787310723 367.6232488764211
66.25 115.7700940560313 363.429104560739
66.25 -103.2860197761328 574.8391398536776
66.25 -102.3115584576078 572.9171519313054
66.25 74.60024365246021 447.0966511546634
66.25 -57.9923993041259 564.6491152002808
66.25 -56.19029893365424 564.5925556436239
66.25 32.15725446848736 474.7694063013816
66.25 32.91156011618794 473.4374338971368
66.25 -79.96183996046798 474.7601958101966
66.25 20.69811752434133 268.889773865842
66.25 53.92911427306908 448.3659129401969
66.25 54.99586672245615 446.7552252931816
66.25 -49.81534185142541 554.2490535315687
66.25 -47.67573222239012 554.2092453876513
66.25 -48.71158428778001 556.0540431074522
66.25 -46.61766398871931 552.3500610104229
66.25 -45.53790139153327 554.1952249510374
66.25 -109.3996529140634 270.856585762123
66.25 -114.6454091954811 270.9373669538117
66.25 -77.75207427631942 553.820059634907
66.25 -78.93358256834703 551.886165148566
66.25 -85.38194691393427 328.1983996553383
66.25 -82.82629962441823 332.4493910148273
66.25 5.463732906778447 270.0993583112198
66.25 68.82880861634438 449.5973660123869
66.25 -122.1000106408 511.2002126198658
66.25 -116.7509437254099 476.1056115681594
66.25 27.53708364122579 474.8495272471403
66.25 28.33504502067374 476.1481961147356
66.25 26.82886683379725 476.1791743181254
66.25 -109.8280248994082 540.0857634930335
66.25 110.988738719312 322.3999943367803
66.25 116.050452723688 322.4585921317963
66.25 8.215824556993445 428.7534058185996
66.25 -24.59432510324378 518.0129537719521
66.25 -124.4409932844295 582.5012383895165
66.25 34.08275643000533 469.2227395420594
66.25 -112.6942491460567 458.8236191147321
66.25 -117.0851172695383 459.0102932445618
66.25 49.86581432845788 433.1940090810683
66.25 52.36135268823053 433.2412553639701
66.25 -79.56673314737689 378.1422869354348
66.25 -77.17928639188352 382.0021681000353
66.25 -81.97573909910021 374.2712345300176
66.25 -18.14226161756969 486.2615204457487
66.25 61.93964589544607 453.6493569414988
66.25 -60.91938474655803 310.1709123071789
66.25 -58.42908683249629 314.393561680069
66.25 -56.02599420190973 310.1306947713483
66.25 41.95267222949953 455.7138598694047
66.25 42.68193756847194 466.3380474687899
66.25 43.48239776480658 467.7596128659862
66.25 -44.04936894175316 338.8644606240964
66.25 -97.52650973038548 412.1417354237016
66.25 -95.09144734932138 416.0160062794486
66.25 -92.9913359237443 411.9936612652814
66.25 -97.1916231020727 420.0416822037513
66.25 -90.59439964993068 415.8045469320876
66.25 55.3186799183505 457.8169637749464
66.25 63.1645840917794 375.8014618788379
66.25 65.18854194225466 379.360626535591
66.25 124.5499999999996 259.0899346400435
66.25 -98.7540533575071 570.4169175667582
66.25 -88.7002119217472 489.9652662916605
66.25 30.11696240177321 415.6083146319976
66.25 -69.96238173430396 545.6323033725088
66.25 -46.35681650080008 388.3826601168064
66.25 91.29588554577215 313.82170240426
66.25 -84.60644029920051 577.6889000138191
66.25 -82.99779635693987 577.5648269229243
66.25 -84.52997387984793 387.3568998587508
66.25 10.61277084441965 476.933674641089
66.25 9.904886666703501 478.3456942900555
66.25 10.78155453040794 479.6489495479543
66.25 9.229726249399167 479.7463422712381
66.25 8.348627296906109 478.4585730823871
66.25 7.66352871000658 479.8726324394169
66.25 -88.99320837919416 554.0971048588334
66.25 -55.31776204764583 563.0239364411815
66.25 -36.16686721846467 513.7183579257629
66.25 22.69903056097501 464.2944780362187
66.25 -7.552334859818257 496.0663928757597
66.25 13.88829588573028 479.4443617115977
66.25 48.89193263424868 462.0702966453882
66.25 49.68535907757087 463.5456325709458
66.25 106.8843344635449 425.4464624264306
66.25 7.34930960714939 303.6274358425957
66.25 9.630498177499264 299.4195870038978
66.25 32.64713387488096 445.7254665236657
66.25 30.38420186437826 445.739517529716
66.25 34.9016857033437 445.7164716989308
66.25 71.75389927828382 425.4046294436953
66.25 9.102509970046286 404.6821183500202
66.25 8.852517392581372 379.1276429447071
66.25 69.12519706235851 425.3840297316955
66.25 96.71205276251652 431.2759540185767
66.25 97.48406525836704 433.0560244146087
66.25 -32.52712390932287 350.3680787287443
66.25 26.52226831536318 311.429984829973
66.25 -39.46563422131289 548.2673437123389
66.25 24.22891220433945 315.5504903008722
66.25 28.9192881767184 315.4625590028444
66.25 26.64975983504033 319.5423138037455
66.25 31.29395645095018 319.4546999058788
66.25 -57.04336728643318 566.1496323779041
66.25 -55.29764131814721 566.0938334520162
66.25 12.45773208588446 404.631275287746
66.25 -7.64888515241344 401.7334370642027
66.25 -88.18766251292476 563.3224918753883
66.25 -29.22723183133 480.2221305974502
66.25 27.34623896945192 392.1053922033426
66.25 29.21754909682473 388.845083747609
66.25 31.08872684190631 392.0862679538369
66.25 -85.20979414052695 336.7743854210668
66.25 -80.29496544468131 336.6636698750979
66.25 -82.65707321417072 340.9498292260026
66.25 -77.78771584692434 340.8393782045487
66.25 5.743462686654482 404.734927558186
66.25 93.54759739416957 423.0453516146528
66.25 50.88433947504002 311.1028228835131
66.25 53.35622581338664 315.2286368902563
66.25 48.57266345566963 315.2912041306304
66.25 51.01825062607861 319.3736438305325
66.25 46.28605329498225 319.4347337285844
66.25 58.14874193004938 315.1700983781349
66.25 -80.44308235256194 328.122919491067
66.25 14.93528742933982 323.7579741058377
66.25 19.52480004272627 323.6523746666488
66.25 -44.47604248707063 552.3353283478206
66.25 -46.22270216597476 526.9407302497929
66.25 -51.23594523218654 335.0162978625913
66.25 -117.1927742510752 275.5285217305356
66.25 4.232728243437556 464.6222056632106
66.25 3.109671124378287 462.8924532766646
66.25 1.024827348064384 463.0053203267175
66.25 5.334091309592902 466.3406267894671
66.25 1.967656644265396 461.1092445375307
66.25 -120.2870588880783 507.8594297725754
66.25 43.85783877831465 315.3920229506875
66.25 41.58446164237714 319.5081015830395
66.25 39.16705480726633 315.487077603549
66.25 -48.62522500398556 507.5132557988604
66.25 -24.02239478031876 456.7990766767854
66.25 -26.70832631350213 456.8400874522002
66.25 -25.40141596749411 454.4581931342653
66.25 -28.1479431092081 454.5007025182033
66.25 -26.81201376759001 452.0672869238255
66.25 -29.61641962856997 452.1111023966658
66.25 -28.25268712641972 449.6268979482038
66.25 38.30490591544366 470.5699896642316
66.25 39.89131918399035 470.5674478615842
66.25 36.71438910442915 470.5748995061669
66.25 8.554941751164977 481.1527553855392
66.25 7.016312049119019 481.2737504812202
66.25 -68.56648103793478 357.892562203499
66.25 -2.837330844200038 347.4453720682895
66.25 -57.02219604964298 508.0842451517273
66.25 -90.4818139150447 319.4458717415778
66.25 7.669269154621862 451.9573127999939
66.25 23.6201100634562 465.8613921236351
66.25 24.51037397529901 464.2838918225877
66.25 22.73069293535919 467.424061550724
66.25 -8.013790985938067 491.0826020946802
66.25 29.00990110661665 378.9272503166631
66.25 -31.26307228240803 522.1454712558971
66.25 -32.42843566361386 524.2371590016483
66.25 -30.03198556083827 524.2018384699497
66.25 -28.77781420731871 270.0936404282282
66.25 -118.3014332978267 333.3210069488487
66.25 -88.52615658972638 411.844437743136
66.25 -90.88767766030068 408.0610663227843
66.25 -86.43374804201393 407.9096912550842
66.25 42.13052527416477 419.2147746495112
66.25 39.26901405723913 419.1830929311793
66.25 44.9915472640208 419.2466872944434
66.25 -23.2775282931866 328.8328423120188
66.25 -4.889799842896811 320.6515768932828
66.25 5.502657506727966 287.5406642417386
66.25 117.5010793929282 375.6363643384541
66.25 84.12101409121112 335.1594328568526
66.25 82.79134727313958 298.0574907334554
66.25 -117.76808946256 388.3753405073792
66.25 119.6258767815764 405.2816163818746
66.25 117.3703694936453 408.3456236407104
66.25 121.0210358729611 408.6708114539661
66.25 118.9137931154597 411.6730279719
66.25 122.4269703215638 411.8982712844809
66.25 120.494742501831 414.5251391405009
66.25 117.5395155488612 414.2990240754997
66.25 118.8379296531743 416.754140570752
66.25 116.1973571265044 416.5797368369545
66.25 -9.69782439076404 496.1886326380304
66.25 -67.26675538027537 570.8230508789163
66.25 -53.54523288718866 314.3379439897744
66.25 18.2504622306361 273.3779507297114
66.25 15.58858095628885 269.0147666606735
66.25 -83.47884797794279 270.5461102588485
66.25 -49.87611708952754 509.9617275156808
66.25 -47.1538170731776 509.8087468496711
66.25 -23.53534830187207 519.867140198387
66.25 -16.34482518400434 456.8799249420898
66.25 -13.80893688640281 456.8540499637517
66.25 -12.54097766351254 459.0358921951327
66.25 -103.2957658553237 556.186075834894
66.25 -104.748800005918 553.9488597725463
66.25 -105.9806559710558 556.3393981081948
66.25 -107.4581609928421 554.0653727892711
66.25 -106.2062053115264 551.6183823330523
66.25 92.72933906412034 280.328219677887
66.25 95.25742638286313 275.8259702622346
66.25 90.08429709844228 275.8820789049338
66.25 92.62212464481482 271.3605404144912
66.25 -16.90909801913534 488.2278445380265
66.25 117.62229673822 352.3257829998611
66.25 -115.618370891646 337.7433020968268
66.25 -47.7364393486695 495.4449467863161
66.25 -42.63191762870273 492.0913989253788
66.25 -23.58993429783483 278.8856545621401
66.25 62.68387913816108 455.1838264258216
66.25 -78.09403205161101 349.9701940226908
66.25 -33.45538651423369 313.1501826658439
66.25 -35.7862440045614 317.3361962599308
66.25 -40.56005047790251 317.4285890598366
66.25 -70.1595598044466 335.3304099628797
66.25 -100.1214086796298 544.3041872151821
66.25 57.89473958773299 407.5262001721673
66.25 95.11534802142982 408.4649544445238
66.25 44.51385103048747 364.9352757367989
66.25 -11.85509273743111 300.2998706931673
66.25 105.9462333582742 322.3526150634776
66.25 -4.55420346873805 270.1529463677692
66.25 -25.82064287494584 388.0424198664637
66.25 24.60225665537136 358.0311317923524
66.25 22.47060522792284 354.4259162770741
66.25 -5.120187590555211 328.4731324514032
66.25 -52.38432072127699 450.6712031612991
66.25 -54.04288591216093 453.5645653044724
66.25 -50.72648801179604 447.7741543421907
66.25 -107.5912377546936 341.6493942812522
66.25 -31.19953190604767 526.301007281642
66.25 -36.74103464607544 508.6556922057136
66.25 -15.17912419180919 389.3293901925969
66.25 -25.81078468388671 316.8298242662672
66.25 65.96618072672013 439.2990482320238
66.25 -118.4920063957115 531.9566096063755
66.25 -120.3439879504377 529.0513286594763
66.25 -121.9612057238134 532.1251463656532
66.25 56.08896736290778 459.316228038764
66.25 -123.8323592541729 561.9748864158398
66.25 80.37806705438283 444.7353045557272
66.25 -1.412944685058342 440.2452802995348
66.25 -104.156320010624 270.7761977318491
66.25 -103.1937968574487 440.6029262448287
66.25 69.54482054811655 451.173728712108
66.25 -118.1562180294913 486.9807547584129
66.25 6.917446163692201 382.5191018158611
66.25 -80.62490777783451 535.4460354548369
66.25 -4.60577140993143 407.5910323394434
66.25 15.3888671485483 479.3665990038072
66.25 16.08928173418747 478.0486674791239
66.25 -103.265606406445 315.2979519658533
66.25 61.13123623621637 379.3128025380831
66.25 63.11893729623726 382.8109942303566
66.25 67.1137247536245 382.8612730374456
66.25 65.07316914097468 386.2654622645753
66.25 -59.91119174701925 508.2556743621879
66.25 -22.2997875375599 472.0753390708974
66.25 40.75550529381312 426.4321567908644
66.25 9.709148247938392 431.1862290662926
66.25 12.53237719971963 431.118370739932
66.25 11.17862629359074 433.5596994687342
66.25 13.93537137030103 433.49235188401
66.25 110.131277175004 356.3444313797133
66.25 40.05387972792484 458.8628869079919
66.25 39.15508144762507 457.2532458925546
66.25 38.20093852450504 458.8417822603309
66.25 -42.44461319742369 515.9377951837586
66.25 19.7401455970282 385.5805950188814
66.25 -33.63807105644854 526.3552229145889
66.25 -32.37129450119744 528.4649089428821
66.25 -39.3532560387492 391.2875361579237
66.25 -22.11825946288845 394.6621987245755
66.25 -24.0261073057878 397.8891615757981
66.25 43.81136347860422 455.769341236447
66.25 -107.2437121077591 448.770025098774
66.25 67.83853476876746 450.9979599967109
66.25 14.0667287498774 418.4705046997543
66.25 -43.74433918886595 513.7390115357447
66.25 108.4444702374604 419.9034672115811
66.25 110.6886005577494 420.1014182353463
66.25 -115.1124667245726 392.5688693189484
66.25 -120.0828179654732 392.7788046265832
66.25 -117.4152836831834 396.9912936758225
66.25 -119.3951997020009 595.0868958234678
66.25 84.71665954867902 425.042440977493
66.25 82.21504356060633 425.0124118446419
66.25 -45.80325316870066 482.6921324551911
66.25 50.25927693133468 451.3118790462885
66.25 49.39080567358258 449.6029231386276
66.25 10.80175348936968 382.4876004408546
66.25 37.44858398620353 437.2531256609495
66.25 38.67828692860235 439.3244244265278
66.25 -18.89579786542976 456.8970095027379
66.25 72.29701395668259 449.9639809324684
66.25 6.606885733082921 453.9850840336279
66.25 99.89309544270898 382.610970835393
66.25 76.03934956593358 438.5551098091212
66.25 73.9684088056564 438.4282665207097
66.25 -10.75714593577892 498.0430413365337
66.25 -12.87501663212286 475.6780091469799
66.25 -35.77391246285235 463.7882974152517
66.25 -37.13879579844279 537.6173897709826
66.25 -39.59005930006778 537.658374996413
66.25 86.96982979773867 416.0020204154692
66.25 -107.0931054665548 359.1398074730835
66.25 -54.72968901322412 498.1887959366487
66.25 -16.40699814473011 437.3786583940542
66.25 -19.30178501968421 437.4969830795947
66.25 -17.95821159905109 434.897887326089
66.25 -20.63256454917239 440.0900216318068
66.25 -22.22896359680785 437.6327242990191
66.25 -23.5756412915785 440.2548062725509
66.25 -15.85196159791304 486.1950242022979
66.25 108.8758061307399 397.8659491608045
66.25 47.54493776784624 424.128878009812
66.25 56.94302545661075 446.8962073062224
66.25 58.69935051564165 458.0023291693686
66.25 59.63093531564716 456.6129856507089
66.25 -110.9680822773044 503.5101177058787
66.25 80.95264431817967 422.8480201376562
66.25 -34.67856107712486 354.2172046505577
66.25 -30.29951590264072 354.1390088256528
66.25 -93.40490939664437 429.6273573514736
66.25 98.67256623103617 318.1664682649776
66.25 13.25764025661324 461.1069564913766
66.25 48.70463068067765 323.4693397674774
66.25 53.38802498955584 323.4136259771594
66.25 32.33171345273154 463.3362540880964
66.25 33.20017676249744 461.7905655046991
66.25 31.40471645549243 461.7985874684922
66.25 32.29538090774514 460.213144998521
66.25 30.45353459153962 460.2213373208127
66.25 34.13182219408383 460.2079789902832
66.25 29.55170346790347 461.8406352465348
66.25 28.59229921977222 460.2455407651643
66.25 27.68335705723694 461.878318296764
66.25 -94.9898242763944 581.9708630968537
66.25 -96.65930997658599 582.1684623907774
66.25 -62.83895254873956 559.9949388925721
66.25 -52.24652895823725 546.5662098745487
66.25 45.96632908844889 466.3928896261273
66.25 -66.29367805496145 444.7853469335459
66.25 -11.1809642892958 480.757175735505
66.25 65.30952448327693 395.4092076934214
66.25 -81.90641859312289 399.0310730549423
66.25 42.93054075594225 454.1160260955241
66.25 40.69300182434146 469.2088517551281
66.25 32.95058189877934 388.8506751316103
66.25 34.81434936889551 392.0766210539138
66.25 32.95982320010791 395.2811392993832
66.25 36.63043957857384 395.2665199041733
66.25 38.47725289611683 392.1031598037234
66.25 40.29091175378699 395.2827765055592
66.25 59.21435944053027 431.7401690482943
66.25 -17.58569928954532 467.7721578625026
66.25 80.37204695132655 276.2023500983189
66.25 68.77069453689728 441.4028707283666
66.25 46.82022352199201 465.0062868793303
66.25 -91.61166945323636 578.4626316216787
66.25 -90.62254956874597 579.8244947662475
66.25 62.68371127172531 444.1580839668219
66.25 60.73480187181946 443.9721726985666
66.25 -96.86029735831752 444.1881655871741
66.25 36.2178736905129 435.1534166756724
66.25 71.4338161965816 375.8896870810751
66.25 73.56625600857311 372.3380672320967
66.25 -82.25007339652801 553.9510282328796
66.25 -12.86234526028889 494.3997036900022
66.25 -63.84249842932807 288.2554509323999
66.25 87.42455415350075 271.4162519651723
66.25 111.5851994427527 422.1638490047559
66.25 112.9027848755017 420.3649518953195
66.25 112.0301629612717 418.2631887516491
66.25 -93.07875697540224 560.1152360352012
66.25 79.69741590956782 425.0304906355503
66.25 -45.01797294011403 515.9754041368658
66.25 -99.26965209290057 576.2288034259777
66.25 -33.3972719399442 381.0588006807092
66.25 -37.39711236086937 381.0122687274759
66.25 118.5797660736268 271.0722574706214
66.25 -29.41162506300724 381.0992761711348
66.25 -71.58049443469812 566.4572281835508
66.25 83.97926386874538 405.2413958478981
66.25 -106.8275162706353 582.1715207603721
66.25 -70.86301884013527 440.0804191373761
66.25 -72.84096370734756 436.7935224745892
66.25 -69.00695798021637 436.7249245881382
66.25 -70.98339245267337 433.4375303910825
66.25 -67.1463236117697 433.3684519047899
66.25 -69.12473558021395 430.0770023198092
66.25 -65.28233576398853 430.0077402410788
66.25 -67.26359482546201 426.7105151757926
66.25 -63.41388116999343 426.6411417604112
66.25 -65.39889392406229 423.3376175728855
66.25 -61.54205379706896 423.2682664848371
66.25 -63.53062877036675 419.9575313586034
66.25 -59.66438366866794 419.8878732643027
66.25 -61.65795066350902 416.5678440160764
66.25 -57.78007990196728 416.4978616884823
66.25 -59.779760108644 413.1668518575196
66.25 -55.88858304113275 413.0966220884783
66.25 -57.89513752645724 409.7538344698269
66.25 -53.99015949985263 409.683442264809
66.25 -56.00378038676686 406.3273733384614
66.25 -52.08246470079327 406.2567224318922
66.25 -54.10449818528404 402.8855344028607
66.25 -50.16429732348006 402.8142082097292
66.25 -0.1762388534220392 461.2256363812049
66.25 117.374655987969 418.831849952092
66.25 -106.2121155956873 562.7440454443579
66.25 -108.7198422370407 562.8603963153173
66.25 29.04727903762527 323.4963824446091
66.25 33.64896058906865 323.4090711421035
66.25 118.5317617439069 326.8982556146046
66.25 35.82013129597811 423.923718398756
66.25 34.44394385955686 421.4958848317292
66.25 86.34889403341289 313.7753628511547
66.25 -122.4096276680449 397.2030882272543
66.25 -119.7282447222406 401.44108393985
66.25 -100.8006148896237 451.6552512629095
66.25 -109.8552607514472 565.1311021129221
66.25 -111.282198092846 562.9983682763844
66.25 -110.1228604641749 560.666616718043
66.25 -97.75047000914192 429.7346300532618
66.25 -7.129240764135862 265.7352866662948
66.25 -39.93937566704095 511.5302997729482
66.25 -46.24845631429846 395.4527077189847
66.25 -65.38384986012387 265.876124591408
66.25 37.06488821840106 365.0992178668639
66.25 -78.76125248732545 576.8767981783698
66.25 -107.1799332760719 503.2450476936677
66.25 -105.5035235779183 499.8738815618023
66.25 -22.49270210815457 518.0421577328334
66.25 -5.78317668514617 473.5065088531047
66.25 -0.785214405070809 486.2861715220047
66.25 -2.567717936294995 486.4747176512888
66.25 20.41591510501064 358.0735876680388
66.25 18.285599059705 354.4710788432726
66.25 20.33879977904977 350.8065291600563
66.25 16.12071214941077 350.8506541538164
66.25 118.4984063393315 297.785933208165
66.25 115.8775908945357 293.322283540097
66.25 16.87243194594776 479.3099559813689
66.25 17.56690143915228 478.0049727061165
66.25 18.34375978431717 479.2556699871124
66.25 19.03355321887197 477.9605939529214
66.25 24.50620105079354 467.4001716905483
66.25 5.169158702964445 433.06002871219
66.25 42.14047343974119 392.1207179027002
66.25 -80.48746684220602 451.0536786576567
66.25 43.95963984149511 395.3067458235572
66.25 -0.2562156887958884 320.6140286454788
66.25 -6.666667802260026 475.3451318087737
66.25 76.35516911575255 447.3104027625697
66.25 28.73331685433378 350.7187636093528
66.25 32.96144665970466 350.6947404229894
66.25 64.36259015724298 455.3081055421972
66.25 34.80762018880342 398.4094991144564
66.25 -117.4534201815031 571.2086783981918
66.25 -118.6259702813005 573.6027837278375
66.25 -66.44208279831247 572.2054234890177
66.25 60.35610208273054 458.106221222792
66.25 51.07353245175755 435.3331202975455
66.25 -31.59984354378436 484.6843899164574
66.25 -14.62560314074202 279.0136451050842
66.25 -26.0867177130799 283.3049219000011
66.25 64.73813756773126 267.4033301244099
66.25 79.32788863417598 343.3013741551954
66.25 77.03230478403586 339.208898452099
66.25 -48.62753918845476 482.786009221061
66.25 -47.29737560623706 480.272716684293
66.25 33.78205731989122 447.6378218584465
66.25 61.87385924804651 442.3395970830529
66.25 -15.09940684638663 454.6593357121902
66.25 -12.54330681771566 454.6331233613757
66.25 -60.29728871790274 540.6835776467755
66.25 -54.37157672955157 395.6857362734046
66.25 10.04122943297066 474.2136581020742
66.25 14.70443732462384 480.676286570717
66.25 0.749940612457853 431.6724410551953
66.25 56.09299518949794 445.1193304714695
66.25 122.891118251865 395.1753335388566
66.25 114.898074064495 414.2798577119596
66.25 -52.37328530354585 444.8762219002934
66.25 -49.0389665914459 444.8983169129704
66.25 -110.7921796321931 523.3367673169039
66.25 48.66012723713531 350.330730079449
66.25 52.96510525278945 350.3253467732799
66.25 55.11006625788546 354.0812707958461
66.25 57.30722701007392 350.3360577566062
66.25 59.46841307782125 354.1210336973157
66.25 -126.7389464966243 594.33391372535
66.25 23.89747648447959 439.7976289223278
66.25 5.456593033796638 315.9838434694178
66.25 -28.1499488463728 334.7973440222699
66.25 52.65562846693383 424.3077187087221
66.25 61.91249703327655 410.678617609339
66.25 65.01615442168344 410.7436772213957
66.25 66.46973304464389 413.4948038559246
66.25 -21.43019280410378 338.6455675981305
66.25 -67.70227106062006 381.4198744400559
66.25 -69.78962884802053 385.2680121041948
66.25 -23.64813238381405 270.040698646379
66.25 37.29406508024686 457.216257540766
66.25 -61.52136960209045 505.8272685208439
66.25 -62.84383624452659 508.4521676298873
66.25 10.48851019268884 287.5235591694349
66.25 32.14051301187462 472.1052035114365
66.25 33.69173253077601 472.0966557410957
66.25 34.46157163683448 473.4419825247901
66.25 26.71695674947408 460.2709522618409
66.25 27.63230271768736 458.6106646424069
66.25 96.78980395874144 414.1644457838632
66.25 -80.32170104816409 576.9489154487965
66.25 -63.42534987354586 305.9399774058377
66.25 -12.40969816839774 479.027087889096
66.25 -13.31954440824961 480.9746504696002
66.25 -112.4429044053719 565.318679883895
66.25 83.24669560110166 438.7841948661565
66.25 85.08251648359456 439.098662283564
66.25 85.70039822529692 440.8430115745808
66.25 86.8817616513309 439.4429427628222
66.25 95.73486290688002 382.4932583429284
66.25 97.91719087245609 378.9061274019766
66.25 93.59594533494169 386.0556374492816
66.25 96.97907586736288 426.8639780790153
66.25 -48.15544331416154 305.0403246240327
66.25 -3.632917150226246 434.378318837556
66.25 -103.7112235643041 578.3793588505496
66.25 -105.6550993615153 578.6343104912357
66.25 52.95228347522075 289.864768934087
66.25 47.98377914518839 289.9560004707428
66.25 -30.97447610420866 454.5916764506248
66.25 -129.632154235188 601.7650917989831
66.25 -119.7837681027512 577.7467153919383
66.25 42.10470195073173 398.4437806749515
66.25 -120.9851348961587 476.3331838972761
66.25 -37.26974044425356 491.8400412249824
66.25 -36.03955616629876 489.4876145693709
66.25 -103.4493237992646 586.3894533993476
66.25 -108.7085063235956 582.4570367944129
66.25 -106.4343513735352 367.1416143678522
66.25 -108.753409121595 371.4602837189009
66.25 -1.773230808294042 473.2423394933928
66.25 -76.47939172835972 457.5423728715278
66.25 -74.72602249039717 454.2183030489248
66.25 -118.7277565930942 525.9659821278144
66.25 -122.2481138278078 526.0878717615373
66.25 37.51384845615515 471.9333184524232
66.25 61.84863449158046 423.1452658647878
66.25 64.50808443899652 423.3192139269283
66.25 -61.0512481474063 550.8944221989606
66.25 75.29722247331161 448.6853207746782
66.25 21.62278294960837 382.2454556094231
66.25 17.7746341581317 382.272162285478
66.25 45.71382061868582 398.4609305802824
66.25 5.933592043310169 410.4942274617892
66.25 -3.002141497732547 404.6263870154314
66.25 -61.62907369674748 369.7588499528825
66.25 -94.21699703663349 567.4025052036226
66.25 -95.43309452699499 565.650634064669
66.25 -93.00408152468556 569.1204398992157
66.25 -109.9095801265687 585.9532515570252
66.25 -110.5208261620778 587.6580731641764
66.25 -109.3415496541563 589.016169618013
66.25 -111.0839539270972 589.338103229667
66.25 -112.2731972954401 588.0050896387711
66.25 -112.8489207702701 589.7157157354235
66.25 -78.08880009495512 288.4488952048774
66.25 -68.05692189403379 566.3725176775847
66.25 -68.97519068367136 564.8467812619477
66.25 33.20907514189403 458.6014889889727
66.25 -55.9392471713623 318.573021626991
66.25 -4.990686264630043 304.4042799425283
66.25 -65.60808778432559 377.5701987825577
66.25 99.10238624628589 402.7454099930126
66.25 -38.50225875495521 494.1938777238633
66.25 -93.33332469628594 581.7818447764605
66.25 -98.35464318585957 306.4111997481252
66.25 61.68292286813487 350.3470726536879
66.25 18.19130153941403 347.1525767773696
66.25 4.527709425925914 350.9986372763516
66.25 8.744574479327133 350.9599186618367
66.25 -13.40847485445498 489.8461884408629
66.25 80.97169399870654 427.1749834032371
66.25 -62.31302523950932 555.4402100886348
66.25 -45.80408949760019 300.7544907516148
66.25 -15.0354831601344 463.3833790639069
66.25 -6.939692806529685 424.2106973574699
66.25 -9.980786237896451 424.3147989372022
66.25 -11.39615786725907 427.0266535314747
66.25 -13.05048640641142 424.437943285126
66.25 -14.47813283103483 427.1732467288237
66.25 -16.14677406400412 424.5621070660154
66.25 -14.70740300505244 421.7875450759372
66.25 98.61270895339082 431.5090889696129
66.25 41.99773795785723 281.1254283724903
66.25 -68.36051490165063 305.9983142677006
66.25 41.81682569109324 272.2923480895802
66.25 44.30407624486079 267.7916236759414
66.25 49.46793079205756 267.7025549207173
66.25 39.14460707444307 267.8779598288338
66.25 -76.597827743666 555.7389138048378
66.25 -75.52257686746952 553.7855356658812
66.25 -43.38429774008835 554.1916996798783
66.25 -42.29001725303496 552.2989288369344
66.25 68.12034830312477 410.8631208029664
66.25 -2.493164191317711 470.3088384219463
66.25 -3.652925166807348 468.6139775779633
66.25 77.82145486924666 280.6942935876486
66.25 -98.84259687280543 279.7551415410601
66.25 14.43788164597158 299.3025716057763
66.25 1.720775237025985 484.4878171019064
66.25 2.445572841549741 482.9213966448237
66.25 -57.85063454110855 540.5868368779468
66.25 -56.56139115358607 542.6739475712782
66.25 -20.31591166470597 490.4278373671381
66.25 -22.66595932037375 490.5463066174539
66.25 108.2771405651266 289.1317328828962
66.25 41.64922666186486 263.3459014979883
66.25 -64.47500120924229 551.7527385162838
66.25 -59.67094340221482 522.9869540388448
66.25 -61.4581802075495 429.9283446927611
66.25 120.2107925158149 348.0883620745971
66.25 117.8065647733722 343.7054248546039
66.25 122.8371356880738 343.796821715296
66.25 120.4016977641912 339.3562384231325
66.25 8.8866963001208 385.8445078508167
66.25 47.4516499320527 449.5034855394665
66.25 48.50887818430634 447.843913870019
66.25 57.92555357666509 289.775022962061
66.25 -48.86289420026716 279.191184131613
66.25 -51.48883752088264 274.8028822763128
66.25 60.47764309963659 294.0565411166315
66.25 -111.6422788671385 591.042031368441
66.25 -113.3707877875669 591.4025355810367
66.25 -29.35452174177719 530.3749301844172
66.25 -12.81074591783374 429.75737141426
66.25 -15.86664573124951 429.8991709198788
66.25 107.9940819115649 343.6323492080429
66.25 -67.21906366077782 573.5893478869343
66.25 -46.33722265510137 513.7432207714887
66.25 -122.8969428268923 480.1603340671505
66.25 -35.95463509108025 458.95799223288
66.25 6.113235372472979 480.0065504275427
66.25 5.450127408341326 481.4345089106788
66.25 -18.90798952328133 516.4971433635556
66.25 -19.81791278974712 514.5748193566233
66.25 -18.75620840344931 512.7374300278528
66.25 5.083420154544539 307.8243338175648
66.25 37.42931038505073 433.0117237184447
66.25 124.5921042370184 409.0351494615874
66.25 125.9550060973338 412.316009077262
66.25 129.5742309424566 415.401356428383
66.25 121.1078838579378 391.1642318703693
66.25 -68.68101085591567 297.1012793605585
66.25 -66.32405567577494 353.8242362199611
66.25 6.259505594279114 464.5353632530915
66.25 2.581157775053275 303.7632501679607
66.25 -106.143813779884 375.6230459330719
66.25 40.32424039371623 388.9037231185552
66.25 14.96030913551449 361.7379670396544
66.25 -21.9617570352046 442.7147313801583
66.25 -24.88815624838742 442.8752820622869
66.25 -116.0166631728238 573.3965422912473
66.25 31.61906937497763 421.4884268133754
66.25 -119.9017686295236 271.023188306476
66.25 12.61435813427568 435.8739194419504
66.25 75.58888430131644 375.9684627125496
66.25 -78.53907114739263 547.9723917230211
66.25 -101.6319379219472 469.2583198987149
66.25 50.49351149028058 447.9494574770586
66.25 -61.21531426596615 377.4843179773079
66.25 -109.2313328046859 452.796294635053
66.25 0.3956402521574707 404.5565718287596
66.25 -73.65108785331914 564.5071409002667
66.25 -98.51352293611468 455.211590184493
66.25 -31.76933518804456 480.301781301375
66.25 113.78048608492 422.3897911149675
66.25 -34.61119537507344 456.4561911078559
66.25 -123.9133577928887 514.5312687426814
66.25 -121.9040891557009 517.7467997071827
66.25 -84.02911667682463 561.6527504466452
66.25 -125.9232390877196 511.2780380806523
66.25 -50.7450536255936 453.5329337106444
66.25 79.28195192204575 446.1125663792685
66.25 100.242155498803 266.7156237636082
66.25 -30.31933442946217 324.973137161899
66.25 -26.70226758039018 480.1513998461899
66.25 -28.02586429932482 478.0050810044398
66.25 -96.60570149470526 570.2989929252968
66.25 47.58578886275436 466.4339585236386
66.25 -63.24666948898022 570.8059429742336
66.25 -90.28094369218981 514.3714689292
66.25 -91.84023837384238 517.2460503734702
66.25 -111.2400114433744 311.4021602970213
66.25 -116.4359169985532 311.5017643320231
66.25 -119.1297737883342 307.0437705912208
66.25 -85.32064615087404 565.0556765876229
66.25 -66.23819665557174 543.0573017251465
66.25 -65.13440132681011 540.8723381284238
66.25 53.91905654758781 462.2706138984059
66.25 33.03807350885194 419.0048135287144
66.25 -120.9555422536448 449.7487782219625
66.25 -123.5840032395914 445.8610127255154
66.25 -121.487086312179 441.6044775152913
66.25 -8.855755507546059 492.9705023344175
66.25 7.939659808884702 437.7417028472864
66.25 -54.96082524231301 493.2117819547111
66.25 -53.61203552291983 490.6283743839927
66.25 -114.0715601407569 588.3520327117601
66.25 3.40776788927313 484.3175090128237
66.25 -26.56846352169206 461.4500276943611
66.25 -114.1806609543378 569.4949764211692
66.25 -65.30406587284774 523.1171758683462
66.25 -66.78591419651434 520.6967647807699
66.25 -125.5004903872929 559.5011447604521
66.25 -124.1574116781455 556.7894498726112
66.25 59.00242036331677 427.534714939732
66.25 57.80104521450403 425.2122122356348
66.25 -103.4540127684542 502.9954646188738
66.25 -101.8035630728465 499.678236798099
66.25 -22.00217830088353 388.0946912706041
66.25 8.010317643397951 291.826774922316
66.25 -94.50785768153517 563.6910237316467
66.25 -1.994871674138746 265.7018018010684
66.25 111.0300792528516 363.2548321280444
66.25 -2.745458454897844 466.7446320178456
66.25 74.65510844956599 343.2324006071136
66.25 -25.40690479038423 449.5923445397905
66.25 -26.8598428482284 447.1349910338249
66.25 -71.30510605682882 292.7929273271843
66.25 25.23966573666585 428.434327600483
66.25 -63.94246160061144 357.7891153688735
66.25 -48.16083374768109 406.1861953250154
66.25 -60.15776601411478 265.8299520258416
66.25 78.54938963704592 349.807602405567
66.25 80.77632874814027 353.7557687630564
66.25 -86.15603976333512 266.0458942042223
66.25 121.0645759316056 293.2779902970526
66.25 118.4326405260188 288.7982610970051
66.25 89.97493276909761 266.8723332026871
66.25 84.75138002829372 266.9281830554584
66.25 67.27797567618289 262.8476792582207
66.25 -59.47872256857559 365.8219470964283
66.25 39.12937104573596 361.5331655572327
66.25 -64.75114418921379 560.0762077719182
66.25 -65.61705456953032 561.7934036087642
66.25 -66.67651203824903 560.1822441098199
66.25 2.110774711832287 413.1656196550488
66.25 -123.7844969462518 575.7373421464151
66.25 121.1170614281481 302.2540287752432
66.25 118.5440856300329 306.7562667280678
66.25 -61.62765986739993 570.7326598393033
66.25 -60.86595262391749 569.3165145537771
66.25 83.85036375243412 318.0333981730035
66.25 -112.7634302887317 560.8078206870604
66.25 -9.408176489778121 476.9649825466951
66.25 -44.45803061743757 556.0682963720366
66.25 -112.0926511744375 266.3435270896172
66.25 -89.3600348459436 561.5275297128039
66.25 27.60836689533211 477.4478017787227
66.25 26.13562127058772 477.4789277920589
66.25 25.35903387222379 476.2299678524502
66.25 24.66390123971321 477.5281085295081
66.25 46.36144410923808 454.3983494523252
66.25 45.47357176845434 452.7374790226759
66.25 -124.2003165564251 597.4933069737783
66.25 -126.1135014439299 597.7339732432097
66.25 -122.3464826374996 597.2241247143073
66.25 -80.90948693043939 265.971147137697
66.25 -120.7932186084776 337.8578761413311
66.25 -118.1064036606873 342.2896839585587
66.25 66.67335987776799 408.0717561227823
66.25 68.5412749433067 452.5458881024492
66.25 -4.559611181396383 470.4786371270511
66.25 52.87605602354463 449.9702284092393
66.25 -81.97259295283276 537.9219224803662
66.25 -79.19249652718112 537.8304638609749
66.25 76.89442299372199 426.988797054371
66.25 63.89088911323292 439.0747388188166
66.25 4.100888622634355 461.0003584803844
66.25 2.938976786904701 459.1878209920243
66.25 -88.7152025684879 511.4919018907202
66.25 -85.42350925680228 511.4342221678179
66.25 -97.49138122796569 437.2151574208255
66.25 -67.42222896721452 420.0129020499098
66.25 -6.089921286555249 494.2680447032403
66.25 59.61331491251856 445.5977426757436
66.25 58.75280611274788 443.8044302908421
66.25 -33.79425606451456 542.3425184420076
66.25 -119.067860390639 472.5015439174804
66.25 -2.271319457211356 490.664675212888
66.25 -4.327762385973965 490.5063625726626
66.25 25.80130861682492 461.9156679907321
66.25 26.77440675505608 463.5131956072274
66.25 -30.35285115818148 458.8285178787723
66.25 -38.32924271604504 539.7422333183949
66.25 19.80552070212243 479.2030048365258
66.25 20.4910529088794 477.916016857838
66.25 19.72327779552943 476.6623291128066
66.25 -34.92709444467513 540.3027964935666
66.25 103.3239517042938 396.6053192624416
66.25 -62.68804579271948 279.3413293974183
66.25 -122.0052012679173 368.4134059657273
66.25 121.2283435053857 275.5809437236281
66.25 118.6455092027526 280.1224651819439
66.25 123.8679194453038 280.0873217217224
66.25 121.4579296926978 416.9713282435025
66.25 -124.7032834125249 364.0794859517024
66.25 -34.64095855884646 491.7168721911751
66.25 -63.83923624931217 525.5273363351031
66.25 -120.9978264338675 328.8915608686154
66.25 115.9300062980463 266.5572027943861
66.25 121.1754789041913 266.5138435150712
66.25 -23.86588612514209 384.7429600309125
66.25 113.5706293967864 318.0209725999896
66.25 118.6755227316856 318.0799595964538
66.25 -112.2005619135107 592.6893240799075
66.25 43.58914684249327 416.7105710535067
66.25 46.52446955063778 416.7432227357753
66.25 -31.11443683780625 449.6723281643944
66.25 -56.6221137499482 274.8911031573554
66.25 -54.13229442058486 270.3771660817476
66.25 -120.5951024948572 522.9317734565303
66.25 -124.1963327923087 523.0565563233954
66.25 -41.64087979688332 265.759742051322
66.25 -36.4463743357183 265.6887968940449
66.25 -46.83777744812978 265.8311181890163
66.25 88.86257238197163 309.5088291212678
66.25 83.90618811740815 309.4624656394919
66.25 -25.191071078025 437.7682743214352
66.25 -23.82887922525131 435.1030693658227
66.25 21.20839423871368 476.6147657124529
66.25 21.97743972381469 477.8870678966152
66.25 -21.39691762106943 346.3375638014604
66.25 -23.55792689592848 350.1511517147636
66.25 17.2688584382578 413.0559052219268
66.25 18.85104499856001 410.2671333305208
66.25 7.346426809419519 466.2323655877234
66.25 6.432391073727481 467.9990258843772
66.25 -115.7391459742195 375.4082386878195
66.25 -120.7485434781195 375.5615196344911
66.25 -123.123237584289 380.0072097547667
66.25 -123.3903579815883 472.7341567948781
66.25 93.68458059526905 378.7885091957284
66.25 -47.41581355671864 447.7838034714283
66.25 -38.09344745700628 321.5003688036302
66.25 -1.134811077168105 463.1676813108536
66.25 -52.36698473220056 456.3621431571352
66.25 -55.6155994613949 456.4074730679468
66.25 66.58811686649436 427.9646241953662
66.25 31.4014575161787 476.0892754885901
66.25 -91.950359657248 558.0334673971873
66.25 35.9755413857215 447.6291352286761
66.25 37.07895817972124 445.751839906879
66.25 8.745688169187664 449.9204740098966
66.25 6.410266301136178 449.9891110423201
66.25 11.07153112129546 449.85753214892
66.25 23.16226197896389 264.39091414066
66.25 28.31235865065283 264.2835562349183
66.25 -59.15881028802304 538.4893144058301
66.25 -56.66676128781656 538.3917822401534
66.25 31.08894698848186 385.5887999648188
66.25 -108.7103988781464 556.4959938726342
66.25 -107.2104304361837 558.772676964634
66.25 -87.90118102319293 551.9592274959658
66.25 -90.34088557384867 552.0608692347972
66.25 -85.47573957867036 551.8662446067117
66.25 -70.61076668592833 265.9224968012007
66.25 -2.551799085712812 488.9248129961174
66.25 36.33080710542611 458.8193879483621
66.25 37.24661333131651 460.4389294700376
66.25 23.6387790178718 468.9232043688444
66.25 21.90484426171287 468.948910564685
66.25 120.5378838026257 363.6221748413914
66.25 122.7440848326771 367.901246662925
66.25 118.3236157429068 359.3367765586494
66.25 -2.846280458868569 437.9363746995733
66.25 -70.71453910328097 446.7131653654563
66.25 19.11951754764214 480.4749407941443
66.25 35.95143193814224 471.9383756936587
66.25 36.7369686031261 473.2730925558601
66.25 -26.25902720404843 265.6048736154071
66.25 -21.09455495783846 265.5513917712502
66.25 99.36382824970207 433.2423022057045
66.25 100.4593902237551 431.7381584314409
66.25 53.01617487315159 463.6647283835096
66.25 -84.7623110448163 538.015861299658
66.25 -63.69478232983452 413.2238987263455
66.25 -10.32519031411342 501.1422470782461
66.25 -121.6558406670776 311.6131239585763
66.25 108.9455997742839 425.5973378724369
66.25 -31.80557693245494 508.4150174848515
66.25 -32.93169806855676 510.5796822592018
66.25 -30.68154013906749 506.2533541098185
66.25 -126.4574191498599 575.9446409438376
66.25 -127.6032526038037 578.4182998684614
66.25 87.48452294209153 441.1499918981704
66.25 88.63729007893365 439.7830058395403
66.25 88.05508137234372 438.0872100228022
66.25 89.82843230896836 438.4262159657507
66.25 89.23841614385606 436.7048786853837
66.25 91.04079634809086 437.0488711757092
66.25 74.89579446430358 440.256362181976
66.25 -83.77224771667223 471.5591114476769
66.25 -85.49951890673219 474.9021048381078
66.25 -82.04625584179854 468.2191330293472
66.25 31.42328787064437 327.4144070408851
66.25 80.99254276932312 446.3491555668909
66.25 82.0587562187622 445.0192868231132
66.25 -95.67168422591871 425.8733251134776
66.25 -100.09087383657 425.9844182687642
66.25 -108.8477906759754 506.6104798388545
66.25 4.519014298201098 480.1341788649511
66.25 -20.89364752133855 512.7277855763674
66.25 97.86560927837562 429.7356813089513
66.25 -80.00792774203134 387.2254599063019
66.25 -77.65020258725579 391.065482861985
66.25 -75.52695940537855 387.1180205323629
66.25 53.48999055266712 435.3784261442644
66.25 54.75861861074802 433.341863184969
66.25 37.16991680036761 426.3360308034012
66.25 -82.02474283747601 382.7557036623286
66.25 84.44026695716801 437.3321551306324
66.25 -71.13994072866254 426.7652057039538
66.25 61.0838804770344 439.7291956437948
66.25 -61.27251636293923 553.5920650644202
66.25 95.94393304377871 424.9590680881827
66.25 97.09959264156497 423.0712914900654
66.25 -39.10535592915772 261.2045682339756
66.25 -81.18640430436585 575.6461815834499
66.25 41.46179064821235 470.578327100673
66.25 40.66725932011059 471.9147523058544
66.25 66.86470727883513 452.3735473247526
66.25 67.55547381448169 453.8947972851298
66.25 -4.845621200873404 466.8800518952697
66.25 -49.72796132192753 490.1724432642445
66.25 -51.27370806524861 487.7782665389065
66.25 66.15370094964852 450.8377031770081
66.25 45.08558242255685 414.1401499617277
66.25 -1.708105212073669 354.7172519310134
66.25 -121.433358861408 468.822408163594
66.25 -125.847591514935 469.05942800396
66.25 -123.848683618638 465.0632661070965
66.25 -17.85821372104851 421.9136211504577
66.25 115.0666605223352 420.6296298814867
66.25 -101.171094925948 576.4436440921572
66.25 -108.9916819040228 551.7370114901512
66.25 -107.7036982652341 549.2180010539888
66.25 -104.8542124206218 549.1076322302254
66.25 -106.3754040422545 546.6727184958645
66.25 -103.4881843823565 546.561585222065
66.25 -105.0288345490051 544.0960638145558
66.25 -107.9684670220041 544.1999892516214
66.25 -100.9201435712573 570.5456820277682
66.25 -99.72690921288974 572.3349157520487
66.25 -52.61590705236205 510.1235907825518
66.25 -72.50170190212015 450.0239527843086
66.25 -3.747489941630226 358.3715592867892
66.25 -1.601088478676791 361.946603405584
66.25 -5.750561393412973 362.0060278159889
66.25 -3.624704661908627 365.5459293684173
66.25 -7.732067292239192 365.604286803355
66.25 -5.62821719041116 369.1061303073572
66.25 -12.01772461064722 366.3746531631359
66.25 78.36574507920125 439.6280039041359
66.25 79.55634715492528 438.1253863701182
66.25 -62.81095352934609 261.3091229240866
66.25 -64.8709608758149 570.8831473267992
66.25 -63.99313956330315 572.2262851543425
66.25 -92.65058636214113 580.2855442234918
66.25 -91.71326639880044 581.6171401754149
66.25 -89.98571029791611 581.4401136048092
66.25 -89.02621485011363 580.1285798599905
66.25 -87.33395573788219 579.6515915218318
66.25 -86.58547591172638 578.1890274196151
66.25 -85.25771166244796 579.2774261740259
66.25 -4.591206515544201 261.2488120181642
66.25 -67.54709078113135 561.9086304065208
66.25 17.23115016727599 407.4709930520205
66.25 -11.42451740162506 503.6843692485275
66.25 -13.83124120752748 504.1208616110377
66.25 -14.95893589717795 506.0891510557585
66.25 -16.06036873439219 504.150915143658
66.25 -12.9814435673362 501.9531391017248
66.25 6.372837201862059 482.714349142796
66.25 -41.33608219257767 387.8703111526873
66.25 -125.8787285330925 526.2795434050539
66.25 61.27345050806458 456.7380243441518
66.25 60.56095638735742 455.2467819679683
66.25 -39.06879838502751 354.300039790113
66.25 -36.8022651120728 358.0435753979531
66.25 -115.0536143969757 455.0610376672175
66.25 -119.5379069380089 455.2514428144548
66.25 -121.6102717474277 459.2834313525697
66.25 -117.5436148354519 594.8719830474923
66.25 -116.7648623712829 593.2184885575114
66.25 -127.8593152759735 523.1950813742843
66.25 -112.5745549299401 506.8839595152019
66.25 -107.0468563685206 510.1934986435445
66.25 4.812627432658751 482.8666561555793
66.25 -53.95212048991934 459.192081649684
66.25 -12.31021840700324 416.3025331904803
66.25 -10.7958774290358 413.4423332455929
66.25 -94.00269011949503 583.2687686317208
66.25 -31.36921945257684 377.610011929962
66.25 61.13685717159736 386.2122790977258
66.25 -84.0022480787663 402.9773933012473
66.25 1.480780858476481 481.4978046751953
66.25 -114.7715880727898 472.2863976509306
66.25 -57.97978645610954 570.5017797783138
66.25 -121.5788006783168 595.5610053393575
66.25 -120.1528380978076 596.862997250276
66.25 54.10147574179695 444.9695462035304
66.25 12.95497002433602 291.8091714883543
66.25 -20.31022147400096 397.9086097238319
66.25 -42.30830150217696 556.0528301345977
66.25 98.26764135897476 434.7264694144073
66.25 -4.508903394037869 488.5150420458406
66.25 -6.0494984759167 489.6590817261126
66.25 13.24699445022296 480.7555257146457
66.25 -42.40897777149448 495.454969371428
66.25 22.4039936253702 480.5722061613845
66.25 -36.34221444471424 549.9473268370615
66.25 54.81097225576919 460.8819403058678
66.25 -88.45857980831826 403.1646607037894
66.25 25.47273353934052 382.2176784596874
66.25 -90.71156217085955 582.8746124593317
66.25 -68.1608626215841 523.2023710364807
66.25 -59.94723256436839 406.3858760964047
66.25 16.78986447535589 476.7340994980724
66.25 47.9366665108913 419.3289917005097
66.25 -106.5902526979702 541.5569769874861
66.25 -79.56568069276379 402.8038940476928
66.25 34.88618459698932 449.4983462617641
66.25 54.07360993349958 459.4077978551384
66.25 116.1743855555883 313.610004706396
66.25 121.3120592112662 313.6699751924809
66.25 123.8301408177237 318.1685529021514
66.25 -51.10583798537116 512.4153256603342
66.25 30.82642941561761 347.0190971882708
66.25 19.67543052404966 378.9046917167596
66.25 -67.15979401097027 567.8864833550365
66.25 -28.79494044791458 526.2641521630844
66.25 -5.923036485490962 491.57508848097
66.25 25.36853804410266 468.8998341085175
66.25 -115.2641051707986 595.5931490397297
66.25 42.25740834889984 469.2311604713163
66.25 41.49465722282972 467.8559182587094
66.25 43.92275893076679 469.3718362631797
66.25 45.02282488721527 468.2051136799666
66.25 33.56333270668438 315.4024544088184
66.25 -65.19688557342458 436.6430580207211
66.25 48.43268850041978 465.0607258724276
66.25 47.67388823987072 463.6285794435943
66.25 50.14589023960657 465.20179425922
66.25 -41.833666208591 509.1101846204732
66.25 21.50092164990795 479.5413804960283
66.25 22.86125709122451 479.2606244463934
66.25 90.394461930109 440.1243942294503
66.25 74.4910385436219 426.7939781509804
66.25 73.14011650856624 428.8193422739496
66.25 119.7937678580887 418.9814375937679
66.25 -22.18478046371601 401.0736575189199
66.25 -20.78093833009723 404.4966639203258
66.25 -24.34169495728548 403.9576253142276
66.25 108.2899819493853 315.562388909598
66.25 -13.99735797072831 508.0895347462509
66.25 -16.18965129774625 507.9120574757472
66.25 36.29212530730247 439.3403786750802
66.25 -34.68812332097001 537.5738242089974
66.25 -33.48734301094284 535.4424987431701
66.25 -87.36249319588418 576.7604044317562
66.25 31.21476230989802 398.4217667402156
66.25 33.02166089210465 401.4819099072016
66.25 51.09435442534875 327.4786782970696
66.25 30.14190340734258 418.9972747114923
66.25 123.5380020369471 414.7395774857585
66.25 127.0096641913503 398.6008375056113
66.25 -23.44866279689471 525.4354944681446
66.25 -25.23775333556395 524.6489749350301
66.25 -23.63385181717743 523.4286669511329
66.25 -79.48017075727775 578.2393750698614
66.25 -80.99576292994979 578.3081002654762
66.25 94.7884896043399 426.8206522946037
66.25 37.49884057773837 441.3716091367276
66.25 39.83034311715785 441.3515096783029
66.25 -130.1182589270292 594.4186092717091
66.25 -86.19044994816085 561.7679772685527
66.25 114.5243558634651 394.5224538632598
66.25 -84.03598622729209 465.0434512154035
66.25 -80.29404590459903 464.9101061920684
66.25 -78.23991659765265 461.6393907148066
66.25 -100.4116805940705 574.6430643982867
66.25 -124.1101047482505 455.4499929557045
66.25 70.20753500681458 452.7114704524905
66.25 -74.84850819454877 433.4902417839803
66.25 56.81837421022877 431.6260611950542
66.25 -21.97056943679467 514.5917752031681
66.25 124.0695462386364 417.3202225576532
66.25 73.59328841372496 448.4856446661415
66.25 -52.9620456066433 567.3552201656769
66.25 -53.44089547077527 565.7038695815517
66.25 -52.36617031978226 564.3679152219365
66.25 -50.65774164225998 564.6200210028348
66.25 -51.291381522051 562.9992156720275
66.25 -53.03443947153715 562.7368027494043
66.25 -51.93130793379088 561.3296067397968
66.25 -50.14321547799132 561.6017077699464
66.25 -50.79850012393351 559.8966525980119
66.25 -48.97002925944529 560.172383658189
66.25 -52.63494959070833 559.6091076354184
66.25 -51.46176051892368 558.1245117423554
66.25 -49.26946308671545 563.4323305507136
66.25 32.90538205628827 476.0741374214941
66.25 -42.83960631859674 321.5924979061167
66.25 -45.3108623400268 317.5336621878257
66.25 65.906017314699 453.726323609553
66.25 -126.2774159143801 441.8893695712811
66.25 104.8052729496112 425.3030568673317
66.25 105.4290310735595 427.3127297714053
66.25 104.2174553398295 428.8989994220961
66.25 106.131276844031 429.1049266497957
66.25 -23.72331445377193 261.0856049661918
66.25 -19.81647250494296 510.8586779549323
66.25 -17.64929275313856 510.8741945131358
66.25 -18.71936923051407 508.9790354788583
66.25 -41.16358172189797 358.1262387622654
66.25 -42.15749125301584 350.7304076801028
66.25 -43.87347155699932 346.4506178147928
66.25 -96.70638587229763 563.8512130537541
66.25 127.0247424429358 382.356621347426
66.25 122.9477886586214 384.9498648223652
66.25 122.8410817736843 380.2807039451645
66.25 118.9168406863391 382.7061865250653
66.25 29.50868829884472 401.4926629510545
66.25 -45.55981176739857 550.4589709974153
66.25 -34.84633407947591 528.515899052398
66.25 15.27298570267194 431.1002711033607
66.25 16.66271892867472 433.4474152334216
66.25 29.07820081363665 477.4166986259289
66.25 -103.8231101214505 496.5692754329992
66.25 -100.1126691643682 496.3694323068422
66.25 -98.10636374512364 493.103424071466
66.25 -94.26794198292311 492.3443201536228
66.25 -98.1112976441083 499.4786403682245
66.25 35.92978410890155 419.0150836660571
66.25 34.49294961678535 416.4700053644023
66.25 37.44775804549402 416.4799806141504
66.25 107.7903462621683 427.2244743972541
66.25 -58.79009040035492 566.20400654763
66.25 -57.8705769089847 567.6594103877153
66.25 -59.5658017787522 567.7122681837736
66.25 -91.45482576487123 554.262223737946
66.25 70.42203547949845 427.6291010821295
66.25 45.46316659514059 469.7222680531818
66.25 -51.15169575885802 310.0916170599708
66.25 74.04835430995092 450.192152953319
66.25 23.88429133797042 476.2754541684014
66.25 63.4177789783787 456.6704176480344
66.25 65.04626191224609 456.7910417407757
66.25 12.98179531820486 283.2106526064586
66.25 -122.4533317327457 275.6245147908568
66.25 -119.7398773959328 280.1346602997722
66.25 -72.45592542967685 339.499813906291
66.25 -69.97182294461986 343.5634058170565
66.25 -74.93809146427073 335.4156394887694
66.25 -27.656047471377 524.1788383743808
66.25 77.73712145613676 372.3929614768603
66.25 75.69975121878169 368.7137259962577
66.25 11.74600252710392 482.6969668078789
66.25 10.48127009664715 482.0247630205764
66.25 9.215884117652809 482.6694617684873
66.25 11.68959562779088 481.2772137369814
66.25 -57.19148929799133 459.2380551746199
66.25 -55.53204636379648 462.0165186518959
66.25 -86.16452219013998 415.5979910722714
66.25 -88.2024230751874 419.498091610426
66.25 -13.84419012167549 452.4196389998891
66.25 -11.26569004256579 452.3932450896119
66.25 -9.975399264943491 454.613533956753
66.25 -8.715258550739211 452.3961583318568
66.25 -9.987943759205661 450.1793135450255
66.25 -7.443235097611304 454.5858113292704
66.25 -7.421268181569896 450.1795364662643
66.25 -8.704411624649888 447.9417626483095
66.25 -6.111457693460713 447.9417235661236
66.25 -7.407968781960068 445.6778183747467
66.25 -11.30990080444717 447.9340825054317
66.25 -4.782923082674056 445.6776871864504
66.25 -6.095560493354409 443.3854144974633
66.25 -92.61117569825647 488.9728856721387
66.25 -77.8608310432914 323.1901330034028
66.25 -76.25021646894443 450.1713346320508
66.25 -77.86171229655463 535.4085497884917
66.25 44.60786429534677 285.4709650415213
66.25 39.56218448270951 285.5449806520715
66.25 -125.305127880814 573.4662954961067
66.25 -49.14263159324217 456.3310869026441
66.25 41.0367940994463 454.0552028471686
66.25 -82.80193361666124 323.2885642202514
66.25 22.4496099797828 347.1079260785255
66.25 -84.27929793119164 378.5929687154587
66.25 25.44187805554633 478.763851819501
66.25 -110.7637770775207 581.3806353271088
66.25 -38.6449517086832 550.4850512327384
66.25 -39.76001581942081 552.4855833046753
66.25 38.14077375279837 447.6388676257423
66.25 -75.81712732820543 345.824375683809
66.25 -80.57069423151115 345.9118453808471
66.25 -85.47284524216218 345.0534148923627
66.25 115.7116454064975 411.1366887003184
66.25 38.5796913107208 423.963419689581
66.25 38.89976565903552 428.7320151561545
66.25 24.82792324809969 460.2965254761402
66.25 57.70835381189429 461.6842983091078
66.25 57.84307301091063 460.0810275757054
66.25 122.5238282709577 375.4970306187596
66.25 126.2924974522144 372.6012894643513
66.25 110.1272767785608 423.9502798971479
66.25 51.26826045742028 463.9975841152402
66.25 -4.560747239620594 486.52212325403
66.25 -99.10454414560394 586.8733178361896
66.25 -98.95434018508604 585.3362958475357
66.25 -97.50345621799275 584.7214772046034
66.25 -98.77327246044045 583.7442412190273
66.25 7.376630392764759 401.7599504437382
66.25 -71.7274677466667 564.4517391798061
66.25 -37.03687832308171 326.3048935517123
66.25 -86.65202146045353 374.5534807867433
66.25 -84.5559721752583 370.4013565071165
66.25 -117.1470939358348 575.7038794615356
66.25 55.12846904962076 463.5550985822032
66.25 22.79376584017314 470.4169125616652
66.25 48.6491234536526 435.2914266983944
66.25 49.82581429557541 437.3773298051394
66.25 9.256705030452478 475.7513579092014
66.25 7.553624100844731 475.8600537743336
66.25 96.290743982355 434.6176697208008
66.25 95.18644929816952 436.1107932707726
66.25 93.36317395517023 435.9413133017785
66.25 -112.753966941452 585.2990007777855
66.25 -2.353548307489132 461.3585330198707
66.25 -45.75859824561513 444.9523075962984
66.25 -47.35210709473142 442.0894108493181
66.25 -44.07421320170178 442.1398392111469
66.25 -45.66941852795489 439.2713760186898
66.25 -42.38273302921167 439.3213827075542
66.25 -43.98268339794742 436.4444187267596
66.25 -47.30200597414593 436.38059161023
66.25 -45.5863245445558 433.4991835194446
66.25 -42.22101409441592 433.5760151990444
66.25 69.01602293428013 386.3152323200168
66.25 67.00186411632188 389.6756302003657
66.25 71.05641796545142 382.9406336785895
66.25 -3.49234452644265 447.9568072555895
66.25 -103.2219617500849 570.7890620361377
66.25 -53.91059744383054 416.4231884214286
66.25 1.897422165492892 487.5683952695687
66.25 0.5477636910460737 488.4486461835141
66.25 -48.17913463654768 398.9724138673476
66.25 -44.20397956637075 398.8635470075332
66.25 103.0706779499382 432.707154102681
66.25 -17.05412363200558 484.2646329734725
66.25 -14.79514934309644 484.197366194644
66.25 -92.95689703227256 551.2146926941285
66.25 102.1300339118704 428.8419355161903
66.25 103.1287219123264 430.5174170682851
66.25 92.24148929878199 425.0964534832549
66.25 90.96051380656613 427.1081420271627
66.25 88.63112025963746 427.1141534749681
66.25 -88.29579721580917 575.0798156418925
66.25 77.55639657638231 445.8789378347042
66.25 78.09795337012747 447.5531335983766
66.25 -67.34386112256877 545.2196803361776
66.25 -66.01987577992101 547.2361552232596
66.25 -81.93009437195795 407.064396851919
66.25 102.8145248206788 262.1394002566585
66.25 108.0746868058262 262.0855972369597
66.25 -59.84826852174903 564.7623619937867
66.25 -56.17828695978771 567.6051148762944
66.25 87.40444739716425 425.1320827203302
66.25 85.9907504882313 427.1802110498099
66.25 87.36106165212264 429.1507664084465
66.25 83.57862931981802 427.1692545036871
66.25 59.1220203641452 375.804899334245
66.25 57.10120933566406 379.2917151145489
66.25 -117.5752633114884 591.3442206415311
66.25 -115.6813034841792 591.6376408740005
66.25 -86.73970820364477 383.1711427842823
66.25 -16.23014702573077 465.532152914131
66.25 -101.6886966551599 586.1028316690463
66.25 -102.3356123662192 587.6798321885341
66.25 -50.78945435352468 556.0846974324938
66.25 -100.365835386087 582.8791572877984
66.25 36.90303134906548 319.585364679627
66.25 38.31807431190646 324.0861034025194
66.25 43.21392236350835 324.1249943048765
66.25 40.73432667562463 328.0925904419669
66.25 36.42648598128999 311.3860136383493
66.25 -55.50240138076589 510.5803900230077
66.25 10.83683419979075 472.6695312329521
66.25 85.26856888438017 413.4108409116803
66.25 84.04911483931942 416.0655622270243
66.25 82.40118220448198 413.701138964838
66.25 81.18263476196769 416.3069218895856
66.25 81.63072669462807 419.1541329781001
66.25 -108.7859200481474 577.3431368124474
66.25 -107.8106826144419 575.3231775904595
66.25 -51.9800200535403 554.3486138191835
66.25 114.1079786237433 408.2952122628037
66.25 -53.25441660013439 305.4300725636508
66.25 -40.74864640801105 539.7827170283892
66.25 -42.00917175273884 537.7171339323843
66.25 -43.16915280499121 539.8424245391208
66.25 -44.43423969267356 537.7727382065548
66.25 35.15130919480303 470.5954517222252
66.25 24.45081835572883 323.5795181225444
66.25 38.25707360595569 455.599543183944
66.25 95.05380062553785 420.9052080656286
66.25 40.48025343442991 416.4019018650864
66.25 -93.37493901504732 578.6652133503017
66.25 -21.3880656597833 492.5276775390752
66.25 -91.62361173737318 548.9213265803944
66.25 4.024776888334325 449.0479662745054
66.25 -13.80060112123114 465.476430575708
66.25 17.32086126489795 327.6522426419859
66.25 12.77961586597993 327.7563266881885
66.25 21.86257007979665 327.5476149877518
66.25 -94.54850257726999 485.793493796379
66.25 -90.83090763927915 485.7081590715756
66.25 -89.03398122137999 482.3302192798493
66.25 -90.78874908073756 479.0085189509147
66.25 -87.10832619114738 485.521505079532
66.25 -87.05335139131634 479.1595548062755
66.25 -56.97846280441286 569.0650347817974
66.25 -14.0627767194487 413.5436501815973
66.25 3.195251485357491 481.3746031634778
66.25 72.51005097536444 262.7802651475207
66.25 -77.15884729711397 576.7874311997961
66.25 -75.61898986036297 576.7116619699964
66.25 -74.89575525652889 575.3614369356633
66.25 -76.32483362247264 578.0519446266092
66.25 77.40598090719644 420.7710326945124
66.25 -43.32810894854637 391.3100483310114
66.25 -44.19717446842566 384.6895749063381
66.25 -71.40564289634511 572.3618982439565
66.25 -72.18822222788698 573.7919382226017
66.25 -73.79530777058406 573.8466393246886
66.25 -72.94524240697821 575.1860946066973
66.25 -71.38481780606752 575.1307902825401
66.25 -70.48438314920901 573.7169376962316
66.25 -68.88903028907183 573.6746931975892
66.25 6.602381175260063 347.3023736161921
66.25 -93.09034620233685 403.9175881915022
66.25 65.09145741903927 449.3330182259423
66.25 -84.94769039138747 571.7221587120645
66.25 -83.09440741550571 571.5990570723014
66.25 -82.20875384019395 570.0047531376388
66.25 -80.32203535307333 569.811904730688
66.25 -81.29005033438197 571.5582503325721
66.25 -82.15765550538475 573.1073890191786
66.25 40.99442026406911 439.349010613563
66.25 -23.1223201531785 512.1918328025566
66.25 -18.52264672091443 261.0308574914985
66.25 -14.32485154299171 264.3022386777746
66.25 80.834005381587 435.169370732561
66.25 81.7395370083408 437.0344107468318
66.25 78.69150528980538 435.0778192044918
66.25 0.9944640960038437 486.0520757110378
66.25 36.15738228042748 428.8895077169223
66.25 36.35273648412961 455.5603788641657
66.25 71.2761464331353 451.3303448268027
66.25 -81.62587760767548 579.6732703403065
66.25 38.27861231339364 412.9657175020812
66.25 5.291444478931701 446.8991506991673
66.25 70.58583465908332 404.8062836133687
66.25 -69.8152642814695 575.1367311676781
66.25 19.41252867076193 433.4210352540734
66.25 -89.13908887256765 387.1139750032735
66.25 -70.68330065311837 562.7206778237776
66.25 16.32252141243414 398.5073609202924
66.25 14.45562401595089 401.5892278916658
66.25 -130.0409827420432 588.85864212974
66.25 -127.7928851355602 590.3064242541396
66.25 -127.7145441968317 587.7154777452438
66.25 -125.5692091676544 589.0770026185929
66.25 -125.4853812466726 586.5739670691809
66.25 -127.5987618848534 585.1942491127298
66.25 112.1828709774255 424.1397417220209
66.25 -1.976924890835594 300.2836604822002
66.25 -57.16558564934031 369.64110753038
66.25 0.5184217788385974 479.9220799005046
66.25 29.07248632130097 395.3909798089629
66.25 60.1594534768549 453.5065916356735
66.25 -113.8704228490117 593.0324168683683
66.25 68.35010137324502 436.2951329746734
66.25 69.33868435116744 438.2579840495158
66.25 71.495275180297 438.3906646322915
66.25 66.08915921465891 436.2192334705138
66.25 72.70184815194746 436.6239128531954
66.25 -116.4038285344761 507.5849977341737
66.25 -27.91989868790562 350.2084434170479
66.25 -25.89521614132972 354.119822341958
66.25 -28.08111229338571 357.8604949273913
66.25 -21.51097611575953 354.0292638767561
66.25 -118.5795183483213 504.4100431304891
66.25 -122.4424684301569 504.6451103082532
66.25 -75.43177391906774 327.6039948586288
66.25 -8.504047422328432 471.6165974059696
66.25 -129.781571948304 570.7983557469394
66.25 -127.1477278759292 569.2589662454945
66.25 -127.1106735988861 566.2441488097056
66.25 -85.98015428002068 461.6083407733577
66.25 36.53068321468897 443.4890430495516
66.25 53.56176380701564 457.724554799671
66.25 -67.64978414032467 557.3555220694968
66.25 -68.64594802015381 559.1716830861982
66.25 -111.3052501808896 542.8995394109979
66.25 -108.3818460367862 513.6355577751326
66.25 109.7333688645975 393.7692518655501
66.25 116.3721880530341 390.5674247251662
66.25 5.673331624302612 476.1291143396825
66.25 6.599837076612351 477.5977924095215
66.25 1.67345861781599 453.3238863196395
66.25 4.07014348203443 453.2504169390294
66.25 2.934233616606141 455.3237985475042
66.25 48.1010634317611 414.1725175577828
66.25 -54.09185196220588 557.9171498369637
66.25 52.89172244246124 420.8900384608884
66.25 -97.58034629827371 572.1712139613292
66.25 -75.43311138480055 573.8139493906677
66.25 93.2464151049339 411.0472272174504
66.25 17.98765897763487 401.6224356569863
66.25 32.17918899208858 455.5368935887467
66.25 31.17943658086102 457.2734419015527
66.25 -67.1742037109822 564.8020516895022
66.25 -95.59887522931299 583.4584222894426
66.25 0.5937878621368948 455.4018890920346
66.25 -76.59112436456338 566.331025310231
66.25 -75.68961462213451 564.65572260521
66.25 14.40157246735612 469.3407567393098
66.25 15.25581614793797 467.7396334560891
66.25 17.11163560272467 467.6677698119346
66.25 18.02831252058248 466.084097580875
66.25 18.9265560651049 467.6611639892387
66.25 18.02472213760594 469.2102688655621
66.25 -31.36649483013001 263.9723906623947
66.25 1.603625179117233 398.6097967077601
66.25 3.422029563455353 401.663983217361
66.25 22.68040193517926 441.9556599392404
66.25 25.12569664319143 441.9125288587044
66.25 26.32721307365495 439.8006606451472
66.25 26.62673263985882 443.8934432599602
66.25 -108.0232736675038 580.6326009648112
66.25 -129.6086722806407 557.8544453760347
66.25 -23.51830486524886 516.2134433158262
66.25 -108.3420246509783 537.2630222878771
66.25 -2.14824464100729 431.7687360012225
66.25 -0.7340285520194421 434.3004568483579
66.25 -15.98250329985315 482.287697950576
66.25 -16.97636738791974 480.2195593590883
66.25 -10.92413187353539 493.2116866439553
66.25 -66.09574300931175 468.7463761481519
66.25 -62.70265839475937 468.6511708055281
66.25 -61.01989919646633 465.7736678537893
66.25 -59.41235266268894 468.6445474786957
66.25 -57.7688403819851 465.8387522653883
66.25 -61.05185472073635 471.4550414517794
66.25 -56.1990332053546 468.6425232012519
66.25 -59.33829857041701 463.0053730285634
66.25 63.11730769623491 389.6221341897101
66.25 20.73539290733879 467.5656548985215
66.25 -73.35809206507216 551.8519748040192
66.25 -63.35335358087521 557.2658430275188
66.25 -69.52809807158405 474.7811970811029
66.25 -67.83745536866886 477.7185505830422
66.25 -69.50014944558831 480.6328500706215
66.25 -66.17453894679205 480.598751423484
66.25 -67.80814633430326 483.463442052003
66.25 -71.10679334259908 483.5142293979671
66.25 -64.54800162107078 477.7394995727717
66.25 -69.41341889500843 486.3499522106011
66.25 -72.72210272593702 486.4022916737089
66.25 -71.02232457651253 489.2484122507269
66.25 -66.12054290469106 474.680845438606
66.25 -62.82238978095906 474.9187421153408
66.25 -64.43685944401295 471.7877194346678
66.25 -27.35372229440192 377.6509534154279
66.25 -29.32583759751196 374.1356090305046
66.25 -35.66475876172289 377.0404991214995
66.25 -39.77464983186859 377.611583810509
66.25 -38.21084431416977 373.7914834390744
66.25 -84.27243816211154 580.8392235782843
66.25 -87.11952894652876 508.5997639452719
66.25 -83.80763850402032 508.5427113142705
66.25 -83.20537916425658 504.8695177189316
66.25 -105.2133301502258 586.7112849974458
66.25 -105.8298080489692 588.3432211318043
66.25 -107.5159890065254 588.6469775209422
66.25 -108.1381594562609 590.2685651902433
66.25 -109.7771897153326 590.6391123554168
66.25 -129.517839935735 551.0839391101342
66.25 -126.6144970911454 549.3885952330764
66.25 -126.5807223456156 546.0561802374294
66.25 -123.7354803385641 547.7513960345167
66.25 -123.6996490258109 544.4559288116988
66.25 -123.7791530297715 551.0245743586854
66.25 -120.87911986189 546.1345245732151
66.25 -126.7072924130687 552.8705582299234
66.25 -59.08060631826096 492.1835455225004
66.25 4.465316092316444 468.1088685776883
66.25 48.99488634774036 444.9667562388345
66.25 46.85343117805614 444.988950814922
66.25 25.53277035294604 423.4225994022923
66.25 28.42957104217895 423.3887282161385
66.25 -41.49856801411327 381.3482873131074
66.25 -56.07207905816215 486.7117043739901
66.25 -129.7711680756531 564.5504394358275
66.25 -127.0174787645838 563.1613380427015
66.25 30.7559817986322 469.2600347720755
66.25 25.96382461142472 455.6288243468698
66.25 28.03155876009113 455.5931671320976
66.25 -129.9802350326946 580.1483940641009
66.25 -127.5231603620121 581.5741060568533
66.25 0.4808398784032359 365.4856295924664
66.25 -62.1448999094094 497.6950591000499
66.25 -59.04663676901831 497.5782624659888
66.25 -60.49674390953657 500.2634808359577
66.25 -8.574607017769564 358.8260022608656
66.25 -120.9281718170368 549.3793243653678
66.25 -31.96752233875701 504.0770284814951
66.25 -29.5195301956917 504.0986233235685
66.25 -28.38418307315802 501.9260565086728
66.25 -29.58756458638922 499.8224976456642
66.25 -27.17156497685074 499.8363666239388
66.25 -26.02949580519966 497.6171420368871
66.25 -24.75516290740672 499.676427169165
66.25 -27.15202144346573 495.4568267505392
66.25 -24.7372061991993 495.5738564039095
66.25 -23.75481894955211 493.2897419903492
66.25 -22.34387249559036 495.2499010178396
66.25 -89.33066654577968 475.4270091943155
66.25 -49.12024184318138 450.7018322054861
66.25 16.65987886708776 428.6190479101342
66.25 -53.86600143421064 441.6489729703492
66.25 29.19602472631912 457.295956390302
66.25 -121.260443419909 573.8185985782519
66.25 -76.5530048669407 464.9792251857814
66.25 -68.46787842398764 538.8847546988281
66.25 -67.12322822327529 536.5298542904179
66.25 -64.46004116604983 536.4610817129782
66.25 -62.99665492052178 538.6403047299713
66.25 59.92929833829483 404.6703235647652
66.25 -126.5372393256119 542.7408160417149
66.25 -123.616956855836 541.1142174902352
66.25 12.31414578737296 479.5341275736102
66.25 -42.22956548587644 395.1851330953239
66.25 34.9835556770223 467.7693002606359
66.25 -46.57812032039127 556.0427576716677
66.25 -47.6354863528932 557.8189939035592
66.25 -45.53969976527871 557.85066332081
66.25 -46.6136519181147 559.5593253658835
66.25 31.83751395671753 412.9172058320514
66.25 -30.08692939101198 519.9499381876713
66.25 -57.53859705200809 494.9282647034269
66.25 -78.14860592252056 489.8845474841575
66.25 -76.47062641356747 492.9050871030179
66.25 -78.1344257406078 495.8759777589042
66.25 -74.76511947514 495.8115660150783
66.25 -73.1303916087008 492.898685252328
66.25 -76.39465916926989 498.7266942077713
66.25 -79.72634590762684 498.803752456184
66.25 -77.99384677018568 501.6471489367559
66.25 -53.12785822268943 481.3147568693799
66.25 -51.60808078011045 483.8789977866467
66.25 -27.75360789985695 397.8724011580591
66.25 -83.90920710641898 573.1501412837031
66.25 -65.18850219682322 503.1272175235775
66.25 5.106200080167938 459.0772264437499
66.25 4.891548315253141 456.8751640789436
66.25 39.07196269303579 471.9262323005846
66.25 74.19858958459572 410.5468957823686
66.25 -37.43289320366184 487.1220778411328
66.25 -34.76801902384778 487.1455431971558
66.25 -65.94372282678772 301.6723908992358
66.25 127.1785822981358 356.4732644302093
66.25 122.7760871980228 353.8216356964674
66.25 36.57403770684959 475.2617187032115
66.25 37.87605550809774 474.4419236949407
66.25 -44.43862522725 509.2471585380397
66.25 -105.2620449414272 444.738605153032
66.25 -58.27938444118534 305.634653449051
66.25 38.50016698954047 398.4111894678362
66.25 40.27464466105807 401.5009931508875
66.25 -99.94251823200396 408.023619565053
66.25 63.15383335123368 315.140500135966
66.25 -58.79325434888785 550.7900692511261
66.25 -52.19637194256689 399.4262938100105
66.25 -56.3111408763883 399.3163695035968
66.25 -92.02216638553715 511.5592302606589
66.25 -76.0749492635762 547.8702125972674
66.25 -77.04463733414367 550.0603557744997
66.25 -102.271123265622 568.7751617447529
66.25 92.38745155551513 434.2330552755162
66.25 29.83840641365433 476.1157884167056
66.25 20.35497172457656 450.1650289870332
66.25 18.08872924620202 450.256469329926
66.25 16.84545500823295 448.3583892257803
66.25 15.81491421766131 450.389633462494
66.25 17.06626049889224 452.2771255387145
66.25 14.5602071159072 448.4760228225538
66.25 13.51947228016307 450.526552383686
66.25 12.73410598300911 379.1211801472157
66.25 21.93121444226227 407.4170880151287
66.25 -74.55410155436563 566.1763662804112
66.25 72.69989118605301 446.9352147638385
66.25 21.92939247215154 319.6662412459545
66.25 -114.7360659388693 401.2099503371304
66.25 -117.0333588061179 405.6192579871944
66.25 -122.0012908653275 405.8653549404461
66.25 -119.3035680056891 410.0573920216378
66.25 -124.2948264936914 410.3053837122074
66.25 -121.583235647939 414.5279858329825
66.25 -126.6110468838323 414.7747105063107
66.25 -114.3483160051301 409.7924196094118
66.25 103.2089576581522 315.5795779436551
66.25 -97.69527180109597 580.8344691860688
66.25 -79.04060433426272 447.3865238326906
66.25 20.42401733025502 475.3328035205126
66.25 88.3293028595803 442.9645150877693
66.25 58.71419172649936 420.9190910518578
66.25 -45.87332113192432 507.0484663138078
66.25 31.58019466200129 447.6516103403267
66.25 29.3552166608437 447.7132228412609
66.25 28.15991879520373 445.8349761755443
66.25 27.12365809649715 447.8139036677043
66.25 28.32594896311292 449.6810650668498
66.25 -68.28804407039279 508.6358554224577
66.25 -66.76533421518495 511.3279270516063
66.25 -68.24628953720713 513.9924097612919
66.25 -71.27859076426067 514.084612250852
66.25 -69.68287046443943 516.6553520319167
66.25 -44.80286108926206 426.3104647594553
66.25 -41.28164902438132 426.3256450548209
66.25 -39.50400428948861 423.3224732006094
66.25 -37.82117893536202 426.3462750561317
66.25 -36.07240411562739 423.3928665826322
66.25 -39.56903862005947 429.2923117919975
66.25 -36.17925506039243 429.3119290153218
66.25 -37.72724947144964 420.3861935985681
66.25 -34.2895337921054 420.4528486577834
66.25 -43.1282910994703 429.4159666144062
66.25 -34.41691720194698 426.3675622261956
66.25 11.75866082242737 474.1215278703109
66.25 -65.77012218882743 569.5296621240569
66.25 -36.82854289841949 452.2709703094689
66.25 -33.83243037257583 452.2291319965587
66.25 26.44831529459922 327.710573764535
66.25 -48.33148876370404 384.7499112105529
66.25 3.614325301418708 426.4693390117511
66.25 5.091877064229172 429.0182191933877
66.25 -33.79673521528596 446.9305299790786
66.25 31.17818818320016 477.542064541056
66.25 -95.40494897479986 555.7553834483406
66.25 -39.83674021334669 457.5755472667325
66.25 -83.62859309354975 525.2013219998436
66.25 -82.14826236017882 522.4950669974382
66.25 -80.56273262043608 525.1203576685756
66.25 -48.19727781005743 492.559135910446
66.25 -45.56695732599083 493.6187983540677
66.25 -105.769120864986 493.2064427768262
66.25 67.95095637629257 447.9709903123297
66.25 81.47555758032053 443.3442441816066
66.25 83.18031730519508 443.6897462521967
66.25 84.41967275134211 442.4262945030309
66.25 84.87283910994451 444.110403388184
66.25 -42.8226378198617 462.8503853918333
66.25 -41.35520711365369 465.4339546717616
66.25 -42.77645760233775 467.9943030152131
66.25 -39.87890913899101 467.9280908817688
66.25 -41.27107165267663 470.438615934003
66.25 -44.13475065996858 470.5165584467016
66.25 -42.63550207095383 472.9542584700833
66.25 -45.4961804332032 473.0337613328381
66.25 -43.99700188866916 475.4709933780037
66.25 -41.1527679443504 475.3830245666046
66.25 -38.48433013179623 465.4186450420631
66.25 -17.96958719300654 490.269760360425
66.25 -15.69022473310454 490.1572241127237
66.25 16.19935059013569 469.2714782411222
66.25 -34.93741991445534 515.9297451364685
66.25 -33.67465650272585 513.8900340463829
66.25 41.0103348223809 466.253799250838
66.25 26.72086628832757 473.5437192511819
66.25 -11.24262214438022 456.8165242907481
66.25 -10.03862292077248 459.0103378995331
66.25 -11.26816040157678 461.1421592831862
66.25 -13.70913389522374 461.1795243376176
66.25 -61.79248287771794 361.9792001837216
66.25 -30.72812872127414 441.5563961119176
66.25 -29.23489366766039 444.2172646927583
66.25 -27.71372153167733 441.6141846794025
66.25 -50.22991390948376 476.011359789051
66.25 -47.27256849829507 475.9190456111278
66.25 -45.30483718171021 478.1071639062486
66.25 56.12754898762416 410.288634476805
66.25 -68.30484479487798 373.8451080302784
66.25 -111.2538086646995 548.3753094127782
66.25 35.25238747691394 457.1825531041259
66.25 -87.84483459481001 323.7714163968189
66.25 19.91096572221148 469.1283552321059
66.25 15.33741668252193 435.7987733526163
66.25 14.03907315718731 438.1259997230672
66.25 -83.69759098752192 578.9820910361155
66.25 -37.39333492981525 413.8517587611414
66.25 -33.79236222852585 413.8724253101474
66.25 -31.96672170473462 410.8019167568517
66.25 -30.24575047554036 413.9031515197563
66.25 -28.4455934844884 410.8760611443015
66.25 -30.14184574319109 407.7848093596353
66.25 -26.74822551247807 413.9342617064876
66.25 -26.60471313778442 407.8549057168812
66.25 -32.0453175822384 416.9190242519163
66.25 -28.31223670564938 404.7395798148238
66.25 -35.6920777435114 417.0210969990484
66.25 -80.66162324834106 436.6090930181094
66.25 47.44122656696459 433.1891339759251
66.25 33.65317623283807 474.7785030037046
66.25 47.17606562128221 461.9842638124072
66.25 -86.22872150608329 548.4077703212902
66.25 16.14367862327966 475.2508752102647
66.25 -15.13221514786387 498.3078391751097
66.25 39.16197852922752 466.3377372964782
66.25 -31.09426457437053 536.4061000101051
66.25 -32.91994026594791 532.7353252630685
66.25 -81.07358357121403 548.1138500347217
66.25 -82.23213952825128 550.3283850967417
66.25 -92.66173296179117 577.0979203405134
66.25 -129.2768220796729 533.2379909913475
66.25 -126.1164716513867 531.3976311288154
66.25 -126.1272937948206 535.0127761862656
66.25 -129.2202550681413 536.8195714935829
66.25 -126.1284528865088 538.5615314374735
66.25 -123.1026071205539 536.7881419219764
66.25 -13.95194949151314 492.4248994987395
66.25 -4.482999407367942 351.4245391203897
66.25 25.42531396557766 465.8401999700318
66.25 10.39690083269842 446.5396772881526
66.25 127.0454253340686 392.6302196622557
66.25 6.582510716766429 474.4491336091219
66.25 -74.72337442008963 489.8582961952574
66.25 69.55463925653807 413.5962028646911
66.25 67.92578885590979 416.1740058899846
66.25 64.92953877776928 416.0671070109543
66.25 66.0941256310682 418.764390081587
66.25 -58.32516739285335 520.540587515969
66.25 -1.567249737970223 369.0476090543395
66.25 -3.547448348395795 372.5663065614456
66.25 -7.560077086715014 372.6235705552699
66.25 -5.504578357411861 376.0414075139989
66.25 -1.542796808313339 375.9839643792124
66.25 -3.474348800929088 379.4155203608583
66.25 -1.067897768924674 382.6639415362915
66.25 2.841052008076749 382.6431647856327
66.25 -130.3807483386991 599.5739068420841
66.25 -128.3274935051678 598.6209619187373
66.25 -128.106253178304 596.4262413263166
66.25 -41.79559279323466 548.3354409219248
66.25 -20.93762210381963 508.1476659039615
66.25 -90.95040199464785 568.9224803772644
66.25 -59.58143177062679 426.5621797602006
66.25 118.515113371872 261.983254428728
66.25 -128.6900747950874 488.8734123713967
66.25 -124.9454913726143 486.6932432719168
66.25 -124.9567727102785 490.9797351992274
66.25 -128.6281036777031 493.1252360404341
66.25 -125.1087424934725 495.5104671215944
66.25 -125.2708604227858 499.6830656716357
66.25 -121.6385445914822 497.7347433437808
66.25 0.9042652949702654 385.9814166176813
66.25 -39.86681975094281 462.8056809402251
66.25 -128.5734691068017 479.983337667168
66.25 -81.88561882076741 561.5196936467387
66.25 -60.59826196437167 572.0509933455878
66.25 85.17008590461398 435.4538026246827
66.25 -118.4582634779035 596.5362133722732
66.25 -61.01611782392545 525.4306480069303
66.25 -58.24943337233435 525.3615337634104
66.25 -81.31975036843762 501.7241331748634
66.25 -79.59022402177942 504.5618210717428
66.25 -23.0211730169667 407.2648428640703
66.25 -44.26850374975773 377.2425723191239
66.25 19.50441242305719 315.7012192973575
66.25 -127.9683286229003 425.9839353109687
66.25 -123.5435803603806 423.4125794005102
66.25 -123.5641708701228 428.4698436739493
66.25 -119.2360586022663 425.9587914081774
66.25 -119.2546588608678 430.9122787586444
66.25 -119.2096916710297 420.997481927954
66.25 -123.5105060330053 433.3982949010971
66.25 -119.238318966096 435.8260826527204
66.25 -53.69772269670096 339.1219457362454
66.25 23.6269017403223 410.2209049701531
66.25 -79.80881711887783 395.0836789038688
66.25 -75.34034566650604 394.8952732998498
66.25 -29.9807129665872 472.8263647735312
66.25 -28.59510978917932 475.0607742262106
66.25 -27.3825558032432 472.7620193882069
66.25 -26.02425944232645 474.9476757576801
66.25 -24.83524807520407 472.6938625477872
66.25 -23.50584117621672 474.8357396569239
66.25 -95.63365358411603 399.7590352537326
66.25 13.14176578003591 273.501083249487
66.25 -115.0027809195288 566.2738120124532
66.25 -18.60128179643588 504.2135199999281
66.25 -17.44375982323152 502.2583823117311
66.25 -32.45146900571472 477.5439836517206
66.25 -37.29820442157384 524.5633759481225
66.25 25.64377128626051 259.8500478095478
66.25 -92.87781705900667 323.9131554164221
66.25 29.18829391622149 443.8354046298125
66.25 -22.86857562988303 427.8585621601147
66.25 -21.32781170673949 430.6105964235707
66.25 -19.68783740830084 427.8261181143761
66.25 -92.69352994564582 419.8276519997701
66.25 -50.06126325357901 409.5791960967823
66.25 -85.15246920251175 502.0270910431386
66.25 91.14009973845639 347.5949741870201
66.25 88.65892953158966 351.6048629249289
66.25 93.34588653932589 351.7324054775942
66.25 -34.94735098942706 482.3540279254356
66.25 -104.5737886998869 589.9409025326942
66.25 58.23702386196369 453.4439238896266
66.25 -85.37232462004434 319.0511106659085
66.25 29.89816038731541 470.6741391399606
66.25 -97.21328236251118 517.0675912280624
66.25 -98.88742800037626 520.0188996809761
66.25 -97.29262105915589 522.9506519487279
66.25 -95.53205572976299 519.9717644009913
66.25 -95.57988413258387 495.7945366941095
66.25 28.97636509499166 307.260993341938
66.25 -19.39677273536225 484.1648778971418
66.25 -25.1033040770429 490.8514937120395
66.25 -66.04338121114172 566.5460004906034
66.25 -2.540707953750087 324.6187117334922
66.25 2.045825681571305 324.5811818825953
66.25 -70.44958220194277 377.8205990187877
66.25 17.86702347775544 446.305580334726
66.25 48.3037751379189 306.9357935626908
66.25 105.8171901351368 417.2062735681687
66.25 -103.5751098072371 432.6631994265909
66.25 -68.08958256796487 569.3664855147413
66.25 44.48201305443597 448.5271310280727
66.25 45.40513393470155 450.3386690676201
66.25 51.68487149653456 457.6950681947055
66.25 -101.719189983637 420.2721036176923
66.25 104.0590465089646 419.3043482406885
66.25 -5.736438877960387 398.6677987964283
66.25 8.966462681240682 398.550081549897
66.25 -55.82394446401881 419.8038512722741
66.25 -32.45369289810358 357.9545783750024
66.25 -129.0718166643639 514.0172205747693
66.25 -19.17778425387278 342.4748064233185
66.25 -17.00029510153218 338.6169111632118
66.25 -70.81395419527051 361.9528787199524
66.25 59.19535511175672 382.8027138064563
66.25 -104.7239087116078 354.7135005751512
66.25 -102.1009842412233 358.9646443812125
66.25 56.14355391180193 435.2716754787357
66.25 38.93361192500443 343.4752126612221
66.25 41.14691448724696 347.2506020903746
66.25 36.79560280347889 347.2650727861608
66.25 38.98369764797597 350.998222711036
66.25 45.50298652600262 347.242084609181
66.25 28.60763308600213 463.4623076243611
66.25 10.2967351913997 323.8646034847048
66.25 8.227766577861061 327.9224730528953
66.25 -0.3143166176360449 481.5124053043556
66.25 28.86499110613325 479.1270433463568
66.25 -48.83218753797448 527.067009517492
66.25 -47.52494176467932 529.2967096072952
66.25 -48.7893546058709 531.5351655446747
66.25 -46.23351053982215 531.5025223508278
66.25 -47.48336882453089 533.716133984527
66.25 -44.95571362102297 533.6836529927033
66.25 -44.97833009246494 529.2867035008768
66.25 -46.19162118942558 535.8726170917209
66.25 -31.1432878477412 283.3635837336324
66.25 -28.56443779177695 287.6928859443117
66.25 -31.07327761739429 308.9153762507979
66.25 -30.36728551810521 346.5119182044427
66.25 -89.68029709351664 530.6906426233888
66.25 -92.72266873217718 530.800215471735
66.25 -94.35479707699018 528.2104724516753
66.25 -95.80063471338738 530.9308576233793
66.25 -94.14879091015102 533.5245691608574
66.25 -97.2081321521202 533.650099746221
66.25 -92.81403412456272 536.3813682208363
66.25 -91.14439781656807 533.8610661228289
66.25 -89.84805557954671 536.5330569547707
66.25 -94.21485970926069 539.0470405172867
66.25 -86.92894387416014 535.9840274716468
66.25 -87.92867996065976 538.7033385367433
66.25 38.89198259356551 382.2869907321321
66.25 36.92947809715406 385.6568071409725
66.25 -40.83816347719424 442.1651412968213
66.25 -51.35198974361823 531.5705554683079
66.25 38.56627683678365 307.0797020195044
66.25 23.59545542403944 462.7070129894145
66.25 -128.9129150790395 501.7464491289448
66.25 45.33277743811328 461.999604166844
66.25 32.96183615800613 433.1727813610283
66.25 -127.9286471853956 399.6599477961082
66.25 -127.9517322494566 394.4213887438113
66.25 47.75152729922536 343.433852919485
66.25 -104.1909740214147 588.0298967898384
66.25 -99.75643627033544 354.5833410630667
66.25 -82.02724819177931 527.7514845610912
66.25 -79.07767216053504 527.978949924151
66.25 -77.77009403412752 530.6035314327314
66.25 -127.9286471853903 383.8243171276602
66.25 -123.4493516382301 386.4635889057393
66.25 52.39795428476796 459.3008311304931
66.25 -66.16211573203068 486.3629560910046
66.25 -47.01209225741508 470.5871138163805
66.25 -103.5549676370363 306.7485683990791
66.25 86.27854706747084 322.3121455804192
66.25 83.83208895415585 326.5591625066045
66.25 -62.69641596641905 462.7519225391191
66.25 -85.05550603068316 353.9896143503345
66.25 -42.43316093222659 520.2014849493524
66.25 -81.65122311538612 495.9540966454612
66.25 -60.78981501533313 318.6312929603678
66.25 -83.23313173773742 288.5210552755298
66.25 14.42425285514931 455.6059552841094
66.25 15.50478872898755 457.4577137531658
66.25 16.54914163070377 455.6071784734818
66.25 14.47861806794674 459.3024933487011
66.25 16.55792033405509 459.251321918709
66.25 -104.5712220287623 558.5791255739647
66.25 -26.24228766625674 308.8245387993646
66.25 3.066343825733339 291.8426993817574
66.25 5.35358949975996 296.1871202683879
66.25 -3.43772042209311 443.385408048472
66.25 42.8051397681737 382.2667649878432
66.25 100.6583169307183 311.2066005137311
66.25 86.15474289415474 442.5201673306566
66.25 25.15587585265447 437.5690917099319
66.25 -90.139916494278 336.8938406695031
66.25 -77.6784903800885 557.6374994414251
66.25 -75.50423457889627 557.6182258466332
66.25 -28.77435466185556 470.4952776861252
66.25 -111.1851596520013 553.6230783307745
66.25 87.87667451621429 298.0884644686811
66.25 85.30747129342866 302.4303002250805
66.25 33.92378695148794 439.620940379091
66.25 -57.67270701121603 423.1119890207648
66.25 -89.21150474646443 370.6562991654658
66.25 56.81030683137757 343.5115014574148
66.25 86.23302311234562 330.7834917667104
66.25 81.3924177614545 330.7402312819448
66.25 88.91822555646982 334.7771225515955
66.25 95.60906198237474 311.1965193267513
66.25 80.28749196390362 302.4085108250244
66.25 -61.66377310489288 567.8272296823463
66.25 -59.19114184129513 569.3448813541901
66.25 13.28209787325111 259.0714029244882
66.25 15.90012297986586 263.6078471834018
66.25 10.68213103635684 263.5955342199577
66.25 7.919143436946484 259.0721195948562
66.25 5.2998881445769 263.6111556792399
66.25 -43.59869593527581 526.8989116328213
66.25 15.67653363240127 415.7683737154906
66.25 17.15900967228981 418.4821536979916
66.25 50.74086417878959 395.3743620767398
66.25 48.57954760015443 468.2839336521378
66.25 23.94520329674736 425.9270937833635
66.25 -29.00955631658433 521.9398801855455
66.25 60.62417530140287 310.9747028876124
66.25 60.67585584904108 319.3098070954756
66.25 -51.02896727516391 300.9959006777632
66.25 15.80215324444082 277.8390231917815
66.25 -48.61260123568527 296.6315563190324
66.25 -58.45285448866094 395.8388234391516
66.25 61.094114477933 372.159324035432
66.25 6.696940500513429 426.3062974449095
66.25 -38.44971772920785 470.3618817540587
66.25 -27.88310342153897 328.9208837339303
66.25 19.2996212735133 452.1382076307962
66.25 18.301032895407 454.1062127485445
66.25 -83.4932976088195 411.1559695586894
66.25 -27.68581630301385 362.0750224557016
66.25 -71.13302147367632 543.4188017514163
66.25 -20.02067747981485 521.5727602497245
66.25 -22.01132620150905 521.5372770296315
66.25 -35.36560665639316 510.7076123349505
66.25 42.32603059484043 452.0025985814503
66.25 -97.51108849484494 468.9064336575636
66.25 -72.58096390935079 381.7624191134515
66.25 -107.2033917858143 591.5517172078816
66.25 55.91362661930996 319.3757415074185
66.25 58.10572106445451 323.5556393527641
66.25 60.85191971016842 327.55275981788
66.25 -46.57125356672317 334.9394963251083
66.25 -48.83731136775757 339.0040304124225
66.25 66.9927920605836 404.6512720213683
66.25 54.51759116245015 456.2997834553846
66.25 -90.8716540130573 440.5744051153497
66.25 79.3569326040957 335.0489977530141
66.25 -32.7236864734035 320.9821615632702
66.25 -48.87597300542836 517.9162795051044
66.25 -11.86768637179972 444.5311484218585
66.25 -0.5971906993793543 343.7157797883623
66.25 1.485581704660216 347.5043293765639
66.25 97.11983551485079 405.6128281693597
66.25 98.48278464287685 408.7011597619583
66.25 23.93893549104457 443.9686443894921
66.25 -123.07088418704 598.7534211889127
66.25 -94.29467039643183 454.8756551623653
66.25 -127.9286471853209 352.1530557903091
66.25 -123.4024645338077 354.7923275684242
66.25 -123.3938015364541 349.5767780068828
66.25 -127.8916764261342 346.9388046182505
66.25 -123.353886886417 344.3551854682081
66.25 26.91436538583826 375.5524232012577
66.25 53.70337797506611 431.0629665062
66.25 -105.8123060612326 469.5817236213917
66.25 -107.6530240254082 473.34253689346
66.25 -85.78477468126135 292.9900314177687
66.25 -9.511703837220718 320.6771523278597
66.25 -9.349993847821448 296.098477430055
66.25 46.60787466236833 368.4727305452797
66.25 59.90742079308551 441.5099597713845
66.25 57.72911005071657 441.8515442215764
66.25 46.81899218588624 388.8884978460464
66.25 -87.39767394872543 559.9630392027004
66.25 41.42989879365575 311.3659482015651
66.25 -40.70812780409774 436.5067257406727
66.25 -38.91617921174875 433.725844126582
66.25 31.58143499587417 435.3164448732224
66.25 -68.70781810984931 349.7935268528591
66.25 -72.81887017918292 516.7180416782321
66.25 82.27944590295139 429.1216637308121
66.25 -114.2904266404455 523.4440463156227
66.25 9.929198675370225 435.9373096696629
66.25 -18.43677888661099 394.7385403016191
66.25 -20.20955611712582 391.4229329414489
66.25 -118.4491161272319 579.8350837177799
66.25 0.5640468122279136 287.5847272358312
66.25 77.87349931965772 398.8650806557953
66.25 81.4309034314379 399.0075630724475
66.25 2.81253933585986 368.8811710867278
66.25 -76.19116440936872 527.4360974138395
66.25 -75.33602460932066 532.5035502766416
66.25 -114.7106655287015 503.7974529990555
66.25 -18.74279437162508 465.588984594348
66.25 -58.87954745431664 456.4442815570506
66.25 -53.86029991491929 561.0419580978687
66.25 -46.63853342173611 350.7746163058284
66.25 65.94850825803674 343.520143386898
66.25 -47.59755395465348 520.2315731757192
66.25 13.88690979825066 428.7212107523715
66.25 -101.2485342204567 375.3427442611806
66.25 53.1286304027532 379.1215688692555
66.25 55.64493798982868 259.0870120869811
66.25 58.29494559255039 263.6689912447059
66.25 53.02003216817381 263.6624491001821
66.25 -14.66781564424394 488.1029989724595
66.25 10.49726744857798 278.8481814032723
66.25 -55.58566740137758 520.3984567978499
66.25 -56.1899108033732 561.3645197189076
66.25 -14.21894001408783 432.4091106222269
66.25 0.5089677970042221 415.9470768122792
66.25 -46.29199833493332 402.3813417628415
66.25 45.05506201064515 259.0870120869811
66.25 127.3509086166249 330.2584966698138
66.25 122.808886887436 332.8350432715451
66.25 -63.01126986991206 481.0005397105373
66.25 -9.429791027846097 404.7528966951746
66.25 -50.35169394116239 259.0889566425246
66.25 -53.00000053159274 263.6750319400799
66.25 92.75212743563439 259.0887063645654
66.25 95.40000068888224 263.6744417955268
66.25 -70.40558618515126 283.8814222798164
66.25 61.16822008284834 452.0982300377489
66.25 -47.46018688088872 537.9962724804192
66.25 82.14821646008885 259.0889049127187
66.25 79.49999948059927 263.6751366530113
66.25 -87.88969590811146 464.956808488125
66.25 127.2641642543799 340.7146828123247
66.25 -36.11184510839665 522.3152656212226
66.25 -9.697639758565334 429.5356020205388
66.25 -127.929224023187 336.3164260091157
66.25 2.519542433964088 361.8651829424808
66.25 103.1202293082637 289.1537483599664
66.25 -113.9491335390694 259.0894343886952
66.25 -124.5485047421458 259.0890713526094
66.25 -121.8999995813034 263.6755736629456
66.25 -79.27597996989812 533.0190811846949
66.25 -87.44943175094278 259.0896065614324
66.25 -76.85056824864833 259.0896065614323
66.25 -71.15257732104273 453.4263805245703
66.25 -127.9286471853207 325.7603380091446
66.25 -127.9329283148803 320.4892095868276
66.25 -123.3630167431721 317.8499297068126
66.25 -123.3708869557707 323.1123419877849
66.25 -103.3499999998396 259.0899346400669
66.25 -105.9999999998449 263.6742600291507
66.25 -100.7131795407234 263.6722541898979
66.25 -98.06725585082857 259.0998836281941
66.25 -95.42975988291255 263.6778930314496
66.25 -63.68012626300762 547.0809930880987
66.25 -64.71562658481746 549.1848579709953
66.25 -28.69479582355201 313.0406691247924
66.25 -40.8887630208206 550.5454125772185
66.25 -40.87707963205427 535.5332244066807
66.25 -14.25726331981475 304.4623993206138
66.25 -127.92864718532 309.924707340445
66.25 -127.9286471853216 299.3676202279805
66.25 -123.3555098476786 296.7283484498645
66.25 -123.3607403386394 291.4557764185501
66.25 -118.8015998734143 294.0875422751968
66.25 -118.8071388848347 288.8322405974659
66.25 -114.2617062387638 291.4551035355491
66.25 -123.3565249964825 286.1995424066861
66.25 -123.3608010003545 302.000815370994
66.25 -84.43449706173855 451.0042034464747
66.25 -60.98387438251522 301.4722140793276
66.25 -127.9286471853177 283.5319895592818
66.25 -127.9286471853197 272.9749024468155
66.25 109.4454967631459 412.6981707580469
66.25 110.3571240808098 415.4573961901309
66.25 112.2235603535123 413.3105295732594
66.25 31.16794237610493 286.1750032155369
66.25 127.5648612878988 304.1229742695782
66.25 -31.33324402470891 513.9810288878971
66.25 -57.52228591831697 500.135624778405
66.25 -127.9363821156259 288.8105331155137
66.25 127.6507747260553 293.6682004001902
66.25 -62.7207392806308 403.3567726987216
66.25 -108.0021940242193 333.0569362342086
66.25 -85.61394878539132 310.5352946411037
66.25 -127.8357841713161 430.9808741312298
66.25 10.48145517945695 269.1397640058276
66.25 -90.97993358732495 399.3874016962466
66.25 -68.82258660266275 547.7339942927614
66.25 10.54021041714548 466.2869347979935
66.25 -69.15336187986172 491.9011059002161
66.25 -98.58018440939962 297.6559349830637
66.25 -24.00657912797848 452.0236923235344
66.25 -98.97809519549095 525.7388195823769
66.25 127.8655583214436 267.5312657267348
66.25 72.70785282529361 280.7113849534899
66.25 -114.6710055973606 590.0954828425668
66.25 26.73797405563053 361.5728414119801
66.25 10.82179117503689 375.677645314503
66.25 -39.28192962500249 508.9436790286659
66.25 5.169245256286367 462.7847100604614
66.25 7.65191497702423 311.8847779280146
66.25 -102.8589478801865 332.8919655500305
66.25 25.31434423019769 395.3550451223347
66.25 100.5476529963771 293.5620914998501
66.25 115.8257249088011 422.5342822918007
66.25 2.960666216231377 312.009705676228
66.25 -110.2148251346739 392.2943521652197
66.25 77.7219738651461 298.0377695188606
66.25 77.7364731267369 306.6899297708104
66.25 86.76117354002683 363.6607897981297
66.25 84.48105017350039 359.7767255495001
66.25 82.27261359540083 363.6844793096507
66.25 86.7199957349264 355.8507719437951
66.25 67.79274397908375 423.1186281307439
66.25 -18.99751223744259 442.4607714523535
66.25 -117.3478913112459 266.4294274922983
66.25 16.12305262351458 480.5839590284723
66.25 86.39475094071938 385.7365531337498
66.25 -73.13452930545652 270.4641371803225
66.25 39.3866750427613 276.7638310762555
66.25 -52.097724021741 413.0939078042805
66.25 -15.13642267570225 475.8688461561486
66.25 113.417668398531 280.1237962520561
66.25 -95.38573013396152 408.1838797035133
66.25 -21.08909172755313 274.4465300815488
66.25 -25.45635809380101 381.1214921977787
66.25 -21.72541682221294 379.8153063093414
66.25 -12.94060559505647 498.242767746987
66.25 -101.5106551643723 275.2855859055318
66.25 -114.4867800960604 280.0020594793509
66.25 -54.55571067826717 567.666216734703
66.25 1.806195262312005 473.2510453241345
66.25 113.3616608052915 306.707344280252
66.25 -121.610897055496 493.3598771865076
66.25 -39.64163641854738 499.9700781499013
66.25 -38.36504700719916 497.6716139878584
66.25 -109.0675146928465 288.9065812527061
66.25 65.23521692686752 357.4850280050091
66.25 28.71596474281028 290.4604749369055
66.25 33.67410424021969 290.4531282674936
66.25 -41.23875844282284 420.2007349004365
66.25 39.04979368501875 460.4326761626133
66.25 -43.06017050896736 313.3045195797537
66.25 60.56433146129645 460.0929812462094
66.25 -51.17334778079704 342.9445980438078
66.25 61.89598975276093 459.2939862713489
66.25 31.18892326893597 311.3847568281406
66.25 68.55428121003958 455.2990113969635
66.25 -80.84672921953442 275.055727212301
66.25 110.7002196013192 266.6188081626529
66.25 -66.29908537132904 362.0491532801716
66.25 75.11614230655948 267.2797971859056
66.25 -18.73690838911863 328.7006490128286
66.25 -20.89219812310425 332.7174987992266
66.25 -11.96256361645659 283.3049508429018
66.25 -55.97858522310417 335.0403030976515
66.25 -51.1600609346085 544.5207154773892
66.25 -53.50273539850726 544.5876866472745
66.25 -54.14896584122851 507.8258434506242
66.25 72.99664540456058 451.429256840102
66.25 -105.3574150230155 391.972953209664
66.25 -72.92914759642623 480.6715937221605
66.25 -38.91285176204045 361.7818854832723
66.25 -91.468942368257 383.1054172488007
66.25 93.07049777963364 306.7911629876656
66.25 -112.5611712043359 475.8544939375267
66.25 105.7664925235811 393.4648119969486
66.25 72.83496750684334 306.6203578082552
66.25 -82.34156030693472 366.3227349457125
66.25 -91.81633866195733 570.6907074409751
66.25 65.6337910952527 319.2141562018143
66.25 -116.5943001757594 302.5104975710967
66.25 -96.22226256792423 284.2439764055745
66.25 -55.74554816602382 444.8249066237915
66.25 34.99564007710203 368.5802017180236
66.25 15.74924951557497 481.9007701909403
66.25 -127.9855519772784 368.0872484498706
66.25 -93.7668046091628 387.4790680575446
66.25 15.48776247408153 453.7560784926569
66.25 57.01587568946923 372.0989510762157
66.25 -38.10276652704493 506.5598666639921
66.25 101.1090344166611 399.6671019068134
66.25 102.7413879328338 402.9243678114838
66.25 87.60322132140922 280.367937080674
66.25 103.0963678156573 297.9598357058222
66.25 14.4175912241131 482.167101849247
66.25 100.4127167441338 275.7796978763472
66.25 -58.81322227169582 288.1526300163
66.25 -43.3301169609891 535.5816985284515
66.25 -50.04057871369491 533.7319711902835
66.25 -95.88190579401046 301.9714737822156
66.25 -33.73801617204945 407.6044047507403
66.25 -76.36853054385929 539.0966507710345
66.25 -46.33001196974839 283.5726205394395
66.25 66.54009433143008 425.3799643545224
66.25 4.200942837883028 407.6787305689585
66.25 70.61196303627479 392.1776832290154
66.25 -53.74947334111869 322.7847198252662
66.25 -107.6119895414949 496.6589773702918
66.25 -83.30090306973693 297.4162602492184
66.25 -23.95881309540068 488.5613056443273
66.25 57.97040100743637 298.3322404872697
66.25 103.4847229661266 326.7545261946038
66.25 84.23586869255934 389.0626424843173
66.25 86.02722737257852 392.555066695254
66.25 83.93977120629384 395.821555374131
66.25 87.75590354678846 395.9600215567179
66.25 85.73013824855056 399.1345801290532
66.25 87.87551184122093 402.3229165587101
66.25 89.83006291579112 392.7656857175692
66.25 88.11597370114526 389.2780620790878
66.25 -87.10543163516455 366.4804673129796
66.25 69.20203635436035 379.3811634928657
66.25 93.68493638969458 335.2072564475584
66.25 -57.43137461462241 552.636554831577
66.25 -130.1163065888511 586.1624065259072
66.25 -46.49119842205846 548.410761431898
66.25 -56.54491028069487 392.2246625174002
66.25 -72.90546412244279 322.9912913230518
66.25 -40.93411826007069 300.6671568341669
66.25 -44.10938872914904 489.8195879843699
66.25 -32.67398079335182 334.7722223750545
66.25 -82.96167256648575 314.7256406257871
66.25 46.15687858804517 311.2257423957338
66.25 -21.67578306979244 291.9635673920206
66.25 -72.37084770250831 577.3605691859227
66.25 73.2020524922347 379.5600449493579
66.25 45.66229414776398 294.3352908426489
66.25 15.51281159858499 446.3230796054423
66.25 -105.7029833407163 319.7535348845928
66.25 76.54423095878319 450.7550415477259
66.25 90.27250401478139 284.8553589007729
66.25 -70.71366611727802 310.3029170650606
66.25 52.04118206167429 272.1302549753202
66.25 46.39000756892977 327.4042778032576
66.25 -73.81915480759019 576.4011194598469
66.25 -25.69928614117572 516.0636720892385
66.25 -80.64017215651644 563.1218467155661
66.25 -59.25755372513576 556.3738075927153
66.25 -58.51445713475626 322.8152774470674
66.25 -33.79964682344006 287.7532734957915
66.25 -28.83975967340263 296.2667585189171
66.25 75.25713277777932 327.406576035768
66.25 22.36133135830269 413.0518026331685
66.25 100.3192677235352 363.9395083090914
66.25 104.9663837602342 364.1392506811
66.25 102.470209994522 368.0553797041968
66.25 35.88839440344439 469.173816855034
66.25 35.0374969466851 354.334270306247
66.25 -43.48205957124317 531.2769789703698
66.25 21.60668639493399 452.0221978249313
66.25 -16.41178216204575 469.8144161194426
66.25 91.27020561058514 355.82704130039
66.25 -17.19312211413729 386.0970655399724
66.25 62.29331496992743 271.9491702897985
66.25 37.06771394438605 357.9576821069929
66.25 -21.18132884161524 316.7994365646112
66.25 31.10675143098994 294.6729375808751
66.25 -17.28624510712054 505.9915709233758
66.25 109.604983364559 428.1745709142443
66.25 -63.485897946125 373.7321115053129
66.25 21.01862217376484 277.708846265965
66.25 -33.89026649472941 270.1526438553582
66.25 26.04937859871307 474.9147802785775
66.25 5.869145642364465 332.2698468041809
66.25 -2.078426411338129 274.5568425440505
66.25 119.1995367058183 387.2196658930721
66.25 -23.99073514401517 296.231600655655
66.25 78.45360475629367 357.5491440089074
66.25 -22.68823528879271 454.4364850729793
66.25 -108.3783563068149 567.1287588113834
66.25 30.88757972759749 268.7000224332701
66.25 33.46808464415553 264.2363090472605
66.25 14.66010552316342 332.2105544088158
66.25 127.5089204425795 314.5268054736306
66.25 103.1655203283731 343.6269524078061
66.25 -67.86326855894022 331.1997314278043
66.25 114.4303031919941 386.7705888931158
66.25 23.44361868175839 332.150564083103
66.25 24.85427103865572 365.1536646442365
66.25 24.52424014705842 350.7788267364489
66.25 84.53660658480969 367.4077499376981
66.25 80.16465683758591 367.5162189170512
66.25 37.2348093763062 421.517871422784
66.25 48.29978114462221 439.0590556129016
66.25 16.83931485908585 303.414490808431
66.25 -51.16969211903652 318.4749807870856
66.25 -25.51961174751547 372.8112170206078
66.25 73.07332242750481 413.3060196385921
66.25 -108.2557375420785 482.845123827383
66.25 -106.3105066139466 479.2895015128523
66.25 60.01910965512902 285.2130365047394
66.25 -128.2939360124684 446.8670778364576
66.25 -12.00635243648148 308.5882803290588
66.25 69.58836348621084 349.8123595585495
66.25 121.1345015614043 322.5303671454157
66.25 -80.59979989179172 292.8455352110892
66.25 12.80510686290382 365.2755599734917
66.25 -60.34252643402058 351.1417268501822
66.25 -15.534399748883 369.1969903855092
66.25 70.57862991746656 335.5184776074626
66.25 104.0085922032128 375.0140691009706
66.25 -79.83740372145967 370.2348687728618
66.25 -97.03685142575893 358.5606108205344
66.25 -65.19045790517819 343.3253999619029
66.25 -128.0086035372189 378.4072851075969
66.25 -11.59714285194668 376.0400318965675
66.25 79.93877041738327 395.5849186113785
66.25 -64.48377118601657 563.3676014216231
66.25 -60.20302885375545 503.2308729644436
66.25 -4.036133604961687 389.154793606929
66.25 -102.5824909107033 341.6190985638877
66.25 -115.9048411205063 587.430722347672
66.25 -55.58747919271832 358.7816619698893
66.25 -72.04976810274503 553.7289060849922
66.25 108.6532077597428 367.2204215830436
66.25 -23.29086395030487 445.2391492291777
66.25 115.8659170778767 331.1765936061006
66.25 -80.3426219440659 354.0810843511283
66.25 -2.942565317346296 332.3490340234346
66.25 -78.30639226982055 270.5425233782851
66.25 -83.8254730465583 514.2178520471504
66.25 -7.768811802258267 382.6918177434812
66.25 32.2219654315287 332.087013523515
66.25 -77.55891005914434 398.8102727191207
66.25 -37.27872225154676 529.0132054976027
66.25 -13.67715352240288 486.0671840005808
66.25 42.07425574899917 441.3163278193082
66.25 -67.04421453668613 575.2299159195823
66.25 -30.71109612909112 446.7599690667781
66.25 -87.01908890854786 581.9698656683327
66.25 -78.82218456252156 433.0607028325002
66.25 19.73274223926906 455.7932310157067
66.25 10.7799624442039 354.605500984092
66.25 -10.99221603727143 432.1662820269054
66.25 50.38899385085263 285.6059744795181
66.25 -65.71255624523013 574.6972526030017
66.25 -29.65172334286051 387.9782848653481
66.25 -11.52983260887267 340.0707513317426
66.25 52.91075447496478 357.6959692024193
66.25 -24.58657796924483 521.6201912049802
66.25 79.20754754170217 449.1570515979785
66.25 34.99574620145177 461.7820746083873
66.25 -4.842309398261041 483.5747382509708
66.25 16.41164964025531 439.9492185797741
66.25 -0.7488877032956385 474.8775652295814
66.25 -79.13016643507284 571.1782413601858
66.25 -93.7029525499655 279.7395137345689
66.25 -13.5841446577781 437.2999701612774
66.25 118.4754193093346 420.666023760549
66.25 58.98779106838448 331.6982334408835
66.25 -19.72171997564834 454.3781221701327
66.25 -50.93843182383976 366.2294904488226
66.25 70.37981303737273 418.3785992226992
66.25 -15.64716271294756 347.5947439476957
66.25 -34.36294093966761 259.0396710683237
66.25 74.18816236087287 385.3200513960086
66.25 -20.98722187202396 474.0435409609976
66.25 -101.0495873743709 302.10008580947
66.25 49.94252118289801 331.8545381818904
66.25 44.79223598405239 372.0190903338932
66.25 -129.5423920362482 544.284952677518
66.25 0.707686200776481 471.7041134750485
66.25 1.48973874304412 457.4662214269848
66.25 -90.03910267991611 519.9672252174925
66.25 -57.83565381741946 544.7785531607018
66.25 -59.0737148031306 381.3164260359882
66.25 48.08438623086604 460.5566838082846
66.25 -120.0856697177205 534.9419439922231
66.25 -58.07976909347548 402.8765399942648
66.25 -46.19898183719554 561.3178556180835
66.25 -65.41715989084267 518.2186884614275
66.25 107.4493282274397 360.1759102570055
66.25 -48.76733872462323 314.2333620478416
66.25 -25.47878029301072 504.1500575228502
66.25 105.2331661671668 356.0367890075681
66.25 -67.41314305656452 388.9238285147624
66.25 -30.21945123940392 486.7665500321809
66.25 -107.263201411418 523.0589246233392
66.25 58.88471048352589 455.0721330924854
66.25 -65.83890682153555 529.4177557646788
66.25 84.53418070752903 445.9610716984749
66.25 -13.10598434124577 392.4692377802605
66.25 -44.66823611937033 504.7374609912164
66.25 -16.51281220159921 398.7646637834479
66.25 97.77098673738736 271.3322417426947
66.25 36.86778387382087 372.0542861218125
66.25 91.54944121184482 438.7188345538997
66.25 93.26818178897564 438.6142341710708
66.25 -110.4416160763906 337.4796643698749
66.25 -16.89536657350379 283.3866569802473
66.25 100.3061981252736 434.6603858475401
66.25 72.70780076631138 439.9906937690142
66.25 70.68299946993088 440.2656685184137
66.25 75.19644633899922 310.8200444157929
66.25 -57.05409162902691 512.8937216697984
66.25 -20.21210554767512 444.9761324846215
66.25 112.8684670146438 343.7423817960688
66.25 -27.80444110777761 508.0945325662254
66.25 -95.60376122951033 502.0883525213019
66.25 -7.589889610665175 413.3794121730742
66.25 -9.248893427612291 410.5570262187225
66.25 -79.1346342873406 522.3007345022271
66.25 -43.48850505221033 296.4500439139472
66.25 -119.499705744488 540.5291933196884
66.25 97.80499668832098 367.7106488445388
66.25 114.8885274607539 379.3095314922723
66.25 -92.91112457215146 525.5060828581858
66.25 32.9086380913465 470.7426360342621
66.25 46.03658926345173 463.5415103907325
66.25 -45.29076739777034 542.318838255278
66.25 4.925368857549717 418.6116852575897
66.25 -5.493036937567356 476.9581326277523
66.25 -71.58356096889887 497.7888358317209
66.25 -115.7871063053078 490.2904781096595
66.25 -25.45197309740783 482.3798157199122
66.25 -30.1314979427837 512.0296703402189
66.25 8.281901051575334 463.0229008212206
66.25 27.32032100288264 385.5553325946697
66.25 -80.49046828786479 574.2232105613321
66.25 0.07357960285634052 442.439898014138
66.25 -99.22331026492726 472.4101041408076
66.25 30.60281250570802 472.1175551198082
66.25 -103.4272295021379 379.5414165125102
66.25 101.0475491598536 322.4835642968574
66.25 -88.02179141279717 314.8649496337122
66.25 -75.36467489020124 403.8811048658314
66.25 -41.1202438072497 518.0728330013001
66.25 -78.79848917788932 579.5603179296438
66.25 -20.88278878461276 435.0328804146144
66.25 -71.39339134281771 396.4383532870248
66.25 58.17453274528703 388.9197206172873
66.25 108.6104094909044 417.3404150875176
66.25 63.52184962675494 407.9669798842245
66.25 -45.63397636371027 468.0823267528722
66.25 35.8126138494811 463.3554165082098
66.25 71.54199735817291 368.6932514069298
66.25 -16.03010485385679 512.1763364073847
66.25 39.9077667402056 467.8076206112247
66.25 9.747989785126968 467.9705624132983
66.25 42.14677224878087 289.7173541801425
66.25 112.2559664076606 426.0930156380902
66.25 121.2864774585545 284.5277732031047
66.25 -90.41320992902156 493.0194360155093
66.25 -114.8786512171556 437.3751986092866
66.25 35.08051408765355 437.3050771605274
66.25 75.11387324743451 285.0885969509778
66.25 -38.48659288547515 460.2963183163448
66.25 -7.406508375927777 324.626156809292
66.25 -89.67209126720847 570.4212012861336
66.25 -52.44970089106792 542.4355062596754
66.25 -44.70781099006368 407.4837831441638
66.25 23.74319982086476 480.4816147208464
66.25 -51.87165313145298 463.0029567889813
66.25 88.54140363213088 418.3751789874272
66.25 -116.5568684691789 534.7545076075892
66.25 -74.65345925934942 503.3122947945718
66.25 -6.407903407435626 471.5023669280608
66.25 -43.03113503590927 482.6937349088683
66.25 31.53592709665216 464.8527038102149
66.25 -29.37319197804582 422.3701475330565
66.25 -101.665475444466 541.8569165509166
66.25 62.89096873760692 298.2841422494041
66.25 -96.08379291680511 458.4408456065711
66.25 -37.02667489754862 436.2671913969718
66.25 -98.47736976882625 546.6688761730467
66.25 -89.17394612969396 429.6652530066856
66.25 63.21358826366195 361.3257946080199
66.25 -77.70175931078616 508.8063248384223
66.25 -57.35540343385608 429.3770845116782
66.25 -42.46320186199784 511.5543536226326
66.25 -74.55124381083006 483.5992877199299
66.25 6.467418096980579 440.0778597468389
66.25 -110.2264789723535 528.7749026331865
66.25 -83.25447033724693 418.6510846795903
66.25 -3.965900003439328 424.142456914594
66.25 -46.34326397193329 497.9292725634631
66.25 -81.68227708615021 477.8062029560054
66.25 -37.26933486234024 394.580373897412
66.25 -73.26256473175796 306.0300657529738
66.25 41.00524608598421 460.3856606781227
66.25 -105.2645799720053 536.9808390131508
66.25 86.27632185801792 437.7333730253662
66.25 -44.50079508206114 449.7606661657504
66.25 -78.18742005039559 471.7553831302868
66.25 -96.37613403733339 275.251696551548
66.25 55.29307887199835 424.391665730836
66.25 -107.4899247607039 396.1500585422067
66.25 -20.13256935182686 459.1056186048658
66.25 -61.78627932937832 409.8320383698958
66.25 -59.83854307829293 475.7684923829012
66.25 -37.13504557341155 500.0244627192279
66.25 71.17070833795691 410.9210435357097
66.25 -120.4233197556414 483.55478305115
66.25 12.38591845644475 421.1132374716104
66.25 -99.25512158143461 362.8036257946712
66.25 44.59196911218671 457.4088025581482
66.25 26.47743634114152 430.8363434246054
66.25 21.75910647556124 462.6917765146999
66.25 -92.72494348812637 444.1986162648215
66.25 74.30278316674686 442.2802920165466
66.25 76.77159656804609 440.7198636205558
66.25 -116.851562361702 441.4972168831482
66.25 -72.96115237861268 430.1494000771114
66.25 -53.75747290177291 423.1984410959037
66.25 -27.73385839494395 436.0890601050885
66.25 -46.68152544826574 342.9447226043945
66.25 19.18725006047319 299.1462309007204
66.25 15.19705193053166 470.9400853561726
66.25 40.1094610930076 455.6758975077365
66.25 -14.1744830457885 469.9003764829263
66.25 -40.99961394196682 401.0873760946437
66.25 -46.51553123440723 410.6711074163244
66.25 53.03991790383732 446.6184045686435
66.25 -112.8106441136224 341.9185978582174
66.25 -57.31119039336116 453.5768400180209
66.25 -71.25566310561018 459.7354429495113
66.25 -43.85988136465681 279.1808137574864
66.25 -118.4280753596295 324.4024227825117
66.25 -24.30631009141326 480.2836719306629
66.25 -90.08926908055588 556.1885078678827
66.25 -50.1491388498013 416.9654499573333
66.25 -105.205775702144 337.2811183892989
66.25 -62.6524714948028 513.252268170148
66.25 -53.12484717141413 500.5074317564793
66.25 -76.72373987730984 436.8591579301806
66.25 -47.69792595673824 550.5043562167815
66.25 -64.38416617286772 447.7472914878803
66.25 47.30527112915866 455.9674307389914
66.25 -119.0471886760479 598.0393711531185
66.25 5.141880795624918 385.816343694483
66.25 -103.4700767508255 551.472350649192
66.25 -101.7657518908187 558.2751345100739
66.25 54.86317528854278 361.3367047417682
66.25 96.62123761771412 411.1182537357776
66.25 69.458812028079 443.2707387685707
66.25 -34.23425253824085 466.0395014735335
66.25 12.19739718928622 459.3891330766285
66.25 105.5917320818654 293.5508535613463
66.25 18.52465242677054 470.930448873919
66.25 -106.9860257159397 528.762156111372
66.25 127.322184026149 346.1203332330475
66.25 -75.75971831612384 266.0332950702061
66.25 1.910873244337298 418.6897231954629
66.25 -99.91223478026025 502.6884414179295
66.25 0.07826952524655828 464.8590721020907
66.25 -66.91870447215152 410.809807030546
66.25 10.73602296664568 401.7465890481243
66.25 16.81991054686827 365.2662900673288
66.25 51.01831127968898 453.0028101051182
66.25 15.98196251253113 385.5752361848607
66.25 -57.9521705313678 529.4503350112462
66.25 -38.40409672694425 542.315547407315
66.25 -42.33400359924638 373.5961628827762
66.25 0.4549766214438797 270.1657661104821
66.25 41.87393133934382 464.8603807671539
66.25 -100.73285688428 310.8946301285431
66.25 -118.0619163548639 517.4210627323884
66.25 -72.64187386883404 531.9461182419099
66.25 -122.1135533020783 564.2885870191645
66.25 42.61637039491308 368.44701813662
66.25 -119.0224630887519 462.8974666746955
66.25 53.81240286709432 451.5872828785778
66.25 -108.4247949017305 458.8027130910701
66.25 52.82559678264732 398.5349455878397
66.25 17.9948590129641 388.9524115162341
66.25 -31.8838224131795 404.5456817438782
66.25 6.973216152977848 389.0289674792437
66.25 -48.47621201873223 512.1983085948932
66.25 -96.34069694874599 585.6985088844079
66.25 -23.60806520066475 312.7492643974876
66.25 -23.57350924975946 470.0205232298894
66.25 -79.31462356540275 411.2889883317325
66.25 14.19429737097551 462.8154668405641
66.25 5.281165566711016 469.7868157001353
66.25 -25.1030483062097 463.6179048830753
66.25 -9.936602731428893 482.3863039700539
66.25 22.69909257903232 361.5935691207067
66.25 15.28453345594666 476.7499700962456
66.25 8.99481806269733 440.0825880484708
66.25 83.49991013591952 401.7995582689938
66.25 18.26196680040125 476.7183297712576
66.25 -123.4191665162147 333.4629100029839
66.25 39.85668804876657 433.0398552307536
66.25 67.53471726259164 430.2371811372371
66.25 7.824430186191861 413.2033463196771
66.25 55.62450037047239 327.3551558759672
66.25 57.66670457554995 448.6499642860457
66.25 -75.78345047967406 568.006245838812
66.25 -121.2151967204753 556.7448634305181
66.25 95.93835549629677 429.494405963325
66.25 13.99580116577896 407.5373667135574
66.25 48.72882945516506 426.5316353906839
66.25 -80.72385189338557 514.2894348599626
66.25 -53.24388726248382 548.6191299788377
66.25 -72.32791282721507 568.0012908696667
66.25 -54.10674099657145 522.5543085850087
66.25 -122.9460426008165 584.4050176260746
66.25 7.946719975163666 455.81754341886
66.25 -90.22017809643754 345.6985965968435
66.25 60.54919857744707 447.2722128088713
66.25 95.8857891076987 389.6531359286874
66.25 -66.63159439817892 551.7471949006272
66.25 -118.6520123030372 551.4724457869568
66.25 73.75027839698221 364.9729455438238
66.25 -41.53033076118708 342.6995077737126
66.25 -73.3437690058087 390.8370564930202
66.25 -104.4087078426214 482.8320140727924
66.25 -5.615719990683243 421.481196521526
66.25 7.097829918834629 469.7037142010607
66.25 -23.63567497551434 362.2406234185534
66.25 103.9945112754808 382.7657790953223
66.25 -122.2084491276638 359.6587902126359
66.25 74.38750957775309 430.8596678219199
66.25 80.15720378827606 285.0726027733543
66.25 -93.15342616189129 541.706283359692
66.25 127.8063460617706 283.3364002996942
66.25 -70.82268646513037 301.7846924278139
66.25 -4.30251760695977 478.5260409218769
66.25 65.34748356468658 293.9397542648015
66.25 -91.53420451995306 561.6541010314835
66.25 -83.21232256374766 555.9467122649346
66.25 -106.0576708557826 311.1128631623868
66.25 -109.3149639912663 584.2164985911671
66.25 -77.50993860664411 541.4249330242803
66.25 92.12536193703787 396.2146002310538
66.25 91.98500159854815 389.5633148075702
66.25 100.3412940696187 406.0360427783882
66.25 46.21502316235709 421.758324880595
66.25 -86.13855847813457 566.7958220319434
66.25 -87.76548824922575 541.6326221192664
66.25 57.36575633023297 413.1896758253899
66.25 -11.61857825725309 486.0743269106798
66.25 45.78524709773731 435.227602175422
66.25 -103.8156154859832 562.7280463763152
66.25 -74.90616302570794 425.5100005479087
66.25 110.7273612393955 293.5256474141279
66.25 35.94256844929022 294.6505508891039
66.25 -11.8015704768149 496.2166487513396
66.25 -125.9748775769088 592.340978087297
66.25 -92.11952877782606 496.0669282850557
66.25 -99.044364039992 270.8078073155091
66.25 -109.3423176728144 569.2915886535725
66.25 -92.39501929167461 563.6071452119141
66.25 -98.84213614223522 531.0804426518449
66.25 -50.62044202232247 442.0376121455845
66.25 105.6305986066265 339.4721227636403
66.25 -70.94363909000401 418.1644231091508
66.25 24.58251863289706 474.9835978813551
66.25 -76.80315525127715 559.4813141186515
66.25 15.28130829064767 421.0875154507094
66.25 -103.4624324989666 472.7768095919642
66.25 64.56357538343639 444.3622375550429
66.25 -60.98268602711217 559.9417781206429
66.25 -65.51700047010226 416.6479970427317
66.25 -72.5446912309672 331.3008817401134
66.25 -113.871849206317 563.1533983827462
66.25 16.61537332524931 294.8912102376141
66.25 -57.00886543003433 377.5965985482097
66.25 -52.94729614261035 370.0611479378321
66.25 -27.66241889494496 384.7224889591824
66.25 -104.9945455876954 452.3840978780091
66.25 61.71323706268817 395.4074637324834
66.25 -74.65464589232724 572.4243307278211
66.25 61.5414565639753 431.8721335522729
66.25 42.30178561064571 428.7051698614583
66.25 -101.0683029171842 444.3545281721733
66.25 -129.9624472843814 576.8139864249351
66.25 10.622435409864 389.0679011001382
66.25 -43.41377634224111 550.4706047682582
66.25 -46.49128710043423 274.7921951359552
66.25 8.506812183731913 433.5722584783184
66.25 -109.4759994133092 363.364000440159
66.25 -114.7718429748633 575.4369993039898
66.25 -47.38796339988335 504.887736043362
66.25 -82.55748578862334 541.563534058437
66.25 -26.47057813333426 292.0960754900124
66.25 112.5899721627572 398.1177143866087
66.25 -115.077506703183 346.343049576359
66.25 49.53017863087727 404.5026536563223
66.25 47.65022688519405 401.6260931435554
66.25 49.30722796430326 398.5567969581384
66.25 -85.19679620438738 422.3412053753627
66.25 -29.96787917117359 528.1979610364729
66.25 -9.623502299070532 304.5086741301095
66.25 -7.165221345973132 300.2486921268184
66.25 -69.2282253416338 423.4224752037059
66.25 -49.56361074114732 557.7840533449787
66.25 1.073839192357797 474.9163256277196
66.25 -81.46050786442177 564.9103000743671
66.25 -63.20056957449165 529.513805980283
66.25 113.300810261651 289.0080326744973
66.25 62.78315647768385 289.7809184993999
66.25 -128.4741272492342 456.836744386805
66.25 71.2630435047311 453.7635806990768
66.25 -42.99648470731866 542.3846826489422
66.25 -25.61590354859083 478.0001797195949
66.25 -91.45260443918052 425.8871260663496
66.25 67.13513826266997 449.4562633507126
66.25 99.86497948241244 371.5724096940402
66.25 -0.7068050483669868 466.6934842921538
66.25 -101.845543786152 578.177009853515
66.25 17.00482769643907 461.0950214768608
66.25 15.29130211568259 287.4229107551567
66.25 104.5090550793938 431.9761470753675
66.25 68.89098701546655 395.5338710922331
66.25 119.9082187578558 371.8091964043543
66.25 56.3778229731438 460.8564339283291
66.25 -0.7940287849983421 328.5922237387912
66.25 -6.045556232436261 410.5393046718676
66.25 -21.4587553032812 456.8301913636105
66.25 -61.2164715475259 510.757465174653
66.25 -40.46334087588772 477.9407646458798
66.25 30.22673969223356 404.6113009289955
66.25 -97.45943846312632 576.0752361423295
66.25 -121.4046252883382 586.2128998254129
66.25 39.15871777495718 453.9486131954308
66.25 91.15472408658444 330.6442008128915
66.25 -97.39568341405216 528.3387054188702
66.25 -82.71489348092953 350.0052546168054
66.25 -72.92660295222633 288.1281038700109
66.25 33.40535147319508 404.6640045693628
66.25 51.21602601512151 466.7340376963847
66.25 -100.8572218102902 551.5095476055135
66.25 -112.0952261771047 367.9591567939376
66.25 -18.45887356736391 492.4241232979986
66.25 10.73553491511778 347.3377251125194
66.25 115.8441831540085 284.5078406521388
66.25 -48.91012166548037 439.2477022310518
66.25 -115.3066109144235 593.9686404516638
66.25 -75.01159889555956 578.482309293791
66.25 -49.14295506309742 270.3993795617549
66.25 36.65260962379212 401.2151437562426
66.25 -43.70036203824512 518.0730283866981
66.25 -59.2713636388054 373.3155493292379
66.25 -1.037633990921425 487.9338363365746
66.25 91.93070077785252 428.9207479099009
66.25 -112.4391943851355 396.4360352535144
66.25 -124.4184075673329 569.3486675084991
66.25 -34.79818235423267 524.2882324332711
66.25 -125.5274839522232 600.2442943943751
66.25 8.383411725659997 343.5385886949448
66.25 -3.62590786610144 484.9920102788016
66.25 4.594409790325272 485.9733171165449
66.25 -105.0395322580973 581.9396021830357
66.25 -67.76758500780336 453.7729094014129
66.25 110.5238600030475 339.5858753457707
66.25 -123.0399359978702 590.2043643659117
66.25 -117.3726379159423 582.023115702739
66.25 -26.23231667237095 433.3073324390706
66.25 -93.67105385956795 584.648998516912
66.25 -39.27670660633123 384.5145058830929
66.25 27.81749768863614 428.6585731160553
66.25 53.43174334395833 437.5557297485068
66.25 -12.51537251534881 410.7185119318679
66.25 97.97369201059746 420.9314069443329
66.25 -108.2813064637744 315.5317558755799
66.25 43.89576048848303 401.2935360747462
66.25 -59.07959348636795 432.491413717311
66.25 -124.0772140769208 508.0170108761205
66.25 80.81606731071123 405.1051064474847
66.25 81.88687338046331 447.5857437413107
66.25 114.2184213512707 418.5866868753924
66.25 113.4308627152237 416.3511835982118
66.25 -90.38310476258724 559.5787826548193
66.25 -87.57772511825522 340.8428424423665
66.25 -12.12537163848803 491.491954251252
66.25 -46.31797925247932 518.0972970561386
66.25 15.71258101322097 404.5918361071652
66.25 94.10232244420415 413.9049631852312
66.25 -121.3113948703462 489.3970560570593
66.25 55.21198370528928 285.6039016159246
66.25 3.660076075070392 328.573406340466
66.25 123.0991017690425 358.9811649495818
66.25 113.5444979795895 359.414142191007
66.25 -26.30190255585694 527.4822553439969
66.25 99.23274498883852 423.2202990927878
66.25 78.40837755764871 378.6953761959122
66.25 -65.22908045753742 283.5440607041176
66.25 99.38653837142202 414.4308429144698
66.25 121.8346894921235 402.1267927135212
66.25 -8.60735891531251 421.6515983040459
66.25 -54.03693649808057 564.1241117339572
66.25 -12.07339489968467 482.6050949125557
66.25 30.61244502292942 463.3244736664776
66.25 -126.1450588712491 520.0258080418205
66.25 -9.480882870499146 369.2793881068139
66.25 -108.7235601852393 525.9279456102066
66.25 106.2495944904697 419.7176150631321
66.25 -35.93144086402786 497.845242107592
66.25 -108.2471877941185 379.7921015106354
66.25 -68.76377988659716 543.3205239642665
66.25 17.7712655206631 480.4763402147819
66.25 -48.88176393113553 433.4884642876762
66.25 57.00870935368359 357.7128923310671
66.25 123.3391552053294 405.5307756625419
66.25 62.14613838075724 437.9383387753549
66.25 -26.30231259112478 401.0577987267321
66.25 23.35589674415928 477.9712225041537
66.25 82.71728452675535 280.6793729480243
66.25 46.30510454104239 404.6334758056605
66.25 80.08321797292726 429.3630682975539
66.25 18.15439575622501 421.1118951690979
66.25 35.30896259254261 474.594287848441
66.25 7.791075399766285 482.4838258246198
66.25 38.68037083586692 443.1918948717973
66.25 -104.2077387657955 424.4156282703325
66.25 -74.8237764537685 559.4516794679229
66.25 46.46633930166826 467.8049334796131
66.25 42.05146553957414 472.2905782646685
66.25 55.22502554836973 443.3453517881445
66.25 -11.45420017202006 477.1635853163906
66.25 -14.19098667007966 418.7468990838649
66.25 -91.45079354474865 538.7986656682012
66.25 -82.33591641925793 511.5122039289377
66.25 -14.51488104899901 479.2299144213053
66.25 -105.3870434236884 506.2295754123493
66.25 85.97061853012843 418.3706768179251
66.25 39.83883081341021 404.667007501447
66.25 -73.47120226632727 297.4177323436572
66.25 -102.9421208507594 448.1393858679235
66.25 -54.4332327052917 546.7454259073966
66.25 -128.0751094817269 262.6714954731179
66.25 -58.3295942964095 510.4804187446477
66.25 -15.31404376682956 502.1534940379144
66.25 -91.14986874518986 266.2598785144193
66.25 -27.67459173568756 463.7069168523042
66.25 60.39113098567161 429.6804417348719
66.25 102.0079367803482 379.1037358425078
66.25 -11.6179113930576 421.8268931393906
66.25 7.037976783472317 431.1511263641805
66.25 24.19303878033685 479.2276716336775
66.25 -57.99351275690921 536.3778897020419
66.25 -102.565992347926 479.4271766880775
66.25 -56.84168140339723 522.6617277401335
66.25 15.13141330898129 461.157293257796
66.25 -98.63888477596005 573.9133578559289
66.25 45.53573199652813 455.9538759411104
66.25 -95.92279475504334 525.6359055921134
66.25 38.80827357976008 368.7670982304556
66.25 -37.56239256984644 511.6198633589127
66.25 127.305429191808 366.4164267504092
66.25 -30.45561900182361 317.1400833372535
66.25 -0.3845500464428785 389.2848662120542
66.25 -5.651105727844233 468.795133978538
66.25 -29.13643538102852 461.3105723146974
66.25 39.7500000002718 258.729898741314
66.25 -63.59862093058101 433.1388749033769
66.25 -94.96570865164942 569.2182644222645
66.25 96.50053638021646 437.8035662799765
66.25 -94.88990916223517 440.6844456054822
66.25 -78.21862869955382 332.1678777152395
66.25 -22.58395702188572 449.8138817460198
66.25 67.95684235936179 439.6321480786214
66.25 70.30185097097457 343.3775615191629
66.25 -80.76291212696518 508.8647546227754
66.25 128.0654588949226 262.5809468339284
66.25 18.83329348642591 361.8583094907652
66.25 61.16350653398238 357.8156790653921
66.25 -65.50552177521857 573.2839342554587
66.25 87.08403111928253 405.4423076761106
66.25 52.00893648378779 451.5423075984027
66.25 -82.758399193771 447.6732976013919
66.25 31.40152372050749 470.7908177126086
66.25 -37.1753637829807 548.0217153951654
66.25 -120.6793285943365 501.3337378846849
66.25 115.1623214110491 424.5841872763693
66.25 16.9375562189122 343.2566905201373
66.25 34.10053818832284 476.8200315058446
66.25 -6.232216281823332 478.6985905250614
66.25 -104.1065389338301 363.138519264167
66.25 -110.7921636975704 375.6377053681015
66.25 50.09687948458394 424.3155632135284
66.25 48.99461296999406 421.8477241200021
66.25 -45.04419127865567 511.6403411039752
66.25 -65.7392847958459 538.5226942329259
66.25 -127.1000163607745 556.2113477268003
66.25 -106.4132663874343 576.7706649764278
66.25 -15.36437133429369 467.8538297921456
66.25 40.86430780131166 385.3234406900921
66.25 -3.912820297402239 401.4376264384173
66.25 85.23096170832282 276.1268118801791
66.25 38.38252499449523 461.9482497923096
66.25 -13.98262763489254 500.0867092136792
66.25 -111.7184822390347 404.5997249213728
66.25 33.90214498902777 435.3057634702589
66.25 -117.0080139816281 284.2404962503001
66.25 -20.88107691431643 516.2545792361326
66.25 -77.89664656393174 577.9689755736697
66.25 -59.43102438541552 552.7964135604477
66.25 0.3356017546754561 351.308649722635
66.25 76.85015728958089 448.7857608405229
66.25 -5.24946075094142 436.8166760246402
66.25 78.25755606851983 423.0589996527215
66.25 -87.23936557840815 565.1629226969159
66.25 72.60687607559809 339.3807200376129
66.25 11.32103623750858 475.5827414412942
66.25 -33.56779137534001 530.4816399295534
66.25 21.32910688344345 343.1962517611834
66.25 -0.2498264437954524 401.3293781631456
66.25 -100.1103184326126 458.7573803095536
66.25 -93.16655722445786 556.1193747255943
66.25 26.5671837232889 467.8305754933717
66.25 82.84854641172272 349.9848181725496
66.25 59.24086951694736 459.3964240693069
66.25 58.71230075673557 447.1923144187507
66.25 63.74521392355322 442.5957754786886
66.25 -113.4785935779244 315.7076007920726
66.25 -56.56540993781723 527.2124681196339
66.25 115.3075615057452 339.721469907412
66.25 123.4232163292505 306.7028097422177
66.25 -118.9574221701683 315.703803479329
66.25 -123.6853378725502 529.104801608837
66.25 57.46796429827302 429.3442080898895
66.25 -13.645862016741 336.1489925317283
66.25 -6.213691028997248 404.8052409576245
66.25 -7.860739884638066 407.6128243903915
66.25 -84.44221439742942 554.0023103978438
66.25 -63.09369823557891 573.6884255987686
66.25 47.34879408472598 395.4867690811337
66.25 80.63845788611216 375.0651039811872
66.25 82.59513627238664 271.8890362952459
66.25 -35.9642092080396 526.4726045680468
66.25 -99.56817200342375 433.6493498869026
66.25 -67.46175599691092 541.0678982790761
66.25 -123.7053813767534 418.7183114437599
66.25 65.84171258751014 455.52525526945
66.25 12.44189961547085 385.9093458428624
66.25 18.9215625113198 375.2808964220401
66.25 -104.2639683170005 576.5173261423465
66.25 -23.93951447866735 287.9239128063414
66.25 -47.46516917201181 515.9157906372728
66.25 30.99557129681173 381.9627359593771
66.25 -110.9720187626671 593.3501038471103
66.25 -128.6229605196829 465.7370926936529
66.25 46.81487848013913 263.623540567655
66.25 -130.9520869740289 602.3270689970439
66.25 26.33524673208936 480.0794951489485
66.25 0.8002721630248096 459.4095305024973
66.25 54.48179271387396 382.4935828849361
66.25 -115.1995587550418 429.0768912042381
66.25 89.41380911979789 429.0165676322343
66.25 36.66725538257607 389.1287543986986
66.25 123.309250789931 327.6127603589671
66.25 -62.69656251662096 540.9240857848935
66.25 -124.9197299022592 598.8418666138233
66.25 41.03557121673489 332.2623358846833
66.25 72.12789829660636 430.7492346926772
66.25 44.51826553068471 470.8019068399163
66.25 -108.687404627834 591.6493158425454
66.25 -112.4692955554719 594.0899727547433
66.25 -15.06064188631166 435.0049824574471
66.25 -3.96895683118638 440.2326662681621
66.25 74.94143522149069 335.3771483896521
66.25 -103.976475723935 511.3195986631776
66.25 -129.3983601596027 509.9885815092562
66.25 -27.83482184158509 459.133571701888
66.25 -111.5593751419402 558.5636763185651
66.25 -116.4933029040996 568.6104573551446
66.25 102.2114098595013 409.7303670083501
66.25 -10.59662661456492 475.3599237816541
66.25 -44.8420394337277 560.2841341249253
66.25 -62.5287794564073 438.6941226217528
66.25 26.58084626687894 347.3898217288161
66.25 23.52565005558753 379.16734209999
66.25 -92.29111433961189 572.3803214638033
66.25 128.2314737557068 277.9897525575353
66.25 63.3210924428908 421.050029843596
66.25 3.414599016528189 416.1234387271301
66.25 -114.1350136167979 558.626843203751
66.25 30.1074360952356 343.0681795106819
66.25 66.03302695735162 421.2966654979074
66.25 -128.3004959437232 601.2324284823634
66.25 -99.09854732986086 440.8756739243318
66.25 -42.31397845279805 557.9988356175694
66.25 69.6373899669145 408.3059888311368
66.25 33.10264419818604 450.2569635042896
66.25 -67.41865641433093 439.7945576964325
66.25 93.16784715769487 374.7941458898561
66.25 -121.5143968497647 599.5882146829973
66.25 59.00372867981999 410.7253335639103
66.25 117.9779910626805 335.3528193786547
66.25 -1.371820530434818 459.5402491280453
66.25 123.4044574956585 270.8013478891723
66.25 -32.38528479206651 491.0771629676859
66.25 -31.44436703956476 531.0911933082559
66.25 -55.66357185077923 544.81076381457
66.25 -21.49349868890637 283.622035248738
66.25 -73.90943169190308 534.5769737484048
66.25 26.74253034285458 478.6363454460334
66.25 36.66829711391134 461.9653619089635
66.25 -111.2347731910322 412.8973996270134
66.25 -75.94979894410174 293.2881419415822
66.25 -1.880330155451415 464.9830857855748
66.25 -66.19262472453002 563.4027941584671
66.25 119.1572962854266 422.1872023517524
66.25 127.0068134472327 414.7476157106452
66.25 -82.50642242183743 563.2874359142721
66.25 -128.122349196515 592.6605973228849
66.25 -44.34896359265125 480.4901654270219
66.25 -106.2157546788234 580.4621572179832
66.25 -109.1079114249004 546.6836119516965
66.25 22.57337314487414 476.6582782039329
66.25 -54.98326147630114 366.2355026988751
66.25 26.46239483110436 426.2152668730819
66.25 28.10565263216563 465.0004801628356
66.25 -121.0019186507106 543.131909650707
66.25 -61.95529509842263 558.4153532536186
66.25 62.87212676342374 440.7008370952304
66.25 -102.2894646275891 549.193859609647
66.25 -110.6744254612738 567.28150539085
66.25 -8.053366732036785 441.8009554226908
66.25 -98.20554789185097 582.2999968432501
66.25 85.82231934402344 445.2404712678196
66.25 -69.28327834663838 443.1174982045232
66.25 79.6784209779277 310.9567074039567
66.25 44.64545855589618 454.2636756514041
66.25 18.76889924935896 435.6961790635152
66.25 -124.0096421841859 553.9042983166372
66.25 6.126988241334859 323.7128983895763
66.25 36.59556143800423 327.8567714704742
66.25 -5.494114417464813 453.462686743943
66.25 -21.68827478965794 519.7120746672161
66.25 -123.921724008096 307.2854355623294
66.25 -115.2692059132557 561.0583834832975
66.25 16.64986403271715 358.3600115119934
66.25 -79.7065138171854 549.8314828318405
66.25 40.79324743650122 365.1934411564354
66.25 12.14642839098286 452.0450500913483
66.25 -126.7038482278918 599.1953471917781
66.25 -124.772405876154 564.6250053691615
66.25 -31.24464396019535 419.9070321925334
66.25 97.62300629752401 374.9024748920239
66.25 -75.72538790042819 551.6948645532699
66.25 -7.684609593896216 473.7244145295572
66.25 -65.55505331969594 508.866679715096
66.25 41.39176067891503 443.1905503524413
66.25 -117.1365092506351 413.9789561930108
66.25 -28.51977788119468 416.4808320037411
66.25 -32.36398974138496 545.0822900928544
66.25 38.6659649119852 431.0441535552717
66.25 51.13277195907243 449.7928277801469
66.25 -129.4684023701269 526.1651137430343
66.25 0.05975903683480221 473.3277234707252
66.25 79.65843695322799 319.3702748935507
66.25 14.29253324854562 382.520331374059
66.25 -9.4191264684088 444.253894108931
66.25 54.50639355559742 268.1247463581205
66.25 121.8206128683321 420.5892124019962
66.25 124.4839294512508 418.9912224522445
66.25 125.8155877427045 418.1922274773819
66.25 -20.66194092537636 518.0724302621354
66.25 50.27858346661141 439.4604824558715
66.25 101.4525868288394 430.3811147129879
66.25 -94.39672801362786 523.0193386398632
66.25 -88.11809297993187 581.1532600124935
66.25 -72.82541452892501 456.8728162675687
66.25 -116.3760041085693 580.0648086650234
66.25 -67.64892051929733 447.8397303107866
66.25 1.783306095827847 433.9889409308489
66.25 -113.6054886964579 573.5689283592625
66.25 -57.32272138049874 362.4180836073245
66.25 -19.52677911690322 432.6628888095282
66.25 45.46914842714202 392.3324726243155
66.25 -111.9093828059341 526.2014751889733
66.25 -81.69217229743178 577.1159927742392
66.25 49.01572377856367 466.3680613916737
66.25 49.22974513821654 416.6335385318595
66.25 -9.268335674157052 261.5640533666495
66.25 63.42089276385411 353.9703399527553
66.25 -17.99075261420828 418.9743905783508
66.25 -49.89245166945393 480.5079107909822
66.25 -67.54841230558712 261.6484395456712
66.25 -33.74374213646216 430.9039765717275
66.25 -7.342758868682362 477.0705319663193
66.25 -20.59081269848785 496.3747638666098
66.25 -95.88014519992659 572.6734937065188
66.25 -13.50811023117161 446.8505993880684
66.25 -102.350829933099 455.1657863080503
66.25 107.1297018555211 430.4550207877105
66.25 -123.8148968216747 437.825900557088
66.25 -127.7152174724348 572.4206962678626
66.25 14.53725967213026 354.7883762987273
66.25 -68.39090570870655 288.6451027157996
66.25 89.98268908498542 386.1817887459915
66.25 42.85359896755793 361.60090542284
66.25 -84.41159614639635 563.4541394834617
66.25 67.23102618538822 437.8549325743184
66.25 -33.68459336635011 489.1767703462847
66.25 123.1609224521082 297.4557203393831
66.25 77.18106764480341 331.3859366196128
66.25 18.44130045153413 481.5117786395651
66.25 -81.17225802036899 552.1449979911869
66.25 -5.615654647875796 485.1357567659599
66.25 -63.8587056059067 510.8972842102937
66.25 -2.479998458049921 386.1450651480693
66.25 -125.9728833075014 503.8547119207794
66.25 -69.65214039735088 576.4337193583759
66.25 4.966331599838636 413.3769514819328
66.25 -19.11504117859509 279.4590056973126
66.25 -100.2468733909562 585.9858345740005
66.25 9.038406021235598 477.1840394156241
66.25 -124.8739404275436 476.7816624416818
66.25 -12.70404987675107 484.4154564514695
66.25 -17.42844417868663 454.8126355096452
66.25 63.65384415566193 346.8324679200273
66.25 57.85162599696778 445.3697878733084
66.25 59.67783192498139 268.1066816357321
66.25 -48.68498062483715 478.0879039341828
66.25 -41.3760358380679 554.0900424652439
66.25 74.01503274266373 452.405196346876
66.25 -100.9889717752232 546.9045420623173
66.25 -21.87054763764275 476.2232724863497
66.25 123.0809696426808 289.0802930697171
66.25 -32.49395669390425 486.9533874874435
66.25 16.20962263985086 379.1685833762546
66.25 -16.18584257505571 452.5788676443903
66.25 3.770391069890711 319.7427535742007
66.25 -105.0265189346955 560.8406942755414
66.25 59.50339768665189 347.0353325910322
66.25 52.18566224557239 448.3692934226798
66.25 94.15568480931411 437.307626501428
66.25 56.62996288688959 427.1972338650842
66.25 19.8221770749593 418.5731067714086
66.25 23.58441981650105 459.0632700636287
66.25 3.269680689191568 431.3785231107996
66.25 -83.3883074936269 552.174316605636
66.25 -12.31103560374881 450.3142509846375
66.25 -101.4111427531125 437.1104133856991
66.25 -24.14788904432322 335.059671988016
66.25 49.9748195785464 346.6492430826141
66.25 55.1442263228469 347.0631841066304
66.25 -33.89147162937331 485.0041691710704
66.25 -53.46889656861993 486.3272206168025
66.25 -96.13146911967944 567.4334503442683
66.25 -113.0623637029586 567.5106113625291
66.25 35.1981286995397 433.1631359117086
66.25 -69.35635205202114 450.7454543767106
66.25 44.4192835129828 350.8871736734806
66.25 -104.5491400892881 476.1806735580718
66.25 40.77088204179719 358.2045279279869
66.25 -32.16050166601727 428.1556474361898
66.25 128.1508159362764 319.8110092376871
66.25 -16.87599412985234 432.4704394585484
66.25 110.6896301079408 425.52034858637
66.25 -34.05469493505201 479.7813814823513
66.25 -13.62030495428045 477.4884238104634
66.25 -16.62381959001587 274.9843699792489
66.25 -70.37263135701362 521.8206411564853
66.25 -68.89600973634249 519.1503174860267
66.25 59.21015840704331 423.2682568075343
66.25 -50.33382868254995 436.1591380893278
66.25 -32.6850761234628 482.6738128339088
66.25 -30.28457497474812 478.2151596396866
66.25 -68.10878876337881 563.4517571143809
66.25 -35.00330624209853 533.4619966715145
66.25 -11.83973284370685 466.0402965928799
66.25 -115.2881024508201 526.3339682324587
66.25 9.122188667695763 483.8885815294059
66.25 33.25528201326699 456.8806115639178
66.25 10.07270534449959 480.7662400478616
66.25 -59.5699466115463 358.6728081248213
66.25 92.89509604484191 427.2386143722489
66.25 8.091656657314193 468.1555893158285
66.25 -23.94196275556709 497.507114816019
66.25 -93.91090266805082 570.6530858297789
66.25 -119.177224041724 298.6866749653582
66.25 53.84678163219942 464.8825976432657
66.25 -4.417431717476505 382.8997677916977
66.25 66.25000000018461 258.3165088174574
66.25 -119.8716056023172 383.8582350044123
66.25 -49.62433536210359 485.4391858230159
66.25 -65.23212139850158 513.4083640250159
66.25 116.5312776495684 423.8473555466048
66.25 12.43832181138261 351.288625668582
66.25 -64.13567571047084 506.155728404154
66.25 -124.1371847690903 401.9719583276865
66.25 -33.12567413951131 423.1692187731864
66.25 81.35820412326768 438.6763901089267
66.25 -29.13733968383742 456.7222099943261
66.25 38.05856767067107 473.1351201204228
66.25 5.611979357486809 451.8865276549161
66.25 14.46968523259556 347.4975179410268
66.25 -105.4333032109332 514.435495181893
66.25 -73.67570915361378 557.6858987333869
66.25 37.97597472291097 290.8399142050636
66.25 60.67955588785226 408.1134760984477
66.25 -60.83196856179489 284.192814608012
66.25 65.56790503299034 350.2157649925574
66.25 105.4881539811782 404.2923231033053
66.25 -8.502408977249312 475.3680924237873
66.25 -38.22640448330164 554.04136027033
66.25 71.55000000016723 258.2717384452943
66.25 1.395210003408309 315.7637212284379
66.25 -86.36586038349856 563.5732930276581
66.25 -128.9120276294938 471.5431405251366
66.25 2.800442981859105 299.5481551100771
66.25 -59.24819847221395 527.4893520759589
66.25 -66.60354599262311 515.9528031068492
66.25 -122.7205078073299 599.962787596477
66.25 25.94040546095649 458.7603587525672
66.25 92.15011162783435 382.7642202781579
66.25 -19.20150653473088 270.4040633257443
66.25 -74.39467504598504 459.8945340693309
66.25 -42.89661860363797 477.6594080264803
66.25 13.97208651046141 440.3196453145905
66.25 -33.38601480563856 493.5365610020944
66.25 -12.96313004272313 463.129539746383
66.25 38.69039270856418 354.6680099051856
66.25 -128.8214109844953 410.2170349084005
66.25 70.55897682922405 441.9670311042153
66.25 56.98797688118182 443.582106379218
66.25 -26.37073706632516 502.3055083531917
66.25 -23.92665863840813 447.6209862153123
66.25 -123.3590515022481 268.017895382283
66.25 -119.5408636490862 346.7029346660301
66.25 10.49491866831261 295.2658680591546
66.25 43.57230791981343 389.1911439708638
66.25 26.65490686441153 457.1998473717691
66.25 128.1341137590428 409.4872746532269
66.25 -22.85618208954688 500.3570001474274
66.25 -41.52128849641492 444.8059543135893
66.25 44.01993563547357 451.8554950496732
66.25 -124.397730023896 391.7775007554629
66.25 -93.51635775738693 562.0138156570816
66.25 77.51321987965588 364.842921926204
66.25 79.39827859373118 327.0977198109475
66.25 -123.4354136321997 586.5018148141768
66.25 -82.51466195281125 576.0110467429521
66.25 -100.7848986442187 505.6381987818102
66.25 -11.97754965757662 500.0033933433694
66.25 11.31514653282859 437.742653849162
66.25 -35.87049086694157 493.5895843477469
66.25 -111.4973466251401 586.345963166076
66.25 -16.31273080184572 392.3322113906845
66.25 -113.4352853862389 586.8157970200392
66.25 -92.41542294847483 582.7605429753958
66.25 -124.224498219712 280.8927177811624
66.25 -119.7958381655738 575.5096352082084
66.25 61.97735053231602 457.9203748403158
66.25 -26.73402563927399 444.6070572589802
66.25 12.52444947719481 448.4308659085086
66.25 -45.08889563680181 495.9300388212943
66.25 -125.2857396360668 482.9989102818577
66.25 79.73997690001676 420.5416547755501
66.25 62.79330899446948 263.3332386083416
66.25 -31.79096232436504 456.8754932507189
66.25 18.29180153173359 416.101523973915
66.25 -27.50108272375639 504.2757661735326
66.25 -95.72552732816737 562.1460541314846
66.25 -54.49309648542912 542.7694071623317
66.25 -60.99824216831452 556.6039589322387
66.25 82.12204793268414 322.7459686700122
66.25 6.379773574610039 483.9805459019129
66.25 -58.32040884277257 279.7770605592181
66.25 -121.3970254671676 598.218424543314
66.25 -114.9296384273733 571.525298644123
66.25 30.10839599643118 260.1826143707987
66.25 35.6850523967579 460.3796318356112
66.25 35.41750448561304 286.5587017065087
66.25 -56.26273444925784 471.2857914151671
66.25 -107.5510137314443 560.9694535830438
66.25 80.28178985466383 268.0706446295657
66.25 19.11316557221561 475.4913348404331
66.25 78.92050551592365 427.3567863362638
66.25 -92.78531935445318 520.2839447508272
66.25 -17.14106242035083 427.0362441611723
66.25 -125.5626494740291 584.383879964197
66.25 88.66505220839122 430.6658635215271
66.25 -28.66554924384336 506.2716103631661
66.25 91.30964306137355 435.447521496213
66.25 92.56248575317333 437.2510062582847
66.25 31.36852464718074 458.8833259981823
66.25 -125.6610054676257 580.264919236464
66.25 -86.15957196246733 580.2206254344668
66.25 -117.3140809714465 523.2886405940488
66.25 -117.7051990567914 597.7881500086427
66.25 91.2996548020437 441.1554775354367
66.25 -31.04871074492059 331.2159651285384
66.25 29.50552336999685 458.8958829770765
66.25 30.68899320856372 424.1368249333532
66.25 -84.72134399434628 483.6130294741772
66.25 -61.93540849568467 527.5647457280091
66.25 -0.9810533584912977 471.7502195396852
66.25 99.12749461758551 435.9169059604328
66.25 14.75833451300178 451.9860737018128
66.25 -113.1059762053997 372.0805229802796
66.25 -89.47174061253314 583.0655442843131
66.25 -62.61532363240494 551.9131465505099
66.25 39.57439611192208 446.5257633443182
66.25 -73.10104757208023 566.6741186876703
66.25 -37.01882319950248 495.9444413562391
66.25 -119.1206731810669 355.5641033046891
66.25 -29.80730611803688 508.2260966065145
66.25 -0.9747765693037822 312.5720047855582
66.25 90.12977253191848 379.0679374186286
66.25 -117.7167922891959 577.896399584752
66.25 121.6406899295156 418.7801281069981
66.25 -128.9281031773183 362.7101429027741
66.25 -22.40623034952738 432.9526535112658
66.25 -106.477555570882 455.7174526776259
66.25 63.51265479442468 392.7811282015002
66.25 36.49015063271762 431.0490290128043
66.25 -38.86337142509654 475.7415206325456
66.25 -60.9687425697603 275.3256130962187
66.25 2.672894252753647 485.4786288568265
66.25 8.938164551605066 466.561303040765
66.25 46.72693728851171 451.3019070945655
66.25 99.69810059157436 430.3172227962151
66.25 -115.1686313387138 421.4366756280071
66.25 3.177699724254019 410.6214500313214
66.25 37.75154178809467 280.7050537283097
66.25 115.0612041215646 355.5695547185794
66.25 -101.5247126409448 429.4846342117561
66.25 -102.5784667895935 544.2790027560558
66.25 -74.78976158517794 555.9446226383189
66.25 82.23001892545169 314.2205505631973
66.25 67.19156984631579 392.848171026533
66.25 46.18384757709387 448.35524172175
66.25 -30.96500043592737 510.2207057966651
66.25 -35.46106785344256 362.7056055441195
66.25 -82.45678047396615 578.7133602418638
66.25 -62.70438651202568 503.5936853169895
66.25 -110.762748599193 592.037974762417
66.25 -89.27991461899398 422.9711793369759
66.25 4.950862475027356 454.9562799380042
66.25 -84.28579621407944 550.1864577304692
66.25 -18.3583396700778 430.4048029599903
66.25 -40.30730908968059 472.5891801525597
66.25 -25.75409122425012 416.9308756492794
66.25 77.0948863374567 424.857017568447
66.25 -8.704745922514133 494.7292508207088
66.25 -72.08024516870525 576.1561709978597
66.25 76.30393002825755 346.6966862931775
66.25 -40.18934922947836 495.649294840442
66.25 -7.602153096067267 489.0041708238893
66.25 34.7653773711231 458.7758211222211
66.25 -97.30472735399023 565.6248149085046
66.25 -47.02510734602114 454.8114050888225
66.25 116.7666852480609 421.0556979365606
66.25 -58.43917436777019 270.9451981838827
66.25 40.41810077953492 473.143022393454
66.25 21.5330038152838 470.9955145375851
66.25 83.45908988340604 445.0627387097213
66.25 18.19592760161935 459.5174463703119
66.25 -119.2332230550654 520.2202197242984
66.25 -101.7406647986953 588.8325603438896
66.25 64.4206374255151 457.9457888812316
66.25 26.62883136558852 450.3024752200557
66.25 -60.33203095047917 570.51662072983
66.25 -110.6978167567902 293.9273754068762
66.25 65.08691483247534 437.7215760451401
66.25 -47.64058996061339 560.8807952125331
66.25 79.47580652344325 447.4787413019633
66.25 -2.858251678962629 471.9535301601321
66.25 -96.95011031668804 583.4883747257575
66.25 37.40647353628029 262.3928427460534
66.25 -61.78325828422084 354.6599674859023
66.25 -16.27739578666009 509.7095195588882
66.25 61.01731606930745 420.9960308493363
66.25 104.6087039672021 430.337610488527
66.25 -55.81798123081609 540.7729817436954
66.25 79.78728993194945 360.9752368592686
66.25 -106.8689724746308 589.8253756561242
66.25 -111.0353968824803 584.8075719099897
66.25 128.4789043256188 416.5942375276169
66.25 -108.4292984462669 476.6427974085933
66.25 -9.579531459598158 462.0923254058944
66.25 75.3947368761722 450.0370904767688
66.25 47.28108441688954 446.648412619807
66.25 -107.2518052168759 579.1444612489715
66.25 84.7984340269476 262.5607068908613
66.25 35.23248639887664 277.3501456753086
66.25 -124.9043168698732 449.5860719490325
66.25 -60.32159517300394 555.023905809206
66.25 50.03543004803361 446.3117810085282
66.25 37.58980846993519 271.8351445552745
66.25 1.176288893162254 307.4303032376939
66.25 -121.3606207016174 551.9227476016694
66.25 -76.21104882897514 579.2086806016233
66.25 26.62853151053641 464.9831976165478
66.25 -36.29809499739891 471.025306981159
66.25 83.78457737814333 418.6732466538054
66.25 -118.3454471534561 372.1643950652615
66.25 -104.1332689586566 541.7956908695536
66.25 -35.30404924396347 454.1432775863578
66.25 19.81538204272645 413.4102813922634
66.25 90.10186085835963 262.5303567467463
66.25 81.63717004732813 346.3539228021381
66.25 94.09543316858009 425.1011167772291
66.25 79.70666479805166 436.4362326119227
66.25 -18.7533857478661 424.369282530673
66.25 68.56441008670404 428.4748528789885
66.25 -81.816161993647 574.4565173065582
66.25 1.479146494230396 407.1160292568771
66.25 119.3076893919993 378.9512503097754
66.25 71.79703750009003 346.800301726456
66.25 -33.35251811329039 327.281322812249
66.25 19.99872215971087 481.1888437176944
66.25 43.00951941571278 470.2552351526155
66.25 -22.12086268941678 524.5624694446807
66.25 -18.26381905728601 389.0077993231185
66.25 101.9316345235566 431.7736948439346
66.25 27.93460640166209 417.9236796031265
66.25 -7.256538081145548 492.5520207677459
66.25 -94.50981677810546 516.6466835669883
66.25 -13.85771657882265 482.6774143003511
66.25 -6.841191840188884 467.4397574966649
66.25 -40.87204407913453 556.7774534083026
66.25 -54.62918364392916 538.5217609421622
66.25 95.17782930443127 267.939178784577
66.25 -5.265487336485401 465.1293583423068
66.25 104.164744188299 399.5455905455428
66.25 -37.63017841101402 467.5355532811575
66.25 4.598178793965838 484.7175060163194
66.25 -64.08374867705521 350.809591588255
66.25 -125.4000214427176 459.0639098362948
66.25 29.29834961935344 421.2200960777519
66.25 -68.07581221585998 574.5818262442483
66.25 67.32345972261086 346.9236566094893
66.25 103.3500000000676 257.8788431169207
66.25 55.22204015345143 462.1267266350139
66.25 82.78374949083474 305.5831019963739
66.25 -126.6673206814833 516.0276899315872
66.25 5.82099300212549 478.6939844430383
66.25 2.134882574086958 266.3395971349939
66.25 -56.40115301557148 570.1630087433415
66.25 87.86303961094214 305.5788151441224
66.25 -55.98614401764887 535.8381386014371
66.25 -66.53403734648266 558.5522732050194
66.25 -120.7296123156771 538.108229557806
66.25 -109.382529251055 558.6187873897734
66.25 27.87311388690011 478.5817147836494
66.25 -25.58325886566571 522.9903009396415
66.25 -26.70008139208117 525.7162220909142
66.25 -8.458765757046528 460.0811693935632
66.25 108.6500000000507 257.8517315199064
66.25 -31.99060704457933 541.4120454068958
66.25 -1.836543187908439 446.6946731969891
66.25 -37.504807380597 457.1691214948789
66.25 35.04208872995424 268.5500955052734
66.25 -64.45437197622935 527.6702811274504
66.25 74.45823375468933 424.7136799819697
66.25 -24.04105830581734 414.1088309976985
66.25 -110.2544212632597 582.9084341428363
66.25 -73.78053871038114 554.1027120825393
66.25 -118.4442982059332 497.7337660890594
66.25 -6.555728012264112 379.8292189144856
66.25 17.13743426402443 457.7050741355841
66.25 -62.77570623201175 571.9597879706083
66.25 -64.39843084435803 558.4988449407738
66.25 -122.4769726560382 520.6491473404542
66.25 113.2759665711068 263.2648014192312
66.25 82.20102174906842 421.1680023067659
66.25 -125.7598769052303 571.2140760618254
66.25 9.867632616519034 448.3748099496627
66.25 -86.74905004651062 550.3322637599972
66.25 119.2500000000158 257.8084973705597
66.25 51.18422444151586 422.3498132669786
66.25 -4.86676325328687 472.1214062855216
66.25 51.6160630490554 437.72354873167
66.25 -36.70541895877135 461.712283524308
66.25 -41.13993853159025 493.7334292495257
66.25 -1.4917877389858 258.4212404796021
66.25 82.032783054093 357.132911012342
66.25 -32.4453389054982 512.4273870139685
66.25 -120.12189679231 320.4859889967348
66.25 -106.6249663962303 539.066832998126
66.25 1.17928671388255 436.1018833750173
66.25 -1.175740439093272 304.4265942636241
66.25 -79.18345256585319 467.6166245316525
66.25 -18.47037264385719 335.3532660290869
66.25 4.068866926955792 478.8472920679773
66.25 -110.5731314584676 456.0338303884544
66.25 -9.299590044530124 456.4682452381014
66.25 -25.52648689230299 331.6927346579647
66.25 -32.7142843296748 537.5344298687888
66.25 25.46161762509125 448.4266153842073
66.25 7.834167307873712 464.7233854473751
66.25 94.02380904802241 439.6481407081774
66.25 -66.48562404302803 346.8115217854057
66.25 31.75836451637819 478.4856108136977
66.25 -25.94342982677675 440.0250762095995
66.25 -55.62331075804513 464.5287196207028
66.25 -37.35656125156698 431.6374160722667
66.25 -70.41402503236212 565.0860649750973
66.25 -65.21651404721089 572.0870622118662
66.25 -43.86452757586891 557.5650125135562
66.25 -56.75550572144783 491.6350604818739
66.25 -20.36474746695116 422.3908954203483
66.25 -25.01214191580451 359.1916896265712
66.25 -102.7088909082753 576.8431871844257
66.25 71.59171567031159 452.5486973767261
66.25 -94.58476520260895 510.6578074764162
66.25 -54.48589348904345 488.4463344319021
66.25 -59.78312113365609 258.416236812615
66.25 -29.91260124820926 532.1535269611115
66.25 -92.91760567237642 514.5384315187522
66.25 -124.8089604221056 375.8864078676314
66.25 57.071055097096 423.200375957787
66.25 3.059810996609453 404.937808261607
66.25 -57.109035576014 262.991542293403
66.25 -10.00226948425716 446.2800988734115
66.25 -25.76456630283443 411.3881710119837
66.25 32.1528152111203 416.8117877665955
66.25 -9.693066419988599 499.4744389865261
66.25 -84.57744679584881 477.6509059977947
66.25 68.82811357829129 453.7901866779737
66.25 -69.20220763117548 562.4036159154555
66.25 -124.1098790740129 371.8862274751426
66.25 -116.5992619958219 262.3191897240437
66.25 96.22333144448248 315.0847552915662
66.25 -80.95321914217296 470.8999360868989
66.25 -19.09108964478758 518.0573597624029
66.25 -74.00956699989483 466.1362819468894
66.25 -55.37223669116394 500.8971602479232
66.25 89.28668888344841 435.1684286756053
66.25 18.11861732275381 456.082207851046
66.25 -8.550960542030486 376.4833389536905
66.25 113.8378488169407 423.8859456831747
66.25 -53.76607761990651 568.6268890589521
66.25 123.4039481477148 388.4644775909068
66.25 38.58661702128193 444.914112315253
66.25 -10.76720357124305 494.8880947499587
66.25 -66.24999999976259 257.7009477146458
66.25 66.27646317706696 456.8905163701269
66.25 -124.7648797448675 338.955851641711
66.25 -110.9157065513578 473.0185633697995
66.25 -118.4321399532436 546.4463322616922
66.25 -63.41798102395529 550.3584752906185
66.25 -111.2998675686294 262.2760325259914
66.25 98.02564574420646 428.1135818906636
66.25 3.241345417449755 457.4625056701431
66.25 0.600237467782219 262.5874226602342
66.25 -24.30283017489066 476.5900233391943
66.25 -7.949999999641675 257.6579856919104
66.25 7.534561198354779 448.4775322454146
66.25 -90.0995195336268 262.261945657381
66.25 -93.55324794363314 423.1605166689219
66.25 -3.542584239904132 465.2599351768618
66.25 -66.68171824211876 524.861407776691
66.25 124.1685126088805 348.5570461118554
66.25 -70.81295977292615 388.533567382318
66.25 -20.16975946007616 385.718590608898
66.25 -112.714435466136 452.4582463319487
66.25 -128.615754881503 258.3785339075748
66.25 -3.31778480797671 487.7046904003479
66.25 0.2336721306234242 487.1501863620144
66.25 -98.07482421124612 266.818135542966
66.25 -83.31339108607371 539.5743485851393
66.25 96.55497796570958 435.9680164658769
66.25 -56.77938721487906 497.1144003427124
66.25 124.2208504996399 338.0758040247729
66.25 128.5879585061525 258.3612946438519
66.25 123.8908709236464 263.2692239274885
66.25 84.30012017318326 353.2373280357197
66.25 -4.810528650352477 449.4473408457233
66.25 86.56962556731182 430.6358055980941
66.25 21.60551144770267 475.4908428106769
66.25 7.124588901208065 478.738529501693
66.25 -125.0616915876504 590.7972775601457
66.25 -74.20047853876471 262.2308090552237
66.25 34.00380281985657 386.0873965125568
66.25 -106.8260873838597 267.6789950025769
66.25 -71.10292109421741 347.0361748976071
66.25 -6.201747458918394 455.983497142729
66.25 -89.18489006982867 550.4772956069237
66.25 -61.06482594296109 538.8928687407191
66.25 -18.43290409149009 507.2789803263778
66.25 -80.53133166163801 539.4329332252748
66.25 -114.3602408730789 468.9664741916802
66.25 -82.74668091248287 474.2067287914414
66.25 -98.41888186574168 564.261215243302
66.25 123.6799707258383 399.2744938774747
66.25 -48.75470002484236 561.7175463770189
66.25 -89.67166348670446 509.0779376569994
66.25 -84.79990813714618 262.1953619294911
66.25 21.24488109823104 410.8543472293329
66.25 -56.27217026007311 266.9469403388984
66.25 -74.7154860741018 577.3912314201675
66.25 -129.695526728631 520.8815223476392
66.25 -48.6598763915808 514.2444873390858
66.25 -114.5294570628482 287.4270178838852
66.25 95.32197107592329 423.2806909348923
66.25 -121.7702759081957 575.9719233625156
66.25 126.2546279198652 406.4645572659829
66.25 -6.805275662025533 452.0251377555713
66.25 -36.51908670270563 539.3604794067564
66.25 -17.34827868274914 266.8855320084836
66.25 -15.029232510581 480.8641386539662
66.25 103.4171509566747 319.4350820732706
66.25 119.4414615933899 355.6843832368774
66.25 -40.47975221595497 431.6912533855452
66.25 -96.25206922016308 584.4849853803228
66.25 -78.29685512865268 262.874347733698
66.25 54.02732360976326 422.6854808282492
66.25 -11.01671415633353 266.4732416704474
66.25 68.25406284376933 418.761383647493
66.25 -117.3806609473382 417.7222955219279
66.25 -58.67179897322967 470.959998444193
66.25 -127.9111005690397 559.5672384481336
66.25 -95.35540740292967 571.2150525101393
66.25 108.4951430857754 319.4328064580522
66.25 -33.18068513852519 454.7674369731467
66.25 -116.5082158221344 433.3600751135318
66.25 78.02200913532737 438.1326472644434
66.25 35.5769831981718 473.0572734418129
66.25 -1.529457905890745 436.2698649848797
66.25 -73.56234327894117 342.9672456329602
66.25 -10.53547763716418 373.2011173639413
66.25 5.688117400083809 460.6057497440441
66.25 6.715409818552821 463.0366190086996
66.25 51.50517093692074 446.7835777280752
66.25 106.2912084586112 396.3930127879926
66.25 -36.35161772926811 465.8355155817815
66.25 115.924973754963 309.6872354662054
66.25 -12.51417097952965 369.7179047766421
66.25 100.7979848419891 375.9776388268344
66.25 7.77150260946936 477.1102603798064
66.25 -45.38261544804908 491.5103176141288
66.25 66.90088361501822 454.9226520986659
66.25 -91.24666243085895 583.8634507381012
66.25 -18.68229864159649 355.538721609598
66.25 20.26528744195588 480.1605920035119
66.25 -20.64365384507601 408.34026862922
66.25 -123.6122698519474 534.1921943254855
66.25 -68.28440631538929 560.6155914815619
66.25 -97.94605319681098 423.3522114210035
66.25 -66.07376021519825 571.0485248538546
66.25 -124.057958185687 271.9583458707513
66.25 125.6316504571619 416.3764526044958
66.25 -86.06365484009555 539.6576960081811
66.25 -124.9482976626617 328.3996097872592
66.25 110.1800269375547 418.3215958922025
66.25 -81.2527412709415 506.419995958881
66.25 -68.80659140889163 525.2669796878364
66.25 -102.9035136529235 266.9970254113409
66.25 124.2805421317746 364.1500968370337
66.25 98.43297901080359 412.4163494520969
66.25 123.7975501449677 310.6196776691312
66.25 109.6476008589265 426.7906992759249
66.25 -34.25237102132058 512.1565511104221
66.25 30.14675079781861 477.168547539699
66.25 115.723268149391 383.6893838955529
66.25 20.97984004957216 469.8379309196907
66.25 -128.4197761586808 594.7284368142358
66.25 -105.7048716182939 589.5551537905144
66.25 -51.62411645936408 267.3541959731629
66.25 -75.55017837386325 501.0294122158532
66.25 119.6775290177315 330.5819032093478
66.25 -20.38758852050286 349.4285837923338
66.25 -73.99292221276536 498.2382091912046
66.25 -116.5142862852045 595.5816088159175
66.25 -75.99283863146583 534.4829492805507
66.25 -59.86407519494129 535.8678595349937
66.25 25.419387709165 463.2434408181585
66.25 128.8811519995027 412.7549222844643
66.25 -5.673129669768272 441.3767576464807
66.25 57.80608809882816 458.8500801447333
66.25 113.4364553034509 411.3713443984813
66.25 47.62226325370924 467.6062637206091
66.25 -18.2217684295722 345.592851169107
66.25 -115.4236093728141 588.8619393744575
66.25 34.80034897739925 471.7143772032277
66.25 19.39608657624819 265.2523486736427
66.25 51.34189959121446 465.1913698229729
66.25 50.49530588787241 420.3286941251461
66.25 125.1376073252469 275.6000456700488
66.25 -78.55539442204929 539.7232728846948
66.25 3.620818802357052 482.5359300129797
66.25 26.46258352434694 445.5991965074846
66.25 7.434034785357921 266.803432751308
66.25 -118.7408978616706 491.0287779529019
66.25 -5.458490072373096 492.9555259277198
66.25 78.06486486732307 448.7617932043258
66.25 -47.70138285055778 261.9944349125834
66.25 -127.0451402577718 508.1732692526854
66.25 -123.2933630033246 573.7638824072508
66.25 -124.0602974503168 588.155660603205
66.25 -31.71308259044868 452.5752674554131
66.25 -54.06091121843653 467.805674164806
66.25 124.9699416297088 322.0151226718962
66.25 72.65033807730642 427.0294431038853
66.25 -46.81720517884228 450.1984293341906
66.25 -127.9556660668007 599.9229907686916
66.25 -34.45197691803284 323.9905981427514
66.25 -117.4038482803893 452.6106342877926
66.25 -99.79885457729146 584.4339235267411
66.25 -117.511778989056 469.6716816111775
66.25 -13.4728845031666 509.5807536651412
66.25 28.2692191637881 382.8498606490546
66.25 -110.7118596708652 545.0849814834871
66.25 6.284650217040899 455.9578671188925
66.25 -50.73849498958293 458.0402974098674
66.25 -121.8498053529591 486.3265791082019
66.25 88.76025017214999 441.0562491339824
66.25 29.86500457594742 449.2329614178714
66.25 -1.883464520135006 442.1647443686817
66.25 -75.67908205618679 462.4418798606752
66.25 -33.21907704300965 449.0483515570085
66.25 53.74800330368525 442.8282392253334
66.25 -39.74999999970753 257.3595652876934
66.25 52.60757757759871 445.1739058851006
66.25 -66.05950358568771 550.1774778303088
66.25 34.20577701418554 475.7271907658195
66.25 -2.741236535608519 462.9347769791105
66.25 -48.46781883532889 452.9580703195309
66.25 -108.7867124959784 542.0924652026168
66.25 -87.78522107514181 561.7792926418813
66.25 -73.04441969858597 384.9955460749914
66.25 -77.26470910543524 537.3131630471793
66.25 -108.1948247275118 592.6233463075935
66.25 71.19353124199704 429.2336909937612
66.25 -72.3904770664619 495.5389130256579
66.25 19.58725267237617 407.9733253568597
66.25 -26.82371987905569 476.6081918228902
66.25 -16.05196434800834 341.6956332515767
66.25 33.05095096012177 414.7790214455113
66.25 -47.96898878344081 559.1849600568503
66.25 -69.88398123843623 563.8277040603753
66.25 -43.58494694794865 493.8437399206478
66.25 -76.98122147616444 503.7988456323089
66.25 -125.3330193527693 567.4221891373978
66.25 24.45203580206566 461.6246569409058
66.25 -126.708577351864 528.8055612697519
66.25 44.68173151786231 411.8737904708881
66.25 -37.81787539244896 463.4584324416568
66.25 -44.73922168625316 540.6443324044396
66.25 21.95616023433354 260.7833139053882
66.25 95.8620110748812 427.9431077537959
66.25 -87.05286055917431 580.8674826697755
66.25 -101.823827997105 575.1079111956757
66.25 -58.13440418781586 568.8127681409446
66.25 111.9063240809057 314.6953481654199
66.25 23.80506976831061 471.06098143207
66.25 -110.5352848002614 555.5656197758444
66.25 -50.03707459350563 493.525737739355
66.25 52.35387158110194 464.6197908058179
66.25 6.23081062338372 300.2987959113518
66.25 47.93983842573057 411.8790494922936
66.25 -33.73024602842843 539.0326530506964
66.25 124.8342520076071 301.4866651709266
66.25 -2.993230282056716 449.7263576866231
66.25 37.05328966626129 448.7169968151966
66.25 -110.6689981474169 550.4237400855811
66.25 -119.8540791668932 466.0120519214956
66.25 124.8771970623548 285.742331637773
66.25 -39.55655816856575 541.030791669465
66.25 64.79043853035787 454.1816873543982
66.25 32.68805830317832 448.751726978091
66.25 107.258827918182 428.4276318671664
66.25 -129.9048898197792 441.6529067902504
66.25 85.54321900569521 403.2692805061289
66.25 -23.84999999967459 257.2608505357459
66.25 9.49335519920562 481.6498986598999
66.25 -77.30396955202379 552.2184240060964
66.25 -43.96589900999993 262.741971894282
66.25 42.92763659444399 414.6046517135807
66.25 119.6069045237495 310.3417037980289
66.25 -14.62374645900956 364.9503314312141
66.25 -45.68381250425794 323.5065413846476
66.25 -17.2614528072266 513.0967733215145
66.25 36.61151800478367 414.4269255655103
66.25 103.1071009857122 371.8842293415715
66.25 -97.4170156324532 561.9362147247842
66.25 26.2355814033241 378.3119068048775
66.25 -66.90390893940616 569.0793029577545
66.25 69.78032805627791 389.5221610774663
66.25 64.78898501465574 426.0552017518087
66.25 34.01105663175193 470.3808023253499
66.25 85.75825963585021 428.8036139905955
66.25 -43.86297525936779 431.7551556266245
66.25 -60.04017398600774 473.4978392406655
66.25 100.6349927840764 433.0171157936796
66.25 -23.82300129383316 356.3718350145558
66.25 -123.4965190346483 501.9588031896211
66.25 -18.54999999966363 257.2278460617522
66.25 -41.88443244925806 541.0734480301065
66.25 -22.02288714023865 382.614805769622
66.25 -125.8390723099545 360.524167858686
66.25 50.1442035139144 466.3807338195132
66.25 35.94442283201067 351.4050719292421
66.25 99.14467181266909 263.0876134408811
66.25 -72.66249125434437 565.4095038968115
66.25 -37.25472035192375 541.0612353729587
66.25 -130.7675146174104 600.9295081891562
66.25 -78.47163449228097 506.6064979573164
66.25 -6.103546765330209 495.7507546478902
66.25 -121.2585657367197 389.3506470180828
66.25 73.6949673989014 441.0033609885251
66.25 -86.93349707038986 488.0911447119013
66.25 -89.66291385478786 539.742045173579
66.25 67.95124182508098 426.7673169238575
66.25 -30.78657824644382 529.6035189272675
66.25 -124.6123981116827 517.7924315262995
66.25 83.13799263547122 436.7470702908318
66.25 -51.58955529851767 491.0857032659338
66.25 -52.73543184187442 557.4960552684382
66.25 -84.98769061379345 506.4632589367014
66.25 115.7628480791206 419.1430017887037
66.25 -121.9289746667079 452.9335036625898
66.25 -2.969660960307675 445.2009337785478
66.25 -29.83867023400827 476.4243577245784
66.25 -70.55656152609299 575.8887173283855
66.25 82.16418103479474 446.1961596248847
66.25 -55.49596135850024 495.4437886135851
66.25 5.286442796152771 483.8594032235529
66.25 95.36754885761856 437.3691284431877
66.25 -3.363773066528366 491.4198789291239
66.25 -48.03890676807495 458.2303457595968
66.25 -80.95882448438532 573.1195860519513
66.25 -77.28039324708669 532.9570333545399
66.25 35.26565645935094 450.9158468435725
66.25 -86.50180643613334 481.7080459260627
66.25 12.97081638023714 266.4541208701681
66.25 46.16385245745209 468.8677720446483
66.25 -32.25276820349999 543.2810152875377
66.25 65.15556707540289 406.2759492850406
66.25 -124.3182244194648 314.2364123630895
66.25 -43.62908292759753 401.8027576987344
66.25 33.78563080334366 347.758118835845
66.25 -54.25144906340846 562.2811905783752
66.25 -115.0858902947106 592.737546641036
66.25 99.76385147669855 314.6586672393761
66.25 -94.63259902586751 584.150077766742
66.25 -61.66324996855502 571.8215102758135
66.25 -88.63925016397664 506.7394635374351
66.25 87.8934644765541 436.7512007778423
66.25 -28.85440000753613 447.6553556157663
66.25 -123.6580718267886 461.8137231967164
66.25 -127.8594506700981 574.458622025566
66.25 -120.8319183499164 352.1888152552546

CELLS 14367 56704
1 0
1 1
1 2
1 3
1 4
1 5
1 6
1 7
1 8
1 9
1 10
1 11
1 12
1 13
1 14
1 15
1 16
1 17
1 18
1 19
1 20
1 21
1 22
1 23
1 24
1 25
1 26
1 27
1 28
1 29
1 30
1 31
1 32
1 33
1 34
1 35
1 36
1 37
1 38
1 39
1 40
1 41
1 42
1 43
1 44
1 45
1 46
1 47
1 48
1 49
1 50
1 51
1 52
1 53
1 54
1 55
1 56
1 57
1 58
1 59
1 60
1 61
1 62
1 63
1 64
1 65
1 66
1 67
1 68
1 69
1 70
1 71
1 72
1 73
1 74
1 75
1 76
1 77
1 78
1 79
1 80
1 81
1 82
1 83
1 84
1 85
1 86
1 87
1 88
1 89
1 90
1 91
1 92
1 93
1 94
1 95
1 96
1 97
1 98
1 99
1 100
1 101
1 102
1 103
1 104
1 105
1 106
1 107
1 108
1 109
1 110
1 111
1 112
1 113
1 114
1 115
1 116
1 117
1 118
1 119
1 120
1 121
1 122
1 123
1 124
1 125
1 126
1 127
1 128
1 129
1 130
1 131
1 132
1 133
1 134
1 135
1 136
1 137
1 138
1 139
1 140
1 141
1 142
1 143
1 144
1 145
1 146
1 147
1 148
1 149
1 150
1 151
1 152
1 153
1 154
1 155
1 156
1 157
1 158
1 159
1 160
1 161
1 162
1 163
1 164
1 165
1 166
1 167
1 168
1 169
1 170
1 171
1 172
1 173
1 174
1 175
1 176
1 177
1 178
1 179
1 180
1 181
1 182
1 183
1 184
1 185
1 186
1 187
1 188
1 189
1 190
1 191
1 192
1 193
1 194
1 195
1 196
1 197
1 198
1 199
1 200
2 0 1
2 1 2
2 2 3
2 3 4
2 4 5
2 5 6
2 6 7
2 7 8
2 8 9
2 9 10
2 10 11
2 11 12
2 12 13
2 13 14
2 14 15
2 15 16
2 16 17
2 17 18
2 18 19
2 19 20
2 20 21
2 21 22
2 22 23
2 23 24
2 24 25
2 25 26
2 26 27
2 27 28
2 28 29
2 29 30
2 30 31
2 31 32
2 32 33
2 33 34
2 34 35
2 35 36
2 36 37
2 37 38
2 38 39
2 39 40
2 40 41
2 41 42
2 42 43
2 43 44
2 44 45
2 45 46
2 46 47
2 47 48
2 48 49
2 49 50
2 50 51
2 51 52
2 52 53
2 53 54
2 54 55
2 55 56
2 56 57
2 57 58
2 58 59
2 59 60
2 60 61
2 61 62
2 62 63
2 63 64
2 64 65
2 65 66
2 66 67
2 67 68
2 68 69
2 69 70
2 70 71
2 71 72
2 72 73
2 73 74
2 74 75
2 75 76
2 76 201
2 201 77
2 77 202
2 202 78
2 78 203
2 203 79
2 79 80
2 80 81
2 81 82
2 82 83
2 83 84
2 84 85
2 85 86
2 86 204
2 204 87
2 87 88
2 88 89
2 89 90
2 90 91
2 91 92
2 92 93
2 93 94
2 94 95
2 95 96
2 96 97
2 97 98
2 98 99
2 99 100
2 100 101
2 101 102
2 102 103
2 103 104
2 104 105
2 105 106
2 106 107
2 107 108
2 108 109
2 109 110
2 110 111
2 111 112
2 112 113
2 113 114
2 114 115
2 115 116
2 116 117
2 117 118
2 118 119
2 119 120
2 120 121
2 121 122
2 122 123
2 123 124
2 124 125
2 125 126
2 126 127
2 127 128
2 128 129
2 129 130
2 130 131
2 131 132
2 132 133
2 133 134
2 134 135
2 135 136
2 136 137
2 137 138
2 138 139
2 139 140
2 140 141
2 141 142
2 142 143
2 143 144
2 144 145
2 145 146
2 146 147
2 147 148
2 148 149
2 149 150
2 150 151
2 151 152
2 152 153
2 153 154
2 154 155
2 155 156
2 156 157
2 157 158
2 158 159
2 159 160
2 160 161
2 161 162
2 162 163
2 163 164
2 164 165
2 165 166
2 166 167
2 167 168
2 168 169
2 169 170
2 170 171
2 171 172
2 172 173
2 173 174
2 174 175
2 175 176
2 176 177
2 177 178
2 178 179
2 179 180
2 180 181
2 181 182
2 182 183
2 183 184
2 184 185
2 185 186
2 186 187
2 187 188
2 188 189
2 189 190
2 190 191
2 191 192
2 192 193
2 193 194
2 194 195
2 195 196
2 196 197
2 197 198
2 198 205
2 205 206
2 206 207
2 207 208
2 208 209
2 209 210
2 210 211
2 211 212
2 212 213
2 213 214
2 214 215
2 215 216
2 216 217
2 217 218
2 218 219
2 219 220
2 220 221
2 221 222
2 222 223
2 223 224
2 224 225
2 225 226
2 226 227
2 227 228
2 228 229
2 229 230
2 230 231
2 231 232
2 232 233
2 233 234
2 234 199
2 199 235
2 235 236
2 236 237
2 237 238
2 238 239
2 239 240
2 240 241
2 241 242
2 242 243
2 243 244
2 244 245
2 245 246
2 246 247
2 247 248
2 248 249
2 249 250
2 250 251
2 251 252
2 252 253
2 253 254
2 254 255
2 255 256
2 256 257
2 257 258
2 258 259
2 259 260
2 260 261
2 261 262
2 262 263
2 263 264
2 264 265
2 265 266
2 266 267
2 267 268
2 268 269
2 269 270
2 270 271
2 271 272
2 272 273
2 273 274
2 274 275
2 275 276
2 276 277
2 277 278
2 278 279
2 279 280
2 280 281
2 281 282
2 282 283
2 283 200
2 200 284
2 284 285
2 285 286
2 286 287
2 287 288
2 288 289
2 289 290
2 290 291
2 291 292
2 292 293
2 293 294
2 294 295
2 295 296
2 296 297
2 297 298
2 298 299
2 299 300
2 300 301
2 301 302
2 302 303
2 303 304
2 304 305
2 305 306
2 306 307
2 307 308
2 308 309
2 309 310
2 310 311
2 311 312
2 312 313
2 313 314
2 314 315
2 315 316
2 316 317
2 317 318
2 318 319
2 319 320
2 320 321
2 321 322
2 322 323
2 323 324
2 324 325
2 325 326
2 326 327
2 327 328
2 328 329
2 329 330
2 330 331
2 331 332
2 332 333
2 333 334
2 334 335
2 335 336
2 336 337
2 337 338
2 338 339
2 339 340
2 340 341
2 341 342
2 342 343
2 343 344
2 344 345
2 345 346
2 346 347
2 347 348
2 348 349
2 349 350
2 350 351
2 351 352
2 352 353
2 353 354
2 354 355
2 355 356
2 356 357
2 357 358
2 358 359
2 359 360
2 360 361
2 361 0
3 4194 4368 5705
3 1815 4822 6810
3 5568 3922 6465
3 4674 731 4679
3 4106 2083 4530
3 85 86 5187
3 4148 3184 4286
3 2067 4772 6862
3 3187 3287 6034
3 4717 4581 6519
3 3170 3169 4166
3 4192 1653 6068
3 4153 1968 4155
3 2074 4194 5705
3 3400 4181 4352
3 3551 4163 4164
3 1424 1534 4232
3 3922 5568 6492
3 4397 3732 4647
3 6583 3979 6656
3 3250 2720 4168
3 755 732 5414
3 5841 2516 6270
3 4491 806 5486
3 2782 4906 5596
3 2316 4309 5538
3 1815 1813 4822
3 4356 5318 6138
3 2067 2283 4772
3 953 1723 4498
3 4517 1381 6433
3 5267 3926 5703
3 87 88 374
3 2078 4038 5735
3 2403 5267 5703
3 1071 3978 5906
3 1390 1050 6319
3 4039 2430 4421
3 4044 499 4307
3 3559 4655 6018
3 363 4213 4366
3 2430 4039 4308
3 3979 97 6925
3 1653 4192 6206
3 4021 3249 5156
3 5973 1427 5984
3 3837 4530 6921
3 439 4581 4717
3 2440 2385 6045
3 4100 5575 6272
3 4368 4367 4663
3 4341 4513 4567
3 4823 4090 5140
3 3349 4640 5514
3 4958 3725 6224
3 4994 3897 5754
3 4021 5156 5416
3 499 4044 4856
3 4038 2078 4436
3 4264 380 4928
3 3170 4166 4167
3 3978 1071 5899
3 2930 4045 6016
3 2782 4905 4906
3 2767 4508 5279
3 1533 1424 4232
3 4940 3638 6154
3 4320 755 5414
3 4367 2838 4663
3 1143 4400 6995
3 4065 1821 4238
3 3137 5330 5561
3 4781 4074 6055
3 3991 3990 4250
3 5981 4189 6904
3 4958 6224 6936
3 1169 1173 5062
3 79 3828 6748
3 4045 2930 5772
3 93 94 4082
3 1143 1146 4400
3 4443 2440 6045
3 4302 4303 5939
3 1821 4065 6986
3 415 4350 6362
3 4830 909 6948
3 5319 3889 5423
3 4451 421 6557
3 2007 4671 4672
3 4569 5199 6227
3 3537 6268 6474
3 4105 3061 4192
3 4267 5973 5984
3 4169 4686 4907
3 6056 408 6410
3 4147 3184 4148
3 75 76 6291
3 1822 1825 4238
3 2917 4126 4131
3 4026 3991 4250
3 899 909 4830
3 3449 4114 4406
3 3978 5899 5938
3 4562 4451 6557
3 3551 3550 4163
3 4597 1541 5185
3 3061 4105 4191
3 434 4075 4316
3 4513 725 4567
3 4189 4188 6904
3 4290 3139 5219
3 3224 4109 4111
3 4938 3559 6018
3 135 384 7067
3 4411 4068 5958
3 5984 1427 6070
3 3786 6064 6322
3 3775 4882 4938
3 314 431 4817
3 757 755 4320
3 96 97 3979
3 4677 4763 5341
3 3946 4345 5158
3 4114 3449 4405
3 4181 3400 4182
3 2206 2060 6368
3 2948 3618 4537
3 3551 4164 4165
3 3899 5831 6483
3 1541 4597 5054
3 5330 4721 5561
3 3837 4106 4530
3 1476 4397 4647
3 2233 2917 4131
3 6401 5623 6450
3 5899 1782 5938
3 3548 5645 6105
3 4023 1802 6734
3 4112 1168 5062
3 1767 4346 4458
3 4295 3287 5382
3 3532 2823 4243
3 4075 434 4640
3 3470 5684 6040
3 4274 498 5188
3 4435 1034 6957
3 1813 1811 6515
3 4172 1644 6020
3 3255 4366 4749
3 5498 3023 5567
3 4350 5411 6362
3 2038 4304 4621
3 38 39 4566
3 4348 135 7067
3 361 0 6188
3 442 4124 6061
3 1318 4468 5339
3 5113 2743 5246
3 2843 2995 5753
3 3400 3227 4182
3 5645 4590 6105
3 3462 4750 5730
3 712 714 4682
3 4787 5984 6070
3 4213 363 5437
3 5199 3965 6227
3 2989 3882 6100
3 5291 6074 6466
3 1802 4023 5757
3 2246 4978 5734
3 467 4036 6447
3 2836 4515 4734
3 4282 4613 5929
3 3952 5229 6016
3 6048 3972 6603
3 4679 731 5742
3 3287 4295 6034
3 313 314 4817
3 5684 5043 6040
3 4274 5188 5592
3 4438 4436 6473
3 3981 3553 5226
3 4445 2039 5608
3 2404 6214 6229
3 3960 3130 4960
3 4019 4640 5607
3 1032 1034 4435
3 4205 440 5781
3 4332 4905 6269
3 5682 2047 5858
3 1821 1822 4238
3 3964 3963 5217
3 4109 3224 4115
3 4998 5682 5858
3 3422 5350 6092
3 4517 4049 4568
3 4904 4639 5791
3 4869 413 5140
3 4346 4059 4458
3 410 6201 6575
3 4309 2316 7012
3 5281 4531 5403
3 4294 4295 5382
3 2842 4096 5752
3 6557 5995 6666
3 3818 5270 6233
3 4113 2079 4290
3 3533 2404 6266
3 2079 4113 5062
3 438 4162 6111
3 407 4531 5281
3 5497 5498 5567
3 1968 4153 4722
3 750 4675 4677
3 3449 2245 4405
3 4721 889 6574
3 1213 6048 6603
3 6621 3821 6627
3 4149 1533 4232
3 4541 4534 4542
3 639 641 4257
3 4049 4517 6433
3 6074 501 6466
3 6214 4245 6229
3 2858 4317 4962
3 4335 4338 5033
3 5054 4184 6572
3 5209 2726 6211
3 3250 4168 4169
3 4371 2206 6368
3 5270 3818 6804
3 802 4100 4851
3 422 92 4173
3 1995 1992 4612
3 4686 4169 6526
3 108 109 4363
3 1618 1769 5955
3 4165 480 6307
3 5575 2045 6272
3 10 11 5781
3 4158 3488 5753
3 2404 6229 6266
3 2827 5092 5093
3 4568 4049 6788
3 4133 1006 4151
3 134 135 4348
3 2743 5113 5247
3 4454 2419 4750
3 2989 6100 6386
3 2564 4681 5377
3 579 581 5117
3 4768 4130 6423
3 4705 6621 6627
3 413 4823 5140
3 3653 5395 5397
3 4035 5114 5115
3 4096 2842 5753
3 5879 5209 6211
3 440 4205 6507
3 2882 3272 4607
3 615 675 5099
3 4468 1318 6955
3 203 79 6748
3 4767 4768 6323
3 2564 5377 5378
3 2234 4904 5791
3 3267 4313 4342
3 3217 4717 6519
3 4822 1813 6515
3 6082 4854 6377
3 1723 2111 4498
3 422 4173 4174
3 3123 6077 6800
3 490 108 4363
3 2435 5385 6698
3 3846 4942 6773
3 4137 3786 6322
3 4352 4181 6491
3 2827 5093 5095
3 380 4264 4927
3 4317 4319 4962
3 4126 2917 4310
3 3019 2982 4413
3 4458 4059 4516
3 5325 3564 6015
3 1014 4447 5608
3 3388 5146 6987
3 4365 6056 6410
3 4411 213 6093
3 5025 5109 6898
3 4384 3245 4523
3 4406 1576 5917
3 1644 4626 6020
3 4686 455 4907
3 74 75 419
3 4240 3233 4241
3 4813 379 4815
3 3639 6082 6377
3 5318 4356 6489
3 1168 4112 6005
3 3568 5966 6088
3 5130 5183 5430
3 2203 3061 4191
3 4074 4781 4782
3 4366 4213 4749
3 4915 668 4984
3 4523 3245 7042
3 3931 5332 6365
3 4410 4411 5958
3 3430 3908 4712
3 3737 4150 4386
3 2083 4106 6724
3 3808 4515 5977
3 2287 4946 5605
3 4130 4768 6385
3 1050 4620 6319
3 94 95 377
3 4905 2782 6269
3 806 4491 6198
3 4730 4728 6464
3 4763 4677 4944
3 4497 953 4498
3 4168 2720 4265
3 4468 4467 5339
3 3233 3232 4241
3 4447 4445 5608
3 2083 4201 4530
3 3173 2824 5095
3 5217 3963 6778
3 4193 3837 6921
3 4447 1014 5478
3 3449 4406 5917
3 4217 3429 4228
3 4169 4168 6526
3 5012 255 6980
3 4304 2038 5251
3 4122 4019 5607
3 2858 4107 4317
3 2419 4454 5763
3 3380 5820 6126
3 5385 4972 6698
3 4361 1294 5534
3 6077 5304 6800
3 4100 802 5575
3 3903 6557 6666
3 4162 438 6170
3 4338 2891 5033
3 3803 5909 6468
3 583 585 5271
3 254 255 5012
3 3475 2821 4204
3 2575 4487 6264
3 4512 4121 6007
3 3388 4140 5146
3 3298 4357 4359
3 97 446 6925
3 4113 4290 5219
3 2250 4940 6154
3 4835 6401 6450
3 6735 4662 6932
3 3670 4213 5437
3 3846 3673 4942
3 2153 1734 4503
3 387 4686 6526
3 4436 2078 6473
3 5561 4721 6574
3 4613 3505 5929
3 5709 3967 6096
3 3985 4062 4211
3 4246 3266 4247
3 6149 2905 6407
3 3296 3298 4359
3 502 73 4216
3 3893 4079 4425
3 2726 5209 6890
3 253 254 6509
3 3130 3683 4960
3 3475 4204 4205
3 5394 2961 5625
3 1142 1143 6995
3 491 4260 6610
3 5229 2930 6016
3 3985 3984 4062
3 5064 5066 6390
3 5315 2929 5317
3 4280 503 4960
3 3429 3240 4228
3 4460 4455 5956
3 4023 4024 5757
3 4107 2858 4556
3 4068 4411 6093
3 2460 4664 5683
3 714 1511 4682
3 2449 4746 6438
3 4754 4755 6213
3 6129 4500 6622
3 4381 2206 6379
3 4664 4199 5683
3 4508 2767 6979
3 443 4754 6213
3 6408 1043 6459
3 4937 4748 6682
3 4763 2037 5341
3 6048 4118 6260
3 675 4440 5099
3 3972 6048 6260
3 1978 757 4320
3 3266 3265 4247
3 4733 3809 5036
3 4990 2669 6561
3 3127 3737 4386
3 4527 4098 4735
3 377 95 3263
3 6201 4694 6575
3 687 690 4328
3 4168 4167 6526
3 4552 4553 5598
3 4649 3624 6139
3 4516 4059 6818
3 3918 5497 5567
3 4518 6408 6459
3 4204 3961 4205
3 668 4915 6755
3 2220 6258 6780
3 2245 2763 4405
3 4915 4258 4917
3 4104 5049 6058
3 3184 4147 4449
3 5757 4024 6001
3 6740 3901 6746
3 6144 2922 6204
3 5187 448 6274
3 1936 4055 6814
3 3517 3305 4490
3 3353 4200 4218
3 1030 1032 6234
3 4124 442 6651
3 3673 4271 4942
3 4739 4715 6470
3 4112 3654 6712
3 1071 4081 5798
3 5326 5325 6015
3 1769 4354 5955
3 2206 4381 6329
3 4975 3834 6354
3 4671 2007 5271
3 502 4216 4398
3 4768 3661 6323
3 6258 4701 6780
3 1978 4183 4321
3 2989 6386 6589
3 5188 3381 5592
3 4036 467 6354
3 4055 1936 6184
3 5106 3609 5107
3 3533 4071 6310
3 4487 4418 6264
3 3912 6068 6481
3 4275 5680 6140
3 3664 4118 5226
3 1541 5054 6572
3 2851 4734 6416
3 5705 4368 6735
3 4345 2301 5158
3 3736 3121 4285
3 3669 4429 6148
3 4928 6149 6407
3 5183 4803 5430
3 369 4275 4276
3 4500 1476 6622
3 4071 3533 6266
3 4978 4116 5734
3 1046 5709 6096
3 5832 2209 6012
3 399 4333 5072
3 4070 6144 6204
3 5820 3833 6126
3 1533 4149 4493
3 489 4484 4485
3 1817 2128 5900
3 2266 5459 5460
3 4681 2564 5539
3 4211 2758 4212
3 5786 4625 6021
3 3281 4398 6116
3 4384 4337 5695
3 551 4861 5112
3 4398 4216 6116
3 3245 4384 5695
3 4660 4662 6735
3 575 577 5341
3 4553 2859 5598
3 4748 5656 6682
3 2952 4730 6464
3 5497 3918 5624
3 5109 4691 6898
3 3903 6666 7058
3 4979 454 6904
3 4045 5772 6153
3 4081 1071 5906
3 5685 2449 6438
3 4183 1978 4320
3 2554 4291 4556
3 5049 4104 6879
3 3641 3127 4386
3 4712 3908 6852
3 5190 3537 6474
3 480 4165 6539
3 3352 3353 4218
3 4282 2152 4613
3 4205 3961 6507
3 4936 4748 4937
3 4070 3719 6144
3 3674 3370 4404
3 4392 3537 5190
3 4882 2304 4938
3 4425 4079 6419
3 3827 4481 7074
3 658 4195 4529
3 1784 4709 4985
3 2333 4481 5347
3 1133 4208 4256
3 1006 4133 4939
3 1168 1169 5062
3 4362 4361 5534
3 5022 6155 6807
3 4959 3960 4960
3 2233 4131 4548
3 2266 5458 5459
3 3993 6689 6992
3 4360 3042 5171
3 5741 1781 5798
3 4280 4960 6897
3 93 4082 4173
3 4816 6177 6850
3 944 4998 5576
3 4079 3019 4413
3 2287 4945 4946
3 2128 4351 5900
3 465 4747 4936
3 1144 4392 5190
3 6005 4112 6712
3 4640 4019 5514
3 2073 4226 4469
3 4750 2419 5730
3 5022 2941 6155
3 3834 4975 6495
3 731 4674 5271
3 764 6740 6746
3 4081 5741 5798
3 3349 4075 4640
3 6270 2516 6630
3 4537 3618 4750
3 4427 2769 4428
3 4368 4663 6735
3 4163 3550 4514
3 4178 408 6056
3 2961 4349 5625
3 832 830 4571
3 6210 3650 6508
3 4150 3737 5295
3 4363 363 4366
3 5345 4006 6235
3 3135 6064 6081
3 414 4292 6549
3 4354 1769 5175
3 4345 3946 5159
3 732 721 5414
3 4258 4915 4984
3 4198 1511 4683
3 4193 3903 7058
3 3719 4070 6859
3 5308 4961 5921
3 3860 5478 6029
3 3064 2515 4821
3 1511 4198 4682
3 1194 2989 6589
3 3248 4179 4538
3 4646 5210 6922
3 4244 3285 4488
3 5210 1667 6922
3 3263 3979 6583
3 3981 5226 5227
3 6186 324 6447
3 2851 6416 6472
3 4155 1968 4157
3 5696 4994 5754
3 1171 1167 5227
3 1801 687 4328
3 977 6215 6222
3 5478 1014 6029
3 4253 3971 6582
3 4137 6322 6741
3 3743 4119 6141
3 3832 5588 6111
3 6283 2036 6290
3 6215 4233 6222
3 711 5705 6735
3 39 369 4566
3 3993 3982 6689
3 1032 4435 6234
3 5332 3931 6341
3 4236 385 6027
3 3351 4369 5184
3 909 1401 6948
3 64 375 4306
3 4200 3353 4469
3 2961 3718 4349
3 3370 3367 4404
3 5576 4226 5678
3 1786 1388 4336
3 3704 5786 6021
3 4117 1782 5887
3 4094 4095 6522
3 104 105 500
3 3815 3395 4780
3 5624 3918 6026
3 4366 3255 6412
3 5319 5423 6418
3 4542 4534 5487
3 3322 4244 4488
3 4006 5345 6806
3 3922 4894 7080
3 4515 2836 5977
3 87 3838 6765
3 426 4210 6802
3 4481 3827 5347
3 4429 3253 6148
3 3703 4739 6470
3 4998 944 5682
3 4405 2763 5535
3 62 63 4297
3 3795 4666 6285
3 4682 4681 5539
3 587 589 5742
3 4118 3664 6260
3 4255 488 6300
3 4666 3795 6697
3 4221 3907 6400
3 6322 632 6741
3 5479 3723 5692
3 3832 5580 5588
3 6400 3907 6401
3 951 953 4497
3 2497 3070 4624
3 6177 4992 6850
3 6416 4730 6472
3 4252 365 5639
3 6268 3958 6474
3 3248 2948 4537
3 3909 5841 6270
3 4151 1006 4722
3 3169 3551 4166
3 368 4101 6605
3 1552 1621 5236
3 1734 1971 4503
3 6058 2676 6565
3 3532 4243 6060
3 3266 4246 4248
3 2203 4191 4594
3 3545 6079 6165
3 3321 4489 4490
3 636 658 4529
3 4916 6283 6290
3 3119 3899 5238
3 3233 4240 4242
3 2894 2590 4563
3 2901 4235 7018
3 4369 1010 5184
3 944 5576 5678
3 4297 63 4306
3 5987 3627 6798
3 4679 4661 4680
3 4844 4916 4918
3 1992 1431 4612
3 3905 5007 6210
3 4261 4319 6610
3 5772 4346 6153
3 459 202 4927
3 5057 5590 6166
3 6068 1653 6481
3 6230 4037 6284
3 6381 3691 6723
3 4381 5205 6329
3 3564 5325 6885
3 4182 3227 4587
3 3553 3664 5226
3 5564 3902 6487
3 1173 2079 5062
3 5169 6318 6912
3 4467 3247 5339
3 2333 4480 4481
3 4089 4088 5919
3 4179 3248 4537
3 3272 4047 4607
3 4026 4250 4251
3 4878 4877 4897
3 1727 5564 6487
3 466 4287 6625
3 4894 3922 6492
3 3897 4994 6332
3 3454 5624 6026
3 4808 4632 5840
3 641 1133 4257
3 2842 2843 5753
3 5251 2038 5264
3 6726 1141 6817
3 459 4927 6728
3 4037 3715 6284
3 359 503 4280
3 3298 3297 4402
3 4401 3298 4402
3 2007 4672 5117
3 5365 3742 5446
3 4677 4676 4944
3 4061 6324 6813
3 1034 1038 6957
3 4515 3809 4733
3 6516 3566 6582
3 3368 3367 3369
3 5482 6143 6620
3 4948 6219 6223
3 5590 5057 6968
3 4581 439 5467
3 4208 1133 5636
3 5066 2991 6390
3 3871 6637 6691
3 5239 4208 5636
3 4201 2083 4585
3 5939 4303 6970
3 3898 6583 6656
3 4628 3763 6411
3 4253 6582 6694
3 5205 4381 6754
3 1782 4117 5938
3 3604 4100 6272
3 254 5012 6509
3 720 710 4722
3 4336 4335 5033
3 3448 5004 5609
3 4260 4261 6610
3 5350 3617 6092
3 3488 4158 6857
3 3793 6608 6692
3 2720 2176 4265
3 390 4203 5159
3 4136 386 6186
3 677 6001 6551
3 3285 3604 4488
3 5360 6267 6674
3 613 615 5099
3 4380 4383 6298
3 4212 3344 4237
3 1540 6131 6469
3 4383 6263 6298
3 1073 5755 5887
3 3934 3933 6623
3 750 4677 5341
3 4424 6490 6548
3 4265 2176 4464
3 5680 484 6140
3 4262 2883 4278
3 4080 3173 5095
3 5085 5086 5092
3 4266 1801 4328
3 6206 4192 6435
3 4484 489 6352
3 6819 4053 6906
3 6292 4563 6554
3 4065 4426 6986
3 4496 4498 6634
3 1323 4732 4733
3 4812 4818 6136
3 3261 5189 6092
3 3337 4939 6142
3 4877 1869 4897
3 4515 4733 4734
3 3119 5238 5923
3 2893 3485 4293
3 4305 4302 5939
3 4508 5080 5279
3 3926 5019 5764
3 5089 1370 5091
3 4734 2851 6327
3 6693 4003 6792
3 4376 6726 6817
3 2280 3016 4312
3 4188 4979 6904
3 5395 3653 6156
3 4948 1682 6219
3 4013 4850 6931
3 4223 2005 4924
3 3448 5003 5004
3 6623 3933 6639
3 4192 4612 6435
3 3352 4218 4547
3 131 6061 6593
3 3898 4655 6583
3 1323 4731 4732
3 4676 2825 4944
3 212 213 4411
3 413 4869 6265
3 1868 4331 4332
3 4271 208 4942
3 4498 4499 6634
3 4902 6411 6588
3 5227 1166 6463
3 2763 3355 5535
3 4094 6522 6768
3 4490 4491 5486
3 4708 4707 6256
3 5306 4468 6955
3 5755 4117 5887
3 5007 3709 5908
3 4842 6325 6393
3 3905 6210 6508
3 6237 4928 6748
3 6637 726 6691
3 1720 4477 5236
3 4260 491 6941
3 5318 5316 6138
3 1786 4336 4337
3 6361 4209 6660
3 6659 4128 6663
3 972 951 4497
3 4430 4615 4616
3 3164 3163 4321
3 450 4355 5323
3 4851 4521 5530
3 4268 5486 5611
3 4199 1624 5683
3 5007 3905 6387
3 4747 4748 4936
3 5251 5264 7073
3 4846 4842 6393
3 2297 2903 4514
3 4629 3761 5037
3 4519 1998 4521
3 4301 4298 4306
3 5457 5244 5459
3 2522 5180 6633
3 5486 806 5611
3 4322 1260 5252
3 3369 4000 4270
3 2995 4158 5753
3 2827 5085 5092
3 6311 3639 6377
3 2823 3233 4243
3 402 4485 5109
3 5238 3899 6483
3 4101 368 6013
3 4428 2769 5536
3 4130 3901 7048
3 2900 2153 4503
3 2034 6693 6792
3 6064 3786 6081
3 4521 1998 5530
3 4173 4082 4177
3 4850 4013 6951
3 6032 441 6825
3 5966 2204 6088
3 4406 4563 6292
3 5180 2522 6665
3 3901 4130 6746
3 4292 414 6301
3 6411 3763 6588
3 4244 3322 4492
3 3530 6259 6702
3 4349 3718 4504
3 5072 4333 6684
3 6324 405 6813
3 4354 5175 5262
3 4675 750 5117
3 551 5112 5246
3 4815 379 6461
3 4546 1895 5207
3 4135 6186 6447
3 6608 5524 6692
3 2462 5003 5823
3 5703 3926 5764
3 581 2007 5117
3 2669 4990 6192
3 6118 5356 6771
3 4881 2304 4882
3 4035 5115 6422
3 5602 5196 5838
3 3061 1995 4612
3 63 64 4306
3 3243 4965 6806
3 498 4274 6652
3 4477 1720 7022
3 3892 4745 6127
3 5538 4309 5625
3 5059 4479 6191
3 440 10 5781
3 3177 4283 4284
3 2769 4427 5885
3 91 422 4260
3 2896 4639 4883
3 2821 2822 4204
3 3773 4546 5207
3 5169 492 6318
3 5189 3261 6893
3 6132 3749 6151
3 5405 6381 6723
3 4886 4926 5690
3 5260 394 6187
3 4709 4684 4985
3 5831 1658 6483
3 3267 4312 4313
3 1781 4222 5333
3 365 4252 6529
3 1039 6659 6663
3 2791 5644 5645
3 3305 3321 4490
3 2530 5007 5908
3 2410 5019 5372
3 3118 3639 6311
3 1651 6819 6906
3 3723 4388 5692
3 4342 4313 7002
3 3462 4537 4750
3 1624 4199 5059
3 6055 4074 6858
3 3281 4961 5308
3 4965 3243 6709
3 4279 6057 6288
3 2979 5434 5879
3 1421 4512 6007
3 6024 5070 6271
3 369 4276 4566
3 408 4178 6505
3 4346 1767 6153
3 454 13 4239
3 498 85 5187
3 3889 5319 6275
3 2551 3120 4480
3 5025 402 5109
3 3736 4285 6455
3 3348 4360 5171
3 1085 1087 4654
3 204 87 6765
3 4491 2045 6198
3 4228 3240 4608
3 4312 3016 4313
3 3574 5832 6012
3 750 579 5117
3 5098 3852 6131
3 545 547 5246
3 2838 4367 5250
3 455 38 4566
3 4538 4179 6003
3 403 4324 4325
3 6583 4655 6775
3 3956 6050 6083
3 4534 4541 4624
3 4293 3485 4350
3 5458 2266 5877
3 4291 4107 4556
3 5188 5187 6274
3 3168 4265 4464
3 3321 4488 4489
3 4848 2901 7018
3 5919 4088 7082
3 4587 5026 5631
3 3712 3000 4868
3 3115 4644 4646
3 403 210 4324
3 4291 4649 6139
3 3342 6632 6907
3 2892 4808 5840
3 3139 4290 6165
3 5107 3609 6475
3 712 4682 5539
3 4427 4920 5885
3 1160 1155 5536
3 5709 4602 6286
3 6625 4287 7052
3 6642 2455 6857
3 4062 5987 6798
3 6511 4389 6563
3 3763 4628 6524
3 4890 6619 6687
3 2982 3266 4413
3 2883 2882 4607
3 6230 1237 6547
3 5651 4338 5796
3 638 636 4529
3 1509 1599 5460
3 504 75 6291
3 4104 6058 6565
3 6010 3814 6099
3 4388 3723 5587
3 3120 4189 4480
3 2588 4388 5587
3 5656 4748 6258
3 2979 5879 6211
3 4518 4483 6130
3 2367 2838 5250
3 3903 4193 6921
3 6129 3721 6181
3 4519 4520 5525
3 3343 2916 4665
3 3176 4708 6256
3 3140 5434 6441
3 1267 1317 4449
3 386 4136 7081
3 1167 1166 5227
3 5112 5113 5246
3 5301 3951 6815
3 4723 2224 6780
3 4342 493 5511
3 3951 5301 6782
3 4403 2651 5971
3 396 4352 6491
3 3860 6029 6172
3 835 832 4571
3 585 731 5271
3 3749 3866 6151
3 2789 4518 6130
3 4774 366 6593
3 4036 4135 6447
3 5907 4601 6103
3 6057 1389 6288
3 4249 3617 5350
3 5487 5477 6584
3 4267 4328 5965
3 3260 3187 6034
3 5695 4337 5892
3 488 4255 5601
3 5175 5006 5262
3 1784 4538 4709
3 4917 4258 6049
3 4291 2554 4649
3 3721 3720 6181
3 4591 3489 4593
3 1987 5239 5636
3 4396 3956 6083
3 4787 2101 6009
3 2824 2827 5095
3 4308 4309 7012
3 4235 2901 5037
3 2868 6511 6563
3 3369 3367 3370
3 6490 3726 6548
3 1801 4266 4586
3 5189 3422 6092
3 4098 4527 6758
3 1166 6062 6463
3 4190 337 6294
3 4206 6952 6954
3 1370 5089 5090
3 4879 6555 6580
3 6127 4742 6176
3 3866 4642 6151
3 5932 6009 6052
3 5482 481 6143
3 1998 4519 5525
3 4689 4982 5020
3 5461 5458 5877
3 4105 4192 6068
3 2758 4211 4414
3 4433 6522 6523
3 2412 6010 6099
3 4608 5048 5116
3 4639 2896 5791
3 4232 1534 6833
3 3971 6516 6582
3 6243 4818 6289
3 441 6032 6047
3 4463 4475 4476
3 4343 2301 4345
3 4829 1667 6729
3 6779 2964 6822
3 4485 3731 5109
3 2045 4491 6272
3 6745 1659 6749
3 1792 5651 5796
3 4183 3164 4321
3 6267 4022 6674
3 5909 4207 6468
3 4455 4460 6654
3 3299 4419 4642
3 5114 4035 5557
3 2152 4282 4614
3 4270 4000 4292
3 4526 4523 7042
3 3639 3119 5923
3 6555 2284 6580
3 4195 658 6064
3 546 4221 6400
3 4241 3232 4886
3 2590 3113 4563
3 3048 4955 4956
3 2007 583 5271
3 4419 1258 4642
3 421 5995 6557
3 3815 4780 6793
3 1939 1085 4654
3 4398 3281 5308
3 3744 4293 4350
3 4709 4538 6003
3 3757 3826 4694
3 4889 4890 6687
3 3070 4534 4624
3 1144 1057 5968
3 4868 4869 5140
3 2005 4223 5833
3 4928 380 6748
3 5317 2929 6602
3 3429 4217 5959
3 4287 466 5945
3 4207 1485 5955
3 4534 4533 5487
3 2069 2067 6862
3 6001 4024 6551
3 4392 1144 5968
3 4339 3355 4341
3 3638 4238 6154
3 4471 452 6688
3 4247 3265 4922
3 3852 5098 6194
3 4121 4512 6835
3 4793 6745 6749
3 4341 4567 7014
3 1907 4548 5950
3 3121 3177 4285
3 73 74 4216
3 4395 2637 4482
3 4210 426 6536
3 4663 4660 6735
3 2296 4334 4335
3 802 4851 5530
3 3958 5047 6474
3 4702 6128 6270
3 4958 360 7037
3 4319 4261 6820
3 4000 3371 4255
3 452 4471 6704
3 735 728 4939
3 4386 3064 4821
3 3639 5923 6082
3 3875 5055 6675
3 4818 2646 6136
3 4992 4990 6561
3 5332 430 6365
3 3252 4109 4115
3 4267 5965 5973
3 1658 4906 6483
3 3565 5872 6016
3 5867 2757 6065
3 4901 4141 6253
3 4197 397 6488
3 639 4257 6876
3 4226 2073 5678
3 2674 6243 6289
3 1869 4877 5118
3 4202 6779 6822
3 390 5159 6601
3 2114 2758 6345
3 2385 2383 6045
3 1485 4207 5909
3 1621 1720 5236
3 2492 2493 4954
3 2304 4881 5977
3 5003 3448 5823
3 4141 4901 6996
3 4080 5095 5096
3 1599 2266 5460
3 1114 1116 4731
3 1485 1618 5955
3 5078 2855 5501
3 3224 3223 4115
3 4230 4231 5526
3 4907 455 6573
3 5972 3760 6244
3 2326 2227 4645
3 4289 1073 5583
3 2903 4163 4514
3 4922 5104 5661
3 1476 4647 6622
3 3369 3370 3371
3 4309 5394 5625
3 4020 5274 6899
3 6217 5421 6417
3 4283 3177 4606
3 3342 4940 6632
3 1806 1804 4847
3 5274 4020 6927
3 3872 3875 6675
3 3870 3562 4582
3 4221 546 6887
3 2279 2280 4312
3 3099 3846 4614
3 1740 1742 4585
3 3634 5368 6044
3 2836 4734 6327
3 4361 3860 6172
3 484 4535 6140
3 1511 716 4685
3 5226 1171 5227
3 1293 1298 4525
3 6131 3852 6469
3 3907 5623 6401
3 2883 4262 5149
3 594 1869 5118
3 4286 3184 6983
3 337 4190 6832
3 4545 4570 6670
3 5603 5521 5962
3 577 750 5341
3 6180 2478 6367
3 4329 2473 5468
3 5032 6517 6657
3 6952 1162 6954
3 419 75 504
3 4440 675 5231
3 4307 499 6120
3 4745 3892 6196
3 4166 4165 6307
3 4066 4665 4904
3 5738 3043 6374
3 1768 1340 4593
3 5076 5078 5501
3 4182 4587 5631
3 6530 5181 6649
3 1154 1404 5579
3 385 4236 5935
3 2037 575 5341
3 401 6361 6660
3 6132 3289 6167
3 3307 4385 4393
3 4878 4897 4898
3 1760 1390 6319
3 4377 1047 6808
3 4298 4297 4306
3 716 722 4685
3 5080 4508 5440
3 3252 4115 4482
3 1317 3184 4449
3 6397 5024 6404
3 98 99 3984
3 5006 2819 5262
3 1868 4332 4571
3 4222 1781 5741
3 4119 3743 6540
3 4588 3827 7074
3 3344 4212 6587
3 3517 4490 5486
3 2493 4951 4954
3 3345 4219 6942
3 6030 5277 6335
3 6479 5849 6519
3 6128 3909 6270
3 6828 3962 6846
3 4644 3115 4645
3 678 685 5378
3 1667 4829 6922
3 1255 1207 5090
3 4396 444 6189
3 92 93 4173
3 5434 3140 6664
3 4245 2412 6099
3 6209 6683 6987
3 4275 369 5680
3 4520 801 5525
3 801 4520 5070
3 3048 4954 4955
3 412 5477 5487
3 1328 1281 5257
3 4115 3223 4395
3 1554 1398 5925
3 4170 6715 6787
3 91 92 422
3 5988 4462 6193
3 4238 1825 6154
3 6715 260 6787
3 4906 1658 6457
3 3625 5709 6286
3 5311 4083 6275
3 830 1868 4571
3 1210 1200 6114
3 5427 3670 5437
3 3956 4351 6050
3 1410 2455 4561
3 3869 6397 6404
3 87 374 3838
3 1939 4654 6067
3 4961 2473 5921
3 1515 1643 4397
3 4525 4527 4735
3 475 6828 6846
3 2548 5173 5195
3 5019 2410 5764
3 4292 4000 6549
3 3960 4959 6281
3 2825 4676 5723
3 5712 6283 6429
3 2477 3476 4474
3 2534 4629 5037
3 3203 3307 4393
3 5181 3879 6649
3 4945 2287 5540
3 3489 4591 5644
3 1624 5059 6191
3 4985 4684 5805
3 3355 4339 5535
3 1133 4256 4257
3 4153 4151 4722
3 710 1968 4722
3 5299 4004 5770
3 353 4716 5919
3 1047 4377 6838
3 4083 5311 7070
3 4560 4159 6430
3 4561 2455 6642
3 1323 4733 5036
3 1542 4804 5480
3 2891 4338 5651
3 4114 2894 4563
3 4399 401 6443
3 2915 4637 4638
3 1260 4322 5758
3 4331 1868 4737
3 4716 4089 5919
3 1323 1114 4731
3 1028 1486 4631
3 397 4197 6002
3 3224 4111 6961
3 4256 3464 6049
3 1644 4172 6966
3 4474 3476 4475
3 2919 4108 6560
3 455 4566 6573
3 6530 3686 6727
3 4646 4644 5210
3 6050 4351 6254
3 4212 2758 6587
3 4159 4560 6642
3 1388 2296 4336
3 4165 4164 4220
3 5132 5131 6087
3 2791 5645 6462
3 1794 4728 4729
3 4286 3568 6088
3 6747 271 6776
3 6223 3172 6849
3 4478 2747 4479
3 2515 1210 4821
3 845 847 5210
3 3234 5758 5857
3 4219 3345 7017
3 4241 4886 5690
3 3115 4646 5014
3 1207 1370 5090
3 6689 459 6992
3 5047 3958 6559
3 2624 2637 4422
3 4314 3016 4459
3 4314 4459 4460
3 640 638 6006
3 4259 4819 6842
3 2301 4343 4472
3 428 4315 6612
3 3617 4249 5722
3 4228 4608 5116
3 3733 5924 5976
3 206 207 441
3 2479 4843 4918
3 4446 4664 6553
3 6636 1301 6719
3 3775 4938 6018
3 3653 5397 6491
3 6382 3679 6383
3 4843 4844 4918
3 3674 5326 6015
3 4100 3603 4851
3 6376 4407 6452
3 4337 5033 5892
3 1438 4551 4552
3 4409 3429 5959
3 393 5601 6591
3 4498 2111 4499
3 4115 4395 4482
3 2637 4395 4422
3 4570 370 6670
3 3367 3365 4404
3 5387 6543 6586
3 4402 4403 5971
3 1770 6376 6452
3 3218 4509 5499
3 2819 5006 5337
3 3177 4284 4285
3 4089 4716 4717
3 4591 4590 5645
3 3569 4198 4683
3 4259 6842 6854
3 2073 4469 5824
3 2101 4787 6070
3 4881 3808 5977
3 4692 3756 4693
3 6655 1491 6669
3 4492 1595 5398
3 144 458 4408
3 3792 5260 6187
3 1794 4727 4728
3 3202 4795 6278
3 4351 2128 6254
3 4066 3343 4665
3 4667 6259 6503
3 2006 5602 5838
3 3042 4360 6685
3 1411 1410 4561
3 3892 6127 6176
3 4982 4689 4983
3 401 4399 6361
3 1795 4486 4502
3 4385 3307 4601
3 4056 3388 6987
3 4615 4430 4943
3 828 827 4737
3 4334 2296 4864
3 4108 2919 6783
3 4160 6747 6776
3 5601 393 6247
3 3570 3569 4683
3 4486 1795 7049
3 638 4529 6006
3 3048 2492 4954
3 4316 4557 7028
3 1043 4890 6459
3 4446 6553 6569
3 500 105 6505
3 6009 2101 6052
3 2502 4917 6049
3 6664 3140 6865
3 1006 720 4722
3 4577 5891 6812
3 5078 5080 5440
3 4047 4400 6541
3 2383 2381 6403
3 4045 3565 6016
3 4463 4474 4475
3 5368 437 6044
3 4817 431 6177
3 2548 5195 5196
3 3369 3371 4000
3 4124 4125 6061
3 5008 4176 5009
3 5487 4533 6831
3 4663 2838 5122
3 382 4993 5336
3 5459 5244 5832
3 2465 875 4516
3 6248 4270 6882
3 2440 4443 7023
3 3323 3380 4825
3 4210 3278 4431
3 1460 5479 5692
3 3402 3403 6094
3 2172 2497 4624
3 6014 3372 6015
3 4935 465 4936
3 3488 4096 5753
3 2758 4414 6345
3 6493 4941 6707
3 4576 453 4577
3 4552 4551 4553
3 2006 4268 5611
3 4945 5540 5744
3 5842 4108 6783
3 4321 4322 5252
3 4224 1760 6319
3 6517 3886 6657
3 4548 4131 5950
3 4290 3545 6165
3 4234 2087 6180
3 589 2072 5742
3 439 355 5467
3 2083 1740 4585
3 3380 4783 4825
3 1258 4419 5052
3 2893 4293 4809
3 4540 4543 4544
3 1381 4618 6433
3 7005 4316 7028
3 1072 4792 5177
3 4077 4210 5643
3 1679 1532 5647
3 2743 545 5246
3 4545 4544 4570
3 3742 5365 6223
3 446 3985 4237
3 522 520 5279
3 506 6291 7068
3 4321 3163 4322
3 3641 4386 4821
3 2008 5577 6174
3 4916 4844 6283
3 933 1072 5177
3 1438 1440 4551
3 5291 5290 6074
3 3353 3351 5184
3 2462 5001 5003
3 86 204 448
3 3489 1768 4593
3 5005 4547 5338
3 4037 6230 6547
3 2525 4713 6115
3 5244 5457 5559
3 3562 3161 4412
3 5086 5089 5092
3 731 587 5742
3 1804 4494 4847
3 4247 4922 5661
3 5094 5867 6065
3 2915 4638 4665
3 3159 3756 4692
3 1530 4615 4943
3 3366 3365 3367
3 4645 2227 5141
3 4210 4431 6802
3 1155 1157 5536
3 3982 506 7068
3 3996 4001 5428
3 4090 4823 6947
3 4854 3215 5179
3 2446 1315 4501
3 4233 1894 6222
3 317 382 5336
3 3712 4868 5140
3 3115 2326 4645
3 3626 3627 5987
3 5372 4450 5773
3 2186 2184 4556
3 1214 1213 4592
3 2349 2825 5723
3 4369 4370 5726
3 2065 4835 5235
3 3403 4039 5203
3 1293 4525 4735
3 1940 5182 5183
3 6119 3772 6150
3 4424 1554 5925
3 4359 5907 6103
3 4646 4828 5014
3 4751 3218 5499
3 60 61 4294
3 6119 1269 6434
3 1853 1806 4847
3 5131 2947 5789
3 4268 2006 5838
3 875 895 4516
3 1555 1437 4552
3 6353 4429 6870
3 4982 2800 5020
3 5077 1347 5080
3 4227 1142 6995
3 3145 4554 4770
3 77 202 459
3 3761 4235 5037
3 4236 6027 6686
3 4959 4958 6936
3 3725 4958 7037
3 4249 4783 5722
3 2607 5851 6017
3 3205 2819 5337
3 4402 3297 4403
3 3371 3600 4255
3 1064 982 5094
3 3495 1138 4495
3 1374 4522 4523
3 1777 2177 4770
3 2084 6217 6417
3 4978 1642 7047
3 4278 2883 4607
3 3371 3372 3600
3 1954 3168 4464
3 3368 3369 4270
3 4226 4200 4469
3 3053 3959 3961
3 3516 5131 5789
3 1724 2172 5915
3 4933 3428 6164
3 3477 3776 4477
3 4282 3099 4614
3 1017 6296 6568
3 5434 3767 5879
3 499 125 6120
3 449 4473 4528
3 2224 4723 5855
3 1641 1642 4978
3 4700 4696 4702
3 2840 3645 4465
3 4220 32 6539
3 3813 4981 6086
3 4305 4486 7049
3 2431 3124 4421
3 2810 4689 5020
3 4250 3990 6875
3 72 73 502
3 2915 1189 4637
3 1255 5090 5896
3 5333 4222 5621
3 4125 4774 6593
3 422 4174 4175
3 6061 4125 6593
3 3662 4898 6360
3 1072 5333 5621
3 357 453 4576
3 2091 2297 4514
3 4116 4978 7047
3 5039 6024 6271
3 4406 4114 4563
3 105 408 6505
3 2412 4245 6214
3 4701 4723 6780
3 359 360 503
3 5781 11 6528
3 489 4415 6352
3 3203 4393 4903
3 3230 4349 4504
3 4465 3645 4466
3 2430 2431 4421
3 1374 4523 4524
3 3832 3094 4545
3 3772 4394 6150
3 4717 3217 6525
3 3867 1331 4633
3 4324 461 4326
3 4234 6180 6367
3 3230 4504 4785
3 97 98 446
3 2480 911 4568
3 3185 2443 4809
3 5043 1614 5050
3 4642 3866 6752
3 5954 5132 6087
3 4547 2653 5375
3 3908 3909 6128
3 4192 3061 4612
3 3844 3368 4270
3 1542 4941 6493
3 2331 2530 6276
3 4252 460 6529
3 4628 4739 6531
3 5137 6204 6909
3 2800 4765 5125
3 3844 4270 6248
3 6524 4628 6531
3 979 993 4857
3 3933 5276 6639
3 447 5211 6197
3 5568 3855 6492
3 4269 6655 6669
3 453 358 4280
3 4657 4656 4680
3 461 212 4411
3 4244 4492 5398
3 3562 4412 4582
3 3250 4169 4907
3 4360 4273 6685
3 4313 3016 4314
3 4225 6636 6719
3 801 5070 5516
3 2916 2915 4665
3 6145 3511 6496
3 1819 1817 5900
3 684 680 4626
3 4886 1843 4926
3 5324 1696 5325
3 2493 4950 4951
3 2410 5372 5773
3 1404 4555 5579
3 2905 4330 5577
3 1368 3300 4512
3 728 1006 4939
3 5207 3337 6142
3 4188 3475 4979
3 4162 6170 6701
3 6259 4667 6702
3 4661 4679 7024
3 2087 4234 6216
3 4883 4634 5760
3 4898 4897 6360
3 1682 1660 6611
3 4489 3604 6272
3 4920 1574 5885
3 6421 3935 6444
3 4583 3850 6448
3 6681 3938 6702
3 2248 2551 4480
3 2117 6382 6383
3 1804 1415 4494
3 3140 3505 6865
3 1001 1053 4564
3 4887 1819 5515
3 3797 4399 5308
3 4962 4319 6820
3 3777 4667 6503
3 4480 4189 4481
3 2204 4623 6088
3 2896 4883 5760
3 3877 4465 4466
3 4957 4973 5782
3 853 1542 5480
3 2413 4450 5053
3 2296 4335 4336
3 5842 6783 6981
3 3721 6129 6622
3 4853 4854 5179
3 1225 1267 4449
3 4575 2475 5799
3 1940 5183 5584
3 489 25 4415
3 4396 6189 6241
3 1577 1574 4920
3 5101 4492 5230
3 1794 1118 4727
3 5181 6530 6727
3 6546 5357 6629
3 4571 4332 6269
3 3551 4165 4166
3 32 4220 6873
3 4230 5526 6891
3 4981 3013 6086
3 3428 4933 6877
3 4547 4218 5338
3 61 418 4294
3 3374 4848 7018
3 3170 4167 4168
3 2624 4422 5151
3 4430 4616 6870
3 4848 3374 6880
3 341 465 4935
3 2319 2912 4536
3 3311 5079 5165
3 5079 2218 5165
3 4544 4543 4570
3 3734 3733 5976
3 2300 2575 4820
3 1361 1291 4735
3 5276 3933 6662
3 4661 4657 4680
3 4469 5184 5824
3 3935 4531 6444
3 4113 4112 5062
3 1644 684 4626
3 5231 675 5716
3 1790 3346 4757
3 1259 1247 4606
3 2949 3668 4791
3 4461 3069 4462
3 4054 6661 6680
3 4674 4671 5271
3 418 62 4297
3 4964 2405 5150
3 3541 3294 4586
3 4341 3355 4513
3 2525 5660 7021
3 3908 6128 6852
3 6278 4930 6344
3 3053 3130 3959
3 6280 2488 6537
3 1374 1321 4522
3 1087 1314 4654
3 2822 3053 4204
3 6543 3768 6586
3 441 207 4271
3 5373 1939 6398
3 3525 5068 6036
3 5726 4370 5934
3 1153 1151 4706
3 4917 2502 5818
3 547 551 5246
3 3093 4539 4544
3 3495 4495 4496
3 313 4817 6461
3 4365 3334 6056
3 4684 4685 5805
3 2453 5988 6193
3 4539 4540 4544
3 4973 1544 5782
3 1138 1011 4495
3 911 971 4568
3 4821 1210 6114
3 255 376 6980
3 409 4712 6852
3 4488 3604 4489
3 3354 4011 4513
3 1760 4224 6918
3 1692 1696 5324
3 4924 1848 5830
3 1142 4227 7064
3 6079 3910 6165
3 847 1667 5210
3 5244 2209 5832
3 3337 735 4939
3 4643 845 5210
3 2027 862 4569
3 4470 4471 6672
3 4004 5299 6884
3 4790 3743 6141
3 993 3180 4857
3 2747 4478 5431
3 1189 1190 4637
3 389 4122 6953
3 1026 1028 4631
3 6672 4471 6688
3 1305 678 5378
3 5196 5195 5838
3 1868 828 4737
3 5232 5231 5716
3 4255 6300 6549
3 5209 5786 6890
3 5368 3670 5427
3 1398 1355 5925
3 1152 1154 5579
3 2980 4900 5512
3 4649 2554 5488
3 1151 2485 4706
3 3247 4467 6043
3 3016 2471 4459
3 4174 4177 6076
3 1118 1120 4727
3 4619 4631 5615
3 4429 4430 6870
3 1056 1001 4564
3 1281 1279 5257
3 4294 418 4295
3 211 461 4324
3 1313 1255 5896
3 5722 4783 6126
3 3218 2525 7021
3 503 4958 4959
3 4328 690 5965
3 13 14 4239
3 490 4363 4364
3 3766 4900 5040
3 2369 2367 5250
3 76 201 6291
3 3120 2821 3475
3 1513 4549 4550
3 5008 2799 5510
3 4167 4166 6307
3 4176 5008 5510
3 3475 4205 4979
3 4148 4286 6088
3 4683 1511 4685
3 3366 3367 3368
3 2545 1779 5155
3 3864 5910 5986
3 149 4353 6599
3 2060 2062 6368
3 4276 6317 6573
3 4258 4256 6049
3 5367 5291 6466
3 3923 5972 6244
3 1401 4826 6948
3 1073 4289 5755
3 3609 5106 6428
3 596 594 5118
3 3429 4409 6910
3 4047 6541 6774
3 4216 419 6116
3 4315 428 6331
3 3692 5040 5192
3 4580 6479 6519
3 2621 2624 5151
3 1742 1746 4585
3 3000 2999 4868
3 3338 4493 5410
3 593 4662 6512
3 3546 4483 5249
3 4942 403 6773
3 1315 1316 4501
3 2502 2406 5818
3 5001 2462 5145
3 4484 3731 4485
3 4734 4732 6416
3 4493 4149 5410
3 2177 3145 4770
3 4495 972 4497
3 4223 4924 5830
3 2184 2554 4556
3 2769 1160 5536
3 409 4711 4712
3 209 210 403
3 4510 3309 4521
3 4946 4947 4948
3 3749 6132 6167
3 5758 4322 5857
3 4456 1314 5035
3 3858 5367 6466
3 4288 364 5946
3 1904 1902 4548
3 4795 3861 6278
3 3484 5603 5962
3 3093 2259 4539
3 3296 4359 6103
3 1340 1302 4593
3 1432 1515 4397
3 4964 3814 5721
3 2858 2186 4556
3 3120 3475 4188
3 3355 3354 4513
3 1330 4420 4573
3 4479 2747 5257
3 5356 3870 6771
3 4623 6328 6853
3 4090 3712 5140
3 2172 4624 5915
3 2292 2477 4474
3 2551 2821 3120
3 1957 2091 4931
3 4685 722 5805
3 4587 1879 5026
3 376 5161 6916
3 3371 3370 3372
3 3435 4288 4565
3 5281 3934 6623
3 2575 2576 4487
3 5745 6495 6946
3 1820 1819 4887
3 2542 2544 5111
3 371 4557 4558
3 3364 2900 3365
3 4355 450 6489
3 4194 2074 6945
3 5864 5214 7031
3 373 100 4452
3 4939 4133 6142
3 2128 1815 6810
3 86 448 5187
3 3710 4560 6430
3 2473 4329 5921
3 5421 1952 5701
3 6204 5137 6949
3 1404 1492 4555
3 1611 1727 4434
3 2549 5461 5877
3 4313 4314 4315
3 143 144 4408
3 2685 2687 4572
3 1880 1879 5278
3 5211 6231 6507
3 366 4774 6432
3 4640 434 5607
3 4633 4632 4808
3 2855 5078 5440
3 4084 3267 4342
3 1314 4456 4653
3 129 366 4782
3 4239 5981 6904
3 1437 1438 4552
3 6011 6348 6928
3 3004 3779 4891
3 1116 1794 4731
3 1636 1639 4502
3 1370 1064 5094
3 6111 4162 6738
3 3731 4690 5109
3 4408 458 4409
3 4511 1056 4564
3 4326 461 4410
3 4353 149 6777
3 1379 3069 4461
3 4718 4950 5245
3 6683 4056 6987
3 3838 374 3839
3 5068 1981 6036
3 1397 1476 4500
3 358 359 4280
3 555 550 5235
3 3279 3513 4595
3 4574 2475 4575
3 4669 4674 4678
3 1722 1954 4464
3 3560 6030 6335
3 1241 1311 4610
3 1902 2233 4548
3 6624 5371 6628
3 4754 4753 4755
3 4861 551 5654
3 2584 2586 6023
3 3288 4575 5799
3 5053 5150 5756
3 1552 5236 6053
3 4638 4639 4904
3 3874 4281 6338
3 4678 4679 4680
3 4385 4601 5470
3 4433 3125 4797
3 3765 4583 5937
3 3278 3049 4431
3 4968 4969 4970
3 3797 5308 5921
3 5214 436 7031
3 4738 2377 5425
3 3820 3821 6570
3 4330 2905 6149
3 746 3407 4746
3 3693 3692 5192
3 5091 1370 5094
3 3160 3267 4084
3 4266 3541 4586
3 330 468 4969
3 2246 5734 7079
3 2570 6562 6646
3 4213 3264 4749
3 1366 1368 4512
3 2586 2588 5587
3 6343 114 6650
3 4950 2493 5245
3 754 4767 6323
3 3160 2795 3267
3 4594 4191 5248
3 3598 4453 4791
3 6661 525 6680
3 1356 905 4775
3 4394 977 6150
3 4028 4596 4598
3 351 417 4603
3 3437 3007 4957
3 1663 2038 4621
3 1883 5101 5230
3 2809 4277 6414
3 4293 3185 4809
3 862 808 4569
3 3385 5133 5784
3 520 2767 5279
3 5182 1940 5502
3 3603 4510 4851
3 3186 1962 4472
3 1430 1588 4864
3 4843 2479 5392
3 4486 4305 5939
3 2005 1809 4924
3 1635 1636 4502
3 4098 1361 4735
3 3177 1259 4606
3 1136 1232 4625
3 3675 4738 5425
3 986 984 5750
3 376 6916 6980
3 460 4252 6947
3 3212 4225 6719
3 1475 1530 4943
3 3309 4510 4810
3 4601 1977 5470
3 6251 2321 6456
3 5133 2096 5784
3 1294 4361 6172
3 3940 3938 6681
3 3882 4623 6853
3 707 1783 4567
3 4696 4695 4702
3 4608 1866 5048
3 3731 3142 4690
3 5577 4330 6174
3 1996 2333 5564
3 1513 1514 4549
3 134 4348 6200
3 1010 4369 5726
3 4071 4150 6389
3 3598 3926 5267
3 1895 4546 5993
3 3403 5203 6094
3 685 2564 5378
3 4747 465 5613
3 4948 6223 6849
3 3756 3757 4694
3 2747 1328 5257
3 4122 389 7008
3 1996 2248 2333
3 3361 5153 5154
3 4900 3766 5512
3 1298 1374 4525
3 3692 3766 5040
3 4765 2800 4982
3 1755 1615 1756
3 4963 5421 5701
3 3455 5393 5732
3 4066 4904 6896
3 2279 1756 2280
3 665 2475 4574
3 1073 1016 5583
3 6421 470 6497
3 3025 3847 4778
3 4662 593 6932
3 4096 3489 5644
3 3090 1231 4609
3 1254 1312 5733
3 6522 4095 6523
3 3652 3832 6111
3 3141 3731 4484
3 4490 4489 4491
3 4615 1743 4616
3 362 4408 5959
3 5208 3408 5209
3 1755 1756 2279
3 4501 4500 6129
3 4106 6676 6724
3 1234 4635 4636
3 3474 4811 5989
3 2473 514 5468
3 659 1258 5052
3 3867 4633 4808
3 3706 3228 4785
3 2799 4962 6820
3 2110 2319 4536
3 1962 1963 4472
3 124 125 499
3 4583 2288 5937
3 4082 94 6757
3 4477 3776 5236
3 2822 2921 3053
3 4364 4366 6412
3 364 4288 6759
3 4599 4594 5248
3 4063 3695 4902
3 3925 3336 5402
3 2025 2222 4611
3 6064 658 6322
3 1681 1682 4947
3 2027 4569 6227
3 2841 2840 4465
3 2831 1681 4947
3 3202 6278 6344
3 347 409 4648
3 598 596 5686
3 4453 3598 5267
3 1232 1138 1233
3 3264 2878 4749
3 2475 5052 5799
3 2443 2262 4809
3 454 4239 6904
3 1048 3072 4602
3 1428 1489 5255
3 4333 3953 6684
3 5851 4403 6017
3 2929 5315 6418
3 950 980 5608
3 139 140 425
3 5133 4057 6370
3 4916 4909 4918
3 2530 5908 6276
3 841 845 4643
3 4841 4837 4845
3 61 62 418
3 4791 3668 4792
3 748 746 4746
3 503 360 4958
3 3125 2780 4797
3 1488 1411 4561
3 5038 3358 5700
3 2227 840 5141
3 1799 3226 5035
3 3339 4903 5027
3 1321 1354 4522
3 3352 4547 5375
3 3044 3621 4532
3 1331 1333 4633
3 5736 6722 6764
3 3850 4583 6721
3 1867 1866 5200
3 116 117 4215
3 5660 2525 6115
3 3206 2285 4865
3 5516 5070 6024
3 1053 975 4627
3 4614 3846 5518
3 340 341 4935
3 2333 2248 4480
3 4752 4753 4754
3 3701 4921 6055
3 1613 1499 1615
3 526 524 5441
3 3996 5428 6761
3 4595 3513 4596
3 1339 4725 4726
3 4492 3322 5230
3 1613 1615 1755
3 4106 3836 6676
3 2703 4656 4657
3 3269 3803 6468
3 1963 2097 4472
3 3829 5265 5586
3 3911 5738 6374
3 379 4813 6428
3 4752 3196 4753
3 1136 1011 1138
3 1532 1533 5647
3 3883 3532 6060
3 4535 5982 6831
3 466 321 5945
3 2653 4547 5005
3 4542 5487 6584
3 2794 4668 4678
3 827 1428 4737
3 883 902 5196
3 409 348 4711
3 5460 5459 7004
3 5080 1347 5279
3 4695 464 4702
3 4794 3861 4795
3 1555 4552 5598
3 5596 4906 6457
3 3830 6518 6579
3 3365 2900 4503
3 4892 3925 5402
3 4507 4508 6979
3 3870 4582 6771
3 4453 2949 4791
3 1622 1743 4615
3 5457 2907 5559
3 1966 1647 4704
3 1415 1416 4494
3 345 464 4695
3 701 3246 4756
3 1295 1233 1296
3 465 342 5613
3 3361 5154 5202
3 4533 4535 6831
3 6694 3273 6934
3 4811 2657 5989
3 1844 1843 5807
3 6570 3821 6621
3 3094 3093 4545
3 3618 4454 4750
3 4678 4674 4679
3 202 78 4927
3 4799 5182 5502
3 905 877 4775
3 5330 3497 6803
3 5265 2064 5586
3 5019 3594 5372
3 3826 3827 4010
3 1220 1214 4592
3 4922 1856 5104
3 56 57 4203
3 1947 3719 4651
3 5393 1845 5732
3 3194 1635 4502
3 2280 2471 3016
3 2838 2365 5122
3 4668 4669 4678
3 5044 2681 6380
3 2544 3131 5111
3 4639 4636 4883
3 4032 4704 5826
3 902 2548 5196
3 805 797 5396
3 3565 995 6476
3 1767 4857 6153
3 699 701 4756
3 4450 2413 5773
3 4614 5518 5529
3 5351 2069 6862
3 2795 2279 4312
3 5593 6605 6926
3 4588 424 6202
3 4044 3065 4798
3 4028 4595 4596
3 5468 1559 5778
3 549 554 5654
3 931 933 5177
3 5932 3747 6009
3 896 1770 4714
3 4610 3940 6681
3 5079 5076 5501
3 5643 4210 6536
3 5089 5091 5092
3 4564 1053 4902
3 4319 4318 6610
3 4969 468 4970
3 4159 6642 6857
3 3461 6237 7045
3 2471 2919 4459
3 937 1781 5333
3 1366 1296 1368
3 2296 1430 4864
3 1651 4744 4745
3 360 361 7037
3 2226 4719 4720
3 2285 1911 4865
3 1515 1611 1643
3 211 212 461
3 1786 4337 4384
3 329 330 4969
3 4861 5111 5112
3 357 358 453
3 1640 4790 5466
3 2032 2030 5418
3 1651 535 4744
3 5465 2113 5969
3 1213 1174 6048
3 3311 5074 5079
3 3266 4248 4413
3 767 762 5252
3 5134 5307 5822
3 206 441 6837
3 3223 3225 4395
3 1295 1296 1366
3 1937 1096 4794
3 3075 5305 5306
3 316 317 5336
3 1774 908 4715
3 493 4342 7002
3 2551 2552 2821
3 1696 1674 5043
3 2885 4599 5248
3 3671 4651 4652
3 1234 1235 4635
3 3135 4195 6064
3 1232 1233 1295
3 1110 5036 5452
3 3228 3230 4785
3 1347 522 5279
3 3233 4242 4243
3 1347 5077 5441
3 3300 1379 4461
3 2793 2203 4594
3 4631 1486 5615
3 772 1895 5993
3 1643 1611 4434
3 4651 3719 4652
3 1421 1366 4512
3 4560 3710 7047
3 4890 1043 6619
3 5736 2417 6722
3 3348 4236 4360
3 4586 3292 5354
3 3323 4825 5926
3 5102 986 5750
3 1774 4715 4739
3 3896 4311 5544
3 5999 4579 6812
3 3346 3348 5171
3 653 1796 4641
3 2703 2361 4656
3 6585 3928 6640
3 4847 3669 6148
3 5891 4577 6250
3 377 3263 3373
3 1011 972 4495
3 5377 3572 5912
3 1656 1663 4621
3 1833 3218 4751
3 1299 1330 4573
3 4830 4829 6600
3 3195 3196 4752
3 2794 2357 4668
3 4285 4284 4741
3 550 2065 5235
3 4352 396 6599
3 1492 1690 4555
3 4690 3158 4691
3 4862 4129 6988
3 1775 584 4710
3 4968 4970 5385
3 4433 4797 6522
3 764 580 4703
3 2063 5521 5603
3 6264 4418 6607
3 5099 4438 6473
3 4694 3826 6575
3 2408 2502 4769
3 1397 1432 1476
3 2699 1966 4704
3 1615 6007 6028
3 1476 1432 4397
3 895 946 4516
3 1800 4087 4724
3 5136 3269 6468
3 1486 1030 6234
3 3049 3125 4431
3 3234 5198 5758
3 2425 3323 5926
3 3294 3292 4586
3 3025 4778 5321
3 4431 3125 4432
3 4903 4393 5027
3 876 862 877
3 2554 2168 5488
3 25 26 4415
3 1907 1904 4548
3 4759 2792 4760
3 506 504 6291
3 1639 1795 4502
3 1339 4724 4725
3 4569 798 5199
3 2313 3025 5321
3 444 4396 6083
3 1096 815 4794
3 1291 1293 4735
3 3312 4995 5198
3 1193 1225 4796
3 3042 2325 5171
3 2371 2369 5767
3 5173 2548 5422
3 3168 3170 4265
3 4601 3307 6103
3 1894 4233 7072
3 4174 4173 4177
3 2030 3994 5418
3 6902 5606 6913
3 4269 3246 6655
3 5415 2627 5429
3 2091 4514 4931
3 4395 3225 4422
3 4578 4577 4579
3 4707 824 5170
3 5030 5031 5032
3 1247 1249 4606
3 1136 1138 1232
3 457 4582 5693
3 4970 4972 5385
3 1440 1513 4551
3 4080 5096 6883
3 3071 4776 4777
3 4792 1072 5621
3 3416 5038 5700
3 1208 1241 4610
3 4399 3797 6361
3 1811 2005 6515
3 4077 3278 4210
3 2999 4866 4867
3 1879 4587 5278
3 4038 3419 4736
3 4805 4050 6280
3 4343 3186 4472
3 3744 4350 6620
3 1357 5606 6902
3 904 877 905
3 1350 1397 4500
3 2871 3730 4776
3 4026 4251 6050
3 964 979 4857
3 4760 4763 4944
3 4277 2809 6981
3 1510 3408 5208
3 5022 5364 5504
3 5149 4262 5697
3 1696 5043 5684
3 4757 3346 5171
3 3244 4148 4623
3 3586 4964 5150
3 1368 1379 3300
3 4473 449 5382
3 2174 1577 4920
3 765 2449 5199
3 2226 576 4719
3 3174 3141 4484
3 2648 3235 4788
3 441 4271 6825
3 6977 4132 6991
3 4775 2027 5744
3 5633 4869 6595
3 1383 1441 4632
3 4125 3332 4774
3 861 808 862
3 1505 4853 5179
3 2280 2281 2471
3 4837 4836 4845
3 3805 3804 3903
3 1857 1856 5619
3 951 905 953
3 754 588 4767
3 3372 6014 7051
3 3838 6139 6303
3 3769 3528 4197
3 4826 1401 7001
3 3009 3435 4565
3 5434 2979 6441
3 2743 5247 5810
3 1317 2446 3183
3 3570 4683 4684
3 4806 2478 5349
3 680 4574 4626
3 2653 4788 5375
3 4871 4880 4974
3 3476 3477 4477
3 5283 3817 5793
3 3695 4564 4902
3 4337 4336 5033
3 356 357 4576
3 2903 3528 3769
3 4836 2440 4845
3 2955 6546 6629
3 3083 3090 4667
3 674 5712 6429
3 3049 2780 3125
3 1619 1648 4824
3 2903 2902 3528
3 5039 6271 6369
3 3563 3562 3870
3 4888 3384 4889
3 2479 2393 5392
3 4165 4220 6539
3 4859 2542 5111
3 4862 3397 4863
3 843 844 5041
3 3542 3649 4786
3 5910 1535 5986
3 564 562 4834
3 4724 4087 4725
3 4225 3212 6959
3 873 870 4923
3 2651 4403 5851
3 4831 3100 4832
3 4779 469 4780
3 4759 4760 4944
3 1351 1417 4634
3 904 905 951
3 2618 2621 5151
3 3006 3004 4891
3 453 4280 6250
3 2111 2110 4536
3 4576 4578 5467
3 4729 4728 4730
3 4909 4908 4918
3 3408 4625 5786
3 876 877 904
3 1479 1551 5023
3 3093 4544 4545
3 4733 4732 4734
3 4870 739 4871
3 2328 3115 5014
3 3361 2545 5155
3 1156 1153 4706
3 210 211 4324
3 2687 3252 4572
3 808 798 4569
3 3434 2682 4784
3 4475 4477 7022
3 502 4398 4399
3 3048 4956 4957
3 4636 4635 4883
3 5568 2181 5648
3 3854 5568 5648
3 3495 4496 6069
3 3319 2793 4594
3 6011 4600 6348
3 1267 1315 1317
3 2013 2018 4650
3 184 185 5693
3 6139 3624 6303
3 2999 2996 4866
3 12 13 454
3 4289 5583 5777
3 1674 1614 5043
3 2118 1763 2246
3 4579 5999 6930
3 1978 4321 5252
3 5174 3778 5176
3 4870 4871 4974
3 2775 2777 5305
3 817 695 4996
3 2345 2792 4759
3 3251 3250 4907
3 2327 2329 5149
3 2721 2720 3250
3 5036 3809 5452
3 1024 1026 4617
3 387 36 4686
3 4693 3756 4694
3 4475 3476 4477
3 2177 2176 2720
3 2873 3141 3174
3 2297 2902 2903
3 5082 5081 5492
3 3861 866 4929
3 4789 3306 5173
3 4776 3730 4777
3 570 1870 4771
3 1317 1315 2446
3 722 733 5805
3 4510 4521 4851
3 1791 1790 4757
3 4483 3546 6130
3 4893 704 4894
3 5095 5093 5096
3 3144 3158 4690
3 3226 4456 5035
3 2455 1768 3488
3 4524 4523 4526
3 3158 3159 4692
3 2341 2800 5125
3 5047 3820 6570
3 3168 2247 3169
3 4626 4575 6020
3 5583 4919 5777
3 1824 1847 5028
3 1866 4608 5200
3 1777 1721 2176
3 2248 2249 2551
3 4136 5813 7081
3 861 862 876
3 3279 4595 5084
3 413 166 4823
3 2721 3250 3251
3 1641 1553 1642
3 3961 3959 5211
3 3287 4473 5382
3 3287 3286 4473
3 1199 2486 4919
3 2471 2472 2919
3 2177 2720 2721
3 3311 5073 5074
3 1823 1820 4887
3 2685 4572 5429
3 2089 1679 5647
3 4504 2527 4785
3 3496 5924 6122
3 216 469 4779
3 2796 2795 3160
3 1622 1739 1743
3 4705 4706 6621
3 4737 1428 5255
3 4908 2479 4918
3 3157 3156 3804
3 1777 2176 2177
3 4549 1777 4770
3 1368 1369 1379
3 3787 3278 4077
3 1194 2555 2989
3 1677 5543 5944
3 3934 5281 6514
3 2420 4738 5897
3 3431 3877 4101
3 2989 3244 3882
3 4698 4700 4723
3 1828 1826 4713
3 2206 4371 6379
3 993 994 995
3 5307 3424 5822
3 3706 4785 5321
3 3142 3144 4690
3 6296 3947 6568
3 3383 3384 4888
3 838 841 4643
3 142 143 362
3 3215 4854 6082
3 765 758 2449
3 2387 2440 4836
3 4215 117 5704
3 3129 2779 5084
3 3168 3169 3170
3 1410 1768 2455
3 3007 3048 4957
3 1301 1254 5733
3 2097 2301 4472
3 608 726 4849
3 3650 3651 3856
3 878 896 4714
3 6310 4071 6389
3 3302 3304 5194
3 4713 1826 5028
3 1410 1340 1768
3 5144 5143 5901
3 1069 1192 1194
3 3070 3044 4532
3 4778 3847 5869
3 3993 4263 6839
3 2553 2957 3156
3 1483 1403 5431
3 4329 5468 5778
3 4618 3486 6433
3 462 4603 4604
3 1379 2292 3069
3 993 992 994
3 5100 526 5441
3 552 4742 4743
3 822 824 4707
3 4716 439 4717
3 612 1797 4855
3 2413 5053 5756
3 4579 4577 6812
3 5067 5064 6390
3 566 3100 4831
3 3156 3626 4562
3 1944 1947 4651
3 1723 2109 2110
3 1869 4896 4897
3 4572 5415 5429
3 4533 4532 4535
3 1316 1350 4501
3 4718 2215 5287
3 4535 484 6631
3 3075 2775 5305
3 6988 4129 7048
3 1556 1555 1689
3 4617 1026 4631
3 498 5187 5188
3 1595 4492 5101
3 616 704 4893
3 596 5118 5686
3 5023 5022 5504
3 4325 4324 4326
3 2223 2235 4901
3 3882 3244 4623
3 604 2761 4858
3 2989 2555 3244
3 5963 2089 6075
3 2110 2267 2319
3 4882 3775 5261
3 743 1378 4899
3 3757 3759 3826
3 2840 3185 3645
3 1937 4794 4795
3 3950 4752 4754
3 1441 1437 1555
3 4656 2794 4680
3 4473 4344 4528
3 5721 3814 6010
3 1843 4886 5807
3 3485 4565 5411
3 5000 3881 6967
3 1194 1192 2555
3 1724 1689 2172
3 4905 3859 4906
3 927 931 5469
3 4811 4812 6136
3 4486 3194 4502
3 1803 6141 6626
3 3306 4789 5172
3 3621 3705 4275
3 2259 2154 4539
3 3645 3185 3744
3 2893 3009 3485
3 5015 5016 5017
3 91 4260 6941
3 2555 1192 4796
3 462 350 4603
3 600 739 4870
3 1542 856 4941
3 924 1256 4852
3 1551 1627 5023
3 971 1020 4568
3 979 992 993
3 4703 2226 4758
3 3159 3755 3756
3 4553 4550 4554
3 4947 1682 4948
3 5043 5050 6040
3 3015 5379 5890
3 2893 2285 3009
3 3843 3368 3844
3 3026 5082 5492
3 1302 1252 1304
3 6318 3883 6912
3 1874 2105 5026
3 2880 2878 3264
3 3485 3009 4565
3 556 1798 4742
3 1597 1721 1777
3 1124 1800 4724
3 4820 2575 6264
3 3437 4957 5782
3 3718 3778 5174
3 1290 2940 5282
3 4462 4463 6193
3 1954 2247 3168
3 4176 4174 6076
3 1190 1234 4637
3 953 1356 1723
3 4578 4581 5467
3 6045 2383 6403
3 1723 2110 2111
3 4576 4577 4578
3 1834 1833 4751
3 1996 1997 2248
3 4868 4867 4869
3 4327 5658 6895
3 3187 3186 3286
3 3134 2953 3884
3 5094 982 5867
3 3277 3049 3278
3 3431 2993 3877
3 1640 2290 4790
3 3856 3651 4424
3 4311 382 7003
3 126 127 427
3 354 355 439
3 1588 1773 4864
3 1515 1516 1611
3 2261 2285 2893
3 922 924 4852
3 1619 1494 1648
3 2395 2479 4908
3 2319 2320 2565
3 4853 2505 4854
3 4539 2711 4540
3 2504 2279 2795
3 2873 2874 3141
3 1477 1390 1494
3 5689 491 6610
3 4482 2637 5415
3 1057 1056 5968
3 1869 592 4896
3 2010 2012 4860
3 1432 1433 1515
3 3609 3473 6475
3 5658 4327 6647
3 1565 1563 5249
3 3286 4343 4344
3 4621 4304 7049
3 3950 3198 4752
3 1231 1130 4609
3 2215 4718 5245
3 209 403 4942
3 4132 4620 6991
3 4538 1784 4852
3 5046 1188 5047
3 1795 1656 4621
3 4865 1907 5950
3 3134 3946 5158
3 4251 4215 5704
3 3141 3142 3731
3 2840 2443 3185
3 327 388 4975
3 955 964 1767
3 6338 4281 6446
3 5039 5038 5960
3 1304 4590 4591
3 4007 5377 5912
3 3817 5283 6804
3 1802 4895 6734
3 1801 4586 5354
3 4454 4453 5267
3 5259 5260 6299
3 3091 3716 5853
3 1805 1804 1806
3 3216 2933 3381
3 2474 1962 3186
3 1530 1622 4615
3 2039 950 5608
3 1807 1806 1848
3 3222 3221 3654
3 1378 1050 1390
3 3261 4884 4885
3 3044 3045 3621
3 4719 889 4721
3 2202 2810 5020
3 1311 1299 4573
3 307 5114 5557
3 2765 6624 6628
3 977 4394 6215
3 100 101 4452
3 2645 2648 4788
3 2497 2498 3044
3 371 4558 6320
3 3195 3194 3196
3 2329 2883 5149
3 4623 2204 6328
3 3669 2499 4429
3 3273 3276 4347
3 6562 5447 6646
3 2565 2816 3273
3 3015 2200 4925
3 477 5332 6341
3 2500 6076 6135
3 2808 2780 3049
3 5529 5518 6895
3 4299 4300 5251
3 1719 1790 1791
3 2261 1911 2285
3 464 346 4648
3 5365 3172 6223
3 3621 4275 6140
3 2319 2565 2912
3 4089 4717 6525
3 2023 2025 4611
3 5162 5163 5164
3 1129 1102 1130
3 528 526 5100
3 2803 2805 3650
3 695 691 4996
3 1147 1188 5046
3 1101 1100 1102
3 3144 3153 3158
3 758 748 4746
3 3869 5010 6397
3 1678 2076 4963
3 2119 2118 2438
3 1417 1415 1804
3 524 1347 5441
3 1749 1750 1962
3 4220 4164 6488
3 3440 3264 3670
3 1375 1075 5073
3 422 4175 4260
3 2703 4658 5122
3 3234 5197 5198
3 1563 3546 5249
3 1091 1799 5035
3 762 1978 5252
3 4839 4842 4846
3 350 351 4603
3 1099 1098 1100
3 1665 1666 1749
3 3169 3550 3551
3 1642 4559 4560
3 2947 2178 5789
3 1120 1339 4727
3 4478 5178 5431
3 4255 3600 5601
3 5813 4136 6997
3 74 419 4216
3 3453 3859 4905
3 3435 3966 4288
3 4032 5826 5861
3 4945 3690 4946
3 5092 5091 5093
3 2301 2251 5158
3 3713 3712 4090
3 1784 922 4852
3 1861 2169 5048
3 2097 2098 2251
3 2497 3044 3070
3 3210 4333 4798
3 1106 1199 4919
3 1397 1398 1432
3 1078 1080 5373
3 1663 1664 1665
3 6067 4654 6841
3 3650 2805 3651
3 3884 4161 4162
3 1441 1555 1556
3 4540 4541 4542
3 4658 4663 5122
3 537 4743 4744
3 1097 1096 1098
3 4607 4047 6774
3 4743 4742 6127
3 2257 2878 2880
3 2164 2871 4776
3 1383 1437 1441
3 3659 6585 6640
3 646 3289 5051
3 3248 4538 4852
3 2251 2252 2718
3 5745 3834 6495
3 3261 2211 4884
3 4101 3877 6605
3 3070 4532 4533
3 3652 3094 3832
3 975 956 4627
3 4967 4968 6022
3 711 6735 6932
3 4929 873 4930
3 2172 2173 2497
3 2718 3134 5158
3 129 130 366
3 177 178 4455
3 535 537 4744
3 797 1260 5396
3 551 549 5654
3 5458 5457 5459
3 743 736 1050
3 5128 2947 5129
3 1233 1138 3495
3 562 555 5235
3 2154 1771 2711
3 2297 2298 2902
3 1472 2499 3669
3 3134 3884 3945
3 1592 1593 1635
3 2718 2901 2953
3 4858 2761 5699
3 2426 2259 3093
3 1336 1383 4632
3 2132 2131 2324
3 2324 2325 2933
3 1896 2305 2553
3 5456 2907 5457
3 2091 2092 2297
3 3597 4791 4792
3 3461 6149 6237
3 1556 1689 1724
3 1660 1619 4824
3 1639 1655 1656
3 2331 2529 2530
3 4846 674 6429
3 4971 468 5103
3 1656 1662 1663
3 3643 5039 6369
3 3985 4211 4212
3 4894 5581 7080
3 346 347 4648
3 400 344 4695
3 2500 2196 5009
3 4999 2518 5000
3 2188 2858 4962
3 3488 3489 4096
3 2218 5079 5501
3 2214 3559 4938
3 4459 2919 6305
3 1338 1558 4976
3 5015 677 5016
3 362 5959 6673
3 1954 1955 2247
3 3471 3161 3562
3 986 4407 6376
3 1597 1598 1721
3 400 4695 4696
3 3491 1078 5373
3 218 5283 5793
3 2880 3264 3440
3 1304 4589 4590
3 717 707 4567
3 3690 2831 4947
3 4462 3069 4463
3 3394 4882 5261
3 1500 1499 1613
3 4970 468 4971
3 723 717 725
3 2827 2543 5085
3 1383 1384 1437
3 4504 3718 5174
3 1611 1612 1727
3 2539 2542 4859
3 5017 6518 6643
3 2553 3156 3157
3 3838 6303 6765
3 5222 5451 5548
3 4758 3900 6740
3 1764 1763 2118
3 4370 3239 5018
3 3701 3189 4921
3 5129 2947 5131
3 2604 2607 5142
3 2414 2408 4769
3 431 4987 4988
3 2477 3102 3476
3 3959 3130 3960
3 1856 4922 5619
3 5379 3490 5890
3 2718 2953 3134
3 83 84 6652
3 1570 1609 5145
3 1351 1415 1417
3 2233 2282 2917
3 344 345 4695
3 5173 5194 5195
3 1843 1840 4926
3 1336 1337 1383
3 1225 4449 4796
3 3222 3654 4112
3 5167 3468 5902
3 877 2027 4775
3 4609 1208 4610
3 6370 4057 6513
3 626 677 5015
3 2462 1570 5145
3 2610 2638 5110
3 2833 2174 3221
3 2426 3093 3094
3 2935 3203 4903
3 1272 1351 4634
3 2478 1931 5349
3 3222 4113 5219
3 2917 2282 2918
3 1477 1494 1619
3 4574 4575 4626
3 2318 4229 6867
3 3654 4427 4428
3 2257 2258 2878
3 3466 5913 6072
3 2369 5250 5767
3 1711 2505 4853
3 4257 4256 4258
3 21 22 5025
3 3915 5135 5136
3 1095 815 1096
3 1330 1331 3867
3 1378 1390 1477
3 4449 4147 4796
3 4110 4997 4998
3 1241 1299 1311
3 5350 3422 5432
3 3196 3194 4486
3 3584 3814 4964
3 3477 3566 3776
3 2154 2711 4539
3 1763 1641 4978
3 3804 3156 4562
3 141 4425 6419
3 4932 340 4935
3 1553 1488 4559
3 4889 3384 4890
3 1417 1804 1805
3 1719 1718 1790
3 1576 4406 6292
3 2530 2529 2801
3 6476 995 6501
3 1805 1806 1807
3 1299 1300 1330
3 2325 4757 5171
3 1192 1193 4796
3 3286 4344 4473
3 4558 4557 6840
3 2925 3309 4810
3 4540 4542 4543
3 4558 3151 6848
3 3292 682 5354
3 3648 3400 4352
3 1811 1809 2005
3 2222 2223 4901
3 4261 4175 5510
3 382 4311 6332
3 3157 3804 3805
3 3341 3638 4940
3 5182 4803 5183
3 648 646 5051
3 2069 5351 6863
3 3311 1375 5073
3 2097 2251 2301
3 3267 2795 4312
3 1657 1641 1763
3 1330 3867 4420
3 4834 562 5235
3 4772 2283 4773
3 4093 4091 4252
3 5264 3260 7073
3 2994 2993 3431
3 2586 5587 6023
3 2236 2238 2241
3 2576 2873 4487
3 683 680 684
3 5129 5131 5132
3 1901 1880 5278
3 3083 1231 3090
3 432 309 5107
3 1494 1760 4622
3 3684 4645 5141
3 1381 1024 4617
3 2439 2438 4797
3 5068 3987 6257
3 2076 2820 4963
3 1162 1158 1480
3 374 88 7013
3 2323 2268 2951
3 1850 2103 5104
3 868 873 4929
3 2527 4504 5174
3 4589 1220 4592
3 2918 3400 3648
3 3860 3556 5478
3 1034 1036 1038
3 4823 460 6947
3 5030 1406 5031
3 847 846 848
3 3777 3083 4667
3 4761 2792 5125
3 2543 2541 5085
3 687 684 688
3 2820 3753 4963
3 1809 1807 4924
3 2650 2634 5005
3 2046 1635 3194
3 3065 2951 4798
3 4618 4617 4619
3 3187 3286 3287
3 2833 3221 3222
3 4350 3485 5411
3 845 843 846
3 3332 3331 4774
3 849 848 850
3 1798 558 5186
3 4163 3769 4164
3 503 4959 4960
3 1367 1366 1421
3 1848 1853 2257
3 2794 4678 4680
3 3272 3270 3663
3 4627 1774 4628
3 864 854 878
3 4559 1488 4561
3 584 582 4710
3 4031 3317 4032
3 1041 1044 1046
3 851 850 854
3 2233 1901 2282
3 1252 1220 4589
3 2879 3255 4749
3 1350 1355 1397
3 3376 5175 5513
3 4046 3663 4227
3 2985 5149 5697
3 2882 2881 3270
3 690 688 691
3 2329 2328 2881
3 1639 1656 1795
3 2222 2221 2223
3 670 665 4574
3 1636 1638 1639
3 1802 4893 4895
3 2951 3209 3210
3 4765 4761 5125
3 5166 3468 5167
3 4638 4636 4639
3 4966 329 4969
3 694 691 695
3 908 898 4715
3 872 2465 4923
3 2454 2439 2780
3 898 878 4714
3 2327 2326 2328
3 4253 6694 6934
3 3638 3343 4065
3 1558 2230 4976
3 1963 2095 2097
3 2833 3222 5219
3 877 862 2027
3 1621 1553 1641
3 3281 510 4961
3 3284 3282 4810
3 6219 1682 6611
3 2235 2225 2236
3 6600 4829 6729
3 2703 4657 4658
3 699 695 701
3 1776 1189 2915
3 2752 3050 3508
3 3782 3829 5285
3 128 129 4782
3 2230 3874 4976
3 5042 1883 5475
3 4691 3158 4692
3 829 3924 5170
3 1351 1352 1415
3 2223 2225 2235
3 1381 4617 4618
3 2038 1665 5264
3 1022 1024 1381
3 1884 3280 5034
3 1552 1488 1553
3 2780 2439 4797
3 2444 2443 2840
3 3304 3518 5194
3 2553 3157 5071
3 351 352 417
3 831 830 832
3 1955 1957 4931
3 6518 5017 6579
3 1241 1242 1299
3 679 670 680
3 4660 4659 4662
3 4658 4657 4659
3 833 832 834
3 4783 3380 6126
3 1749 1962 2474
3 829 828 830
3 2025 2221 2222
3 2105 2303 2752
3 2677 2681 5044
3 4789 5173 5422
3 705 699 4756
3 2530 2801 5007
3 82 83 4272
3 4318 5689 6610
3 3648 4352 4353
3 36 37 4686
3 4340 1783 6969
3 5155 5465 5969
3 2821 2552 2822
3 4110 2967 4997
3 694 695 699
3 3899 2786 5724
3 588 586 4767
3 6007 4121 6028
3 3216 3381 3624
3 3009 3206 3435
3 1422 1421 1499
3 431 315 4987
3 1095 3247 5186
3 1028 1030 1486
3 4597 3513 5054
3 1663 1665 2038
3 1403 2747 5431
3 1208 1209 1241
3 3438 3173 3969
3 690 691 694
3 4698 4696 4700
3 2752 2303 3050
3 2474 3186 3187
3 2612 2610 5110
3 3339 5027 5677
3 4665 4638 4904
3 2280 1756 2281
3 1101 1102 1129
3 2878 2879 4749
3 1129 1130 1231
3 1099 1100 1101
3 3684 838 4643
3 4595 3129 5084
3 3210 3211 3953
3 1407 1406 5030
3 1044 1048 4602
3 3180 995 3565
3 5155 1779 5465
3 6143 3744 6620
3 1738 2591 5135
3 1817 1815 2128
3 2226 4720 4758
3 1732 2518 4999
3 2999 4867 4868
3 2852 3468 5166
3 1130 1131 1208
3 4835 4834 5235
3 4995 3312 5407
3 687 688 690
3 556 558 1798
3 979 991 992
3 1491 822 4707
3 3272 3663 4046
3 836 3684 5141
3 3990 3636 4072
3 5048 2169 5116
3 4551 4550 4553
3 1826 1824 5028
3 3727 4786 4787
3 1767 964 4857
3 1130 1208 4609
3 2576 2578 2873
3 1584 1748 4949
3 4334 4864 5450
3 665 663 2475
3 2882 3270 3272
3 4701 4698 4723
3 3443 4479 5059
3 349 350 462
3 4469 3353 5184
3 1097 1098 1099
3 3256 3258 3334
3 1267 1268 1315
3 3649 4266 4267
3 1722 1953 1954
3 4711 4605 4712
3 1559 1560 1592
3 809 810 815
3 2228 2227 2326
3 2329 2881 2882
3 552 556 4742
3 558 559 809
3 743 1050 1378
3 994 996 1004
3 2811 2728 3331
3 5150 2405 5756
3 3453 3452 3859
3 2327 2328 2329
3 3483 4278 4279
3 362 143 4408
3 3239 3236 5018
3 840 834 5141
3 2474 3260 5264
3 964 978 979
3 1783 4340 7014
3 5913 3611 6072
3 4093 4252 5639
3 2594 3339 5677
3 90 91 6941
3 5063 1894 5065
3 2217 2082 2728
3 826 829 5170
3 4175 4176 5510
3 1957 1959 2091
3 3252 4482 4572
3 556 557 558
3 683 684 687
3 3198 3195 4752
3 946 954 955
3 3226 3394 3504
3 539 552 4743
3 2770 2123 2823
3 3244 4147 4148
3 809 1095 5186
3 1004 1005 1069
3 1761 1557 5143
3 339 340 4932
3 3711 3000 3712
3 1095 1096 1097
3 1911 1908 4865
3 1883 5230 5475
3 1794 4729 4731
3 707 705 1783
3 956 1774 4627
3 1272 1273 1351
3 956 908 1774
3 3497 5330 6767
3 3750 2980 5512
3 1749 2474 5264
3 580 578 4703
3 537 539 4743
3 4333 399 6894
3 4933 4932 4934
3 4263 3993 6992
3 833 834 840
3 2130 1791 2131
3 3341 2916 3343
3 831 832 833
3 1225 1226 1267
3 845 846 847
3 3286 3186 4343
3 955 963 964
3 5186 3247 6043
3 167 168 460
3 3483 4262 4278
3 3438 3969 3970
3 2105 1873 2303
3 3876 4041 4391
3 898 4714 4715
3 3779 4483 4518
3 4065 4066 4426
3 1514 1537 1597
3 4745 4744 6127
3 1886 1887 4986
3 2923 2824 3173
3 984 985 1058
3 311 379 5106
3 659 656 1258
3 3212 2023 4611
3 4450 3590 5053
3 829 830 831
3 961 962 984
3 896 897 912
3 347 348 409
3 2152 2149 4613
3 725 4513 7009
3 2544 2543 2824
3 394 5268 6187
3 2021 2023 3212
3 5114 432 5115
3 5259 6299 6359
3 326 327 4975
3 2110 2109 2267
3 3451 3450 3452
3 1046 1044 4602
3 2351 2349 5723
3 816 3861 4794
3 3226 3162 3394
3 1440 1497 1513
3 1341 1340 1410
3 1985 5350 5432
3 841 843 845
3 4800 4803 5182
3 4313 4315 7002
3 1721 1722 4464
3 847 848 849
3 3747 5932 5933
3 154 495 5946
3 912 913 961
3 4596 3513 4597
3 3417 3418 3876
3 1472 1473 2499
3 3435 3467 3966
3 3210 3953 4333
3 3120 4188 4189
3 2228 2326 2327
3 1847 1823 2268
3 809 815 1095
3 4864 1773 5450
3 2638 5060 5110
3 1434 3311 5165
3 3684 4643 4644
3 1058 1189 1776
3 3542 3541 3649
3 552 553 556
3 5459 5832 7004
3 4866 4102 4867
3 701 817 818
3 1912 1911 2261
3 2324 2131 2325
3 2319 2267 2320
3 2993 2841 4465
3 3161 3160 4412
3 328 329 4966
3 2935 4903 5013
3 1069 1070 1192
3 1776 2915 2916
3 5515 1819 5900
3 165 166 413
3 435 253 6509
3 3881 5000 7054
3 1635 1593 1636
3 5198 4995 5396
3 4069 4067 6025
3 849 850 851
3 881 2480 4941
3 2998 2996 2999
3 2774 3075 3743
3 1645 840 2227
3 2449 758 4746
3 2879 3254 3255
3 462 4605 4711
3 6455 4285 6950
3 4668 2839 4669
3 851 854 864
3 3638 4065 4238
3 2506 2315 5197
3 2940 4283 5282
3 2770 2823 3532
3 3156 2957 3626
3 2114 2263 2758
3 864 878 898
3 4624 4541 5915
3 3127 3121 3736
3 5356 393 6591
3 818 819 820
3 4344 4343 4345
3 5317 5388 6834
3 1887 2269 4986
3 946 955 4458
3 5456 5457 5458
3 826 828 829
3 3301 1444 5042
3 878 879 896
3 2300 2337 2575
3 3954 3956 4396
3 4201 4585 5071
3 1199 1200 1210
3 2486 1210 2515
3 3113 2255 5105
3 836 838 3684
3 2494 1259 3121
3 4510 3284 4810
3 1303 1302 1340
3 427 127 4781
3 3063 3064 4071
3 6632 3987 6907
3 5243 5244 5559
3 1425 1407 5030
3 1456 1884 5034
3 4332 3453 4905
3 2228 2985 5233
3 1001 975 1053
3 920 1784 4985
3 2542 2541 2543
3 820 821 822
3 2925 4810 4986
3 656 653 4641
3 497 121 5072
3 679 680 683
3 961 984 986
3 896 912 1770
3 378 215 4779
3 4970 4971 4972
3 4705 1156 4706
3 5029 1425 5030
3 3341 3343 3638
3 496 54 4977
3 725 717 4567
3 2544 2824 2923
3 663 659 5052
3 2923 3173 3438
3 4598 1357 6902
3 2160 3071 5024
3 2531 3939 5560
3 516 958 1559
3 1723 1356 2109
3 391 339 4932
3 2169 2271 2557
3 2290 2774 4790
3 1686 1596 5242
3 345 346 464
3 3451 3452 3453
3 2465 4516 6818
3 1514 1597 4549
3 2103 2123 2770
3 5003 5002 5004
3 2790 2515 3063
3 467 4975 6354
3 2542 2543 2544
3 2527 2313 5321
3 822 823 824
3 1833 1831 2525
3 815 816 4794
3 1022 1023 1024
3 4781 128 4782
3 460 168 6529
3 1246 1247 1259
3 4275 3705 4276
3 2940 1361 4097
3 1839 1837 2082
3 2553 2305 2957
3 713 698 5185
3 1530 1531 1622
3 1416 1472 4494
3 841 842 843
3 5021 2941 5022
3 4267 4266 4328
3 2886 3510 3622
3 2357 2355 4668
3 2324 2933 3216
3 4839 4841 4842
3 2505 1943 3671
3 1253 1252 1302
3 1058 1059 1189
3 3966 4126 4127
3 2811 3331 3332
3 4832 3100 4833
3 4325 4326 4327
3 4634 1417 5760
3 2217 2728 2811
3 824 825 826
3 1024 1025 1026
3 2784 2783 3417
3 2650 5005 5338
3 5039 5960 6024
3 308 432 5114
3 1499 1421 6007
3 4720 4719 4721
3 1491 4707 4708
3 3501 3854 5366
3 5547 6195 6933
3 3158 3153 3159
3 2779 2511 5084
3 1797 4849 4850
3 2843 2841 2993
3 53 54 496
3 4999 5001 5145
3 2361 2359 4656
3 2103 1849 2123
3 5097 1936 5098
3 2820 3751 3753
3 391 4932 4933
3 4934 4935 4936
3 1645 2227 2228
3 1020 1021 1022
3 890 5243 5559
3 826 827 828
3 4967 4966 4968
3 1665 1664 1666
3 1873 1867 5200
3 2681 2682 3434
3 1221 1220 1252
3 5162 5160 5163
3 2422 4836 4837
3 1749 1666 1750
3 2230 2704 3874
3 1746 1896 5071
3 4995 805 5396
3 1962 1750 1963
3 866 868 4929
3 1839 2082 2217
3 5449 2316 5538
3 3004 3003 3779
3 1656 1655 1662
3 3188 3065 4044
3 3282 1886 4986
3 4871 4872 4873
3 1350 4500 4501
3 4934 4936 4937
3 3196 4486 5939
3 1833 2525 3218
3 838 839 841
3 2951 3210 4798
3 3331 3333 3740
3 1158 1156 4705
3 1368 1296 1369
3 4988 4989 4990
3 1333 1335 1336
3 704 4855 5581
3 1494 1390 1760
3 1807 1848 4924
3 5055 3875 6207
3 5029 5030 5032
3 870 872 4923
3 214 215 378
3 1883 1450 5101
3 4466 3645 6143
3 1048 1077 3072
3 4220 6488 6873
3 4760 2792 4761
3 1026 1027 1028
3 6943 4146 6959
3 2359 2357 2794
3 4703 4758 6740
3 2180 2947 5128
3 3419 3417 4736
3 1648 1494 4622
3 1710 1718 1719
3 1645 2228 5233
3 1595 5034 5398
3 820 822 1491
3 4177 4082 6482
3 2298 2300 4820
3 1663 1662 1664
3 1592 1635 2046
3 2665 2678 5058
3 2539 2541 2542
3 5001 5000 5002
3 343 344 400
3 1876 1874 5026
3 4871 739 4872
3 834 835 836
3 4535 4532 6140
3 1290 1291 1361
3 2058 2060 2206
3 1728 1730 1996
3 1098 1937 4666
3 1902 1901 2233
3 2565 2320 2816
3 2918 3227 3400
3 3862 2735 5220
3 2482 4908 4909
3 1639 1638 1655
3 2363 2361 2703
3 3106 4467 4468
3 3431 4102 4866
3 2367 2365 2838
3 2312 2262 2443
3 1258 4641 4642
3 1690 3482 3483
3 953 905 1356
3 4483 3003 5249
3 4520 3308 5069
3 3643 6369 6445
3 4760 4761 4762
3 2557 2271 2982
3 399 123 6733
3 4669 4670 4671
3 2774 3743 4790
3 2089 5647 6075
3 4283 4606 5282
3 4373 3666 4888
3 467 326 4975
3 4540 2711 4541
3 1260 767 5252
3 2112 3450 3451
3 3509 3508 3653
3 5924 3110 5976
3 1487 1411 1488
3 836 837 838
3 3032 3873 5809
3 3446 4199 4664
3 1548 5176 5655
3 680 670 4574
3 5052 4419 5799
3 3273 2816 3276
3 1416 1419 1472
3 4799 4800 5182
3 2537 2539 4859
3 3188 4044 4307
3 354 439 4716
3 582 580 764
3 1847 2268 2323
3 1879 1876 5026
3 132 133 442
3 5175 1769 5513
3 816 866 3861
3 2823 3232 3233
3 3779 3003 4483
3 1317 3183 3184
3 2142 2884 2886
3 122 123 399
3 4550 4549 4770
3 3884 2953 4161
3 3157 4201 5071
3 4658 4659 4660
3 4585 1746 5071
3 335 429 5055
3 4669 4671 4674
3 2192 2799 5008
3 1539 1668 1669
3 2355 2353 2839
3 1068 1106 4919
3 1890 5017 6643
3 1188 1145 5190
3 1669 5011 5284
3 988 1016 1073
3 2048 2050 2922
3 2251 2098 2252
3 4557 4076 6840
3 3053 2921 3130
3 388 328 4966
3 3670 3264 4213
3 1028 1029 1030
3 3772 6119 6434
3 4300 4304 5251
3 5049 2660 6058
3 4957 4956 4973
3 688 1644 4807
3 3642 3544 3727
3 946 4458 4516
3 701 818 3246
3 586 584 1775
3 1890 5015 5017
3 2676 2677 5044
3 1239 5168 5816
3 1106 1198 1199
3 3666 3383 4888
3 3622 3510 4105
3 3331 3740 4774
3 4988 4987 4989
3 2169 1860 2271
3 5433 3767 5434
3 576 574 4719
3 4810 3282 4986
3 2480 4568 6788
3 1219 1245 1246
3 1947 1950 3719
3 1802 618 4893
3 4374 4373 4376
3 4478 3241 5178
3 3394 4881 4882
3 941 943 1071
3 4208 3464 4256
3 578 576 2226
3 5111 3131 5112
3 4124 3332 4125
3 1895 5206 5207
3 1971 1694 5324
3 4838 4837 4839
3 4602 3072 6286
3 2097 2095 2098
3 2214 3015 3559
3 2761 4870 4974
3 4946 3690 4947
3 2323 2951 3065
3 2951 2268 3209
3 4604 4603 6333
3 1354 1388 1786
3 1302 1304 4593
3 2684 2691 3466
3 6170 496 6701
3 2718 2252 2901
3 4840 4839 4846
3 1711 1943 2505
3 1251 1287 1290
3 2948 2949 3618
3 3621 3045 3705
3 3787 4077 4078
3 2886 2884 3510
3 4494 3669 4847
3 3527 3986 3987
3 5112 3131 5113
3 3053 3961 4204
3 1190 1228 1234
3 388 4966 4967
3 5113 3131 5292
3 582 764 4710
3 4672 4675 5117
3 2112 3215 3450
3 3876 3418 4041
3 4637 4636 4638
3 3849 3317 4031
3 3618 4453 4454
3 1874 1873 2105
3 2649 2660 5049
3 2255 1900 5105
3 4632 1441 5840
3 1235 1272 4635
3 3544 3542 4786
3 704 614 4855
3 1799 3162 3226
3 3234 2506 5197
3 2373 2371 2783
3 1256 3248 4852
3 4800 4802 4803
3 2471 2281 2472
3 1186 640 6006
3 4860 4861 5654
3 341 342 465
3 3623 3622 3912
3 653 651 1796
3 3504 3394 5261
3 3727 3544 4786
3 1379 1369 2292
3 3317 2699 4704
3 314 315 431
3 2825 4759 4944
3 1831 1828 4713
3 4990 4989 4991
3 1592 1560 1593
3 1800 2723 4085
3 3676 3419 4038
3 937 939 1781
3 2235 2236 5146
3 949 968 1782
3 5455 2907 5456
3 5534 5363 6477
3 856 881 4941
3 2581 5119 5610
3 933 935 1072
3 2200 2198 4925
3 1738 5135 5242
3 3141 2874 3142
3 4155 4157 6038
3 1235 1271 1272
3 2018 2021 4650
3 3044 2498 3045
3 4259 6854 6985
3 3476 3102 3477
3 4767 1775 4768
3 1316 1345 1350
3 2677 2680 2681
3 4243 4242 4348
3 3580 3578 4245
3 2172 1689 2173
3 3417 2783 3418
3 4050 3074 6280
3 510 512 4961
3 2663 2665 5058
3 4306 375 6826
3 22 402 5025
3 3654 3221 4427
3 4147 2555 4796
3 578 2226 4703
3 1513 4550 4551
3 1863 1861 5048
3 2379 2377 4738
3 6854 4008 6985
3 1256 2519 2948
3 786 1894 5063
3 4257 4258 4984
3 2517 1761 5143
3 1780 2941 5021
3 3463 3464 4208
3 2053 2056 5205
3 3050 3240 3429
3 3893 3019 4079
3 6635 3996 6761
3 1075 1052 5073
3 2216 2826 5287
3 1507 1711 4853
3 5160 257 5163
3 4911 4909 4916
3 3634 3440 5368
3 4827 4829 4830
3 4999 5000 5001
3 590 588 754
3 1333 1336 4633
3 2615 2642 5123
3 2682 2684 4784
3 1007 528 5100
3 1233 3495 5706
3 1298 1321 1374
3 1354 1786 4522
3 4839 4837 4841
3 5451 2977 5548
3 3069 2292 4474
3 3584 3582 3814
3 2359 2794 4656
3 931 5177 5469
3 2497 2173 2498
3 952 951 972
3 1942 1276 5228
3 651 648 5051
3 1837 1834 4751
3 1890 628 5015
3 120 121 497
3 586 1775 4767
3 2807 3241 3242
3 2381 2379 2420
3 468 331 5103
3 2349 2347 2825
3 574 572 889
3 1030 1031 1032
3 5001 5002 5003
3 1910 1908 1911
3 1866 1863 5048
3 5640 494 6373
3 1808 1807 1809
3 3528 3529 4630
3 5119 3770 5610
3 3525 3527 5068
3 3169 2247 3550
3 5285 3829 5586
3 1149 1147 5046
3 3235 2673 3236
3 1919 1921 5218
3 5081 1970 5492
3 3649 3541 4266
3 2442 2116 3003
3 1939 6067 6398
3 3210 3209 3211
3 1475 1528 1530
3 4625 1232 6021
3 3323 3379 3380
3 3540 3294 3541
3 512 514 2473
3 117 118 5704
3 1489 2112 5255
3 844 853 5480
3 1100 1098 4666
3 3241 2274 5178
3 2598 2601 5013
3 4520 5069 5070
3 2940 4097 4099
3 4554 4550 4770
3 3730 3729 4002
3 1694 1692 5324
3 3468 2467 5746
3 2355 2839 4668
3 1765 1724 1771
3 4912 4911 4914
3 1246 1259 2494
3 3063 2515 3064
3 1797 610 4849
3 3586 3584 4964
3 1505 1507 4853
3 5581 4855 6951
3 3756 3755 3757
3 2389 2387 4836
3 4071 3064 4150
3 4635 4634 4883
3 3242 3443 3444
3 4910 4909 4911
3 3121 1259 3177
3 2914 3224 5192
3 1116 1118 1794
3 1098 1096 1937
3 1711 1712 1943
3 2176 1721 4464
3 539 542 552
3 1330 1300 1331
3 1783 705 4756
3 3127 3736 3737
3 1980 5404 5405
3 592 590 4896
3 392 5216 5217
3 3345 1919 5218
3 1199 1210 2486
3 5157 3362 5359
3 5543 3822 5944
3 691 4807 4996
3 3374 3094 3652
3 3953 3211 3954
3 2494 3121 3127
3 4659 4657 4661
3 3513 3512 5054
3 3308 2924 5069
3 2933 2325 3042
3 1540 1280 5138
3 1159 1158 1162
3 2262 2261 4809
3 2482 2397 4908
3 2485 1149 5046
3 6762 3951 6782
3 3408 1137 4625
3 3082 4003 4980
3 3335 3837 4178
3 4690 4691 5109
3 315 316 4987
3 3618 2949 4453
3 1304 1252 4589
3 2648 2649 2673
3 4858 5699 6691
3 1290 1361 2940
3 2982 3265 3266
3 3466 2691 3865
3 2377 2374 5425
3 2347 2345 4759
3 2948 2519 2949
3 3457 4063 4064
3 5323 4355 6881
3 2596 2598 5013
3 1193 1196 1225
3 5041 844 5480
3 2397 2395 4908
3 4799 2503 4800
3 726 606 4858
3 3818 3817 6804
3 2694 2914 5040
3 1642 1553 4559
3 924 926 1256
3 2405 4964 5721
3 2420 2379 4738
3 1145 1144 5190
3 5367 3951 6762
3 568 566 4831
3 3426 5620 5707
3 332 395 5103
3 2422 2389 4836
3 2236 2237 2238
3 3660 3057 5202
3 3649 4267 5984
3 1916 1936 5097
3 5694 3998 5979
3 1120 1122 1339
3 3713 4090 4091
3 3306 3302 5194
3 3237 3236 3239
3 794 2117 5152
3 2324 3216 5488
3 4514 3550 4931
3 572 570 4771
3 4044 4798 6894
3 1180 1177 5223
3 3488 1768 3489
3 1908 1907 4865
3 4826 3271 4827
3 1258 656 4641
3 1670 1669 1671
3 2486 2515 2790
3 1559 958 1560
3 1246 2494 5320
3 3596 3594 5019
3 3504 5261 5578
3 868 870 873
3 2387 2385 2440
3 1772 1771 2154
3 3236 3238 5018
3 1669 1668 5011
3 5261 3011 5578
3 4697 4696 4698
3 2345 2343 2792
3 1280 1282 5138
3 1882 1880 1901
3 392 300 5216
3 2223 2224 2225
3 2302 5147 5148
3 2050 2051 2052
3 1199 1198 1200
3 3351 3239 4369
3 1130 1102 1131
3 4047 4046 4400
3 3385 3387 5133
3 3383 3006 3384
3 2046 3194 3195
3 3764 5449 5538
3 1861 1860 2169
3 618 616 4893
3 1314 4653 4654
3 574 889 4719
3 3880 2768 5667
3 2668 2670 2676
3 1947 1948 1950
3 2196 2194 5009
3 2539 2540 2541
3 1489 1501 2112
3 6076 4177 6135
3 5771 1187 5948
3 5176 3778 5655
3 3441 3440 3634
3 1444 1445 5042
3 121 122 5072
3 2149 2032 5418
3 1950 1951 2048
3 3926 3596 5019
3 1032 1033 1034
3 2790 3063 3576
3 2365 2363 5122
3 1584 4949 5263
3 614 612 4855
3 1541 713 5185
3 1810 1809 1811
3 2305 1897 5595
3 4197 3528 4630
3 2932 5120 5121
3 3463 2875 3464
3 1799 2532 3162
3 1020 1022 4517
3 3128 4027 5056
3 2048 2049 2050
3 1495 1425 5029
3 3813 4980 4981
3 610 608 4849
3 3160 4084 4412
3 4097 1361 4098
3 5051 3289 6132
3 338 339 391
3 570 568 1870
3 3592 3590 4450
3 4184 5414 6572
3 2733 3862 5191
3 848 2503 4799
3 2801 2802 2803
3 5396 1260 5758
3 4456 3504 4457
3 1172 1171 4118
3 1852 1850 5104
3 608 606 726
3 760 742 5206
3 141 142 4425
3 2130 2131 2132
3 2184 2168 2554
3 2494 3641 5320
3 1659 1495 5029
3 2761 602 4870
3 3277 3278 3787
3 2537 2538 2539
3 2025 2220 2221
3 980 1014 5608
3 2052 2053 5205
3 2616 2618 5463
3 2871 2897 3729
3 2339 2202 5020
3 612 610 1797
3 1699 1732 4999
3 742 3337 5206
3 2265 3012 3344
3 1383 1337 1384
3 3270 3271 4826
3 2306 2259 2426
3 3417 3876 4736
3 1732 2085 2518
3 616 614 704
3 3794 5143 5144
3 2425 3105 3323
3 895 945 946
3 4065 3343 4066
3 3431 4101 4102
3 606 604 4858
3 2391 2389 2422
3 1127 1176 5404
3 566 564 3100
3 2613 2615 5123
3 1157 1156 1158
3 1034 1035 1036
3 4445 3446 4446
3 1906 1904 1907
3 2021 2022 2023
3 920 922 1784
3 1290 1287 1291
3 2214 2200 3015
3 1299 1242 1300
3 1721 1598 1722
3 3528 2902 3529
3 918 920 4985
3 1246 1245 1247
3 1256 926 2519
3 4900 2694 5040
3 604 602 2761
3 3387 4056 4057
3 4372 3666 4373
3 1800 4085 4087
3 600 598 739
3 1110 1112 5036
3 2638 2656 5060
3 3020 3019 3893
3 2056 2057 2058
3 872 875 2465
3 4578 4579 4580
3 602 600 4870
3 317 318 382
3 3445 3444 3446
3 3796 3198 3950
3 3242 3241 3443
3 2023 2024 2025
3 1870 568 4831
3 1087 1089 1314
3 1437 1384 1438
3 4010 3827 4588
3 688 684 1644
3 957 956 975
3 2155 2154 2259
3 2684 3466 4784
3 642 1186 5272
3 2240 2330 2331
3 3935 6421 6497
3 4998 4997 5576
3 2784 3417 3419
3 4869 5633 6265
3 2881 2328 5014
3 55 56 390
3 2117 792 5108
3 4893 4894 4895
3 2304 2214 4938
3 2238 2239 2240
3 853 856 1542
3 2807 2274 3241
3 1878 1876 1879
3 3540 3541 3542
3 533 535 1651
3 2062 5603 6356
3 1374 4524 4525
3 4876 4878 4879
3 5 6 5992
3 2603 2604 5142
3 4446 3446 4664
3 5498 5496 5657
3 1848 1806 1853
3 691 688 4807
3 4873 4872 4874
3 3314 2699 3317
3 2341 2339 2800
3 4408 4409 5959
3 2395 2393 2479
3 3464 4769 6049
3 1052 1007 2558
3 1891 3306 5172
3 3336 5058 5402
3 889 572 4771
3 1709 1671 1710
3 1002 1001 1056
3 899 898 908
3 1533 4493 5647
3 542 5810 6240
3 3493 3494 3989
3 2373 2783 2784
3 2119 2438 2439
3 1872 1867 1873
3 3642 3727 3747
3 4335 3913 4338
3 2331 2528 2529
3 878 854 879
3 818 817 819
3 2645 2647 2648
3 1991 3677 5630
3 2803 2804 2805
3 1234 4636 4637
3 3154 2906 3493
3 2873 2578 2874
3 620 618 1802
3 4871 4873 4880
3 976 975 1001
3 846 843 5041
3 1710 1671 1718
3 2681 2680 2682
3 3773 5207 6142
3 1748 2715 4949
3 912 897 913
3 2715 3082 3813
3 4432 3125 4433
3 320 321 466
3 1216 1214 1220
3 1850 1849 2103
3 909 908 956
3 4760 4762 4763
3 2871 3729 3730
3 628 626 5015
3 5461 2549 5878
3 1622 1623 1739
3 5110 5061 5555
3 4175 4174 4176
3 2864 2862 5241
3 1521 3362 5147
3 959 906 5126
3 1812 1811 1813
3 3598 3596 3926
3 2058 2059 2060
3 1122 1124 4724
3 1312 2013 5733
3 896 879 897
3 3676 4038 4436
3 3536 4200 4226
3 310 5106 5107
3 820 819 821
3 1373 3410 5224
3 2932 2797 5120
3 881 911 2480
3 2633 2634 2650
3 5134 5083 5307
3 3446 3444 4199
3 2012 2537 4860
3 2618 5151 5463
3 2246 1763 4978
3 4860 4859 4861
3 2188 2186 2858
3 961 913 962
3 2648 2673 3235
3 1112 1114 1323
3 1480 1158 4705
3 1734 1694 1971
3 2800 2339 5020
3 3635 3634 3636
3 4572 4482 5415
3 4762 4761 4764
3 984 962 985
3 971 1019 1020
3 701 695 817
3 594 592 1869
3 4331 3453 4332
3 4224 3356 5880
3 858 814 5407
3 1627 5021 5023
3 2777 3106 5305
3 2725 5157 5359
3 850 848 4799
3 3339 2596 5013
3 1348 1423 5263
3 2685 2650 2686
3 322 323 386
3 2965 2966 3536
3 4699 4698 4701
3 1620 1619 1660
3 1597 1537 1598
3 6791 6245 6957
3 4235 3103 5045
3 2399 2397 2482
3 3549 3532 3883
3 4628 1774 4739
3 4400 1146 6541
3 2808 3049 3277
3 4787 4786 5984
3 2806 2274 2807
3 3826 3759 3827
3 4013 5581 6951
3 2145 2160 5024
3 626 624 677
3 2100 1970 5081
3 4951 4952 4953
3 1463 1373 5224
3 5639 365 5640
3 2634 2636 5005
3 1856 1852 5104
3 585 584 586
3 2160 2162 3071
3 325 326 467
3 2878 2258 2879
3 2229 2174 2833
3 2164 2722 2871
3 2475 663 5052
3 2672 2694 4900
3 822 821 823
3 860 808 861
3 969 2907 5455
3 4669 2839 4670
3 1507 1583 1711
3 5356 6118 6425
3 327 328 388
3 2825 2347 4759
3 514 516 5468
3 3009 2285 3206
3 590 754 4896
3 2171 1752 5266
3 3588 3586 5150
3 554 2010 5654
3 335 336 429
3 2636 2640 2653
3 1294 1238 5533
3 1793 1654 2157
3 3483 3482 4262
3 2202 2158 2810
3 2459 1686 5242
3 1442 1891 5172
3 2799 2190 4962
3 1954 1953 1955
3 1107 959 5126
3 1938 3841 5352
3 1943 1944 4651
3 2343 2341 5125
3 1513 1497 1514
3 4903 3339 5013
3 1596 1738 5242
3 3384 3006 4891
3 1265 1942 5168
3 1177 1128 5223
3 1161 840 1645
3 935 937 5333
3 3331 2728 3333
3 2180 2178 2947
3 1607 3402 5083
3 587 586 588
3 1944 1946 1947
3 4954 4953 4955
3 2116 1565 5249
3 4506 5309 5440
3 3235 3236 3237
3 848 846 2503
3 1609 1699 5145
3 916 966 5422
3 993 995 3180
3 1083 1085 1939
3 583 582 584
3 1112 1323 5036
3 2687 2686 2965
3 4027 3129 4028
3 5325 1696 5684
3 4856 399 6733
3 3100 564 4834
3 2257 1853 2258
3 5544 4311 7003
3 2525 1831 4713
3 3813 3082 4980
3 1251 1290 5282
3 1865 1863 1866
3 5305 4468 5306
3 1690 3483 4555
3 824 823 825
3 349 462 4711
3 3637 3636 3990
3 3674 4404 6911
3 3538 3332 4124
3 4608 3240 5200
3 4812 4814 4818
3 3255 3254 3256
3 2236 2241 5146
3 1238 1307 5533
3 2933 3042 5592
3 4950 4156 4951
3 5411 4565 6744
3 3262 2916 3341
3 3201 2517 3794
3 3279 3512 3513
3 2215 2216 5287
3 3270 2881 3271
3 2060 2061 2062
3 1212 1174 1213
3 3711 3712 3713
3 4934 4932 4935
3 311 312 379
3 2328 2326 3115
3 5192 3224 6961
3 815 810 816
3 216 217 469
3 1241 1209 1242
3 1336 1335 1337
3 3663 3270 4826
3 1036 1037 1039
3 3020 3893 4217
3 4788 3235 5375
3 739 598 5686
3 462 4604 4605
3 809 559 810
3 2190 2188 4962
3 2873 3174 4487
3 558 557 559
3 5105 1900 5233
3 3794 2517 5143
3 5620 2102 5707
3 2676 2670 2677
3 1633 1483 5431
3 4804 4801 5480
3 2422 4837 4838
3 4886 3232 5807
3 3323 3105 3379
3 2194 2192 5008
3 1681 1660 1682
3 4085 2723 4086
3 2624 2625 2637
3 2771 3868 5212
3 763 758 765
3 2261 2893 4809
3 1980 1127 5404
3 830 828 1868
3 4369 3239 4370
3 2192 2190 2799
3 4718 4154 4950
3 3430 4712 6282
3 3726 2864 5241
3 1529 1495 1659
3 4429 2499 4430
3 1208 1131 1209
3 2994 3431 4866
3 384 136 5169
3 3279 3164 3512
3 2944 2875 3463
3 1020 4517 4568
3 2082 1837 4751
3 1838 1837 1839
3 4991 4993 4994
3 3372 3674 6015
3 5213 436 5214
3 2420 5897 5980
3 3764 5126 5491
3 3236 2673 3238
3 4382 4379 4448
3 2297 2092 2298
3 1739 1740 2083
3 2458 1787 5346
3 3527 3987 5068
3 2511 2510 2512
3 5040 2914 5192
3 1780 2546 2941
3 3512 4184 5054
3 3342 3341 4940
3 2967 2965 4997
3 2085 2143 5010
3 3162 3808 4881
3 2636 2653 5005
3 3740 3333 4073
3 5024 3071 6384
3 1091 1093 1799
3 2198 2500 4925
3 2903 3769 4163
3 1185 1224 5134
3 3128 3129 4027
3 3782 3784 3829
3 1814 1813 1815
3 1473 1475 4943
3 556 553 557
3 4154 4155 4156
3 3015 4925 5379
3 826 825 827
3 3091 3714 3716
3 330 331 468
3 2308 2492 3007
3 2518 2085 5010
3 4702 464 6128
3 589 588 590
3 2573 3060 5417
3 3304 3305 3517
3 3237 3239 3351
3 2665 2666 2672
3 1147 1145 1188
3 834 832 835
3 973 972 1011
3 2509 2510 2511
3 2629 2632 2633
3 3744 3185 4293
3 955 1767 4458
3 308 309 432
3 3128 2779 3129
3 2886 3622 3623
3 893 5063 5064
3 2247 1955 4931
3 1415 1352 1416
3 5135 2591 5136
3 2198 2196 2500
3 4988 4990 4992
3 3590 3588 5053
3 2615 2616 2619
3 1169 1167 1171
3 4118 1171 5226
3 3154 3493 4263
3 5157 2725 5360
3 2823 2123 3232
3 1392 5673 5903
3 1165 1163 1166
3 4671 4670 4672
3 4838 4839 4840
3 1124 1140 1800
3 2053 2055 2056
3 581 580 582
3 2613 2614 2615
3 2512 3164 3279
3 4731 4729 4732
3 4707 5170 6256
3 2828 3643 6445
3 941 1071 5798
3 2509 2508 2510
3 1832 1831 1833
3 795 765 798
3 3874 2704 4281
3 1816 1815 1817
3 2232 1231 3083
3 1790 1960 3346
3 5147 3362 5148
3 4976 3874 6249
3 1294 5533 5534
3 1678 4963 5701
3 2442 3003 3004
3 3474 3610 4811
3 1718 1671 5284
3 3293 3292 3294
3 1534 1349 5204
3 3275 3007 3437
3 1764 2118 2119
3 1680 1605 5139
3 2663 2664 2665
3 3397 2028 5728
3 2269 2925 4986
3 3066 3065 3188
3 4619 4617 4631
3 2444 2840 2841
3 6477 5363 6614
3 2454 2780 2808
3 2640 2645 4788
3 2091 1959 2092
3 1151 1149 2485
3 2611 2612 2613
3 1781 939 5798
3 2875 2414 4769
3 1884 1885 1886
3 2925 2924 3308
3 1351 1273 1352
3 1859 1857 1860
3 2924 2926 5069
3 5078 5077 5080
3 512 2473 4961
3 1818 1817 1819
3 3701 6858 6915
3 3084 3083 3777
3 3309 3308 4519
3 4152 4153 4154
3 173 174 426
3 4789 1061 5172
3 3280 1886 3282
3 5060 3496 5061
3 4884 2129 4885
3 3119 2786 3899
3 2269 2270 2924
3 2998 2999 3000
3 2408 2406 2502
3 334 335 5055
3 1058 985 1059
3 2507 2508 2509
3 3481 3437 3819
3 5086 5088 5089
3 3969 3173 4080
3 798 765 5199
3 1914 1916 5097
3 332 333 395
3 843 842 844
3 2869 2852 5166
3 1523 1521 5147
3 3057 3361 5202
3 5064 5065 5066
3 2018 2020 2021
3 5163 433 5164
3 1385 5083 5134
3 807 798 808
3 305 306 372
3 5361 5362 5363
3 5204 1289 5254
3 2315 2134 5197
3 3283 3282 3284
3 893 788 5063
3 3877 2993 4465
3 2194 5008 5009
3 1402 1482 5225
3 5139 1605 5156
3 2621 2623 2624
3 4584 1535 5911
3 1855 1852 1856
3 3131 2923 5292
3 1727 1728 5564
3 1933 2120 2308
3 3643 3358 5038
3 1796 651 5051
3 2021 3212 4650
3 2648 2647 2649
3 1780 2545 2546
3 3761 3103 4235
3 376 5160 5161
3 310 311 5106
3 1234 1228 1235
3 3304 3303 3305
3 3729 2897 3768
3 4922 3265 5619
3 495 5411 6744
3 3285 3284 3603
3 2965 2686 2966
3 814 4995 5407
3 3394 3162 4881
3 3936 3750 4584
3 3047 2980 3750
3 1202 1219 5320
3 2213 2200 2214
3 4357 3298 6860
3 5074 5075 5076
3 1143 1057 1144
3 1758 1633 5178
3 4109 2967 4110
3 2142 2286 2884
3 1629 1780 5021
3 5173 3306 5194
3 4873 4874 5180
3 4525 4524 4527
3 2843 2993 2994
3 302 436 5213
3 2012 2536 2537
3 1012 1011 1136
3 5076 5077 5078
3 2633 2650 2685
3 859 1003 5253
3 3604 3603 4100
3 2678 2672 2980
3 3536 2966 4200
3 1003 803 5152
3 2642 2619 2643
3 1224 1385 5134
3 2715 3813 4949
3 5324 5325 5326
3 3623 3912 3913
3 4460 5956 6612
3 1056 4511 5968
3 4032 3317 4704
3 4968 4966 4969
3 841 839 842
3 104 500 5995
3 603 6590 7061
3 2662 2643 2663
3 2730 2414 2875
3 5127 1580 5222
3 3302 3303 3304
3 331 332 5103
3 2546 3057 3659
3 2112 1501 3215
3 2507 2506 2508
3 4587 3227 5278
3 1846 1844 1849
3 4268 3517 5486
3 1928 1931 2478
3 788 786 5063
3 4110 4998 5858
3 1100 4666 5566
3 2482 4909 4910
3 5076 5075 5077
3 1423 1584 5263
3 3493 2906 3494
3 2672 2666 2694
3 1339 1122 4724
3 3455 3457 5393
3 1189 1059 1190
3 3671 1943 4651
3 1137 1136 4625
3 3043 2834 3139
3 5924 3733 6122
3 579 578 580
3 2272 1758 2274
3 3296 3297 3298
3 1773 2141 2142
3 2615 2614 2616
3 2871 2722 2897
3 5073 2558 5074
3 3244 2555 4147
3 3435 3206 3467
3 1039 1040 1041
3 1452 1454 1595
3 5074 2558 5075
3 3536 4226 5576
3 2575 2337 2576
3 2422 4838 5392
3 2980 2672 4900
3 1973 1580 5127
3 2752 3508 3509
3 2601 2935 5013
3 1719 2129 4884
3 1824 1823 1847
3 3407 744 4899
3 3007 2492 3048
3 3454 1982 5627
3 2613 2612 2614
3 3727 4787 6009
3 3501 3503 3854
3 2353 2351 5413
3 1924 1926 2087
3 4951 4953 4954
3 1891 3301 3302
3 3798 3690 4945
3 2712 2974 3496
3 6043 3891 6176
3 2653 2640 4788
3 2633 2632 2634
3 102 421 4451
3 1314 1089 5035
3 3641 4821 6114
3 2918 2282 3227
3 2591 2288 4583
3 1388 1430 2296
3 994 992 996
3 1044 1045 1048
3 2665 2664 2666
3 838 837 839
3 1456 1461 1884
3 4801 5041 5480
3 5064 5063 5065
3 3242 3444 3445
3 2162 2164 4776
3 1472 3669 4494
3 5194 3518 5195
3 5206 3337 5207
3 4029 2869 5166
3 2431 2506 2507
3 2608 2610 2611
3 1256 2948 3248
3 1022 1021 1023
3 1916 1918 1936
3 1454 1456 5034
3 1887 1889 2269
3 1052 2558 5073
3 4951 4156 4952
3 1597 1777 4549
3 3848 3336 3925
3 836 835 837
3 3302 3301 3303
3 3071 2162 4776
3 2685 2686 2687
3 1657 1763 1764
3 834 836 5141
3 3402 1708 3403
3 5028 1847 5674
3 1349 1289 5204
3 1041 1042 1044
3 2129 1791 2130
3 988 1073 5887
3 4260 4175 4261
3 3597 4792 5621
3 3095 4151 4152
3 1891 1444 3301
3 1442 1444 1891
3 4861 4859 5111
3 307 308 5114
3 2251 2718 5158
3 1746 1747 1896
3 2624 2623 2625
3 4201 3805 4530
3 3700 3189 3701
3 1448 1450 1883
3 782 780 977
3 1836 1834 1837
3 2656 2712 5060
3 776 774 1269
3 4154 4156 4950
3 4496 4497 4498
3 2548 916 5422
3 4310 2917 7000
3 3204 3295 3296
3 772 770 1895
3 1155 1153 1156
3 737 736 743
3 1896 2553 5071
3 918 919 920
3 2312 2443 2444
3 4778 3706 5321
3 2866 2211 3261
3 558 809 5186
3 3966 3467 4126
3 1354 1387 1388
3 3689 2831 3690
3 1024 1023 1025
3 2828 1964 3358
3 2308 2120 2492
3 373 4452 5987
3 2663 2643 2664
3 300 301 5216
3 1842 1840 1843
3 3659 3660 3920
3 1793 2157 2158
3 3387 4057 5133
3 552 542 553
3 630 628 1890
3 2965 3536 4997
3 4805 6280 6537
3 1627 1629 5021
3 5497 5496 5498
3 933 934 935
3 5142 2607 6017
3 2431 2315 2506
3 3603 3284 4510
3 1912 2261 2262
3 2177 2721 3145
3 790 788 893
3 3445 3446 4445
3 1479 5023 5504
3 1710 1719 4884
3 2687 2965 2967
3 3336 2692 5058
3 215 216 4779
3 3443 4478 4479
3 4910 4911 4912
3 1339 4726 4727
3 931 932 933
3 2363 2703 5122
3 636 634 658
3 3512 4183 4184
3 4670 2839 5413
3 4264 4928 6407
3 3698 3359 3915
3 3203 2936 3204
3 3162 2532 3808
3 2063 5343 5521
3 1800 1140 2723
3 5026 2105 5631
3 4152 4154 4718
3 2611 2610 2612
3 1482 1587 5225
3 2651 2613 5123
3 1026 1025 1027
3 2966 2686 5338
3 1943 1712 1944
3 4440 4438 5099
3 1830 1828 1831
3 3494 2906 5309
3 2199 2198 2200
3 2013 4650 5733
3 4152 4718 5287
3 1343 1274 5386
3 5153 5121 5154
3 2512 3163 3164
3 4833 4834 4835
3 2735 2737 5220
3 1288 1075 1375
3 2134 1941 3312
3 1539 1669 1670
3 1071 943 5899
3 924 925 926
3 2568 2171 5266
3 1607 1708 3402
3 5673 3862 5903
3 3518 3517 4268
3 3989 3494 4505
3 2935 2603 2936
3 744 743 4899
3 1304 4591 4593
3 3180 3565 4045
3 3178 2692 3336
3 2557 2982 3019
3 2692 2663 5058
3 2588 3788 4388
3 2817 682 3292
3 5449 3764 5491
3 1282 1914 5138
3 1799 1093 2532
3 3050 2303 3240
3 255 256 376
3 2796 3160 3161
3 1020 1019 1021
3 3139 2834 5219
3 4519 3308 4520
3 1886 1885 1887
3 922 923 924
3 2985 2327 5149
3 353 354 4716
3 2082 4751 5499
3 3399 3028 3657
3 4528 4203 6678
3 5148 3362 5157
3 3509 3653 4181
3 1595 1454 5034
3 1744 1741 5597
3 1272 1271 1273
3 1848 2257 5830
3 730 729 736
3 2590 2255 3113
3 577 576 578
3 3396 3964 5766
3 2924 2270 2926
3 1782 968 5887
3 1464 1380 5222
3 3643 5038 5039
3 1773 2142 5450
3 1509 5460 6112
3 2269 2924 2925
3 1787 1676 5346
3 2513 2511 2779
3 4785 2527 5321
3 4041 4042 4194
3 2792 2343 5125
3 4154 4153 4155
3 5060 5061 5110
3 5153 3361 5155
3 920 921 922
3 4606 1249 5282
3 4372 4373 4374
3 2925 3308 3309
3 2173 1689 5598
3 850 4799 5502
3 1884 1886 3280
3 1967 1577 2174
3 5128 5129 5130
3 3880 5771 5948
3 258 259 433
3 1692 1674 1696
3 1884 1461 1885
3 1466 1607 5083
3 4218 2966 5338
3 3309 4519 4521
3 4109 4110 4111
3 4025 3991 4026
3 4506 3494 5309
3 1711 1583 1712
3 4644 4643 5210
3 2824 2543 2827
3 700 699 705
3 1074 1052 1075
3 135 136 384
3 376 256 5160
3 2269 1889 2270
3 2308 3007 3275
3 1991 1993 3677
3 3807 3132 5617
3 1699 4999 5145
3 3570 4684 4709
3 1738 1591 2288
3 3040 2779 3128
3 824 826 5170
3 2009 2218 2219
3 3691 3128 5056
3 2601 2602 2603
3 508 510 3281
3 4388 3788 4389
3 6437 4389 6511
3 3032 3872 3873
3 2010 4860 5654
3 1472 1419 1473
3 2712 3496 5060
3 4034 6635 6761
3 3381 5188 6274
3 3375 3229 3764
3 2358 2357 2359
3 4673 4670 5413
3 1629 1779 1780
3 2354 2353 2355
3 2356 2355 2357
3 261 262 371
3 2604 2606 2607
3 2904 2484 2906
3 4194 4367 4368
3 3657 5081 5082
3 3362 1519 5359
3 2932 5121 5153
3 949 1782 5899
3 620 1802 5757
3 1118 1119 1120
3 5220 2964 5221
3 4838 4843 5392
3 2352 2351 2353
3 1921 1924 5218
3 2828 3358 3643
3 2551 2249 2552
3 2607 2606 2608
3 3275 3437 3481
3 955 954 963
3 1671 1669 5284
3 2806 2807 3556
3 943 948 949
3 4811 3610 4812
3 770 760 5206
3 935 936 937
3 591 590 592
3 2852 2467 3468
3 3296 3295 3297
3 941 942 943
3 1621 1641 1657
3 939 940 941
3 258 433 5163
3 3280 3282 3283
3 3346 3347 3348
3 1914 5097 5138
3 1742 1745 1746
3 752 748 758
3 673 670 679
3 5366 3854 5648
3 979 978 991
3 937 938 939
3 1668 2008 5011
3 2541 2729 5085
3 1510 1137 3408
3 5031 1406 5344
3 2360 2359 2361
3 1364 1313 5896
3 3803 5759 5909
3 1385 1466 5083
3 3155 2459 3359
3 879 854 5502
3 1552 1553 1621
3 1755 2279 2504
3 1272 4634 4635
3 400 4696 4697
3 2547 3338 5410
3 6674 4022 6679
3 4127 4126 4310
3 4720 4721 5330
3 4152 4151 4153
3 1607 1707 1708
3 1445 1448 5042
3 1515 1433 1516
3 4508 4506 5440
3 3312 1941 5407
3 2633 2685 5429
3 3740 4073 4074
3 2016 2527 5174
3 724 723 729
3 1950 1948 1951
3 5699 3835 6691
3 1028 1027 1029
3 1081 1079 5503
3 1450 1452 5101
3 3403 3404 4039
3 946 945 954
3 5853 3716 5878
3 2197 2196 2198
3 1321 1353 1354
3 1947 1946 1948
3 803 794 5152
3 1588 1766 1773
3 309 310 5107
3 1964 1180 5223
3 2350 2349 2351
3 2652 5334 5353
3 3204 2936 3295
3 2884 2885 5248
3 2886 3623 5450
3 666 665 670
3 2611 2613 2651
3 1291 1292 1293
3 2483 2219 2484
3 3859 3452 5238
3 2557 3019 3020
3 1298 1320 1321
3 348 349 4711
3 3606 2894 4114
3 1080 1083 5373
3 786 784 1894
3 3767 1600 5208
3 1293 1297 1298
3 2482 4910 5443
3 2511 2512 5084
3 964 963 978
3 3305 3320 3321
3 1600 1510 5208
3 1432 1398 1433
3 1016 1068 5583
3 4259 2317 4819
3 1126 1075 1288
3 1442 1443 1444
3 1369 1296 5706
3 1022 1381 4517
3 1603 1601 2302
3 2362 2361 2363
3 6768 2246 7079
3 5241 2862 6000
3 398 5269 5270
3 2008 1672 2009
3 1738 2288 2591
3 2195 2194 2196
3 207 208 4271
3 3226 3504 4456
3 2982 2271 3265
3 2570 2568 3941
3 3216 4649 5488
3 2904 2906 3154
3 4987 316 5336
3 1568 2462 5823
3 3915 3359 5135
3 3082 3906 4003
3 3028 2100 5081
3 3283 3284 3285
3 2243 3449 5917
3 652 651 653
3 2797 3114 5120
3 1530 1528 1531
3 5197 3312 5198
3 893 5067 5108
3 2048 1951 2049
3 6605 4466 6926
3 3390 5435 5483
3 2062 6356 6368
3 3563 3870 4138
3 2430 2315 2431
3 5668 6571 6717
3 2665 2672 2678
3 5692 4389 6437
3 2615 2619 2642
3 1668 1538 1672
3 1131 1102 5566
3 2308 3275 5349
3 4727 4726 4728
3 1329 2335 3357
3 718 717 723
3 2537 4859 4860
3 1094 1110 5452
3 664 663 665
3 2314 2134 2315
3 2737 2964 5220
3 166 167 4823
3 1822 1820 1823
3 3698 3915 4207
3 660 659 663
3 3334 3258 3335
3 1030 1029 1031
3 2050 2049 2051
3 3047 3750 3936
3 2274 1758 5178
3 1580 1464 5222
3 3333 2728 5499
3 1636 1637 1638
3 654 653 656
3 1719 1791 2129
3 1771 1724 5915
3 2133 1941 2134
3 706 705 707
3 2678 2980 3047
3 1048 1049 1077
3 1200 1201 1202
3 3321 3322 4488
3 1539 1538 1668
3 2052 2051 2053
3 2642 2643 2662
3 2317 1680 5139
3 2662 2663 2692
3 2594 2596 3339
3 2715 2946 3082
3 3114 3947 5120
3 2682 2683 2684
3 1910 1911 1912
3 3171 2869 4029
3 3505 4613 6865
3 1882 1901 1902
3 2406 2401 5818
3 2935 2936 3203
3 657 656 659
3 3829 3784 3830
3 859 803 1003
3 4283 4099 4284
3 1538 1434 5165
3 949 967 968
3 470 5258 5259
3 1872 1873 1874
3 575 574 576
3 1276 1278 5228
3 4766 4982 4983
3 2601 2603 2935
3 4414 3627 5994
3 1448 1449 1450
3 5156 1605 5416
3 3203 3204 3307
3 2684 2690 2691
3 1089 1091 5035
3 2152 4614 5529
3 1452 1595 5101
3 1591 1463 5224
3 2016 2313 2527
3 3285 3603 3604
3 2139 2137 3760
3 1487 1488 1552
3 708 707 717
3 2598 2600 2601
3 4890 3384 4891
3 5161 5160 5162
3 3155 3359 3698
3 1251 1286 1287
3 968 987 988
3 1249 1250 1251
3 1204 1442 5172
3 2603 2602 2604
3 5259 5258 5260
3 3444 3443 5059
3 3291 2768 3880
3 2364 2363 2365
3 2826 3095 5287
3 1435 1538 1539
3 3301 5042 5475
3 3376 5006 5175
3 1466 1606 1607
3 2488 2180 5128
3 988 1015 1016
3 900 4358 5556
3 3178 3336 3848
3 1106 1197 1198
3 5213 5214 5215
3 19 20 5193
3 2131 1791 4757
3 1961 2437 5348
3 1341 1410 1411
3 3275 4806 5349
3 2464 2797 2932
3 1004 996 1005
3 2348 2347 2349
3 4642 4641 6151
3 1223 1184 5310
3 2272 2274 2806
3 4764 4765 4766
3 3272 4046 4047
3 926 927 5469
3 3114 3608 3947
3 1120 1121 1122
3 1247 1248 1249
3 2745 5612 5812
3 2484 2855 5309
3 2546 2545 3057
3 5077 5075 5441
3 1450 1451 1452
3 3547 3021 3801
3 2544 2923 3131
3 1587 3409 5225
3 3464 2875 4769
3 1931 1933 5349
3 1016 1067 1068
3 2744 2041 5669
3 5872 3952 6016
3 302 303 436
3 794 792 2117
3 3796 3950 4209
3 5083 3402 5307
3 6747 4160 6753
3 1239 1265 5168
3 1878 1879 1880
3 1587 1726 3409
3 1559 1592 5778
3 2134 3312 5197
3 1202 1218 1219
3 3314 3317 3849
3 3348 3421 4236
3 3915 5136 6468
3 4779 4780 6025
3 1068 1105 1106
3 5547 3605 6195
3 888 886 1941
3 2167 2132 2168
3 4322 3163 5857
3 3230 3229 3375
3 5388 5317 6602
3 2366 2365 2367
3 2930 2857 5772
3 3459 5802 5817
3 2627 2629 5429
3 2539 2538 2540
3 746 744 3407
3 5220 5221 5903
3 1668 1672 2008
3 5053 3588 5150
3 2770 3532 3549
3 3229 1107 5126
3 3539 3294 3540
3 4673 5413 5723
3 3556 2807 5464
3 927 929 931
3 2248 1997 2249
3 2730 2875 2944
3 1603 2302 5416
3 1219 1244 1245
3 5334 5641 5774
3 1780 1779 2545
3 54 55 4977
3 2484 2219 2855
3 2737 2739 2964
3 1265 1276 1942
3 4129 4130 7048
3 2541 2540 2729
3 1435 1539 5124
3 2766 3376 5513
3 2236 2225 2237
3 4138 3870 5356
3 1665 1749 5264
3 219 398 5283
3 1061 1204 5172
3 3577 3576 3578
3 2223 2221 2224
3 1295 1366 1367
3 4028 3129 4595
3 1649 2015 2016
3 893 5064 5067
3 1805 1807 1808
3 4819 2317 5139
3 2559 1982 3454
3 1077 1078 3491
3 674 4846 6393
3 1860 1857 5619
3 3657 3028 5081
3 3659 3057 3660
3 2009 1672 2218
3 2694 2913 2914
3 1601 1523 5147
3 3178 3848 5234
3 1288 1375 1376
3 4874 4875 4876
3 3623 4334 5450
3 4899 1378 5883
3 2368 2367 2369
3 3442 5808 5874
3 3438 3970 4387
3 3543 3542 3544
3 3684 4644 4645
3 4972 4971 7027
3 252 253 435
3 1200 1202 6114
3 4522 4384 4523
3 5352 3841 5357
3 2056 2055 2057
3 2193 2192 2194
3 3941 2568 5266
3 4399 4398 5308
3 3827 3759 5347
3 1336 4632 4633
3 1865 1866 1867
3 3107 2140 5277
3 573 572 574
3 3358 5223 5700
3 2601 2600 2602
3 4203 57 6678
3 6317 3251 6573
3 5021 5022 5023
3 118 444 5704
3 1445 1447 1448
3 1895 770 5206
3 2137 1973 5127
3 3003 2116 5249
3 2058 2057 2059
3 301 302 5213
3 1365 1364 5344
3 2346 2345 2347
3 4929 4930 6278
3 3319 4594 4599
3 1434 1375 3311
3 2733 2735 3862
3 1116 1117 1118
3 122 399 5072
3 2717 2028 3397
3 733 740 918
3 139 425 5974
3 1002 1056 1057
3 1249 1251 5282
3 3189 3188 4921
3 5420 2619 5463
3 1714 1600 3767
3 1859 1860 1861
3 5298 5297 5299
3 5074 5076 5079
3 2211 1710 4884
3 406 5297 5298
3 1539 1670 5124
3 5127 5222 5548
3 2016 5174 5176
3 1963 2094 2095
3 1000 4385 5470
3 3594 3592 5372
3 3379 4149 4232
3 3242 3445 5464
3 5258 394 5260
3 1303 1340 1341
3 3358 1964 5223
3 2370 2369 2371
3 3380 3379 5820
3 2586 2587 2588
3 1267 1226 1268
3 1924 2087 5218
3 416 5303 5304
3 1204 1263 1442
3 6532 3857 6669
3 5420 4423 5554
3 1205 1055 5369
3 77 6689 7068
3 2329 2882 2883
3 3304 3517 3518
3 3451 3453 4331
3 4627 4628 6411
3 1855 1856 1857
3 957 975 976
3 2584 2585 2586
3 990 1061 4789
3 2183 2168 2184
3 2588 3165 3788
3 3352 3351 3353
3 4611 6943 6959
3 5273 472 5274
3 4422 3225 4423
3 1940 879 5502
3 2537 2536 2538
3 1448 1883 5042
3 1849 1844 5807
3 2476 1369 5706
3 2512 3279 5084
3 1840 1839 4926
3 847 849 1667
3 352 353 5919
3 2914 3223 3224
3 976 1001 1002
3 714 716 1511
3 218 219 5283
3 1253 1302 1303
3 1032 1031 1033
3 3806 3132 3807
3 264 265 434
3 2426 3374 5045
3 4754 443 6739
3 3228 1107 3229
3 1122 1123 1124
3 1748 2562 2715
3 416 277 5303
3 650 648 651
3 2288 1591 5224
3 1069 1005 1070
3 2140 2139 5277
3 3675 3419 3676
3 909 956 957
3 137 492 5169
3 864 898 899
3 1376 1434 1435
3 3033 3851 5256
3 2372 2371 2373
3 3579 3578 3580
3 2574 1435 5124
3 3512 3164 4183
3 4160 3927 6753
3 5435 1688 5483
3 136 137 5169
3 2608 2609 2610
3 1906 1907 1908
3 2512 2510 3163
3 3463 5239 5240
3 3566 3511 6145
3 2228 2327 2985
3 2138 2137 2139
3 5280 407 5281
3 3029 3028 3399
3 3483 4279 4555
3 3357 2335 5181
3 2009 2219 2483
3 4423 3225 5554
3 3328 3326 5343
3 3344 3012 3898
3 1731 1545 5541
3 2302 1601 5147
3 4541 2711 5915
3 833 840 1161
3 3403 1708 3404
3 984 1058 5750
3 5024 6384 6404
3 3108 3107 3995
3 1502 1505 5179
3 1649 2016 5176
3 2581 2583 5119
3 1933 1934 2120
3 2509 2511 2513
3 4856 4044 6894
3 4496 4495 4497
3 571 570 572
3 1135 1230 5335
3 4876 4877 4878
3 3939 4171 6246
3 3653 3508 6156
3 2268 1823 4887
3 424 4588 5981
3 829 831 3924
3 3811 5268 6098
3 2944 3463 5240
3 2811 3332 3538
3 2616 2617 2618
3 4331 4737 5255
3 5314 5313 5315
3 593 592 594
3 4010 4588 6202
3 1159 1162 1163
3 1891 3302 3306
3 2771 3611 3868
3 1704 1702 3058
3 1931 1932 1933
3 2426 3094 3374
3 1914 1915 1916
3 2508 2506 3234
3 1452 1453 1454
3 1786 4384 4522
3 1376 1375 1434
3 3197 3195 3198
3 3954 3955 3956
3 2880 3440 3441
3 4456 4457 4653
3 4509 3333 5499
3 4910 4913 5443
3 1924 1925 1926
3 2774 2775 3075
3 1607 1606 1707
3 1221 1252 1253
3 5297 5296 5299
3 4437 4436 4438
3 1702 1343 5386
3 2344 2343 2345
3 1808 1809 1810
3 3134 3945 3946
3 1192 1070 1193
3 1397 1355 1398
3 1424 1349 1534
3 2060 2059 2061
3 3581 3580 3582
3 1714 3767 5433
3 1278 1540 5228
3 3423 667 5505
3 1556 1724 1765
3 1285 1223 5310
3 3921 3328 5343
3 1918 1919 3345
3 790 893 5108
3 4248 4246 6318
3 1839 2217 4926
3 4012 3356 4224
3 1887 1888 1889
3 2621 2622 2623
3 2393 2391 5392
3 4338 3913 5796
3 1916 1917 1918
3 5316 5315 5317
3 3289 644 5272
3 2185 2184 2186
3 5089 5088 5090
3 394 250 5268
3 3414 3415 3628
3 2425 2434 3105
3 3106 4468 5305
3 3360 4410 5958
3 1928 1929 1931
3 1604 1603 1605
3 1454 1455 1456
3 2213 2214 2304
3 3305 3303 3320
3 3583 3582 3584
3 2727 3135 6033
3 1846 1849 1850
3 2677 2679 2680
3 1338 4976 5489
3 1926 1927 1928
3 4342 5511 6892
3 4039 3404 4308
3 516 517 958
3 899 908 909
3 1034 1033 1035
3 3188 4307 4921
3 1077 3491 6212
3 2618 2620 2621
3 2023 2022 2024
3 2378 2377 2379
3 1699 1700 1732
3 3764 3229 5126
3 4418 4417 6607
3 2431 2507 3124
3 1611 1516 1612
3 96 3979 7039
3 3222 4112 4113
3 1456 1457 1461
3 2016 2015 2313
3 4105 3510 4191
3 5318 5322 5331
3 2558 1007 5100
3 5512 3864 5986
3 423 5275 5276
3 2817 3292 3293
3 2429 2100 3028
3 1976 1526 5288
3 773 772 774
3 775 774 776
3 2625 2627 5415
3 2380 2379 2381
3 777 776 778
3 2708 2140 3107
3 5387 5386 5743
3 779 778 780
3 3021 2458 5346
3 1521 1519 3362
3 771 770 772
3 2671 3420 5766
3 1548 1649 5176
3 1435 1434 1538
3 3585 3584 3586
3 1114 1115 1116
3 1143 1144 1145
3 1602 1601 1603
3 3760 2137 5127
3 1203 1060 5419
3 585 586 587
3 1036 1035 1037
3 3812 5306 6955
3 3079 3081 3414
3 3854 3503 3855
3 2953 2901 4848
3 642 640 1186
3 781 780 782
3 2514 1964 2828
3 3855 4895 6492
3 2021 2020 2022
3 1732 1733 2085
3 2437 3079 5348
3 5313 5312 5319
3 256 257 5160
3 1225 1196 1226
3 1896 1897 2305
3 400 4697 5613
3 5300 5301 5302
3 3252 2967 4109
3 3463 4208 5239
3 2342 2341 2343
3 1776 2916 3262
3 2513 2779 3040
3 470 248 5258
3 900 4357 4358
3 4325 4327 5518
3 2859 2173 5598
3 4184 4183 4320
3 2504 2795 2796
3 1350 1345 1355
3 4824 1648 6751
3 4676 4673 5723
3 3443 3241 4478
3 2949 2519 3668
3 3549 3883 4246
3 2625 2626 2627
3 3246 4269 6756
3 3221 2174 4920
3 3651 2805 4740
3 583 584 585
3 4439 4438 4440
3 5104 2103 5661
3 1282 1327 1914
3 1176 1329 5404
3 2712 2973 2974
3 1051 1007 1052
3 1264 1203 5419
3 250 251 5268
3 2085 2086 2143
3 257 258 5163
3 3023 2848 5567
3 1525 1523 1601
3 1157 1158 1159
3 2629 2631 2632
3 3640 3544 3642
3 1788 2457 2584
3 2382 2381 2383
3 3820 5047 6559
3 2314 2315 2430
3 3691 5056 5057
3 1922 1920 5426
3 3040 3128 3691
3 4423 5420 5463
3 5300 445 5301
3 1315 1268 1316
3 1373 1285 3410
3 569 568 570
3 888 1941 2133
3 1216 1220 1221
3 2318 2317 4259
3 2872 1131 5566
3 1400 1465 5342
3 2335 3879 5181
3 1921 1923 1924
3 2133 2134 2314
3 2803 3650 6210
3 277 278 5303
3 3376 3377 5006
3 1406 1365 5344
3 2906 2484 5309
3 883 5196 5602
3 1182 1180 1964
3 3587 3586 3588
3 783 782 784
3 2627 2628 2629
3 297 473 5296
3 597 596 598
3 2901 2252 5037
3 1484 1458 5390
3 2278 2890 5520
3 2143 2144 2145
3 20 21 456
3 1609 1698 1699
3 3939 3940 4171
3 587 588 589
3 208 209 4942
3 3070 4533 4534
3 2660 2667 2668
3 4620 1050 6991
3 1376 1435 2574
3 1754 1687 5327
3 420 5313 5314
3 512 513 514
3 2025 2024 2220
3 595 594 596
3 2136 1973 2137
3 2483 2484 2904
3 3201 3794 3795
3 4697 4698 4699
3 2766 3191 3376
3 235 236 3243
3 2205 1680 2317
3 2868 1754 5327
3 3440 3670 5368
3 5314 5315 5316
3 1810 1811 1812
3 2604 2605 2606
3 646 644 3289
3 1444 1443 1445
3 1278 1280 1540
3 4833 3100 4834
3 2384 2383 2385
3 420 5314 5331
3 966 990 5422
3 2126 1976 5288
3 2936 2603 5142
3 296 297 5296
3 2634 2635 2636
3 3095 4133 4151
3 563 562 564
3 1596 1591 1738
3 4991 4989 4993
3 1568 1570 2462
3 3359 2459 5242
3 710 703 1968
3 886 858 5407
3 2643 2619 5420
3 514 515 516
3 5193 456 6615
3 4919 2486 5777
3 3853 2748 5549
3 1112 1113 1114
3 2746 2459 3155
3 599 598 600
3 2187 2186 2188
3 420 5312 5313
3 567 566 568
3 2547 3138 3338
3 3538 4124 4240
3 398 220 5269
3 2974 3109 3110
3 6331 493 7002
3 4675 4676 4677
3 3230 3375 4349
3 2340 2339 2341
3 3589 3588 3590
3 2673 2649 5049
3 5409 5408 5702
3 2243 2245 3449
3 2640 2644 2645
3 1442 1263 1443
3 5284 5011 5991
3 4990 4991 6192
3 565 564 566
3 2199 2200 2213
3 510 511 512
3 2062 2061 2063
3 4672 4673 4675
3 2649 2659 2660
3 1230 1310 5335
3 2801 2529 2802
3 4613 2149 5418
3 581 582 583
3 1095 1097 3247
3 1838 1839 1840
3 2290 2773 2774
3 3700 3701 6915
3 1765 1771 1772
3 728 720 1006
3 1938 3268 3841
3 2668 2669 2670
3 406 295 5297
3 2386 2385 2387
3 3321 3320 3322
3 2376 2374 2377
3 3228 3229 3230
3 1072 935 5333
3 2594 2595 2596
3 487 5290 5291
3 249 394 5258
3 3997 2978 3998
3 601 600 602
3 2164 2165 2722
3 2191 2190 2192
3 5404 3357 5405
3 2145 2146 2160
3 3404 1708 5394
3 3095 4152 5287
3 3591 3590 3592
3 296 5296 5297
3 2636 2639 2640
3 1219 1246 5320
3 644 642 5272
3 1670 1671 1709
3 389 268 5273
3 249 250 394
3 4979 4205 5781
3 508 509 510
3 2656 2688 2712
3 127 128 4781
3 742 735 3337
3 279 445 5300
3 2750 2748 3853
3 3445 4447 5464
3 2564 689 5539
3 242 474 5275
3 2655 5358 5412
3 5314 5318 5331
3 4301 4306 6826
3 1000 1132 4385
3 769 760 770
3 603 602 604
3 1448 1447 1449
3 2596 2597 2598
3 1614 1613 5050
3 1450 1449 1451
3 474 243 5280
3 2754 3213 3411
3 1960 1718 5284
3 3106 3891 4467
3 2388 2387 2389
3 2996 2994 4866
3 3410 1285 5310
3 3066 3188 3189
3 2645 2646 2647
3 5312 476 5319
3 301 5213 5216
3 5211 3959 6197
3 2592 2593 2594
3 1331 1332 1333
3 1736 1757 2425
3 1477 1619 1620
3 3829 3830 5265
3 2675 3088 5334
3 278 279 5300
3 3110 3111 3112
3 2138 2139 2140
3 1212 1213 1214
3 299 392 5286
3 3036 4129 4862
3 247 248 470
3 605 604 606
3 237 238 452
3 3058 5386 5387
3 4199 3444 5059
3 219 220 398
3 2535 2011 5573
3 1590 1463 1591
3 733 918 5805
3 3593 3592 3594
3 1990 1686 2459
3 1310 1399 2592
3 2481 2126 3810
3 3899 5724 5831
3 1535 4584 5986
3 5307 3402 6094
3 1709 1710 2211
3 3810 2126 5288
3 1836 1837 1838
3 2826 3089 3095
3 1832 1833 1834
3 5178 1633 5431
3 281 487 5289
3 2160 2161 2162
3 1842 1843 1844
3 221 471 5269
3 2693 2692 3178
3 2598 2599 2600
3 2162 2163 2164
3 607 606 608
3 5343 3326 5521
3 423 241 5275
3 589 590 591
3 3088 3350 3396
3 3208 2573 5417
3 248 249 5258
3 269 472 5273
3 2189 2188 2190
3 267 268 389
3 3029 3399 5376
3 1465 1594 5342
3 2754 3411 5454
3 244 407 5280
3 2390 2389 2391
3 1099 1101 1318
3 494 5640 6731
3 487 282 5290
3 2877 3748 5837
3 3998 2978 5374
3 2201 2158 2202
3 5303 5302 5304
3 5693 4582 6396
3 1985 2035 4249
3 240 241 423
3 2579 2580 2581
3 5320 3641 6114
3 2136 2137 2138
3 2338 2202 2339
3 609 608 610
3 2531 3938 3939
3 220 221 5269
3 242 243 474
3 299 300 392
3 3944 3014 5384
3 3441 3634 3635
3 5551 4157 7011
3 1563 1561 3546
3 1165 1166 1167
3 4271 3673 6825
3 244 245 407
3 3101 6634 6705
3 473 298 5286
3 3997 3998 3999
3 269 270 472
3 2686 2650 5338
3 2805 2984 4740
3 611 610 612
3 2197 2198 2199
3 2884 2286 2885
3 918 740 919
3 5075 2558 5100
3 281 282 487
3 221 222 471
3 268 269 5273
3 2694 2666 2913
3 2238 2237 2239
3 445 280 5289
3 1594 1789 2579
3 276 416 5293
3 5034 3280 5398
3 405 273 5294
3 282 283 5290
3 1356 4775 5540
3 241 242 5275
3 1055 997 5369
3 3313 4355 4356
3 243 244 5280
3 288 289 5322
3 579 580 581
3 5322 289 5331
3 4505 4506 4507
3 298 299 5286
3 4444 5231 5232
3 3595 3594 3596
3 489 4485 6598
3 2695 3472 5358
3 297 298 473
3 1772 2154 2155
3 3033 3734 3851
3 2142 2141 2286
3 3022 3021 3547
3 279 280 445
3 280 281 5289
3 3262 3341 3342
3 1561 1081 5503
3 2306 2426 5045
3 4843 4840 4844
3 3396 3963 3964
3 2441 2116 2442
3 295 296 5297
3 475 275 5293
3 274 475 5294
3 903 859 5253
3 1388 1387 1430
3 276 277 416
3 274 275 475
3 272 273 405
3 377 3373 3490
3 1690 2556 3482
3 3677 1993 5237
3 137 138 492
3 2708 3107 3108
3 3114 3249 3608
3 275 276 5293
3 273 274 5294
3 78 203 380
3 613 612 614
3 3079 3414 5348
3 4467 3891 6043
3 2583 2781 3887
3 3943 3014 3944
3 2392 2391 2393
3 2586 2585 2587
3 2588 2587 3165
3 2127 2481 5374
3 450 288 5322
3 278 5300 5303
3 2797 3056 3114
3 981 3406 5717
3 1989 2496 3656
3 969 914 2907
3 1727 1612 1728
3 4334 3913 4335
3 5641 3420 5774
3 4812 4813 4814
3 2861 2458 3021
3 1989 3656 5406
3 294 295 406
3 2652 2675 5334
3 3788 3165 5371
3 1812 1813 1814
3 490 4364 4365
3 293 294 5311
3 6751 1648 6847
3 1567 1565 2116
3 3571 2978 3997
3 3597 3596 3598
3 1110 1111 1112
3 3232 2123 5807
3 292 293 476
3 2777 3041 3106
3 3808 3809 4515
3 2907 914 5559
3 291 292 5312
3 1310 2592 5335
3 2581 2582 2583
3 1161 1645 1900
3 290 291 420
3 2752 3509 5631
3 2464 2731 2797
3 290 420 5331
3 294 406 5311
3 920 919 921
3 4309 3404 5394
3 2195 2196 2197
3 2240 2239 2330
3 2877 2943 3748
3 476 293 5311
3 2113 2166 2464
3 2155 2259 2306
3 1525 1601 1602
3 3608 4021 4022
3 1604 1605 1680
3 561 555 562
3 287 288 450
3 292 476 5312
3 1792 1654 1793
3 3932 5694 5979
3 3983 3208 4202
3 4792 3668 5177
3 4963 3753 5421
3 827 974 1428
3 420 291 5312
3 1155 1156 1157
3 1773 1766 2141
3 1830 1831 1832
3 5300 5302 5303
3 4403 3297 6017
3 2584 2457 2585
3 2971 2463 2978
3 286 287 5323
3 224 225 411
3 1897 1899 5595
3 4443 4441 4444
3 1039 1037 1040
3 2675 3087 3088
3 1933 2308 5349
3 2616 2614 2617
3 2401 2399 5443
3 2783 2371 5767
3 4691 4692 6615
3 1632 1715 2113
3 1687 1484 5390
3 3077 2436 3620
3 225 226 5328
3 285 286 501
3 933 932 934
3 2429 3028 3029
3 3801 3021 5346
3 3912 3622 6068
3 4531 407 6444
3 2394 2393 2395
3 2608 2606 2609
3 2331 2330 2528
3 1594 2579 5342
3 5216 5215 5217
3 527 529 531
3 226 227 477
3 2292 2476 2477
3 1452 1451 1453
3 2433 3036 5472
3 1996 1730 1997
3 3527 3702 3986
3 2619 2616 5463
3 289 290 5331
3 2008 2009 5577
3 2122 1754 2868
3 227 228 5332
3 1887 1885 1888
3 1129 1231 2232
3 2313 2533 3025
3 3420 5641 5766
3 3477 3511 3566
3 3457 4064 5393
3 287 450 5323
3 1627 1628 1629
3 1602 1603 1604
3 926 925 927
3 228 229 430
3 924 923 925
3 5612 5225 5812
3 1707 2960 2961
3 3005 3004 3006
3 2727 3116 3135
3 1971 5324 5326
3 1548 1549 1649
3 3055 2208 3988
3 792 790 5108
3 4738 3675 5897
3 2396 2395 2397
3 3472 3473 3474
3 175 176 5643
3 4684 4683 4685
3 3525 3526 3527
3 3295 2936 5142
3 4658 4660 4663
3 3766 2756 3864
3 577 578 579
3 2205 2317 2318
3 1629 1630 1779
3 785 784 786
3 3364 3365 3366
3 2463 2127 5374
3 904 951 952
3 2509 2513 5473
3 4041 3418 4042
3 2436 1922 5426
3 1080 1082 1083
3 2193 2194 2195
3 3291 3880 3881
3 3179 3178 5234
3 411 225 5328
3 501 286 5323
3 931 929 932
3 3635 3636 3637
3 4827 4828 4829
3 1985 4249 5350
3 1649 1650 2015
3 1489 1490 1501
3 1814 1815 1816
3 3556 5464 5478
3 5314 5316 5318
3 3293 3294 3539
3 4687 3976 4688
3 2219 2218 5501
3 1428 1429 1489
3 3313 4356 5381
3 922 921 923
3 1900 1645 5233
3 3471 3562 3563
3 305 372 5428
3 3636 3634 6044
3 3025 3039 3847
3 2914 2913 3223
3 550 548 2065
3 1083 1939 5373
3 1788 2584 5543
3 1518 1414 1519
3 4814 4815 4816
3 232 233 5345
3 226 477 5328
3 1275 1616 1985
3 4894 704 5581
3 1325 1264 2725
3 3265 2271 5619
3 2159 1744 5597
3 2433 2963 3036
3 2323 3065 3066
3 1728 1996 5564
3 1169 1171 1172
3 5135 3359 5242
3 2926 2270 3685
3 816 865 866
3 3082 2946 3906
3 2001 2002 2114
3 2492 2120 2493
3 3155 3698 4354
3 2573 2295 3060
3 3124 2507 5473
3 2937 2159 3735
3 2477 3101 3102
3 4315 4314 6612
3 1471 1547 1548
3 677 624 6001
3 1652 1529 1654
3 3637 3990 3991
3 3678 3679 6382
3 2169 2557 5116
3 531 532 533
3 2760 3200 3313
3 477 227 5332
3 2398 2397 2399
3 1466 1467 1606
3 1354 1353 1387
3 5443 4913 5818
3 3058 1702 5386
3 1385 1386 1466
3 4623 4148 6088
3 231 232 463
3 4203 4528 6984
3 4200 2966 4218
3 1291 1287 1292
3 1818 1819 1820
3 2288 5224 5937
3 2070 6325 6736
3 3237 3351 3352
3 5085 2729 5086
3 1041 1040 1042
3 2655 2695 5358
3 4764 4761 4765
3 5131 3516 6087
3 615 614 616
3 1074 1075 1126
3 1044 1042 1045
3 2229 2833 2834
3 1551 1626 1627
3 228 430 5332
3 1540 5138 6131
3 3313 3858 4355
3 2579 1789 2580
3 3253 4429 6353
3 3376 3191 3377
3 5309 2855 5440
3 2125 1976 2126
3 787 786 788
3 3822 3002 3825
3 2604 2602 2605
3 2114 2115 2263
3 4874 4872 4875
3 4385 1132 4393
3 935 934 936
3 1822 1823 1824
3 3914 2944 5240
3 355 356 5467
3 2592 1399 2593
3 1944 1945 1946
3 1914 1327 1915
3 3414 3081 3415
3 2260 2760 5381
3 5802 947 5817
3 2322 2260 5381
3 1512 1495 1529
3 2474 3187 3260
3 2168 2132 5488
3 1899 2000 2001
3 1048 1045 1049
3 1916 1915 1917
3 1816 1817 1818
3 5869 3847 6071
3 617 616 618
3 1170 1055 1205
3 2834 2833 5219
3 2108 1684 3802
3 4251 5704 6083
3 4800 4801 4802
3 1376 2574 5254
3 2447 1725 5591
3 2295 1731 5541
3 2971 2978 3571
3 98 3984 7060
3 2940 4099 4283
3 2335 2950 3879
3 689 693 5539
3 2203 1995 3061
3 1918 1917 1919
3 1065 1127 1980
3 1889 1888 1938
3 1426 1425 1495
3 3088 3396 5641
3 5006 3377 5337
3 4229 2318 6985
3 3382 3006 3383
3 2127 2126 2481
3 3474 3609 3610
3 2581 2580 2582
3 2687 2967 3252
3 1889 1938 5352
3 1622 1531 1623
3 762 757 1978
3 3320 3303 5475
3 1505 1506 1507
3 2695 3363 3472
3 4364 4363 4366
3 1321 1320 1353
3 1298 1297 1320
3 3155 4354 5262
3 1454 1453 1455
3 3199 2759 3433
3 789 788 790
3 2596 2595 2597
3 996 992 5784
3 304 305 5428
3 1492 1572 1690
3 1293 1292 1297
3 3628 3415 3629
3 619 618 620
3 1456 1455 1457
3 1182 1964 2514
3 3330 3328 3921
3 1329 2334 2335
3 4898 3662 6251
3 1200 1198 1201
3 694 699 700
3 1924 1923 1925
3 885 858 886
3 1224 1284 1385
3 3313 3200 3858
3 2411 5295 6308
3 4178 3837 4193
3 966 989 990
3 2746 3155 5262
3 2610 2609 2638
3 1124 1125 1140
3 771 772 773
3 773 774 775
3 1672 1538 5165
3 887 886 888
3 4150 3064 4386
3 6055 4921 6956
3 775 776 777
3 153 154 5946
3 5222 1380 5451
3 1926 1925 1927
3 777 778 779
3 1933 1932 1934
3 1288 1376 5254
3 3557 3556 3860
3 3386 1139 5783
3 3685 5352 5357
3 3887 2781 3888
3 3864 2756 5618
3 779 780 781
3 2705 2930 5229
3 2466 3117 3910
3 520 518 2767
3 2303 1873 5200
3 5327 1687 5390
3 3592 4450 5372
3 1083 1084 1085
3 4766 4765 4982
3 1308 1229 1342
3 2715 2562 2946
3 2625 2623 2626
3 2561 2700 5797
3 3633 3931 3932
3 1990 2459 2746
3 2400 2399 2401
3 5361 1481 5362
3 1632 2113 5465
3 16 6185 6202
3 1085 1086 1087
3 1590 1591 1596
3 538 536 5632
3 3275 3481 4806
3 3841 3268 3850
3 4913 4912 4915
3 5555 5061 5747
3 1087 1088 1089
3 4444 4441 5231
3 817 4996 5495
3 1502 1504 1505
3 575 576 577
3 1931 1929 1932
3 1507 1582 1583
3 1520 1519 1521
3 1928 1927 1929
3 814 805 4995
3 1975 2124 3390
3 769 770 771
3 2839 2353 5413
3 781 782 783
3 2594 2593 2595
3 1089 1090 1091
3 661 3423 5634
3 621 620 622
3 844 852 853
3 530 528 1007
3 319 320 5544
3 5820 4232 6833
3 2668 2676 6058
3 5327 5390 5391
3 2978 2463 5374
3 1579 1464 1580
3 1707 2961 5394
3 3378 2713 5400
3 1967 2174 2229
3 3122 2713 3378
3 463 232 5345
3 2494 3127 3641
3 4005 3571 4006
3 2483 2904 2905
3 4949 3813 6086
3 943 942 948
3 3665 3383 3666
3 939 938 940
3 941 940 942
3 4728 4726 6464
3 2637 2625 5415
3 1091 1092 1093
3 5360 2725 5419
3 3802 1684 5424
3 937 936 938
3 2583 2582 2781
3 1325 2725 5359
3 1949 3782 5285
3 4448 1023 6690
3 5167 5902 6054
3 2600 2599 2652
3 1307 5361 5533
3 1983 2260 2322
3 2557 3020 5116
3 3606 4114 4405
3 2712 2688 2973
3 2598 2597 2599
3 3390 3391 3392
3 2945 2864 3726
3 1746 1745 1747
3 1500 1613 1614
3 544 541 2034
3 3414 3628 5829
3 1051 1052 1074
3 3457 3695 4063
3 1613 1755 5050
3 797 767 1260
3 2707 2140 2708
3 5058 2678 5402
3 3979 3263 7039
3 2402 2401 2406
3 4022 4021 6679
3 1634 1633 1758
3 533 534 535
3 3975 3147 3976
3 1247 1245 1248
3 1176 1178 1329
3 5209 3408 5786
3 1704 3058 4214
3 6117 4972 7027
3 2803 2802 2804
3 4890 4891 6459
3 998 959 1107
3 1465 1581 1594
3 2150 2152 5529
3 1975 3390 5483
3 2861 3021 3022
3 2391 2422 5392
3 2702 1107 3228
3 1972 1580 1973
3 2760 3199 3200
3 990 1060 1061
3 1524 1523 1525
3 4135 4136 6186
3 2125 2126 2127
3 623 622 624
3 2682 2680 2683
3 2600 2652 5353
3 521 523 1420
3 1094 1109 1110
3 2618 2617 2620
3 2987 3632 3633
3 3171 4029 4030
3 6913 2714 6968
3 661 667 3423
3 4802 4804 4805
3 2621 2620 2622
3 2293 2970 2972
3 4592 1213 6603
3 2790 3576 3577
3 535 536 537
3 1126 1288 1289
3 1519 1414 5359
3 1289 1288 5254
3 3540 3542 3543
3 902 916 2548
3 1522 1521 1523
3 2352 2353 2354
3 3379 3105 4149
3 2135 1973 2136
3 5408 519 5702
3 3930 3378 3962
3 2232 3083 3084
3 1403 1328 2747
3 1329 3357 5404
3 2974 2973 3109
3 3455 3456 3457
3 356 4576 5467
3 1251 1250 1286
3 683 687 1801
3 3084 3777 4119
3 4470 3175 4471
3 2356 2357 2358
3 1594 1683 1789
3 1759 1758 2272
3 2579 2581 5610
3 2354 2355 2356
3 505 507 508
3 2350 2351 2352
3 4371 3666 4372
3 516 1559 5468
3 2313 2015 2533
3 2972 3175 3878
3 1620 1660 1681
3 1683 1581 1684
3 2260 2759 2760
3 1941 886 5407
3 2167 2168 2183
3 2760 2759 3199
3 3088 3087 3350
3 2170 2566 2727
3 537 538 539
3 2407 2406 2408
3 4697 4747 5613
3 1708 1707 5394
3 4005 4006 4965
3 3392 3393 3561
3 3200 3199 3951
3 1790 1718 1960
3 3550 2247 4931
3 2629 2633 5429
3 2662 2692 2693
3 3569 2910 3572
3 1359 1481 5361
3 5808 5119 5874
3 2850 3182 3918
3 3521 3523 3525
3 1409 1407 1425
3 5288 1526 5355
3 3561 3933 3934
3 1445 1446 1447
3 5213 5215 5216
3 2725 1264 5419
3 1586 1483 1633
3 997 969 5455
3 3095 3089 4133
3 3413 2944 3914
3 3381 2933 5592
3 3608 3249 4021
3 1438 1439 1440
3 4198 3572 4681
3 223 224 5526
3 591 592 593
3 2358 2359 2360
3 1249 1248 1250
3 101 102 4451
3 4375 4374 4377
3 3114 3056 3249
3 1983 1684 2108
3 990 4789 5422
3 2760 3313 5381
3 2513 3686 5473
3 5144 5901 6059
3 3858 3200 5367
3 4194 4042 4367
3 3151 4558 6840
3 1605 1603 5416
3 2970 2463 2971
3 2592 2594 5677
3 4505 3494 4506
3 3782 3783 3784
3 2971 3571 4005
3 2282 1901 5278
3 2183 2184 2185
3 2719 3122 3123
3 524 522 1347
3 5203 4039 6937
3 4457 3504 5578
3 1525 1602 5355
3 2805 2804 2984
3 5123 2642 5570
3 861 876 2209
3 3283 3285 4244
3 2260 2108 2759
3 4317 3840 4318
3 3148 3108 3149
3 2689 2658 3037
3 3047 3936 4892
3 3146 3886 5616
3 1359 1396 1481
3 55 390 4977
3 2135 2713 2719
3 3633 3632 3931
3 2409 2408 2414
3 2797 2731 3056
3 1560 958 3531
3 5759 1459 5909
3 5096 5093 7043
3 4876 4875 4877
3 5010 3869 6405
3 2634 2632 2635
3 3238 2673 5049
3 2348 2349 2350
3 949 948 967
3 2360 2361 2362
3 1683 1684 1983
3 3314 3849 5351
3 1707 1606 2960
3 2464 2166 2731
3 1778 2470 2986
3 625 624 626
3 4202 3208 5417
3 1230 1309 1310
3 2191 2192 2193
3 1333 1334 1335
3 1394 1365 1406
3 1983 2108 2260
3 434 4316 7005
3 4426 4066 6896
3 3681 3680 3682
3 1649 1549 1650
3 3396 3350 3963
3 1778 1680 2205
3 5533 5363 5534
3 5369 997 5455
3 342 343 5613
3 1413 1517 1675
3 2582 2580 2929
3 4050 4805 6493
3 1594 1581 1683
3 2014 3723 5479
3 573 574 575
3 2848 2850 5567
3 3025 2533 3039
3 2415 2414 2730
3 2277 2911 5389
3 3847 3039 3923
3 1548 1547 1549
3 1202 1201 1218
3 1061 1203 1204
3 1118 1117 1119
3 3110 3109 3111
3 2691 2690 2958
3 44 45 412
3 3770 5442 5610
3 3433 2759 5380
3 2909 2421 2910
3 2684 2683 2690
3 671 678 1305
3 4092 4091 4093
3 1514 1536 1537
3 2293 2127 2463
3 1310 1371 1399
3 2185 2186 2187
3 5456 5458 5461
3 2664 2643 5420
3 3122 3378 3930
3 2108 3802 5380
3 2972 2970 3175
3 2130 2132 2167
3 115 116 381
3 3694 3029 5376
3 2142 2886 5450
3 3632 3014 3943
3 3878 3175 4470
3 2113 1715 2166
3 1524 1525 1526
3 2148 2032 2149
3 2138 2140 2707
3 1518 1519 1520
3 1675 1676 1677
3 3097 3099 4282
3 2125 2127 2293
3 1972 1973 2135
3 1120 1119 1121
3 892 907 1977
3 1579 1580 1972
3 3057 2545 3361
3 5230 3320 5475
3 1367 1421 1422
3 712 713 714
3 2987 2470 3014
3 1204 1262 1263
3 1363 1313 1364
3 791 790 792
3 5727 1751 5860
3 1816 4426 6594
3 882 903 5552
3 3147 2535 5573
3 2135 2136 2713
3 2124 1976 2125
3 3200 3951 5367
3 3580 4245 6099
3 4681 3572 5377
3 1422 1499 1500
3 1949 3781 3782
3 2807 3242 5464
3 1307 1359 5361
3 1190 1227 1228
3 3619 3149 3927
3 3814 3582 6099
3 3390 2124 3391
3 3888 3889 4083
3 3620 2436 5426
3 1219 1218 1244
3 3888 2781 3889
3 473 5286 5834
3 3165 3790 5371
3 915 901 2093
3 2784 3419 3675
3 4086 2723 5189
3 3839 374 3840
3 5027 5474 5677
3 3112 3111 3996
3 3165 3166 3790
3 627 626 628
3 2132 2324 5488
3 2014 3722 3723
3 2719 2713 3122
3 3679 2992 3680
3 2362 2363 2364
3 3349 3029 3694
3 2099 1970 2100
3 2693 3178 3179
3 2293 2463 2970
3 1722 1952 1953
3 1629 1628 1630
3 2277 2550 2911
3 1465 1579 1581
3 4308 3404 4309
3 2611 2651 5851
3 1975 1526 1976
3 4441 4440 5231
3 2278 2276 2890
3 2832 2278 5520
3 4075 3694 4076
3 6274 448 6303
3 4008 4009 4229
3 3676 4436 4437
3 2030 1893 3994
3 1470 1468 3026
3 2428 2100 2429
3 1587 1725 1726
3 1522 1523 1524
3 1524 1526 1975
3 3334 4365 7006
3 3790 3791 3793
3 2210 1716 3823
3 2897 2722 3398
3 1465 1464 1579
3 4316 4076 4557
3 3170 4168 4265
3 2293 2972 5438
3 2275 2277 5389
3 2046 3195 3197
3 2218 1672 5165
3 2346 2347 2348
3 960 999 1000
3 3962 3378 5572
3 1235 1270 1271
3 1969 1546 1970
3 2708 3108 3148
3 3148 3619 4061
3 968 967 987
3 1106 1105 1197
3 2399 2482 5443
3 2607 2608 5851
3 2961 2960 3718
3 1371 1309 1380
3 2723 1140 3422
3 1526 1525 5355
3 2766 3031 3191
3 571 572 573
3 3661 4768 6423
3 854 850 5502
3 3092 2900 3364
3 3994 1893 5433
3 4184 4320 5414
3 988 987 1015
3 693 698 712
3 1466 1386 1467
3 1308 1342 2977
3 265 266 5607
3 2986 2470 2987
3 2629 2628 2631
3 1346 2744 5340
3 3801 5346 5698
3 3928 2832 3929
3 2187 2188 2189
3 2987 3014 3632
3 1400 1464 1465
3 2053 2054 2055
3 2770 3549 5661
3 2627 2626 2628
3 2121 2764 2766
3 1016 1015 1067
3 629 628 630
3 1975 1976 2124
3 1677 1787 1788
3 3256 3257 3258
3 152 153 364
3 5605 4946 6849
3 5007 2801 6210
3 650 651 652
3 1077 1049 1078
3 2364 2365 2366
3 783 784 785
3 4771 1870 6427
3 1283 1223 1285
3 3619 3927 4160
3 1955 1956 1957
3 5306 3812 6781
3 1604 1680 1778
3 3793 3811 6608
3 2879 3253 3254
3 2602 2600 5353
3 1788 2456 2457
3 1520 1521 1522
3 306 307 5557
3 1000 1062 1132
3 4018 3034 4019
3 5391 5390 5509
3 2860 3167 3658
3 6246 4171 6406
3 1934 2215 5245
3 2677 2670 2679
3 2593 1399 3770
3 1699 1698 1700
3 853 855 856
3 1191 1238 1294
3 1400 1380 1464
3 1482 1585 1587
3 1385 1284 1386
3 1068 1067 1105
3 2649 2647 2659
3 3434 4784 5918
3 3392 3391 3393
3 2759 2108 5380
3 667 671 5505
3 1732 1700 1733
3 1414 1325 5359
3 2728 2082 5499
3 1102 1100 5566
3 4913 4917 5818
3 3077 3620 3937
3 1627 1626 1628
3 2855 2219 5501
3 1478 1395 5496
3 2085 1733 2086
3 2366 2367 2368
3 144 145 458
3 4889 1141 6726
3 1372 1285 1373
3 2902 2298 4820
3 2133 2314 2316
3 990 989 1060
3 3935 3167 4531
3 1778 2205 2470
3 1310 1309 1371
3 1755 2504 5050
3 2507 2509 5473
3 3689 3690 3798
3 3561 3393 3933
3 2143 2086 2144
3 147 148 396
3 1517 1414 1518
3 2189 2190 2191
3 2533 2015 5439
3 3338 3138 3447
3 685 689 2564
3 2652 2658 2675
3 1993 2071 5237
3 631 630 632
3 2689 3037 3073
3 118 119 444
3 2344 2345 2346
3 793 792 794
3 1207 1064 1370
3 593 594 595
3 150 151 478
3 1457 1458 1459
3 1983 2322 5388
3 4094 4093 4095
3 2205 2318 5384
3 2612 5110 5555
3 1662 1655 1803
3 5615 1486 6190
3 2448 2990 2991
3 6159 3888 6163
3 597 598 599
3 885 886 887
3 151 152 5399
3 543 545 2743
3 1413 1325 1414
3 3719 1950 6144
3 3247 1097 5339
3 3150 2495 3412
3 4143 4142 4144
3 1459 1484 1485
3 1445 1443 1446
3 1789 1683 5388
3 1371 1380 1400
3 2256 2939 3455
3 2707 2708 5370
3 5624 3454 5627
3 1440 1496 1497
3 595 596 597
3 3148 3149 3619
3 2614 2612 5555
3 2652 2599 2658
3 2702 3228 3706
3 1179 1177 1180
3 2368 2369 2370
3 3577 3578 3579
3 983 965 1054
3 1618 1753 1769
3 5442 5342 5610
3 2818 2746 2819
3 3509 4182 5631
3 3769 4197 6488
3 2860 2458 2861
3 3240 2303 5200
3 2597 2595 3442
3 3303 3301 5475
3 1685 1596 1686
3 3157 3805 4201
3 3825 3002 5453
3 4378 4377 4379
3 3730 4002 6340
3 3375 5538 5625
3 2015 1650 5439
3 1685 1988 1989
3 2456 1787 2458
3 1416 1418 1419
3 3616 3412 3917
3 1181 1180 1182
3 1636 1593 1637
3 3879 2950 5203
3 998 1107 2702
3 599 600 601
3 539 540 542
3 5153 5155 5969
3 2263 2264 2265
3 515 513 5662
3 2370 2371 2372
3 569 570 571
3 6231 5211 6451
3 5816 5168 5933
3 1116 1115 1117
3 1520 1522 1688
3 856 880 881
3 1988 1686 1990
3 2136 2138 5400
3 686 681 2571
3 3142 3143 3144
3 2425 1757 2434
3 2335 2334 2950
3 2120 1934 5245
3 4672 4670 4673
3 857 884 900
3 2424 3018 3432
3 1675 1517 1676
3 633 632 634
3 5126 906 5491
3 1114 1113 1115
3 1683 1983 5388
3 2675 2689 3087
3 1462 1373 1463
3 2145 2144 2146
3 2430 4308 7012
3 5238 3452 5923
3 2585 2457 2981
3 3039 2533 3560
3 1666 1664 2469
3 1230 1229 1308
3 3213 3214 4008
3 1589 1463 1590
3 2913 2666 5554
3 1650 1716 1717
3 4249 2035 4783
3 821 819 1377
3 2230 2231 2704
3 900 3405 4357
3 3808 2532 3809
3 3579 3580 3581
3 5766 3964 5930
3 1793 2158 2201
3 2489 3085 3957
3 2971 4005 5401
3 601 602 603
3 541 538 5632
3 2970 2971 5401
3 1066 1009 3416
3 799 794 803
3 4471 3175 5401
3 2342 2343 2344
3 1963 1750 2094
3 105 106 408
3 2876 3340 3486
3 3020 4217 4228
3 1862 1861 1863
3 1135 1103 1229
3 1122 1121 1123
3 4926 2217 5690
3 3546 1561 5503
3 4393 1132 5027
3 3060 5541 5542
3 1062 999 1103
3 5097 5098 6131
3 463 5345 6235
3 1858 1857 1859
3 2270 1889 5352
3 2754 2889 3213
3 2372 2373 2374
3 1329 1178 2334
3 2499 1473 4943
3 1230 1308 1309
3 2671 2654 3420
3 2928 4253 4254
3 603 604 605
3 3548 2291 5787
3 3209 2268 4887
3 4229 4009 4230
3 2675 2658 2689
3 1135 1229 1230
3 2106 3499 3501
3 1324 1264 1325
3 812 803 859
3 696 692 697
3 4898 6251 6456
3 2210 3824 4014
3 1286 2733 5191
3 3583 3584 3585
3 672 669 1236
3 901 882 5552
3 3954 3211 3955
3 3559 3015 5890
3 1785 2445 2754
3 2992 2447 5591
3 3595 3597 5621
3 1689 1555 5598
3 3390 3392 5435
3 1938 2698 3268
3 882 859 903
3 881 910 911
3 3581 3582 3583
3 1124 1123 1125
3 4838 4840 4843
3 1726 2447 2448
3 2212 2211 2866
3 714 715 716
3 804 813 1979
3 1684 1581 5424
3 1618 1484 1687
3 2713 2136 5400
3 3079 3080 3081
3 2960 1606 5471
3 635 634 636
3 2378 2379 2380
3 3658 3167 3935
3 605 606 607
3 4812 3610 4813
3 2429 3029 3349
3 2819 2746 5262
3 2702 3706 3789
3 2845 2846 5553
3 3445 4445 4447
3 6766 2521 6950
3 3165 2587 3166
3 3322 3320 5230
3 3154 4263 4264
3 702 697 703
3 5537 1461 5759
3 1650 1549 1716
3 1451 1449 1460
3 1061 1060 1203
3 3501 3502 3503
3 1000 999 1062
3 146 147 5397
3 1875 1874 1876
3 4383 4382 5137
3 3350 3087 4004
3 756 761 2732
3 2708 3148 5370
3 1346 2041 2744
3 1400 5342 5442
3 3572 2910 5912
3 2605 2602 5353
3 2496 3150 3151
3 2636 2635 2639
3 4230 4009 4231
3 2070 5232 5716
3 607 608 609
3 24 25 489
3 1851 1850 1852
3 2010 2011 2012
3 4072 6343 6650
3 3629 3630 3631
3 2954 2514 2955
3 5474 5335 5677
3 4507 4506 4508
3 45 46 5477
3 709 703 710
3 4380 4379 4382
3 2099 2428 2742
3 3585 3586 3587
3 2340 2341 2342
3 1989 2495 2496
3 3144 3152 3153
3 911 970 971
3 2742 3034 3035
3 1930 5531 5829
3 2380 2381 2382
3 609 610 611
3 1204 1203 1262
3 3410 5936 5937
3 766 796 800
3 1062 1103 1135
3 2640 2639 2644
3 1046 4602 5709
3 4746 3407 6438
3 2523 3192 3968
3 112 113 437
3 2160 2146 2161
3 2513 3040 3686
3 1262 1203 1264
3 2623 2622 5256
3 3175 2970 5401
3 3056 2731 3515
3 1921 1922 1923
3 1282 1326 1327
3 3459 3745 3746
3 611 612 613
3 2164 2163 2165
3 1990 2746 2818
3 3020 4228 5116
3 1471 1546 1547
3 3035 4018 4020
3 1462 1589 2501
3 2437 3078 3079
3 1919 1920 1921
3 567 568 569
3 3014 2470 5384
3 3662 3478 6251
3 3772 3630 4394
3 2638 2654 2656
3 971 1018 1019
3 4000 4255 6549
3 1677 1676 1787
3 1606 1467 5471
3 5393 4064 6134
3 3136 2697 4033
3 2995 2994 2996
3 5361 5363 5533
3 2376 2377 2378
3 1753 1687 1754
3 1275 1985 5432
3 1413 1414 1517
3 1871 1867 1872
3 2310 3553 3980
3 2210 3823 3824
3 1590 1596 1685
3 2723 3422 5189
3 2470 2205 5384
3 1447 1446 2014
3 866 867 868
3 3280 3283 5398
3 2014 1446 3002
3 719 710 720
3 2450 3027 3459
3 4018 4019 4122
3 3623 3913 4334
3 2012 2535 2536
3 785 786 787
3 2860 2861 3167
3 4051 3031 4052
3 2923 3438 5292
3 907 906 959
3 1534 5204 6183
3 1324 1325 1413
3 3543 3544 3640
3 1788 1787 2456
3 2150 2149 2152
3 3793 3791 3811
3 960 959 998
3 3037 2658 5481
3 2382 2383 2384
3 3013 4981 6160
3 2781 2582 5423
3 3587 3588 3589
3 3791 3166 3792
3 3375 3764 5538
3 2043 2067 2069
3 4526 2346 6533
3 1969 1970 2099
3 2861 3022 5403
3 3789 3706 4778
3 980 1013 1014
3 4141 3389 4142
3 3349 3694 4075
3 727 720 728
3 1675 1677 5944
3 787 788 789
3 2162 2161 2163
3 3271 2881 5014
3 3235 3237 5375
3 563 564 565
3 930 3692 3693
3 4619 5615 6784
3 613 614 615
3 1717 1716 2210
3 734 728 735
3 1280 1281 1282
3 2645 2644 2646
3 3269 2698 3803
3 2121 1754 2122
3 2099 2100 2428
3 4031 4032 6415
3 2472 2788 3717
3 565 566 567
3 741 735 742
3 789 790 791
3 3718 2960 3778
3 4437 4438 4439
3 759 742 760
3 1602 1604 5436
3 768 760 769
3 2130 2167 5329
3 3614 6513 6683
3 3798 4945 5744
3 109 110 363
3 3710 3000 3711
3 2138 2707 5400
3 1469 1470 1471
3 1934 1935 2215
3 1581 1579 5424
3 2519 926 5469
3 2384 2385 2386
3 3472 3363 3473
3 4675 4673 4676
3 2456 2458 2860
3 2041 2043 5669
3 5353 5334 5774
3 892 1977 5528
3 2656 2671 2688
3 521 1420 5702
3 3589 3590 3591
3 2811 3538 5690
3 5075 5100 5441
3 2764 2122 2765
3 1099 1318 5339
3 4008 3214 4009
3 561 562 563
3 2582 2929 5423
3 3591 3592 3593
3 3790 3166 3791
3 1112 1111 1113
3 2766 2764 3031
3 3773 2956 3774
3 3560 2533 5439
3 2932 5153 5969
3 2696 2661 2697
3 2622 3033 5256
3 3722 3002 3822
3 1457 1455 1458
3 3191 3031 4051
3 1632 1661 1715
3 5606 2714 6913
3 390 56 4203
3 2749 2748 2750
3 2867 2866 3617
3 5086 5087 5088
3 5233 2985 6137
3 1471 1548 5655
3 960 998 999
3 907 959 960
3 4075 4076 4316
3 2418 2908 3462
3 1944 1712 1945
3 4422 4423 5151
3 3924 831 5749
3 2106 3501 5366
3 4439 4440 4441
3 1579 1972 5424
3 1805 1808 5760
3 1485 1484 1618
3 1778 2986 5436
3 1459 1458 1484
3 3462 4179 4537
3 1854 1852 1855
3 1372 1462 5476
3 1278 1279 1280
3 2386 2387 2388
3 4014 3824 4015
3 2606 2605 5563
3 2806 3556 3557
3 3036 2963 4129
3 2216 1935 2748
3 1467 1386 1468
3 1739 1623 1740
3 2503 846 5041
3 1396 1479 5504
3 1135 5335 5474
3 2846 2848 3023
3 892 887 906
3 1467 1468 1469
3 145 146 5395
3 716 721 722
3 2818 2819 3205
3 3237 3352 5375
3 3148 4061 5370
3 2820 2844 3751
3 2338 2339 2340
3 892 906 907
3 1685 1686 1988
3 6538 3112 6635
3 3889 2781 5423
3 884 858 885
3 2125 2293 5438
3 5355 1602 5436
3 11 12 6528
3 2216 2749 2826
3 1989 1988 2495
3 2660 2659 2667
3 4693 5193 6615
3 2668 2667 2669
3 2388 2389 2390
3 2026 3426 5707
3 3593 3594 3595
3 1283 1285 1372
3 3146 3885 3886
3 1197 2751 5201
3 1372 1373 1462
3 6590 4391 7061
3 1589 1590 5406
3 2112 3451 5255
3 2483 2905 5577
3 3215 1501 5179
3 2678 3047 5402
3 1399 1371 5442
3 827 825 974
3 4997 3536 5576
3 3214 2889 3605
3 1097 1099 5339
3 1985 1616 2035
3 1938 1888 2698
3 966 983 989
3 617 618 619
3 2826 2956 3089
3 887 888 5491
3 2325 2131 4757
3 1262 1264 1324
3 3060 2295 5541
3 2124 2125 5438
3 752 758 763
3 989 983 1017
3 885 887 892
3 652 653 654
3 372 306 5557
3 2972 3878 5637
3 773 775 801
3 2508 3234 5857
3 3150 3412 3616
3 2974 3110 5924
3 1885 1461 5537
3 3745 3027 4219
3 2275 5389 5719
3 2842 2841 2843
3 2048 2922 6144
3 1224 1283 1284
3 3401 3179 4401
3 3810 5288 5790
3 3118 2786 3119
3 4296 418 4297
3 1068 4919 5583
3 2442 3004 3005
3 3629 3415 3630
3 1462 1463 1589
3 812 882 883
3 769 771 1984
3 3770 5119 5808
3 1547 1546 1969
3 2129 2130 5329
3 2201 2202 2338
3 1618 1687 1753
3 1358 1306 1382
3 167 460 4823
3 2428 2429 5514
3 1182 2514 2954
3 1473 1474 1475
3 1558 1762 2230
3 2742 2428 3034
3 1481 1396 5504
3 2496 2495 3150
3 1471 1470 1546
3 3748 2943 5447
3 3646 3080 3647
3 722 732 733
3 1864 1863 1865
3 4073 3333 4509
3 619 620 621
3 891 950 2039
3 897 879 1940
3 777 779 1998
3 1756 1615 6028
3 518 515 5662
3 991 1139 3385
3 5579 4279 6288
3 2151 2452 2845
3 2973 2688 2975
3 3510 2884 5248
3 2252 2098 2534
3 1961 5348 5531
3 1753 1754 2121
3 3035 3034 4018
3 2076 2709 2820
3 2390 2391 2392
3 3595 3596 3597
3 2632 2631 5412
3 615 616 617
3 2705 2857 2930
3 3770 1399 5442
3 1903 1902 1904
3 3316 3599 4040
3 2664 5420 5554
3 1243 1108 2768
3 916 965 966
3 2730 2944 3413
3 2014 3002 3722
3 781 783 802
3 1785 1661 2107
3 2700 2699 3314
3 693 712 5539
3 791 792 793
3 1179 1181 1183
3 1610 1478 5496
3 621 622 623
3 1610 5496 5497
3 2638 2609 2654
3 3685 2270 5352
3 1650 1717 5439
3 2887 2559 3395
3 4357 3405 4359
3 671 1305 5505
3 1877 1876 1878
3 734 741 2714
3 2461 1222 2786
3 1974 1625 1982
3 5362 1481 5364
3 2774 2773 2775
3 1961 1922 2436
3 3760 5127 5548
3 5191 3862 5673
3 733 738 740
3 2298 2299 2300
3 2121 2122 2764
3 2666 2664 5554
3 2156 1982 2559
3 981 1063 3406
3 2311 2262 2312
3 3597 3598 4791
3 4910 4912 4913
3 1179 1180 1181
3 2561 1966 2699
3 3334 3335 6056
3 623 624 625
3 3135 3116 4195
3 793 794 799
3 2446 4501 6129
3 2392 2393 2394
3 3385 3386 3387
3 812 859 882
3 799 803 812
3 927 928 929
3 4575 3288 6020
3 1604 1778 5436
3 1881 1880 1882
3 2622 2630 3033
3 3474 3473 3609
3 1469 1468 1470
3 3080 3078 5500
3 1185 1223 1224
3 4479 5257 6191
3 966 965 983
3 2267 2109 2287
3 2950 2334 3424
3 3974 3973 4772
3 4427 3221 4920
3 3717 4120 4277
3 3661 3478 3662
3 1927 1925 1930
3 759 768 1008
3 883 901 902
3 1142 1057 1143
3 224 411 5526
3 3766 3864 5512
3 4885 2129 5329
3 4198 4681 4682
3 930 3693 5628
3 3486 4618 6577
3 1146 1145 1147
3 1948 1946 5285
3 1630 1631 1632
3 3391 2124 5438
3 3461 3460 4330
3 554 560 2010
3 2241 2238 6221
3 1183 1184 1185
3 3213 2889 3214
3 654 656 657
3 1185 5134 5822
3 547 549 551
3 1977 907 5470
3 863 891 5448
3 3520 1913 5594
3 176 367 5643
3 4704 1647 5826
3 1371 1400 5442
3 888 2133 5449
3 3283 4244 5398
3 3081 3080 3646
3 3975 3976 4687
3 1110 1109 1111
3 796 767 797
3 702 703 709
3 3159 3754 3755
3 1550 1478 1610
3 902 915 916
3 2997 2996 2998
3 3823 1716 5445
3 804 797 805
3 4827 3271 4828
3 813 805 814
3 857 814 858
3 2576 2577 2578
3 900 884 3405
3 1380 1309 5451
3 3326 3324 5521
3 3097 4282 5929
3 1652 1654 1792
3 2394 2395 2396
3 4629 2534 6246
3 2396 2397 2398
3 3163 2510 5857
3 1915 1327 2745
3 3167 2861 5403
3 1934 1932 1935
3 3778 2960 5471
3 625 626 627
3 1638 1637 1640
3 666 670 673
3 1919 1917 1920
3 3268 2698 3269
3 434 265 5607
3 1224 1223 1283
3 833 1161 5749
3 3387 3388 4056
3 1287 1286 5191
3 673 679 682
3 3985 4212 4237
3 4666 1937 6285
3 110 111 5437
3 709 710 719
3 1549 1547 5445
3 1244 2771 5212
3 2754 2445 2889
3 3616 3917 4170
3 4161 2953 4848
3 2656 2654 2671
3 3223 2913 3225
3 5011 2008 6174
3 2845 5553 6080
3 660 663 664
3 4531 3167 5403
3 627 628 629
3 719 720 727
3 2135 2719 5599
3 1176 1177 1178
3 2846 3023 5553
3 3231 2520 3465
3 2445 2107 2829
3 727 728 734
3 5455 5456 5462
3 5563 2605 5774
3 734 735 741
3 2954 2955 3765
3 741 742 759
3 130 131 6593
3 759 760 768
3 1957 1958 1959
3 657 659 660
3 2265 3010 3012
3 857 858 884
3 4295 418 4296
3 712 698 713
3 3259 4059 4346
3 3880 5667 5771
3 916 915 965
3 889 4771 6574
3 3047 4892 5402
3 902 901 915
3 1127 1128 1176
3 2437 2436 3077
3 664 665 666
3 2962 2432 3478
3 2693 3179 3401
3 3802 5424 5599
3 1970 1546 5492
3 530 1007 1051
3 844 842 852
3 5531 5348 5829
3 3318 3315 3973
3 5151 4423 5463
3 1065 1066 1127
3 629 630 631
3 960 1000 5470
3 46 47 479
3 1185 1184 1223
3 3106 3041 3891
3 102 103 421
3 3033 3733 3734
3 1308 2977 5451
3 793 799 2006
3 1083 1082 1084
3 1443 1263 5453
3 1008 1009 1065
3 3816 3817 3818
3 883 882 901
3 2398 2399 2400
3 662 655 2755
3 1470 3026 5492
3 3631 3630 3772
3 2166 1715 5454
3 714 713 715
3 6977 725 7009
3 1512 1529 1652
3 1845 1844 1846
3 5413 2351 5723
3 1276 1277 1278
3 3569 3572 4198
3 2617 2614 5555
3 4051 4052 5012
3 1085 1084 1086
3 2013 2017 2018
3 1087 1086 1088
3 2139 3760 5972
3 3679 3680 3681
3 156 157 415
3 3996 3111 4001
3 2816 2320 3172
3 1524 1975 5483
3 631 632 633
3 2599 2597 5481
3 766 762 767
3 107 108 490
3 2849 2847 3360
3 1178 1177 1179
3 2374 2373 5425
3 1089 1088 1090
3 1309 1308 5451
3 4317 4318 4319
3 2453 2439 2454
3 2049 1951 2064
3 3225 2913 5554
3 1132 1062 5474
3 1206 1254 1301
3 6801 5927 6821
3 1426 1495 1512
3 2802 2529 5811
3 3062 2768 3291
3 738 732 755
3 962 913 1322
3 1586 1633 1634
3 1176 1128 1177
3 1091 1090 1092
3 1923 1922 1961
3 1183 1181 1184
3 4224 5880 6125
3 181 182 493
3 1386 1284 5493
3 1590 1685 5406
3 1974 2156 3831
3 2493 2120 5245
3 1127 1066 1128
3 3626 2957 3627
3 3906 3907 4221
3 3026 1468 5493
3 3330 3921 3922
3 4800 2503 4801
3 1567 2116 2441
3 3681 3682 3771
3 3839 4107 4291
3 1093 1092 1094
3 1430 1545 1588
3 3549 4247 5661
3 1715 1661 1785
3 633 634 635
3 1587 1585 1725
3 2622 2620 2630
3 3459 3027 3745
3 719 727 1357
3 2909 2910 3569
3 789 791 806
3 1065 1009 1066
3 888 5449 5491
3 3401 4401 4402
3 5543 2584 6023
3 2179 2178 2180
3 3276 2816 5365
3 4816 4815 4817
3 1779 1630 5465
3 1630 1628 1631
3 3956 3955 4351
3 3746 3745 4234
3 1921 1920 1922
3 2887 3815 3816
3 1685 1989 5406
3 1583 1582 1751
3 3692 2756 3766
3 1638 1640 5466
3 696 697 702
3 1666 2469 5905
3 3227 2282 5278
3 2727 2566 3116
3 2642 2662 5570
3 2587 2585 5485
3 2273 5688 5856
3 2662 2693 5570
3 2450 682 2817
3 3646 3647 4233
3 2487 2180 2488
3 1501 1490 1502
3 930 928 2756
3 2402 2406 2407
3 2407 2408 2409
3 531 529 532
3 6025 4067 6889
3 1331 1300 1332
3 915 2093 5494
3 1489 1429 1490
3 2583 3887 5874
3 804 805 813
3 813 814 857
3 3079 3078 3080
3 796 797 804
3 635 636 637
3 3900 3901 6740
3 3699 3189 3700
3 2400 2401 2402
3 2409 2414 2415
3 2981 2457 5506
3 1522 1524 5483
3 2631 2655 5412
3 3773 3774 4546
3 2053 2051 2054
3 2448 2447 2990
3 2817 3293 5670
3 1342 1229 5731
3 2216 2748 2749
3 2151 2845 5863
3 2860 3658 5506
3 4222 3595 5621
3 733 732 738
3 58 59 449
3 3714 3715 4037
3 1726 1725 2447
3 1428 974 1429
3 3426 3427 3428
3 1507 1506 1582
3 1449 1447 5479
3 5594 1913 5687
3 1835 1834 1836
3 3089 2956 3773
3 3389 3386 5783
3 1265 1266 1276
3 2631 2641 2655
3 3136 4033 4034
3 2215 1935 2216
3 3723 3722 5587
3 1896 1747 1897
3 1462 2501 5476
3 3378 5400 5572
3 521 520 522
3 1198 1197 5201
3 2826 2749 2956
3 5027 1132 5474
3 217 218 5793
3 2018 2019 2020
3 3105 2434 5410
3 1282 1281 1326
3 1505 1504 1506
3 2121 2766 5513
3 766 767 796
3 2722 2165 5472
3 2457 2456 5506
3 2850 3918 5567
3 1785 2107 2445
3 1776 3262 5750
3 2093 901 5552
3 2105 2752 5631
3 2876 3486 5850
3 1841 1840 1842
3 1634 1758 1759
3 891 2039 5448
3 722 721 732
3 5240 5239 6486
3 1280 1279 1281
3 4019 3034 5514
3 839 837 2782
3 1245 1244 5212
3 2195 2197 2851
3 868 869 870
3 1008 768 1009
3 637 636 638
3 1588 1731 1766
3 3976 3147 5573
3 1148 1147 1149
3 3735 2159 5597
3 3190 6764 6823
3 3929 2832 5520
3 2658 2599 5481
3 2434 2547 5410
3 921 919 1535
3 4372 4374 4375
3 4058 3076 4060
3 2911 2550 5546
3 2857 3259 5772
3 3557 3860 4361
3 761 757 762
3 1632 1631 1661
3 1961 2436 2437
3 1062 1135 5474
3 4814 4813 4815
3 3086 2490 3479
3 1312 1362 2013
3 1409 1425 1426
3 1475 1527 1528
3 2429 3349 5514
3 1991 1992 1993
3 2068 2044 2178
3 343 400 5613
3 1736 2425 5926
3 5310 1184 5545
3 1993 1994 2071
3 890 860 5243
3 2597 3442 5481
3 3803 5537 5759
3 2096 996 5784
3 88 89 5689
3 2026 3068 3426
3 716 715 721
3 5599 2719 5737
3 1467 1469 5471
3 3472 3474 5989
3 2569 2568 2570
3 3413 3914 4007
3 2042 2040 3516
3 2488 5128 5430
3 2437 3077 3078
3 3900 3059 3901
3 2450 2817 3027
3 702 709 2753
3 1946 1945 1949
3 1446 1443 5453
3 412 45 5477
3 1759 2272 2273
3 1748 2088 2562
3 5464 4447 5478
3 1584 1679 1748
3 3421 3460 3461
3 3032 3207 3872
3 4747 4699 4748
3 3073 6159 6163
3 2095 2094 2531
3 870 871 872
3 2133 2316 5449
3 2567 2171 2568
3 3327 3329 3724
3 3043 3139 6374
3 2199 2213 2836
3 1688 1522 5483
3 4753 3196 5939
3 5376 3399 6351
3 785 787 2045
3 111 112 5427
3 2646 4818 6243
3 1909 1908 1910
3 649 655 661
3 1447 2014 5479
3 2212 2867 3458
3 2468 2467 2852
3 2294 2572 3436
3 679 683 5354
3 1021 1019 1104
3 1677 1788 5543
3 1394 1406 1407
3 1551 1625 1626
3 381 116 4215
3 229 230 5868
3 5456 5461 5462
3 478 151 5399
3 4048 3074 4050
3 872 874 875
3 1501 1502 5179
3 157 158 5482
3 2191 2193 2952
3 2057 2055 5366
3 2696 2697 3136
3 3739 4017 4180
3 508 3281 6116
3 3854 3855 5568
3 1296 1233 5706
3 1363 1364 1365
3 1408 1431 1991
3 875 894 895
3 1054 965 5494
3 320 466 5544
3 927 925 928
3 3034 2428 5514
3 2761 4974 5699
3 1899 2001 5595
3 6057 4607 6774
3 645 647 1987
3 1348 1289 1349
3 2990 2447 2992
3 1547 1969 5445
3 2787 2517 3201
3 895 917 945
3 4052 5523 5524
3 2415 2730 5589
3 756 755 757
3 2626 2623 5256
3 816 810 865
3 700 705 706
3 907 960 5470
3 78 380 4927
3 559 557 5444
3 693 692 696
3 1977 4601 5907
3 2880 3441 5830
3 3561 3934 6173
3 2700 3316 5797
3 1769 1753 5513
3 761 762 766
3 2910 2421 5589
3 1716 1549 5445
3 3046 2717 3059
3 2009 2483 5577
3 3193 2524 3507
3 1326 1281 1328
3 2118 2246 6768
3 557 553 1571
3 906 887 5491
3 998 2702 5484
3 3052 3728 3834
3 1905 1904 1906
3 1703 1702 1704
3 2300 2336 2337
3 5424 1972 5599
3 641 643 1133
3 3033 2630 3733
3 2631 2628 2641
3 529 528 530
3 3778 5471 5655
3 2585 2981 5485
3 3091 3487 3714
3 3782 3781 3783
3 321 322 5945
3 3784 3783 3785
3 1103 999 5484
3 3749 3017 3866
3 4971 5103 6348
3 142 362 4425
3 5326 3674 6911
3 2294 3436 5666
3 3821 3480 3863
3 3939 3938 3940
3 1508 1503 2467
3 682 679 5354
3 4913 4915 4917
3 2271 1860 5619
3 2655 2661 2695
3 3458 3469 3567
3 2651 5123 5971
3 3412 2495 5517
3 99 100 373
3 685 681 686
3 1402 5225 5612
3 1990 2818 5517
3 1785 2754 5454
3 3005 3006 3382
3 1423 1532 1584
3 523 522 524
3 2373 2784 5425
3 2175 2793 3032
3 689 686 692
3 527 526 528
3 1278 1277 1279
3 1150 1149 1151
3 999 998 5484
3 4555 4279 5579
3 5400 2707 5572
3 3522 3520 3524
3 3986 3702 4407
3 1455 1453 5509
3 1988 1990 5517
3 774 772 5993
3 5542 5541 5859
3 3382 3383 3665
3 3482 2556 3555
3 639 638 640
3 2113 2464 5969
3 3647 3080 5500
3 3698 4207 5955
3 649 650 655
3 647 648 649
3 645 646 647
3 3615 3514 4103
3 3680 2992 5591
3 2423 1761 2517
3 643 644 645
3 1152 1151 1153
3 1829 1828 1830
3 5376 6351 6399
3 437 5368 5427
3 934 932 2047
3 771 773 5516
3 639 640 641
3 3136 4034 4035
3 641 642 643
3 1737 1706 2028
3 3063 4071 6266
3 147 396 5397
3 693 696 698
3 756 757 761
3 2187 2189 3038
3 678 672 681
3 2702 3789 5484
3 2716 2028 2717
3 641 640 642
3 152 364 5399
3 1974 1982 2156
3 671 669 672
3 3527 3526 3702
3 1610 5497 5624
3 775 777 5525
3 1972 2135 5599
3 4053 3806 4054
3 649 648 650
3 647 646 648
3 645 644 646
3 643 642 644
3 1209 1131 2872
3 1630 1632 5465
3 2252 2534 5037
3 1825 1824 1826
3 5644 4591 5645
3 3757 3758 3759
3 581 583 2007
3 2707 5370 5572
3 1709 2211 2212
3 4349 3375 5625
3 738 755 756
3 1690 1572 2556
3 929 928 930
3 3524 3520 5594
3 3002 1446 5453
3 1556 1765 5840
3 779 781 5530
3 3166 2587 5485
3 2212 2866 2867
3 930 2756 3692
3 3732 4397 6696
3 667 662 669
3 3665 3666 4371
3 3216 3624 4649
3 2655 2641 2661
3 1423 1349 1424
3 1460 1449 5479
3 2695 2696 3363
3 689 692 693
3 1827 1826 1828
3 5146 4140 6996
3 685 686 689
3 1628 1626 5527
3 2156 2559 2887
3 525 524 526
3 1239 1240 1265
3 1103 5484 5731
3 1286 1360 2733
3 4688 6886 7050
3 5082 3026 5928
3 2887 3395 3815
3 2737 2738 2739
3 5390 1458 5509
3 4300 4298 4301
3 2739 2740 2741
3 1715 1785 5454
3 2418 3462 5730
3 1888 1885 5537
3 3799 3800 3967
3 3346 1960 3347
3 6050 4251 6083
3 3348 3347 3421
3 2456 2860 5506
3 2735 2736 2737
3 2001 2000 2002
3 2983 506 3982
3 3415 3081 5532
3 158 159 481
3 853 852 855
3 2254 1900 2255
3 2938 2832 3928
3 715 713 1541
3 5438 2972 5637
3 4493 3338 6075
3 4772 4773 6784
3 1277 1266 1624
3 1546 1470 5492
3 5471 1469 5655
3 2034 541 5632
3 573 575 2037
3 678 681 685
3 1793 2201 5651
3 1617 1343 1702
3 2733 2734 2735
3 2680 2679 5696
3 5484 3789 5731
3 2103 2770 5661
3 4390 2984 6706
3 1925 1923 5531
3 508 507 509
3 2031 2147 3091
3 3801 5698 5866
3 637 638 639
3 1468 1386 5493
3 3197 3198 3310
3 5419 1060 5646
3 4245 3578 6229
3 2114 2002 2115
3 706 707 708
3 3525 3523 3526
3 1626 1625 1974
3 3081 3646 5532
3 1181 1182 5545
3 3974 4772 6784
3 2062 2063 5603
3 763 765 795
3 4849 726 6637
3 5454 3411 5676
3 2532 1093 5452
3 514 513 515
3 5124 1670 5679
3 1855 1857 1858
3 3668 2519 5469
3 2540 2538 2798
3 2061 2059 2181
3 3792 3166 5485
3 1197 2081 2751
3 2853 2852 2869
3 4410 461 4411
3 2778 2969 3904
3 2037 4763 6965
3 512 511 513
3 3107 5277 6030
3 1113 1111 2003
3 1402 1328 1403
3 3447 3696 3697
3 1093 1094 5452
3 1235 1228 1270
3 1482 1403 1483
3 2990 2992 3678
3 730 736 737
3 1821 1820 1822
3 3816 3815 3817
3 2695 2661 2696
3 1532 1424 1533
3 1583 1751 5727
3 2701 2291 3548
3 737 743 744
3 1609 1697 1698
3 519 518 520
3 3416 1009 5571
3 1190 1059 1227
3 1870 4831 6287
3 1402 1403 1482
3 2182 3054 3492
3 458 145 5395
3 4231 4009 5547
3 3008 2081 3514
3 671 672 678
3 724 729 730
3 857 900 5556
3 3538 4241 5690
3 2635 2632 5412
3 84 85 498
3 5609 5004 6364
3 516 515 517
3 1859 1861 1862
3 667 669 671
3 718 723 724
3 3420 2654 5563
3 1412 1411 1487
3 661 662 667
3 2571 681 5558
3 183 184 383
3 1479 1550 1551
3 1060 989 5646
3 856 855 880
3 2609 2606 5563
3 1701 6078 6097
3 510 509 511
3 3678 2992 3679
3 5281 5403 6514
3 804 1979 5550
3 2764 2765 5523
3 708 717 718
3 881 880 910
3 1326 1328 1402
3 1182 2954 5545
3 1585 1483 1586
3 4388 4389 5692
3 1917 1915 5638
3 3906 2946 3907
3 5364 1481 5504
3 1125 1274 1275
3 4052 3031 5523
3 4989 4987 5336
3 5342 2579 5610
3 577 579 750
3 2550 2832 2938
3 2710 2077 3290
3 1482 1483 1585
3 2784 3675 5425
3 3422 1140 5432
3 1051 1074 3013
3 3810 5790 5888
3 1276 1266 1277
3 1753 2121 5513
3 749 753 1239
3 3457 3456 3695
3 911 910 970
3 1979 813 5556
3 1932 1929 5549
3 2055 2054 2106
3 1318 1101 5854
3 971 970 1018
3 1946 1949 5285
3 1396 1478 1479
3 884 885 5528
3 4375 4377 4378
3 1586 1634 2104
3 4546 5978 5993
3 89 90 491
3 4042 3418 5767
3 1027 1025 1047
3 2170 2727 5860
3 2550 2278 2832
3 2693 3401 5570
3 2751 3008 3977
3 2498 2173 2859
3 2334 1178 5508
3 3802 5599 5737
3 2012 2011 2535
3 1617 1703 1705
3 408 106 6410
3 2922 2050 6263
3 4394 3630 5532
3 661 655 662
3 2589 2255 2590
3 1275 1343 1616
3 3077 3937 5507
3 3462 2908 4179
3 2010 560 2011
3 885 892 5528
3 965 915 5494
3 3705 3045 4123
3 1284 1283 5519
3 3501 3499 3502
3 3391 5438 5637
3 938 936 944
3 1965 2560 2856
3 2771 2988 3611
3 5718 1175 5949
3 800 796 5550
3 585 587 731
3 3001 2776 3132
3 3220 4186 4187
3 2434 2526 2547
3 1458 1455 5509
3 4835 2065 6401
3 2536 2535 3146
3 1337 1335 5489
3 3432 3018 4070
3 5346 1676 5698
3 1550 1610 5627
3 686 2571 5551
3 2088 1679 2089
3 1570 1608 1609
3 2495 1988 5517
3 3293 4055 5670
3 4609 4610 6681
3 2165 2433 5472
3 1808 2896 5760
3 2644 2639 2657
3 5406 3656 5642
3 2856 2888 3799
3 1705 1706 1736
3 1261 3602 3612
3 3612 3613 3709
3 3667 3132 3806
3 456 21 5025
3 1243 3062 3655
3 3825 5453 5714
3 1923 1961 5531
3 323 324 6186
3 697 692 5551
3 2732 761 5565
3 1078 1079 1080
3 6359 3658 6497
3 4713 5028 6115
3 2165 2432 2433
3 519 520 521
3 4191 3510 5248
3 3509 4181 4182
3 1846 1850 1851
3 159 160 5593
3 2730 3413 5589
3 5363 5362 6614
3 1736 1737 1757
3 3799 3967 6606
3 3549 4246 4247
3 1080 1081 1082
3 4802 4801 4804
3 2547 3137 3138
3 1759 2273 2275
3 1372 5476 5519
3 2962 3478 3661
3 2165 2163 2432
3 3468 5746 5902
3 4877 4875 5118
3 2899 2153 2900
3 766 800 5565
3 672 1236 5558
3 1140 1125 5432
3 1244 1319 2771
3 2958 2959 3895
3 3031 2764 5523
3 5032 5031 6306
3 4925 2500 6135
3 3455 2939 3456
3 769 1984 5571
3 1273 1271 5340
3 3103 2306 5045
3 3503 3502 4023
3 3298 4401 6860
3 866 865 867
3 3293 3539 4055
3 2217 2811 5690
3 2689 3073 5770
3 1333 1332 1334
3 3803 2698 5537
3 2275 2276 2277
3 2277 2278 2550
3 3458 2867 3469
3 3297 3295 6017
3 3438 4387 5292
3 1892 2029 2549
3 2433 2962 2963
3 2409 2415 2418
3 3477 3102 3511
3 1283 1372 5519
3 4095 4093 5639
3 5395 146 5397
3 2275 2273 2276
3 768 769 5571
3 2870 2869 3171
3 3274 2942 3288
3 4783 2035 4825
3 3420 5563 5774
3 3567 3469 3833
3 1984 771 5516
3 1164 1163 1165
3 1240 753 2460
3 4009 3214 5547
3 942 940 2073
3 5334 3088 5641
3 2837 2590 2894
3 773 801 5516
3 2277 2276 2278
3 2183 2185 3133
3 1179 1183 5508
3 5493 1284 5519
3 521 522 523
3 2418 2415 2421
3 909 957 1401
3 1243 2768 3062
3 2866 3261 6092
3 1126 1289 1348
3 3910 3117 3911
3 3214 3605 5547
3 2909 3569 3570
3 5641 3396 5766
3 4156 4155 6038
3 1457 1459 5759
3 1416 1352 1418
3 801 775 5525
3 1430 1387 1545
3 1178 1179 5508
3 5086 2729 5087
3 1236 669 5574
3 1292 1287 5191
3 2988 1319 3554
3 4463 3069 4474
3 2286 2141 2435
3 1002 1057 1142
3 3451 4331 5255
3 1215 1214 1216
3 3146 2535 3147
3 569 571 751
3 3780 5727 5860
3 4004 3087 5770
3 756 2732 5604
3 1568 1569 1570
3 2908 2421 2909
3 2375 2404 3533
3 5500 3078 5507
3 3853 5549 5800
3 2748 1935 5549
3 2263 2115 2264
3 1676 1517 5698
3 109 363 4363
3 1154 1153 1155
3 1094 1092 1108
3 2716 3046 3497
3 5223 1128 5700
3 48 49 370
3 3514 5718 5949
3 777 1998 5525
3 3774 2956 5585
3 635 637 668
3 1320 1297 1392
3 1872 1874 1875
3 543 2743 5810
3 1094 1108 1109
3 1168 1167 1169
3 4380 4382 4383
3 3393 3391 5637
3 4378 4379 4380
3 2501 1589 5642
3 1265 1240 1266
3 2890 2276 5856
3 3809 2532 5452
3 2161 2146 2321
3 3398 2722 5472
3 5212 3868 5715
3 1359 1395 1396
3 5453 1263 5714
3 4302 4301 4303
3 5496 1395 5657
3 4219 3027 5670
3 795 798 807
3 4872 739 5686
3 35 36 387
3 2895 2894 3606
3 527 528 529
3 3424 5508 5822
3 3957 3085 3958
3 3992 3991 4025
3 1551 1550 1625
3 3515 2731 5676
3 1998 779 5530
3 3405 884 5528
3 5936 3765 5937
3 5508 1183 5822
3 2724 2306 3103
3 1662 1803 5490
3 2749 2750 5585
3 3999 3998 5694
3 1697 1608 1701
3 3204 3296 6103
3 2424 3432 5672
3 2451 2150 5529
3 781 802 5530
3 3885 3147 3975
3 1974 3831 5527
3 1865 1867 1871
3 1019 1018 5672
3 1564 1566 1568
3 1479 1478 1550
3 5744 2027 6227
3 2272 2806 5688
3 3630 3415 5532
3 3557 4361 4362
3 3962 5572 5794
3 2767 518 5662
3 3538 4240 4241
3 1438 1384 1439
3 3894 3607 4339
3 1792 1793 5651
3 4786 3649 5984
3 958 517 5408
3 1589 5406 5642
3 2593 3770 5808
3 2845 2452 2846
3 2736 2734 2814
3 2698 1888 5537
3 4149 3105 5410
3 2375 2374 2376
3 49 50 5580
3 2731 2166 5676
3 3785 3783 3786
3 3424 2334 5508
3 3319 4599 4600
3 2086 1733 2284
3 1143 1145 1146
3 517 519 5408
3 1413 1675 5871
3 1193 1195 1196
3 683 1801 5354
3 3973 3315 5351
3 1184 1181 5545
3 2450 3459 5817
3 2943 3299 5447
3 533 532 534
3 3078 3077 5507
3 1700 1698 2522
3 103 104 5995
3 160 161 368
3 565 567 2080
3 3762 3761 4629
3 6141 4119 6626
3 4281 2704 5229
3 831 833 5749
3 1930 1925 5531
3 1573 1493 1574
3 2879 2258 3253
3 2987 3633 5888
3 2402 2407 2419
3 776 1269 6119
3 4315 6331 7002
3 2790 3577 5777
3 3062 3291 3869
3 4129 2963 4130
3 5266 1752 5795
3 4825 5635 5926
3 2273 2272 5688
3 560 555 561
3 967 948 1010
3 899 4830 6600
3 807 808 860
3 2225 2224 5855
3 6175 5044 6380
3 3605 2889 5569
3 3442 2595 5808
3 2719 3123 5737
3 1119 1117 1257
3 3839 3840 4107
3 5177 3668 5469
3 523 524 525
3 3767 5208 5879
3 2461 2786 3118
3 5888 3633 5943
3 525 526 527
3 3206 4865 5950
3 3917 3412 5806
3 1514 1497 1536
3 535 534 536
3 4107 3840 4317
3 537 536 538
3 549 548 550
3 469 217 5793
3 4023 3502 4024
3 989 1017 5646
3 2294 1731 2295
3 539 538 540
3 1842 1844 1845
3 1058 1776 5750
3 3104 3103 3761
3 554 550 555
3 547 546 548
3 5699 4974 6978
3 1626 1974 5527
3 2654 2609 5563
3 5128 5130 5430
3 2418 2421 2908
3 1396 1395 1478
3 2657 5739 5989
3 745 747 2813
3 1327 1326 5612
3 625 627 674
3 34 35 5582
3 3066 3189 3699
3 3856 4424 5925
3 3785 3786 4137
3 6320 4558 6848
3 5256 3851 5675
3 2182 1701 2208
3 2745 1327 5612
3 4143 4144 4145
3 2528 2931 3430
3 1262 1324 5714
3 796 804 5550
3 2099 2742 5769
3 813 857 5556
3 5498 5657 5951
3 3606 4405 5535
3 5714 1324 5871
3 1173 1172 1174
3 2740 2738 3219
3 1134 1562 3448
3 939 941 5798
3 545 544 546
3 1109 1108 1243
3 2348 2350 2854
3 1286 1250 1360
3 629 631 2036
3 3054 2208 3055
3 3447 3138 3696
3 1722 1598 1952
3 1838 1840 1841
3 80 81 6027
3 4340 4339 4341
3 2943 3274 3299
3 5185 698 5862
3 2445 2829 5569
3 1847 2323 5674
3 1307 1358 1359
3 2095 2531 5560
3 1161 2254 5749
3 2342 2344 3245
3 4126 3467 4131
3 4442 4441 4443
3 2928 4254 5865
3 46 479 5477
3 1040 1037 1043
3 5399 4127 6872
3 3677 5237 6316
3 5688 4362 5856
3 1134 1081 1561
3 1751 1752 2170
3 4536 2912 6145
3 1248 1245 5212
3 3315 3314 5351
3 1469 1471 5655
3 2043 2069 5669
3 2024 2022 2102
3 2292 1369 2476
3 3329 3328 3330
3 2569 3017 3439
3 2256 3455 5732
3 1405 1160 2769
3 1748 1679 2088
3 1935 1932 5549
3 1584 1532 1679
3 1009 768 5571
3 5426 1920 5638
3 5517 2818 5806
3 3835 3055 3871
3 3220 3219 4185
3 3728 3208 3983
3 3310 3198 3796
3 3804 4562 6557
3 1201 1198 5201
3 3182 4067 4069
3 561 563 811
3 2835 2834 3043
3 3426 3428 5620
3 2562 2088 2563
3 963 954 2066
3 1197 1105 2081
3 3819 3437 5782
3 1517 1518 5698
3 2398 2400 2403
3 1473 1419 1474
3 2442 3005 5740
3 1832 1834 1835
3 3482 3555 5697
3 1851 1852 1854
3 4455 178 5956
3 3898 3012 4655
3 2434 1757 2526
3 3407 4899 6232
3 1348 1349 1423
3 1562 1561 1563
3 2476 5706 6069
3 1949 1945 3780
3 740 738 5604
3 3593 3595 4222
3 783 785 5575
3 1417 1805 5760
3 1982 1625 5627
3 3118 3119 3639
3 4688 3976 6066
3 2201 2338 2891
3 2667 2659 2674
3 363 110 5437
3 1575 1574 1577
3 1915 2745 5638
3 1125 1123 1274
3 1066 3416 5700
3 5335 2592 5677
3 3615 4103 4104
3 1751 1582 1752
3 1949 3780 3781
3 50 51 5588
3 4043 1217 5836
3 2055 2106 5366
3 5205 2056 6329
3 3276 5365 5446
3 1129 2232 5854
3 1564 1563 1565
3 3052 2573 3208
3 3146 3147 3885
3 2433 2432 2962
3 1067 1015 1175
3 4697 4699 4747
3 1512 1652 1653
3 2166 5454 5676
3 4036 3983 4134
3 3913 3912 5796
3 3531 5408 5409
3 2572 2295 2573
3 4141 4142 4143
3 5070 5069 6271
3 3675 3676 5897
3 3885 3975 4793
3 33 34 480
3 615 617 675
3 2889 2445 5569
3 1566 1565 1567
3 1128 1066 5700
3 1920 1917 5638
3 681 672 5558
3 3589 3591 4081
3 3478 2432 5710
3 3998 5374 5979
3 1560 3531 5846
3 2106 2054 3498
3 1508 2468 3051
3 812 883 5602
3 692 686 5551
3 595 597 711
3 4262 3482 5697
3 1477 1620 5883
3 2927 2815 3949
3 2392 2394 2410
3 730 737 5931
3 4195 3116 4196
3 3327 3326 3328
3 1588 1545 1731
3 2567 2568 2569
3 690 694 5965
3 619 621 2070
3 2569 2570 3017
3 3585 3587 3978
3 4195 4196 4529
3 1271 1270 1346
3 2170 2171 2566
3 3046 3059 3900
3 3421 3461 5935
3 1238 1306 1307
3 1766 1731 2294
3 1610 5624 5627
3 1631 1628 5527
3 802 783 5575
3 2427 1999 2815
3 2332 1217 4043
3 1955 1953 1956
3 543 541 544
3 3262 5102 5750
3 1617 1702 1703
3 1045 1042 2789
3 819 817 5495
3 3499 3498 3500
3 662 2755 5574
3 2683 2680 5696
3 3418 2783 5767
3 2384 2386 2405
3 2265 2264 3010
3 1263 1262 5714
3 1994 1992 1995
3 2352 2354 3190
3 1078 1049 1079
3 3207 2793 3319
3 664 666 947
3 2806 3557 5688
3 991 3385 5784
3 395 333 6207
3 1878 1880 1881
3 1358 1382 5657
3 3543 3640 3852
3 3231 3465 3537
3 3350 4004 5834
3 1408 1407 1409
3 2550 2938 5546
3 1211 1174 1212
3 2714 741 5590
3 2013 1362 2017
3 1770 912 6376
3 1393 1365 1394
3 2356 2358 2417
3 1423 1424 1532
3 1088 1086 1187
3 759 1008 5590
3 2850 3181 3182
3 1502 1503 1504
3 2123 1849 5807
3 1882 1902 1903
3 1244 1218 1319
3 3581 3583 4117
3 5518 4327 6895
3 1822 1824 1825
3 761 766 5565
3 2106 3498 3499
3 977 780 6150
3 3896 2959 3897
3 654 657 1544
3 1275 1274 1343
3 605 607 676
3 669 662 5574
3 5268 3811 6187
3 2388 2390 2413
3 1578 1577 1967
3 3299 4642 6752
3 1616 1343 1617
3 364 153 5946
3 4135 4134 4136
3 1986 2491 5664
3 1737 2028 2716
3 1359 1358 1395
3 3577 3579 4289
3 3741 3024 3742
3 4430 2499 4943
3 734 2714 5606
3 3256 3254 3257
3 2983 3982 3993
3 2018 2017 2019
3 599 601 2074
3 673 682 2450
3 1705 1703 1706
3 1736 1706 1737
3 3008 3514 3615
3 2956 2749 5585
3 5635 1705 5926
3 1640 2289 2290
3 534 532 2090
3 2775 2776 2777
3 3379 4232 5820
3 2716 2717 3046
3 2486 2790 5777
3 1357 4598 6874
3 4911 4916 6290
3 4040 3599 4435
3 609 611 2078
3 2175 1995 2203
3 4273 4360 6686
3 1991 1431 1992
3 2877 2942 2943
3 3262 3342 5102
3 1013 1055 1076
3 980 997 1013
3 799 812 5602
3 950 969 980
3 1951 1948 5586
3 1191 1237 1238
3 2853 2870 2877
3 2020 2019 2026
3 1076 1170 1191
3 741 759 5590
3 2378 2380 2412
3 112 437 5427
3 3713 4091 4092
3 182 183 5511
3 1862 1863 1864
3 1993 1992 1994
3 4833 4835 6450
3 1508 2467 2468
3 3426 3068 3427
3 2026 2019 3067
3 2421 2415 5589
3 2755 655 5562
3 918 4985 5805
3 2751 2081 3008
3 952 972 973
3 891 914 950
3 64 65 375
3 37 38 455
3 2360 2362 2521
3 1808 1810 2896
3 992 991 5784
3 2189 2191 5626
3 1316 1344 1345
3 51 52 438
3 5978 1269 5993
3 3980 3553 3981
3 2848 2849 2850
3 3872 3207 3875
3 2768 1108 5667
3 2491 3625 3644
3 6190 1486 6234
3 1307 1306 1358
3 4854 2505 6377
3 4367 4042 5250
3 4895 4894 6492
3 873 4923 6578
3 2220 2024 5656
3 517 518 519
3 2290 2772 2773
3 3325 3324 3326
3 1363 1365 1393
3 3427 3068 3738
3 1161 1900 2254
3 1394 1407 1408
3 2489 3957 5780
3 1712 1583 5727
3 1520 1688 5866
3 4180 4017 4190
3 3032 2793 3207
3 2620 2617 5747
3 1239 753 1240
3 4439 4441 4442
3 5445 1969 5769
3 547 548 549
3 1125 1275 5432
3 1033 1031 1141
3 3209 4887 5515
3 5843 4172 6020
3 4993 4989 5336
3 932 929 5628
3 727 734 5606
3 2777 3001 3041
3 1461 1457 5759
3 545 546 547
3 2006 799 5602
3 252 435 6098
3 549 550 554
3 554 555 560
3 1544 657 5819
3 3667 3806 4053
3 3412 5517 5806
3 2364 2366 2411
3 2372 2374 2375
3 2212 3458 5679
3 3211 3209 5515
3 2477 2476 3101
3 1625 1550 5627
3 1609 1608 1697
3 543 544 545
3 2244 2242 3506
3 1740 1741 1742
3 2778 3904 5827
3 2735 2734 2736
3 793 2006 5611
3 2733 1360 2734
3 5344 1364 5970
3 1928 2478 6180
3 2737 2736 2738
3 3138 3137 5561
3 4068 3181 5958
3 2700 3314 3315
3 2958 2690 2959
3 2561 2699 2700
3 4557 371 7028
3 3699 3700 5660
3 1502 1490 1503
3 5380 3802 5737
3 1936 1918 6184
3 2087 1926 6180
3 3739 3738 4016
3 5462 5461 5878
3 5360 5419 5646
3 3845 205 6908
3 4345 5159 6984
3 1742 1744 1745
3 945 917 981
3 3027 2817 5670
3 1013 997 1055
3 980 969 997
3 895 894 917
3 875 874 894
3 950 914 969
3 162 163 482
3 868 867 869
3 2257 2880 5830
3 1076 1055 1170
3 3953 3954 6241
3 1238 1237 1306
3 872 871 874
3 655 650 5562
3 2547 2526 3137
3 1191 1170 1237
3 1812 1814 2234
3 3318 3973 3974
3 3329 3330 4013
3 1335 1334 1338
3 1854 1855 5748
3 2148 2149 2150
3 5033 2891 5892
3 5010 2143 6397
3 1018 970 1222
3 791 793 5611
3 2368 2370 2416
3 6178 4310 7000
3 738 756 5604
3 3441 4223 5830
3 3087 2689 5770
3 2843 2994 2995
3 2468 2852 2853
3 5903 5221 6391
3 2739 2738 2740
3 929 930 5628
3 863 890 891
3 2444 2841 2842
3 891 890 914
3 870 869 871
3 2294 2295 2572
3 925 923 5618
3 2778 2441 2968
3 3101 2476 6069
3 4485 402 6598
3 1655 1638 5466
3 2235 5146 6996
3 1362 1313 1363
3 3354 2762 3356
3 1818 1820 1821
3 3197 3310 4329
3 2185 2187 5650
3 3823 5445 5769
3 1229 1103 5731
3 2170 1752 2171
3 1912 2262 2311
3 163 164 5633
3 622 620 5757
3 3847 3923 6071
3 2401 5443 5818
3 2035 1616 5635
3 1206 1301 5713
3 2887 3816 5649
3 657 660 5819
3 3096 2802 5811
3 4375 4378 4381
3 1357 727 5606
3 806 791 5611
3 3327 3328 3329
3 1440 1439 1496
3 1875 1876 1877
3 2051 2049 5600
3 991 978 1139
3 1664 1662 5490
3 3159 3153 3754
3 5355 5436 5790
3 2245 2762 2763
3 3682 3680 6046
3 1927 1930 5800
3 1261 3612 5522
3 2763 3354 3355
3 3299 3274 4419
3 3439 3017 3749
3 880 855 1658
3 2424 2461 3018
3 913 897 5584
3 2201 2891 5651
3 1570 1569 1608
3 511 509 1543
3 3862 5220 5903
3 4296 4297 4298
3 1835 1836 1913
3 1104 1019 5672
3 540 541 543
3 2946 2562 5623
3 2895 3607 3857
3 1599 1713 2266
3 3857 3894 4269
3 1697 1701 2182
3 2441 2442 5740
3 2771 1319 2988
3 1080 1079 1081
3 2688 2671 5930
3 3399 3657 6239
3 3142 2874 3143
3 1082 1081 1134
3 2969 2968 3324
3 2630 2620 5747
3 863 860 890
3 6886 4689 7050
3 863 5448 5957
3 1092 1090 5667
3 30 31 397
3 589 591 2072
3 3406 1063 5713
3 2756 928 5618
3 3171 4030 4172
3 4111 5858 6794
3 2566 2171 2567
3 2538 2536 5616
3 3052 3208 3728
3 2589 2837 3176
3 3714 3487 3715
3 1531 1528 5383
3 3001 3132 3667
3 5868 230 6218
3 3054 3055 3835
3 1475 1474 1527
3 2565 3273 6694
3 3335 3836 3837
3 540 538 541
3 4011 3356 4012
3 5436 2986 5790
3 1146 1147 1148
3 650 652 5562
3 2816 3172 5365
3 2182 2208 3054
3 3522 3524 3763
3 5067 3678 6382
3 5268 251 6098
3 3728 3983 4036
3 5739 5358 5989
3 5761 4392 5968
3 5240 6486 6653
3 1948 5285 5586
3 5229 3952 6960
3 3831 2156 5649
3 2830 1681 2831
3 3891 3041 3892
3 1377 819 5495
3 4370 5018 6576
3 1929 1927 5800
3 4993 382 6332
3 1735 2898 3140
3 2704 2231 2705
3 3086 3479 3480
3 3325 3326 3327
3 2179 2180 2487
3 2850 2849 3181
3 2846 2452 2847
3 1159 1163 1164
3 1827 1829 2250
3 2068 2178 2179
3 1018 1222 2424
3 860 861 5243
3 2491 2159 2937
3 334 5055 6207
3 4028 4598 6902
3 2775 2773 2776
3 1835 1913 3519
3 517 515 518
3 2572 2573 3052
3 2230 1762 2231
3 571 573 5665
3 3534 3707 3708
3 1326 1402 5612
3 4187 4186 4287
3 785 2045 5575
3 1451 1460 5889
3 3387 3386 3388
3 3363 6422 7040
3 1986 1744 2159
3 1765 2892 5840
3 3800 2888 3919
3 1851 1854 2256
3 4067 3181 4068
3 749 748 752
3 1845 1846 5732
3 557 1571 5444
3 5115 432 6475
3 2786 1222 5724
3 3360 2847 5658
3 3256 3334 6412
3 1567 2441 2778
3 111 5427 5437
3 1408 1409 1431
3 2853 2869 2870
3 3182 3181 4067
3 2998 3000 3710
3 2375 2376 2404
3 3657 5082 6182
3 4036 4134 4135
3 2058 2206 6329
3 367 4455 6654
3 2595 2593 5808
3 2740 3219 3220
3 2536 3146 5616
3 2427 2927 3534
3 1504 1503 1508
3 842 839 5596
3 1829 1830 1981
3 1562 1563 1564
3 4383 5137 6909
3 2243 2244 2245
3 1393 1394 5630
3 3005 3382 3484
3 1564 1565 1566
3 2846 2847 2848
3 3231 3537 4392
3 2628 2626 5675
3 5250 4042 5767
3 6283 4844 6429
3 1271 1346 5340
3 1111 1109 5629
3 1827 1828 1829
3 3385 1139 3386
3 894 874 2757
3 4250 4215 4251
3 3895 2959 3896
3 4142 3389 5783
3 423 4470 6672
3 4511 5761 5968
3 1134 1561 1562
3 5343 2063 6104
3 981 917 982
3 3259 4346 5772
3 2617 5555 5747
3 3310 3796 3797
3 2019 2017 5725
3 1994 1995 2175
3 2605 5353 5774
3 1899 1999 2000
3 2608 2611 5851
3 1906 1908 1909
3 5184 1010 5824
3 1537 1536 1678
3 1864 1865 5801
3 5572 5370 5794
3 1568 1566 1569
3 1441 1556 5840
3 5225 3409 5812
3 5769 2742 5922
3 138 139 5974
3 1528 1527 1646
3 415 157 5482
3 2523 3968 5814
3 1312 1255 1313
3 2424 1222 2461
3 2239 2237 2516
3 4362 5534 6477
3 3945 4977 6601
3 3825 5714 5871
3 3466 3865 5913
3 3529 2902 4820
3 1969 2099 5769
3 4536 6145 6496
3 1825 1826 1827
3 1893 1714 5433
3 2175 2203 2793
3 5630 3677 6039
3 417 352 5919
3 5679 3458 5985
3 749 752 753
3 4111 4110 5858
3 3465 2520 5748
3 3410 5310 5936
3 1254 1207 1255
3 4726 4725 6500
3 3519 3520 3521
3 2191 2952 5626
3 4730 2952 6472
3 2026 3067 3068
3 3799 2888 3800
3 2064 1951 5586
3 1637 1593 5846
3 2529 2528 5811
3 3695 4511 4564
3 3441 3635 4223
3 2047 932 5628
3 3427 3738 3739
3 622 5757 6001
3 928 925 5618
3 3531 958 5408
3 3220 4185 4186
3 2254 2255 2589
3 3695 3456 4511
3 3521 3525 6036
3 4768 1775 6385
3 2107 1661 5898
3 3739 4016 4017
3 1858 1859 5780
3 5124 5679 5985
3 4828 3271 5014
3 2213 2304 5977
3 5521 3324 5962
3 970 910 5724
3 2298 2092 2299
3 5061 3496 6122
3 2777 2776 3001
3 1965 2856 5614
3 3637 3991 3992
3 2848 2847 2849
3 3521 3522 3523
3 3193 3507 3672
3 897 1940 5584
3 2256 2520 2939
3 4410 3360 6647
3 4923 2465 6708
3 1206 1064 1207
3 5391 5509 5889
3 1348 5263 5848
3 3984 3985 7060
3 1148 1149 1150
3 914 890 5559
3 1408 1991 5630
3 4257 4984 6876
3 41 42 484
3 4582 4412 6396
3 6166 1980 6723
3 1725 1585 5785
3 1578 2242 2243
3 2466 3910 6079
3 4801 2503 5041
3 2969 3324 3325
3 2167 2183 5668
3 3421 3347 3460
3 1862 1864 2489
3 1243 3655 5629
3 5017 5016 6579
3 3759 3902 5347
3 936 934 5682
3 2098 2095 5560
3 5295 3737 6308
3 3316 4040 5797
3 3038 2189 5626
3 995 994 7016
3 40 41 5680
3 2059 2057 5648
3 2589 2590 2837
3 1765 1772 2892
3 2657 4811 6136
3 2510 2508 5857
3 5549 1929 5800
3 2787 3201 3202
3 1573 1575 1576
3 2452 2451 5658
3 5208 5209 5879
3 3633 3932 5943
3 2049 2064 5600
3 3600 3372 7051
3 4875 4872 5686
3 2943 2942 3274
3 2178 2044 5789
3 1586 2104 5785
3 2820 2709 2844
3 4599 2885 6117
3 542 540 5810
3 4132 4012 4620
3 2641 2628 5675
3 4906 3859 6483
3 4426 1816 6986
3 2396 2398 5703
3 39 40 369
3 2489 2490 3085
3 1897 1898 1899
3 1084 1082 5609
3 1297 1292 5673
3 5198 5396 5758
3 1709 2212 5679
3 3086 3480 3820
3 5810 5247 6240
3 5412 5358 5739
3 3459 3746 5802
3 5288 5355 5790
3 1165 1167 1168
3 3372 3370 3674
3 2256 1854 2520
3 3091 2147 3487
3 940 938 5678
3 3963 3350 5834
3 1101 1129 5854
3 2877 2870 2942
3 3702 3526 3703
3 1903 1904 1905
3 5091 5094 6065
3 3010 2264 3011
3 1670 1709 5679
3 1063 982 1064
3 2232 3084 3812
3 2867 3617 5722
3 1593 1560 5846
3 5645 3548 6462
3 2985 5697 6137
3 2115 2002 2307
3 968 988 5887
3 4278 4607 6057
3 2054 2051 5600
3 647 649 5634
3 1148 1150 1389
3 1150 1151 1152
3 852 842 5596
3 529 530 5803
3 2576 2337 2577
3 3506 2242 5844
3 1154 1160 1404
3 4417 404 5821
3 3577 4289 5777
3 2310 3980 5852
3 1846 1851 5732
3 3751 2844 3752
3 1646 1527 1647
3 2340 2342 5695
3 2003 1111 5629
3 1152 1153 1154
3 1640 1637 2289
3 2704 2705 5229
3 5591 1725 5785
3 2773 2772 5617
3 643 645 5636
3 2856 2560 2888
3 2778 2968 2969
3 5143 1557 5901
3 2818 3205 5806
3 1212 1214 1215
3 2895 3606 3607
3 2290 2289 2772
3 3896 3897 4311
3 948 942 5824
3 1945 1712 5727
3 2837 2894 2895
3 3760 5548 6244
3 2141 1766 5666
3 2939 2520 3231
3 3864 5618 5910
3 3955 3211 5515
3 1312 1313 1362
3 2528 2330 2931
3 5961 3439 6168
3 2472 2281 2788
3 2155 2306 2724
3 4988 4992 6177
3 871 869 1391
3 1254 1255 1312
3 2179 2487 2876
3 4143 4145 4146
3 4715 4714 6470
3 5369 5455 5462
3 5698 1518 5866
3 2151 2451 2452
3 213 214 6093
3 3894 4339 4340
3 1206 1207 1254
3 3688 2831 3689
3 3557 4362 5688
3 2531 3530 3938
3 839 2782 5596
3 1585 1586 5785
3 3052 3834 5745
3 1335 1338 5489
3 20 456 5193
3 3908 2931 3909
3 2423 2517 2787
3 425 140 6419
3 1617 1705 5635
3 573 2037 5665
3 4769 2502 6049
3 1859 1862 5780
3 943 949 5899
3 3010 3011 3775
3 3452 3450 5923
3 1986 5664 5870
3 1492 1493 1572
3 2156 2887 5649
3 2562 2563 5623
3 3696 3138 5561
3 4001 3111 5864
3 2207 5849 5967
3 1109 1243 5629
3 4350 415 6620
3 3288 5843 6020
3 3518 4268 5838
3 5329 2167 5668
3 3277 3787 4108
3 1226 1196 5522
3 2119 2439 2453
3 4941 2480 6707
3 3747 5933 6171
3 1221 1253 2004
3 698 696 5862
3 2729 2540 5659
3 3555 2556 3842
3 14 15 424
3 934 2047 5682
3 737 745 5931
3 1018 2424 5672
3 1592 2046 5778
3 1250 1248 5715
3 5386 1274 5743
3 5446 3742 7020
3 3988 2208 6097
3 4146 4145 4225
3 1270 1228 5825
3 284 285 6074
3 5370 4061 5794
3 649 661 5634
3 1378 1477 5883
3 1063 1064 1206
3 5270 5269 6195
3 2700 3315 3316
3 2187 3038 5650
3 3938 3530 6702
3 4092 4093 4094
3 1877 1878 5839
3 3479 2490 5801
3 2489 1864 2490
3 782 977 6222
3 4296 4298 4299
3 3775 3011 5261
3 3519 1913 3520
3 2626 5256 5675
3 2028 1706 5728
3 2491 3644 5664
3 559 5444 5876
3 1871 1872 5814
3 2323 3066 5674
3 981 982 1063
3 1855 1858 5748
3 1965 1647 1966
3 645 1987 5636
3 1169 1172 1173
3 2229 2834 2835
3 4518 2789 6408
3 419 505 6116
3 5545 2954 5936
3 1616 1617 5635
3 3521 3520 3522
3 4062 373 5987
3 702 2753 5862
3 2057 5366 5648
3 1573 1574 1575
3 6189 497 6241
3 3116 2566 5652
3 3436 2572 5745
3 89 491 5689
3 158 481 5482
3 2711 1771 5915
3 747 748 749
3 1957 1956 1958
3 5509 1453 5889
3 5236 3776 6053
3 1703 1704 5728
3 1987 647 5634
3 1228 1227 5825
3 2267 2287 5605
3 2876 3074 3340
3 2995 2996 2997
3 1005 996 2096
3 4902 1053 6411
3 3921 5343 6104
3 2427 2815 2927
3 1346 1270 2040
3 1322 913 5584
3 3335 3258 3836
3 4359 3405 5907
3 2560 1966 2561
3 3340 4048 4049
3 3085 2490 3086
3 5790 2986 5888
3 5090 5088 5896
3 3857 3607 3894
3 3388 3386 3389
3 2042 3516 5789
3 1624 1266 5683
3 1183 1185 5822
3 5119 2583 5874
3 5348 3414 5829
3 3193 3672 4206
3 2163 2161 5710
3 2467 1503 5746
3 4708 6532 6669
3 987 967 5726
3 2742 3035 5922
3 567 569 5708
3 430 229 5868
3 2175 3032 5809
3 2382 2384 5721
3 509 507 5804
3 1875 1877 2523
3 4896 754 6360
3 2067 2068 2283
3 1133 643 5636
3 747 746 748
3 1387 1353 5859
3 1404 1405 1492
3 3992 4025 4822
3 2043 2044 2067
3 3316 3318 3599
3 6758 5729 6823
3 1341 1411 1412
3 2311 2312 2791
3 1490 1429 5746
3 2241 6209 6987
3 2798 2538 5616
3 4818 4814 6289
3 1193 1070 1195
3 6033 3135 6081
3 1074 1126 5848
3 3132 2776 5617
3 3612 3602 3613
3 1346 2040 2041
3 1742 1741 1744
3 745 744 746
3 2469 1664 5490
3 2454 2808 2809
3 597 599 5705
3 973 1011 1012
3 3316 3315 3318
3 1459 1485 5909
3 2710 3290 3952
3 2041 2042 2043
3 751 571 5665
3 2448 2991 6392
3 1535 919 5911
3 1745 1744 1986
3 1766 2294 5666
3 4140 3389 4141
3 3710 3711 4116
3 1909 1910 2291
3 1419 1418 5861
3 3005 3484 5740
3 3820 3480 3821
3 1872 1875 5814
3 961 986 6376
3 1105 1067 5718
3 1803 1655 5466
3 1894 784 6222
3 3907 2946 5623
3 1154 1155 1160
3 4339 3607 5535
3 1108 1092 5667
3 4404 3365 4503
3 2320 2267 5605
3 1518 1520 5866
3 3800 3919 4128
3 2724 3104 3573
3 1986 2159 2491
3 2491 2937 3625
3 1395 1358 5657
3 3613 3602 3614
3 1487 1552 6053
3 4825 2035 5635
3 2232 3812 5854
3 2350 2352 5729
3 1506 1504 5663
3 867 865 2785
3 1836 1838 5687
3 1621 1657 1720
3 1798 5186 6043
3 4288 3966 6759
3 5737 3123 5893
3 3823 5769 5922
3 1965 1966 2560
3 2639 2635 5739
3 3192 3193 5765
3 1646 1647 1965
3 2876 2487 3074
3 3534 2927 3707
3 2671 5766 5930
3 944 936 5682
3 2000 1999 2427
3 563 565 5720
3 1739 2083 6724
3 519 521 5702
3 1575 1577 1578
3 176 177 367
3 938 944 5678
3 4416 404 4417
3 2067 2044 2068
3 1240 2460 5683
3 6594 4426 6896
3 2523 2524 3192
3 5243 2209 5244
3 3104 3761 3762
3 3340 3074 4048
3 2151 2150 2451
3 3133 2185 5650
3 1218 1201 5751
3 1173 1211 2079
3 3514 2081 5718
3 2043 2042 2044
3 2022 2020 5707
3 2305 5595 5994
3 5195 3518 5838
3 1123 1121 5743
3 2534 2098 5560
3 65 66 5622
3 507 506 2983
3 5047 1188 6474
3 1342 5731 5869
3 2763 2762 3354
3 921 1535 5910
3 3607 3606 5535
3 3810 5888 5943
3 3354 3356 4011
3 2549 5853 5878
3 1897 1747 1898
3 3430 2931 3908
3 2041 2040 2042
3 381 4215 4250
3 2528 3430 5811
3 2724 3103 3104
3 2804 2802 3096
3 5829 3628 6109
3 3878 5276 6662
3 2354 2356 5736
3 6078 3904 6097
3 2690 2683 5754
3 3883 6060 6912
3 3388 3389 4140
3 2300 2299 2336
3 1830 1832 5711
3 696 702 5862
3 4888 4889 6726
3 2109 1356 5540
3 1728 1729 1730
3 5932 2813 5933
3 2245 2244 2762
3 5466 4790 6141
3 627 629 5712
3 2181 2059 5648
3 1543 509 5804
3 1899 1898 1999
3 2822 2920 2921
3 2182 3492 5788
3 1394 1408 5630
3 2073 940 5678
3 2531 2094 3530
3 1759 2275 5719
3 3507 2524 5839
3 1892 1714 1893
3 1578 1967 2242
3 1266 1240 5683
3 1981 5711 6036
3 607 609 5735
3 617 619 5716
3 1295 1367 6021
3 2657 2639 5739
3 2079 3545 4290
3 3516 2040 5825
3 3111 3109 5864
3 2207 2863 5849
3 3013 1074 5848
3 2574 5985 6019
3 1453 1451 5889
3 2104 1634 5719
3 2071 1994 5809
3 3469 2867 5722
3 561 811 5845
3 4578 4580 4581
3 3936 4584 6255
3 44 412 5982
3 1620 1681 2830
3 1959 1958 2204
3 3779 4518 6459
3 2209 876 6012
3 749 1239 5816
3 3945 3884 6701
3 3789 4778 5869
3 5093 6065 7043
3 2031 3091 5853
3 942 2073 5824
3 2407 2409 5730
3 1865 1871 5801
3 3579 3581 5755
3 3591 3593 5741
3 2432 2163 5710
3 2020 2026 5707
3 1713 1600 1714
3 1338 1334 1557
3 1881 1882 5852
3 740 5604 5911
3 1634 1759 5719
3 1316 1268 1344
3 4689 2810 7050
3 4300 4301 4302
3 2523 1877 2524
3 4096 5644 7041
3 2522 1698 5788
3 2466 3024 3117
3 1750 1666 5905
3 2346 4526 7042
3 763 795 3535
3 5152 2117 6383
3 2863 2865 3217
3 5387 5743 6041
3 5541 1545 5859
3 5573 2011 5845
3 1215 1217 2033
3 3499 3500 5681
3 3220 4187 5813
3 481 159 5593
3 3496 2974 5924
3 3126 4088 4089
3 4532 3621 6140
3 810 559 5876
3 1049 1045 5762
3 3067 2019 5725
3 835 4571 6269
3 5740 3484 5962
3 3192 2524 3193
3 5224 3410 5937
3 5991 5011 6174
3 3502 3499 5681
3 5046 5047 6570
3 1740 1623 1741
3 233 234 6108
3 3805 3903 6921
3 1082 1134 5609
3 1528 1646 5383
3 1010 948 5824
3 1572 1493 1573
3 1903 1905 2310
3 2033 2332 2466
3 2362 2364 5768
3 560 561 5845
3 807 860 863
3 2289 1637 5846
3 4011 4012 4132
3 2147 2032 2148
3 2540 2798 5659
3 5380 5737 5893
3 3123 3122 6077
3 2148 2150 2151
3 1544 4973 6095
3 2423 2787 3558
3 1337 5489 5941
3 1352 1273 5691
3 3433 5380 5893
3 3531 5409 6073
3 5118 4875 5686
3 1698 1697 5788
3 2574 5124 5985
3 569 751 5708
3 2835 3043 3687
3 1196 1195 1261
3 2776 2773 5617
3 4700 4702 6270
3 2986 2987 5888
3 5874 3887 6008
3 4272 83 6652
3 2307 5828 6035
3 1173 1174 1211
3 1012 1136 1137
3 448 204 6765
3 2370 2372 5779
3 4273 4272 4274
3 532 529 5803
3 5943 3932 5979
3 2386 2388 5756
3 2222 4901 6943
3 1324 1413 5871
3 4356 4355 6489
3 1527 1474 5826
3 2183 3133 5668
3 2161 2321 5710
3 2635 5412 5739
3 2409 2418 5730
3 5009 4176 6076
3 2705 2231 2706
3 945 981 5717
3 4784 3466 6072
3 2080 567 5708
3 125 126 6120
3 5093 5091 6065
3 2088 2089 5775
3 5038 3416 5960
3 5087 2729 5659
3 2011 560 5845
3 2046 3197 5778
3 1215 1216 1217
3 1338 1557 1558
3 1392 1297 5673
3 1713 1714 1892
3 1090 1088 5771
3 718 724 2101
3 2435 2141 5666
3 2243 2242 2244
3 1126 1348 5848
3 1292 5191 5673
3 4424 3651 6490
3 3743 3075 6781
3 1536 1497 5881
3 954 945 5717
3 2390 2392 5773
3 3612 3709 6262
3 1757 1737 5776
3 3144 3143 3152
3 1631 5527 5898
3 3045 2498 5671
3 5204 5254 6019
3 6029 1076 6172
3 3013 5848 6086
3 3676 4437 5897
3 1492 1405 1493
3 2829 2107 5998
3 2394 2396 5764
3 2847 2452 5658
3 3717 2788 4120
3 2400 2402 5763
3 1261 1195 3601
3 1913 1836 5687
3 2751 3977 6102
3 2398 2403 5703
3 4299 4298 4300
3 1429 974 5902
3 1059 985 5954
3 2578 2577 2934
3 1620 2830 5883
3 5310 5545 5936
3 1909 2291 2309
3 2566 2567 5652
3 4279 4278 6057
3 3722 3822 6023
3 2342 3245 5695
3 2024 2102 5656
3 3757 3755 3758
3 3587 3589 5906
3 26 27 404
3 1436 1344 2812
3 5272 1186 6168
3 2716 3497 5776
3 745 746 747
3 2741 2740 5813
3 2526 1757 5776
3 4024 3502 5681
3 1508 3051 5663
3 3689 3798 3965
3 3498 2054 5600
3 2338 2340 5892
3 1870 6287 6427
3 2710 3952 5872
3 1882 1903 5852
3 507 2983 5804
3 3780 1945 5727
3 5828 3534 6035
3 3490 3373 5890
3 1134 3448 5609
3 565 2080 5720
3 1905 1906 5904
3 3554 1319 5751
3 5653 5961 6168
3 5527 3831 5898
3 1545 1387 5859
3 1981 1830 5711
3 2705 2706 2857
3 2697 2661 6042
3 1558 1761 1762
3 3190 5736 6764
3 967 1010 5726
3 1404 1160 1405
3 2310 3552 3553
3 2031 2032 2147
3 1412 1487 1498
3 2375 3533 5779
3 1558 1557 1761
3 5383 1646 5614
3 5345 6108 6806
3 3174 4484 6352
3 2460 753 5914
3 3613 3614 3948
3 5325 5684 6885
3 1186 5653 6168
3 367 177 4455
3 5782 1544 5819
3 5108 5067 6382
3 2031 2030 2032
3 1342 5869 6071
3 2419 2407 5730
3 3274 3288 5799
3 2090 532 5803
3 185 457 5693
3 1762 1761 2423
3 1504 1508 5663
3 2520 1854 5748
3 1364 5896 5970
3 6713 5699 6978
3 919 740 5911
3 947 666 5817
3 4300 4302 4304
3 4196 3116 5652
3 2968 2441 5740
3 811 563 5720
3 2029 1893 2030
3 3816 3818 6161
3 27 28 5821
3 2309 2701 2976
3 706 708 1427
3 3392 3561 6133
3 1360 1250 5715
3 673 2450 5817
3 3752 2844 3916
3 3172 2320 5605
3 3822 5543 6023
3 3035 4020 5983
3 3066 3699 5674
3 1582 1506 5795
3 1496 1439 3030
3 4344 4345 6984
3 1065 1980 6166
3 1496 3030 3890
3 1892 1893 2029
3 1497 1496 5881
3 3288 2942 5843
3 1853 4847 6148
3 1851 2256 5732
3 2029 2030 2031
3 923 921 5910
3 2857 3076 3259
3 165 413 6265
3 2276 2273 5856
3 1706 1703 5728
3 1345 1344 1436
3 1598 1537 5701
3 2402 2419 5763
3 160 368 5593
3 2976 3425 3972
3 3259 4058 4059
3 2854 2350 5729
3 2857 2706 3076
3 2145 5024 6397
3 3099 3673 3846
3 1211 1212 5916
3 5503 1079 5762
3 2081 1105 5718
3 1067 1175 5718
3 3547 3801 6051
3 1050 736 6991
3 5731 3789 5869
3 2968 5740 5962
3 4196 5652 5653
3 5589 3413 5912
3 5493 5519 5928
3 1273 5340 5691
3 1274 1123 5743
3 1433 1398 1554
3 1261 3601 3602
3 6101 6802 7059
3 2322 5381 6138
3 2002 2000 5828
3 1222 970 5724
3 1810 1812 5791
3 1751 2170 5860
3 1878 1881 5839
3 3259 3076 4058
3 2076 2077 2709
3 4157 1968 7011
3 5618 923 5910
3 3219 2738 5815
3 825 823 6054
3 1960 5284 5991
3 1248 5212 5715
3 737 744 745
3 6161 3818 6233
3 4795 3202 7007
3 2813 5816 5933
3 370 49 5580
3 2384 2405 5721
3 1892 2549 5877
3 1661 1631 5898
3 1564 1568 5823
3 5866 1688 6051
3 5570 3401 5971
3 17 18 410
3 1678 2075 2076
3 3752 3916 4323
3 3553 3552 3664
3 2813 747 5816
3 1862 2489 5780
3 14 424 4239
3 1363 1393 5792
3 2310 1905 3552
3 1678 1536 2075
3 1574 1493 5885
3 4088 3942 4390
3 3593 4222 5741
3 2481 3810 5943
3 6254 2128 6810
3 28 29 483
3 2736 2814 5815
3 2079 1211 3545
3 666 673 5817
3 120 497 6189
3 2403 2400 5763
3 5123 5570 5971
3 1474 1419 5861
3 1537 1678 5701
3 1063 1206 5713
3 3126 2945 3942
3 4081 3591 5741
3 4641 1796 6151
3 2549 2029 5853
3 5647 4493 6075
3 5775 2089 5963
3 674 627 5712
3 3153 3152 5875
3 2572 3052 5745
3 2352 3190 5729
3 2066 954 5717
3 201 77 7068
3 3824 3823 5922
3 35 387 5582
3 629 2036 5712
3 1412 1498 2928
3 2309 2291 2701
3 540 543 5810
3 2556 1572 5835
3 2102 2022 5707
3 1418 1352 5691
3 1838 1841 5687
3 133 134 6200
3 5519 5476 5928
3 6644 2004 6964
3 6134 4064 6242
3 1554 4424 6548
3 2563 2088 5775
3 4774 3740 6432
3 5657 1382 5951
3 5834 5286 6778
3 4994 4993 6332
3 3197 4329 5778
3 3570 4709 6003
3 1503 1490 5746
3 2891 2338 5892
3 3117 3024 3741
3 2490 1864 5801
3 2466 2332 3024
3 3140 2898 3505
3 2001 2114 6345
3 3999 5868 6218
3 3583 3585 5938
3 711 597 5705
3 904 952 6012
3 2498 2859 5671
3 1015 987 5934
3 2287 2109 5540
3 378 4779 6025
3 29 30 6002
3 1384 1337 5941
3 3467 3206 5950
3 2410 2394 5764
3 4304 4302 4305
3 2988 3554 5918
3 3470 3161 3471
3 2709 2077 2710
3 5528 1977 5907
3 5706 3495 6069
3 1646 1965 5614
3 2392 2410 5773
3 2040 1270 5825
3 3589 4081 5906
3 5923 3450 6082
3 3424 5307 6094
3 2076 2075 2077
3 1191 1294 6172
3 1362 1363 5792
3 3456 2939 5761
3 3190 2354 5736
3 1752 1582 5795
3 3413 4007 5912
3 1319 1218 5751
3 2928 3971 4253
3 3581 4117 5755
3 1599 1600 1713
3 2976 2701 3425
3 3941 5266 6220
3 2405 2386 5756
3 723 725 6977
3 1201 5201 5751
3 4975 388 6495
3 675 617 5716
3 4144 4142 6261
3 2356 2417 5736
3 2830 2831 3688
3 427 4781 6055
3 1041 1046 6659
3 3978 3587 5906
3 5421 3753 6417
3 5667 1090 5771
3 2033 1217 2332
3 4577 453 6250
3 1088 1187 5771
3 1599 1510 1600
3 1832 1835 5711
3 5922 3035 5983
3 2312 2444 5752
3 2388 2413 5756
3 3822 3825 5944
3 1737 2716 5776
3 5580 50 5588
3 4289 3579 5755
3 619 2070 5716
3 2870 3171 5843
3 3193 4206 5765
3 322 386 5945
3 3700 6915 7021
3 5871 1675 5944
3 3897 2959 5754
3 599 2074 5705
3 3448 1562 5823
3 3688 3689 5685
3 6195 471 6933
3 2413 2390 5773
3 1045 2789 5762
3 6484 3768 6543
3 1196 1261 5522
3 2899 2900 3092
3 2995 2997 4158
3 4463 4476 6193
3 3335 4178 6056
3 5416 2302 6679
3 99 373 3984
3 3687 3043 5738
3 1175 1015 5934
3 1079 1049 5762
3 1436 2812 3905
3 5159 4203 6984
3 3711 3713 5734
3 1910 1912 5787
3 1566 1567 5827
3 2863 3217 5849
3 752 763 5914
3 2683 5696 5754
3 4741 6766 6950
3 1697 2182 5788
3 4461 6414 6641
3 4584 3750 5986
3 2975 2688 5930
3 480 34 5582
3 2909 3570 6003
3 4650 3212 6719
3 1300 1242 6059
3 5762 2789 6130
3 664 947 5920
3 5845 811 6066
3 3819 5782 5819
3 505 506 507
3 5295 2411 5997
3 3171 4172 5843
3 3635 3637 5833
3 676 607 5735
3 865 810 5876
3 6606 3967 6711
3 1567 2778 5827
3 4123 3045 5671
3 2265 3344 6587
3 2954 3765 5936
3 2521 2362 5768
3 609 2078 5735
3 337 338 6294
3 4348 4242 6200
3 1797 4850 6951
3 4397 1643 6696
3 1875 2523 5814
3 2865 2864 2945
3 5725 2017 5792
3 2017 1362 5792
3 2959 2690 5754
3 43 44 5982
3 910 880 5831
3 2107 5898 5998
3 5590 1008 6166
3 2427 3534 5828
3 3026 5493 5928
3 4710 764 6746
3 2364 2411 5768
3 6325 4842 6736
3 3936 6255 6313
3 2372 2375 5779
3 3585 3978 5938
3 3837 3836 4106
3 2237 2225 5855
3 5931 2813 5932
3 6614 5362 6716
3 3231 4392 5761
3 1615 1499 6007
3 4033 2697 6123
3 4419 3274 5799
3 4354 3698 5955
3 2396 5703 5764
3 5277 2139 5972
3 2464 2932 5969
3 22 23 402
3 4832 4833 6424
3 2284 5180 6580
3 3781 3780 6033
3 2340 5695 5892
3 3051 2468 5837
3 492 138 5974
3 1994 2175 5809
3 1705 1736 5926
3 3627 2957 5994
3 1958 1956 2084
3 2910 5589 5912
3 6558 2744 6730
3 2330 2239 5841
3 2063 2061 6104
3 2416 2370 5779
3 3182 4069 6026
3 2853 2877 5837
3 4117 3583 5938
3 161 162 6013
3 132 442 6061
3 3881 3880 5948
3 2939 3231 5761
3 4804 1542 6493
3 1038 6791 6957
3 4158 2997 4159
3 4116 3711 5734
3 370 4570 6349
3 2758 2263 6587
3 231 463 6218
3 4655 3012 6018
3 3547 6051 6133
3 2569 3439 5961
3 1967 2229 5844
3 2453 2454 5988
3 4050 6493 6707
3 3657 6182 6239
3 3620 5426 6091
3 155 156 6362
3 2336 2299 3568
3 2321 2146 5964
3 2000 2427 5828
3 4461 4462 6414
3 5159 3946 6601
3 1405 2769 5885
3 5018 3238 6790
3 5896 5088 5970
3 4252 4091 6947
3 763 3535 5914
3 3110 3112 5976
3 2928 1498 3971
3 3867 4808 7035
3 4376 4373 6726
3 1647 1527 5826
3 4793 2157 6745
3 2738 2736 5815
3 2791 2312 5752
3 4840 4846 6429
3 2641 5675 6042
3 1835 3519 5711
3 4554 3145 6645
3 4021 5416 6679
3 3737 3736 6308
3 51 438 5588
3 2044 2042 5789
3 876 904 6012
3 5711 3519 6036
3 119 120 6189
3 5540 4775 5744
3 2291 1910 5787
3 2740 3220 5813
3 379 312 6461
3 4179 2908 6003
3 5662 513 5947
3 534 2090 5942
3 3405 5528 5907
3 4780 469 6793
3 745 2813 5931
3 1673 1614 1674
3 1747 1745 5870
3 4434 1727 6487
3 4613 5418 6865
3 5976 3112 6538
3 1573 1576 5835
3 5994 5595 6345
3 3481 3819 6179
3 2950 3424 6094
3 4996 4807 6829
3 5319 476 6275
3 1772 2155 5847
3 2934 2577 3720
3 5792 1393 6039
3 4420 3573 6737
3 5632 536 5942
3 4416 4417 4418
3 1952 1598 5701
3 319 5544 7003
3 5088 5087 5970
3 493 182 5511
3 3709 3613 5908
3 1562 1564 5823
3 1227 1059 5954
3 3821 3863 6627
3 747 749 5816
3 987 5726 5934
3 753 752 5914
3 3356 2762 5880
3 5746 1429 5902
3 3747 3727 6009
3 4803 4802 6537
3 4598 2753 6874
3 2524 1877 5839
3 634 632 6322
3 4511 3456 5761
3 2863 2862 2864
3 3571 3997 6235
3 3246 818 6655
3 2896 1810 5791
3 5428 4001 6550
3 4139 3568 4286
3 5927 2785 6821
3 1216 1221 5836
3 1906 1909 5904
3 3539 3540 6194
3 101 4451 4452
3 1334 1332 5901
3 1174 1172 6048
3 3500 6203 6395
3 1036 1039 6663
3 2336 3568 4139
3 4103 3514 5949
3 404 27 5821
3 1812 2234 5791
3 1569 1566 5827
3 2500 5009 6076
3 5785 2104 6046
3 2481 5943 5979
3 1506 5663 5795
3 861 2209 5243
3 3984 373 4062
3 880 1658 5831
3 5578 3011 5884
3 501 5323 6881
3 5374 2481 5979
3 1959 2204 5966
3 2249 1997 2253
3 5724 910 5831
3 1509 1510 1599
3 5168 1942 6171
3 3126 3942 4088
3 1572 1573 5835
3 5481 3442 6008
3 5848 5263 6086
3 4862 4863 6871
3 4773 4619 6784
3 2679 2670 6192
3 304 5428 6550
3 1796 6132 6151
3 1232 1295 6021
3 3491 6063 6212
3 4409 458 6156
3 2244 3506 5880
3 513 511 5947
3 3628 3629 6277
3 1269 774 5993
3 694 700 5965
3 1013 1076 6029
3 2207 1729 2862
3 2092 1959 5966
3 2468 2853 5837
3 3824 5922 5983
3 4046 4227 6995
3 1306 1237 6230
3 2307 2002 5828
3 1745 1986 5870
3 2266 1713 5877
3 4546 3774 5978
3 3545 5916 6079
3 3759 3758 3902
3 2381 2420 6403
3 5985 3567 6019
3 4060 3076 6169
3 3089 3773 6142
3 3887 3888 6159
3 2094 1750 5905
3 5675 3851 6042
3 3490 5379 6482
3 511 1543 5947
3 1903 2310 5852
3 1212 1215 5916
3 1728 1612 1729
3 963 2066 5975
3 482 163 5633
3 1798 6043 6176
3 4310 6178 6872
3 3919 2888 5952
3 2942 2870 5843
3 3961 5211 6507
3 4130 6385 6746
3 6008 3887 6159
3 2934 3720 3721
3 2242 1967 5844
3 536 534 5942
3 5880 3506 6125
3 3780 5860 6033
3 1509 1137 1510
3 660 664 5920
3 2146 2144 5964
3 4439 4442 5980
3 3729 3768 6484
3 2075 1536 5881
3 2865 2945 3126
3 37 455 4686
3 392 5217 6778
3 1119 1257 6041
3 4131 3467 5950
3 2577 2337 5953
3 3689 3965 5685
3 3842 2556 5835
3 5597 1741 5940
3 4351 3955 5900
3 3838 3839 6139
3 978 963 5975
3 1303 1341 5865
3 5362 5364 6716
3 3739 4180 6164
3 3310 3797 5921
3 5704 444 6083
3 2957 2305 5994
3 1845 5393 6134
3 5738 6751 6847
3 5898 3831 5998
3 982 917 5867
3 4140 4141 6996
3 3922 3921 6465
3 1693 1695 2979
3 3401 4402 5971
3 2337 2336 5953
3 5725 5792 6039
3 9 10 440
3 169 170 365
3 2444 2842 5752
3 6316 5237 6409
3 3447 3697 5963
3 3713 4092 5734
3 4437 4439 5980
3 2899 3092 3097
3 3290 2077 6146
3 2412 2380 6010
3 3207 3319 6011
3 4662 4659 6851
3 4512 3300 6835
3 171 172 494
3 2283 2068 5850
3 4952 4156 6038
3 2148 2151 5863
3 1912 2311 5787
3 2757 874 5882
3 4012 4224 6319
3 223 5526 6394
3 3825 5871 5944
3 2808 3277 5842
3 3181 2849 5958
3 5653 1186 6006
3 2068 2179 5850
3 894 2757 5867
3 5819 660 5920
3 3545 1211 5916
3 2411 2366 5997
3 3152 3143 3575
3 917 894 5867
3 5652 2567 5961
3 5388 2322 6834
3 4223 3635 5833
3 6249 3874 6338
3 1578 2243 5917
3 5430 4803 6537
3 4072 3636 6044
3 4755 5622 6213
3 3050 3429 6910
3 4329 3310 5921
3 3811 3791 6187
3 1701 1608 6078
3 1115 6236 6458
3 4742 1798 6176
3 2179 2876 5850
3 2368 2416 5997
3 4451 4562 6799
3 3637 3992 5833
3 3995 3107 6030
3 5542 5859 6085
3 5826 1474 5861
3 4015 3824 5983
3 6069 4496 6634
3 368 161 6013
3 3801 5866 6051
3 4026 6050 6254
3 1439 1384 5941
3 2239 2516 5841
3 1217 1216 5836
3 2874 2578 5996
3 1070 1005 5886
3 3646 4233 6215
3 2630 5747 6122
3 2264 2115 5884
3 5783 1139 5975
3 624 622 6001
3 2029 2031 5853
3 3366 3368 3843
3 5573 5845 6066
3 957 976 6228
3 2647 2646 6243
3 874 871 5882
3 3152 3575 3732
3 2917 2918 7000
3 3786 3783 6081
3 5257 1279 6191
3 3754 3153 5875
3 4879 4878 6456
3 1139 978 5975
3 2836 2213 5977
3 4876 4879 6580
3 1165 1168 6005
3 6513 4057 6683
3 2366 2368 5997
3 367 6654 7025
3 5591 5785 6046
3 5571 1984 5960
3 2863 2864 2865
3 2516 2237 5855
3 1730 1729 2207
3 3909 2931 5841
3 2567 2569 5961
3 6471 206 6837
3 6495 4967 6946
3 3654 4428 6712
3 3552 1905 5904
3 3622 4105 6068
3 3487 2147 5863
3 154 155 495
3 3458 3567 5985
3 3876 4391 6958
3 1268 1226 5894
3 1205 5369 6336
3 5653 5652 5961
3 4196 5653 6006
3 4111 6794 6961
3 2931 2330 5841
3 5358 3472 5989
3 2518 5010 7054
3 2147 2148 5863
3 4236 3421 5935
3 2561 5797 5952
3 1320 1392 6085
3 5057 6166 6723
3 2984 2804 5990
3 2714 5590 6968
3 2380 2382 6010
3 2892 1772 5847
3 5526 4231 6394
3 3999 5694 6998
3 2697 6042 6123
3 1898 1747 5870
3 2454 2809 5988
3 1215 2033 5916
3 5712 2036 6283
3 2785 865 5876
3 3010 3775 6018
3 3295 5142 6017
3 2578 2934 5996
3 3347 1960 5991
3 4619 4773 6577
3 6399 3151 6454
3 2240 2331 6276
3 2115 2307 5884
3 871 1391 5882
3 1029 6273 6817
3 178 179 5956
3 2382 5721 6010
3 2888 2560 5952
3 5916 2033 6079
3 1825 1827 6154
3 5660 3700 7021
3 2560 2561 5952
3 3011 2264 5884
3 3732 3575 4647
3 3324 2968 5962
3 3807 5617 6238
3 2908 2909 6003
3 5503 5762 6130
3 1952 5421 6217
3 5029 5032 6657
3 3092 3364 6032
3 2229 2835 5844
3 5254 2574 6019
3 4120 2788 4121
3 4227 3663 7001
3 2721 3251 6480
3 2919 2472 6783
3 3416 5571 5960
3 3925 4892 6413
3 789 806 6198
3 1164 1165 6005
3 41 484 5680
3 1576 1575 5917
3 3037 5481 6008
3 1221 2004 5836
3 3012 3010 6018
3 2822 2552 2920
3 1713 1892 5877
3 2155 2724 5847
3 5960 1984 6024
3 369 40 5680
3 654 1544 6095
3 2849 3360 5958
3 375 65 5622
3 2898 2153 2899
3 4414 5994 6345
3 5120 3947 6504
3 1531 5383 5940
3 6 447 5992
3 4857 3180 6153
3 2231 1762 5873
3 131 132 6061
3 2660 2668 6058
3 4612 1431 6435
3 1496 3890 5881
3 5260 3792 6299
3 1029 1027 6273
3 162 482 6013
3 6305 2919 6560
3 1493 1405 5885
3 4560 4559 6642
3 2589 3176 6004
3 3319 4600 6011
3 324 325 6447
3 4748 4699 6258
3 2417 4741 6722
3 2423 3558 5873
3 5313 5319 6418
3 4029 5166 6499
3 1842 1845 6134
3 1557 1334 5901
3 3442 5874 6008
3 820 1491 6655
3 3398 6871 6972
3 3428 3427 6164
3 2724 3573 5847
3 3963 5834 6778
3 2762 2244 5880
3 5897 4437 5980
3 1051 3013 6160
3 3985 446 7060
3 3955 5515 5900
3 1623 1531 5940
3 1391 869 5927
3 2644 2657 6136
3 3447 5963 6075
3 3924 5749 6004
3 3469 5722 6126
3 2045 787 6198
3 1762 2423 5873
3 2815 1999 6121
3 3397 4862 6988
3 2207 2862 2863
3 869 867 5927
3 2814 2734 6152
3 4234 3745 6216
3 4295 4296 6034
3 382 318 7003
3 1909 2309 5904
3 5743 1121 6041
3 1726 2448 6337
3 2299 2092 5966
3 5868 3999 6998
3 4566 4276 6573
3 3620 6091 6279
3 807 863 5957
3 5863 2845 6080
3 2796 3161 3470
3 6004 3176 6256
3 3036 4862 6871
3 4529 4196 6006
3 3795 3794 6567
3 30 397 6002
3 1226 5522 5894
3 3143 2874 5996
3 2258 1853 6148
3 3750 5512 5986
3 6829 4807 6966
3 1942 5228 6315
3 3629 3631 6334
3 3460 3347 5991
3 548 546 6400
3 5803 530 6160
3 471 222 6394
3 1279 1277 6191
3 4190 4017 6037
3 5562 652 6095
3 6392 2991 6460
3 1688 5435 6051
3 94 377 6757
3 3720 2577 5953
3 3097 3098 3099
3 2941 2546 6640
3 3613 3948 5908
3 5587 3722 6023
3 1735 2153 2898
3 4590 4589 6339
3 464 4648 6128
3 2844 2709 5895
3 126 427 6120
3 4841 4845 6844
3 1005 2096 5886
3 1500 1614 1673
3 3450 3215 6082
3 5601 3600 6591
3 3819 5819 5920
3 3753 3751 6100
3 3535 795 5957
3 4892 3936 6313
3 5028 5674 6115
3 1121 1119 6041
3 5860 2727 6033
3 2281 1756 6028
3 1301 5733 6719
3 6209 2241 6221
3 6309 1554 6548
3 3238 5049 6879
3 2710 5872 5895
3 4573 4420 6971
3 3682 6046 6110
3 3918 3182 6026
3 1984 5516 6024
3 1012 1137 1509
3 4873 5180 6665
3 1575 1578 5917
3 4895 3855 6734
3 5859 1353 6085
3 5322 5318 6489
3 3530 2094 5905
3 2706 2231 5873
3 247 470 6421
3 3152 3732 5875
3 1014 1013 6029
3 553 542 6240
3 4691 6615 6898
3 2814 6152 6330
3 3940 4610 6878
3 26 404 4415
3 1341 1412 5865
3 952 973 3574
3 3364 3366 6047
3 5827 3904 6078
3 5510 2799 6820
3 6051 5435 6133
3 6501 995 7016
3 3964 5217 6467
3 974 825 6054
3 1367 1422 3704
3 1195 1070 5886
3 1367 3704 6021
3 214 378 6093
3 1202 5320 6114
3 2809 2808 5842
3 2220 5656 6258
3 6277 3629 6334
3 4239 424 5981
3 867 2785 5927
3 4708 3176 6532
3 5902 974 6054
3 5747 5061 6122
3 4442 4443 6045
3 5846 3531 6073
3 3831 5649 5998
3 3875 3207 6011
3 3828 385 5935
3 3632 3943 6341
3 2709 2710 5895
3 3707 2927 6063
3 1953 1952 6217
3 4061 3619 6324
3 3277 4108 5842
3 3877 4466 6605
3 5978 6426 6434
3 4816 4817 6177
3 3943 3944 6162
3 5180 4874 6580
3 2661 2641 6042
3 4869 4867 6595
3 3184 3183 6983
3 1115 1113 6236
3 4296 4299 6034
3 4968 5385 6022
3 5161 3377 6916
3 5417 6618 6779
3 4933 4934 6877
3 4901 6253 6943
3 2856 3799 6535
3 1017 983 6296
3 285 501 6074
3 1344 1268 5894
3 436 303 6550
3 1981 5068 6257
3 3037 6008 6159
3 2157 1654 6745
3 3678 5067 6390
3 4041 4194 6945
3 2804 3096 5990
3 3481 6179 6297
3 1332 1300 6059
3 952 3574 6012
3 5893 3123 6800
3 421 103 5995
3 5992 6197 6281
3 6464 4726 6500
3 3289 5272 6167
3 3645 3744 6143
3 6054 823 6375
3 4693 4694 6201
3 3500 3498 6203
3 6422 5115 7040
3 4744 4743 6127
3 724 730 6052
3 3601 1195 5886
3 5780 3957 6089
3 3040 3691 6381
3 407 245 6444
3 5259 6359 6497
3 795 807 5957
3 60 4294 6772
3 1172 4118 6048
3 5796 3912 6481
3 336 337 6832
3 3030 1439 5941
3 6363 3406 6566
3 3539 6194 6814
3 179 180 428
3 4415 404 4416
3 1673 1691 2726
3 5218 2087 7017
3 6102 3977 6225
3 3923 3039 6335
3 2478 4806 6367
3 2977 1342 6071
3 3904 2969 6208
3 1166 1163 6952
3 6109 3628 6277
3 837 835 6269
3 3671 4652 6311
3 6228 976 7064
3 3892 3041 6196
3 2812 1344 5894
3 3916 2844 5895
3 3008 3615 6175
3 2488 5430 6537
3 1741 1623 5940
3 2404 2376 6214
3 3534 3708 6035
3 2988 5918 6072
3 3924 6004 6256
3 4263 3493 6839
3 3122 3930 6077
3 3366 3843 6047
3 531 533 6906
3 3582 3580 6099
3 3058 5387 6586
3 700 706 5973
3 3863 3480 6293
3 2927 3949 6063
3 1512 1653 6206
3 4826 4827 6948
3 3543 3852 6194
3 2446 6129 6181
3 4973 4956 6347
3 2534 5560 6246
3 4980 4003 6534
3 4655 3559 6775
3 452 4965 6709
3 3714 4037 6453
3 5925 1355 6312
3 6414 4277 6641
3 4389 3788 6563
3 3519 3521 6036
3 6716 5364 6807
3 1735 1734 2153
3 718 2101 6070
3 2905 2904 6407
3 6133 3561 6173
3 3920 3660 6147
3 4688 6066 6107
3 5593 368 6605
3 3491 5373 6398
3 6257 3987 6632
3 5566 4666 6697
3 3183 2446 6181
3 4960 3683 6897
3 4206 3672 6062
3 5933 5168 6171
3 5564 2333 6914
3 3941 6220 6350
3 3974 5615 6190
3 1393 5630 6039
3 6707 2480 6788
3 3611 2988 6072
3 3130 2921 3683
3 3708 3707 6067
3 3758 6485 6487
3 5800 1930 6109
3 5130 5129 6700
3 1412 2928 5865
3 1691 1674 1692
3 3307 3204 6103
3 3800 4128 6096
3 5157 5360 6674
3 3927 3149 6592
3 2496 3151 6399
3 4739 3703 6531
3 1529 1659 6745
3 1858 5780 6089
3 482 5633 6595
3 4965 4006 6806
3 3338 3447 6075
3 505 508 6116
3 1353 1320 6085
3 5931 5932 6052
3 5911 5604 6255
3 778 6119 6150
3 4937 5620 6877
3 3776 3566 6516
3 730 5931 6052
3 482 6595 7056
3 4353 4352 6599
3 3738 6409 6527
3 903 5253 6106
3 821 1377 6375
3 3097 3092 3098
3 2378 2412 6214
3 1569 5827 6078
3 2158 2157 7078
3 5082 5928 6182
3 6073 5409 6238
3 5947 4507 6979
3 4076 3694 6454
3 1003 5152 6371
3 53 496 6170
3 4141 4143 6253
3 3001 3667 6196
3 706 1427 5973
3 2321 5964 6456
3 2559 3454 6564
3 15 16 6202
3 3505 2898 5929
3 5988 2809 6414
3 449 4528 6678
3 4157 5551 6868
3 251 252 6098
3 5873 3558 6169
3 1427 708 6070
3 3617 2866 6092
3 4181 3653 6491
3 4326 4410 6647
3 3680 5591 6046
3 708 718 6070
3 3471 3563 3564
3 5751 5201 6102
3 4379 4377 6808
3 5263 4949 6086
3 1355 1345 6312
3 67 68 443
3 2336 4139 5953
3 3608 4022 6568
3 3460 5991 6174
3 4209 3950 6739
3 1950 2048 6144
3 613 5099 6473
3 5809 3873 6597
3 4053 4054 6084
3 5825 1227 6087
3 5203 2950 6094
3 2289 5846 6073
3 6089 3957 6268
3 5031 5344 6090
3 4127 5399 6759
3 5674 3699 6115
3 778 776 6119
3 2851 2197 6327
3 3830 3784 6518
3 4603 417 6333
3 5357 3841 6629
3 6424 4833 6450
3 3783 3781 6081
3 5814 3968 6113
3 1651 4745 6819
3 437 113 6343
3 4374 4376 6838
3 5870 5664 6121
3 6571 4086 6717
3 5211 447 6451
3 1695 1694 1734
3 6348 395 6928
3 6790 3238 6879
3 4002 6236 6340
3 505 504 506
3 5345 233 6108
3 6402 3741 6611
3 3318 3974 6190
3 2101 724 6052
3 4371 4372 6379
3 4753 5939 6970
3 5928 5476 6182
3 4030 4029 6638
3 2591 4583 6448
3 4771 6427 6574
3 2674 2659 6243
3 1796 5051 6132
3 5045 3374 7018
3 6250 4280 6897
3 5016 677 6551
3 3554 5751 6102
3 483 29 6002
3 5749 2254 6004
3 478 5399 6872
3 5639 5640 6523
3 5970 5087 6090
3 4946 4948 6849
3 2706 5873 6169
3 3563 4138 6014
3 2788 2281 6028
3 1360 5715 6152
3 5536 1157 6304
3 4729 4730 6416
3 5138 5097 6131
3 6708 2465 6818
3 4382 4448 7053
3 5280 5281 6623
3 5719 5389 6110
3 5405 3357 6727
3 2254 2589 6004
3 5702 1420 6502
3 6042 3851 6123
3 2868 5327 6511
3 3568 2299 5966
3 5428 372 6761
3 1997 1730 5967
3 431 4988 6177
3 5193 4693 6201
3 2199 2836 6327
3 5901 1332 6059
3 446 98 7060
3 3660 5202 6205
3 1695 1734 1735
3 3949 2815 6326
3 1667 849 6729
3 4981 4980 6449
3 6200 4242 6651
3 183 383 5511
3 5607 266 6953
3 1673 1674 1691
3 383 184 5693
3 4965 452 6704
3 2676 5044 6565
3 1498 1487 6053
3 4956 4955 6420
3 3937 3620 6279
3 3610 3609 6428
3 3715 3487 6080
3 5139 5156 7075
3 3650 3856 6508
3 3399 6239 6351
3 4394 5532 6215
3 2772 2289 6073
3 1871 5814 6113
3 4261 5510 6820
3 3154 4264 6407
3 398 5270 6804
3 6106 3920 6147
3 1608 1569 6078
3 3112 3996 6635
3 3976 5573 6066
3 6128 4648 6852
3 261 371 6787
3 6478 5121 6504
3 5201 2751 6102
3 3397 5728 6494
3 5183 5130 6769
3 3671 6311 6377
3 6071 3923 6244
3 1730 2207 5967
3 5276 5275 6639
3 28 483 5821
3 3490 6482 6757
3 5417 3060 6618
3 1046 6096 6659
3 1141 4889 6687
3 3425 2701 6105
3 5524 435 6509
3 3851 3734 6123
3 2898 2899 5929
3 3487 5863 6080
3 2899 3097 5929
3 5381 4356 6138
3 2990 3678 6390
3 3072 1077 6212
3 652 654 6095
3 3327 3724 6431
3 1157 1159 6304
3 4808 6542 7035
3 3575 3143 5996
3 172 173 6101
3 3826 4010 6575
3 199 235 6805
3 1054 6478 6504
3 754 6323 6360
3 5959 4217 6673
3 479 47 6349
3 2004 1253 6199
3 4031 6415 6558
3 780 778 6150
3 2208 1701 6097
3 3705 4123 6317
3 3254 3253 6353
3 371 262 7028
3 5277 5972 6335
3 4600 4599 6117
3 234 199 6805
3 6569 5448 7019
3 5228 1540 6469
3 3465 6089 6268
3 527 531 6680
3 6113 3968 6293
3 5715 3868 6152
3 1612 1516 6000
3 4304 4305 7049
3 3995 6439 6506
3 903 6106 6147
3 6578 4923 6708
3 2801 2803 6210
3 3149 3108 6556
3 5560 3939 6246
3 416 5304 6789
3 3486 3340 6433
3 1023 4448 6994
3 4845 2440 7023
3 3853 5800 6109
3 4122 5607 6953
3 16 17 6185
3 6 7 447
3 3839 4291 6139
3 3967 3800 6096
3 52 53 6170
3 1205 6336 6453
3 5852 3980 6157
3 2061 2181 6104
3 5562 6095 6347
3 4720 5330 6803
3 5087 5659 6090
3 2033 2466 6079
3 3981 5227 6463
3 4741 4284 6722
3 2333 5347 6914
3 2064 5265 6203
3 5865 4254 6199
3 386 323 6186
3 4977 390 6601
3 4782 366 6432
3 4054 6613 6661
3 6453 4037 6547
3 4915 4912 6755
3 3506 5844 6124
3 2210 4014 6506
3 4940 2250 6632
3 5291 5367 6762
3 2829 5998 6161
3 4052 5524 6509
3 5965 700 5973
3 6171 1942 6315
3 3136 4035 6422
3 3407 6232 6438
3 1693 1692 1694
3 3869 3291 6405
3 5748 1858 6089
3 3937 6279 6337
3 4240 4124 6651
3 3733 2630 6122
3 424 15 6202
3 6185 4010 6202
3 5379 4925 6135
3 4133 3089 6142
3 5849 3217 6519
3 2701 3548 6105
3 4527 2854 6758
3 6117 2885 6698
3 3888 4083 6163
3 6506 4014 6556
3 5473 3686 6530
3 5638 2745 6091
3 1704 4214 6494
3 1898 5870 6121
3 864 899 6600
3 2552 2249 5999
3 6110 5389 6321
3 6059 1242 6436
3 3269 5136 6990
3 259 260 6715
3 6203 5265 6395
3 5964 4879 6456
3 3796 4209 6361
3 5299 5296 6884
3 4807 1644 6966
3 4347 6644 6964
3 6596 1322 6700
3 6796 2958 6938
3 3461 4330 6149
3 3959 3960 6197
3 1841 1842 6134
3 2921 2920 5891
3 3833 3469 6126
3 4094 6768 7079
3 5371 3790 6628
3 1926 1928 6180
3 3516 5825 6087
3 2859 4553 7062
3 4712 4605 6282
3 5580 3832 6670
3 2745 5812 6091
3 2070 621 6325
3 240 423 6672
3 1968 703 7011
3 4084 4342 6892
3 5506 3658 6359
3 1829 1981 6257
3 3781 6033 6081
3 4079 4413 6989
3 3363 2696 6422
3 5435 3392 6133
3 3243 236 6709
3 3648 4353 6178
3 2646 2644 6136
3 452 238 6688
3 264 434 7005
3 4863 3397 6494
3 3928 3929 6155
3 3642 3747 6171
3 2691 2958 6796
3 6026 4069 6564
3 5241 6000 6309
3 399 4856 6894
3 4806 3481 6297
3 2039 4445 7019
3 3099 3098 3673
3 5273 5274 6927
3 3071 4777 6384
3 411 5328 6162
3 2829 6161 6233
3 5975 2066 6261
3 2221 2220 6780
3 4407 986 6975
3 6147 3660 6205
3 3180 4045 6153
3 3506 6124 6125
3 1209 2872 6436
3 1918 3345 6184
3 3699 5660 6115
3 1930 5829 6109
3 5234 3848 6667
3 3022 3547 6173
3 48 370 6349
3 4130 2963 6423
3 237 452 6709
3 6175 3615 6565
3 3682 6110 6321
3 6158 2976 6260
3 3861 4929 6278
3 3792 5485 6299
3 5697 3555 6137
3 3479 6113 6293
3 1881 5852 6157
3 5552 903 6147
3 1693 1694 1695
3 4604 6333 6706
3 530 1051 6160
3 5735 4038 6935
3 3073 3037 6159
3 3552 5904 6158
3 442 133 6200
3 4741 2417 6766
3 1069 1194 6824
3 1152 5579 6288
3 3919 5952 6245
3 3560 5439 6439
3 4596 4597 7026
3 5803 6160 6449
3 4074 4782 6432
3 2005 5833 6515
3 6233 5270 6901
3 6824 4323 7016
3 5717 3406 6363
3 6228 4227 7001
3 148 149 6599
3 2075 5881 6146
3 4524 4526 7065
3 5105 5233 6137
3 2929 2580 6602
3 417 5919 7082
3 1187 1086 6364
3 2253 1997 5967
3 487 5291 6762
3 2964 2739 6822
3 4584 5911 6255
3 3738 3068 6409
3 625 674 6393
3 4029 6499 6638
3 283 200 6797
3 3871 3055 6498
3 3728 4036 6354
3 5844 2835 6124
3 5972 3923 6335
3 2952 2193 6472
3 32 33 6539
3 1008 1065 6166
3 200 284 6797
3 3624 3381 6274
3 5301 445 6782
3 458 5395 6156
3 1789 5388 6602
3 5403 3022 6514
3 4805 4804 6493
3 5462 5878 6336
3 2809 5842 6981
3 164 165 6265
3 6576 5018 6790
3 4054 3806 6613
3 270 271 6747
3 6157 3980 6358
3 3074 2487 6280
3 6046 2104 6110
3 2195 2851 6472
3 2862 1729 6000
3 5920 947 6179
3 1076 1191 6172
3 2670 2669 6192
3 4664 2460 6553
3 5311 406 7070
3 1735 3140 6441
3 5344 5970 6090
3 5050 2504 6040
3 1227 5954 6087
3 4725 4087 6521
3 5603 3484 6356
3 4180 4190 6294
3 4460 4459 6305
3 3192 5765 6372
3 4330 3460 6174
3 2104 5719 6110
3 2962 3661 6423
3 333 334 6207
3 3848 3925 6609
3 4003 3906 6792
3 1422 1500 6031
3 272 405 6776
3 3465 5748 6089
3 5978 3774 6426
3 5801 1871 6113
3 2717 3397 6988
3 811 5720 6107
3 6634 4499 6705
3 3973 5351 6862
3 5423 2929 6418
3 5881 3890 6146
3 4629 6246 6406
3 3062 3869 6404
3 5426 5638 6091
3 1999 1898 6121
3 2973 2975 6544
3 5941 5489 6249
3 3432 4070 6204
3 4375 4381 6379
3 1571 4387 6962
3 3977 3008 6175
3 6789 3930 6828
3 3664 6158 6260
3 4311 3897 6332
3 5918 4784 6072
3 2309 2976 6158
3 1040 1043 6408
3 5904 2309 6158
3 5269 471 6195
3 2681 3434 6380
3 267 389 6953
3 1827 2250 6154
3 3546 5503 6130
3 5951 6869 7015
3 5556 4358 6732
3 4185 3219 6725
3 5996 2934 6252
3 3253 2258 6148
3 6371 5152 6383
3 5837 3748 6350
3 3791 3792 6187
3 2504 2796 6040
3 5588 438 6111
3 3988 6097 6208
3 697 5551 7011
3 1303 5865 6199
3 3914 5240 6653
3 5156 3249 6763
3 429 6037 6675
3 3484 3382 6356
3 611 613 6473
3 2249 2253 5999
3 6229 3576 6266
3 3835 3871 6691
3 4817 4815 6461
3 114 115 6650
3 2084 1956 6217
3 1053 4627 6411
3 77 459 6689
3 4167 6307 6982
3 2835 3687 6124
3 5170 3924 6256
3 24 489 6598
3 3427 3739 6164
3 6347 4956 6420
3 4005 4965 6704
3 1150 1152 6288
3 1023 1021 6690
3 3954 4396 6241
3 4387 1571 6905
3 1084 5609 6364
3 2789 1042 6408
3 3683 2921 5891
3 5980 4442 6403
3 6097 3904 6208
3 6091 5812 6279
3 5180 2284 6633
3 2734 1360 6152
3 6032 3364 6047
3 5940 5383 6295
3 3832 4545 6670
3 3540 3543 6194
3 1257 1117 6458
3 1729 1612 6000
3 591 593 6512
3 1431 1409 6435
3 4318 3840 7013
3 3578 3576 6229
3 3439 3749 6167
3 2969 3325 6208
3 4892 6313 6413
3 787 789 6198
3 962 1322 6596
3 230 231 6218
3 3072 6212 6442
3 66 67 6213
3 4491 4489 6272
3 5552 6147 6205
3 5974 6917 7032
3 784 782 6222
3 3995 6030 6439
3 5649 3816 6161
3 4121 2788 6028
3 1652 1792 6481
3 1691 1692 1693
3 5414 721 6572
3 4418 4487 6939
3 5594 5687 6242
3 6263 2052 6298
3 1775 4710 6385
3 3507 6157 6358
3 6334 3631 6426
3 3213 4008 6854
3 4955 4953 6699
3 3707 6063 6398
3 3017 2570 6646
3 3567 3833 6183
3 1253 1303 6199
3 2157 4793 6827
3 3853 6109 6277
3 5476 2501 6182
3 2238 2240 6221
3 3855 3503 6734
3 1277 1624 6191
3 3933 3393 6662
3 1426 1512 6206
3 4899 5883 6232
3 3261 4885 6893
3 2346 2348 6533
3 4446 6569 7019
3 4170 3917 6785
3 444 119 6189
3 5952 5797 6245
3 3891 3892 6176
3 6262 3709 6387
3 3951 3199 6815
3 5239 1987 6486
3 2984 4390 6929
3 4977 3945 7077
3 3479 5801 6113
3 4983 4689 6886
3 2998 3710 6430
3 6084 531 6906
3 2376 2378 6214
3 3041 3001 6196
3 1792 5796 6481
3 5360 5646 6267
3 1382 6230 6284
3 3819 5920 6179
3 947 5802 6179
3 3745 4219 6216
3 107 490 6410
3 2787 3202 6344
3 1658 855 6457
3 442 6200 6651
3 5600 2064 6203
3 6467 5215 7083
3 4806 6297 6367
3 4360 4236 6686
3 454 4979 6528
3 5340 2744 6558
3 2077 2075 6146
3 3566 6145 6582
3 149 150 6777
3 721 715 6572
3 1237 1170 6547
3 2314 2430 7012
3 5010 6405 7054
3 2934 3721 6252
3 4407 3702 6452
3 3454 6026 6564
3 5594 6242 6510
3 3798 5744 6227
3 5616 3886 6517
3 17 410 6185
3 5234 6667 6732
3 5532 3646 6215
3 6152 3868 6330
3 6062 1166 6952
3 6179 5802 6297
3 1937 4795 6285
3 5783 5975 6261
3 603 605 6590
3 2050 2052 6263
3 1269 5978 6434
3 3084 4119 6540
3 5106 379 6428
3 5998 5649 6161
3 1803 5466 6141
3 2895 3857 6532
3 495 155 6362
3 173 426 6101
3 3627 4414 6798
3 5167 6054 6375
3 6100 3751 6386
3 6066 811 6107
3 3893 4425 6673
3 3576 3063 6266
3 6337 2448 6392
3 3664 3552 6158
3 6540 3743 6781
3 3599 3318 6190
3 186 187 6118
3 2087 6216 7017
3 426 174 6536
3 3076 2706 6169
3 1146 1148 6541
3 5856 4362 6477
3 5894 5522 6262
3 3948 3614 6209
3 5204 6019 6183
3 5098 1936 6814
3 5839 1881 6157
3 4984 668 6876
3 8 9 6231
3 5364 5022 6807
3 6219 3742 6223
3 4401 3179 6816
3 4699 4701 6258
3 4513 4011 7009
3 3249 3056 6763
3 3659 3920 6585
3 427 6055 6956
3 378 6025 6889
3 6182 2501 6239
3 4006 3571 6235
3 5276 3878 7034
3 6466 501 6881
3 1382 1306 6230
3 6044 437 6343
3 5795 5663 6220
3 1814 1816 6594
3 2772 6073 6238
3 4972 6117 6698
3 1433 1554 6309
3 3741 3742 6219
3 5384 2318 6867
3 3930 3962 6828
3 3377 3191 6916
3 3113 5105 6388
3 2093 5552 6205
3 3478 5710 6251
3 4031 6558 6730
3 5433 5434 6664
3 4953 4952 6770
3 419 504 505
3 2086 2284 6555
3 4053 6084 6906
3 4831 4832 6287
3 6101 426 6802
3 4083 3889 6275
3 490 4365 6410
3 5861 1418 6415
3 3117 3741 6402
3 4457 5578 6355
3 4714 1770 6470
3 3149 6556 6592
3 3856 5925 6312
3 3126 4089 6525
3 4652 3719 6859
3 3614 3602 6513
3 68 69 6226
3 4819 3515 6842
3 4471 5401 6704
3 5266 5795 6220
3 6084 4054 6680
3 3554 6102 6225
3 393 5356 6425
3 6648 6106 6671
3 3949 6326 6442
3 852 5596 6457
3 3850 3268 6990
3 6025 4780 6843
3 4144 6363 6566
3 4891 3779 6459
3 5597 5940 6295
3 4503 1971 6911
3 5864 3109 6544
3 3086 3820 6559
3 4095 5639 6523
3 3439 6167 6168
3 523 525 6661
3 5032 6306 6517
3 5330 3137 6767
3 5069 2926 6271
3 4401 6816 6860
3 4025 4026 6254
3 3151 3150 6848
3 6105 4590 6339
3 6236 4002 6458
3 5905 2469 6259
3 5241 6309 6548
3 1113 2003 6236
3 1673 2726 6031
3 6811 3257 6870
3 6155 2941 6640
3 2975 6467 7083
3 6053 3776 6516
3 5811 3430 6282
3 2455 3488 6857
3 1693 2979 6211
3 3945 6701 7077
3 2667 2674 6561
3 2991 5066 6460
3 438 52 6170
3 3098 3092 6032
3 2945 3726 6836
3 3642 6171 6315
3 6449 4980 6534
3 4777 3730 6340
3 6196 3667 6819
3 4391 6590 6958
3 1956 1953 6217
3 5548 2977 6244
3 175 5643 6536
3 1401 957 6228
3 3768 2897 6714
3 4499 2111 6496
3 4144 6261 6363
3 4756 3246 6969
3 6616 5875 6696
3 719 1357 6874
3 5883 2830 6232
3 6391 5221 6618
3 4914 4911 6290
3 3925 6413 6609
3 2920 2552 5999
3 6095 4973 6347
3 4700 6270 6630
3 3102 3101 6705
3 2659 2647 6243
3 3263 95 7039
3 5294 475 6846
3 3547 6133 6173
3 3958 3085 6559
3 3703 3526 6531
3 5526 411 6891
3 1500 1673 6031
3 3742 3024 7020
3 6502 1420 6613
3 2036 631 6581
3 3507 5839 6157
3 2284 1733 6633
3 1012 1509 6112
3 3201 3795 7007
3 1700 2522 6633
3 6030 3560 6439
3 5637 3878 6662
3 5878 3716 6336
3 6255 2732 6313
3 2204 1958 6328
3 3434 5918 6225
3 2815 6121 6326
3 3030 5941 6249
3 6315 5228 6469
3 181 493 6331
3 3522 3763 6524
3 1571 553 6240
3 2052 5205 6298
3 4589 4592 6339
3 4509 3218 7021
3 6226 4209 6739
3 4227 6228 7064
3 2812 5894 6262
3 635 668 6695
3 31 32 6873
3 5729 3190 6823
3 3176 2837 6532
3 973 1012 6112
3 3498 5600 6203
3 5620 3428 6877
3 6512 4662 6851
3 88 5689 7013
3 5247 5113 7063
3 4814 4816 6289
3 2501 5642 6239
3 4108 3787 6560
3 2286 2435 6698
3 338 391 6294
3 3434 6225 6380
3 5569 2829 6233
3 6194 5098 6814
3 4347 3276 7044
3 3704 1422 6031
3 6585 3920 6648
3 1043 1037 6619
3 5689 4318 7013
3 5629 3655 6366
3 4435 3599 6234
3 2420 5980 6403
3 4 5 486
3 5622 66 6213
3 6019 3567 6183
3 6137 3555 6388
3 2796 3470 6040
3 4159 2997 6430
3 6273 4376 6817
3 5584 5183 6769
3 5304 6077 6789
3 3795 6567 6697
3 1841 6134 6242
3 5954 985 6596
3 476 5311 6275
3 3575 5996 6252
3 3573 4420 7035
3 2065 6400 6401
3 3548 5787 6462
3 1987 5634 6486
3 6699 4953 6770
3 5096 5882 6883
3 1257 6458 6484
3 5617 2772 6238
3 5102 6907 6975
3 2096 5133 6370
3 2750 3853 6277
3 5663 3051 6220
3 4808 2892 6542
3 4582 457 6771
3 3914 6653 6795
3 3599 6190 6234
3 5102 3342 6907
3 6287 3697 6427
3 3965 3798 6227
3 446 4237 6925
3 6289 4816 6850
3 3564 3563 6014
3 185 186 457
3 4143 4146 6253
3 2753 709 6874
3 5214 5864 6544
3 6346 4832 6424
3 4237 3344 6656
3 2984 5990 6706
3 2056 2058 6329
3 2034 5632 6693
3 5604 2732 6255
3 6225 3977 6380
3 5494 2093 6342
3 5620 4937 6682
3 6308 3736 6455
3 5103 395 6348
3 3758 3755 6485
3 3574 973 6112
3 3709 5007 6387
3 1033 1141 6687
3 658 634 6322
3 2250 1829 6257
3 3735 5597 6295
3 156 415 6362
3 6063 3491 6398
3 3023 5498 7015
3 1027 1047 6273
3 4428 5536 6304
3 6861 6038 6868
3 3957 3958 6268
3 179 428 5956
3 6535 3799 6606
3 4376 6273 6838
3 3691 5057 6723
3 5694 3932 6365
3 3137 2526 6767
3 4565 4288 6744
3 4793 3975 6827
3 3398 5472 6871
3 531 6084 6680
3 3710 4116 7047
3 6271 2926 6369
3 4829 4828 6922
3 3054 3835 6713
3 2854 4527 7065
3 2782 837 6269
3 5752 4096 7041
3 180 181 6331
3 502 4399 6443
3 5918 3554 6225
3 6167 5272 6168
3 2830 3688 6232
3 425 6419 6989
3 2344 2346 7042
3 593 595 6932
3 4653 4457 6658
3 6242 4064 6510
3 3251 6317 6480
3 6375 1377 6499
3 2977 6071 6244
3 5964 2144 6555
3 2417 2358 6766
3 6279 3409 6337
3 4432 4433 6373
3 5411 495 6362
3 5646 1017 6267
3 6220 3051 6350
3 2461 3118 6720
3 79 385 3828
3 2157 6827 7078
3 6677 3205 6923
3 6500 4725 6521
3 1660 4824 6611
3 5489 4976 6249
3 2119 2453 6520
3 3947 6296 6504
3 4452 4451 6799
3 6077 3930 6789
3 6934 4347 6964
3 5494 6342 6478
3 6085 1392 6391
3 5581 4013 7080
3 6844 4845 7023
3 5144 6059 6436
3 2311 2791 6462
3 5687 1841 6242
3 3217 2865 6525
3 5382 449 6772
3 3433 5893 6888
3 5813 4187 7081
3 3868 3611 6330
3 4897 4896 6360
3 5997 2416 6389
3 4246 3883 6318
3 4013 3330 7080
3 4414 4211 6798
3 5882 5096 7043
3 5137 1104 6949
3 4583 3765 6721
3 4481 4189 7074
3 2360 2521 6766
3 5065 1894 7072
3 5044 6175 6565
3 3537 3465 6268
3 983 1054 6296
3 3771 3682 6321
3 3329 4013 6931
3 2117 5108 6382
3 3848 6609 6667
3 6259 2469 6503
3 5710 2321 6251
3 2976 3972 6260
3 5253 1003 6357
3 3835 5699 6713
3 668 637 6876
3 1004 6824 7016
3 3529 6264 6607
3 4842 4841 6736
3 4314 4460 6612
3 2487 2488 6280
3 4119 3777 6626
3 4378 4380 6754
3 5633 164 6265
3 5684 3470 6885
3 5522 3612 6262
3 912 961 6376
3 2983 3993 7036
3 3836 3258 6811
3 1002 1142 7064
3 6208 3325 6431
3 1816 1818 6986
3 6923 5337 7066
3 2979 1695 6441
3 4448 6690 7053
3 4180 6294 6976
3 4043 5446 7020
3 6436 2872 6567
3 5376 6399 6454
3 3856 6312 6508
3 6173 3934 6514
3 3644 3625 6286
3 3807 6238 6502
3 2505 3671 6377
3 3529 4820 6264
3 5154 5121 6478
3 3 4 6224
3 6384 3655 6404
3 4878 4898 6456
3 4269 3894 6756
3 6732 4358 6816
3 2750 6277 6334
3 3640 3642 6315
3 2074 601 7061
3 58 449 6678
3 3619 4160 6324
3 4178 4193 7058
3 6488 397 6873
3 4412 4084 6396
3 6431 3724 6498
3 5485 2981 6299
3 449 59 6772
3 4242 4240 6651
3 5217 5215 6467
3 3300 4461 6641
3 6063 3949 6212
3 6351 3656 6399
3 1389 1150 6288
3 1141 1031 6817
3 2197 2199 6327
3 113 114 6343
3 47 48 6349
3 3683 5891 6250
3 3409 1726 6337
3 4206 6062 6952
3 6000 1516 6309
3 6409 5237 6527
3 3432 6204 6949
3 6106 5253 6671
3 5670 4055 6942
3 494 172 6101
3 3948 6221 6276
3 6845 483 7076
3 5156 6763 7075
3 6350 3748 6562
3 621 623 6325
3 5105 6137 6388
3 1187 6364 6786
3 6205 5202 6342
3 5797 4040 6245
3 5298 6163 7070
3 6163 4083 7070
3 4039 4421 6937
3 3096 5811 6282
3 3616 4170 6320
3 4647 3575 6252
3 5833 3992 6515
3 5834 4004 6884
3 3564 6014 6015
3 4032 5861 6415
3 5779 3533 6310
3 488 5601 6247
3 6160 4981 6449
3 6039 3677 6316
3 1720 1657 6809
3 6299 2981 6359
3 6121 5664 6326
3 4022 6267 6568
3 4007 3914 6795
3 1643 4434 6616
3 3661 3662 6323
3 5162 6923 7066
3 1391 6801 6883
3 4276 3705 6317
3 5202 5154 6342
3 3931 3632 6341
3 1516 1433 6309
3 5265 3830 6395
3 4828 4646 6922
3 5518 3846 6773
3 6090 5659 6306
3 4254 6934 6964
3 2111 4536 6496
3 5389 2911 6321
3 4620 4012 6319
3 3039 3560 6335
3 371 6320 6787
3 5858 2047 6794
3 2732 5565 6313
3 4967 6022 6946
3 4064 4063 6510
3 3480 3479 6293
3 4211 4062 6798
3 5725 6039 6316
3 3910 3911 6374
3 5490 1803 6626
3 4274 5592 6685
3 2753 4598 7026
3 6297 3746 6367
3 4142 5783 6261
3 3290 6446 6960
3 3921 6104 6465
3 2047 5628 6794
3 1162 1480 6954
3 5835 1576 6292
3 5951 1382 6284
3 1460 5692 6437
3 3943 6162 6993
3 6381 5405 6727
3 3748 5447 6562
3 5383 5614 6295
3 2726 1691 6211
3 4567 1783 7014
3 384 5169 6912
3 2332 4043 7020
3 2926 3685 6369
3 5329 5668 6717
3 5812 3409 6279
3 187 188 6425
3 1159 1164 6304
3 5889 1460 6437
3 3255 3256 6412
3 4063 4902 6588
3 6037 4017 6703
3 188 189 393
3 432 5107 6475
3 3932 3931 6365
3 4780 3395 6843
3 5640 365 6731
3 2093 6205 6342
3 3988 6208 6431
3 2955 2514 6546
3 3573 3104 6737
3 1426 6206 6435
3 3360 5658 6647
3 2102 5620 6682
3 3928 6155 6640
3 2143 2145 6397
3 43 5982 6631
3 4274 4272 6652
3 6480 4123 6645
3 6591 3600 7051
3 5681 3500 6314
3 70 71 401
3 2514 2828 6546
3 2065 548 6400
3 4879 5964 6555
3 4404 4503 6911
3 5004 5002 6786
3 451 4273 6686
3 5806 3205 6677
3 3530 5905 6259
3 5585 2750 6334
3 5992 447 6197
3 1104 5672 6949
3 2981 5506 6359
3 5658 2451 6895
3 4824 6402 6611
3 5666 3436 6924
3 3980 3981 6358
3 823 821 6375
3 5659 2798 6306
3 5130 6700 6769
3 3834 3728 6354
3 81 82 451
3 4421 3124 6649
3 5775 5963 6346
3 3611 5913 6330
3 12 454 6528
3 5802 3746 6297
3 4732 4729 6416
3 6197 3960 6281
3 4952 6038 6861
3 169 365 6529
3 3797 3796 6361
3 5884 2307 6355
3 5199 2449 7069
3 1086 1084 6364
3 4692 4693 6615
3 480 5582 6307
3 6446 4281 6960
3 6496 3511 6705
3 1345 1436 6312
3 1498 6053 6516
3 5132 5954 6596
3 6342 5154 6478
3 3686 3040 6381
3 3746 4234 6367
3 5908 3948 6276
3 4164 3769 6488
3 3382 3665 6356
3 222 223 6394
3 4185 6725 6796
3 3681 3771 6371
3 6287 4832 6346
3 3948 6209 6221
3 3558 2787 6344
3 3701 6055 6858
3 4563 3113 6554
3 1175 5934 6576
3 473 5834 6884
3 4487 3174 6939
3 6522 2438 6768
3 3090 4609 6681
3 106 107 6410
3 5662 5947 6979
3 3842 5835 6292
3 1958 2084 6328
3 6770 4952 6861
3 2904 3154 6407
3 5768 2411 6308
3 5369 5462 6336
3 3559 5890 6775
3 3075 5306 6781
3 6212 3949 6442
3 415 5482 6620
3 3968 3192 6372
3 3656 2496 6399
3 5295 5997 6389
3 4087 4085 6545
3 2416 5779 6310
3 3665 4371 6368
3 4273 4274 6685
3 486 5 5992
3 5893 6800 6888
3 2755 5562 6347
3 2122 2868 6624
3 2991 2990 6390
3 3890 3030 6338
3 3863 6293 6372
3 4470 423 7034
3 6426 3631 6434
3 3679 3681 6383
3 2911 5546 6440
3 6340 2003 6366
3 124 499 6733
3 3817 3815 6793
3 4745 6196 6819
3 3920 6106 6648
3 4797 2438 6522
3 4618 4619 6577
3 5315 5313 6418
3 5399 364 6759
3 2755 6347 6420
3 3257 3254 6353
3 623 625 6393
3 632 630 6741
3 3067 5725 6316
3 2460 5914 6553
3 4150 5295 6389
3 72 502 6443
3 4016 3738 6527
3 5957 5448 6569
3 4372 4375 6379
3 4033 6538 6635
3 3515 5676 6842
3 6369 3685 6445
3 3624 6274 6303
3 405 6324 6776
3 5642 3656 6351
3 3672 3507 6358
3 5066 5065 7033
3 6325 623 6393
3 3145 6480 6645
3 2958 3895 6938
3 6871 4863 6972
3 4844 4840 6429
3 3291 3881 6405
3 3648 6178 7000
3 6618 5221 6779
3 7 8 6451
3 5664 3644 6326
3 4069 6025 6843
3 3751 3752 6386
3 2810 4687 7050
3 189 190 6247
3 6235 3997 6919
3 3681 6371 6383
3 246 247 6421
3 6656 3979 6925
3 2003 5629 6366
3 4030 6638 6829
3 6760 4171 6878
3 4016 6527 6597
3 5595 2001 6345
3 451 4272 4273
3 6366 3655 6384
3 1391 5927 6801
3 3795 6285 7007
3 3090 6681 6702
3 3067 6316 6409
3 205 206 6471
3 5507 3937 6392
3 140 141 6419
3 4127 4310 6872
3 1042 1040 6408
3 246 6421 6444
3 1188 5190 6474
3 6675 6037 7046
3 6715 4170 6785
3 2453 6193 6520
3 381 4250 6875
3 3941 6350 6562
3 4526 6533 7065
3 5136 2591 6448
3 6162 5328 6993
3 4706 2485 6621
3 5794 4061 6813
3 3655 3062 6404
3 5031 6090 6306
3 3174 6352 6939
3 403 4325 6773
3 5946 495 6744
3 1389 6057 6774
3 4325 5518 6773
3 5542 6085 6391
3 6239 5642 6351
3 6238 5409 6502
3 3145 2721 6480
3 4610 1311 6878
3 6034 4299 7073
3 6221 2240 6276
3 3911 3117 6402
3 2066 5717 6363
3 6356 3665 6368
3 3051 5837 6350
3 3183 6181 6743
3 3685 5357 6445
3 1691 1693 6211
3 4415 4416 6352
3 5578 5884 6355
3 4060 6169 6378
3 325 467 6447
3 2696 3136 6422
3 3771 6321 6440
3 3762 4629 6406
3 4507 5947 7029
3 5643 367 7025
3 470 5259 6497
3 6336 3716 6453
3 1392 5903 6391
3 6695 668 6755
3 4611 2222 6943
3 3716 3714 6453
3 3555 3842 6388
3 5565 800 6413
3 6326 3644 6442
3 4466 6143 6926
3 4207 3915 6468
3 4979 5781 6528
3 19 5193 6963
3 3740 4074 6432
3 245 246 6444
3 5934 4370 6576
3 5982 4535 6631
3 6510 4063 6588
3 3903 3804 6557
3 5793 3817 6793
3 4616 6811 6870
3 6294 391 6976
3 2963 2962 6423
3 6184 3345 6942
3 4002 3729 6484
3 5967 5849 6479
3 5854 3812 6955
3 3068 3067 6409
3 4098 6758 6823
3 3754 5875 6616
3 3905 2812 6387
3 4055 6184 6942
3 4128 3919 6791
3 1242 1209 6436
3 5930 3964 6467
3 2181 5568 6465
3 6096 4128 6659
3 6065 2757 7043
3 365 170 6731
3 4723 4700 6630
3 5634 3423 6486
3 3030 6249 6338
3 171 494 6731
3 3640 6315 6469
3 4813 3610 6428
3 2307 6035 6355
3 6313 5565 6413
3 5391 6437 6511
3 3251 4907 6573
3 3859 5238 6483
3 4597 6742 7026
3 4543 4542 6584
3 3425 6105 6339
3 6232 3688 6438
3 3631 3772 6434
3 1257 6484 6543
3 1205 6453 6547
3 3651 4740 6490
3 6306 2798 6517
3 2765 2122 6624
3 5574 2755 6420
3 3697 3696 6427
3 4777 6340 6366
3 2997 2998 6430
3 312 313 6461
3 388 4967 6495
3 2522 5788 6866
3 6534 4003 6693
3 6486 3423 6653
3 5164 433 6785
3 5776 3497 6767
3 4648 409 6852
3 6917 4248 7032
3 1409 1426 6435
3 190 191 488
3 3260 6034 7073
3 5836 2004 6644
3 3774 5585 6426
3 5115 6475 7040
3 4597 5185 6742
3 2890 6477 6614
3 4270 4292 6882
3 764 4703 6740
3 5121 5120 6504
3 5775 6346 6424
3 2922 6263 6909
3 5439 1717 6439
3 366 130 6593
3 6290 2036 6581
3 6321 2911 6440
3 5166 5167 6499
3 3340 4049 6433
3 4161 4848 6880
3 6485 4434 6487
3 3694 5376 6454
3 4667 3090 6702
3 4688 6107 6886
3 1194 6589 6824
3 5963 3697 6346
3 2 3 3725
3 5162 5164 6923
3 6710 3687 6847
3 3325 3327 6431
3 385 80 6027
3 546 544 6887
3 6358 3981 6463
3 6786 5002 6967
3 3726 6490 6836
3 3183 6743 6983
3 2814 6330 6552
3 450 5322 6489
3 3273 4347 6934
3 4553 4554 7062
3 6448 3850 6990
3 3073 6163 6718
3 2193 2195 6472
3 5585 6334 6426
3 1117 1115 6458
3 6261 2066 6363
3 5377 4007 7030
3 6413 800 6609
3 1418 5691 6415
3 4018 4122 7008
3 380 203 6748
3 402 23 6598
3 6149 4928 6237
3 3425 6339 6603
3 2563 6424 6450
3 855 852 6457
3 3735 6295 6535
3 6162 3944 7010
3 3113 6388 6554
3 6439 1717 6506
3 2812 6262 6387
3 5734 4092 7079
3 7033 5065 7072
3 3470 3471 6885
3 6165 3910 6374
3 3927 6592 6830
3 2890 5856 6477
3 193 194 6301
3 5913 3865 6552
3 3702 3703 6452
3 2679 6192 6856
3 4457 6355 6658
3 3290 6146 6446
3 412 5487 6831
3 6676 1743 6724
3 3885 4793 6749
3 4476 4475 7022
3 3672 6358 6463
3 3896 5544 6625
3 5523 2765 6692
3 410 18 6963
3 6312 1436 6508
3 4454 5267 7071
3 3436 6022 6924
3 986 5102 6975
3 23 24 6598
3 5132 6596 6700
3 3937 6337 6392
3 4687 2810 7078
3 4653 6658 6841
3 6100 3882 6853
3 6412 3334 7006
3 6060 384 6912
3 9 440 6231
3 5582 387 6982
3 5623 2563 6450
3 3843 3844 6471
3 4867 4102 6595
3 5544 466 6625
3 447 7 6451
3 5500 5507 6460
3 4802 4805 6537
3 3995 6506 6556
3 451 82 4272
3 1054 5494 6478
3 5507 6392 6460
3 6216 4219 7017
3 3124 5473 6530
3 2563 5775 6424
3 3055 3988 6498
3 5983 4020 6899
3 4010 6185 6575
3 3658 3935 6497
3 4927 4264 6728
3 5951 6284 6869
3 6245 4040 6957
3 3852 3640 6469
3 6869 5553 7015
3 67 443 6213
3 4340 4341 7014
3 168 169 6529
3 5409 5702 6502
3 4202 5417 6779
3 4072 6044 6343
3 5327 5391 6511
3 4679 5742 7024
3 4654 4653 6841
3 4630 6845 7076
3 4294 5382 6772
3 3688 5685 6438
3 1648 4622 6847
3 5397 396 6491
3 4425 362 6673
3 3497 3046 7057
3 3755 3754 6485
3 6323 3662 6360
3 191 192 6300
3 5002 5000 6967
3 4616 1743 6676
3 5378 5377 7030
3 2078 611 6473
3 5270 6195 6901
3 5626 2952 6464
3 6494 4214 6972
3 3601 6370 6513
3 1653 1652 6481
3 6339 4592 6603
3 4025 6254 6810
3 1717 2210 6506
3 5974 425 6917
3 4132 6977 7009
3 3118 6311 6720
3 3406 5713 6566
3 2485 5046 6570
3 5886 2096 6370
3 4442 6045 6403
3 3373 3263 6583
3 1643 6616 6696
3 6564 4069 6843
3 174 175 6536
3 6582 2912 6694
3 4930 873 6578
3 3784 3785 6518
3 4630 3529 6607
3 2416 6310 6389
3 5855 4723 6630
3 4380 6298 6754
3 6067 3707 6398
3 6098 435 6608
3 5895 5872 6476
3 5012 4052 6509
3 4038 4736 6935
3 6420 4955 6699
3 3558 6344 6378
3 4190 6037 6832
3 4914 6581 6695
3 2090 6449 6534
3 6613 1420 6661
3 3377 5161 7066
3 2892 5847 6542
3 6286 3072 6442
3 4559 4561 6642
3 4085 4086 6571
3 6938 3895 7052
3 6317 4123 6480
3 3616 6320 6848
3 5728 1704 6494
3 5391 5889 6437
3 79 80 385
3 3765 2955 6721
3 1695 1735 6441
3 303 304 6550
3 6584 479 7055
3 4264 4263 6728
3 4874 4876 6580
3 5622 4755 6604
3 42 43 6631
3 3947 3608 6568
3 3108 3995 6556
3 1764 2119 6520
3 6802 4432 7059
3 6386 3752 6589
3 3601 5886 6370
3 3794 5144 6567
3 6135 4177 6482
3 2469 5490 6503
3 5592 3042 6685
3 2521 5768 6455
3 2090 5803 6449
3 5999 2253 6930
3 484 42 6631
3 6104 2181 6465
3 5237 2071 6527
3 4580 4579 6930
3 6527 2071 6597
3 3771 6357 6371
3 3788 5371 6563
3 5524 5523 6692
3 4971 6348 7027
3 4562 3626 6799
3 6037 6703 7046
3 3726 5241 6548
3 1170 1205 6547
3 5768 6308 6455
3 3109 2973 6544
3 6295 5614 6535
3 3890 6338 6446
3 5185 5862 6742
3 6169 3558 6378
3 5787 2311 6462
3 6402 4824 6751
3 2744 5669 6730
3 4033 6123 6538
3 6505 4178 7058
3 2072 591 6512
3 5956 428 6612
3 3953 6241 6684
3 2263 2265 6587
3 435 5524 6608
3 2570 3941 6562
3 2912 2565 6694
3 3734 5976 6538
3 1480 4705 6627
3 6945 2074 7061
3 2854 5729 6758
3 6344 4930 6378
3 5385 2435 6924
3 4622 1760 6918
3 1 2 6188
3 4581 4580 6519
3 630 1890 6741
3 3139 6165 6374
3 499 4856 6733
3 3753 6100 6417
3 3038 5626 6500
3 6236 2003 6340
3 851 864 6600
3 2975 5930 6467
3 1148 1389 6541
3 5232 2070 6736
3 486 5992 6281
3 5055 429 6675
3 3946 3945 6601
3 6566 5713 6636
3 3395 2559 6564
3 443 68 6226
3 3524 6510 6588
3 1038 1036 6663
3 192 193 414
3 818 820 6655
3 3916 6476 6501
3 3977 6175 6380
3 383 5693 6396
3 4420 6737 6971
3 4431 4432 6802
3 6499 1377 6638
3 428 180 6331
3 2302 5148 6679
3 6644 4347 7044
3 4323 3916 6501
3 3523 3522 6524
3 4850 4849 6637
3 2348 2854 6533
3 6330 5913 6552
3 3900 4758 7057
3 3526 3523 6531
3 4214 3058 6586
3 6107 5720 7038
3 3038 6500 6521
3 2144 2086 6555
3 6388 3842 6554
3 3992 4822 6515
3 6364 5004 6786
3 95 96 7039
3 6720 4652 6859
3 5016 6314 6579
3 5882 1391 6883
3 3787 4078 6560
3 5681 6314 6551
3 6427 3696 6574
3 1436 3905 6508
3 6267 1017 6568
3 3524 5594 6510
3 3812 3084 6540
3 3602 3601 6513
3 4904 2234 6896
3 4088 4390 7082
3 4428 6304 6712
3 2798 5616 6517
3 1534 6183 6833
3 5696 2679 6856
3 2438 2118 6768
3 4755 4753 6970
3 33 480 6539
3 1743 1739 6724
3 5569 6233 6901
3 1659 5029 6657
3 3950 4754 6739
3 6521 4087 6545
3 5167 6375 6499
3 4409 6156 6910
3 2837 2895 6532
3 3971 1498 6516
3 4570 4543 7055
3 6293 3968 6372
3 1039 1041 6659
3 4460 6305 6654
3 4855 1797 6951
3 5872 3565 6476
3 3515 4819 7075
3 5650 3038 6521
3 3884 4162 6701
3 2865 3126 6525
3 5614 2856 6535
3 2546 3659 6640
3 3523 6524 6531
3 6201 410 6963
3 985 962 6596
3 5148 6674 6679
3 4543 6584 7055
3 71 72 6443
3 6357 1003 6371
3 6037 429 6832
3 2669 2667 6561
3 1004 1069 6824
3 1980 5405 6723
3 4921 4307 6956
3 5520 2890 6614
3 6458 4002 6484
3 5786 3704 6890
3 497 5072 6684
3 4134 3983 6940
3 5626 6464 6500
3 6586 3768 6714
3 4145 4144 6566
3 2580 1789 6602
3 6736 4841 6844
3 6597 3873 6703
3 715 1541 6572
3 6118 187 6425
3 474 6623 6639
3 4014 4015 6592
3 4327 4326 6647
3 4901 2235 6996
3 3902 3758 6487
3 6518 3785 6643
3 6062 3672 6463
3 631 633 6581
3 4880 4873 6665
3 474 5280 6623
3 2516 5855 6630
3 3879 5203 6937
3 396 148 6599
3 5850 3486 6944
3 57 58 6678
3 3615 4104 6565
3 3344 3898 6656
3 2757 5882 7043
3 3886 3885 6749
3 3806 3807 6613
3 4777 6366 6384
3 6920 5444 6962
3 3833 5820 6833
3 6595 4102 7056
3 1311 6760 6878
3 3085 3086 6559
3 5164 6677 6923
3 5557 4035 6750
3 726 4858 6691
3 3902 5564 6914
3 4185 6796 6938
3 2938 3928 6585
3 3790 3793 6628
3 5379 6135 6482
3 3916 5895 6476
3 2937 3735 6606
3 3990 4072 6875
3 6304 1164 6712
3 1311 4573 6760
3 3841 3850 6629
3 4229 4230 7010
3 3133 5650 6545
3 6163 5298 6718
3 4605 4604 6974
3 3212 4611 6959
3 6080 5553 6869
3 4798 4333 6894
3 457 186 6118
3 3807 6502 6613
3 3997 3999 6919
3 4007 6795 7030
3 5275 474 6639
3 3697 6287 6346
3 5144 6436 6567
3 4136 4134 6997
3 1783 4756 6969
3 3423 5505 6653
3 4462 5988 6414
3 4224 6125 6918
3 4057 4056 6683
3 3124 6530 6649
3 605 676 6590
3 3871 6498 6855
3 6146 3890 6446
3 3966 4127 6759
3 4373 4888 6726
3 3988 6431 6498
3 6417 6100 6853
3 4217 3893 6673
3 851 6600 6729
3 2234 1814 6594
3 4303 4301 6826
3 4060 6578 6708
3 3752 4323 6589
3 5542 6391 6618
3 3866 3017 6646
3 3060 5542 6618
3 6282 4605 6974
3 4035 4034 6750
3 3993 6839 7036
3 6193 4476 6520
3 6041 1257 6543
3 6553 3535 6569
3 6296 1054 6504
3 5942 2090 6534
3 6314 5016 6551
3 3763 3524 6588
3 5815 2814 6552
3 5691 5340 6558
3 4162 4161 6738
3 6355 6035 6658
3 5316 5317 6834
3 1037 1035 6619
3 4024 5681 6551
3 4078 6305 6560
3 3133 6545 6571
3 2485 6570 6621
3 5640 6373 6523
3 5477 479 6584
3 800 5550 6609
3 3696 5561 6574
3 5148 5157 6674
3 2253 5967 6479
3 3720 5953 6743
3 1047 1025 6994
3 6764 4097 6823
3 3715 6080 6869
3 5129 5132 6700
3 6561 2674 6850
3 6226 69 6660
3 4974 4880 6978
3 3965 5199 7069
3 1642 4560 7047
3 463 6235 6919
3 5447 3299 6752
3 4 486 6224
3 3673 3098 6825
3 4077 5643 7025
3 6556 4014 6592
3 1491 4708 6669
3 3969 6801 6821
3 6722 4099 6764
3 4284 4099 6722
3 6730 5669 6863
3 4189 5981 7074
3 3994 5433 6664
3 6123 3734 6538
3 4034 4033 6635
3 4145 6566 6636
3 4687 4688 7050
3 3777 6503 6626
3 5302 5301 6888
3 1733 1700 6633
3 5574 6420 6699
3 5668 3133 6571
3 4043 5836 6644
3 2938 6585 6648
3 4099 4097 6764
3 3785 4137 6643
3 69 70 6660
3 5949 1175 6576
3 436 6550 7031
3 6783 3717 6981
3 4994 5696 6856
3 3895 3896 6625
3 5914 3535 6553
3 4235 5045 7018
3 6415 5691 6558
3 729 6977 6991
3 1420 523 6661
3 239 240 6672
3 4078 4077 7025
3 2071 5809 6597
3 5847 3573 6542
3 4914 6290 6581
3 6676 3836 6811
3 5650 6521 6545
3 4758 4720 6803
3 239 6672 6688
3 5193 6201 6963
3 994 1004 7016
3 5713 1301 6636
3 4209 6226 6660
3 496 4977 7077
3 433 259 6715
3 3970 3969 6821
3 6314 3500 6395
3 3873 3872 7046
3 2897 3398 6714
3 4622 6710 6847
3 6520 4476 6809
3 3967 5709 6711
3 2472 3717 6783
3 4138 5356 6591
3 1720 6809 7022
3 6891 6162 7010
3 4225 4145 6636
3 4763 4762 6965
3 6181 3720 6743
3 395 6207 6928
3 4134 6940 6997
3 238 239 6688
3 1401 6228 7001
3 4598 4596 7026
3 6667 1979 6732
3 5520 6614 6716
3 4299 5251 7073
3 4420 3867 7035
3 849 851 6729
3 3983 4202 6940
3 115 381 6650
3 3972 3425 6603
3 3849 4031 6730
3 5500 6460 7033
3 4030 6829 6966
3 3857 4269 6669
3 3357 5181 6727
3 3096 6282 6974
3 4448 4379 6808
3 5298 5299 6718
3 4530 3805 6921
3 4445 4446 7019
3 4187 4287 6668
3 4912 4914 6755
3 3436 5745 6946
3 1654 1529 6745
3 5709 3625 6711
3 6352 4416 6939
3 4413 4248 6917
3 6552 3865 6725
3 2920 5999 6812
3 1377 5495 6638
3 5821 483 6845
3 4097 4098 6823
3 6581 633 6695
3 4171 3940 6878
3 6668 386 7081
3 84 498 6652
3 1795 4621 7049
3 3969 4080 6801
3 736 729 6991
3 236 237 6709
3 4285 4741 6950
3 5546 6648 6671
3 4091 4090 6947
3 4277 4120 6641
3 284 6074 6797
3 4659 4661 6851
3 4086 5189 6893
3 5292 4387 7063
3 1021 1104 6690
3 6545 4085 6571
3 4766 4983 6973
3 3535 5957 6569
3 3508 3050 6910
3 429 336 6832
3 729 723 6977
3 5418 3994 6865
3 6460 5066 7033
3 2937 6606 6711
3 3917 5806 6677
3 5546 2938 6648
3 5550 1979 6667
3 4991 4994 6856
3 4008 4229 6985
3 525 527 6680
3 5935 3461 7045
3 2828 6445 6546
3 676 6935 6958
3 6027 451 6686
3 4197 4630 7076
3 2872 5566 6697
3 1236 6699 6770
3 3393 5637 6662
3 4528 4344 6984
3 5770 3073 6718
3 1035 1033 6687
3 5274 472 6753
3 8 6231 6451
3 4248 6318 7032
3 472 6747 6753
3 6619 1035 6687
3 5401 4005 6704
3 3644 6286 6442
3 4102 4101 7056
3 6836 4740 6929
3 6284 3715 6869
3 6298 5205 6754
3 6311 4652 6720
3 6108 234 6805
3 188 393 6425
3 5056 4027 6913
3 472 270 6747
3 6653 5505 6795
3 2885 2286 6698
3 633 635 6695
3 3022 6173 6514
3 123 124 6733
3 5289 487 6762
3 3493 3989 6839
3 170 171 6731
3 4243 4348 7067
3 6324 4160 6776
3 5615 3974 6784
3 544 2034 6887
3 4762 4764 6903
3 5995 500 6666
3 4400 4046 6995
3 5283 398 6804
3 6886 6107 7038
3 5644 2791 7041
3 6609 5550 6667
3 4773 2283 6944
3 5056 6913 6968
3 5289 6762 6782
3 4827 4830 6948
3 4076 6454 6840
3 478 6178 6777
3 1236 5574 6699
3 1764 6520 6809
3 6378 4930 6578
3 5286 392 6778
3 4391 4041 6945
3 6341 3943 6993
3 6253 4146 6943
3 5987 4452 6799
3 4740 2984 6929
3 533 1651 6906
3 3865 2691 6796
3 271 272 6776
3 6320 4170 6787
3 5876 5444 6920
3 4377 4374 6838
3 4736 3876 6958
3 6156 3508 6910
3 5387 6041 6543
3 6372 5765 6864
3 6022 5385 6924
3 6842 3411 6854
3 260 261 6787
3 3717 4277 6981
3 375 5622 6604
3 5221 2964 6779
3 445 5289 6782
3 1971 5326 6911
3 235 3243 6805
3 4027 6902 6913
3 4764 4766 6900
3 5948 6786 6967
3 4123 5671 6645
3 4281 5229 6960
3 6192 4991 6856
3 6357 3771 6440
3 5293 416 6789
3 1025 1023 6994
3 3906 4221 6792
3 5304 5302 6800
3 4048 4050 6707
3 5113 5292 7063
3 5267 2403 7071
3 6185 410 6575
3 5146 2241 6987
3 3503 4023 6734
3 5290 283 6797
3 59 60 6772
3 3492 3054 6713
3 3663 4826 7001
3 4058 4060 6708
3 5293 6789 6828
3 3987 3986 6907
3 4355 3858 6881
3 5949 6576 6790
3 3300 6641 6835
3 5000 2518 7054
3 3762 6406 6971
3 3056 3515 6763
3 6124 3687 6710
3 405 5294 6813
3 6567 2872 6697
3 1979 5556 6732
3 4017 4016 6703
3 372 5557 6750
3 4885 5329 6717
3 4527 4524 7065
3 377 3490 6757
3 4027 4028 6902
3 3929 5520 6716
3 3994 6664 6865
3 471 6394 6933
3 4499 6496 6705
3 6022 3436 6946
3 5299 5770 6718
3 4772 3973 6862
3 4287 5945 6668
3 3625 2937 6711
3 3970 6920 6962
3 6273 1047 6838
3 6816 4358 6860
3 5472 3036 6871
3 6482 4082 6757
3 2739 2741 6822
3 387 6526 6982
3 3735 6535 6606
3 3811 6098 6608
3 6178 4353 6777
3 1770 6452 6470
3 3944 5384 6867
3 4390 6333 7082
3 5763 4454 7071
3 475 5293 6828
3 4934 4937 6877
3 2918 3648 7000
3 3246 6756 6969
3 5628 3693 6794
3 3101 6069 6634
3 3929 6716 6807
3 3018 2461 6720
3 150 478 6777
3 6373 4433 6523
3 3373 6583 6775
3 3849 6730 6863
3 3199 3433 6815
3 3511 3102 6705
3 1163 1162 6952
3 2810 2158 7078
3 5733 4650 6719
3 5945 386 6668
3 2322 6138 6834
3 1104 5137 7053
3 5161 5162 7066
3 370 5580 6670
3 4288 5946 6744
3 3693 5192 6961
3 6195 3605 6901
3 2358 2360 6766
3 401 71 6443
3 2571 6861 6868
3 6654 4078 7025
3 6406 6760 6971
3 3374 3652 6880
3 5669 2069 6863
3 4387 3970 6962
3 3179 5234 6816
3 5558 1236 6770
3 6907 3986 6975
3 3989 4505 6999
3 5446 4043 7044
3 4074 4073 6858
3 5351 3849 6863
3 318 319 7003
3 5656 2102 6682
3 3828 6237 6748
3 1305 5378 7030
3 4358 4357 6860
3 2250 6257 6632
3 5296 473 6884
3 6801 4080 6883
3 2224 2221 6780
3 5862 2753 6742
3 3411 3213 6854
3 6164 4180 6976
3 2868 6563 6624
3 81 451 6027
3 6145 2912 6582
3 3345 5218 7017
3 6248 485 6617
3 423 5276 7034
3 4381 4378 6754
3 3104 3762 6737
3 4444 6844 7023
3 3894 4340 6756
3 391 4933 6976
3 6858 4073 6915
3 1031 1029 6817
3 5234 6732 6816
3 4444 5232 6844
3 5505 1305 6795
3 6183 3833 6833
3 6125 6124 6710
3 5832 3574 7004
3 3683 6250 6897
3 6218 463 6919
3 6935 4736 6958
3 3219 5815 6725
3 4055 3539 6814
3 1480 6864 6954
3 3258 3257 6811
3 389 5273 6927
3 4505 4507 7029
3 3150 3616 6848
3 5057 5056 6968
3 4060 6378 6578
3 6658 3708 6841
3 4067 4068 6889
3 5215 5214 7083
3 5137 4382 7053
3 1657 1764 6809
3 469 5793 6793
3 4020 4018 7008
3 4307 6120 6956
3 4819 5139 7075
3 4048 6707 6788
3 3942 2945 6836
3 1322 5584 6769
3 6452 3703 6470
3 6750 4034 6761
3 5982 412 6831
3 3975 4687 6827
3 4417 5821 6845
3 4103 6790 6879
3 3018 6720 6859
3 3059 6988 7048
3 194 195 6302
3 263 7005 7028
3 2526 5776 6767
3 4822 4025 6810
3 3942 6836 6929
3 3667 4053 6819
3 266 267 6953
3 3626 5987 6799
3 6665 2522 6866
3 4073 4509 6915
3 2785 5876 6920
3 709 719 6874
3 5890 3373 6775
3 4049 4048 6788
3 2571 5558 6861
3 406 5298 7070
3 3842 6292 6554
3 5738 3911 6751
3 6013 482 7056
3 3059 2717 6988
3 6663 4128 6791
3 5948 1187 6786
3 5815 6552 6725
3 6252 3721 6622
3 263 264 7005
3 262 263 7028
3 5632 5942 6693
3 3276 5446 7044
3 637 639 6876
3 18 19 6963
3 3205 5337 6923
3 393 189 6247
3 3901 3059 7048
3 5551 2571 6868
3 6035 3708 6658
3 4058 6708 6818
3 1164 6005 6712
3 3191 4051 6916
3 6285 4795 7007
3 1318 5854 6955
3 70 401 6660
3 4231 5547 6933
3 703 697 7011
3 2318 4259 6985
3 5328 477 6993
3 3741 6219 6611
3 5498 5951 7015
3 2283 5850 6944
3 5875 3732 6696
3 6544 2975 7083
3 6231 440 6507
3 4104 4103 6879
3 4070 3018 6859
3 3840 374 7013
3 6138 5316 6834
3 3828 5935 7045
3 3986 4407 6975
3 3999 6218 6919
3 4138 6591 7051
3 6916 4051 6980
3 2316 2314 7012
3 6263 4383 6909
3 3878 4470 7034
3 4390 3942 6929
3 3686 6381 6727
3 6866 3492 6978
3 5444 1571 6962
3 4059 4058 6818
3 5676 3411 6842
3 3962 5794 6846
3 6419 4079 6989
3 4051 5012 6980
3 4880 6866 6978
3 6973 4983 7038
3 5990 4604 6706
3 3605 5569 6901
3 4604 5990 6974
3 5495 4996 6829
3 4434 6485 6616
3 5672 3432 6949
3 4443 4444 7023
3 5558 6770 6861
3 6641 4120 6835
3 6395 3830 6579
3 3268 3269 6990
3 4040 4435 6957
3 6038 4157 6868
3 4219 5670 6942
3 3046 3900 7057
3 4254 4253 6934
3 5788 3492 6866
3 5337 3377 7066
3 2791 5752 7041
3 397 31 6873
3 3724 3329 6931
3 5942 6534 6693
3 3875 6011 6928
3 6074 5290 6797
3 595 711 6932
3 6405 3881 7054
3 1571 6240 6905
3 3172 5605 6849
3 6406 4171 6760
3 3725 3 6224
3 491 90 6941
3 4850 6855 6931
3 6900 751 6903
3 3257 6353 6870
3 3647 7033 7072
3 4233 3647 7072
3 6940 2741 6997
3 2765 6628 6692
3 976 1002 7064
3 4158 4159 6857
3 6108 3243 6806
3 6604 4755 6970
3 4186 4185 6938
3 4068 6093 6889
3 6209 3614 6683
3 3952 3290 6960
3 4103 5949 6790
3 3473 3363 7040
3 5742 2072 7024
3 4172 4030 6966
3 3202 3201 7007
3 5448 2039 7019
3 441 6047 6837
3 3687 5738 6847
3 601 603 7061
3 5981 4588 7074
3 5553 3023 7015
3 3245 2344 7042
3 751 5665 6903
3 190 488 6247
3 3647 5500 7033
3 6445 5357 6546
3 5953 4139 6743
3 5708 751 6900
3 1818 1821 6986
3 4120 4121 6835
3 2767 5662 6979
3 2451 5529 6895
3 4863 6494 6972
3 4914 6695 6755
3 3330 3922 7080
3 383 6396 6892
3 4146 4225 6959
3 4764 6900 6903
3 6060 4243 7067
3 3243 6108 6805
3 4186 6938 7052
3 485 6248 6882
3 6915 4509 7021
3 4001 5864 7031
3 6743 4139 6983
3 6241 497 6684
3 4287 4186 7052
3 2435 5666 6924
3 4011 4132 7009
3 6803 3497 7057
3 6207 3875 6928
3 430 5868 6998
3 3024 2332 7020
3 2080 6973 7038
3 3845 6248 6617
3 5665 2037 6965
3 4365 4364 7006
3 4101 6013 7056
3 456 5025 6898
3 6314 6395 6579
3 481 5593 6926
3 6328 2084 6853
3 2741 5813 6997
3 5891 2920 6812
3 1543 6999 7029
3 6440 5546 6671
3 479 6349 7055
3 6725 3865 6796
3 4416 4418 6939
3 3708 6067 6841
3 3895 6625 7052
3 6677 5164 6785
3 4647 6252 6622
3 2084 6417 6853
3 5232 6736 6844
3 6305 4078 6654
3 2080 5708 6973
3 6638 5495 6829
3 2955 6629 6721
3 5274 6830 6899
3 6396 4084 6892
3 4933 6164 6976
3 4237 6656 6925
3 6645 5671 7062
3 2449 5685 7069
3 676 5735 6935
3 5804 2983 7036
3 6485 3754 6616
3 6047 3843 6837
3 6864 5765 6954
3 4016 6597 6703
3 6333 4390 6706
3 5347 3902 6914
3 4015 5983 6899
3 6303 448 6765
3 6903 5665 6965
3 5511 383 6892
3 1543 5804 6999
3 3704 6031 6890
3 6999 4505 7029
3 6155 3929 6807
3 6999 5804 7036
3 4762 6903 6965
3 6703 3873 7046
3 4139 4286 6983
3 5720 2080 7038
3 6700 1322 6769
3 488 191 6300
3 5671 2859 7062
3 4554 6645 7062
3 3989 6999 7036
3 5765 4206 6954
3 6143 481 6926
3 3471 3564 6885
3 4092 4094 7079
3 5708 6900 6973
3 3652 6111 6738
3 6093 378 6889
3 6794 3693 6961
3 2004 6199 6964
3 6237 3828 7045
3 2403 5763 7071
3 5947 1543 7029
3 6900 4766 6973
3 2072 6851 7024
3 6498 3724 6855
3 3863 6372 6864
3 5253 6357 6671
3 3881 5948 6967
3 6503 5490 6626
3 492 5974 7032
3 384 6060 7067
3 4303 6604 6970
3 6541 1389 6774
3 6178 478 6872
3 3919 6245 6791
3 6357 6440 6671
3 6300 414 6549
3 6014 4138 7051
3 1890 6643 6741
3 3395 6564 6843
3 6657 3886 6749
3 414 193 6301
3 6646 5447 6752
3 5685 3965 7069
3 4850 6637 6855
3 6649 3879 6937
3 5990 3096 6974
3 196 197 6617
3 3098 6032 6825
3 6120 427 6956
3 411 6162 6891
3 192 414 6300
3 4992 6561 6850
3 6199 4254 6964
3 1480 6627 6864
3 6563 5371 6624
3 4323 6501 7016
3 2 3725 6188
3 6592 4015 6830
3 433 6715 6785
3 2674 6289 6850
3 6800 5302 6888
3 195 196 485
3 6795 1305 7030
3 500 6505 7058
3 6714 3398 6972
3 5136 6448 6990
3 6248 3845 6908
3 6112 5460 7004
3 2072 6512 6851
3 6031 2726 6890
3 6471 3844 6908
3 477 6341 6993
3 6204 2922 6909
3 4600 6117 7027
3 6373 494 7059
3 3486 6577 6944
3 6385 4710 6746
3 3843 6471 6837
3 6855 3724 6931
3 3911 6402 6751
3 6454 3151 6840
3 6490 4740 6836
3 486 6281 6936
3 443 6226 6739
3 3574 6112 7004
3 6479 4580 6930
3 5694 6365 6998
3 4214 6714 6972
3 483 6002 7076
3 6808 1047 6994
3 6867 4229 7010
3 5274 6753 6830
3 6533 2854 7065
3 6240 5247 6905
3 6830 4015 6899
3 6348 4600 7027
3 3858 6466 6881
3 6666 500 7058
3 457 6118 6771
3 6604 4303 6826
3 6628 3793 6692
3 6851 4661 7024
3 4214 6586 6714
3 6394 4231 6933
3 6809 4476 7022
3 3872 6675 7046
3 4072 6650 6875
3 6002 4197 7076
3 6710 4622 6918
3 6307 5582 6982
3 3812 6540 6781
3 4202 6822 6940
3 4387 6905 7063
3 6629 3850 6721
3 2521 6455 6950
3 6281 4959 6936
3 6301 194 6302
3 6318 492 7032
3 6717 4086 6893
3 6542 3573 7035
3 6643 4137 6741
3 197 198 3845
3 5301 6815 6888
3 3652 6738 6880
3 3844 6248 6908
3 6607 4417 6845
3 6365 430 6998
3 6738 4161 6880
3 6475 3473 7040
3 6821 2785 6920
3 3866 6646 6752
3 4364 6412 7006
3 1659 6657 6749
3 375 6604 6826
3 2034 6792 6887
3 6526 4167 6982
3 6224 486 6936
3 494 6101 7059
3 2253 6479 6930
3 4432 6373 7059
3 2234 6594 6896
3 6590 676 6958
3 1038 6663 6791
3 6589 4323 6824
3 6333 417 7082
3 3917 6677 6785
3 4292 6301 6302
3 4616 6676 6811
3 4630 6607 6845
3 6627 3863 6864
3 372 6750 6761
3 6637 3871 6855
3 6760 4573 6971
3 6615 456 6898
3 6650 381 6875
3 6577 4773 6944
3 4391 6945 7061
3 6349 4570 7055
3 4880 6665 6866
3 4983 6886 7038
3 5794 6813 6846
3 6753 3927 6830
3 6550 4001 7031
3 6813 5294 6846
3 6689 3982 7068
3 197 3845 6617
3 4885 6717 6893
3 4421 6649 6937
3 361 6188 7037
3 5214 6544 7083
3 6125 6710 6918
3 4230 6891 7010
3 6815 3433 6888
3 6792 4221 6887
3 4292 6302 6882
3 459 6728 6992
3 6927 4020 7008
3 6728 4263 6992
3 3492 6713 6978
3 6701 496 7077
3 6839 3989 7036
3 6737 3762 6971
3 4043 6644 7044
3 3970 6821 6920
3 6756 4340 6969
3 4187 6668 7081
3 6690 1104 7053
3 6822 2741 6940
3 4413 6917 6989
3 6827 4687 7078
3 6742 2753 7026
3 6763 3515 7075
3 4448 6808 6994
3 6917 425 6989
3 195 485 6302
3 3944 6867 7010
3 4758 6803 7057
3 6188 3725 7037
3 389 6927 7008
3 6905 5247 7063
3 6291 201 7068
3 485 196 6617
3 205 6471 6908
3 6302 485 6882
3 198 205 3845
3 0 1 6188

CELL_TYPES 14367
1
1
1
1
1
1
1
1
1
1
1
1
1
1
1
1
1
1
1
1
1
1
1
1
1
1
1
1
1
1
1
1
1
1
1
1
1
1
1
1
1
1
1
1
1
1
1
1
1
1
1
1
1
1
1
1
1
1
1
1
1
1
1
1
1
1
1
1
1
1
1
1
1
1
1
1
1
1
1
1
1
1
1
1
1
1
1
1
1
1
1
1
1
1
1
1
1
1
1
1
1
1
1
1
1
1
1
1
1
1
1
1
1
1
1
1
1
1
1
1
1
1
1
1
1
1
1
1
1
1
1
1
1
1
1
1
1
1
1
1
1
1
1
1
1
1
1
1
1
1
1
1
1
1
1
1
1
1
1
1
1
1
1
1
1
1
1
1
1
1
1
1
1
1
1
1
1
1
1
1
1
1
1
1
1
1
1
1
1
1
1
1
1
1
1
1
1
1
1
1
1
3
3
3
3
3
3
3
3
3
3
3
3
3
3
3
3
3
3
3
3
3
3
3
3
3
3
3
3
3
3
3
3
3
3
3
3
3
3
3
3
3
3
3
3
3
3
3
3
3
3
3
3
3
3
3
3
3
3
3
3
3
3
3
3
3
3
3
3
3
3
3
3
3
3
3
3
3
3
3
3
3
3
3
3
3
3
3
3
3
3
3
3
3
3
3
3
3
3
3
3
3
3
3
3
3
3
3
3
3
3
3
3
3
3
3
3
3
3
3
3
3
3
3
3
3
3
3
3
3
3
3
3
3
3
3
3
3
3
3
3
3
3
3
3
3
3
3
3
3
3
3
3
3
3
3
3
3
3
3
3
3
3
3
3
3
3
3
3
3
3
3
3
3
3
3
3
3
3
3
3
3
3
3
3
3
3
3
3
3
3
3
3
3
3
3
3
3
3
3
3
3
3
3
3
3
3
3
3
3
3
3
3
3
3
3
3
3
3
3
3
3
3
3
3
3
3
3
3
3
3
3
3
3
3
3
3
3
3
3
3
3
3
3
3
3
3
3
3
3
3
3
3
3
3
3
3
3
3
3
3
3
3
3
3
3
3
3
3
3
3
3
3
3
3
3
3
3
3
3
3
3
3
3
3
3
3
3
3
3
3
3
3
3
3
3
3
3
3
3
3
3
3
3
3
3
3
3
3
3
3
3
3
3
3
3
3
3
3
3
3
3
3
3
3
3
3
3
3
3
3
3
3
3
3
3
3
3
3
3
3
3
3
3
3
3
3
3
3
3
3
3
3
3
3
3
3
3
3
3
3
3
3
5
5
5
5
5
5
5
5
5
5
5
5
5
5
5
5
5
5
5
5
5
5
5
5
5
5
5
5
5
5
5
5
5
5
5
5
5
5
5
5
5
5
5
5
5
5
5
5
5
5
5
5
5
5
5
5
5
5
5
5
5
5
5
5
5
5
5
5
5
5
5
5
5
5
5
5
5
5
5
5
5
5
5
5
5
5
5
5
5
5
5
5
5
5
5
5
5
5
5
5
5
5
5
5
5
5
5
5
5
5
5
5
5
5
5
5
5
5
5
5
5
5
5
5
5
5
5
5
5
5
5
5
5
5
5
5
5
5
5
5
5
5
5
5
5
5
5
5
5
5
5
5
5
5
5
5
5
5
5
5
5
5
5
5
5
5
5
5
5
5
5
5
5
5
5
5
5
5
5
5
5
5
5
5
5
5
5
5
5
5
5
5
5
5
5
5
5
5
5
5
5
5
5
5
5
5
5
5
5
5
5
5
5
5
5
5
5
5
5
5
5
5
5
5
5
5
5
5
5
5
5
5
5
5
5
5
5
5
5
5
5
5
5
5
5
5
5
5
5
5
5
5
5
5
5
5
5
5
5
5
5
5
5
5
5
5
5
5
5
5
5
5
5
5
5
5
5
5
5
5
5
5
5
5
5
5
5
5
5
5
5
5
5
5
5
5
5
5
5
5
5
5
5
5
5
5
5
5
5
5
5
5
5
5
5
5
5
5
5
5
5
5
5
5
5
5
5
5
5
5
5
5
5
5
5
5
5
5
5
5
5
5
5
5
5
5
5
5
5
5
5
5
5
5
5
5
5
5
5
5
5
5
5
5
5
5
5
5
5
5
5
5
5
5
5
5
5
5
5
5
5
5
5
5
5
5
5
5
5
5
5
5
5
5
5
5
5
5
5
5
5
5
5
5
5
5
5
5
5
5
5
5
5
5
5
5
5
5
5
5
5
5
5
5
5
5
5
5
5
5
5
5
5
5
5
5
5
5
5
5
5
5
5
5
5
5
5
5
5
5
5
5
5
5
5
5
5
5
5
5
5
5
5
5
5
5
5
5
5
5
5
5
5
5
5
5
5
5
5
5
5
5
5
5
5
5
5
5
5
5
5
5
5
5
5
5
5
5
5
5
5
5
5
5
5
5
5
5
5
5
5
5
5
5
5
5
5
5
5
5
5
5
5
5
5
5
5
5
5
5
5
5
5
5
5
5
5
5
5
5
5
5
5
5
5
5
5
5
5
5
5
5
5
5
5
5
5
5
5
5
5
5
5
5
5
5
5
5
5
5
5
5
5
5
5
5
5
5
5
5
5
5
5
5
5
5
5
5
5
5
5
5
5
5
5
5
5
5
5
5
5
5
5
5
5
5
5
5
5
5
5
5
5
5
5
5
5
5
5
5
5
5
5
5
5
5
5
5
5
5
5
5
5
5
5
5
5
5
5
5
5
5
5
5
5
5
5
5
5
5
5
5
5
5
5
5
5
5
5
5
5
5
5
5
5
5
5
5
5
5
5
5
5
5
5
5
5
5
5
5
5
5
5
5
5
5
5
5
5
5
5
5
5
5
5
5
5
5
5
5
5
5
5
5
5
5
5
5
5
5
5
5
5
5
5
5
5
5
5
5
5
5
5
5
5
5
5
5
5
5
5
5
5
5
5
5
5
5
5
5
5
5
5
5
5
5
5
5
5
5
5
5
5
5
5
5
5
5
5
5
5
5
5
5
5
5
5
5
5
5
5
5
5
5
5
5
5
5
5
5
5
5
5
5
5
5
5
5
5
5
5
5
5
5
5
5
5
5
5
5
5
5
5
5
5
5
5
5
5
5
5
5
5
5
5
5
5
5
5
5
5
5
5
5
5
5
5
5
5
5
5
5
5
5
5
5
5
5
5
5
5
5
5
5
5
5
5
5
5
5
5
5
5
5
5
5
5
5
5
5
5
5
5
5
5
5
5
5
5
5
5
5
5
5
5
5
5
5
5
5
5
5
5
5
5
5
5
5
5
5
5
5
5
5
5
5
5
5
5
5
5
5
5
5
5
5
5
5
5
5
5
5
5
5
5
5
5
5
5
5
5
5
5
5
5
5
5
5
5
5
5
5
5
5
5
5
5
5
5
5
5
5
5
5
5
5
5
5
5
5
5
5
5
5
5
5
5
5
5
5
5
5
5
5
5
5
5
5
5
5
5
5
5
5
5
5
5
5
5
5
5
5
5
5
5
5
5
5
5
5
5
5
5
5
5
5
5
5
5
5
5
5
5
5
5
5
5
5
5
5
5
5
5
5
5
5
5
5
5
5
5
5
5
5
5
5
5
5
5
5
5
5
5
5
5
5
5
5
5
5
5
5
5
5
5
5
5
5
5
5
5
5
5
5
5
5
5
5
5
5
5
5
5
5
5
5
5
5
5
5
5
5
5
5
5
5
5
5
5
5
5
5
5
5
5
5
5
5
5
5
5
5
5
5
5
5
5
5
5
5
5
5
5
5
5
5
5
5
5
5
5
5
5
5
5
5
5
5
5
5
5
5
5
5
5
5
5
5
5
5
5
5
5
5
5
5
5
5
5
5
5
5
5
5
5
5
5
5
5
5
5
5
5
5
5
5
5
5
5
5
5
5
5
5
5
5
5
5
5
5
5
5
5
5
5
5
5
5
5
5
5
5
5
5
5
5
5
5
5
5
5
5
5
5
5
5
5
5
5
5
5
5
5
5
5
5
5
5
5
5
5
5
5
5
5
5
5
5
5
5
5
5
5
5
5
5
5
5
5
5
5
5
5
5
5
5
5
5
5
5
5
5
5
5
5
5
5
5
5
5
5
5
5
5
5
5
5
5
5
5
5
5
5
5
5
5
5
5
5
5
5
5
5
5
5
5
5
5
5
5
5
5
5
5
5
5
5
5
5
5
5
5
5
5
5
5
5
5
5
5
5
5
5
5
5
5
5
5
5
5
5
5
5
5
5
5
5
5
5
5
5
5
5
5
5
5
5
5
5
5
5
5
5
5
5
5
5
5
5
5
5
5
5
5
5
5
5
5
5
5
5
5
5
5
5
5
5
5
5
5
5
5
5
5
5
5
5
5
5
5
5
5
5
5
5
5
5
5
5
5
5
5
5
5
5
5
5
5
5
5
5
5
5
5
5
5
5
5
5
5
5
5
5
5
5
5
5
5
5
5
5
5
5
5
5
5
5
5
5
5
5
5
5
5
5
5
5
5
5
5
5
5
5
5
5
5
5
5
5
5
5
5
5
5
5
5
5
5
5
5
5
5
5
5
5
5
5
5
5
5
5
5
5
5
5
5
5
5
5
5
5
5
5
5
5
5
5
5
5
5
5
5
5
5
5
5
5
5
5
5
5
5
5
5
5
5
5
5
5
5
5
5
5
5
5
5
5
5
5
5
5
5
5
5
5
5
5
5
5
5
5
5
5
5
5
5
5
5
5
5
5
5
5
5
5
5
5
5
5
5
5
5
5
5
5
5
5
5
5
5
5
5
5
5
5
5
5
5
5
5
5
5
5
5
5
5
5
5
5
5
5
5
5
5
5
5
5
5
5
5
5
5
5
5
5
5
5
5
5
5
5
5
5
5
5
5
5
5
5
5
5
5
5
5
5
5
5
5
5
5
5
5
5
5
5
5
5
5
5
5
5
5
5
5
5
5
5
5
5
5
5
5
5
5
5
5
5
5
5
5
5
5
5
5
5
5
5
5
5
5
5
5
5
5
5
5
5
5
5
5
5
5
5
5
5
5
5
5
5
5
5
5
5
5
5
5
5
5
5
5
5
5
5
5
5
5
5
5
5
5
5
5
5
5
5
5
5
5
5
5
5
5
5
5
5
5
5
5
5
5
5
5
5
5
5
5
5
5
5
5
5
5
5
5
5
5
5
5
5
5
5
5
5
5
5
5
5
5
5
5
5
5
5
5
5
5
5
5
5
5
5
5
5
5
5
5
5
5
5
5
5
5
5
5
5
5
5
5
5
5
5
5
5
5
5
5
5
5
5
5
5
5
5
5
5
5
5
5
5
5
5
5
5
5
5
5
5
5
5
5
5
5
5
5
5
5
5
5
5
5
5
5
5
5
5
5
5
5
5
5
5
5
5
5
5
5
5
5
5
5
5
5
5
5
5
5
5
5
5
5
5
5
5
5
5
5
5
5
5
5
5
5
5
5
5
5
5
5
5
5
5
5
5
5
5
5
5
5
5
5
5
5
5
5
5
5
5
5
5
5
5
5
5
5
5
5
5
5
5
5
5
5
5
5
5
5
5
5
5
5
5
5
5
5
5
5
5
5
5
5
5
5
5
5
5
5
5
5
5
5
5
5
5
5
5
5
5
5
5
5
5
5
5
5
5
5
5
5
5
5
5
5
5
5
5
5
5
5
5
5
5
5
5
5
5
5
5
5
5
5
5
5
5
5
5
5
5
5
5
5
5
5
5
5
5
5
5
5
5
5
5
5
5
5
5
5
5
5
5
5
5
5
5
5
5
5
5
5
5
5
5
5
5
5
5
5
5
5
5
5
5
5
5
5
5
5
5
5
5
5
5
5
5
5
5
5
5
5
5
5
5
5
5
5
5
5
5
5
5
5
5
5
5
5
5
5
5
5
5
5
5
5
5
5
5
5
5
5
5
5
5
5
5
5
5
5
5
5
5
5
5
5
5
5
5
5
5
5
5
5
5
5
5
5
5
5
5
5
5
5
5
5
5
5
5
5
5
5
5
5
5
5
5
5
5
5
5
5
5
5
5
5
5
5
5
5
5
5
5
5
5
5
5
5
5
5
5
5
5
5
5
5
5
5
5
5
5
5
5
5
5
5
5
5
5
5
5
5
5
5
5
5
5
5
5
5
5
5
5
5
5
5
5
5
5
5
5
5
5
5
5
5
5
5
5
5
5
5
5
5
5
5
5
5
5
5
5
5
5
5
5
5
5
5
5
5
5
5
5
5
5
5
5
5
5
5
5
5
5
5
5
5
5
5
5
5
5
5
5
5
5
5
5
5
5
5
5
5
5
5
5
5
5
5
5
5
5
5
5
5
5
5
5
5
5
5
5
5
5
5
5
5
5
5
5
5
5
5
5
5
5
5
5
5
5
5
5
5
5
5
5
5
5
5
5
5
5
5
5
5
5
5
5
5
5
5
5
5
5
5
5
5
5
5
5
5
5
5
5
5
5
5
5
5
5
5
5
5
5
5
5
5
5
5
5
5
5
5
5
5
5
5
5
5
5
5
5
5
5
5
5
5
5
5
5
5
5
5
5
5
5
5
5
5
5
5
5
5
5
5
5
5
5
5
5
5
5
5
5
5
5
5
5
5
5
5
5
5
5
5
5
5
5
5
5
5
5
5
5
5
5
5
5
5
5
5
5
5
5
5
5
5
5
5
5
5
5
5
5
5
5
5
5
5
5
5
5
5
5
5
5
5
5
5
5
5
5
5
5
5
5
5
5
5
5
5
5
5
5
5
5
5
5
5
5
5
5
5
5
5
5
5
5
5
5
5
5
5
5
5
5
5
5
5
5
5
5
5
5
5
5
5
5
5
5
5
5
5
5
5
5
5
5
5
5
5
5
5
5
5
5
5
5
5
5
5
5
5
5
5
5
5
5
5
5
5
5
5
5
5
5
5
5
5
5
5
5
5
5
5
5
5
5
5
5
5
5
5
5
5
5
5
5
5
5
5
5
5
5
5
5
5
5
5
5
5
5
5
5
5
5
5
5
5
5
5
5
5
5
5
5
5
5
5
5
5
5
5
5
5
5
5
5
5
5
5
5
5
5
5
5
5
5
5
5
5
5
5
5
5
5
5
5
5
5
5
5
5
5
5
5
5
5
5
5
5
5
5
5
5
5
5
5
5
5
5
5
5
5
5
5
5
5
5
5
5
5
5
5
5
5
5
5
5
5
5
5
5
5
5
5
5
5
5
5
5
5
5
5
5
5
5
5
5
5
5
5
5
5
5
5
5
5
5
5
5
5
5
5
5
5
5
5
5
5
5
5
5
5
5
5
5
5
5
5
5
5
5
5
5
5
5
5
5
5
5
5
5
5
5
5
5
5
5
5
5
5
5
5
5
5
5
5
5
5
5
5
5
5
5
5
5
5
5
5
5
5
5
5
5
5
5
5
5
5
5
5
5
5
5
5
5
5
5
5
5
5
5
5
5
5
5
5
5
5
5
5
5
5
5
5
5
5
5
5
5
5
5
5
5
5
5
5
5
5
5
5
5
5
5
5
5
5
5
5
5
5
5
5
5
5
5
5
5
5
5
5
5
5
5
5
5
5
5
5
5
5
5
5
5
5
5
5
5
5
5
5
5
5
5
5
5
5
5
5
5
5
5
5
5
5
5
5
5
5
5
5
5
5
5
5
5
5
5
5
5
5
5
5
5
5
5
5
5
5
5
5
5
5
5
5
5
5
5
5
5
5
5
5
5
5
5
5
5
5
5
5
5
5
5
5
5
5
5
5
5
5
5
5
5
5
5
5
5
5
5
5
5
5
5
5
5
5
5
5
5
5
5
5
5
5
5
5
5
5
5
5
5
5
5
5
5
5
5
5
5
5
5
5
5
5
5
5
5
5
5
5
5
5
5
5
5
5
5
5
5
5
5
5
5
5
5
5
5
5
5
5
5
5
5
5
5
5
5
5
5
5
5
5
5
5
5
5
5
5
5
5
5
5
5
5
5
5
5
5
5
5
5
5
5
5
5
5
5
5
5
5
5
5
5
5
5
5
5
5
5
5
5
5
5
5
5
5
5
5
5
5
5
5
5
5
5
5
5
5
5
5
5
5
5
5
5
5
5
5
5
5
5
5
5
5
5
5
5
5
5
5
5
5
5
5
5
5
5
5
5
5
5
5
5
5
5
5
5
5
5
5
5
5
5
5
5
5
5
5
5
5
5
5
5
5
5
5
5
5
5
5
5
5
5
5
5
5
5
5
5
5
5
5
5
5
5
5
5
5
5
5
5
5
5
5
5
5
5
5
5
5
5
5
5
5
5
5
5
5
5
5
5
5
5
5
5
5
5
5
5
5
5
5
5
5
5
5
5
5
5
5
5
5
5
5
5
5
5
5
5
5
5
5
5
5
5
5
5
5
5
5
5
5
5
5
5
5
5
5
5
5
5
5
5
5
5
5
5
5
5
5
5
5
5
5
5
5
5
5
5
5
5
5
5
5
5
5
5
5
5
5
5
5
5
5
5
5
5
5
5
5
5
5
5
5
5
5
5
5
5
5
5
5
5
5
5
5
5
5
5
5
5
5
5
5
5
5
5
5
5
5
5
5
5
5
5
5
5
5
5
5
5
5
5
5
5
5
5
5
5
5
5
5
5
5
5
5
5
5
5
5
5
5
5
5
5
5
5
5
5
5
5
5
5
5
5
5
5
5
5
5
5
5
5
5
5
5
5
5
5
5
5
5
5
5
5
5
5
5
5
5
5
5
5
5
5
5
5
5
5
5
5
5
5
5
5
5
5
5
5
5
5
5
5
5
5
5
5
5
5
5
5
5
5
5
5
5
5
5
5
5
5
5
5
5
5
5
5
5
5
5
5
5
5
5
5
5
5
5
5
5
5
5
5
5
5
5
5
5
5
5
5
5
5
5
5
5
5
5
5
5
5
5
5
5
5
5
5
5
5
5
5
5
5
5
5
5
5
5
5
5
5
5
5
5
5
5
5
5
5
5
5
5
5
5
5
5
5
5
5
5
5
5
5
5
5
5
5
5
5
5
5
5
5
5
5
5
5
5
5
5
5
5
5
5
5
5
5
5
5
5
5
5
5
5
5
5
5
5
5
5
5
5
5
5
5
5
5
5
5
5
5
5
5
5
5
5
5
5
5
5
5
5
5
5
5
5
5
5
5
5
5
5
5
5
5
5
5
5
5
5
5
5
5
5
5
5
5
5
5
5
5
5
5
5
5
5
5
5
5
5
5
5
5
5
5
5
5
5
5
5
5
5
5
5
5
5
5
5
5
5
5
5
5
5
5
5
5
5
5
5
5
5
5
5
5
5
5
5
5
5
5
5
5
5
5
5
5
5
5
5
5
5
5
5
5
5
5
5
5
5
5
5
5
5
5
5
5
5
5
5
5
5
5
5
5
5
5
5
5
5
5
5
5
5
5
5
5
5
5
5
5
5
5
5
5
5
5
5
5
5
5
5
5
5
5
5
5
5
5
5
5
5
5
5
5
5
5
5
5
5
5
5
5
5
5
5
5
5
5
5
5
5
5
5
5
5
5
5
5
5
5
5
5
5
5
5
5
5
5
5
5
5
5
5
5
5
5
5
5
5
5
5
5
5
5
5
5
5
5
5
5
5
5
5
5
5
5
5
5
5
5
5
5
5
5
5
5
5
5
5
5
5
5
5
5
5
5
5
5
5
5
5
5
5
5
5
5
5
5
5
5
5
5
5
5
5
5
5
5
5
5
5
5
5
5
5
5
5
5
5
5
5
5
5
5
5
5
5
5
5
5
5
5
5
5
5
5
5
5
5
5
5
5
5
5
5
5
5
5
5
5
5
5
5
5
5
5
5
5
5
5
5
5
5
5
5
5
5
5
5
5
5
5
5
5
5
5
5
5
5
5
5
5
5
5
5
5
5
5
5
5
5
5
5
5
5
5
5
5
5
5
5
5
5
5
5
5
5
5
5
5
5
5
5
5
5
5
5
5
5
5
5
5
5
5
5
5
5
5
5
5
5
5
5
5
5
5
5
5
5
5
5
5
5
5
5
5
5
5
5
5
5
5
5
5
5
5
5
5
5
5
5
5
5
5
5
5
5
5
5
5
5
5
5
5
5
5
5
5
5
5
5
5
5
5
5
5
5
5
5
5
5
5
5
5
5
5
5
5
5
5
5
5
5
5
5
5
5
5
5
5
5
5
5
5
5
5
5
5
5
5
5
5
5
5
5
5
5
5
5
5
5
5
5
5
5
5
5
5
5
5
5
5
5
5
5
5
5
5
5
5
5
5
5
5
5
5
5
5
5
5
5
5
5
5
5
5
5
5
5
5
5
5
5
5
5
5
5
5
5
5
5
5
5
5
5
5
5
5
5
5
5
5
5
5
5
5
5
5
5
5
5
5
5
5
5
5
5
5
5
5
5
5
5
5
5
5
5
5
5
5
5
5
5
5
5
5
5
5
5
5
5
5
5
5
5
5
5
5
5
5
5
5
5
5
5
5
5
5
5
5
5
5
5
5
5
5
5
5
5
5
5
5
5
5
5
5
5
5
5
5
5
5
5
5
5
5
5
5
5
5
5
5
5
5
5
5
5
5
5
5
5
5
5
5
5
5
5
5
5
5
5
5
5
5
5
5
5
5
5
5
5
5
5
5
5
5
5
5
5
5
5
5
5
5
5
5
5
5
5
5
5
5
5
5
5
5
5
5
5
5
5
5
5
5
5
5
5
5
5
5
5
5
5
5
5
5
5
5
5
5
5
5
5
5
5
5
5
5
5
5
5
5
5
5
5
5
5
5
5
5
5
5
5
5
5
5
5
5
5
5
5
5
5
5
5
5
5
5
5
5
5
5
5
5
5
5
5
5
5
5
5
5
5
5
5
5
5
5
5
5
5
5
5
5
5
5
5
5
5
5
5
5
5
5
5
5
5
5
5
5
5
5
5
5
5
5
5
5
5
5
5
5
5
5
5
5
5
5
5
5
5
5
5
5
5
5
5
5
5
5
5
5
5
5
5
5
5
5
5
5
5
5
5
5
5
5
5
5
5
5
5
5
5
5
5
5
5
5
5
5
5
5
5
5
5
5
5
5
5
5
5
5
5
5
5
5
5
5
5
5
5
5
5
5
5
5
5
5
5
5
5
5
5
5
5
5
5
5
5
5
5
5
5
5
5
5
5
5
5
5
5
5
5
5
5
5
5
5
5
5
5
5
5
5
5
5
5
5
5
5
5
5
5
5
5
5
5
5
5
5
5
5
5
5
5
5
5
5
5
5
5
5
5
5
5
5
5
5
5
5
5
5
5
5
5
5
5
5
5
5
5
5
5
5
5
5
5
5
5
5
5
5
5
5
5
5
5
5
5
5
5
5
5
5
5
5
5
5
5
5
5
5
5
5
5
5
5
5
5
5
5
5
5
5
5
5
5
5
5
5
5
5
5
5
5
5
5
5
5
5
5
5
5
5
5
5
5
5
5
5
5
5
5
5
5
5
5
5
5
5
5
5
5
5
5
5
5
5
5
5
5
5
5
5
5
5
5
5
5
5
5
5
5
5
5
5
5
5
5
5
5
5
5
5
5
5
5
5
5
5
5
5
5
5
5
5
5
5
5
5
5
5
5
5
5
5
5
5
5
5
5
5
5
5
5
5
5
5
5
5
5
5
5
5
5
5
5
5
5
5
5
5
5
5
5
5
5
5
5
5
5
5
5
5
5
5
5
5
5
5
5
5
5
5
5
5
5
5
5
5
5
5
5
5
5
5
5
5
5
5
5
5
5
5
5
5
5
5
5
5
5
5
5
5
5
5
5
5
5
5
5
5
5
5
5
5
5
5
5
5
5
5
5
5
5
5
5
5
5
5
5
5
5
5
5
5
5
5
5
5
5
5
5
5
5
5
5
5
5
5
5
5
5
5
5
5
5
5
5
5
5
5
5
5
5
5
5
5
5
5
5
5
5
5
5
5
5
5
5
5
5
5
5
5
5
5
5
5
5
5
5
5
5
5
5
5
5
5
5
5
5
5
5
5
5
5
5
5
5
5
5
5
5
5
5
5
5
5
5
5
5
5
5
5
5
5
5
5
5
5
5
5
5
5
5
5
5
5
5
5
5
5
5
5
5
5
5
5
5
5
5
5
5
5
5
5
5
5
5
5
5
5
5
5
5
5
5
5
5
5
5
5
5
5
5
5
5
5
5
5
5
5
5
5
5
5
5
5
5
5
5
5
5
5
5
5
5
5
5
5
5
5
5
5
5
5
5
5
5
5
5
5
5
5
5
5
5
5
5
5
5
5
5
5
5
5
5
5
5
5
5
5
5
5
5
5
5
5
5
5
5
5
5
5
5
5
5
5
5
5
5
5
5
5
5
5
5
5
5
5
5
5
5
5
5
5
5
5
5
5
5
5
5
5
5
5
5
5
5
5
5
5
5
5
5
5
5
5
5
5
5
5
5
5
5
5
5
5
5
5
5
5
5
5
5
5
5
5
5
5
5
5
5
5
5
5
5
5
5
5
5
5
5
5
5
5
5
5
5
5
5
5
5
5
5
5
5
5
5
5
5
5
5
5
5
5
5
5
5
5
5
5
5
5
5
5
5
5
5
5
5
5
5
5
5
5
5
5
5
5
5
5
5
5
5
5
5
5
5
5
5
5
5
5
5
5
5
5
5
5
5
5
5
5
5
5
5
5
5
5
5
5
5
5
5
5
5
5
5
5
5
5
5
5
5
5
5
5
5
5
5
5
5
5
5
5
5
5
5
5
5
5
5
5
5
5
5
5
5
5
5
5
5
5
5
5
5
5
5
5
5
5
5
5
5
5
5
5
5
5
5
5
5
5
5
5
5
5
5
5
5
5
5
5
5
5
5
5
5
5
5
5
5
5
5
5
5
5
5
5
5
5
5
5
5
5
5
5
5
5
5
5
5
5
5
5
5
5
5
5
5
5
5
5
5
5
5
5
5
5
5
5
5
5
5
5
5
5
5
5
5
5
5
5
5
5
5
5
5
5
5
5
5
5
5
5
5
5
5
5
5
5
5
5
5
5
5
5
5
5
5
5
5
5
5
5
5
5
5
5
5
5
5
5
5
5
5
5
5
5
5
5
5
5
5
5
5
5
5
5
5
5
5
5
5
5
5
5
5
5
5
5
5
5
5
5
5
5
5
5
5
5
5
5
5
5
5
5
5
5
5
5
5
5
5
5
5
5
5
5
5
5
5
5
5
5
5
5
5
5
5
5
5
5
5
5
5
5
5
5
5
5
5
5
5
5
5
5
5
5
5
5
5
5
5
5
5
5
5
5
5
5
5
5
5
5
5
5
5
5
5
5
5
5
5
5
5
5
5
5
5
5
5
5
5
5
5
5
5
5
5
5
5
5
5
5
5
5
5
5
5
5
5
5
5
5
5
5
5
5
5
5
5
5
5
5
5
5
5
5
5
5
5
5
5
5
5
5
5
5
5
5
5
5
5
5
5
5
5
5
5
5
5
5
5
5
5
5
5
5
5
5
5
5
5
5
5
5
5
5
5
5
5
5
5
5
5
5
5
5
5
5
5
5
5
5
5
5
5
5
5
5
5
5
5
5
5
5
5
5
5
5
5
5
5
5
5
5
5
5
5
5
5
5
5
5
5
5
5
5
5
5
5
5
5
5
5
5
5
5
5
5
5
5
5
5
5
5
5
5
5
5
5
5
5
5
5
5
5
5
5
5
5
5
5
5
5
5
5
5
5
5
5
5
5
5
5
5
5
5
5
5
5
5
5
5
5
5
5
5
5
5
5
5
5
5
5
5
5
5
5
5
5
5
5
5
5
5
5
5
5
5
5
5
5
5
5
5
5
5
5
5
5
5
5
5
5
5
5
5
5
5
5
5
5
5
5
5
5
5
5
5
5
5
5
5
5
5
5
5
5
5
5
5
5
5
5
5
5
5
5
5
5
5
5
5
5
5
5
5
5
5
5
5
5
5
5
5
5
5
5
5
5
5
5
5
5
5
5
5
5
5
5
5
5
5
5
5
5
5
5
5
5
5
5
5
5
5
5
5
5
5
5
5
5
5
5
5
5
5
5
5
5
5
5
5
5
5
5
5
5
5
5
5
5
5
5
5
5
5
5
5
5
5
5
5
5
5
5
5
5
5
5
5
5
5
5
5
5
5
5
5
5
5
5
5
5
5
5
5
5
5
5
5
5
5
5
5
5
5
5
5
5
5
5
5
5
5
5
5
5
5
5
5
5
5
5
5
5
5
5
5
5
5
5
5
5
5
5
5
5
5
5
5
5
5
5
5
5
5
5
5
5
5
5
5
5
5
5
5
5
5
5
5
5
5
5
5
5
5
5
5
5
5
5
5
5
5
5
5
5
5
5
5
5
5
5
5
5
5
5
5
5
5
5
5
5
5
5
5
5
5
5
5
5
5
5
5
5
5
5
5
5
5
5
5
5
5
5
5
5
5
5
5
5
5
5
5
5
5
5
5
5
5
5
5
5
5
5
5
5
5
5
5
5
5
5
5
5
5
5
5
5
5
5
5
5
5
5
5
5
5
5
5
5
5
5
5
5
5
5
5
5
5
5
5
5
5
5
5
5
5
5
5
5
5
5
5
5
5
5
5
5
5
5
5
5
5
5
5
5
5
5
5
5
5
5
5
5
5
5
5
5
5
5
5
5
5
5
5
5
5
5
5
5
5
5
5
5
5
5
5
5
5
5
5
5
5
5
5
5
5
5
5
5
5
5
5
5
5
5
5
5
5
5
5
5
5
5
5
5
5
5
5
5
5
5
5
5
5
5
5
5
5
5
5
5
5
5
5
5
5
5
5
5
5
5
5
5
5
5
5
5
5
5
5
5
5
5
5
5
5
5
5
5
5
5
5
5
5
5
5
5
5
5
5
5
5
5
5
5
5
5
5
5
5
5
5
5
5
5
5
5
5
5
5
5
5
5
5
5
5
5
5
5
5
5
5
5
5
5
5
5
5
5
5
5
5
5
5
5
5
5
5
5
5
5
5
5
5
5
5
5
5
5
5
5
5
5
5
5
5
5
5
5
5
5
5
5
5
5
5
5
5
5
5
5
5
5
5
5
5
5
5
5
5
5
5
5
5
5
5
5
5
5
5
5
5
5
5
5
5
5
5
5
5
5
5
5
5
5
5
5
5
5
5
5
5
5
5
5
5
5
5
5
5
5
5
5
5
5
5
5
5
5
5
5
5
5
5
5
5
5
5
5
5
5
5
5
5
5
5
5
5
5
5
5
5
5
5
5
5
5
5
5
5
5
5
5
5
5
5
5
5
5
5
5
5
5
5
5
5
5
5
5
5
5
5
5
5
5
5
5
5
5
5
5
5
5
5
5
5
5
5
5
5
5
5
5
5
5
5
5
5
5
5
5
5
5
5
5
5
5
5
5
5
5
5
5
5
5
5
5
5
5
5
5
5
5
5
5
5
5
5
5
5
5
5
5
5
5
5
5
5
5
5
5
5
5
5
5
5
5
5
5
5
5
5
5
5
5
5
5
5
5
5
5
5
5
5
5
5
5
5
5
5
5
5
5
5
5
5
5
5
5
5
5
5
5
5
5
5
5
5
5
5
5
5
5
5
5
5
5
5
5
5
5
5
5
5
5
5
5
5
5
5
5
5
5
5
5
5
5
5
5
5
5
5
5
5
5
5
5
5
5
5
5
5
5
5
5
5
5
5
5
5
5
5
5
5
5
5
5
5
5
5
5
5
5
5
5
5
5
5
5
5
5
5
5
5
5
5
5
5
5
5
5
5
5
5
5
5
5
5
5
5
5
5
5
5
5
5
5
5
5
5
5
5
5
5
5
5
5
5
5
5
5
5
5
5
5
5
5
5
5
5
5
5
5
5
5
5
5
5
5
5
5
5
5
5
5
5
5
5
5
5
5
5
5
5
5
5
5
5
5
5
5
5
5
5
5
5
5
5
5
5
5
5
5
5
5
5
5
5
5
5
5
5
5
5
5
5
5
5
5
5
5
5
5
5
5
5
5
5
5
5
5
5
5
5
5
5
5
5
5
5
5
5
5
5
5
5
5
5
5
5
5
5
5
5
5
5
5
5
5
5
5
5
5
5
5
5
5
5
5
5
5
5
5
5
5
5
5
5
5
5
5
5
5
5
5
5
5
5
5
5
5
5
5
5
5
5
5
5
5
5
5
5
5
5
5
5
5
5
5
5
5
5
5
5
5
5
5
5
5
5
5
5
5
5
5
5
5
5
5
5
5
5
5
5
5
5
5
5
5
5
5
5
5
5
5
5
5
5
5
5
5
5
5
5
5
5
5
5
5
5
5
5
5
5
5
5
5
5
5
5
5
5
5
5
5
5
5
5
5
5
5
5
5
5
5
5
5
5
5
5
5
5
5
5
5
5
5
5
5
5
5
5
5
5
5
5
5
5
5
5
5
5
5
5
5
5
5
5
5
5
5
5
5
5
5
5
5
5
5
5
5
5
5
5
5
5
5
5
5
5
5
5
5
5
5
5
5
5
5
5
5
5
5
5
5
5
5
5
5
5
5
5
5
5
5
5
5
5
5
5
5
5
5
5
5
5
5
5
5
5
5
5
5
5
5
5
5
5
5
5
5
5
5
5
5
5
5
5
5
5
5
5
5
5
5
5
5
5
5
5
5
5
5
5
5
5
5
5
5
5
5
5
5
5
5
5
5
5
5
5
5
5
5
5
5
5
5
5
5
5
5
5
5
5
5
5
5
5
5
5
5
5
5
5
5
5
5
5
5
5
5
5
5
5
5
5
5
5
5
5
5
5
5
5
5
5
5
5
5
5
5
5
5
5
5
5
5
5
5
5
5
5
5
5
5
5
5
5
5
5
5
5
5
5
5
5
5
5
5
5
5
5
5
5
5
5
5
5
5
5
5
5
5
5
5
5
5
5
5
5
5
5
5
5
5
5
5
5
5
5
5
5
5
5
5
5
5
5
5
5
5
5
5
5
5
5
5
5
5
5
5
5
5
5
5
5
5
5
5
5
5
5
5
5
5
5
5
5
5
5
5
5
5
5
5
5
5
5
5
5
5
5
5
5
5
5
5
5
5
5
5
5
5
5
5
5
5
5
5
5
5
5
5
5
5
5
5
5
5
5
5
5
5
5
5
5
5
5
5
5
5
5
5
5
5
5
5
5
5
5
5
5
5
5
5
5
5
5
5
5
5
5
5
5
5
5
5
5
5
5
5
5
5
5
5
5
5
5
5
5
5
5
5
5
5
5
5
5
5
5
5
5
5
5
5
5
5
5
5
5
5
5
5
5
5
5
5
5
5
5
5
5
5
5
5
5
5
5
5
5
5
5
5
5
5
5
5
5
5
5
5
5
5
5
5
5
5
5
5
5
5
5
5
5
5
5
5
5
5
5
5
5
5
5
5
5
5
5
5
5
5
5
5
5
5
5
5
5
5
5
5
5
5
5
5
5
5
5
5
5
5
5
5
5
5
5
5
5
5
5
5
5
5
5
5
5
5
5
5
5
5
5
5
5
5
5
5
5
5
5
5
5
5
5
5
5
5
5
5
5
5
5
5
5
5
5
5
5
5
5
5
5
5
5
5
5
5
5
5
5
5
5
5
5
5
5
5
5
5
5
5
5
5
5
5
5
5
5
5
5
5
5
5
5
5
5
5
5
5
5
5
5
5
5
5
5
5
5
5
5
5
5
5
5
5
5
5
5
5
5
5
5
5
5
5
5
5
5
5
5
5
5
5
5
5
5
5
5
5
5
5
5
5
5
5
5
5
5
5
5
5
5
5
5
5
5
5
5
5
5
5
5
5
5
5
5
5
5
5
5
5
5
5
5
5
5
5
5
5
5
5
5
5
5
5
5
5
5
5
5
5
5
5
5
5
5
5
5
5
5
5
5
5
5
5
5
5
5
5
5
5
5
5
5
5
5
5
5
5
5
5
5
5
5
5
5
5
5
5
5
5
5
5
5
5
5
5
5
5
5
5
5
5
5
5
5
5
5
5
5
5
5
5
5
5
5
5
5
5
5
5
5
5
5
5
5
5
5
5
5
5
5
5
5
5
5
5
5
5
5
5
5
5
5
5
5
5
5
5
5
5
5
5
5
5
5
5
5
5
5
5
5
5
5
5
5
5
5
5
5
5
5
5
5
5
5
5
5
5
5
5
5
5
5
5
5
5
5
5
5
5
5
5
5
5
5
5
5
5
5
5
5
5
5
5
5
5
5
5
5
5
5
5
5
5
5
5
5
5
5
5
5
5
5
5
5
5
5
5
5
5
5
5
5
5
5
5
5
5
5
5
5
5
5
5
5
5
5
5
5
5
5
5
5
5
5
5
5
5
5
5
5
5
5
5
5
5
5
5
5
5
5
5
5
5
5
5
5
5
5
5
5
5
5
5
5
5
5
5
5
5
5
5
5
5
5
5
5
5
5
5
5
5
5
5
5
5
5
5
5
5
5
5
5
5
5
5
5
5
5
5
5
5
5
5
5
5
5
5
5
5
5
5
5
5
5
5
5
5
5
5
5
5
5
5
5
5
5
5
5
5
5
5
5
5
5
5
5
5
5
5
5
5
5
5
5
5
5
5
5
5
5
5
5
5
5
5
5
5
5
5
5
5
5
5
5
5
5
5
5
5
5
5
5
5
5
5
5
5
5
5
5
5
5
5
5
5
5
5
5
5
5
5
5
5
5
5
5
5
5
5
5
5
5
5
5
5
5
5
5
5
5
5
5
5
5
5
5
5
5
5
5
5
5
5
5
5
5
5
5
5
5
5
5
5
5
5
5
5
5
5
5
5
5
5
5
5
5
5
5
5
5
5
5
5
5
5
5
5
5
5
5
5
5
5
5
5
5
5
5
5
5
5
5
5
5
5
5
5
5
5
5
5
5
5
5
5
5
5
5
5
5
5
5
5
5
5
5
5
5
5
5
5
5
5
5
5
5
5
5
5
5
5
5
5
5
5
5
5
5
5
5
5
5
5
5
5
5
5
5
5
5
5
5
5
5
5
5
5
5
5
5
5
5
5
5
5
5
5
5
5
5
5
5
5
5
5
5
5
5
5
5
5
5
5
5
5
5
5
5
5
5
5
5
5
5
5
5
5
5
5
5
5
5
5
5
5
5
5
5
5
5
5
5
5
5
5
5
5
5
5
5
5
5
5
5
5
5
5
5
5
5
5
5
5
5
5
5
5
5
5
5
5
5
5
5
5
5
5
5
5
5
5
5
5
5
5
5
5
5
5
5
5
5
5
5
5
5
5
5
5
5
5
5
5
5
5
5
5
5
5
5
5
5
5
5
5
5
5
5
5
5
5
5
5
5
5
5
5
5
5
5
5
5
5
5
5
5
5
5
5
5
5
5
5
5
5
5
5
5
5
5
5
5
5
5
5
5
5
5
5
5
5
5
5
5
5
5
5
5
5
5
5
5
5
5
5
5
5
5
5
5
5
5
5
5
5
5
5
5
5
5
5
5
5
5
5
5
5
5
5
5
5
5
5
5
5
5
5
5
5
5
5
5
5
5
5
5
5
5
5
5
5
5
5
5
5
5
5
5
5
5
5
5
5
5
5
5
5
5
5
5
5
5
5
5
5
5
5
5
5
5
5
5
5
5
5
5
5
5
5
5
5
5
5
5
5
5
5
5
5
5
5
5
5
5
5
5
5
5
5
5
5
5
5
5
5
5
5
5
5
5
5
5
5
5
5
5
5
5
5
5
5
5
5
5
5
5
5
5
5
5
5
5
5
5
5
5
5
5
5
5
5
5
5
5
5
5
5
5
5
5
5
5
5
5
5
5
5
5
5
5
5
5
5
5
5
5
5
5
5
5
5
5
5
5
5
5
5
5
5
5
5
5
5
5
5
5
5
5
5
5
5
5
5
5
5
5
5
5
5
5
5
5
5
5
5
5
5
5
5
5
5
5
5
5
5
5
5
5
5
5
5
5
5
5
5
5
5
5
5
5
5
5
5
5
5
5
5
5
5
5
5
5
5
5
5
5
5
5
5
5
5
5
5
5
5
5
5
5
5
5
5
5
5
5
5
5
5
5
5
5
5
5
5
5
5
5
5
5
5
5
5
5
5
5
5
5
5
5
5
5
5
5
5
5
5
5
5
5
5
5
5
5
5
5
5
5
5
5
5
5
5
5
5
5
5
5
5
5
5
5
5
5
5
5
5
5
5
5
5
5
5
5
5
5
5
5
5
5
5
5
5
5
5
5
5
5
5
5
5
5
5
5
5
5
5
5
5
5
5
5
5
5
5
5
5
5
5
5
5
5
5
5
5
5
5
5
5
5
5
5
5
5
5
5
5
5
5
5
5
5
5
5
5
5
5
5
5
5
5
5
5
5
5
5
5
5
5
5
5
5
5
5
5
5
5
5
5
5
5
5
5
5
5
5
5
5
5
5
5
5
5
5
5
5
5
5
5
5
5
5
5
5
5
5
5
5
5
5
5
5
5
5
5
5
5
5
5
5
5
5
5
5
5
5
5
5
5
5
5
5
5
5
5
5
5
5
5
5
5
5
5
5
5
5
5
5
5
5
5
5
5
5
5
5
5
5
5
5
5
5
5
5
5
5
5
5
5
5
5
5
5
5
5
5
5
5
5
5
5
5
5
5
5
5
5
5
5
5
5
5
5
5
5
5
5
5
5
5
5
5
5
5
5
5
5
5
5
5
5
5
5
5
5
5
5
5
5
5
5
5
5
5
5
5
5
5
5
5
5
5
5
5
5
5
5
5
5
5
5
5
5
5
5
5
5
5
5
5
5
5
5
5
5
5
5
5
5
5
5
5
5
5
5
5
5
5
5
5
5
5
5
5
5
5
5
5
5
5
5
5
5
5
5
5
5
5
5
5
5
5
5
5
5
5
5
5
5
5
5
5
5
5
5
5
5
5
5
5
5
5
5
5
5
5
5
5
5
5
5
5
5
5
5
5
5
5
5
5
5
5
5
5
5
5
5
5
5
5
5
5
5
5
5
5
5
5
5
5
5
5
5
5
5
5
5
5
5
5
5
5
5
5
5
5
5
5
5
5
5
5
5
5
5
5
5
5
5
5
5
5
5
5
5
5
5
5
5
5
5
5
5
5
5
5
5
5
5
5
5
5
5
5
5
5
5
5
5
5
5
5
5
5
5
5
5
5
5
5
5
5
5
5
5
5
5
5
5
5
5
5
5
5
5
5
5
5
5
5
5
5
5
5
5
5
5
5
5
5
5
5
5
5
5
5
5
5
5
5
5
5
5
5
5
5
5
5
5
5
5
5
5
5
5
5
5
5
5
5
5
5
5
5
5
5
5
5
5
5
5
5
5
5
5
5
5
5
5
5
5
5
5
5
5
5
5
5
5
5
5
5
5
5
5
5
5
5
5
5
5
5
5
5
5
5
5
5
5
5
5
5
5
5
5
5
5
5
5
5
5
5
5
5
5
5
5
5
5
5
5
5
5
5
5
5
5
5
5
5
5
5
5
5
5
5
5
5
5
5
5
5
5
5
5
5
5
5
5
5
5
5
5
5
5
5
5
5
5
5
5
5
5
5
5
5
5
5
5
5
5
5
5
5
5
5
5
5
5
5
5
5
5
5
5
5
5
5
5
5
5
5
5
5
5
5
5
5
5
5
5
5
5
5
5
5
5
5
5
5
5
5
5
5
5
5
5
5
5
5
5
5
5
5
5
5
5
5
5
5
5
5
5
5
5
5
5
5
5
5
5
5
5
5
5
5
5
5
5
5
5
5
5
5
5
5
5
5
5
5
5
5
5
5
5
5
5
5
5
5
5
5
5
5
5
5
5
5
5
5
5
5
5
5
5
5
5
5
5
5
5
5
5
5
5
5
5
5
5
5
5
5
5
5
5
5
5
5
5
5
5
5
5
5
5
5
5
5
5
5
5
5
5
5
5
5
5
5
5
5
5
5
5
5
5
5
5
5
5
5
5
5
5
5
5
5
5
5
5
5
5
5
5
5
5
5
5
5
5
5
5
5
5
5
5
5
5
5
5
5
5
5
5
5
5
5
5
5
5
5
5
5
5
5
5
5
5
5
5
5
5
5
5
5
5
5
5
5
5
5
5
5
5
5
5
5
5
5
5
5
5
5
5
5
5
5
5
5
5
5
5
5
5
5
5
5
5
5
5
5
5
5
5
5
5
5
5
5
5
5
5
5
5
5
5
5
5
5
5
5
5
5
5
5
5
5
5
5
5
5
5
5
5
5
5
5
5
5
5
5
5
5
5
5
5
5
5
5
5
5
5
5
5
5
5
5
5
5
5
5
5
5
5
5
5
5
5
5
5
5
5
5
5
5
5
5
5
5
5
5
5
5
5
5
5
5
5
5
5
5
5
5
5
5
5
5
5
5
5
5
5
5
5
5
5
5
5
5
5
5
5
5
5
5
5
5
5
5
5
5
5
5
5
5
5
5
5
5
5
5
5
5
5
5
5
5
5
5
5
5
5
5
5
5
5
5
5
5
5
5
5
5
5
5
5
5
5
5
5
5
5
5
5
5
5
5
5
5
5
5
5
5
5
5
5
5
5
5
5
5
5
5
5
5
5
5
5
5
5
5
5
5
5
5
5
5
5
5
5
5
5
5
5
5
5
5
5
5
5
5
5
5
5
5
5
5
5
5
5
5
5
5
5
5
5
5
5
5
5
5
5
5
5
5
5
5
5
5
5
5
5
5
5
5
5
5
5
5
5
5
5
5
5
5
5
5
5
5
5
5
5
5
5
5
5
5
5
5
5
5
5
5
5
5
5
5
5
5
5
5
5
5
5
5
5
5
5
5
5
5
5
5
5
5
5
5
5
5
5
5
5
5
5
5
5
5
5
5
5
5
5
5
5
5
5
5
5
5
5
5
5
5
5
5
5
5
5
5
5
5
5
5
5
5
5
5
5
5
5
5
5
5
5
5
5
5
5
5
5
5
5
5
5
5
5
5
5
5
5
5
5
5
5
5
5
5
5
5
5
5
5
5
5
5
5
5
5
5
5
5
5
5
5
5
5
5
5
5
5
5
5
5
5
5
5
5
5
5
5
5
5
5
5
5
5
5
5
5
5
5
5
5
5
5
5
5
5
5
5
5
5
5
5
5
5
5
5
5
5
5
5
5
5
5
5
5
5
5
5
5
5
5
5
5
5
5
5
5
5
5
5
5
5
5
5
5
5
5
5
5
5
5
5
5
5
5
5
5
5
5
5
5
5
5
5
5
5
5
5
5
5
5
5
5
5
5
5
5
5
5
5
5
5
5
5
5
5
5
5
5
5
5
5
5
5
5
5
5
5
5
5
5
5
5
5
5
5
5
5
5
5
5
5
5
5
5
5
5
5
5
5
5
5
5
5
5
5
5
5
5
5
5
5
5
5
5
5
5
5
5
5
5
5
5
5
5
5
5
5
5
5
5
5
5
5
5
5
5
5
5
5
5
5
5
5
5
5
5
5
5
5
5
5
5
5
5
5
5
5
5
5
5
5
5
5
5
5
5
5
5
5
5
5
5
5
5
5
5
5
5
5
5
5
5
5
5
5
5
5
5
5
5
5
5
5
5
5
5
5
5
5
5
5
5
5
5
5
5
5
5
5
5
5
5
5
5
5
5
5
5
5
5
5
5
5
5
5
5
5
5
5
5
5
5
5
5
5
5
5
5
5
5
5
5
5
5
5
5
5
5
5
5
5
5
5
5
5
5
5
5
5
5
5
5
5
5
5
5
5
5
5
5
5
5
5
5
5
5
5
5
5
5
5
5
5
5
5
5
5
5
5
5
5
5
5
5
5
5
5
5
5
5
5
5
5
5
5
5
5
5
5
5
5
5
5
5
5
5
5
5
5
5
5
5
5
5
5
5
5
5
5
5
5
5
5
5
5
5
5
5
5
5
5
5
5
5
5
5
5
5
5
5
5
5
5
5
5
5
5
5
5
5
5
5
5
5
5
5
5
5
5
5
5
5
5
5
5
5
5
5
5
5
5
5
5
5
5
5
5
5
5
5
5
5
5
5
5
5
5
5
5
5
5
5
5
5
5
5
5
5
5
5
5
5
5
5
5
5
5
5
5
5
5
5
5
5
5
5
5
5
5
5
5
5
5
5
5
5
5
5
5
5
5
5
5
5
5
5
5
5
5
5
5
5
5
5
5
5
5
5
5
5
5
5
5
5
5
5
5
5
5
5
5
5
5
5
5
5
5
5
5
5
5
5
5
5
5
5
5
5
5
5
5
5
5
5
5
5
5
5
5
5
5
5
5
5
5
5
5
5
5
5
5
5
5
5
5
5
5
5
5
5
5
5
5
5
5
5
5
5
5
5
5
5
5
5
5
5
5
5
5
5
5
5
5
5
5
5
5
5
5
5
5
5
5
5
5
5
5
5
5
5
5
5
5
5
5
5
5
5
5
5
5
5
5
5
5
5
5
5
5
5
5
5
5
5
5
5
5
5
5
5
5
5
5
5
5
5
5
5
5
5
5
5
5
5
5
5
5
5
5
5
5
5
5
5
5
5
5
5
5
5
5
5
5
5
5
5
5
5
5
5
5
5
5
5
5
5
5
5
5
5
5
5
5
5
5
5
5
5
5
5
5
5
5
5
5
5
5
5
5
5
5
5
5
5
5
5
5
5
5
5
5
5
5
5
5
5
5
5
5
5
5
5
5
5
5
5
5
5
5
5
5
5
5
5
5
5
5
5
5
5
5
5
5
5
5
5
5
5
5
5
5
5
5
5
5
5
5
5
5
5
5
5
5
5
5
5
5
5
5
5
5
5
5
5
5
5
5
5
5
5
5
5
5
5
5
5
5
5
5
5
5
5
5
5
5
5
5
5
5
5
5
5
5
5
5
5
5
5
5
5
5
5
5
5
5
5
5
5
5
5
5
5
5
5
5
5
5
5
5
5
5
5
5
5
5
5
5
5
5
5
5
5
5
5
5
5
5
5
5
5
5
5
5
5
5
5
5
5
5
5
5
5
5
5
5
5
5
5
5
5
5
5
5
5
5
5
5
5
5
5
5
5
5
5
5
5
5
5
5
5
5
5
5
5
5
5
5
5
5
5
5
5
5
5
5
5
5
5
5
5
5
5
5
5
5
5
5
5
5
5
5
5
5
5
5
5
5
5
5
5
5
5
5
5
5
5
5
5
5
5
5
5
5
5
5
5
5
5
5
5
5
5
5
5
5
5
5
5
5
5
5
5
5
5
5
5
5
5
5
5
5
5
5
5
5
5
5
5
5
5
5
5
5
5
5
5
5
5
5
5
5
5
5
5
5
5
5
5
5
5
5
5
5
5
5
5
5
5
5
5
5
5
5
5
5
5
5
5
5
5
5
5
5
5
5
5
5
5
5
5
5
5
5
5
5
5
5
5
5
5
5
5
5
5
5
5
5
5
5
5
5
5
5
5
5
5
5
5
5
5
5
5
5
5
5
5
5
5
5
5
5
5
5
5
5
5
5
5
5
5
5
5
5
5
5
5
5
5
5
5
5
5
5
5
5
5
5
5
5
5
5
5
5
5
5
5
5
5
5
5
5
5
5
5
5
5
5
5
5
5
5
5
5
5
5
5
5
5
5
5
5
5
5
5
5
5
5
5
5
5
5
5
5
5
5
5
5
5
5
5
5
5
5
5
5
5
5
5
5
5
5
5
5
5
5
5
5
5
5
5
5
5
5
5
5
5
5
5
5
5
5
5
5
5
5
5
5
5
5
5
5
5
5
5
5
5
5
5
5
5
5
5
5
5
5
5
5
5
5
5
5
5
5
5
5
5
5
5
5
5
5
5
5
5
5
5
5
5
5
5
5
5
5
5
5
5
5
5
5
5
5
5
5
5
5
5
5
5
5
5
5
5
5
5
5
5
5
5
5
5
5
5
5
5
5
5
5
5
5
5
5
5
5
5
5
5
5
5
5
5
5
5
5
5
5
5
5
5
5
5
5
5
5
5
5
5
5
5
5
5
5
5
5
5
5
5
5
5
5
5
5
5
5
5
5
5
5
5
5
5
5
5
5
5
5
5
5
5
5
5
5
5
5
5
5
5
5
5
5
5
5
5
5
5
5
5
5
5
5
5
5
5
5
5
5
5
5
5
5
5
5
5
5
5
5
5
5
5
5
5
5
5
5
5
5
5
5
5
5
5
5
5
5
5
5
5
5
5
5
5
5
5
5
5
5
5
5
5
5
5
5
5
5
5
5
5
5
5
5
5
5
5
5
5
5
5
5
5
5
5
5
5
5
5
5
5
5
5
5
5
5
5
5
5
5
5
5
5
5
5
5
5
5
5
5
5
5
5
5
5
5
5
5
5
5
5
5
5
5
5
5
5
5
5
5
5
5
5
5
5
5
5
5
5
5
5
5
5
5
5
5
5
5
5
5
5
5
5
5
5
5
5
5
5
5
5
5
5
5
5
5
5
5
5
5
5
5
5
5
5
5
5
5
5
5
5
5
5
5
5
5
5
5
5
5
5
5
5
5
5
5
5
5
5
5
5
5
5
5
5
5
5
5
5
5
5
5
5
5
5
5
5
5
5
5
5
5
5
5
5
5
5
5
5
5
5
5
5
5
5
5
5
5
5
5
5
5
5
5
5
5
5
5
5
5
5
5
5
5
5
5
5
5
5
5
5
5
5
5
5
5
5
5
5
5
5
5
5
5
5
5
5
5
5
5
5
5
5
5
5
5
5
5
5
5
5
5
5
5
5
5
5
5
5
5
5
5
5
5
5
5
5
5
5
5
5
5
5
5
5
5
5
5
5
5
5
5
5
5
5
5
5
5
5
5
5
5
5
5
5
5
5
5
5
5
5
5
5
5
5
5
5
5
5
5
5
5
5
5
5
5
5
5
5
5
5
5
5
5
5
5
5
5
5
5
5
5
5
5
5
5
5
5
5
5
5
5
5
5
5
5
5
5
5
5
5
5
5
5
5
5
5
5
5
5
5
5
5
5
5
5
5
5
5
5
5
5
5
5
5
5
5
5
5
5
5
5
5
5
5
5
5
5
5
5
5
5
5
5
5
5
5
5
5
5
5
5
5
5
5
5
5
5
5
5
5
5
5
5
5
5
5
5
5
5
5
5
5
5
5
5
5
5
5
5
5
5
5
5
5
5
5
5
5
5
5
5
5
5
5
5
5
5
5
5
5
5
5
5
5
5
5
5
5
5
5
5
5
5
5
5
5
5
5
5
5
5
5
5
5
5
5
5
5
5
5
5
5
5
5
5
5
5
5
5
5
5
5
5
5
5
5
5
5
5
5
5
5
5
5
5
5
5
5
5
5
5
5
5
5
5
5
5
5
5
5
5
5
5
5
5
5
5
5
5
5
5
5
5
5
5
5
5
5
5
5
5
5
5
5
5
5
5
5
5
5
5
5
5
5
5
5
5
5
5
5
5
5
5
5
5
5
5
5
5
5
5
5
5
5
5
5
5
5
5
5
5
5
5
5
5
5
5
5
5
5
5
5
5
5
5
5
5
5
5
5
5
5
5
5
5
5
5
5
5
5
5
5
5
5
5
5
5
5
5
5
5
5
5
5
5
5
5
5
5
5
5
5
5
5
5
5
5
5
5
5
5
5
5
5
5
5
5
5
5
5
5
5
5
5
5
5
5
5
5
5
5
5
5
5
5
5
5
5
5
5
5
5
5
5
5
5
5
5
5
5
5
5
5
5
5
5
5
5
5
5
5
5
5
5
5
5
5
5
5
5
5
5
5
5
5
5
5
5
5
5
5
5
5
5
5
5
5
5
5
5
5
5
5
5
5
5
5
5
5
5
5
5
5
5
5
5
5
5
5
5
5
5
5
5
5
5
5
5
5
5
5
5
5
5
5
5
5
5
5
5
5
5
5
5
5
5
5
5
5
5
5
5
5
5
5
5
5
5
5
5
5
5
5
5
5
5
5
5
5
5
5
5
5
5
5
5
5
5
5
5
5
5
5
5
5
5
5
5
5
5
5
5
5
5
5
5
5
5
5
5
5
5
5
5
5
5
5
5
5
5
5
5
5
5
5
5
5
5
5
5
5
5
5
5
5
5
5
5
5
5
5
5
5
5
5
5
5
5
5
5
5
5
5
5
5
5
5
5
5
5
5
5
5
5
5
5
5
5
5
5
5
5
5
5
5
5
5
5
5
5
5
5
5
5
5
5
5
5
5
5
5
5
5
5
5
5
5
5
5
5
5
5
5
5
5
5
5
5
5
5
5
5
5
5
5
5
5
5
5
5
5
5
5
5
5
5
5
5
5
5
5
5
5
5
5
5
5
5
5
5
5
5
5
5
5
5
5
5
5
5
5
5
5
5
5
5
5
5
5
5
5
5
5
5
5
5
5
5
5
5
5
5
5
5
5
5
5
5
5
5
5
5
5
5
5
5
5
5
5
5
5
5
5
5
5
5
5
5
5
5
5
5
5
5
5
5
5
5
5
5
5
5
5
5
5
5
5
5
5
5
5
5
5
5
5
5
5
5
5
5
5
5
5
5
5
5
5
5
5
5
5
5
5
5
5
5
5
5
5
5
5
5
5
5
5
5
5
5
5
5
5
5
5
5
5
5
5
5
5
5
5
5
5
5
5
5
5
5
5
5
5
5
5
5
5
5
5
5
5
5
5
5
5
5
5
5
5
5
5
5
5
5
5
5
5
5
5
5
5
5
5
5
5
5
5
5
5
5
5
5
5
5
5
5
5
5
5
5
5
5
5
5
5
5
5
5
5
5
5
5
5
5
5
5
5
5
5
5
5
5
5
5
5
5
5
5
5
5
5
5
5
5
5
5
5
5
5
5
5
5
5
5
5
5
5
5
5
5
5
5
5
5
5
5
5
5
5
5
5
5
5
5
5
5
5
5
5
5
5
5
5
5
5
5
5
5
5
5
5
5
5
5
5
5
5
5
5
5
5
5
5
5
5
5
5
5
5
5
5
5
5
5
5
5
5
5
5
5
5
5
5
5
5
5
5
5
5
5
5
5
5
5
5
5
5
5
5
5
5
5
5
5
5
5
5
5
5
5
5
5
5
5
5
5
5
5
5
5
5
5
5
5
5
5
5
5
5
5
5
5
5
5
5
5
5
5
5
5
5
5
5
5
5
5
5
5
5
5
5
5
5
5
5
5
5
5
5
5
5
5
5
5
5
5
5
5
5
5
5
5
5
5
5
5
5
5
5
5
5
5
5
5
5
5
5
5
5
5
5
5
5
5
5
5
5
5
5
5
5
5
5
5
5
5
5
5
5
5
5
5
5
5
5
5
5
5
5
5
5
5
5
5
5
5
5
5
5
5
5
5
5
5
5
5
5
5
5
5
5
5
5
5
5
5
5
5
5
5
5
5
5
5
5
5
5
5
5
5
5
5
5
5
5
5
5
5
5
5
5
5
5
5
5
5
5
5
5
5
5
5
5
5
5
5
5
5
5
5
5
5
5
5
5
5
5
5
5
5
5
5
5
5
5
5
5
5
5
5
5
5
5
5
5
5
5
5
5
5
5
5
5
5
5
5
5
5
5
5
5
5
5
5
5
5
5
5
5
5
5
5
5
5
5
5
5
5
5
5
5
5
5
5
5
5
5
5
5
5
5
5
5
5
5
5
5
5
5
5
5
5
5
5
5
5
5
5
5
5
5
5
5
5
5
5
5
5
5
5
5
5
5
5
5
5
5
5
5
5
5
5
5
5
5
5
5
5
5
5
5
5
5
5
5
5
5
5
5
5
5
5
5
5
5
5
5
5
5
5
5
5
5
5
5
5
5
5
5
5
5
5
5
5
5
5
5
5
5
5
5
5
5
5
5
5
5
5
5
5
5
5
5
5
5
5
5
5
5
5
5
5
5
5
5
5
5
5
5
5
5
5
5
5
5
5
5
5
5
5
5
5
5
5
5
5
5
5
5
5
5
5
5
5
5
5
5
5
5
5
5
5
5
5
5
5
5
5
5
5
5
5
5
5
5
5
5
5
5
5
5
5
5
5
5
5
5
5
5
5
5
5
5
5
5
5
5
5
5
5
5
5
5
5
5
5
5
5
5
5
5
5
5
5
5
5
5
5
5
5
5
5
5
5
5
5
5
5
5
5
5
5
5
5
5
5
5
5
5
5
5
5
5
5
5
5
5
5
5
5
5
5
5
5
5
5
5
5
5
5
5
5
5
5
5
5
5
5
5
5
5
5
5
5
5
5
5
5
5
5
5
5
5
5
5
5
5
5
5
5
5
5
5
5
5
5
5
5
5
5
5
5
5
5
5
5
5
5
5
5
5
5
5
5
5
5
5
5
5
5
5
5
5
5
5
5
5
5
5
5
5
5
5
5
5
5
5
5
5
5
5
5
5
5
5
5
5
5
5
5
5
5
5
5
5
5
5
5
5
5
5
5
5
5
5
5
5
5
5
5
5
5
5
5
5
5
5
5
5
5
5
5
5
5
5
5
5
5
5
5
5
5
5
5
5
5
5
5
5
5
5
5
5
5
5
5
5
5
5
5
5
5
5
5
5
5
5
5
5
5
5
5
5
5
5
5
5
5
5
5
5
5
5
5
5
5
5
5
5
5
5
5
5
5
5
5
5
5
5
5
5
5
5
5
5
5
5
5
5
5
5
5
5
5
5
5
5
5
5
5
5
5
5
5
5
5
5
5
5
5
5
5
5
5
5
5
5
5
5
5
5
5
5
5
5
5
5
5
5
5
5
5
5
5
5
5
5
5
5
5
5
5
5
5
5
5
5
5
5
5
5
5
5
5
5
5
5
5
5
5
5
5
5
5
5
5
5
5
5
5
5
5
5
5
5
5
5
5
5
5
5
5
5
5
5
5
5
5
5
5
5
5
5
5
5
5
5
5
5
5
5
5
5
5
5
5
5
5
5
5
5
5
5
5
5
5
5
5
5
5
5
5
5
5
5
5
5
5
5
5
5
5
5
5
5
5
5
5
5
5
5
5
5
5
5
5
5
5
5
5
5
5
5
5
5
5
5
5
5
5
5
5
5
5
5
5
5
5
5
5
5
5
5
5
5
5
5
5
5
5
5
5
5
5
5
5
5
5
5
5
5
5
5
5
5
5
5
5
5
5
5
5
5
5
5
5
5
5
5
5
5
5
5
5
5
5
5
5
5
5
5
5
5
5
5
5
5
5
5
5
5
5
5
5
5
5
5
5
5
5
5
5
5
5
5
5
5
5
5
5
5
5
5
5
5
5
5
5
5
5
5
5
5
5
5
5
5
5
5
5
5
5
5
5
5
5
5
5
5
5
5
5
5
5
5
5
5
5
5
5
5
5
5
5
5
5
5
5
5
5
5
5
5
5
5
5
5
5
5
5
5
5
5
5
5
5
5
5
5
5
5
5
5
5
5
5
5
5
5
5
5
5
5
5
5
5
5
5
5
5
5
5
5
5
5
5
5
5
5
5
5
5
5
5
5
5
5
5
5
5
5
5
5
5
5
5
5
5
5
5
5
5
5
5
5
5
5
5
5
5
5
5
5
5
5
5
5
5
5
5
5
5
5
5
5
5
5
5
5
5
5
5
5
5
5
5
5
5
5
5
5
5
5
5
5
5
5
5
5
5
5
5
5
5
5
5
5
5
5
5
5
5
5
5
5
5
5
5
5
5
5
5
5
5
5
5
5
5
5
5
5
5
5
5
5
5
5
5
5
5
5
5
5
5
5
5
5
5
5
5
5
5
5
5
5
5
5
5
5
5
5
5
5
5
5
5
5
5
5
5
5
5
5
5
5
5
5
5
5
5
5
5
5
5
5
5
5
5
5
5
5
5
5
5
5
5
5
5
5
5
5
5
5
5
5
5
5
5
5
5
5
5
5
5
5
5
5
5
5
5
5
5
5
5
5
5
5
5
5
5
5
5
5
5
5
5
5
5
5
5
5
5
5
5
5
5
5
5
5
5
5
5
5
5
5
5
5
5
5
5
5
5
5
5
5
5
5
5
5
5
5
5
5
5
5
5
5
5
5
5
5
5
5
5
5
5
5
5
5
5
5
5
5
5
5
5
5
5
5
5
5
5
5
5
5
5
5
5
5
5
5
5
5
5
5
5
5
5
5
5
5
5
5
5
5
5
5
5
5
5
5
5
5
5
5
5
5
5
5
5
5
5
5
5
5
5
5
5
5
5
5
5
5
5
5
5
5
5
5
5
5
5
5
5
5
5
5
5
5
5
5
5
5
5
5
5
5
5
5
5
5
5
5
5
5
5
5
5
5
5
5
5
5
5
5
5
5
5
5
5
5
5
5
5
5
5
5
5
5
5
5
5
5
5
5
5
5
5
5
5
5
5
5
5
5
5
5
5
5
5
5
5
5
5
5
5
5
5
5
5
5
5
5
5
5
5
5
5
5
5
5
5
5
5
5
5
5
5
5
5
5
5
5
5
5
5
5
5
5
5
5
5
5
5
