# vtk DataFile Version 2.0
profile_17, Created by Gmsh 4.14.0 
ASCII
DATASET UNSTRUCTURED_GRID
POINTS 6757 double
92.75 -132.5 600.85
92.75 -131.1683417085427 599.5183417085427
92.75 -129.8366834170854 598.1866834170854
92.75 -128.5050251256282 596.8550251256282
92.75 -127.1733668341708 595.408040201005
92.75 -125.8417085427136 593.8100502512563
92.75 -124.5100502512563 592.2120603015076
92.75 -123.178391959799 590.6140703517588
92.75 -121.8467336683417 589.0160804020101
92.75 -120.5150753768844 587.4180904522613
92.75 -119.1834170854271 585.8201005025126
92.75 -117.8517587939699 584.2221105527638
92.75 -116.5201005025126 582.8201005025126
92.75 -115.1884422110553 581.4884422110553
92.75 -113.856783919598 580.156783919598
92.75 -112.5251256281407 578.8251256281407
92.75 -111.1934673366834 577.7547738693468
92.75 -109.8618090452261 576.6894472361809
92.75 -108.5301507537689 575.6241206030151
92.75 -107.1984924623115 574.4587939698492
92.75 -105.8668341708543 573.3934673366833
92.75 -104.535175879397 572.3281407035176
92.75 -103.2035175879397 571.2628140703517
92.75 -101.8718592964824 570.0718592964824
92.75 -100.5402010050251 568.740201005025
92.75 -99.20854271356784 567.4085427135678
92.75 -97.87688442211055 566.0768844221105
92.75 -96.54522613065326 564.3133165829147
92.75 -95.21356783919597 562.4489949748744
92.75 -93.8819095477387 560.5846733668342
92.75 -92.5502512562814 558.720351758794
92.75 -91.21859296482413 557.1623115577891
92.75 -89.88693467336682 555.5643216080402
92.75 -88.55527638190955 553.9663316582914
92.75 -87.22361809045225 552.4236180904522
92.75 -85.89195979899498 551.0919597989949
92.75 -84.56030150753769 549.7603015075376
92.75 -83.2286432160804 548.4286432160803
92.75 -81.89698492462311 547.0057788944723
92.75 -80.56532663316582 545.1414572864321
92.75 -79.23366834170854 543.2771356783919
92.75 -77.90201005025125 541.4128140703517
92.75 -76.57035175879398 539.920351758794
92.75 -75.23869346733667 538.5886934673366
92.75 -73.9070351758794 537.2570351758794
92.75 -72.5753768844221 535.9952261306534
92.75 -71.24371859296483 534.6937185929648
92.75 -69.91206030150752 533.3620603015075
92.75 -68.58040201005025 532.0304020100502
92.75 -67.24874371859296 530.8994974874372
92.75 -65.91708542713567 530.3668341708542
92.75 -64.58542713567839 529.8341708542714
92.75 -63.2537688442211 529.3015075376884
92.75 -61.92211055276381 528.6532663316583
92.75 -60.59045226130652 527.8542713567839
92.75 -59.25879396984924 527.0552763819096
92.75 -57.92713567839195 526.2562814070352
92.75 -56.59547738693466 525.5072864321608
92.75 -55.26381909547739 524.7082914572864
92.75 -53.9321608040201 523.9092964824121
92.75 -52.60050251256281 523.1402010050251
92.75 -51.26884422110552 522.3613065326633
92.75 -49.93718592964824 521.5623115577889
92.75 -48.60552763819095 520.7633165829146
92.75 -47.27386934673366 520.0095477386934
92.75 -45.94221105527637 519.7384422110553
92.75 -44.61055276381909 519.4721105527638
92.75 -43.2788944723618 519.2057788944724
92.75 -41.94723618090451 518.7183417085428
92.75 -40.61557788944722 517.9193467336684
92.75 -39.28391959798994 517.120351758794
92.75 -37.95226130653266 516.3213567839196
92.75 -36.62060301507537 515.6982412060302
92.75 -35.28894472361809 515.1655778894471
92.75 -33.9572864321608 514.6329145728644
92.75 -32.62562814070351 514.1002512562814
92.75 -31.29396984924622 513.3263819095478
92.75 -29.96231155778894 512.5273869346734
92.75 -28.63065326633165 511.728391959799
92.75 -27.29899497487436 510.9695979899497
92.75 -25.96733668341707 510.4369346733668
92.75 -24.63567839195979 509.9042713567839
92.75 -23.3040201005025 509.371608040201
92.75 -21.97236180904521 508.7889447236181
92.75 -20.64070351758794 508.2562814070352
92.75 -19.30904522613065 507.7236180904522
92.75 -17.97738693467336 507.1909547738694
92.75 -16.64572864321607 506.4374371859296
92.75 -15.31407035175879 505.6384422110552
92.75 -13.9824120603015 504.8394472361809
92.75 -12.65075376884421 504.0404522613065
92.75 -11.31909547738692 503.2414572864321
92.75 -9.987437185929636 502.4424623115578
92.75 -8.655778894472348 501.6434673366834
92.75 -7.324120603015061 500.914824120603
92.75 -5.992462311557773 500.6484924623116
92.75 -4.6608040201005 500.3821608040201
92.75 -3.329145728643198 500.1158291457286
92.75 -1.997487437185924 499.6484924623116
92.75 -0.6658291457286225 498.8494974874372
92.75 0.6658291457286509 498.0505025125628
92.75 1.997487437185953 497.2515075376884
92.75 3.329145728643226 496.452512562814
92.75 4.6608040201005 495.6535175879397
92.75 5.992462311557802 494.8545226130653
92.75 7.324120603015075 494.0555276381909
92.75 8.655778894472377 493.2565326633166
92.75 9.98743718592965 492.4575376884422
92.75 11.31909547738695 491.6585427135678
92.75 12.65075376884423 490.8896984924623
92.75 13.98241206030153 490.3570351758793
92.75 15.3140703517588 489.8243718592964
92.75 16.6457286432161 489.2917085427135
92.75 17.97738693467338 488.6635678391959
92.75 19.30904522613068 487.8645728643215
92.75 20.64070351758795 487.0655778894472
92.75 21.97236180904522 486.2665829145728
92.75 23.30402010050253 485.4175879396985
92.75 24.6356783919598 484.6185929648241
92.75 25.9673366834171 483.8195979899498
92.75 27.29899497487438 483.0206030150754
92.75 28.63065326633168 482.221608040201
92.75 29.96231155778895 481.4226130653266
92.75 31.29396984924625 480.6236180904523
92.75 32.62562814070353 479.9497487437187
92.75 33.95728643216083 479.1756281407035
92.75 35.2889447236181 478.3766331658291
92.75 36.6206030150754 477.5776381909548
92.75 37.95226130653268 476.7786432160804
92.75 39.28391959798995 475.979648241206
92.75 40.61557788944725 475.1806532663317
92.75 41.94723618090453 474.3816582914573
92.75 43.27889447236183 473.5326633165829
92.75 44.6105527638191 472.7336683417085
92.75 45.9422110552764 471.9346733668341
92.75 47.27386934673368 471.1356783919598
92.75 48.60552763819098 470.5577889447236
92.75 49.93718592964825 470.0251256281407
92.75 51.26884422110555 469.4924623115577
92.75 52.60050251256283 468.9798994974874
92.75 53.93216080402013 468.240703517588
92.75 55.2638190954774 467.4417085427136
92.75 56.59547738693468 466.6427135678392
92.75 57.92713567839198 465.9291457286432
92.75 59.25879396984925 465.3964824120603
92.75 60.59045226130655 464.8638190954774
92.75 61.92211055276383 464.3311557788945
92.75 63.25376884422113 463.6477386934673
92.75 64.5854271356784 462.848743718593
92.75 65.9170854271357 462.0497487437185
92.75 67.24874371859298 461.2507537688442
92.75 68.58040201005028 460.7178391959799
92.75 69.91206030150755 460.185175879397
92.75 71.24371859296485 459.6525125628141
92.75 72.57537688442213 459.0698492462311
92.75 73.9070351758794 458.5371859296482
92.75 75.2386934673367 458.0045226130653
92.75 76.57035175879398 457.4718592964824
92.75 77.90201005025128 456.8587939698493
92.75 79.23366834170855 456.0597989949749
92.75 80.56532663316585 455.2608040201005
92.75 81.89698492462313 454.4618090452261
92.75 83.22864321608043 453.5170854271357
92.75 84.5603015075377 452.4517587939698
92.75 85.891959798995 451.386432160804
92.75 87.22361809045228 450.3211055276382
92.75 88.55527638190958 449.4168341708543
92.75 89.88693467336685 448.6178391959799
92.75 91.21859296482413 447.8188442211055
92.75 92.55025125628143 447.0097989949749
92.75 93.8819095477387 445.944472361809
92.75 95.213567839196 444.8791457286432
92.75 96.54522613065328 443.8138190954774
92.75 97.87688442211058 442.8238693467337
92.75 99.20854271356785 442.0248743718593
92.75 100.5402010050252 441.2258793969849
92.75 101.8718592964824 440.4268844221106
92.75 103.2035175879397 439.4871859296482
92.75 104.535175879397 438.4218592964824
92.75 105.8668341708543 437.3565326633166
92.75 107.1984924623116 436.2912060301508
92.75 108.5301507537689 435.4319095477387
92.75 109.8618090452262 434.6329145728643
92.75 111.1934673366834 433.83391959799
92.75 112.5251256281407 432.9798994974874
92.75 113.856783919598 431.9145728643216
92.75 115.1884422110553 430.8492462311558
92.75 116.5201005025126 429.78391959799
92.75 117.8517587939699 428.8389447236181
92.75 119.1834170854272 428.0399497487438
92.75 120.5150753768845 427.2409547738694
92.75 121.8467336683417 426.441959798995
92.75 123.178391959799 425.6429648241206
92.75 124.5100502512563 424.8439698492462
92.75 125.8417085427136 424.0449748743718
92.75 127.1733668341708 423.2459798994975
92.75 128.5050251256282 422.4469849246231
92.75 129.8366834170855 421.6479899497488
92.75 131.1683417085428 420.8489949748743
92.75 132.5 254.5
92.75 -132.5 254.5
92.75 131.2099560301507 415.6505888819216
92.75 131.2515703517586 410.4521827889689
92.75 131.2931846733666 405.2537766960163
92.75 131.3347989949745 400.0553706030636
92.75 131.3764133165823 394.8569645101332
92.75 131.4180276381902 389.6585584171805
92.75 131.4596419597982 384.4601523242278
92.75 131.5012562814061 379.2617462312751
92.75 131.5428706030141 374.0633401383225
92.75 131.584484924622 368.8649340453698
92.75 131.6260992462299 363.6665279524171
92.75 131.6677135678379 358.4681218594645
92.75 131.7093278894458 353.2697157665118
92.75 131.7509422110538 348.0713096735592
92.75 131.7925565326617 342.8729035806065
92.75 131.8341708542697 337.6744974876427
92.75 131.875785175878 332.4760913946567
92.75 131.9173994974861 327.2776853016818
92.75 131.9590138190942 322.079279208707
92.75 132.0006281407023 316.880873115732
92.75 132.0422424623104 311.6824670227571
92.75 132.0838567839186 306.4840609297711
92.75 132.1254711055267 301.2856548367963
92.75 132.167085427135 296.0872487438102
92.75 132.2086997487431 290.8888426508353
92.75 132.2503140703512 285.6904365578604
92.75 132.2919283919594 280.4920304648744
92.75 132.3335427135674 275.2936243719107
92.75 132.3751570351757 270.0952182789135
92.75 132.4167713567838 264.8968121859498
92.75 132.458385678392 259.6984060929638
92.75 127.1999999999921 254.5
92.75 121.9000000000071 254.5
92.75 116.6000000000246 254.5
92.75 111.300000000042 254.5
92.75 106.0000000000595 254.5
92.75 100.7000000000759 254.5
92.75 95.40000000008877 254.5
92.75 90.10000000010621 254.5
92.75 84.80000000012365 254.5
92.75 79.50000000014107 254.5
92.75 74.2000000001585 254.5
92.75 68.90000000017592 254.5
92.75 63.60000000019335 254.5
92.75 58.30000000021077 254.5
92.75 53.00000000022821 254.5
92.75 47.70000000024564 254.5
92.75 42.40000000026308 254.5
92.75 37.1000000002805 254.5
92.75 31.80000000029793 254.5
92.75 26.50000000031535 254.5
92.75 21.20000000033276 254.5
92.75 15.90000000035022 254.5
92.75 10.60000000036764 254.5
92.75 5.300000000382624 254.5
92.75 3.747686605493072e-10 254.5
92.75 -5.299999999636185 254.5
92.75 -10.59999999964717 254.5
92.75 -15.89999999965815 254.5
92.75 -21.1999999996691 254.5
92.75 -26.49999999968009 254.5
92.75 -31.79999999969101 254.5
92.75 -37.09999999970199 254.5
92.75 -42.39999999971303 254.5
92.75 -47.69999999972401 254.5
92.75 -52.99999999973505 254.5
92.75 -58.29999999974603 254.5
92.75 -63.59999999975707 254.5
92.75 -68.89999999976806 254.5
92.75 -74.1999999997791 254.5
92.75 -79.49999999979008 254.5
92.75 -84.79999999980109 254.5
92.75 -90.09999999981213 254.5
92.75 -95.39999999982311 254.5
92.75 -100.6999999998341 254.5
92.75 -105.9999999998451 254.5
92.75 -111.2999999998562 254.5
92.75 -116.5999999998672 254.5
92.75 -121.8999999998782 254.5
92.75 -127.1999999999322 254.5
92.75 -132.5 259.7980324015397
92.75 -132.5 265.0960648031017
92.75 -132.5 270.3940972046317
92.75 -132.5 275.6921296061905
92.75 -132.5 280.9901620077344
92.75 -132.5 286.2881944092718
92.75 -132.5 291.5862268108338
92.75 -132.5 296.8842592123661
92.75 -132.5 302.1822916139202
92.75 -132.5 307.4803240154688
92.75 -132.5 312.7783564170039
92.75 -132.5 318.0763888185492
92.75 -132.5 323.3744212200784
92.75 -132.5 328.672453621612
92.75 -132.5 333.9704860231588
92.75 -132.5 339.268518424688
92.75 -132.5 344.5665508262313
92.75 -132.5 349.8645832277684
92.75 -132.5 355.1626156292997
92.75 -132.5 360.4606480308488
92.75 -132.5 365.7586804323779
92.75 -132.5 371.056712833907
92.75 -132.5 376.3547452354361
92.75 -132.5 381.6527776369652
92.75 -132.5 386.950810038516
92.75 -132.5 392.2488424400668
92.75 -132.5 397.5468748416066
92.75 -132.5 402.8449072431574
92.75 -132.5 408.1429396446996
92.75 -132.5 413.440972046248
92.75 -132.5 418.7390044477989
92.75 -132.5 424.0370368493386
92.75 -132.5 429.3310946767941
92.75 -132.5 434.5636737061481
92.75 -132.5 439.7168177917009
92.75 -132.5 444.7917355938979
92.75 -132.5 449.7896144544263
92.75 -132.5 454.7116230131156
92.75 -132.5 459.5589146254083
92.75 -132.5 464.3326224581106
92.75 -132.5 469.0338630729296
92.75 -132.5 473.6637375432974
92.75 -132.5 478.2233287399928
92.75 -132.5 482.713704106383
92.75 -132.5 487.1359134939113
92.75 -132.5 491.4909923850711
92.75 -132.5 495.7799599735868
92.75 -132.5 500.0038189773855
92.75 -132.5 504.1635587040786
92.75 -132.5 508.2601521630583
92.75 -132.5 512.294556833878
92.75 -132.5 516.2677185324094
92.75 -132.5 520.1805669854323
92.75 -132.5 524.0340159482512
92.75 -132.5 527.8289684587894
92.75 -132.5 531.566311890259
92.75 -132.5 535.2469213653538
92.75 -132.5 538.8716585612069
92.75 -132.5 542.4413696269798
92.75 -132.5 545.9568919948834
92.75 -132.5 549.4190473107516
92.75 -132.5 552.8286463552133
92.75 -132.5 556.1864856973226
92.75 -132.5 559.4933525759783
92.75 -132.5 562.7500197459638
92.75 -132.5 565.9572491339883
92.75 -132.5 569.1157918093116
92.75 -132.5 572.2263878184241
92.75 -132.5 575.2897618615749
92.75 -132.5 578.3066341777253
92.75 -132.5 581.2777093768068
92.75 -132.5 584.2036815120666
92.75 -132.5 587.0852367419545
92.75 -132.5 589.9230491339868
92.75 -132.5 592.7177826315024
92.75 -132.5 595.4700911743712
92.75 -132.5 598.180618839164
92.75 47.44223164621569 469.7003970226428
92.75 23.27789930049378 483.8648405426991
92.75 67.45307032183305 459.8310840942978
92.75 7.297999803006383 492.5027802411916
92.75 87.12011732065368 448.7360305460244
92.75 36.59448221506678 476.0248907939554
92.75 -14.00853286031001 503.2866998391814
92.75 -27.09446579297051 509.5500164220961
92.75 -37.81946052022072 514.8706658075114
92.75 104.278405097476 436.7359460703372
92.75 -13.24999999965266 259.089934640067
92.75 -127.9117693502027 379.0037614362006
92.75 18.55000000034149 259.0899346400424
92.75 127.1033403497411 366.2296919392197
92.75 -60.61657306131516 526.3015239597846
92.75 -51.29268253251337 520.8123632833327
92.75 96.38120626953017 442.202549871787
92.75 -127.9117693501887 410.7919558454738
92.75 114.9512763774649 429.1878391904244
92.75 56.65899495893774 465.1618974860068
92.75 -128.1383511014624 442.2542766927994
92.75 12.85528295074781 489.4701169246087
92.75 -127.9117693501983 347.2155670269998
92.75 -6.88894143919854 499.628408381895
92.75 -128.459508645296 466.6832427655202
92.75 -68.80627965768286 530.4149506363655
92.75 -45.04999999971852 259.089934640067
92.75 50.35000000023691 259.0899346400424
92.75 74.11156435778304 457.1176043617946
92.75 127.311411957776 340.2376614744508
92.75 29.94967244802886 479.8923351520748
92.75 -128.7570180785538 489.3134529394911
92.75 -75.71119503831706 536.7845336048987
92.75 -127.9117693502027 320.7254050193139
92.75 126.8952687417111 392.2217224039832
92.75 -46.84274290410345 518.7211457381493
92.75 -85.04772227137136 547.941222452247
92.75 127.5194835658023 314.2456310095707
92.75 -128.979174530735 506.2118554335684
92.75 120.4889545768759 425.6882073768699
92.75 -71.54999999977358 259.089934640067
92.75 80.53920583315697 453.7080566231013
92.75 -21.76783262714157 507.3693631557645
92.75 76.85000000014978 259.0899346400424
92.75 -90.59098183143152 553.6237630466703
92.75 -129.1881450128652 522.1072914668414
92.75 1.971366637177484 495.6987601406889
92.75 41.89006161666009 472.8231212470926
92.75 -80.07989472007105 541.2649352143078
92.75 -127.9117693501929 299.5332754131433
92.75 -101.0276217688585 566.9211219497341
92.75 -129.3847125196095 537.0592899632802
92.75 108.5040299537603 433.8791621507392
92.75 -96.16228856685473 560.3635842612925
92.75 62.00844936000237 462.8602932678007
92.75 127.6859408522349 293.4520066376488
92.75 -107.4552632442317 572.7728807437032
92.75 -31.31724429770441 511.7783784317996
92.75 -92.7499999998176 259.089934640067
92.75 -129.5696132193418 551.1238468329834
92.75 92.33329630228594 445.3736555537373
92.75 51.49078094881429 468.0829309949603
92.75 -112.785395489928 577.1377608426793
92.75 98.05000000008233 259.0899346400429
92.75 17.96922172589622 487.1407464275831
92.75 -55.28656040303031 523.1611765477118
92.75 -127.9418325327947 426.6840657630665
92.75 -127.9117693501935 394.8978586408368
92.75 -129.7010506866643 561.1216861609722
92.75 -127.9117693502027 363.1096642316134
92.75 2.650000000378697 259.0899346400544
92.75 -29.14999999968555 259.089934640067
92.75 34.45000000028922 259.0899346400424
92.75 -127.9117693501955 283.6391782085033
92.75 124.4839294512477 423.2912224522468
92.75 126.7704257768778 407.8169406828188
92.75 -10.00576135648057 500.9027092969892
92.75 -117.0075212663452 581.0010214472209
92.75 127.810783817069 277.8567883587185
92.75 -129.8265925462678 570.6710898138662
92.75 -65.71255624523045 528.947252603
92.75 100.514080205016 439.6731319999859
92.75 -41.94330309955421 517.2156841138102
92.75 -1.992043219648788 498.1483534278867
92.75 -108.6499999998506 259.089934640067
92.75 -17.94368844531714 505.697059441463
92.75 -71.72464889896571 532.8811299955034
92.75 -119.8527608843587 583.9084614070883
92.75 84.30353072561832 450.7658455678234
92.75 113.9500000000333 259.0899346400424
92.75 -35.08441554171267 513.745996321593
92.75 71.41165035636094 458.2232524326069
92.75 44.58443196381033 471.1809209447092
92.75 126.9784973849174 381.8249102180782
92.75 -129.9071426676406 576.7981980196482
92.75 -128.8697952621295 497.891889475486
92.75 -128.6407375948624 480.4685164231879
92.75 -129.085257437126 514.2811376831431
92.75 -129.2879321694193 529.6976401745243
92.75 -128.3339850354192 457.1352688192628
92.75 -129.478576933217 544.19913081093
92.75 77.8952635317809 455.3383370420812
92.75 -122.5648044140883 587.0638355175743
92.75 127.1865689929571 355.8328797533144
92.75 27.27287417486692 481.4678556180752
92.75 33.93398385529504 477.62757778227
92.75 127.394640600978 329.8408492884953
92.75 60.95000000020205 259.0899346400424
92.75 87.45000000011494 259.0899346400424
92.75 -127.9117693502027 336.6195022239235
92.75 -55.64999999974054 259.089934640067
92.75 -82.14999999979557 259.089934640067
92.75 -127.9117693501976 310.129340216236
92.75 -127.9117693501959 273.0431134054112
92.75 127.6027122090186 303.8488188236097
92.75 112.301727519325 431.3357021127261
92.75 9.964723869943462 490.9104694314803
92.75 4.634683220091524 494.1007701909405
92.75 -87.71103885428433 550.60453903516
92.75 39.25779879798192 474.4269008442063
92.75 20.61458271757742 485.512830492449
92.75 -93.23372450474034 556.7880817487293
92.75 -104.7919466613183 570.6422274773727
92.75 -110.1185798271489 575.0035340100371
92.75 -24.4311492100564 508.4846897889304
92.75 64.55930633567181 461.2959963215923
92.75 -57.90995520821286 524.7285340100366
92.75 117.8256379939594 427.2861973266199
92.75 59.46332315175241 463.9769008442069
92.75 -63.14046001637074 527.8423645762419
92.75 89.860813873358 447.0650917989806
92.75 -129.9852668843044 582.7406954444376
92.75 127.147246034164 421.693232502497
92.75 53.91270186896423 466.6990592288386
92.75 -119.2499999998726 259.089934640067
92.75 -125.2281209970001 590.2598154170685
92.75 127.8940124602853 267.4599761727579
92.75 15.51859953366371 488.4047902914423
92.75 -98.62548473991802 564.1270742656175
92.75 -82.72510708487577 545.0065100147508
92.75 -44.17537360000956 518.1856948140572
92.75 -4.225624856280105 499.0957450653113
92.75 -127.8536393743174 593.4872938212325
92.75 -130.061036085835 588.5041429379708
92.75 -127.9117693501977 262.4470486023204
92.75 -48.55596101013234 519.29770171293
92.75 -48.126328400807 517.7406765332929
92.75 -49.65250419710978 518.1573434654263
92.75 -49.2531780222285 516.616616437831
92.75 -50.81146901924574 517.0348502904368
92.75 -50.40201809480558 515.4482941089724
92.75 -52.00878999809174 515.8797386774446
92.75 -51.58602547135369 514.2465183969024
92.75 -53.24000599940049 514.6897071561715
92.75 -52.80465958500878 513.0064978603809
92.75 -54.50972197519398 513.4634031430586
92.75 -54.0612597017931 511.7270609072263
92.75 -55.8202035262151 512.1988466082882
92.75 -55.35777457198454 510.4081055845137
92.75 -57.17063729911967 510.8950418580004
92.75 -56.6943210045311 509.0502562195892
92.75 -58.56158149865171 509.5520213099199
92.75 -58.0720802092631 507.6483644427923
92.75 -59.99873808450247 508.167711701728
92.75 -59.49453774921619 506.2047774461308
92.75 -57.52110426312603 505.6828408335974
92.75 -58.96637686728672 504.2100172006939
92.75 -56.94844056685959 503.6753592434418
92.75 -58.4275021605558 502.1684349610264
92.75 -56.36316437979126 501.6215854994302
92.75 -57.8759726869757 500.0806130757848
92.75 -55.7653194769616 499.5216016333239
92.75 -57.31178732346972 497.9467108982295
92.75 -55.15503410058844 497.3756060729165
92.75 -56.7349925429083 495.7669559113001
92.75 -54.53235381286851 495.183817533344
92.75 -56.14549948963572 493.5421089619732
92.75 -53.89823184805017 492.9473340465602
92.75 -55.54372134824475 491.2729682384406
92.75 -53.25203272689 490.6665408484965
92.75 -54.92972176894816 488.9599137291456
92.75 -52.59434432651816 488.342070024973
92.75 -54.30365571348764 486.603721107171
92.75 -51.92529320059152 485.9746408772975
92.75 -53.66559177800909 484.2055727111961
92.75 -51.24598900154919 483.5658513968699
92.75 -53.01593507792534 481.7670900661353
92.75 -50.55629732468351 481.1170313554186
92.75 -52.35502622098913 479.2894665842081
92.75 -49.8565832943966 478.6294012397958
92.75 -51.68312284427879 476.7742013406588
92.75 -49.14760901824874 476.1046187331058
92.75 -51.00073390765174 474.222792429578
92.75 -48.42935383044689 473.5439745319849
92.75 -50.30824291913733 471.6363298532598
92.75 -47.70208434655493 470.9485619968447
92.75 -49.60602238636211 469.0156119951438
92.75 -46.96563141473693 468.3190068447747
92.75 -48.89420786751806 466.3613207093663
92.75 -46.2204791600998 465.6561417065697
92.75 -48.17300501154784 463.6744135183762
92.75 -45.46688447182004 462.960910822522
92.75 -47.44281279060534 460.9552940525432
92.75 -44.70421550242156 460.2333833253072
92.75 -46.70356498798831 458.2042155604224
92.75 -43.93316457045304 457.4740942843458
92.75 -45.95551815782284 455.4215154918516
92.75 -43.15329228082568 454.6831298597699
92.75 -45.19874568527376 452.607004878673
92.75 -42.36448615717492 451.8602971748965
92.75 -44.43310072288573 449.7608266576488
92.75 -41.56728002104948 449.0059662790995
92.75 -43.65867745826873 446.8834561119326
92.75 -40.76165600506462 446.1205260007924
92.75 -42.87893880367416 443.962509376954
92.75 -39.92681949417114 443.1837802810497
92.75 -42.08639242658322 440.9819834663458
92.75 -39.07427053685306 440.1876028683346
92.75 -41.27755833299105 437.9410575749992
92.75 -38.20450306792593 437.1308786153469
92.75 -40.45204682108233 434.8390431664304
92.75 -37.31725016517411 434.012800899052
92.75 -39.61067252938506 431.6713574082661
92.75 -36.40613318246918 430.826455392739
92.75 -38.75098152857797 428.4324584207851
92.75 -35.47479152219491 427.5688812700041
92.75 -37.8717268340637 425.1218245291645
92.75 -34.52335457805904 424.2394833596366
92.75 -36.97235014505026 421.7403508974639
92.75 -33.55387889359533 420.8399585415381
92.75 -36.05350072455224 418.2893379063187
92.75 -32.56591244873427 417.3716144714806
92.75 -35.11127278678746 414.784315683684
92.75 -31.58119853759581 413.8571619039753
92.75 -34.1549496713484 411.2416158250578
92.75 -30.5868298184275 410.3045975703009
92.75 -33.18813271080933 407.661085307957
92.75 -29.58207029163961 406.7142413204286
92.75 -26.97332293912773 409.3800669218834
92.75 -25.98284555810646 405.8014383410939
92.75 -23.40039753153314 408.442581484448
92.75 -22.4207569149101 404.9016115610641
92.75 -19.86648052823488 407.5142727704681
92.75 -18.89743752949128 404.011956111977
92.75 -16.34755103423388 406.6026935282243
92.75 -15.3754391851355 403.0957014385449
92.75 -12.8164782167689 405.693253280094
92.75 -11.8402923892078 402.1723226530744
92.75 -32.21088018708771 404.042679003297
92.75 -9.270360144412759 404.7806322260587
92.75 -8.289988702474758 401.2444708893354
92.75 -5.708807602506692 403.864062569848
92.75 -4.725297486989566 400.3135107748057
92.75 -10.88109985061439 398.5862349764301
92.75 -2.133801595169806 402.9428534970448
92.75 -1.14673054388106 399.3782220972544
92.75 1.459675874179896 402.0189331289889
92.75 2.453275901928563 398.4316113962873
92.75 5.077570262318387 401.0897387610304
92.75 6.077998028523581 397.4775348987289
92.75 8.720746711654733 400.1541045939556
92.75 9.727524092465021 396.5170864425128
92.75 12.38846928540091 399.2115272970777
92.75 13.40066449064867 395.5507616995386
92.75 10.71154814536639 392.7932726092312
92.75 14.46875521750444 391.8191905869583
92.75 11.73901783361753 389.0232574344862
92.75 17.18798616214019 394.616164147365
92.75 -35.04274378370982 436.3452878445897
92.75 15.54440872607375 388.0384829637644
92.75 12.78221372133224 385.2095698514028
92.75 16.63204161175524 384.2135194478137
92.75 13.83789762639699 381.3518893152076
92.75 17.73218517378839 380.3443809438174
92.75 -3.133545293289651 406.4605753945486
92.75 -39.49913459491239 451.1220872502519
92.75 14.90582463025441 377.4497287088147
92.75 18.84502975464748 376.4306248734822
92.75 15.98639840322088 373.5037587924608
92.75 19.96931298348729 372.4731255909735
92.75 17.07865439122763 369.5134503404311
92.75 21.10625398833383 368.4712336181227
92.75 -60.98925285192253 504.7417137869553
92.75 -58.39915655708509 494.135501607958
92.75 -55.48401002715971 482.4153310102468
92.75 -52.25632697346676 469.7099025230012
92.75 22.85419276858287 375.4311371530212
92.75 18.18312559570126 365.4782825703668
92.75 22.2560044879423 364.4243628462236
92.75 -43.51492963834086 464.9596524006262
92.75 19.30002316894387 361.3977478023687
92.75 15.19508692092389 362.4672935862881
92.75 23.41870152169666 360.3319947640788
92.75 -46.56531511887873 447.6440562724289
92.75 -42.80629951736451 432.5181438927365
92.75 -35.85477586694592 404.9997127909571
92.75 -34.87050002965209 401.3317689083431
92.75 16.31681626246861 358.3603282524316
92.75 12.18417374632645 359.4382565416295
92.75 13.31296318904983 355.3049124376506
92.75 9.153794961968851 356.3898751811091
92.75 -38.57099920601573 402.3047918917752
92.75 -37.57221969068512 398.5800585317841
92.75 10.28978152222565 352.2301442895861
92.75 6.104029380822084 353.3220310531126
92.75 -46.57582336349196 475.4449424568835
92.75 -41.34395306461037 399.5649530667529
92.75 -40.32304988059753 395.7600580239277
92.75 7.245334014133657 349.1282348767148
92.75 3.020534996336773 350.2306891757082
92.75 -44.17362317964901 396.7663071358356
92.75 -43.13063067787012 392.886942792915
92.75 4.172206857119463 345.997784492879
92.75 -0.0911798521328917 347.1109426934053
92.75 8.433413445144566 344.8882589623598
92.75 11.36015565676969 402.8173337618791
92.75 -47.05170058167996 393.9126273307911
92.75 -45.98997507833757 389.9637435228865
92.75 1.071136156770918 342.8416563696329
92.75 -3.228041560690359 343.9640662198794
92.75 -49.4840360073615 458.931931256708
92.75 -49.98012498152542 391.0080964268035
92.75 -48.89996466248494 386.9903137302358
92.75 -49.50224712652238 485.3577853498997
92.75 -2.056097570606604 339.6581783396362
92.75 -6.392528610068368 340.7903507085029
92.75 -52.95884419532618 388.0531938726442
92.75 -51.86032171779055 383.9668081590638
92.75 -54.04484159847084 392.1267596636932
92.75 -5.2105794746559 336.4466805803654
92.75 -9.585383890636706 337.5889037526966
92.75 -55.9860754285088 385.0485505687956
92.75 -54.87005114960566 380.8963940009149
92.75 -8.393373875633632 333.2053619278535
92.75 -12.80926262017998 334.3583975315575
92.75 -3.981259325081782 332.0562339079737
92.75 -59.0524422276431 381.9983050478354
92.75 -57.92337008505958 377.7955335992452
92.75 -11.60612876024341 329.9336625388618
92.75 -16.06361850713722 331.0975624298044
92.75 -42.00787138140581 388.9286674155078
92.75 -52.27861490907573 494.614692300754
92.75 -62.15421217457086 378.9119683115729
92.75 -61.01270417150614 374.6630091298358
92.75 -14.84815247188304 326.6349694263375
92.75 -19.34095325288472 327.8080990938168
92.75 -65.28917236254149 375.7919266963452
92.75 -64.13558183067185 371.4975260604995
92.75 -66.44222524793054 380.0854887935282
92.75 -18.11561737852897 323.3111059564045
92.75 -22.64258619159256 324.4930380141841
92.75 -53.70451838841705 376.6950474589241
92.75 -1.242798868305886 351.3713221100712
92.75 -68.45752527864646 372.6386797028545
92.75 -67.29179817297413 368.2987673622449
92.75 -21.40773334672585 319.9622659963284
92.75 -25.96843420441761 321.1529204506163
92.75 -16.84725638397115 318.7716325930951
92.75 -27.20171059705155 325.7068065703883
92.75 -30.53238672196754 322.3608579537874
92.75 -51.10546869161572 512.5554311603983
92.75 -29.30065475347147 317.7887492445655
92.75 -33.89644390013504 319.0026071788644
92.75 -14.00332841352054 338.7738991867766
92.75 -71.65938086357612 369.4521247305495
92.75 -70.48143355954285 365.0664730907357
92.75 -66.08234692893009 363.9153612195365
92.75 -69.28299144582346 360.6651109741921
92.75 -17.3273081541072 410.0683544130263
92.75 -73.71684846691356 361.8216631676647
92.75 -72.50988805713425 357.3714873158365
92.75 -32.65474630147339 314.3968094349243
92.75 -37.28372043118438 315.6191398854052
92.75 -60.4974558843229 510.1236337196513
92.75 -39.53178720163606 419.2110574001798
92.75 -64.85488097764559 359.5056059468086
92.75 -76.99298173354975 358.5443606728692
92.75 -75.77466363275423 354.0468194793481
92.75 -36.03272865340067 310.980510426587
92.75 -40.69436680312157 312.2113181245358
92.75 -41.9426593392451 316.8712928643904
92.75 -45.35719376442895 313.4594423414191
92.75 -32.09689539866841 426.7335331795652
92.75 -44.11063501562653 308.7825064690105
92.75 -48.80466185203903 310.0359850016029
92.75 10.98105508327544 378.4728273870572
92.75 26.39813243829656 363.3898443254695
92.75 27.56993699150478 359.2676542947236
92.75 30.57117528891569 362.3484567050193
92.75 31.7525622864219 358.195314243567
92.75 34.776426989758 361.3000688562292
92.75 35.9669897947166 357.1156060118875
92.75 39.01355408322307 360.2440148796173
92.75 40.21439993640949 356.026950341714
92.75 43.28593281797544 359.1811040057567
92.75 44.49687853497994 354.9292631617538
92.75 47.59371854257852 358.1096209610478
92.75 48.814739503176 353.8227280064193
92.75 45.69302423526197 350.6190694541115
92.75 50.04796381598123 349.4982839039358
92.75 46.89324777348038 346.2614753474289
92.75 51.2918008806958 345.1302361910014
92.75 48.10656623053232 341.8621933428848
92.75 52.54738241420372 340.7201857744946
92.75 49.33167866814549 337.4208780378651
92.75 53.81494964606676 336.267975513991
92.75 51.93704719299242 357.0293802311243
92.75 50.7029295614574 361.3390987078099
92.75 55.02607501892809 360.2455029587797
92.75 53.80558477548627 364.512538841727
92.75 50.56900926799364 332.9390047050212
92.75 55.09229112012981 331.7755173586231
92.75 58.06608940645641 363.42309604733
92.75 56.86816083021979 367.6138736019155
92.75 61.04809971009739 366.5421019788076
92.75 59.87611186926666 370.6581413365037
92.75 58.36079997101368 335.1326755449719
92.75 59.64483788514099 330.6128647278547
92.75 63.9831559890438 369.6026941945025
92.75 62.83285358158967 373.6451015566435
92.75 51.81698680300154 328.4164487529852
92.75 66.8664329013851 372.6080238756339
92.75 65.73681477159465 376.577101477583
92.75 68.05475453020773 368.5822071688858
92.75 62.93154547835004 333.9888862857184
92.75 64.22763084961933 329.4392003464713
92.75 69.69734386294323 375.5590005471329
92.75 68.58790946134452 379.4556798967654
92.75 64.7339050887395 380.4216615979503
92.75 67.4840095201135 383.2226249337721
92.75 63.72733562987906 384.1605202939588
92.75 66.40277587244155 386.8843138006185
92.75 62.75016639879406 387.7962120744289
92.75 65.35140578234734 390.4442644620311
92.75 61.79995737252614 391.3312762123516
92.75 64.32957383204869 393.9062302931611
92.75 67.7831943207223 393.0438144400346
92.75 66.79706403779288 396.4411407200514
92.75 63.41826107337385 397.261691933963
92.75 65.80659395344556 399.7294225245302
92.75 69.09795788948081 398.9275093223552
92.75 62.5137510620099 400.5267100595719
92.75 64.83786016719777 402.9269548912343
92.75 61.63553865481094 403.7023822008802
92.75 63.89574357079054 406.0363566582031
92.75 60.78154478053926 406.7907547599959
92.75 62.97992555059117 409.060802139412
92.75 59.95076394261457 409.7948194493589
92.75 62.09007689009477 412.005971552573
92.75 59.13820832878001 412.7214555189532
92.75 65.03794885246565 411.2896233421969
92.75 61.22330022171066 414.8769119986889
92.75 58.34564588119685 415.5743852862252
92.75 60.37832296334862 417.6757708293791
92.75 57.57297702346919 418.3555907432041
92.75 59.55464485612943 420.4049619095869
92.75 56.81841872560511 421.0680075011975
92.75 58.75129767176221 423.0671346342763
92.75 56.0818706205542 423.71412409624
92.75 61.41331956581548 422.4181394176927
92.75 57.96784903098322 425.6651044262071
92.75 55.36267261800119 426.2964214338991
92.75 53.48626039493321 424.3825192258925
92.75 52.76611817744845 426.9653345259126
92.75 50.88707370286341 425.0496152337311
92.75 50.16575963408408 427.6365158864307
92.75 52.04078816329486 429.5280641970504
92.75 49.4917332881398 430.1797563098756
92.75 47.62817130462847 428.3249251606315
92.75 46.95271937251863 430.867139029311
92.75 45.08607071978795 429.0103421521637
92.75 44.40914576012146 431.5575335224396
92.75 46.27253290804235 433.391929295903
92.75 43.77711673750749 434.0631675751953
92.75 41.92432366480233 432.263283695199
92.75 41.29052742999029 434.7692816650477
92.75 39.43378987139192 432.9665447617853
92.75 38.79860578883817 435.4783020162436
92.75 36.93721265119919 433.6713921540847
92.75 36.30065965237115 436.1893535147768
92.75 34.43454049860227 434.3781468847524
92.75 33.79661689234756 436.9023627642876
92.75 31.92593930468747 435.0868858880942
92.75 31.28732198205918 437.6164375641502
92.75 29.41368848614751 435.7980257350561
92.75 28.77407930228358 438.3315306023614
92.75 26.89733045766081 436.5102358155445
92.75 26.25656405262094 439.0481050868608
92.75 24.37629685116659 437.2235457529403
92.75 23.73448125365605 439.7660750569027
92.75 21.85094916458379 437.9383393736622
92.75 21.20815585357398 440.485139384073
92.75 19.32143761845363 438.6544276638397
92.75 18.67764881430578 441.205486672969
92.75 16.78790348693957 439.3718246863541
92.75 16.14337961084052 441.9266645964146
92.75 18.02924563451928 443.7403407319396
92.75 15.53724654951271 444.4442263312082
92.75 13.6619350422631 442.6609749292456
92.75 13.05325555536561 445.178765212195
92.75 14.92550441731789 446.9428243138846
92.75 12.48132194397063 447.6613420184481
92.75 10.61875154206026 445.9250757192626
92.75 10.04456212189385 448.408198730401
92.75 11.90380704538271 450.125712436967
92.75 9.505618710722173 450.8567092104466
92.75 7.656323500742703 449.1660906535178
92.75 7.115223146630035 451.6147188289009
92.75 28.13001637940654 440.8494025347322
92.75 8.960825446299545 453.2867751618302
92.75 6.607952875056765 454.0292483006529
92.75 4.772985584861233 452.3831875458294
92.75 4.263619650567442 454.7968167504961
92.75 6.094340119783658 456.4244097354232
92.75 3.786956237843041 457.1763647597116
92.75 1.967233306270289 455.5743278616918
92.75 1.489101235007193 457.9519415010902
92.75 -0.3328034172595307 456.3486787044028
92.75 -0.811738741872559 458.7297409872247
92.75 38.15934064562896 437.975750761003
92.75 3.30335562444941 459.5353632461807
92.75 -2.636601942715208 457.1239830039189
92.75 -3.116326072218776 459.5089769766554
92.75 35.06658789519646 431.8318212930212
92.75 -4.944285061081617 457.9005528784147
92.75 -5.424824573403884 460.2896227746189
92.75 -4.470069570226664 455.4926665425154
92.75 57.01608250535762 410.556147720134
92.75 72.47639367184989 378.4565062876231
92.75 -7.256100172312943 458.6784154653354
92.75 -7.737505897192886 461.0718791687659
92.75 -5.908754874827975 462.6686808808855
92.75 -8.190937904095566 463.4367734586137
92.75 -6.392527566713507 465.0057754162639
92.75 -8.634269448374434 465.7601073822595
92.75 -6.868256011875586 467.3001913865024
92.75 -9.068561362169325 468.0406949634933
92.75 -7.335215249183312 469.5518910873905
92.75 -9.494266024923009 470.2786538260962
92.75 -10.82421770862392 466.5247207583583
92.75 -7.793324029573157 471.7613632605014
92.75 -9.91173674334763 472.4745722376571
92.75 67.53678630166715 332.8413445597303
92.75 68.84336655888022 328.2600500197262
92.75 -8.242712586927249 473.9292822739881
92.75 -10.32118786968895 474.6291564535616
92.75 -6.167698601895289 473.2288760726548
92.75 25.01232623555985 434.659780400346
92.75 -8.683538794756387 476.056372186181
92.75 -10.72279838955073 476.7431443023568
92.75 -12.34956238081102 475.338953000513
92.75 -12.75349470916853 477.4513145501829
92.75 -14.38342600829824 476.0448326596222
92.75 -14.78849404616237 478.1619354587087
92.75 -16.42187833878905 476.7521154157799
92.75 -16.82784091467712 478.8735643980613
92.75 -18.4641593021393 477.4608697015123
92.75 -18.87233085502191 479.5876708496747
92.75 72.17497572107487 331.6871862656889
92.75 73.49122693366837 327.0746833786927
92.75 70.1376624099769 323.630137654173
92.75 74.81262303502912 322.4334233992128
92.75 71.43340279182154 318.9622266316885
92.75 76.14549118552945 317.7554335447896
92.75 -20.51455761748545 478.1699295527841
92.75 -20.92445199987127 480.3047260021116
92.75 72.7386053681625 314.2556754899898
92.75 77.48959880374106 313.0388761055639
92.75 -11.13097154720148 478.8383192927704
92.75 -19.28383482262571 481.7049816926668
92.75 -21.30257244062344 482.4089997220063
92.75 47.26404273129605 329.5935504340727
92.75 48.51836844853121 325.0514116439592
92.75 43.9474198123695 326.2333923623761
92.75 45.20615303041207 321.6717950738116
92.75 40.61470903666762 322.8592928190625
92.75 41.87901024507474 318.2775693981397
92.75 -20.1118084914611 476.0154521417706
92.75 -9.575315786615896 459.4570887784782
92.75 -22.93024727037344 481.0304107225918
92.75 -23.31142041890642 483.1306323486365
92.75 -21.68903204733564 484.4900770857297
92.75 -23.66335430481527 485.1984548779877
92.75 37.26733654918194 319.4703037465846
92.75 38.53713415957111 314.8681201003333
92.75 33.90466927667261 316.0662355446314
92.75 35.18001715575137 311.4426397821119
92.75 30.52553817804806 312.6464636861432
92.75 76.84518384102594 330.5258465117879
92.75 59.33670086491055 401.357384723659
92.75 74.05516804783736 309.5126676378902
92.75 78.84164670631874 308.2863932501135
92.75 -25.27180161565696 483.8608445126895
92.75 -25.62672895730462 485.9235035054344
92.75 31.80657908993066 307.9995171848891
92.75 36.4889399411437 306.7860647405749
92.75 27.12839497302202 309.2099127754387
92.75 59.22758955492714 388.7445975584949
92.75 -24.02417157618395 487.2422464641243
92.75 -25.95398516355445 487.9542885091646
92.75 -27.54204874164039 486.656615030702
92.75 -27.87336727955806 488.6826301560951
92.75 45.59739200119714 435.8561418722323
92.75 -50.04920868886371 314.7368128759962
92.75 -53.50240081342822 311.307417132695
92.75 -31.76727892733372 326.9208245075377
92.75 -80.30375529266517 355.2337376890871
92.75 -79.0740039718532 350.6916668411105
92.75 -81.53419329017173 359.7750052125013
92.75 17.42688805922499 436.79607156731
92.75 -26.29023467770206 489.9614006015933
92.75 -28.17553323625873 490.6760685639557
92.75 80.91658206262467 316.56528370337
92.75 -52.25922674479146 306.5863328515514
92.75 -56.9912378680907 307.8645023136834
92.75 28.41581612070736 304.5400024271875
92.75 23.71463878490338 305.7563775589069
92.75 -54.24449910653775 501.0896565801244
92.75 -29.7449725568579 489.4185521041705
92.75 -30.0507168094781 491.4082602678101
92.75 75.3810382252954 304.7333016483476
92.75 80.20306643383739 303.4985977028317
92.75 -58.23566716301579 312.6146733513783
92.75 -61.73616186051991 309.1595382421844
92.75 -60.49012538592064 304.3848734045769
92.75 -65.26800513153357 305.6879184100548
92.75 -66.5161207514067 310.4900511707119
92.75 -70.05874271323513 307.0060288694734
92.75 -71.31002514527819 311.821472070919
92.75 -74.86214774971116 308.3281676369919
92.75 -76.1167204437041 313.1564818525912
92.75 -79.67875870469724 309.6537849305277
92.75 -80.93676339927347 314.4956431849678
92.75 -78.423203252405 304.8024760078379
92.75 -83.65921301258491 351.8877470559138
92.75 -26.62337451119424 491.9266243163096
92.75 -74.50581604188017 349.4992743642936
92.75 -83.27084047412426 306.1359989059271
92.75 -31.62542048112029 490.1479419431217
92.75 -31.93270089244758 492.1457884467639
92.75 25.00838463553829 301.0635902914563
92.75 20.28417449591429 302.285910362496
92.75 -82.00719647398728 301.251757851027
92.75 -45.19836006547694 400.6322457404206
92.75 52.71191441600878 368.6553593822663
92.75 76.71833135777061 299.9226263830668
92.75 81.57121302887629 298.6794586206025
92.75 85.07026122809162 302.2766102868099
92.75 86.44604917235473 297.4379576112911
92.75 75.51860312239833 335.1621890565362
92.75 80.18302881402306 333.9888488515896
92.75 -86.8883756837055 302.5944906369515
92.75 78.86431550639152 338.6045237255781
92.75 83.51124977272436 337.4359501679513
92.75 82.19738802366383 342.0350204614655
92.75 86.82207171901933 340.8689923777254
92.75 85.51576257691448 345.4421187636596
92.75 90.11534662670955 344.2828493456054
92.75 88.81757143351891 348.838143694202
92.75 91.44636382514298 339.7034410119295
92.75 -33.51311051205317 490.880158246937
92.75 -33.82160622410355 492.8849356104257
92.75 -33.21293495334434 488.8546382376215
92.75 -32.24401138446408 494.1333694926064
92.75 -34.09898235618783 494.8564324656963
92.75 -32.55583201257915 496.0743490797078
92.75 -34.36496628176723 496.7800207393377
92.75 -35.66332278114692 493.6310795698108
92.75 21.58426136804154 297.5700994611024
92.75 16.83683454194434 298.798410348565
92.75 26.33551584525969 296.337998949645
92.75 39.36259358448375 327.4290136833462
92.75 71.87169413614689 301.1665473947772
92.75 -31.3703661824396 309.7486374866671
92.75 -33.81703310786458 397.595266715355
92.75 -64.01312607124972 300.8781311016743
92.75 73.21555878840331 296.3387557426418
92.75 -85.6160023448344 297.6763574935448
92.75 68.35287372870285 297.5861131447692
92.75 25.85222311472123 313.8688196362858
92.75 89.96233257590148 301.0526697179579
92.75 91.34535099062961 296.1896874184386
92.75 -90.52904997758804 299.0289546580343
92.75 -91.8049431191108 303.9732013384399
92.75 -32.85993182962691 497.9666062351139
92.75 -34.62255718719831 498.6545086001843
92.75 15.54148497298703 303.5264145952351
92.75 12.10306687417407 300.0429298363212
92.75 13.38884832776952 295.3084906177836
92.75 8.631389760256372 296.5582737631016
92.75 -56.27297536521652 513.9793772864564
92.75 93.40610042438414 347.6828759931697
92.75 92.1110213083636 352.2291061063391
92.75 -72.5593458027451 316.6440447310221
92.75 -0.181291792922682 395.7310275488326
92.75 -82.41170697161085 347.2832908763671
92.75 -87.05412075716765 348.4967251139328
92.75 28.72777736020279 355.0905079193054
92.75 -89.24881479024229 294.0800151032809
92.75 -84.31026157330363 292.7243780048102
92.75 -94.19253121758679 295.4411921038655
92.75 69.70142529827072 292.7412934809284
92.75 64.82134820633334 293.9930219774046
92.75 -33.15601403479311 499.8101046284244
92.75 -34.87263803962425 500.4802589569584
92.75 -36.32026153108445 499.3519692605603
92.75 -36.57454210924122 501.1710306691024
92.75 -31.43814370138288 499.1404839403068
92.75 -38.02649113117304 500.0407642925341
92.75 -38.28214794102996 501.8669087483526
92.75 -39.7407222181301 500.731743110722
92.75 -39.99764144496719 502.5665024443819
92.75 10.80968154539418 304.7582919532643
92.75 9.923807518961116 291.7981991459216
92.75 5.140049071182779 293.054841766442
92.75 87.8119499381831 292.5602409761307
92.75 92.73343624104513 291.3036629504945
92.75 -41.4647216194214 501.4257011869557
92.75 -41.7234416668595 503.2721568357643
92.75 -41.21371520619875 499.5608320949781
92.75 94.87501144264314 299.8216672829502
92.75 -85.79207924861846 343.8378032454351
92.75 -90.48941559506143 345.0657520253642
92.75 -91.7596067252648 349.7728406835081
92.75 -95.2259450423433 346.3125390110733
92.75 -93.9445513403971 341.5601349826086
92.75 -96.50779292926266 351.0629667192676
92.75 -4.672270458177629 466.5589838949177
92.75 96.69174069718304 351.0764312676129
92.75 95.39855543354268 355.6155308603121
92.75 -40.25626183394743 504.397200522745
92.75 -41.94950952386534 505.0861772192773
92.75 -33.444252389893 501.605445594382
92.75 59.31493360062937 359.1853297257137
92.75 -92.90352567665809 290.4645508588819
92.75 8.02980465853547 360.5376595695809
92.75 46.49643406825398 317.0792092350004
92.75 -97.87298712491439 291.8326589875394
92.75 66.17469363003713 289.1304991990945
92.75 61.27662158712677 290.3868537082658
92.75 90.84436822539344 356.7477483222468
92.75 94.09396680953637 360.0934055629158
92.75 98.61696108128407 358.9821619211963
92.75 97.31841146290429 363.4571817409316
92.75 -98.73197013373721 342.8182537385898
92.75 -97.43529249852004 338.0147470385936
92.75 6.439640622758898 288.2684246742101
92.75 1.629391553150871 289.5320012122525
92.75 11.25238776187491 287.0023237074635
92.75 0.3336432928018804 294.3339469719405
92.75 -3.171785500495368 290.8122544282115
92.75 -43.4066605545006 503.9834865643672
92.75 -1.883245765657085 286.0017472454683
92.75 -6.70854484458233 287.2870727155657
92.75 -7.994457360453609 292.1139868651892
92.75 -11.52914862529324 288.5875849419893
92.75 -96.57706812904475 286.8304125749114
92.75 92.81388509311233 364.5477950949938
92.75 96.00045186266041 367.8614134153327
92.75 100.4628487722128 366.7974643376696
92.75 99.1516113435549 371.1879235784892
92.75 94.72211541761493 372.2281458964989
92.75 97.82713929179577 375.4990258106495
92.75 93.48525481538691 376.5115180785082
92.75 96.5187327871204 379.7040957584898
92.75 92.28453635674471 380.6898419144614
92.75 95.24031446760519 383.799453511637
92.75 91.12906983839173 384.7477303392428
92.75 93.98735796254088 387.7535414533284
92.75 97.96105258595182 386.8371508082548
92.75 96.75757142831205 390.6922139309032
92.75 92.92007476281513 391.5346846956128
92.75 95.54567746031833 394.3332064625448
92.75 91.88974889988654 395.1322922920739
92.75 94.38684321937858 397.7941121631731
92.75 97.88984575028852 397.0425796224512
92.75 96.78243085132067 400.4205261706759
92.75 93.39234492127812 401.1069383659814
92.75 95.66533879893622 403.6181443411101
92.75 92.41564790559238 404.2752784880103
92.75 94.59349748346789 406.6814536245487
92.75 91.47935151905571 407.3114109644138
92.75 93.5667386319785 409.6179996698156
92.75 96.56299617939678 409.0178612002594
92.75 90.57826782723947 410.2246649302237
92.75 92.58443921008775 412.4431607800716
92.75 89.70878237334041 413.0272667752605
92.75 91.64020145056749 415.1652476488809
92.75 88.86742928955232 415.7287298247654
92.75 90.72998547533656 417.7901173544155
92.75 88.05588992173048 418.3341374148437
92.75 93.40571497378755 417.2477188847267
92.75 89.85285313051814 420.3228120563282
92.75 87.27075183202459 420.8497907843631
92.75 89.00804125324396 422.7727914079914
92.75 86.51058050363869 423.2828064138995
92.75 88.19127757141922 425.1430697330835
92.75 85.77502805672748 425.6367215401825
92.75 84.1129794817538 423.8254834201019
92.75 83.37796900278809 426.1681448121721
92.75 85.02995608767836 427.9478169636083
92.75 82.69258009339136 428.4609270927614
92.75 90.60816703140426 424.6500332913705
92.75 84.29703188670636 430.1894114543858
92.75 82.02723278886083 430.6874323676143
92.75 80.43748670946876 428.9997024086732
92.75 79.77271967879621 431.2184657046067
92.75 81.35307509816104 432.8765897167097
92.75 79.15435976839004 433.3900027276285
92.75 77.59094608807496 431.7710004649043
92.75 76.97308738276462 433.9320129379497
92.75 78.52620722676049 435.5222325808097
92.75 76.39836293933233 436.046881682151
92.75 74.86228028877015 434.4939185250013
92.75 74.28728617144506 436.5988369264188
92.75 75.81388577350378 438.1245387051881
92.75 73.75369078189036 438.6593461848282
92.75 72.24337779798934 437.1688858754006
92.75 71.70960292145264 439.2202157423112
92.75 70.20070893072069 437.7324761672735
92.75 69.66699788821742 439.7828205253868
92.75 71.16881013118206 441.2460670873627
92.75 69.17323223293315 441.7919204541212
92.75 67.68668510479776 440.3613547571545
92.75 67.19173152898817 442.3633195124296
92.75 65.70393701664356 440.9333192248646
92.75 65.2080138927661 442.9382477510198
92.75 63.71744477985766 441.5057544111053
92.75 63.22023099413025 443.5148724683789
92.75 64.70712242613952 444.9260657068752
92.75 62.76263384920586 445.4859374095228
92.75 61.2882049651125 444.104988225372
92.75 60.82894982840346 446.072924237536
92.75 70.63504482190882 443.2154114835262
92.75 59.35224379901054 444.6907509723084
92.75 58.89193736162092 446.66247852355
92.75 86.96442835596712 413.6543040743662
92.75 60.36453668029444 448.0239264539135
92.75 58.46932125611279 448.5967345024434
92.75 57.00925548957432 447.2644276007613
92.75 56.58499273256926 449.1955655283027
92.75 55.12256632201702 447.8621033683932
92.75 54.69718500786365 449.797287669119
92.75 53.23109004745264 448.4606743191317
92.75 52.80449456564539 450.4009619319925
92.75 51.33425303076799 449.0606718422314
92.75 50.90638451546159 451.0065669364268
92.75 49.43155375744164 449.6622893098636
92.75 49.00230828143442 451.6143923799006
92.75 47.52221534853181 450.2656919586525
92.75 47.09139731277464 452.224974128816
92.75 45.60530513560497 450.8711973455426
92.75 45.17271838543336 452.8386225424234
92.75 43.6799848349162 451.4791384001023
92.75 43.24571697228923 453.4552346397382
92.75 41.74636207178084 452.0899701064336
92.75 41.31006876907067 454.0750540349719
92.75 39.80344901719767 452.70343286924
92.75 39.36501652903486 454.6982802545074
92.75 37.8505923022141 453.3198327748659
92.75 37.40997733193189 455.3250430733896
92.75 35.88792798770971 453.9395810720773
92.75 35.44529229834128 455.9546366562448
92.75 33.91539578095778 454.5624296610287
92.75 33.47084081116218 456.58765647391
92.75 35.00115646494237 457.9650977667985
92.75 33.06003847943801 458.5828503967393
92.75 31.53651039389897 457.2292739188801
92.75 31.12330588539607 459.2285567613797
92.75 29.59348042141734 457.8700367729699
92.75 29.17840463928797 459.8780784498152
92.75 30.70819259045575 461.2221857638929
92.75 28.79498264134341 461.8570812782772
92.75 27.27215845097526 460.5353971615313
92.75 26.88619754397651 462.5182248146174
92.75 25.3567761895271 461.1915424320915
92.75 24.96900613400215 463.183482439826
92.75 40.87198807329687 456.0546397636992
92.75 26.49867723750587 464.4966233365744
92.75 24.61150552049546 465.1474565374702
92.75 23.08884166428867 463.8557624472892
92.75 22.72918533337518 465.8230433506066
92.75 21.20097997733919 464.5271419155871
92.75 20.83979588915879 466.502098851865
92.75 46.6577524972853 454.1754744558816
92.75 22.36723947503983 467.7839990254636
92.75 20.50727177164611 468.4492768485728
92.75 18.98841046111969 467.1879154112241
92.75 18.6538240466989 469.1359506573154
92.75 17.13088989311377 467.8716266276799
92.75 16.79517825532954 469.8253888793425
92.75 15.2672020951942 468.5571158348673
92.75 14.93029174873518 470.5175807512881
92.75 16.45671919379199 471.7717825784597
92.75 14.62038064325049 472.4507291876608
92.75 13.10323665250444 471.2160937030697
92.75 12.79140330472725 473.1487462581835
92.75 11.27070926864765 471.911898965752
92.75 10.95789498409013 473.8497660085737
92.75 52.37356642914992 452.3276972737865
92.75 9.432880522176843 472.6094141263908
92.75 9.119140810309935 474.5528372652905
92.75 10.64178136056332 475.7790267971514
92.75 8.831751061445727 476.4681845513197
92.75 100.211920237308 399.6743397989613
92.75 58.03906975402673 450.5069747271666
92.75 22.00593200838027 469.7065296681282
92.75 16.11900208475845 473.6811977240835
92.75 15.59824167485008 466.5809222037968
92.75 7.589694484340113 473.308892468584
92.75 10.32587579321575 477.6708656257537
92.75 8.550952057227828 478.3464663546384
92.75 64.20764623578341 439.4738469289501
92.75 89.34425779018963 404.9905451040223
92.75 53.65084407986882 446.499286040538
92.75 36.32517173002211 451.9066478674914
92.75 9.740693159299456 470.6505118481153
92.75 46.03173861005461 448.8841694631648
92.75 10.01582860602764 479.5256374478201
92.75 8.27521743582323 480.1884985060847
92.75 6.819971224115463 479.0290085505155
92.75 6.54250563182459 480.8702146676391
92.75 5.084272221282936 479.7089524181878
92.75 4.806008035884354 481.5545833072722
92.75 3.344032968311095 480.3903703100972
92.75 3.065017965471704 482.2408001570041
92.75 1.599234837584206 481.0735332745195
92.75 1.319472480784564 482.9287962408409
92.75 -43.63586621588716 505.8004922314129
92.75 1.873201632304214 479.2035558435218
92.75 89.18040934704882 287.6539370941978
92.75 94.13005848662219 286.389736104143
92.75 102.2004297689184 374.4835979480989
92.75 -0.1502210830962021 481.7584506888284
92.75 -0.4307572704908386 483.6187185103457
92.75 1.036121340458679 484.7749735865287
92.75 -0.686350758498788 485.4515787455495
92.75 -2.14244276347787 484.3142743669481
92.75 -2.399734352895558 486.1444553226691
92.75 80.93546870674876 346.5836080962174
92.75 -3.856157373626127 485.0065317563167
92.75 -4.113536916754766 486.8369468934598
92.75 -5.572261344010551 485.6985287903163
92.75 -5.830405039988977 487.5330892873944
92.75 -7.292765729842527 486.3918762343112
92.75 -7.551506266635581 488.2309762990063
92.75 -9.017390783845638 487.0869919971626
92.75 -9.276630670031123 488.9303516327236
92.75 -10.74564093253846 487.7838493198886
92.75 -11.00543268774008 489.6310903442996
92.75 -4.374720891446228 488.6579920750272
92.75 -40.51589979261769 506.1842811981213
92.75 11.75321526257248 478.862762357438
92.75 37.8112095964576 364.4481196901864
92.75 -9.539874957383061 490.7638429224396
92.75 -11.24174496354118 491.4512788431056
92.75 -12.69678254836646 490.336939270135
92.75 -12.9344720041412 492.1544199280669
92.75 -14.39073891015718 491.0396870756525
92.75 -14.62863403758871 492.8590558272693
92.75 59.93011370314372 295.2556699209511
92.75 56.39790142779022 291.6582083802384
92.75 57.73451966408488 286.7908489020353
92.75 52.84036256735632 288.0640749090313
92.75 7.993622305716089 482.0156377535918
92.75 93.48598024225862 304.6965772972038
92.75 98.39890926238476 303.4610948063444
92.75 97.01167346831106 308.330652509556
92.75 101.9189024164799 307.0962438822481
92.75 100.5343437426909 311.963338754314
92.75 103.3181845473523 302.2194717181322
92.75 -45.10084424356111 504.6927336212437
92.75 43.67829211509398 343.0078360169649
92.75 -101.5717379710027 288.205444813347
92.75 -102.8689110886038 293.2276573254482
92.75 -102.2703056972154 339.2863329140891
92.75 -100.961118931947 334.4363212362501
92.75 -16.08618290035946 491.7432335709774
92.75 -16.32428293684859 493.5641297069472
92.75 -12.8130505265693 293.4092058565913
92.75 -16.3427806938736 289.8875595592884
92.75 -15.06531348316588 285.0557446661089
92.75 -19.90386885976813 286.361275427706
92.75 -21.43883307121762 401.3687811325902
92.75 0.7531513132012158 486.5854007512178
92.75 -18.62011861081838 281.5000206274543
92.75 -23.49082766780176 282.8139061910192
92.75 -24.77322424464468 287.6977943731362
92.75 -28.36035962079049 284.1455872262924
92.75 -29.64131477693477 289.0264448873409
92.75 -33.22530030880799 285.4773281625127
92.75 -100.2692178007871 283.177881213385
92.75 -95.25410821910357 281.8007382335853
92.75 -96.09102220062053 333.1640231897427
92.75 -99.63029594412316 329.5734232857106
92.75 -104.5274817645907 330.8467680584361
92.75 -103.1871493288495 325.9478113345381
92.75 54.18176478328754 283.1773494829723
92.75 49.26712181273471 284.4557535534723
92.75 -17.78114795734002 492.4476152847026
92.75 -18.01886945222256 494.2665422609759
92.75 -16.57015189695418 495.3662859973876
92.75 -18.23470357697056 496.0549517247344
92.75 -45.33163114133515 506.5205168546225
92.75 -38.871048248637 505.5108540135915
92.75 -39.12231328331209 507.2426324951528
92.75 -37.52691452619103 506.589992736991
92.75 -46.8056109087165 505.4059414219913
92.75 -46.5810782100732 503.5485984238319
92.75 63.17819218951459 416.994074125987
92.75 67.99884652379689 315.4755163202719
92.75 90.55634259590713 282.7194143388603
92.75 95.53396202910393 281.4477971890057
92.75 99.11926511095066 285.136687867198
92.75 100.5299444618582 280.1788642470503
92.75 104.127845794328 283.8822030833675
92.75 67.00938558786504 405.2823313276157
92.75 70.05541903380615 385.9723971382147
92.75 100.6407521861135 389.7890887929465
92.75 -11.48512513807717 493.2544587940455
92.75 81.71734717242458 424.360488843498
92.75 72.57375330347399 442.6838660373219
92.75 72.05561266369941 444.5953524835306
92.75 73.93771297289811 444.0795589125441
92.75 73.43447714295409 445.9350143380765
92.75 75.2614345826802 445.4345495399974
92.75 71.60705392368561 446.4364755053093
92.75 72.94687022325728 447.7385543017838
92.75 71.17034571852989 448.2262037707148
92.75 72.47277627876038 449.4912090358455
92.75 70.74751074797386 449.96453252769
92.75 48.02666879691238 435.1971178458645
92.75 47.37156305778075 437.5891642279128
92.75 49.73050003295071 436.9494728020039
92.75 74.19739694334905 449.0172710646427
92.75 -47.70519778814739 516.1916477382822
92.75 4.063432079892605 404.6489899399373
92.75 89.81682777531104 426.9412235451213
92.75 92.15273628301398 426.4657548685284
92.75 91.38702473745937 428.6796491743006
92.75 93.64385804947595 428.2208477952063
92.75 92.90357807252052 430.3594837809376
92.75 95.08364441799097 429.916664290288
92.75 95.81951662331559 427.8327784651287
92.75 97.2474078031221 429.508872906921
92.75 97.97932406037698 427.439073269634
92.75 94.36823191495925 431.9823874219563
92.75 92.25843400433745 432.4140890003815
92.75 99.39799035869456 429.1050465543482
92.75 100.123916027993 427.0498594518806
92.75 2.440276956815801 485.9217710225225
92.75 33.15437768396472 439.4114336723477
92.75 23.82536828230195 469.0532461053215
92.75 23.47175260594446 470.9286686099002
92.75 25.24508685416468 470.2919864670152
92.75 24.89997470689768 472.1187065600156
92.75 26.62644176468937 471.4989183412193
92.75 23.16962748349524 472.7433217670637
92.75 24.56804565021056 473.9082408220444
92.75 22.8733995325262 474.5207460662904
92.75 23.08822733718287 442.2930243354442
92.75 -10.26241798274379 408.2716332743726
92.75 -24.38575941215906 411.9644633463039
92.75 -43.86727063031232 507.6124019058524
92.75 58.83360860806174 374.6469923604815
92.75 90.44329200766065 373.3128619572062
92.75 11.45008566916502 480.6765348110259
92.75 13.14837136756455 480.0281467641548
92.75 74.23534625237022 339.7564948366143
92.75 -48.05607222511573 480.4780661543045
92.75 -45.06190531947281 470.2700844897814
92.75 -50.9112501235986 490.0735655610589
92.75 -41.93443763279888 459.5199901509468
92.75 -31.94981587954228 280.5849090474326
92.75 -36.8405505628692 281.9223367234525
92.75 -38.11359452299936 286.8327203531099
92.75 -41.72917586968874 283.2751473668223
92.75 93.67951682886866 433.9878401046853
92.75 91.63310765493664 434.4072408987467
92.75 95.72309130282595 433.5686609818302
92.75 89.33656010623602 392.4547372531412
92.75 14.95179897600774 401.8920764447072
92.75 13.94336889279373 405.4111842497246
92.75 17.44646976941495 404.5109864282776
92.75 16.4615178288798 407.9442872592811
92.75 19.87920766363234 407.066827818915
92.75 18.91759633060756 410.41601984418
92.75 22.25131650096076 409.5605452489964
92.75 15.58212023548956 411.2742434862745
92.75 23.21338375281801 406.2703201377341
92.75 25.57692601013283 408.7471913755673
92.75 26.53799033896219 405.4639655080167
92.75 28.89872497287791 407.9372727201392
92.75 29.85859204805569 404.6577974906872
92.75 32.21674257859299 407.1282117420634
92.75 33.17549397373578 403.8523278065494
92.75 24.60916911900074 411.9957528345605
92.75 35.53106975687054 406.319973677373
92.75 36.4887546405033 403.0476621507568
92.75 34.12663751776702 400.5451094361203
92.75 34.56456653596473 409.5562711598535
92.75 37.50365816967258 399.723654368201
92.75 35.09370122842036 397.1684982960332
92.75 38.54185750093846 396.3303692044709
92.75 36.082003907684 393.7223717108316
92.75 39.60154357703232 392.8668160616588
92.75 37.80590824138655 408.761811518509
92.75 36.86160509306492 411.9185759138132
92.75 37.09069890419865 390.2048618622615
92.75 40.68316184689996 389.3314637109455
92.75 38.12006340328001 386.6138840928478
92.75 40.02136579831643 411.1441554460018
92.75 40.97256563783316 398.9295261168971
92.75 39.10068740029877 414.2210162245025
92.75 36.01938824936299 414.9775708776849
92.75 42.18045504678043 413.4663883405817
92.75 41.78630563886584 385.7235390793456
92.75 43.10139349246393 410.4453286041959
92.75 33.49954765669641 391.0784327696917
92.75 38.20477080663954 417.2251649023196
92.75 35.1963575655879 417.9640643179889
92.75 39.1715190903555 382.9499876389384
92.75 17.98033546012712 413.6841226259401
92.75 14.72974635627386 414.5207352921012
92.75 17.06775110751302 416.8716053076407
92.75 13.89498278369723 417.6889705296956
92.75 16.17799370985386 419.9843855135904
92.75 13.07897834550728 420.7836098505322
92.75 10.81620589670192 418.5320517453499
92.75 10.0010704442493 421.6140475223747
92.75 7.741994592925625 419.3677677722457
92.75 6.927706772809332 422.4458065423465
92.75 4.669449806219086 420.2016617083693
92.75 3.855211058770522 423.2793220718333
92.75 6.106366120834577 425.4978473290963
92.75 3.085463468978924 426.3117860370428
92.75 0.8488023250647818 424.1301149185226
92.75 0.07904929243588121 427.1566240992505
92.75 -2.156522160383928 424.9768928353866
92.75 -2.926057014394014 428.0024282821504
92.75 -5.161470271078075 425.8232263373291
92.75 -5.931990167956886 428.8497595964112
92.75 -3.701054097755449 431.0085874671676
92.75 -6.665163423733799 431.8395623092123
92.75 -8.884797425431813 429.7104559629531
92.75 -9.621537432327148 432.700080059696
92.75 -7.404921031545847 434.8067513915516
92.75 -10.31640999693086 435.6507026905253
92.75 -12.52085713423082 433.5744220211105
92.75 -13.2190934575206 436.5241626096166
92.75 -8.138861330099393 437.7188291593046
92.75 -15.42924710241525 434.4434842848341
92.75 -16.12979964108617 437.4018125310119
92.75 5.291570680981758 428.4867171265594
92.75 -18.34582696847221 435.3149300108834
92.75 -19.04826977814273 438.2808661796552
92.75 -16.83511819390098 440.3443524994581
92.75 -19.70724308640906 441.2062142309859
92.75 -17.53448208462311 443.2303062328336
92.75 -20.35097409411016 444.0754479541976
92.75 -17.65107854941596 432.3237642327302
92.75 -18.22043825304917 446.0599568780062
92.75 -20.98188916624733 446.8886963232187
92.75 -18.89272260805793 448.8349302115984
92.75 -21.60118381567623 449.6478874622596
92.75 -23.67706532098475 447.7328649628732
92.75 -24.29888422503663 450.4895531808363
92.75 -22.22749861380711 452.3845851821482
92.75 -24.88591850626252 453.2108089053111
92.75 -22.84934477903325 455.073678589524
92.75 -25.46264475833494 455.8859845112098
92.75 -23.46041798816458 457.7175978125666
92.75 -26.03002382075162 458.5163875588854
92.75 -24.06104587070088 460.3178974486596
92.75 -26.58800589214587 461.1030014025941
92.75 -24.65235936499473 462.873905495689
92.75 -27.13638127528327 463.645699968829
92.75 -15.46113105495668 445.2308914489391
92.75 -28.54859168605765 459.3265749298752
92.75 -26.37936730797555 448.5717889533369
92.75 -22.17423256240017 462.1007997240323
92.75 -25.2334168971917 465.3870825216584
92.75 -27.67621302017477 466.1460832897761
92.75 -4.399144834318151 422.7721260495773
92.75 15.31051395869851 423.0285806100891
92.75 18.34059098290092 422.2463403417481
92.75 -20.2407679381329 454.2604586053502
92.75 -21.26976446055578 436.1885842685472
92.75 -5.285540219990973 436.8894332815684
92.75 -6.00438151044558 439.7391995684163
92.75 -3.213069784026287 438.9277504918896
92.75 -3.91631288330897 441.7153125642428
92.75 -1.185912833572883 440.9216471565231
92.75 -30.05061925710062 419.9629863864383
92.75 32.64078668575426 320.6776655889371
92.75 64.21116790453911 446.8602019876942
92.75 -9.286636192724989 296.9176008631555
92.75 -28.43606657464343 330.2566489874455
92.75 -32.97914893733443 331.4622345212092
92.75 -29.66786528889907 334.7775674548151
92.75 -34.18239495496338 335.975297038122
92.75 -30.89230458757994 339.2693990560753
92.75 -35.37617604338803 340.4577171163203
92.75 -32.11008717971364 343.7279872870042
92.75 -36.55929015948413 344.9054100613158
92.75 -33.32072389484365 348.1482324236756
92.75 -39.81945772212745 341.6569807710716
92.75 -37.73202514405143 349.3151749274124
92.75 -34.52168371458583 352.5296575493316
92.75 -30.15463074081741 351.3713722854153
92.75 -31.34158697754768 355.7078579571958
92.75 -38.89431188262942 353.6863083982065
92.75 -27.01693704873889 354.5608885638858
92.75 -28.1923574790468 358.8554983821143
92.75 -23.9103518866827 357.7193098364782
92.75 -25.07403045679512 361.9706904948672
92.75 -29.30920465609477 363.0917980749714
92.75 -26.22719070023055 366.174530452131
92.75 -22.04406544281711 365.0619260775467
92.75 -23.17965634293591 369.2124523885066
92.75 -19.04769935037701 368.1123497574947
92.75 -20.16903574723034 372.210452334907
92.75 -16.08957969572912 371.1242234299558
92.75 -17.19572762881115 375.1735039780283
92.75 -21.22455167818095 376.2429477582614
92.75 -13.16342880635854 374.0992886837896
92.75 -30.41811048391287 367.2824595152758
92.75 -18.29017184250787 379.1739418880619
92.75 -22.27657551675095 380.2305686218375
92.75 -12.05063500987013 370.0782378218527
92.75 -9.125028256886512 373.0523800275085
92.75 -19.37555559425847 383.1272389652649
92.75 -15.44153587524095 382.0816846667169
92.75 -8.009720995506775 369.0292708435985
92.75 57.20319129157617 428.2005728632554
92.75 59.73644128478201 427.5815229114754
92.75 58.99541745825722 430.0418907340503
92.75 61.45544123220301 429.4410347063269
92.75 101.5332116768124 428.7034436607207
92.75 102.2543416322644 426.6615078638287
92.75 100.8473919908753 424.9809780182641
92.75 103.0365395578961 424.577428828978
92.75 101.5848603584842 422.8420010375283
92.75 103.8476437046035 422.4240669343409
92.75 102.34164253417 420.6048191896493
92.75 104.7240326644814 420.1656094195372
92.75 106.3004211873046 422.0765922240286
92.75 107.190533803207 419.736648961224
92.75 105.5676841295308 417.7109538646277
92.75 108.2051032726227 417.2609384830527
92.75 106.4790656718295 415.0987061241903
92.75 109.2983013167898 414.6182399809898
92.75 111.1175221759579 416.9182516352495
92.75 112.2150323536928 414.1806905151126
92.75 110.3575016057759 411.7386058380173
92.75 114.0829427147286 416.5183316087204
92.75 104.4569620136116 426.2993697667034
92.75 43.21635949935393 392.039612453983
92.75 105.4424112590942 310.7290706099791
92.75 104.0575539880693 315.5977851916983
92.75 99.15897680783276 316.821523583812
92.75 102.6644955445114 320.4377025771088
92.75 107.5467480486825 319.2225076637419
92.75 106.1579502931632 324.058014060017
92.75 -37.488431072741 332.6769288308747
92.75 -105.286185223589 284.5606137980666
92.75 -27.48955153141719 454.0492605287473
92.75 55.05675969624198 296.5078290467148
92.75 -7.565370793382696 345.1242829929732
92.75 61.6375406405166 338.5224289294002
92.75 -59.82741127691898 370.370505151571
92.75 30.29420886459244 463.1747819007433
92.75 32.16244179674086 462.5506953083164
92.75 31.75880653562309 464.4507593519878
92.75 33.57553446528602 463.8437866825103
92.75 33.18247999049951 465.6896441816562
92.75 34.94654693834899 465.1005052819965
92.75 34.56461252820369 466.8925284385435
92.75 36.27698235432037 466.3207738379433
92.75 36.65799248363475 464.5699574034612
92.75 37.97458899991629 465.7733388775974
92.75 38.35298140886751 464.0374248288924
92.75 39.65972038705543 465.2314639641784
92.75 40.03531148987965 463.5083649635048
92.75 41.33244012646278 464.693589605642
92.75 41.70505394534368 462.983383743493
92.75 42.99240330265663 464.1595618745916
92.75 43.36251187656738 462.4618677380585
92.75 44.6411675799555 463.6298132855433
92.75 45.00922484861441 461.9429648405683
92.75 46.2801083957626 463.1038396350086
92.75 46.6460174098307 461.4271597773329
92.75 47.90948516300501 462.5811586202647
92.75 48.27344260496217 460.9140161013414
92.75 49.53018229678853 462.0616770485663
92.75 49.89231435544105 460.403203012493
92.75 14.84433374782089 437.5225349581631
92.75 -22.20700430223789 476.7386677099349
92.75 -59.20379217002291 299.5695379603133
92.75 -62.74649104570614 296.0413462197491
92.75 -60.17876283809512 386.1969879340325
92.75 -81.10727586540075 342.6225242906553
92.75 -15.85412591323015 489.9077978437454
92.75 -35.14630074443006 489.603122169447
92.75 -34.83935629594092 487.5247477694722
92.75 -36.82390456911457 488.2935127452504
92.75 -36.50926478726652 486.1598334879833
92.75 -34.4757713735065 485.3759342713097
92.75 -36.18119757952314 483.9813975611277
92.75 -34.10328648549054 483.1803297690248
92.75 -35.84592437678466 481.7555632794362
92.75 -33.72346811131602 480.9376752014105
92.75 -35.50277178873674 479.4831809780919
92.75 -33.33678801311979 478.6490728966247
92.75 -35.15146847024222 477.16610270171
92.75 -38.54656350035537 486.9494448853961
92.75 -32.94338667052823 476.3158968015783
92.75 -34.79290109482369 474.8049198900188
92.75 -38.85868153386571 489.1254577996418
92.75 35.90612040925241 468.0601635462482
92.75 34.23902431316485 468.6210536541375
92.75 -7.455022058895549 423.6293917347842
92.75 -42.10039156950425 350.4937170172279
92.75 -43.26661708456813 354.8709778717389
92.75 -46.4815980014894 351.6704283702101
92.75 -5.413497427206244 282.4487687863069
92.75 7.744329779906525 283.4476129906674
92.75 12.59172627738668 282.1721988167801
92.75 59.1025202679065 281.8925795468272
92.75 -15.19833736699877 480.2653673499964
92.75 37.33053336117101 420.1595206954831
92.75 34.39100540910637 420.8819681583555
92.75 -17.90861900644925 363.996610361949
92.75 105.5434973597077 278.9074541513756
92.75 -10.35660415202919 325.4630934668733
92.75 -37.6720370972823 480.3177009904857
92.75 -55.49470914863228 505.1754787185226
92.75 55.55426414495373 416.2968226509822
92.75 -37.7270230756297 412.1777893256383
92.75 2.278140096575633 338.5282466721863
92.75 -103.5762864669535 344.1330270186663
92.75 -29.57222853354093 464.4282679215593
92.75 -22.5079521664757 442.0846866208672
92.75 8.946541334701571 386.2098819056258
92.75 85.49809261172061 418.9161940573233
92.75 -47.74324216657862 382.896733868269
92.75 -11.60220788596611 471.0155508455109
92.75 62.1716020388553 440.0577322300642
92.75 -72.83712415965798 373.8374154161818
92.75 -3.605491012242506 483.159749846953
92.75 84.84847672881405 332.8145693504551
92.75 21.55633790415984 462.5364354408381
92.75 30.0029519374779 455.845331661387
92.75 28.01681298269216 456.4974174980827
92.75 28.43579104797105 454.4227929467057
92.75 26.39918660652196 455.0911125395912
92.75 26.82925415579207 452.9643951745117
92.75 24.74178357374447 453.6491072525952
92.75 45.75609887168437 426.4385399020795
92.75 85.58262372041825 283.9916444417775
92.75 14.47913181861689 351.1346946256533
92.75 -14.07232464211909 298.2014082875803
92.75 51.14255256320236 461.5449689810349
92.75 51.50285417713132 459.8950464509474
92.75 -53.55212562877415 509.9298833745654
92.75 70.72721236020045 435.6572223664961
92.75 -1.873879530080215 443.6483255301723
92.75 -4.547290581210094 444.4275377547416
92.75 98.01016462287055 346.5125770805402
92.75 101.3263215789635 349.9429241895551
92.75 102.6602369377509 345.3353549505027
92.75 106.0130288135434 348.8028780603144
92.75 107.3641092349739 344.1418113886864
92.75 -41.21035575510665 426.0072101486476
92.75 -23.31480506821026 384.1713803449942
92.75 -26.20678176796528 381.3023027829217
92.75 -48.04258412263661 453.3513433891999
92.75 73.62271609872644 374.575576685829
92.75 -50.88939526797478 464.3855409818655
92.75 30.0471731026141 433.242846482893
92.75 -9.0966296626779 457.0396818475442
92.75 0.139522006146518 453.9485673378306
92.75 -53.66575258169778 516.362116584662
92.75 -54.22802055192651 477.4417577097827
92.75 -10.5736411777727 301.6817755448221
92.75 47.9328720192405 289.3504428691802
92.75 44.37106813922671 285.7503289581301
92.75 45.69621415800104 280.856332463095
92.75 40.78473094389489 282.1528545205244
92.75 27.49155672033409 402.1498460215648
92.75 -45.09480489315045 441.7776570829415
92.75 -61.95497011752498 508.7104569885309
92.75 -62.45915108068149 510.6886660653091
92.75 -63.93164757848911 509.260020563065
92.75 -64.44411682448151 511.2613890754327
92.75 -65.93854055342193 509.812432269709
92.75 -66.45907475393722 511.8444374354813
92.75 -67.981096461532 510.3718699307584
92.75 -68.51163555424661 512.4430786008085
92.75 -70.06700872436124 510.9411175201196
92.75 -70.60846794007919 513.0581547528606
92.75 -72.19831599723094 511.5237697191692
92.75 -71.64739434861708 509.3495844611079
92.75 -73.85262080172821 509.9476894761726
92.75 -73.28081334018843 507.6915443427732
92.75 -75.5685266215965 508.3122693897184
92.75 -74.97509125780735 505.97330165406
92.75 -77.34536002544657 506.6166908160308
92.75 -76.73059913299626 504.1937198188547
92.75 -77.94715183864211 509.0261017873302
92.75 -79.76484105639454 507.2922432437016
92.75 -80.37861033030408 509.7554035619938
92.75 -82.2337501257142 507.9850910450018
92.75 -82.86053670656037 510.4990831909117
92.75 -84.75426657155603 508.6918088768963
92.75 -85.39433024246496 511.2582893923148
92.75 -87.32788433366876 509.4130193540322
92.75 -86.67794233491028 506.7797739190915
92.75 -87.98157112895508 512.0336467668036
92.75 -89.33150666498251 507.5216493746603
92.75 -88.66100884676976 504.8032923866182
92.75 -91.39858733977937 505.5699229733112
92.75 -90.70735768121946 502.7670948299854
92.75 -86.01734856807647 513.8836577880643
92.75 -88.58698803207581 514.6441874652483
92.75 -93.52952751359997 503.5577442804661
92.75 -92.81713409778109 500.6684874171727
92.75 -86.65059638454946 516.4654210796468
92.75 -89.18367002397594 517.2186305425611
92.75 -95.72616953719964 501.4836718118154
92.75 -94.99198521237314 498.5055257770041
92.75 -92.01375756221879 497.685811049854
92.75 -94.21947266072722 495.4920776080175
92.75 -91.19885683322271 494.6607117055205
92.75 -93.43601183348264 492.4355288152821
92.75 -90.37200002514268 491.5922189682508
92.75 -92.64118813897394 489.3354574078939
92.75 -89.53367278724095 488.4800532679604
92.75 -91.8351511467027 486.1914328482316
92.75 -88.6842249248328 485.3243185542003
92.75 -91.01739746287646 483.0045056796747
92.75 -87.82375587552134 482.1256831083331
92.75 -90.1884050240381 479.7748058352773
92.75 -86.9521339244981 478.8842655465024
92.75 -89.34824239880554 476.5023404211849
92.75 -86.06914503028442 475.5998681275308
92.75 -88.49702429868924 473.1867362907972
92.75 -85.17656082488273 472.2739047188483
92.75 -87.63341254175856 469.8325816148799
92.75 -84.27503635825757 468.9097447890849
92.75 -86.75924484090383 466.4415431083237
92.75 -83.36431448822809 465.5088563117095
92.75 -85.87521493496007 463.0143385726835
92.75 -82.44396424013374 462.0715074338882
92.75 -84.98192721628209 459.5501850209728
92.75 -81.5135660455104 458.5969507824907
92.75 -84.0792320108594 456.0481923020039
92.75 -80.57510996870988 455.086547304278
92.75 -83.16527026919545 452.5134339271813
92.75 -79.62760983972322 451.5425532009558
92.75 -82.24294502787355 448.9435290496264
92.75 -78.6687683651495 447.9623078283468
92.75 -81.3118234445547 445.3349911983442
92.75 -77.69800320260255 444.3426252599396
92.75 -80.37120537425989 441.6841012535798
92.75 -96.4525420919117 504.453233851761
92.75 -76.71656066315855 440.6825213165512
92.75 -79.41704682041859 437.9972416046863
92.75 -83.1250546497498 439.0045077536163
92.75 -82.15706303137645 435.2392337166061
92.75 -78.37803746942559 434.2249352659211
92.75 -81.15432419608558 431.428183744741
92.75 -77.32720382877795 430.4054293364579
92.75 -80.13272166269211 427.5791242363808
92.75 -87.60514607780286 457.0066694791999
92.75 -84.01226096931831 428.609536529281
92.75 -82.97844566428299 424.6833797096201
92.75 -76.26701348260278 426.5474423339913
92.75 -84.59590585452871 481.2557577342859
92.75 -91.01362144730503 470.7505181962599
92.75 -93.44581117924908 480.6599437239697
92.75 -95.76925393731609 490.1853839280845
92.75 -86.94909065176341 425.7370378694552
92.75 -85.8909602476494 421.7161432914058
92.75 -87.26955845403342 519.0198456741385
92.75 -89.77567711031432 519.7653930359661
92.75 -97.99021690942843 499.3459598827555
92.75 -81.82911347295013 471.368075753047
92.75 -87.88143839886551 521.547910483157
92.75 -90.36174726278733 522.2859356260344
92.75 -92.27547277144463 520.5125539723206
92.75 -92.87679815083172 523.0807465630728
92.75 -94.83418765080953 521.2679422204419
92.75 -95.44915009113916 523.8951080602541
92.75 -97.45134877638394 522.0408792589631
92.75 -98.08068532318637 524.7285404658667
92.75 -96.04341265286727 526.5899525883963
92.75 -98.66465523074773 527.413262126395
92.75 -100.128995658347 522.8314002436811
92.75 -96.64613502404465 529.2554070505089
92.75 -99.23800566485774 530.0684714130789
92.75 -85.42738721779294 520.8037959870628
92.75 -97.24347444267863 531.8889095565955
92.75 -99.80499735283989 532.6925416440381
92.75 -101.8170208651666 530.8845059340324
92.75 -102.3977439818141 533.5542786655868
92.75 -89.95671147810654 422.7958835092018
92.75 -88.87292011528811 418.682245929716
92.75 -84.73608349682182 417.5986325253802
92.75 -87.749694945782 414.532040165392
92.75 -78.98675559383848 461.1354134208847
92.75 -100.3562318176594 535.3653426612292
92.75 -102.9366191524211 536.2178966181918
92.75 -83.57371056643623 413.4422725633927
92.75 -86.61042923498185 410.3516409124957
92.75 -88.48642640436969 524.0515507604601
92.75 -73.46410086400543 429.3923597826647
92.75 -72.41797012386513 425.5584523081412
92.75 -76.06169193969416 450.5790390799279
92.75 -90.83361249046854 411.4461546147786
92.75 -89.68251913140904 407.192813320137
92.75 -104.4543475658114 531.7088855828871
92.75 -100.9130019262161 538.0114402701175
92.75 -103.4690862144362 538.8570419039944
92.75 -91.02939625457944 426.9011814969372
92.75 -94.08566096330551 423.9098101612873
92.75 -95.17684891820934 428.0816384151752
92.75 -74.28980268097943 503.5416128652597
92.75 -76.08170803090881 501.7285501239598
92.75 -93.99228782134557 408.3088812766161
92.75 -92.81754963024322 403.9659494514564
92.75 -69.02854312424608 514.5625622223798
92.75 -82.40329138693562 409.2550812798999
92.75 -71.10823473285089 515.1648287432913
92.75 -69.64250568810199 428.3754521341728
92.75 -68.60815205312097 424.5805789303724
92.75 -101.4628747481477 540.6353510293942
92.75 -103.9975470298975 541.4740436262845
92.75 -106.0235168704278 539.7030741773441
92.75 -106.5663268594004 542.3683714028435
92.75 -104.5078598869828 544.1445909141775
92.75 -107.0710513324847 545.0341903752683
92.75 -98.95523832472735 539.7912854406081
92.75 -73.59908218669482 501.0669238816382
92.75 -75.4195614345424 499.2245262133676
92.75 -109.1518216152457 543.2595445620121
92.75 -109.6708513538276 545.9752797165854
92.75 -107.5561525374362 547.7556519987575
92.75 -110.1530146389708 548.694075358631
92.75 -108.0450457878244 550.4650658342019
92.75 -110.6185870299342 551.388263800016
92.75 -97.21745722793112 405.1061455297823
92.75 -96.01671883662605 400.6801708156087
92.75 -91.56093586861448 399.5421479453632
92.75 -94.77785720796039 396.2387395025546
92.75 -69.55335989246679 516.642146595981
92.75 -71.59160553656422 517.2304864480873
92.75 -98.28725973173441 425.0394556817111
92.75 -99.3972187208346 429.2854840042428
92.75 -72.89695683631932 498.5525418676617
92.75 -74.74625016020001 496.6812372898177
92.75 -65.86201287635561 427.3674847133168
92.75 -64.83878812663363 423.6127902609704
92.75 -72.18401115663076 495.9985594466659
92.75 -108.5399899864977 553.1339898222011
92.75 -111.0762918740437 554.0435753343471
92.75 -74.06252855221175 494.097733634922
92.75 -71.45965239689095 493.4040535816933
92.75 -90.3016751882806 395.0978026788535
92.75 -93.5302054702626 391.7825288046712
92.75 -98.03713165286588 392.9234421013135
92.75 -96.78144017191775 388.411508911177
92.75 -70.07074824345089 518.6745263279402
92.75 -72.06282032453218 519.2496685551014
92.75 -68.0984508028429 518.0945730341092
92.75 -99.48810499504623 520.0721069652171
92.75 -102.2488312552098 520.8849587388493
92.75 -111.7977872336902 544.1613150466251
92.75 -109.0283168590796 555.7632557172001
92.75 -111.5192095529538 556.6503594352389
92.75 -73.36820508372679 491.4728345342214
92.75 -70.72357226106318 490.767926979951
92.75 -72.66297037896453 488.8052480484469
92.75 -69.9752442938636 488.0889393010655
92.75 -71.94604850547481 486.0946916692423
92.75 -101.3555033251933 389.5692252932197
92.75 -100.0801068372754 384.9934617671374
92.75 -69.2158294211366 485.3675097395133
92.75 -71.21702818153879 483.342891025394
92.75 -68.44524804849306 482.6045079175846
92.75 -101.5873178699779 518.0370700514351
92.75 -104.4363227910893 518.8760705671582
92.75 -103.7537619227762 515.9371496321139
92.75 -106.6936825677002 516.8030790221072
92.75 -105.9894550823407 513.7703714354691
92.75 -109.0230147653358 514.6640644948623
92.75 -108.2964843868376 511.5347881473824
92.75 -109.7408905413365 517.7836117869908
92.75 -113.5689487355501 554.9610690068153
92.75 -114.0206910519438 557.5973950556285
92.75 -111.9560229859547 559.2737690550944
92.75 -114.4145196052629 560.1920829017183
92.75 -102.5633776297067 426.1897229117687
92.75 -103.692742507178 430.5117289572775
92.75 -100.4816913000452 433.6232982958684
92.75 -104.7714028677453 434.8375173264435
92.75 -101.5800082173577 437.927722520272
92.75 -105.8378498284429 439.1319367161454
92.75 -102.6718075379876 442.1968674503031
92.75 -106.8945727282463 443.3912308462385
92.75 -103.7548217392942 446.4299260270949
92.75 -106.0275286457453 552.2195635018046
92.75 -94.70959459072114 531.0791557808825
92.75 -62.11906742017774 426.3707364347708
92.75 -63.13931794275542 430.0655828979913
92.75 -61.10594499642176 422.6516703990178
92.75 -63.80996159184674 419.8791388285114
92.75 -60.03963510412498 418.9068480554316
92.75 -62.7729900351784 416.1038954957287
92.75 -95.4610147872725 383.8364499475519
92.75 -98.77556587833833 380.4027142948217
92.75 -70.47694663843846 480.5494305302825
92.75 -67.66384557361556 479.8001631974827
92.75 -69.72551626716836 477.7151684479401
92.75 -66.87200533219689 476.9553798242158
92.75 -68.96283739831259 474.8412254274257
92.75 -73.58931639457371 517.8288569349619
92.75 -74.06943391935214 519.8751137570541
92.75 -66.0701789290987 474.0714380764429
92.75 -62.96046317389479 512.6773464100406
92.75 -70.57621750798567 520.6612325984186
92.75 -112.4038358359738 561.8249737491926
92.75 -114.7944921807658 562.7143553283397
92.75 -111.4263308820236 512.457103579328
92.75 -110.6768932837119 509.2286226538861
92.75 -107.9407104417639 447.6135906073686
92.75 -104.8288395334845 450.6250706363317
92.75 -68.1890311556584 471.9291671707975
92.75 -65.25784493128182 471.1490040467069
92.75 -67.40493227415554 468.978612754687
92.75 -64.43577139092183 468.1885448307825
92.75 -66.61021062918799 465.9910146700939
92.75 -77.95891624876353 499.8925956258307
92.75 -58.96171814121877 415.1214769029207
92.75 -61.72423696729079 412.2884274185885
92.75 -63.60439030744833 465.191339071468
92.75 -65.80533913527877 462.9673894073222
92.75 -110.0471600976536 560.923736307803
92.75 -103.4294935349608 381.5609473534099
92.75 -102.1139935730356 376.9176404381275
92.75 -108.9766276909436 451.7975854827265
92.75 -105.8937098927016 454.7807640007943
92.75 -110.0025704188123 455.9424146076096
92.75 -106.9484878466878 458.8974475807547
92.75 -116.4863028576863 558.5503900940288
92.75 -94.13874996615463 379.243461251107
92.75 -70.33984451830477 497.8898604486554
92.75 -62.76379710397696 462.1583717969395
92.75 -64.99057164282598 459.9086251662849
92.75 -61.91374554895483 459.0901082690016
92.75 -64.16643638497025 456.8143781156908
92.75 -75.62586887347712 518.4304702619071
92.75 -76.11756459951458 520.5209754434189
92.75 -76.02979163740513 492.1730855174922
92.75 -58.41127159334102 425.3832617619045
92.75 -61.05414263026847 455.9864004440895
92.75 -63.33276277612771 453.6846771071601
92.75 -60.18487528650345 452.8471221432841
92.75 -62.48964140746366 450.5191585583804
92.75 -112.8450210568689 564.2967996562005
92.75 -115.161818967586 565.1589132522249
92.75 -111.0182533790209 460.0478847843187
92.75 -107.993540585624 462.9742707161964
92.75 -59.3047612050521 449.6708964377194
92.75 -61.63800548173577 447.3136082941542
92.75 -58.41267957846843 446.4545469670388
92.75 -109.0538621165711 436.0536672603826
92.75 -112.0231189580452 464.1128786374374
92.75 -109.0290175364623 467.0093993297874
92.75 -113.0173873300151 468.136387980456
92.75 -110.0537505428884 471.0037468704421
92.75 -99.49446410268968 542.3363025605958
92.75 -97.07079347164175 541.5201852180207
92.75 -97.59245946188564 543.9778794464313
92.75 -95.25125470813043 543.1906084978024
92.75 -94.74560434345479 540.8136253042906
92.75 -92.97654950299805 542.4322269555237
92.75 -92.48407499565184 540.1179283292162
92.75 -67.24940868891417 487.3829115457116
92.75 -90.83894180532195 382.6802615574406
92.75 -106.9156403500407 427.3610095630975
92.75 -105.7671513669126 422.9568563941358
92.75 -56.23057216045792 417.9453528243962
92.75 -74.53695350265289 521.9629401861573
92.75 -76.55689441964488 522.5898238554987
92.75 -75.01198787286204 524.0000499763934
92.75 -76.99246476141603 524.6183300683509
92.75 -106.8275822886181 378.0902301361868
92.75 -105.4951796593438 373.3860743679755
92.75 -99.60302469739328 445.2370776200924
92.75 -100.7366593361135 372.2145675924855
92.75 -104.1326860250495 368.6703370266906
92.75 -108.1575627234463 382.7912279780849
92.75 -90.56662356151031 512.8096131194828
92.75 -100.4881160625829 401.8429732371788
92.75 -112.7373236766325 549.6348119188032
92.75 -113.9048276943313 510.1805370553107
92.75 -113.1319945259292 506.852300807642
92.75 -55.16466087228255 414.1817752380792
92.75 -111.2708180156341 541.3747749675566
92.75 -113.9980835306597 542.3021135434633
92.75 -113.4546102392446 539.4263881987167
92.75 -71.36378087283727 421.7550909900431
92.75 -114.668708900629 513.4996265036219
92.75 -95.75582386084096 545.5649091462795
92.75 -71.81256463372459 502.8993054458218
92.75 -116.2695622594584 540.3836174778885
92.75 -115.7086262014113 537.4155581461135
92.75 -116.8230440209793 543.3428851743151
92.75 -89.32883946527362 463.9511115314527
92.75 -57.27203609541136 489.5761673913137
92.75 -117.1119965479093 563.6159967873587
92.75 -117.4850458503693 566.0914414268835
92.75 -115.5220737160187 567.6216189579615
92.75 -117.8037612458701 568.5244799488677
92.75 -119.7740924506346 567.0289825152229
92.75 -120.1063089562884 569.5123939069927
92.75 15.49647536891594 434.8871967102822
92.75 -19.66712723243164 494.9748510348069
92.75 -19.88401493134704 496.7523728926876
92.75 -18.46312301341167 497.8136843254517
92.75 -20.08028914796352 498.4969525615903
92.75 -21.48268027565095 497.4558455562865
92.75 -21.68036161968293 499.1872035142578
92.75 -23.07753029916284 498.1507146008327
92.75 -23.27549559999208 499.8774920781832
92.75 42.17666931686394 450.0862196709717
92.75 49.85423269058886 447.6894856331975
92.75 -5.080380957298153 372.0075079642967
92.75 -6.201719975092731 376.0176102730443
92.75 -59.99187812300676 500.6384232459497
92.75 -65.58937433545142 413.2778905915326
92.75 -64.52451714738194 409.3936198895871
92.75 -60.5980722527847 408.3972130718012
92.75 -63.43037662053444 405.4707086117518
92.75 12.85214812469711 481.8005714641548
92.75 14.51136282788246 481.166907984174
92.75 42.91317522172809 382.0418436826589
92.75 -47.6507276204407 356.0598430977674
92.75 -44.43252128739708 359.2494892831222
92.75 -16.02249873925444 474.6120206491219
92.75 -75.47177520504825 526.0083328245878
92.75 -77.42498053895976 526.6183436711996
92.75 -73.54585409996386 525.3924892601212
92.75 -109.8270464670309 505.8941947854192
92.75 -112.3148687498829 503.4917477072359
92.75 28.91449294610047 452.2814054986564
92.75 -21.79466211824063 474.5366886937892
92.75 -105.1105647074764 521.8056880645975
92.75 -98.95706273403781 278.1360503319946
92.75 -114.0017868606647 472.1190940543765
92.75 -111.0685035205336 474.9569674530501
92.75 -36.89303582566721 442.4276467177896
92.75 -107.1452779322939 340.5720329460407
92.75 -108.4616827848455 345.460394667836
92.75 -107.1953770903057 473.8443121836531
92.75 -108.1864987892917 477.691699165359
92.75 -111.9705147854596 478.7935248347244
92.75 -109.1320306611624 481.4931087901932
92.75 -112.8721573354814 482.5836165899961
92.75 -110.0643291092009 485.254625312584
92.75 -113.7652179178965 486.3337556661422
92.75 -110.9868578871548 488.97648681326
92.75 -114.6486604899156 490.0443781902817
92.75 -68.81903561673555 492.7205571388492
92.75 -65.42412508847201 507.7595933150032
92.75 -88.14219316453992 493.8387293899768
92.75 -98.26210910433147 324.6736782932089
92.75 -101.8296773653727 321.0392861778867
92.75 -106.7756580274711 322.3134254340298
92.75 -105.4112052299814 317.3732114065049
92.75 113.4882267762125 411.284764391412
92.75 111.5122147163599 408.6789102412897
92.75 -98.03940150185531 546.3513803722064
92.75 109.1537451708364 282.6236117632311
92.75 27.27197406218598 450.7913445627989
92.75 29.40216429976298 450.0935189046404
92.75 -60.77611281087436 444.0653279586612
92.75 -57.5068455213266 443.1949167935797
92.75 -101.7056754427243 406.3339934289544
92.75 -105.019753606217 403.0249583047636
92.75 -106.253785329928 407.5749527251833
92.75 -109.6139955622158 404.2212677806508
92.75 -90.76142025847695 541.6940508475512
92.75 -90.2792877428909 539.4376281464603
92.75 2.162883696259309 487.6929415156468
92.75 3.812809135689398 487.0440385582529
92.75 9.05813473837482 278.591595524247
92.75 13.94072040917284 277.3070162264265
92.75 17.48844271555324 280.9103239439639
92.75 18.84083227238842 276.0306456008265
92.75 -23.93476798469525 475.2755299330715
92.75 -40.59376825991873 487.7661934439731
92.75 -40.90757248107546 489.9538034508621
92.75 -45.53125621908992 508.3161320746844
92.75 -44.09947244781102 509.3824860549396
92.75 -34.77344098639333 306.3076974845799
92.75 -89.53101763943985 378.121933298039
92.75 -86.26076714397917 381.5270743585955
92.75 -110.8653098668904 408.8352333565705
92.75 -108.9241711839534 369.840655761706
92.75 -100.8336151432374 515.0919929267409
92.75 -35.55836326618175 277.0000807381408
92.75 52.74666683330069 461.0309655486092
92.75 53.10524782653526 459.3893885722866
92.75 54.34314618121363 460.5197434062407
92.75 54.70044978559206 458.8854311689951
92.75 -43.00163012134661 288.1844040251596
92.75 -46.61678049046206 284.627840363346
92.75 -45.34833291736206 279.7046549594529
92.75 -50.26547481833691 281.06276350585
92.75 -50.87449248009334 352.8507793126285
92.75 -49.70588529691351 348.4353068512064
92.75 -54.13633231450841 349.6251155839116
92.75 -52.95761529948812 345.170610108706
92.75 73.73730029118818 450.7178620144895
92.75 -107.5494276233169 365.0753517040887
92.75 -93.92533986502691 276.7549405966645
92.75 -0.4817413003493702 438.1782949455429
92.75 1.536108985252839 440.158293050975
92.75 -57.42665986421859 346.3712501293561
92.75 -56.23789446922687 341.8783944270965
92.75 12.85186311391095 435.6311188484676
92.75 20.55362692254238 383.2376000090103
92.75 39.27862321401216 466.9374837043749
92.75 88.24378720969953 381.7327070403693
92.75 110.5711409884598 277.6348544468328
92.75 112.9355547016933 419.2047175074779
92.75 -110.2082754420293 424.1505510194946
92.75 86.96529092924409 279.0387460359973
92.75 81.97513243311651 280.315121317056
92.75 -22.19850284530919 277.9196346069441
92.75 24.24424619308637 475.6629500043406
92.75 22.58242380915564 476.2636995212704
92.75 25.90179519546205 475.0615901066676
92.75 -22.73336759257171 353.4546317160898
92.75 -72.59647516889733 478.4707509598928
92.75 -21.88788177186994 500.895840993711
92.75 -23.45134180463494 501.5716657781361
92.75 -24.82121677479233 500.5732672544011
92.75 -24.99878061421445 502.2558807021612
92.75 35.43435928286852 383.8603272875323
92.75 36.50417903917548 380.1260579277723
92.75 31.41375155099689 466.2847365154223
92.75 75.41067692697085 450.2580605165708
92.75 -67.41055177772051 406.474635790006
92.75 -66.30064752820883 402.4830925818961
92.75 -18.68917936328448 499.5340485381325
92.75 -17.10453848023461 498.8672367627789
92.75 -17.2948522462822 276.5971104223653
92.75 -37.76999564909203 508.2720946760687
92.75 -36.21944970122745 507.6375497605868
92.75 42.11435931868508 277.2386527731416
92.75 40.06254563885369 430.4315972863953
92.75 -105.0738003974474 465.8739456732355
92.75 -74.69260941792257 486.8183352904603
92.75 -37.04583144898841 475.6706089346177
92.75 -36.6808180432817 473.2561085051868
92.75 -113.1069243158934 452.9746269347077
92.75 -99.36114218274189 367.4974431161523
92.75 55.52389705610359 278.2520089659305
92.75 60.48258761107717 276.9568449546501
92.75 93.01228800469305 435.9344758556525
92.75 91.02609702860778 436.3417629183891
92.75 96.55399862708319 425.7409943373857
92.75 -102.9121696647853 457.7381647287634
92.75 -6.679334395900518 420.5192255206963
92.75 -9.796458264536941 421.3936154724754
92.75 -118.1075202489799 570.993754075949
92.75 -120.3646791876886 571.9501667726443
92.75 108.2293425454824 409.1877106009642
92.75 109.4220480388054 406.0380192817479
92.75 112.8306734185536 405.4878094066711
92.75 110.63114572208 402.6949896914778
92.75 114.2456409608967 402.1108845474491
92.75 111.9139887140866 399.1578740544796
92.75 -115.6833276188939 504.4523191290808
92.75 -20.44816348261317 387.0334999742379
92.75 62.67464470680707 437.9700244197588
92.75 60.58114466394533 438.5700451987167
92.75 49.09423443391147 439.2724427197099
92.75 46.80043630322226 439.8967890842233
92.75 51.38551385719702 438.6514061364446
92.75 -70.39229355713172 469.7641954763333
92.75 35.55118676444751 469.7631621306394
92.75 33.9199401610471 470.3124702912452
92.75 55.9335142697683 460.0112255673681
92.75 56.28956516910417 458.3830737077104
92.75 45.55536505369918 384.8638482918735
92.75 -84.94527087689221 446.3218410622475
92.75 -60.74543503063509 343.0894392252121
92.75 -59.54669465371988 338.5570678010591
92.75 -55.00422056704911 337.3405495413087
92.75 -58.33365193000493 333.9975155138383
92.75 -62.90834134836633 335.2215833150067
92.75 -53.76192718976467 332.7738519661111
92.75 -61.68769294573293 330.6230020176945
92.75 -66.30348649353877 331.859080026738
92.75 -32.5439607548038 473.939539240074
92.75 -64.06269551640573 444.9317588760265
92.75 -111.1027579928527 444.589381171994
92.75 58.57256437405515 300.0816718959342
92.75 -15.32014266269306 302.9545248890428
92.75 5.476546636368097 417.0980126571458
92.75 57.51807554153888 459.5047366365274
92.75 57.87300813547346 457.8823944364388
92.75 -96.22054256401688 547.9240681527036
92.75 110.7583752266091 347.6520393880593
92.75 109.3861690398827 352.3527655098265
92.75 -11.457622095009 457.8282640250073
92.75 -10.96963666776685 455.3606154870699
92.75 -65.63751580103018 481.8758169592862
92.75 -10.49173615242076 485.9220358093747
92.75 -86.39070210049378 487.6338725404802
92.75 56.64235277835738 456.7445664460925
92.75 58.25876901822927 456.2307201195122
92.75 59.49918090335716 457.3913134144928
92.75 59.88149228151833 455.7395523659484
92.75 61.11644609547091 456.8955156767092
92.75 61.49680548100139 455.2515125276885
92.75 62.72596576377497 456.4018950309541
92.75 63.1044134069219 454.7656738097457
92.75 -84.14229945576126 515.7121069789598
92.75 13.52019360065977 432.9343015810785
92.75 16.22457884818917 432.1739521233805
92.75 -108.9772874424765 502.5248988091992
92.75 43.0422730864924 290.6269915678305
92.75 22.39864837247226 279.6439293506971
92.75 23.75595293826297 274.7492189734486
92.75 53.73489778336647 301.3245002448327
92.75 -78.97288966592603 525.2368244303368
92.75 -79.42009568840442 527.2958209602436
92.75 -77.83572679199936 528.6851936143471
92.75 -79.82749885559133 529.3584551166414
92.75 115.7442151010112 418.8161058227713
92.75 116.8999927691199 416.2310573752435
92.75 -70.35576102473705 403.5055955081601
92.75 -69.2247566083817 399.4387342095154
92.75 -73.35500298467714 400.4808004868433
92.75 -72.20295001377549 396.3407989215687
92.75 45.37578788779722 460.2512700855104
92.75 53.0966635148849 323.8627563300134
92.75 -81.42872750738013 527.9706355088148
92.75 -81.85033775332421 530.0747148998362
92.75 -7.039784179317221 484.5382930794368
92.75 -45.72487868047928 510.0705056898883
92.75 -44.32548697660929 511.1125134195557
92.75 -47.14551783729054 509.0258445903141
92.75 100.8065233209891 430.7168430276149
92.75 64.32763347072478 455.9104737778597
92.75 64.7045031424008 454.2818821098808
92.75 65.92333656900126 455.4218315367602
92.75 101.282048312995 325.2673857646818
92.75 45.2506825868522 412.7514159846522
92.75 46.16975846838093 409.7402113196799
92.75 44.32638446362414 415.7318609458244
92.75 -27.25032886880179 385.2462468905541
92.75 -30.15197080117749 382.3684569030823
92.75 46.68230225470678 381.160799565109
92.75 44.02579459552737 378.2989267968803
92.75 -24.78083149558136 491.2281192478715
92.75 -80.21964728157167 531.4655112256855
92.75 -82.23567570519246 532.1778983706888
92.75 -83.88364541751575 530.7890712242358
92.75 -84.28272818733797 532.9347657642088
92.75 -85.97190348795617 531.5106316394384
92.75 -82.60502313183338 534.3256490935312
92.75 47.54010583310657 464.2306808405901
92.75 -110.3907595421294 318.6564263017264
92.75 -109.0173023954121 313.6829052073612
92.75 -111.7633864161081 323.6286687444535
92.75 -98.48556991361249 548.7055124477297
92.75 -48.98837765721284 276.1060877641808
92.75 -53.9380156872371 277.4736650397688
92.75 103.7097747509282 415.5976429730164
92.75 -62.29631389958583 470.3770070791248
92.75 42.61711851552781 465.8399479342069
92.75 -117.2037345286331 511.1687483556224
92.75 -117.9844378410361 514.5617943839305
92.75 89.65908822778944 434.850331178888
92.75 89.04977461291389 436.7810115079191
92.75 90.41280906382946 438.2480639856708
92.75 88.48429372146786 438.6731202919603
92.75 87.13232739400682 437.2385128890602
92.75 86.56455031947247 439.1279295728986
92.75 87.91281004577409 440.539905174303
92.75 86.03792107283354 440.9804918236889
92.75 84.7010906421807 439.5993362756251
92.75 84.17305025089007 441.4479720729512
92.75 -31.11747134260992 477.8235220521345
92.75 -42.74080822046702 510.4397620942216
92.75 111.0474246437545 322.8451215162652
92.75 -91.24342838342588 543.9403176347955
92.75 -48.33330931808164 504.2790159045048
92.75 -48.10253343773697 502.365673006186
92.75 -52.45854676147074 416.9809254873928
92.75 -51.40155605844848 413.2514060346632
92.75 -67.29836408242764 457.6370822451673
92.75 -88.5975548511199 540.9766862725247
92.75 -96.8949071248863 319.7634318215591
92.75 -93.33538001848758 323.4000055539224
92.75 109.6555767652174 327.6960288799608
92.75 -119.1462682660555 541.376971129321
92.75 -119.7120231023898 544.4012487320373
92.75 51.86082343575094 458.2376610573339
92.75 -63.98572936774013 476.2044178745268
92.75 -106.3963967869472 484.1674345914141
92.75 66.2994685703972 453.7981085703805
92.75 -118.4241299485259 573.3882302837651
92.75 -120.6157276787442 574.3172743014828
92.75 14.81121225279041 479.4229483294362
92.75 16.16714970884122 480.5538400553615
92.75 85.50452594304427 442.8060822528639
92.75 83.68370466940041 443.2594577484089
92.75 82.36533698737344 441.9314830601049
92.75 81.87494769385366 443.7367271481131
92.75 80.55587571315384 442.4091766352031
92.75 -97.35818287813204 436.7126281168016
92.75 32.27352431371409 418.72744361978
92.75 31.46637310128677 421.6385167635174
92.75 2.238644264481345 437.4241151064135
92.75 4.251115811230835 439.3985567100831
92.75 -30.07721077797594 305.0664292312521
92.75 96.93006105549097 276.4750131899985
92.75 67.51506075129018 454.9351245115956
92.75 -30.74804930140716 495.369234507956
92.75 102.8748487760609 430.3255155655866
92.75 14.22207254067361 482.8985317169628
92.75 12.59997943971721 483.5188093008992
92.75 -105.1877138402219 510.6348367396989
92.75 112.1263935749103 342.9330327385453
92.75 -3.963290919745602 367.9790170180312
92.75 -6.90096032894063 364.9809235616813
92.75 -1.029984283123814 370.9615438523202
92.75 -59.46355633524824 404.4653951850577
92.75 106.9533354275092 273.909659612363
92.75 -1.2953688053918 461.0969289165118
92.75 63.47968933145943 453.1188997319385
92.75 83.36231371313379 275.3454595872574
92.75 78.35373682944254 276.6258486880666
92.75 27.72390918328245 448.5706928174404
92.75 25.54361287725646 449.2832841961387
92.75 29.9011956691863 447.8573661741563
92.75 83.18667795228349 445.0418753874725
92.75 81.42059725942141 445.5051157816553
92.75 0.5117677673415351 488.3436043607248
92.75 -70.68424370132669 432.1498798974267
92.75 52.0221362295234 436.3766738274032
92.75 -42.65173861205692 488.5872975377355
92.75 -42.96724139980684 490.7863485621718
92.75 -42.34468074538333 486.367346401969
92.75 -41.22357190066922 492.1360630077594
92.75 -43.24897989060097 492.9514843255988
92.75 16.46623505037813 478.8169078518955
92.75 17.81729601799959 479.9437654733443
92.75 -112.8230177853932 536.4496909915646
92.75 -115.1078785479668 534.4169106125523
92.75 -118.0516960091185 535.3866481099803
92.75 -117.4368164284256 532.300108926911
92.75 -114.4216014551058 531.3222904239095
92.75 -116.7815940005677 529.1827730456788
92.75 -113.7371903426237 528.1959989972809
92.75 -116.1192997384887 526.0363919075936
92.75 -85.94056641992898 504.0568638313599
92.75 57.22415676593513 304.8696812317269
92.75 -48.78996612165189 360.4276165575035
92.75 -45.59632329239226 363.5923576264708
92.75 88.32932389116303 395.9712667291904
92.75 85.8213551513396 393.3503960161099
92.75 84.83334741286379 396.8062428554458
92.75 82.36922898090964 394.2326084246101
92.75 81.39464343483894 397.6321709335278
92.75 -114.280429981476 405.4323857831224
92.75 -113.0076145697679 400.7411014950277
92.75 -111.5983639525419 379.2791411396354
92.75 -112.9436516843875 384.0386479455885
92.75 29.3466664028069 419.4833514736584
92.75 28.5381535344524 422.3985604042761
92.75 -63.18244321097428 441.6041511624579
92.75 -73.99343801465092 527.3121429840166
92.75 14.2369002143279 308.219011695923
92.75 9.541861112069579 309.4412202265758
92.75 12.94196875623058 312.8735685566242
92.75 8.287202736904737 314.0843524279385
92.75 11.65656934940593 317.4847867855588
92.75 4.906437402326091 310.6797266290633
92.75 7.047248258700472 318.6824867162256
92.75 10.38221960043209 322.0487645447023
92.75 14.94982734954771 320.8642275834941
92.75 13.68727087955493 325.3944547024651
92.75 18.22458153008895 324.217937005555
92.75 16.97047884664883 328.7188786121005
92.75 21.47908395251578 327.5499297251428
92.75 20.23295780764844 332.0229140527879
92.75 24.71395634664919 330.8612019234914
92.75 23.47550258945267 335.3071846089367
92.75 27.93043272112385 334.1526502174323
92.75 26.69921195250744 338.5740633917255
92.75 -23.5142866162923 473.0245793680832
92.75 -21.32826510280298 472.2724216934127
92.75 112.4478669381424 317.9890893381879
92.75 -60.57170551792056 464.3988842669351
92.75 3.541427613052148 488.776046728505
92.75 5.154846721862319 488.141582064423
92.75 -42.96193409866799 512.1216422016607
92.75 -41.42309904635226 511.4684848108962
92.75 -27.66607633780463 342.5461865886896
92.75 10.38156833197505 273.7004101277279
92.75 23.92710356513934 477.3845362257931
92.75 -84.64153879379082 535.0748472866404
92.75 58.28221094598162 392.2571532519584
92.75 -116.2745263982565 572.4542917195272
92.75 13.06448545492122 370.5593074052322
92.75 -119.2229746791944 527.0259820864735
92.75 -79.37332820661571 412.3592033726304
92.75 40.41063885900812 461.7842603726448
92.75 101.9115643908991 385.9432224765804
92.75 104.6556239519331 388.9828523312823
92.75 105.9550963327593 385.0513092006386
92.75 108.7636675352982 388.1601370144154
92.75 110.1008866776079 384.1289982016584
92.75 112.9863231140321 387.3235243680836
92.75 -26.36470875552246 501.2610604639156
92.75 -26.54206250636477 502.9397215042293
92.75 -26.195507495796 499.5649798787032
92.75 -78.14835558359366 521.1707983960844
92.75 78.9637975304345 395.0958185705807
92.75 79.91076847485924 391.6827413066976
92.75 -90.21605487724824 280.429608391131
92.75 -88.8891522648634 275.3807576546306
92.75 -85.1811153030761 279.054066106482
92.75 -83.85503320739488 274.0072457225252
92.75 -80.14848346359258 277.678791903783
92.75 -112.0623822441973 341.8693185017517
92.75 -113.3900643496939 346.8012708564033
92.75 -11.93330503393182 460.2800038738071
92.75 -84.50528863811577 339.160867295264
92.75 107.7300611419686 287.6026431244548
92.75 -96.67953625580768 550.2669975038692
92.75 -98.93258804623943 551.0477227401884
92.75 112.7475622109233 286.3442701270181
92.75 111.3281275287327 291.3168774273673
92.75 -115.7306932507428 479.9012923432233
92.75 54.47122821488455 348.3967241585197
92.75 29.38741401113937 366.486686104784
92.75 4.951899651661511 436.6714371965607
92.75 -93.01508720336797 354.5348511012398
92.75 37.14329598548365 352.8749840025034
92.75 -67.58636903772044 297.3581439092091
92.75 -66.31247612012078 292.4874630737713
92.75 -20.89699240377034 272.9932390614063
92.75 -122.1363710472787 567.9768971622855
92.75 -121.8035611304708 565.3888356342528
92.75 5.46732543227205 274.9953746150335
92.75 24.31488941352229 455.8132586148455
92.75 22.64757753367683 454.360189928889
92.75 -76.0735375257149 370.617425684151
92.75 103.9717981993496 340.6383636499148
92.75 -67.52802881947119 336.4908133093454
92.75 -70.93527409466549 333.1122628501299
92.75 -104.4255607120367 476.6091963946489
92.75 -76.40537048049687 397.4016701437673
92.75 -75.23346172817527 393.1900002019098
92.75 -78.53287024052658 511.4911797812043
92.75 5.356539329135712 477.8486317971104
92.75 -68.86594314636071 463.7716130764948
92.75 -13.82530785428149 458.6409047106994
92.75 -14.30233469035689 461.1030476849771
92.75 -12.25339408780967 486.6300096287055
92.75 -72.16207396702411 526.7271354972268
92.75 12.35694061031801 412.1626074316815
92.75 13.6961903432249 467.2781261318016
92.75 14.0343039830905 465.2574306980177
92.75 12.08832492894829 465.970454219327
92.75 12.43435314580762 463.902843818911
92.75 10.44307294391648 464.6323502140973
92.75 14.4237104181236 463.1753159642474
92.75 12.79060947404888 461.7933734517216
92.75 14.82001395261414 461.051062928799
92.75 13.15388378303561 459.6412778447047
92.75 15.22426304003613 458.8838719876363
92.75 -115.0683291630804 461.2034051493641
92.75 51.60162223489185 422.4365742078745
92.75 50.77661206125305 463.177091682236
92.75 -37.77966431359524 498.1945172366338
92.75 22.27614606852898 339.7146870976856
92.75 115.5627983366078 346.4870251338813
92.75 3.543917263794295 442.1023655082325
92.75 -97.64010635216022 273.077589122957
92.75 -102.688252776344 274.4639817466748
92.75 -112.3938325336142 366.2587403789344
92.75 2.34883295967264 417.9414242432871
92.75 -97.17859241641629 420.784501102775
92.75 -22.09381775815754 502.5658012390168
92.75 26.97212151565052 469.709323222785
92.75 28.34064145982102 470.9018511865586
92.75 15.75911917226868 333.1777427188812
92.75 -20.16389523045225 315.3972303397314
92.75 -11.85085171491493 306.4056451236834
92.75 -30.11480441715853 466.9323871681364
92.75 -32.01710767734143 465.2093682769703
92.75 22.21924342007849 456.5347845244994
92.75 20.54505303332162 455.0755337998913
92.75 20.96900005797682 452.8740694107533
92.75 18.82142705537888 453.602053515972
92.75 114.369955691944 383.1733770246126
92.75 -31.96813989160901 482.3884499712044
92.75 -39.3910084308218 291.7273017270999
92.75 -44.25033624837531 293.0682486750106
92.75 3.171947924632975 414.772745885026
92.75 -0.02350862179992763 415.6339226849584
92.75 -2.544452128949896 446.3233772137587
92.75 -5.166904182083099 447.0879795350286
92.75 -58.8107133866931 458.2786323315927
92.75 9.156544541936372 326.5648498670401
92.75 76.43782528111396 377.5168456088259
92.75 77.6068174640416 373.5801800999907
92.75 -65.1073769988224 398.410471168896
92.75 53.66670537908664 438.0633852965152
92.75 54.30105865290594 435.7997856662091
92.75 55.72061278950312 389.684219184142
92.75 54.77857900495728 393.1837256560573
92.75 56.65187208861185 386.1455791603418
92.75 30.65307118876453 424.5259055818
92.75 27.7797813597366 425.2674562749379
92.75 68.63520402672171 436.2308835432284
92.75 69.17499334844753 434.0980056411339
92.75 -46.29963636978069 501.6167180179691
92.75 -47.86048286341079 500.4038816323725
92.75 17.51418002408893 481.6606066775201
92.75 19.13108652273426 481.0608999078096
92.75 -114.8473608292635 500.9974104339616
92.75 99.98051085396823 421.0526989951637
92.75 -65.69496487350794 451.3604753643765
92.75 115.7285961271189 398.5429418137043
92.75 -7.156947416858864 445.2221264155543
92.75 -7.779081948413988 447.8798461115768
92.75 69.45983659414118 448.7307257496895
92.75 -94.22181586752863 518.6309779427881
92.75 -91.97151166525924 537.8661951589928
92.75 56.87611336803859 273.2890787055201
92.75 31.13000455960301 337.4257618329222
92.75 -36.45534035748683 509.2728330424741
92.75 -34.94752718557255 508.6556807243352
92.75 -34.70486034696406 507.0489697542731
92.75 -33.43829791786035 508.0619437109065
92.75 -33.19591878404194 506.4605830779984
92.75 -31.93235829093396 507.4708567322708
92.75 -31.69000937675288 505.8724368439507
92.75 29.90591823554611 341.8249434979795
92.75 61.87163003406903 271.9840284379731
92.75 -57.90772999609581 294.7254179679488
92.75 67.02348614885138 434.6882455772082
92.75 67.57869687786403 432.4956739700225
92.75 69.78891367499811 431.8900898160932
92.75 68.14978354471809 430.243848395718
92.75 70.4211121232765 429.6214767938824
92.75 68.73657263069791 427.9295571644743
92.75 71.070893593306 427.2899740756332
92.75 69.33972873277295 425.5512883582116
92.75 71.73828611485224 424.8942872997517
92.75 69.95988225128764 423.1085371138291
92.75 72.42328148417957 422.43369092955
92.75 70.59608614116307 420.5973687295107
92.75 73.13007957939885 419.9031877259778
92.75 71.25035664472676 418.0136220793544
92.75 73.85763318213105 417.2996753663695
92.75 71.92383302677862 415.355347698644
92.75 74.6068607254698 414.6206758405544
92.75 76.57081251907432 416.6141950299402
92.75 77.32170320942744 413.9102703073461
92.75 75.33852344194483 411.8741124351
92.75 78.12712468843698 411.1419358408824
92.75 76.0856466405817 409.04315461441
92.75 78.96037163819059 408.2891787697404
92.75 76.8569505301722 406.126648553242
92.75 74.2252900987895 424.2609894607003
92.75 48.63525199728454 459.2399891578233
92.75 -22.88862136544051 496.406625717601
92.75 -78.82310674216751 272.6340627855759
92.75 -75.11677302759287 276.3042788979134
92.75 -76.44561280333497 281.3368693212965
92.75 -71.44001961451933 279.9668473546679
92.75 -70.10998311952321 274.9548788086287
92.75 -117.4481414359674 487.4173861609826
92.75 -118.3512630050617 491.1849506830345
92.75 11.08032035473331 460.3979679916439
92.75 -118.3192413436626 501.9859287353879
92.75 -46.01232245044024 499.6361871816936
92.75 -47.61201409799529 498.3935561658137
92.75 35.20461203684419 471.4307208648246
92.75 33.60684744192442 471.969213906168
92.75 36.79684415535976 470.8918458880642
92.75 -9.004995459126413 418.2217790480394
92.75 -12.1836915783031 419.1132689332205
92.75 -12.97267472287896 422.3289724840717
92.75 -15.36952613586994 420.0362557852197
92.75 -16.16164518033456 423.2635690129126
92.75 -18.56742258486279 420.9622232184403
92.75 -19.36406285076909 424.2031607003726
92.75 -25.18623417609818 503.9161866235088
92.75 -26.69611420131729 504.5831442090665
92.75 -56.08489574873084 448.8320653393082
92.75 18.11529022579725 478.2131162553426
92.75 -109.7622010645551 350.4079033513352
92.75 -114.6988662221141 351.7457028910252
92.75 -38.98587635284591 474.1424808350554
92.75 -38.61256198807556 471.6729052329428
92.75 -30.4271222336998 506.8814951692588
92.75 -18.80468679446437 299.4993896676935
92.75 74.96442671980088 451.908900551622
92.75 73.33990924737033 452.3549669661293
92.75 36.47679470417301 423.0272569936338
92.75 5.429393625745269 486.4366058434552
92.75 6.764570496193413 487.5261979511462
92.75 -31.19998352339515 386.3268966321448
92.75 -28.294198026889 389.1891203621959
92.75 26.41546656276782 420.2401258064213
92.75 21.21831640138031 475.1402048329568
92.75 114.6600082759043 421.3240781872091
92.75 111.9963387797246 272.6313885507604
92.75 -25.70298010305509 473.7804763245645
92.75 -28.03417290365052 503.6287851983465
92.75 -104.0136953635953 312.4005333460566
92.75 -107.6275763118468 308.7025734888898
92.75 -112.6485921761175 309.9855572247733
92.75 -111.2530778934968 304.9804864226693
92.75 -122.5731310045763 572.9128113399111
92.75 -122.8328661430359 575.341055097401
92.75 118.5917886138497 418.5383598202435
92.75 119.779882012651 415.8933141458282
92.75 -45.91396372961008 511.785121256531
92.75 50.76738106210069 440.9081314247206
92.75 61.09850486091503 436.4229694090607
92.75 60.73002095483031 458.5206322484314
92.75 -70.97462736553622 392.126561749525
92.75 -74.02959637409882 388.9516518638705
92.75 76.58971726399662 451.4625097586574
92.75 77.03890986059196 449.8434849223357
92.75 32.69336223991642 381.0546877472955
92.75 33.78418655372701 377.2475653448373
92.75 -66.55393248245809 442.4925213246891
92.75 -85.95558171367496 436.2697600179258
92.75 -124.2772291620135 566.3861655574605
92.75 81.04065579486493 440.5795940565638
92.75 -61.93695974758622 347.6133678677594
92.75 -16.20099164159976 459.4579110399383
92.75 -120.4731854163591 533.29973959432
92.75 -2.817815765311102 363.9183496429852
92.75 -115.5551152512633 410.1268105148808
92.75 115.9732409288036 321.6357345328422
92.75 13.52439712328301 457.4456732022799
92.75 111.3934068253708 379.8896370136875
92.75 115.78244525708 378.9021070779321
92.75 112.7165012575896 375.5228584517502
92.75 -34.11455931750431 383.4372984135876
92.75 -33.06699083318152 379.4412128628972
92.75 -118.5456361074234 523.7884755442233
92.75 75.76645156162695 443.6171043940373
92.75 48.31496697266564 412.0408308965901
92.75 49.23240852234722 409.0349065507223
92.75 47.08290846105005 406.7032529648847
92.75 50.20702097936007 405.979817639449
92.75 48.00852929762473 403.5931267010457
92.75 37.03953237960661 462.820612206378
92.75 56.99815680770003 455.0645070625075
92.75 -11.99431880074507 484.7289071683841
92.75 -13.79350192616303 485.4519252215877
92.75 -41.64030030674988 513.0960818492223
92.75 -43.13208916201867 513.7359104006812
92.75 106.0589407798979 406.5651675732685
92.75 -94.44950791512774 549.4874487586034
92.75 -7.142466709372751 305.1440721196769
92.75 -8.409112800467707 309.8337495469814
92.75 -44.72228064136058 489.412390682922
92.75 -82.97908127586742 536.451350587228
92.75 -5.786154937844172 360.8883566527645
92.75 -17.32617704888465 500.5568361977147
92.75 -15.76841471939574 499.9018438267794
92.75 -78.33195087757697 390.0197539460744
92.75 -33.49578303175804 364.2260191590253
92.75 -34.60685579121908 368.4225565086786
92.75 27.32659451929581 278.3749045469931
92.75 28.68878963015389 273.4623304331536
92.75 -65.07211528880974 327.2210522028333
92.75 -60.42313259120535 325.9804894154758
92.75 -37.0830764083675 380.523753513018
92.75 -36.25995827817731 470.7724874777873
92.75 -38.22524227890504 469.1612506402238
92.75 39.34638885128558 422.3205995742918
92.75 -116.9865597130915 469.2683428721685
92.75 116.5435696428814 405.0586468578246
92.75 19.25485965068711 451.3489999429921
92.75 -15.96128546466977 271.6620436772884
92.75 51.20809664209567 402.8517686523591
92.75 48.95595186862239 400.4069750720428
92.75 53.9806796274575 462.1362164767744
92.75 117.225505591433 374.5123711464399
92.75 114.0832978251184 371.0564879508855
92.75 66.94303286173944 426.2090769797497
92.75 8.249317631012914 427.6875326279904
92.75 6.959055747692764 438.6408125564262
92.75 -80.98629652617657 535.7062573521387
92.75 92.11322175832944 309.5557042944672
92.75 -77.11453958027275 385.7244592690006
92.75 -55.2113077776544 282.4500705425382
92.75 55.33746269738824 455.590510114847
92.75 -97.76541958648082 355.8209036877964
92.75 79.82270916907913 405.3461828459756
92.75 81.9674883366816 407.5724683229701
92.75 -100.7617612187499 549.4848567925395
92.75 -41.54080644428168 494.2712357193762
92.75 22.88733739578036 292.8180524297024
92.75 27.67594552387538 291.5759891585203
92.75 31.14251817426027 295.1214336433596
92.75 74.58793470324831 291.4830698874271
92.75 -52.65218298938273 272.4866081350667
92.75 -75.14079658613387 516.3246872427035
92.75 -77.25361766114388 516.9467540275551
92.75 -120.8404029487516 576.7433589386984
92.75 -123.0367931527079 577.7474521874332
92.75 10.81502436512518 433.6951234059349
92.75 52.42618059481696 306.1022736524647
92.75 55.88665022709079 309.6178892415935
92.75 48.95936720660723 302.5845245790288
92.75 -71.18660194616969 293.8145985055945
92.75 73.22218995199995 409.8015208084278
92.75 -111.899253032289 492.6599927528996
92.75 -108.308184807868 491.5947393490479
92.75 -48.71938772012724 416.0261064956721
92.75 -49.77155914247123 419.704561328745
92.75 -47.67147228644443 412.3294262365574
92.75 -50.33861053164296 409.5453487066155
92.75 -49.91913269501922 364.760869960694
92.75 -46.75123115112298 367.9000610242184
92.75 -53.108562333434 361.6160161589034
92.75 22.29616074991575 477.9741640475432
92.75 23.61569806804931 479.0736240240831
92.75 67.89024535929023 453.3157045812804
92.75 66.67126698818882 452.1600750443793
92.75 69.1026085353997 454.4497539831627
92.75 102.1714131985317 432.2692073534657
92.75 -49.51099158639683 499.1793672390079
92.75 -97.13054298812892 552.6068035223904
92.75 -99.38082243378049 553.3867857592575
92.75 -50.4276017938135 336.1332205018562
92.75 -49.18801662242124 331.5684573456947
92.75 78.00258247582721 398.4500895949957
92.75 -34.4658822474473 505.4327744665196
92.75 -89.75676476293215 537.1780742018972
92.75 14.20432940957236 430.1780049568245
92.75 16.96829758269912 429.40078062286
92.75 -85.56644039798361 529.3014971064416
92.75 -87.72822715044042 530.0465006768492
92.75 82.69729839823181 446.7743075467505
92.75 80.98047501162779 447.2245654363122
92.75 25.21112745181648 478.4945126199021
92.75 -47.6710948621147 271.1085962098808
92.75 79.29778173604151 415.9152602358371
92.75 78.53195917771968 418.5965703551126
92.75 -16.67964471416009 461.9285169895314
92.75 -116.3003988789974 306.2702760489391
92.75 -114.8975890986325 301.2391672308148
92.75 -117.7556010417368 401.9712109834995
92.75 -116.4578856717578 397.2019302977816
92.75 -43.51956999086919 495.067045611855
92.75 -45.21424920083204 493.7752027736262
92.75 -113.0463606307166 525.04042224535
92.75 -110.6852744606515 527.2107271313134
92.75 -19.5869730921945 268.034710251931
92.75 -24.5554913370833 269.3743665653395
92.75 -102.903784674089 410.8978089679342
92.75 68.06633829250748 421.2926329782674
92.75 -111.6597693949763 395.9757250730028
92.75 65.49382693008988 275.6762130524935
92.75 66.88649416608932 270.6870844868189
92.75 47.86379705354614 377.4002115877934
92.75 45.15555058154096 374.4790629941939
92.75 -120.5759734354228 512.1791712596322
92.75 -121.3744529013268 515.6483572663053
92.75 13.94108155809388 484.5948232606643
92.75 12.35123368491107 485.2025922193527
92.75 19.62892964928702 463.2194472148171
92.75 19.99206905299766 461.1831924959722
92.75 -72.58897887296466 528.5497544291945
92.75 -103.8639557422409 528.9668348193976
92.75 112.0602155080152 421.6781977232444
92.75 113.6507647221565 423.6349855660421
92.75 111.2418356649582 423.9682294018968
92.75 79.71725076007611 445.9851686064924
92.75 -123.930371078422 563.6801016589043
92.75 -37.96261192181042 509.8890226997856
92.75 52.22336356747363 390.6193395233196
92.75 25.10285261115614 269.8144918028999
92.75 -57.6313718789437 273.862098208049
92.75 76.44074316345858 392.5578788474454
92.75 77.40641420669853 389.0697783102974
92.75 80.96557061821757 388.1651709381343
92.75 2.937295158230529 434.6758995845774
92.75 104.1667935098329 431.8922143590518
92.75 -21.78198217999262 421.8904448036038
92.75 -22.58287797155117 425.148084782873
92.75 30.14734495435339 416.5392431501519
92.75 117.3371648678846 386.4683463814033
92.75 19.00561524668475 431.4334678106065
92.75 19.7469463288894 428.6531250326724
92.75 79.74618446647726 271.6363980015357
92.75 -101.3674755428068 269.3893323114686
92.75 -106.4310766626142 270.7806344510209
92.75 63.9452241762239 457.519937192231
92.75 -87.09579831246148 398.4067278339303
92.75 -115.4036074954186 319.9481734319878
92.75 -116.7846721928215 324.9545671058604
92.75 31.59383942886783 449.4088648517303
92.75 32.08966435505386 447.1688690726227
92.75 108.3647354342243 268.8909784529313
92.75 15.10912887952507 477.6736692123844
92.75 -71.7349509133075 524.8996037172662
92.75 -70.40060068031784 526.1751410440025
92.75 -122.0883200664955 542.3916553431486
92.75 -122.6675845073778 545.4863762910833
92.75 -120.2505619379382 547.502025127909
92.75 57.15769217066062 461.1091807784729
92.75 -91.97642808323305 318.509501902749
92.75 -88.43596915095635 322.1273709285078
92.75 -117.0234158750419 343.1784899738521
92.75 -115.6830890764001 338.203216582025
92.75 -40.15520040727807 512.4659758345168
92.75 -63.82599802830142 322.5595868166029
92.75 -26.1213917537857 476.0685014667584
92.75 -69.9782915117776 524.3976537858897
92.75 -68.66776265607744 525.6479307341813
92.75 -68.25136636620161 523.8994873026694
92.75 -66.96075860913255 525.130653490059
92.75 -66.54779275468805 523.4057066561627
92.75 -65.26967156057165 524.6236059896856
92.75 -64.85916651571956 522.9131924706822
92.75 -84.99387581625146 537.1925381765319
92.75 -77.2645021214545 375.0509200736932
92.75 -80.53105701554537 371.7967181854182
92.75 82.83629604512801 404.5891972673091
92.75 -25.27301616633041 471.4788128357279
92.75 -65.65088670674425 439.0778843738671
92.75 -62.20577457966017 438.1807320845457
92.75 -49.90882587784181 503.118397753009
92.75 -50.13446689467956 505.074376657435
92.75 68.72244450725454 456.0452725663929
92.75 74.53085725682453 453.511072203258
92.75 72.95423822918448 453.9437344179967
92.75 72.77594891182656 429.0214641407117
92.75 60.26105536857924 454.0786294658718
92.75 100.1701669514125 432.6525587654071
92.75 65.36792482296569 433.1024364741457
92.75 115.6207849643393 276.3684945776533
92.75 -116.5742090222145 574.7053171944585
92.75 -87.56422115967737 270.3246793145558
92.75 -33.50617736786419 301.5977560029162
92.75 84.77930140526045 270.346681730717
92.75 -35.17674442182348 510.2461665342156
92.75 -97.58000965297364 554.9461380008169
92.75 -99.83284981248271 555.7283155470204
92.75 -3.201931811228484 448.9479138412697
92.75 -0.6321952833658369 448.1970435945586
92.75 -30.67590197453191 508.4629846016641
92.75 78.21386667928367 451.0412983007982
92.75 79.18365662913129 441.0665662615596
92.75 -27.51125293089589 472.251688983513
92.75 7.03856684914838 485.8275919331232
92.75 8.36963993846647 486.9137045191844
92.75 121.5216970234623 418.2650520893223
92.75 122.7419608281282 415.5434175039867
92.75 120.9405388121481 413.0061404896725
92.75 -91.46381391399831 535.5920526431851
92.75 -93.72487096794372 536.2810187047976
92.75 32.32719359709283 470.8694278477968
92.75 32.01066301100526 472.5320887225793
92.75 33.29206079376811 473.6211955267151
92.75 31.71925721498703 474.1733177447039
92.75 32.48795685628382 290.3384756029449
92.75 -11.37641501569902 415.8789700499707
92.75 -8.136674480603459 414.9712598151483
92.75 17.05570959780329 452.0941547914773
92.75 -109.0362981928727 419.652458740438
92.75 -113.5702053687498 420.872875310673
92.75 -114.7624100508183 425.4587390070584
92.75 -118.1837259567271 422.1213834339283
92.75 26.00665243638793 447.0082415339911
92.75 23.77229917283763 447.7381260550515
92.75 -102.6159737273567 307.4197543191718
92.75 -124.8581012886035 573.896414391913
92.75 117.0488020675973 271.3573825547654
92.75 80.46784350912456 376.5716600927736
92.75 81.65678817155627 372.5706930252392
92.75 78.74461082896521 369.5161026626724
92.75 82.88697898331553 368.48235976098
92.75 79.90707667038293 365.3578562868645
92.75 89.12710072049448 429.1425419944253
92.75 -116.4286883466051 380.4837146688399
92.75 -117.7901692083234 385.304150090131
92.75 116.3443713191963 290.0598751542744
92.75 114.9248631521803 295.0326419864895
92.75 6.798723637770468 270.0759007339088
92.75 1.85688531342802 271.3783504881451
92.75 11.74318009074291 268.7713662907133
92.75 50.5473021806781 380.3092043739641
92.75 -20.05157595653221 304.2415612080275
92.75 -63.59260794833331 524.1216388828893
92.75 -63.18361550840955 522.4250228592335
92.75 -64.44818861412676 521.2042046163382
92.75 -62.74228692401668 520.7025195858806
92.75 -64.03618970779411 519.4539738159185
92.75 -62.29224461308126 518.9414015487102
92.75 -60.99714020849468 520.2104188111621
92.75 -60.55202546319316 518.460781317271
92.75 -59.27107006704122 519.7180996994136
92.75 -63.61452627291013 517.6655830054872
92.75 -58.83114076681211 517.9887223496238
92.75 -57.56554355823247 519.2313170893927
92.75 -60.10345626529064 516.723273734813
92.75 -17.77975129729812 417.6974350941445
92.75 -58.00413542595016 520.9258290068706
92.75 66.10053950175902 446.314022980564
92.75 69.24728460978095 416.091691708163
92.75 36.45854462549317 472.5140093591212
92.75 -123.1944440105913 548.5751337987098
92.75 -120.7995460093074 550.570547135266
92.75 -94.27798532195237 359.2862965221436
92.75 55.70347654087473 453.8615181796657
92.75 65.61932622954804 448.190381405198
92.75 -28.77152962508655 300.3465006325208
92.75 -121.7468516470638 524.8083379819705
92.75 -121.0796319265807 579.1243394001294
92.75 -123.2367526122762 580.1111186532307
92.75 4.889395975349602 489.8352146168394
92.75 3.310422568748493 490.457380888639
92.75 116.9477765545121 341.7095203813954
92.75 -103.4491597673633 472.8612329096397
92.75 -100.7331307519022 475.5699647000961
92.75 -99.77399455899651 471.8922057844534
92.75 -101.6954058813247 479.2302526463653
92.75 -46.57791457786654 408.6122069664621
92.75 20.24124556093684 416.0558058502777
92.75 27.99265933937279 472.6620787220936
92.75 -15.72844661303075 456.9694739694181
92.75 84.41294190528853 446.3236082748417
92.75 -18.88071366263273 501.2088797018438
92.75 -17.5470166255874 502.2094394255734
92.75 -19.0669364835843 502.8462618184353
92.75 63.78489485817603 448.7219083724866
92.75 113.4708595349966 338.1196993618798
92.75 118.3357439483458 336.8865136586641
92.75 56.53246411798145 430.6462982480846
92.75 -123.7105066800726 551.6293996764363
92.75 -121.3466196101564 553.5973336845176
92.75 -124.217056323684 554.6415887530056
92.75 -121.8866762042721 556.5800719120475
92.75 11.01851332464254 484.145443939753
92.75 84.13634510612388 364.3075655947046
92.75 81.10127280596227 361.1263277865376
92.75 76.82357235752345 362.2033749066535
92.75 78.02427643127496 357.938822899369
92.75 73.71152481487694 359.0258558643731
92.75 74.92005258746104 354.7217973566501
92.75 70.5641172328055 355.8204024632806
92.75 71.78448254591194 351.4742360788749
92.75 67.38852930698792 352.5843081726803
92.75 68.62010973935145 348.2022842459215
92.75 -71.47533025160165 407.5614833872292
92.75 -114.5641969894003 573.8274519620192
92.75 -114.2626356963753 571.7001204774447
92.75 -97.10640932527129 474.55184286474
92.75 15.5277886989779 483.9862426944221
92.75 47.65544307567476 307.3367505313367
92.75 -83.34936043927735 538.5538434336793
92.75 58.70127305733247 460.6131973501015
92.75 108.1539995256327 399.795388073475
92.75 10.44238002615209 406.3145806877354
92.75 -57.13087875449972 517.5227958111609
92.75 -55.8808461524825 518.7503686996091
92.75 70.26703042546747 455.5702507632322
92.75 17.91713309201518 473.0146585906103
92.75 -14.78197674666313 463.5577039411762
92.75 -17.12641831482344 464.3687064753514
92.75 -15.26007212304052 465.969779036036
92.75 -17.56309408712449 466.7660549684894
92.75 -15.73043812001176 468.3379525105699
92.75 -27.7701470632785 500.2643736579987
92.75 -27.59781508522907 498.5300717560812
92.75 60.65447532085286 308.3984388147791
92.75 59.32407817180672 313.1272139214896
92.75 30.39222918406502 445.5957731341468
92.75 32.62275475439757 444.8912934961959
92.75 34.33359135794156 446.4929081894925
92.75 34.86339997164021 444.212408554109
92.75 36.56959449173619 445.8105865910227
92.75 37.09739472582714 443.5372689929599
92.75 38.79795038711838 445.1300190220748
92.75 39.32395112469769 442.8642117250367
92.75 41.01867830933696 444.4515962724523
92.75 41.54271833454839 442.1937628770953
92.75 43.23137911427182 443.7754299033392
92.75 38.26450620691455 447.371776772502
92.75 -1.659086344409805 359.8142314313072
92.75 53.42638413831519 405.2859041569252
92.75 -74.35143806532574 529.1341124217067
92.75 -106.5112432827617 504.9386571209243
92.75 -105.6815969053324 501.6244288250071
92.75 -8.798459642530297 440.5533834600408
92.75 71.77686852500088 452.8167353435355
92.75 28.68387345632359 469.1264590884392
92.75 116.0718949905158 423.3165294380398
92.75 -108.1102388582267 499.2169736229503
92.75 -104.8001294798434 498.3064688872843
92.75 104.8625355764422 430.0024487808518
92.75 -87.55867920293805 386.038652250635
92.75 64.19061360625682 349.3214431887412
92.75 -66.43729992479187 278.6119679159204
92.75 29.17772769900936 329.7164356413537
92.75 -72.16569361365706 337.7604997397553
92.75 -75.58853585844183 334.367481812676
92.75 -74.35536820172088 329.6862603580399
92.75 -79.04954303331172 330.9527169588657
92.75 -77.80584581393465 326.2297263357052
92.75 -89.78900622629519 326.9856611201974
92.75 22.74153751058243 323.0614328489366
92.75 -25.15674355894279 333.5784257266812
92.75 101.4962963630477 434.1601548428109
92.75 99.55258552853446 434.5328538298146
92.75 117.3843300719817 316.7441814788521
92.75 18.45698051138252 401.0507958810595
92.75 -19.63196543259397 356.6053237501101
92.75 -18.45709695272951 352.3470473708738
92.75 -15.35920851173587 355.4929747658759
92.75 -103.2673883305187 503.9897307454078
92.75 -25.10620895951755 493.1492435668445
92.75 -23.30417849781034 492.4663338472756
92.75 -26.90730737691647 493.8316063729263
92.75 -22.97343641823309 490.5722913933893
92.75 -13.76409188960567 425.5364481897875
92.75 120.9359481432369 320.4180415857967
92.75 29.84905645925189 427.3479359712414
92.75 27.03959154152973 428.0729650103536
92.75 24.98654093731163 426.0309014099398
92.75 32.65583684566037 426.6220561803698
92.75 -15.54116235874555 498.228303620455
92.75 -14.20468034451449 499.2619859395101
92.75 -13.97753611011419 497.5874716254413
92.75 -12.6408761117419 498.6214496231548
92.75 -12.41373354743457 496.9468515089081
92.75 -11.0770465038844 497.9808636712257
92.75 44.80786567237573 404.3333631150552
92.75 34.31569472753812 340.682084072692
92.75 35.5499668612158 336.2881280281358
92.75 -69.11032845498248 439.9897190365989
92.75 -70.02346750514536 443.4793813493409
92.75 -95.98264115852665 371.0417298055522
92.75 -99.00980963438249 311.1182332560364
92.75 -71.0065085239483 507.0846136959689
92.75 69.36289434024124 360.1478062034869
92.75 -55.30662691174252 354.0705778327089
92.75 0.8179941839706512 412.3973069736263
92.75 4.079614463446502 411.5192380281377
92.75 103.3448166784205 392.8550204849608
92.75 104.9082191820405 409.7268758763186
92.75 102.8159225984116 407.1751127504156
92.75 76.97157077111994 281.6046050064493
92.75 -54.35631643267994 298.2710548721009
92.75 58.27850497443293 432.4409373529471
92.75 -107.7502190735651 275.8643817042899
92.75 -111.4959316778296 272.1794149189687
92.75 -112.8171469383545 277.2686233998517
92.75 -116.5700672627825 273.5782180965549
92.75 -117.8933529857809 278.6773699431314
92.75 -114.1347975367444 282.3707132171506
92.75 117.7697917432183 285.0813203109836
92.75 -77.56725600614038 401.6032040720009
92.75 -68.74961635810109 341.1334601277221
92.75 -115.4069878603555 516.9013454411174
92.75 -21.55904534489863 349.179655183162
92.75 -17.24962615999188 348.0619005279887
92.75 55.93903141474779 437.4794983743016
92.75 55.30091668132737 439.7097076889885
92.75 103.3013144356257 270.174800366177
92.75 33.9785803067276 461.9846765936482
92.75 -117.990932587524 473.307857300125
92.75 -117.7025738938318 311.3008442451509
92.75 12.20299150731942 438.309828551128
92.75 -12.87362543161067 500.2824184499888
92.75 -52.52176296677487 328.1990706485921
92.75 -47.9262734688351 326.9861256885395
92.75 52.23218182492575 399.6486458935831
92.75 49.92698971161178 397.1458191847558
92.75 78.38294141383203 385.4578893737636
92.75 47.05279870962055 275.9311495605961
92.75 43.44545430011387 272.2862043333305
92.75 82.34849892778062 356.8434301012703
92.75 113.834780996655 313.0788610353423
92.75 118.7953801412084 311.8263228517135
92.75 115.2269153417349 308.1429816133039
92.75 -12.35033782654133 275.2855168365686
92.75 -11.01602952766554 270.3448516504128
92.75 -38.23897667697103 302.8497988498389
92.75 61.00773247520801 381.4234303101224
92.75 -9.773042497441882 446.0114119051672
92.75 -10.39683232304566 448.6752867226175
92.75 -8.405333307038958 450.5240430974279
92.75 31.62566732991053 384.8395244835974
92.75 28.87748986889737 382.0212534191506
92.75 27.80930463945458 385.8119207830785
92.75 60.91531626449571 326.0396660993458
92.75 106.3187798027964 292.5696676938322
92.75 -10.85030617330508 496.3067657956634
92.75 -9.514692870262687 497.3400654995487
92.75 -9.288673399915663 495.6680818615951
92.75 -7.95639123213062 496.6994488642692
92.75 -7.732905327982544 495.0345777613551
92.75 -6.407944244458538 496.0598709459516
92.75 -6.184066511544811 494.4018054260264
92.75 -4.862100724259224 495.4244489445738
92.75 -4.637130344937932 493.7678601447848
92.75 -3.314387311423014 494.7910634066852
92.75 -3.089672481191922 493.1339762341867
92.75 -5.965207046348548 492.7314918030616
92.75 -1.767730373082046 494.1570227887865
92.75 -1.543597628145409 492.5018018208234
92.75 92.94057382126458 424.2307540857595
92.75 -37.26935169914164 504.8925123613499
92.75 -51.72368800360584 503.9000403017025
92.75 -51.95011265041539 505.8689682172279
92.75 -50.36208171370231 507.0259513116024
92.75 48.42219745445333 270.9683390166882
92.75 44.78644789436335 267.2943512696948
92.75 39.77788265341834 268.6249145745874
92.75 -111.0724959403569 355.350122261923
92.75 -116.00496417685 356.6861921034501
92.75 30.07027278722324 268.5178279727756
92.75 -115.0643514252531 375.6676320337909
92.75 -103.7881833760105 398.4687384181534
92.75 -0.2235732748526136 493.5233310815547
92.75 0.0002081138151199813 491.8705247355516
92.75 -1.323665180371808 490.836304193144
92.75 1.318264671340267 492.8905353342024
92.75 -39.34895253655161 476.5989888724438
92.75 -41.30394501792772 475.0549518988011
92.75 -41.66980788725134 477.5278732815335
92.75 48.94489633458741 423.1142987036339
92.75 49.67630220029689 420.4353242751639
92.75 46.95081800425083 421.1305508203354
92.75 -92.08063755142089 431.083839477458
92.75 43.15857509049714 427.1349924424176
92.75 100.8407937914117 435.9963570995341
92.75 98.95599175412138 436.3566954702972
92.75 -48.49203923539715 343.9745261966901
92.75 -124.7128865257975 557.6076537653443
92.75 -25.76207947173388 445.7884419213544
92.75 -28.5128562469414 446.6385017291577
92.75 -27.88397936943682 443.7977752994885
92.75 -30.69509387829545 444.6654271251818
92.75 -31.32004849150024 447.5499565290027
92.75 -30.05190682590171 441.761589771565
92.75 18.83410793986612 482.7397717627792
92.75 20.4143736747991 482.1536052780543
92.75 -89.22746431335419 534.8967165131136
92.75 -61.92823866917332 523.6252531894481
92.75 62.19579043881202 427.0323203723539
92.75 -31.47899951661577 462.6768300908874
92.75 -33.971060870066 463.4707594728935
92.75 -33.42177117663587 460.8867976544556
92.75 -35.96236167953052 461.6970916494452
92.75 -35.40285580391747 459.0633402824633
92.75 59.80554103871619 442.6968277166655
92.75 57.82127989379367 443.2942148353745
92.75 -9.911441949119471 361.9627569936403
92.75 37.66531165080534 376.3045051543118
92.75 34.89772954815859 373.3724705784493
92.75 30.94836074447955 374.3351249096565
92.75 -20.37809134054123 344.8665362665768
92.75 21.96236933373688 460.4863644748868
92.75 -40.36553718324694 514.0354046332462
92.75 -92.08198729213045 508.3642040066649
92.75 82.44555938121182 421.9902067278331
92.75 -86.93861781743513 440.1194293961499
92.75 10.10080128328864 466.733690117132
92.75 8.447192206880247 465.3858010110444
92.75 8.104286443954809 467.4947624078188
92.75 6.445919674660687 466.1427628907743
92.75 6.102240097493465 468.2573999685313
92.75 4.439730115938388 466.9019553067321
92.75 4.095147447682925 469.0218920635876
92.75 2.428167064013719 467.6629613910661
92.75 2.082674163707006 469.7886680456077
92.75 2.767256309447548 465.5201944378433
92.75 6.783362279487433 464.0109159051248
92.75 0.4112839236001264 468.4260856224539
92.75 0.06485760391886219 470.5574074548714
92.75 1.733264578567322 471.9041151106555
92.75 -0.25299923308742 472.6580238902589
92.75 1.384549875986719 473.9788645189582
92.75 -0.5631864147477015 474.7181060904707
92.75 -1.910052821717482 471.3329285733469
92.75 3.329845537766629 473.2391412920199
92.75 -21.50018591228995 491.8054525094179
92.75 -21.16910770554165 489.9132927575872
92.75 26.45788710675513 264.8422898300487
92.75 -24.51428123343593 497.1128194491865
92.75 -10.19589983580629 484.0067571696068
92.75 -11.72860597870619 482.7901926062064
92.75 -9.894587097408216 482.0533609543296
92.75 -113.1237812308 328.6477016643798
92.75 -118.1536245091767 329.9725992463899
92.75 -36.51145441809001 464.3182121231673
92.75 -25.37362115464574 505.5345102219257
92.75 -26.84454370036159 506.1843571326621
92.75 -23.90033148832282 504.8850929629817
92.75 -39.56554088150593 406.0235026168151
92.75 -32.20678952046848 390.2551427585137
92.75 120.2854475824205 420.853462472657
92.75 -41.20259178143235 509.8277332592282
92.75 31.6465376629876 398.0080177430439
92.75 69.93718402063858 413.3667319577048
92.75 38.51311179505122 425.1165805137948
92.75 -119.6514372385855 353.0792995459589
92.75 112.7217475987172 425.7927418625236
92.75 110.4726086580946 426.1046251989536
92.75 109.475217096037 396.1810242134155
92.75 -122.4371308942404 528.1389580936166
92.75 38.00577866796127 471.990324838187
92.75 38.34340734974425 470.4042586732707
92.75 -36.02114566290383 376.4725300748983
92.75 -40.09177024421116 377.5703053022251
92.75 -31.95548158933644 375.3809526772747
92.75 -81.61116251786885 505.4583271014293
92.75 33.09748214837703 345.0606479477312
92.75 28.71754258956869 346.1889726587964
92.75 -121.3673843287158 562.6679841707083
92.75 -7.401834669748648 273.9714333102976
92.75 119.5120803936884 325.3366713324698
92.75 -119.7813674943265 508.6985754015724
92.75 5.693888708178903 433.9076630300835
92.75 -32.8176650141297 458.2425724316423
92.75 -34.82826729321223 456.3914340737953
92.75 -121.5135843560151 539.2855419825604
92.75 -95.1607337774313 412.6440465214274
92.75 -125.22356216881 578.752748982576
92.75 -125.4359595470523 581.1955916053278
92.75 21.78191137851142 430.6847168764685
92.75 38.85211646493391 372.4120720359066
92.75 -69.7405115920495 387.8818335087275
92.75 -66.68892076064057 391.070823569262
92.75 -37.45555307206223 457.2241763093543
92.75 37.18163038340816 278.5409901996491
92.75 18.39995902661519 455.8399311507803
92.75 -17.99129825397668 469.1195771992861
92.75 -19.81226957470509 467.5725510827306
92.75 -61.6505777787597 362.7732431049965
92.75 -74.4117592176971 512.1908252828036
92.75 -90.95183240685841 533.2947373924517
92.75 101.709201372742 410.2162214579639
92.75 -118.5070438066834 552.5477366421277
92.75 86.7964022449722 389.831260154517
92.75 -101.6390634290744 554.1652334651045
92.75 -102.099818605157 556.5227800887753
92.75 -100.285058262373 558.0695380511053
92.75 -102.5260269311148 558.8608146770397
92.75 -104.3397183830078 557.3223258744792
92.75 -104.7776176577651 559.6768613150502
92.75 -102.9521499960116 561.1993350846351
92.75 -105.1589673115631 561.9897226679187
92.75 -103.3870591236147 563.4610262375937
92.75 -105.5089520022314 564.2138300627707
92.75 -59.15110587884478 321.3122566435771
92.75 -115.2461028234007 268.4783039904931
92.75 82.22145071842368 448.4581446240479
92.75 42.70189716724866 446.0012693473206
92.75 44.86009175172923 445.3387637408889
92.75 -6.065434481935364 269.0253816637223
92.75 43.84406333368792 424.4994704970449
92.75 118.6816534962661 370.0319481884557
92.75 115.4846488121022 366.5145773155358
92.75 110.8438109957363 367.5698437297217
92.75 112.2488967439844 363.0167694718233
92.75 116.9178899188771 361.9431459594549
92.75 121.8827093586962 373.549136015744
92.75 -45.85896664066907 334.9231676565736
92.75 -119.3972623172726 426.7878216621136
92.75 -115.9270926215148 430.1431929360464
92.75 -120.56142804113 431.4639508849236
92.75 -117.1030684354094 434.8078378157565
92.75 120.4261044654626 345.3073747936798
92.75 119.0205708313859 350.1275491990547
92.75 -53.06236773755437 293.4235797673156
92.75 -117.4570118226544 498.4230169600101
92.75 -121.0370522251999 499.4424285369786
92.75 -121.9151361670156 503.1044729596044
92.75 -27.17928953884056 440.8753024546795
92.75 -29.39350369677746 438.7971138252683
92.75 58.23820703010087 268.2894169657121
92.75 51.72880101552769 376.5270438846035
92.75 -121.0293269696339 470.4077805828775
92.75 -122.0527617037513 474.5217203863385
92.75 -120.0118710644915 466.2760889326495
92.75 -51.27841901062428 323.5977856011311
92.75 -124.6169890749605 569.079409349626
92.75 -49.27213859228662 405.7987398856864
92.75 -85.85183698626392 393.9940251349657
92.75 -121.2054794149899 488.5087417311101
92.75 -122.1271030881566 492.3518034766665
92.75 -120.2891416195577 484.6499333377628
92.75 -56.33816898871214 268.8434898283862
92.75 -61.34970253799057 270.2280314574162
92.75 -73.9992707424926 378.2806389197806
92.75 -51.03946212650508 369.0594785592716
92.75 -47.89624979902692 372.1750373603743
92.75 -43.64800815826841 371.0220650624439
92.75 -39.567164499459 493.4733177237244
92.75 100.7632166731983 418.7313215924279
92.75 98.2992774431205 419.1931901140279
92.75 99.11976732055196 416.7671266758474
92.75 51.37422995009783 411.3315831335485
92.75 50.45052896478733 414.2998222459747
92.75 80.55269544121676 448.8959078469859
92.75 -29.33507824843166 393.08195496514
92.75 -25.47984563407986 392.0272065666579
92.75 -26.50412298656395 395.8563936010295
92.75 -22.71337697400332 394.8188017064152
92.75 81.75911401772893 450.0952478812357
92.75 -45.01151318393718 415.0803263228032
92.75 97.53027146441767 421.5782489432253
92.75 -32.56293368639903 467.7236195804469
92.75 -69.08881256235618 527.3753777507782
92.75 -32.20400008807357 455.5585734479215
92.75 -34.24465657994144 453.6794951641174
92.75 -96.30315043824078 267.9988787902367
92.75 -100.0422875059104 264.2980496989262
92.75 79.68218690559937 439.1834534307179
92.75 81.59425211971633 438.6819581590033
92.75 17.58616198496101 474.8804835591703
92.75 -49.25576308938159 497.1087243613736
92.75 -109.8333487861125 299.9517296432614
92.75 -113.4807755924922 296.2082991468788
92.75 -118.5550562407519 297.4941980474734
92.75 -117.134390292454 292.4455334068584
92.75 27.31851619509521 467.9216495153416
92.75 -8.785960875102719 357.8272109743281
92.75 52.65612266588118 434.0914167118858
92.75 115.9077256255657 390.6912248864109
92.75 -68.50631836136046 323.8057198357189
92.75 -3.733746814999842 308.5806357908021
92.75 -4.991192995641496 313.2375549744685
92.75 -2.461841425186805 303.9102029590556
92.75 8.091205929893979 488.5933831684858
92.75 9.664414704877151 487.9912512631337
92.75 -37.69062430696417 365.3607476110837
92.75 -26.46239405339472 437.8928175135948
92.75 -28.72151109509738 435.7727801527233
92.75 5.701701204142913 484.7256791772696
92.75 -29.20358134710715 507.8842791552267
92.75 -31.58018615907272 452.8335156122275
92.75 79.99061672959483 422.532988511129
92.75 79.26647037808729 424.9467135406587
92.75 -109.4671945392131 387.5717652772308
92.75 -2.441217104875874 413.2776304125036
92.75 -67.83283279276344 522.1578466709406
92.75 -89.81969472626795 437.3333824095643
92.75 -90.81956049803698 441.2500504422848
92.75 -121.7197199361161 436.1222140701882
92.75 -118.2761732651405 439.4524072952751
92.75 63.90563067238954 428.8759967448162
92.75 54.58133946095604 314.3346220907643
92.75 -119.2111111971244 283.7775265518808
92.75 87.28751918790229 399.3454872702914
92.75 57.99268761852555 317.8159886963121
92.75 -122.2286070722336 293.7362653818687
92.75 -51.21311364611023 497.9185115697738
92.75 24.90645317234491 480.1423754726961
92.75 23.34767928526005 480.7111289961595
92.75 2.988230342327274 475.2684682345273
92.75 -112.0468534700179 291.1607746788284
92.75 104.7190334474965 265.1392832313847
92.75 -123.2539953633303 509.7367891085963
92.75 -13.75600771964078 495.8992486025718
92.75 -26.66212414661724 308.5293038778224
92.75 -110.0128279629246 524.1096975157702
92.75 44.20371071074424 303.8346586460424
92.75 -118.9687359967421 578.1339231437295
92.75 111.8555413578877 427.8118635483162
92.75 109.7407883817208 428.1111645955721
92.75 108.3815463016913 426.478701483347
92.75 -123.3980091576176 582.5562325170359
92.75 -125.5861763537148 583.6271127446531
92.75 13.66563099737628 486.2575853694181
92.75 106.141639096119 431.5463236623404
92.75 105.4475696966346 433.394155499979
92.75 -9.630778351865244 314.478429981866
92.75 -6.242487045747577 317.853068983125
92.75 -1.640851266858145 316.6232268246048
92.75 -2.881756915114644 321.2039658405388
92.75 17.60251474157779 311.6627581431595
92.75 -30.65888223111981 469.4319308833911
92.75 -124.5481156749996 540.3302807871515
92.75 -123.9548634135017 537.1240371159489
92.75 -69.90393810098206 288.9113080189761
92.75 -64.99988460632878 287.5777585679233
92.75 -74.81166865473745 290.2468955275284
92.75 75.23813299634105 440.1421773415942
92.75 45.49709250645912 299.0842302205197
92.75 40.72577172320801 300.3364465202571
92.75 -126.8214664452169 567.4332559217244
92.75 39.53875318860342 471.4876829218904
92.75 39.87332971350754 469.9174166596449
92.75 20.7135760158082 480.5023111235394
92.75 -25.73161838515622 434.8504221319748
92.75 -28.03560537389149 432.689035242207
92.75 -24.98748847769304 431.74850626387
92.75 -27.33610635360552 429.5464942132133
92.75 67.01618812065128 302.4191469688496
92.75 54.41803006981132 379.4427476886365
92.75 -36.58229732477258 361.1369218913445
92.75 1.32402399626836 362.8720960330065
92.75 124.5499999999995 259.0899346400435
92.75 -16.19233761730617 470.6624986982461
92.75 57.32275881987297 395.7165909278506
92.75 -26.06135424404396 292.5606798996346
92.75 -0.4528208375322696 495.162927905827
92.75 -104.5263481531769 418.4599550351469
92.75 -32.22830920427657 296.8497172337459
92.75 -85.34193389370937 539.2869826515006
92.75 -83.71545988476306 540.6331770284237
92.75 -127.0555978435022 555.6915522551358
92.75 -101.2760819079299 352.3477813803827
92.75 -102.5447693427861 357.141046906465
92.75 107.6035587408648 364.076553934284
92.75 -18.14816653116544 457.7990638897721
92.75 103.9058835576815 404.043951318502
92.75 68.2990368173656 451.6637894712835
92.75 -86.51032564971349 284.0912596895931
92.75 77.76127227419718 452.6380242605986
92.75 25.73906703356065 459.1837937375508
92.75 82.07487975158207 384.5214392212672
92.75 -38.51486146163495 462.5304484573522
92.75 -39.06632227085238 465.1648401909692
92.75 -89.55739012027038 357.9974378104065
92.75 -90.80987785404317 362.6993498796515
92.75 -20.16145912000527 427.4416801113293
92.75 -39.87604147584699 495.5491642138564
92.75 -112.6145420217224 573.0187868485506
92.75 -112.3191021233996 570.9602983889171
92.75 -110.7185595879592 572.2404580359594
92.75 -110.4283981706511 570.2370452106129
92.75 -112.0120483852136 568.9300541729231
92.75 -110.0584798416582 568.1758925701298
92.75 -108.4586128686654 569.5267944642079
92.75 -108.0975166699124 567.4763413380759
92.75 -109.6958556477972 566.0941557543915
92.75 103.1442780434049 381.9200590188387
92.75 24.20005242054939 288.0270995148069
92.75 -0.5580223421022672 281.1546763292095
92.75 5.754547193098869 470.3615193855474
92.75 -30.6342791543146 275.6520421956579
92.75 -34.26944646803659 272.0408965691175
92.75 -40.62410620971134 470.0770156509755
92.75 -25.01304353485506 422.8233541274394
92.75 -24.21511534511983 419.5251946747828
92.75 -39.22868981394453 273.3990544400945
92.75 -37.93065099412965 268.4054867199877
92.75 -32.93619917653358 267.0368933206464
92.75 -36.62431315270013 263.3752439741909
92.75 19.37912998324209 289.2814904626111
92.75 124.5342097680513 417.9813589641045
92.75 -72.46203626569888 298.7111227898089
92.75 73.05656474393921 347.0778375138636
92.75 -112.3367954698146 521.9441304016914
92.75 -53.08663369321686 406.7380341134777
92.75 -52.0028941774314 402.9241022473487
92.75 46.57349723033868 397.9224327809435
92.75 58.28644662735993 441.2451757503996
92.75 21.03433277670165 433.4342620351845
92.75 -79.33071563198064 367.3198303178925
92.75 -83.83520496618777 368.5114498996044
92.75 12.10674500690236 486.8534851014923
92.75 -119.9508226019231 376.8846461496159
92.75 -118.5697976414394 372.0112242077575
92.75 -123.5127938661338 373.2428710030001
92.75 -30.1848040659962 505.2834093321429
92.75 -31.45405992065507 504.2576636370221
92.75 -121.0480695293336 521.4676933407075
92.75 81.14137552614076 266.6154042522663
92.75 76.08148491663053 267.9137436539568
92.75 35.96825642972013 293.8981924056008
92.75 -10.9833202095073 451.3040669919271
92.75 -12.96277370525393 449.4826319995816
92.75 -13.55153563460397 452.1087798807301
92.75 -41.15585198407877 381.66350172031
92.75 -120.9697761105933 358.058795539356
92.75 20.36579253517845 459.1059528931294
92.75 -8.560020786711874 454.556884369252
92.75 41.12648194972829 263.6093586393226
92.75 -106.5846589703353 529.8156234480415
92.75 -107.1866178419553 532.6381031494318
92.75 -105.9753734348333 526.9837653253475
92.75 81.19801124765252 417.9080146959986
92.75 81.97055621261835 415.2689620107566
92.75 99.63923760645341 266.4264314411781
92.75 -120.3315742061043 269.8799000656675
92.75 -65.6848840713124 526.3123546508815
92.75 78.70114349895135 442.9322658641268
92.75 4.63159456837412 491.495642745591
92.75 106.8319237981602 429.6726139734794
92.75 -64.71224903565636 435.6190202405972
92.75 21.45647716108493 266.1500348701813
92.75 -0.8414163535927432 418.8480659238261
92.75 -78.21923581924506 408.2018337604683
92.75 32.97787324398231 475.2424302617903
92.75 31.43437052181432 475.7841125602753
92.75 30.1801816710307 474.7317054623396
92.75 29.89211621946112 476.3485357437023
92.75 31.14795258132628 477.3907645497644
92.75 52.39992571110631 419.7417988813717
92.75 -14.0481963146113 487.3806192288481
92.75 -15.59402944335583 486.1953197892587
92.75 -15.34463947167117 484.2471835394632
92.75 -17.178668136061 485.0024319192108
92.75 -17.42336096991443 486.9764484382312
92.75 8.135834853994629 265.1213043131514
92.75 28.62912362979573 475.2894354275031
92.75 28.33881860001126 476.9182471232727
92.75 -31.08804775527405 433.628246187588
92.75 65.43183362060705 344.9087570872737
92.75 -125.020306797279 525.866747409844
92.75 57.41134073383694 453.3216557956208
92.75 -45.71840558992582 497.6068245478485
92.75 -61.22118002376378 434.7102980426161
92.75 -58.71763371662153 437.2954638736045
92.75 -57.74518507123096 433.8488828647162
92.75 -55.26796823845782 436.4083046917372
92.75 -54.30691937597899 432.999586367254
92.75 -51.85549440069534 435.5305748880289
92.75 -50.90422383124903 432.1565326855597
92.75 -52.81346838063423 438.8785670544714
92.75 -53.3412097650676 429.6089096977994
92.75 -49.8950470746368 428.7517937320437
92.75 -52.36810064725007 426.164976418959
92.75 -48.47655299372902 434.6621059869321
92.75 -48.86908167237841 425.2953933707379
92.75 -46.39472935683497 427.9103260047151
92.75 -121.8312522155335 326.2735724264314
92.75 -72.96771061311118 530.357497474963
92.75 -74.71404205721656 530.9384759924958
92.75 17.49969510877336 449.7867584224847
92.75 19.74948663131405 449.0262142155468
92.75 -103.8161343410503 565.6184539646605
92.75 34.51531505484772 474.699317752057
92.75 -9.064649549368067 493.9911523596521
92.75 108.1061305641469 431.2060457206061
92.75 -87.30819151255547 527.7563792173723
92.75 -89.54995616160568 528.5287933032957
92.75 -85.08195599262704 527.0010937545194
92.75 -29.44705683609025 509.4271020759867
92.75 -73.37014247466546 342.396698022048
92.75 85.00181452507358 406.8379991816819
92.75 84.11316521377965 409.8018245742128
92.75 73.35706213892104 277.9199398569394
92.75 71.97854177491399 282.8873895357588
92.75 -23.23658026804183 264.3824947568232
92.75 -65.79068417134164 519.9645782895807
92.75 66.48660111484827 436.8624371163581
92.75 60.97435928878227 346.0358498395285
92.75 -33.5094287384772 445.5656458983449
92.75 -34.13471876927259 448.45553361343
92.75 23.31257659975653 450.0529996974504
92.75 -76.74978325353806 514.7589213569182
92.75 -78.94572861853297 515.4051488492465
92.75 -79.45798969809343 517.6668794426374
92.75 45.39077311284522 443.1558095126487
92.75 47.00901562729929 444.7051901781912
92.75 120.2098757447482 306.8856864989639
92.75 116.6271688210905 303.1895422986784
92.75 111.6379369382699 304.4538045060186
92.75 123.9084866868416 348.9378260833104
92.75 -95.35335364188539 554.1611090071995
92.75 24.61346060299842 481.7598056891195
92.75 -122.11634220565 368.3125391168666
92.75 -116.9724863848511 417.448931918166
92.75 -121.6784289392349 418.7222310351059
92.75 -60.04801641214925 265.1774297404806
92.75 -65.08894349443993 266.5712789859395
92.75 -42.98740987720013 500.2714244593594
92.75 -42.72874869091869 498.348126028464
92.75 8.642656117192564 485.2204154703257
92.75 -78.42214917051757 379.4867227068517
92.75 114.8304992466751 333.2709295373311
92.75 109.9530979598971 334.5182739603635
92.75 113.6453290759163 358.4004870668034
92.75 118.3777208294101 357.3117577218053
92.75 121.6961563969547 360.9035072383939
92.75 -103.1844515456599 526.1277805930355
92.75 30.88798327006732 443.2820429894333
92.75 84.56375329179781 375.6116788421995
92.75 77.0844413127453 444.9622243343138
92.75 76.57568640348676 446.7528522431816
92.75 100.6202056356916 404.6554920469678
92.75 -71.25392952700881 529.7729990116686
92.75 120.2658020296847 389.8130574775449
92.75 16.46449248405214 462.456953060342
92.75 4.890184117700289 474.545224458852
92.75 35.85871383188913 283.4638080436613
92.75 -62.57282781991101 317.8721438747929
92.75 -127.5040956437282 579.7851188161272
92.75 -27.07148293669856 469.8978690172876
92.75 -24.78565688737757 469.1109661954175
92.75 -124.1541121569653 485.7703362092153
92.75 121.3748550477753 288.8068284763983
92.75 31.87079937647135 429.3759984421453
92.75 73.86173542493485 389.9661656907852
92.75 72.91322923032683 393.4890608820833
92.75 1.67717876489977 409.0920402036269
92.75 42.90490839621214 308.5668788371761
92.75 -124.6503502292226 354.4200853524675
92.75 -85.68619531486735 541.3585711254478
92.75 47.701259671671 418.382547116128
92.75 -115.1215275841056 392.4305038520425
92.75 -119.9509416156061 393.6507584654931
92.75 2.483488273098136 358.7569525827828
92.75 -56.61653997971614 289.8631580638299
92.75 87.16471626433753 367.4881907520909
92.75 -46.6572742192733 322.3783431416784
92.75 -43.30105860373472 325.7812911943037
92.75 47.56675340357211 394.5827498888488
92.75 124.150686444702 412.6351196468524
92.75 122.2037522710379 409.8627848739254
92.75 118.7474366070015 410.2993030690109
92.75 122.8044147443247 283.8164758483957
92.75 67.04747991264908 450.476409447515
92.75 65.3727555251472 450.9860593717086
92.75 31.87760077273302 349.3905069449356
92.75 63.24972875072038 435.8077154758714
92.75 61.63193234373082 434.2196045940676
92.75 28.60305479391573 444.0024368623805
92.75 -96.16367610514979 470.9386952373517
92.75 -98.79703526620608 468.2796010808497
92.75 -95.16372145835103 467.3149345636813
92.75 -97.82130849254354 464.629993951599
92.75 -51.5043367921819 501.9115960934512
92.75 18.35237613093998 459.8159508214787
92.75 53.99379635517295 454.4028295576023
92.75 53.63049083196611 456.1677600040254
92.75 52.27870786710003 454.969641736218
92.75 -120.6871271019263 339.5233177786838
92.75 -36.32917996293098 446.4681228252567
92.75 -78.87549314631383 539.6384496254676
92.75 -19.01244809679654 485.7772962985919
92.75 -107.8165991364275 415.140879118559
92.75 -123.2110528747961 481.7969854641272
92.75 -19.25703352416474 487.7539007269334
92.75 120.6754854229785 275.0999059808016
92.75 -107.2471259446421 562.8007212485966
92.75 62.96815708951275 353.7181281037375
92.75 -82.54151373682251 327.5079364898344
92.75 -81.28743857680826 322.7424427960577
92.75 -83.79196632817539 332.267813033357
92.75 -84.96344827642714 377.0082249575277
92.75 -88.21174960612224 373.6093785802243
92.75 14.90344081048006 427.3609583122073
92.75 -60.42742870658305 358.3688843644281
92.75 -63.62866725644512 355.0909523172492
92.75 -125.2129818321581 432.7804653688525
92.75 -67.64542373790573 529.4290338196896
92.75 -3.54527695283956 496.4345269320791
92.75 33.67536393411528 272.1903254569251
92.75 -44.17934398470933 378.6925946786055
92.75 -80.64981656951338 398.489337711197
92.75 -81.82418606252567 402.734618408625
92.75 -51.21520098894289 518.6112575090242
92.75 77.53723911770363 423.1124347051467
92.75 80.66118553211241 402.307095689998
92.75 -21.83616628963146 493.6809338024553
92.75 -32.32785991513726 439.7007530824932
92.75 109.6995543411377 422.1258237638214
92.75 29.05768726428255 467.3267782720124
92.75 30.42906102048148 468.5502909792977
92.75 106.2189047375801 368.6103267727404
92.75 -67.00557027328115 527.8779293873167
92.75 -113.900105521157 497.4272895950895
92.75 56.08176547334285 452.0868814322054
92.75 58.35038045997317 462.1710914382957
92.75 56.85104869388769 462.6543294885117
92.75 59.84795636429222 461.6899345295435
92.75 108.2500437601101 376.5533943106886
92.75 -101.2687454657491 562.6957040303057
92.75 -9.68758835267203 265.3821606131927
92.75 -4.707822619658702 264.0534055047615
92.75 34.61303420984022 298.6822746669045
92.75 -120.4459404380994 413.9444275975897
92.75 37.48665345596128 343.9230630703428
92.75 -49.51218499002754 296.9676749964431
92.75 29.6650175691624 472.0781794915661
92.75 41.0574798106046 470.9905006694429
92.75 41.38890019963174 469.4348798206854
92.75 42.56215344834537 470.4979524190778
92.75 42.89019486339345 468.9569486099973
92.75 41.72184968618658 467.8838267595923
92.75 -106.6062941956633 558.1187736666859
92.75 119.7288095836064 332.0290328682256
92.75 -125.148783940498 471.5672443958994
92.75 35.38877739701996 441.9172052046454
92.75 13.11565703564381 263.8073562739841
92.75 -125.6343243391241 546.5696425741575
92.75 15.2473632684193 450.5497820145511
92.75 14.80640553539215 452.8970172239843
92.75 26.46219233835693 479.5779198275769
92.75 -121.3728244549251 307.5671329670541
92.75 -45.37874974935374 424.4708349033766
92.75 -24.08298847197617 506.4665969157999
92.75 56.57098440318995 435.2247577042327
92.75 49.80329714103386 265.9656650128513
92.75 17.95657862804164 447.430416729227
92.75 20.2546359865892 446.6535881667248
92.75 -1.276193250358759 450.7657575418957
92.75 1.238153808173207 450.0310404783958
92.75 1.88320896298072 447.5024901243996
92.75 -3.792779820426593 451.502771090925
92.75 -69.9704041666285 345.7500361977329
92.75 -71.29596480193567 523.1110709224863
92.75 -94.15164469212286 463.6554422402083
92.75 -96.83610107949667 460.9434663906808
92.75 -93.12931189871422 459.9588874382558
92.75 -95.84108274471855 457.2195215865603
92.75 3.744337827259793 449.3238350239038
92.75 4.387587646409322 446.8049712146329
92.75 95.84411360018994 419.7180837635155
92.75 -8.316740344222939 499.8622168126113
92.75 121.7545890675893 385.5549554750389
92.75 -87.08516546074736 317.2641827547991
92.75 -90.60958348483777 313.6496721745436
92.75 -40.66508297520414 296.5854036175429
92.75 118.8466268365815 394.0231090136988
92.75 -16.92467573052928 483.0147397686067
92.75 74.11004152619387 455.0665488874083
92.75 72.57894765909334 455.4863391158267
92.75 75.63960460867254 454.6456923116651
92.75 -117.2970751844133 361.6778820085955
92.75 -52.14265484762758 507.8015712474501
92.75 -50.59179464054709 508.9302252359249
92.75 -123.2081572641516 331.3202015927194
92.75 -75.22354858134587 411.2723150244424
92.75 -76.3676954626514 415.3693698883865
92.75 -72.293190391225 414.2989343688762
92.75 -80.8264743974175 539.4529296119553
92.75 -106.5188714179986 568.8113716337514
92.75 -35.83099496835396 468.2450828716685
92.75 -84.07713357554495 542.6903128878205
92.75 -86.02707636952182 543.4083728521272
92.75 24.24688599360511 445.4060607772151
92.75 -81.47889334904077 386.8076468221508
92.75 -10.84133326894388 319.0822011933303
92.75 -18.41143570242852 471.4296388558754
92.75 129.5774602714409 419.7067386433575
92.75 -63.77979519767308 261.4935708312255
92.75 -15.53503635954213 450.2850225822092
92.75 -16.1252285351662 452.91740657155
92.75 -109.3686731345498 530.6972988938738
92.75 -109.9848709589397 533.5871425950555
92.75 -107.7643906688061 535.5343932742189
92.75 7.452322869452686 430.6107282362313
92.75 10.34494456436398 429.829141036751
92.75 11.14350258821847 426.9516079230597
92.75 -33.07489931715323 470.2095122997869
92.75 3.641595173891067 431.8733398669556
92.75 0.8279115976749192 432.6560216206631
92.75 75.26833482032647 381.4066484892117
92.75 -41.65307016487924 264.7540392111064
92.75 121.6271008955356 301.9275093305096
92.75 -15.56714115842323 314.1962972807795
92.75 -18.91173328712395 310.7922163030718
92.75 15.63658444059912 456.6728625857965
92.75 98.23710996102871 433.0592173262915
92.75 -70.10135513295033 531.4195494466533
92.75 124.4938258743677 324.1134013243539
92.75 58.94543237592947 437.0400337956209
92.75 -37.95892145899109 494.7735203538469
92.75 -106.1628806664958 566.7895475004646
92.75 -104.6032161731232 568.1064163674505
92.75 77.32408991360336 441.5808835749723
92.75 -19.0136697468192 462.7621755772832
92.75 47.53789603758146 442.533031017433
92.75 49.14962583662037 444.0759231461251
92.75 -114.8437233511169 575.9274856010351
92.75 39.84579101352659 440.5845843303862
92.75 42.10928003402545 439.8969866750641
92.75 36.03277643602549 369.4247802261789
92.75 -38.929628386681 513.4290376985264
92.75 -38.72410560790865 511.9061444266962
92.75 -37.51816080664997 512.8442081229613
92.75 -77.52195768436141 538.1360920760225
92.75 -77.60809220175592 536.1319205547036
92.75 -76.11547062534494 534.8765237875634
92.75 -77.94384292075036 534.2176899807379
92.75 -76.45527649328584 532.9531070321863
92.75 -74.63792958738057 533.6237650552371
92.75 -79.68965107265035 537.8490690471656
92.75 -51.74338188477031 288.5527313491089
92.75 -86.99971464184702 537.9353473821496
92.75 66.10500515642121 460.3616019394836
92.75 66.31120610891166 458.9075658066721
92.75 67.69686262189406 458.3619765788632
92.75 64.67103964225636 459.7351641498798
92.75 63.32235813126153 460.4230331435676
92.75 66.52197991763205 457.4104767032067
92.75 69.89762008781521 457.1177790569732
92.75 6.177865173586353 490.8854923795708
92.75 83.34621215658792 379.6347593198595
92.75 -39.01545630308776 373.4653871297887
92.75 -76.51737486484127 321.4617605913971
92.75 -39.2916087663697 515.5983237478416
92.75 -92.09739421518552 456.2254549437724
92.75 -94.83564175231538 453.4595842976776
92.75 -91.05597703964241 452.4560530617524
92.75 -93.82036953437398 449.663906167705
92.75 -97.66469871968452 450.6692428486106
92.75 -90.00473099304556 448.6507261373683
92.75 -92.79550382777441 445.8321108105589
92.75 -62.33790744149645 525.2901315666304
92.75 -65.46582368956609 386.8458734576212
92.75 123.0388390448748 420.5790810049184
92.75 67.19301537504106 414.1217827752864
92.75 -116.7349873838828 576.7691594386889
92.75 -115.0745993802408 577.9543986866796
92.75 -19.69667868677637 491.1459739884154
92.75 -25.42423349197561 495.0280003815714
92.75 -27.18687437641453 495.6955841979466
92.75 67.45197326213648 447.6604989013518
92.75 67.93483858286112 445.8244127412177
92.75 -124.6941065945555 500.5018366755122
92.75 -100.5711698598301 461.9201964006824
92.75 -117.7674645629209 520.4398528243563
92.75 83.76902680940039 401.5225769041899
92.75 15.82810511685224 475.5341460745858
92.75 -81.53040073067493 543.2363945949163
92.75 -10.55254482754457 412.5840830435084
92.75 -7.251771474432489 411.659677588564
92.75 -13.85374921806566 413.509079059397
92.75 34.60903921301063 428.667697451098
92.75 -95.29107871512586 533.6289595552945
92.75 95.07909824280814 422.1058330499772
92.75 93.39609005686988 420.2501840042501
92.75 -29.20906552500823 499.2456799913219
92.75 -29.374795654204 501.0053686634129
92.75 -29.03276698669676 497.4708954051667
92.75 -122.0385136329131 344.5415825528707
92.75 -107.2486351497957 495.8771568703045
92.75 -103.9059985455281 494.9566920569362
92.75 87.08155292737652 409.076706425888
92.75 -106.1750996108311 555.7224932045299
92.75 63.16266669956228 431.2491923636138
92.75 79.3448279094191 452.2243782505194
92.75 -30.89080057948127 510.0020797687536
92.75 44.90550941947355 419.0955359826712
92.75 86.20516239317131 265.3174002425656
92.75 89.85548509373048 269.0690750490808
92.75 91.28358767712774 264.0278611671944
92.75 36.09663123907347 264.9460016074168
92.75 -13.47274449442935 467.5555763058001
92.75 122.1053107332901 270.085861071749
92.75 118.4751020989305 266.3394375173366
92.75 -126.1924188486311 475.7602918117457
92.75 76.81421162441934 425.5262942868694
92.75 -97.62044565676915 306.1562319151162
92.75 -101.2128490674857 302.4601697959699
92.75 37.31887125874576 289.096524301396
92.75 -18.23463753577072 263.0337323918623
92.75 -6.635107535868554 497.7041173297039
92.75 46.09887509605812 470.2703331035891
92.75 46.26942710789159 468.8041953307673
92.75 47.64408319799889 468.220756438571
92.75 46.44267097665231 467.3012283089092
92.75 47.85395952836829 466.7019234669154
92.75 49.0681672536735 467.643622997614
92.75 49.27624105783736 466.1217001582316
92.75 45.02897991556335 467.8997433339778
92.75 45.20651899114569 466.350265237805
92.75 -101.4763380159442 497.3994434771692
92.75 -100.6025011198285 494.1005939323146
92.75 -102.9979866693913 491.6587234669246
92.75 -123.8003379715393 496.7453659259886
92.75 -127.1022246270674 493.9265693607953
92.75 -17.7641902031911 503.823332318927
92.75 -16.27617907417088 503.2020081773196
92.75 -19.24835151614449 504.4451690365798
92.75 44.67698236962658 469.6201799398867
92.75 66.51168551894231 416.8883657971959
92.75 -28.6557658188543 494.5223196539802
92.75 38.68302004698236 468.8241614124867
92.75 53.22596032106924 383.1964992868998
92.75 123.2637046086096 335.6712946277001
92.75 -19.53150382739556 506.0460328288172
92.75 -20.7077635708252 505.0125090966046
92.75 -81.18988590377768 516.0857444587332
92.75 -81.71331238244514 518.3981633994781
92.75 -80.67094692313518 513.756688208305
92.75 -111.0041274430314 361.4403406410892
92.75 105.6604133899795 396.8352016559983
92.75 -95.7980101456064 556.4502431589333
92.75 74.5653013681962 426.8465268920864
92.75 76.77225289125049 428.030356296688
92.75 -88.14033620939973 532.3263329586496
92.75 -22.64228173348286 505.8316923907392
92.75 -123.5365694724416 560.9261396150412
92.75 -120.9236818505158 559.893818054597
92.75 -126.1793210113711 561.9533772736048
92.75 97.67464946824704 441.1997980733757
92.75 96.10684950661019 440.5130808222512
92.75 94.73950281173076 441.6021386329588
92.75 94.46385939684652 439.8531570425347
92.75 93.0624540111108 440.970233474194
92.75 95.86953187340966 438.7287119907568
92.75 93.35491607381407 442.7354117414001
92.75 91.6903461917191 442.1043872913293
92.75 92.78066690211276 439.1791327758481
92.75 109.8014112721674 263.8476924595187
92.75 126.4169806588959 287.5512838190635
92.75 -40.71867863521892 507.8979704787304
92.75 96.22827696426558 416.9002859852053
92.75 97.56708872126069 414.5116985227534
92.75 100.2917523575723 414.2981499668019
92.75 98.74011811688307 411.989616753524
92.75 37.67688338885975 473.5661043859619
92.75 -122.9744419669942 280.0848552208953
92.75 -16.02987706914618 343.7385229709885
92.75 -19.1867781050598 340.5141004579974
92.75 -12.89086274729209 346.9578810664178
92.75 -99.67310996920352 490.7929310650006
92.75 -102.0905332702272 488.3264811100518
92.75 -98.73075692757163 487.4513990049643
92.75 -101.1741746589563 484.9574567853916
92.75 -97.77606980913072 484.0721232666215
92.75 3.083540705902768 492.1058008137812
92.75 95.92930067587125 412.2161263495976
92.75 1.685772344915455 319.9828450774521
92.75 0.4542957718242577 324.5294260683173
92.75 -4.075580021563196 325.7376611421227
92.75 -17.85227748571245 335.8991694763694
92.75 -53.71811931754085 506.6687173496275
92.75 78.66285439487976 449.4257032336054
92.75 85.77244889306465 449.6199460006737
92.75 84.18245476831891 449.0961932453244
92.75 85.67562570225574 448.0029995940426
92.75 87.04401665433602 447.0962383541805
92.75 1.772429647027934 491.0855212670315
92.75 2.77968648971646 493.8001538369151
92.75 53.44104463078003 413.6026104905391
92.75 -29.91756133277259 503.65456337205
92.75 -31.21647392386836 502.6041601825524
92.75 86.56370959498545 429.6899192718679
92.75 85.85367519437234 431.8606058747334
92.75 88.04798327962958 431.3768970051558
92.75 87.36055888177174 433.4774584615337
92.75 85.2356150421641 433.9472525833675
92.75 -23.33778353934485 428.3700424115688
92.75 -21.63382318206553 431.2940944187789
92.75 80.13613758896088 450.5213637020645
92.75 81.30997058412034 451.6883931048724
92.75 127.0460114458186 403.031382147852
92.75 123.158121300678 405.20820478908
92.75 123.253817889839 400.8187495853685
92.75 17.4923229835794 425.2202551656849
92.75 20.45170596765298 424.4564424001209
92.75 21.3010112017934 421.5318445176042
92.75 -43.63822870406506 475.9731251132042
92.75 -44.00674925190396 478.4631519781001
92.75 -42.03465722432949 480.0034873330951
92.75 -44.33956097491052 480.9218537918871
92.75 -42.40173415606316 482.4337940020365
92.75 -44.66277606542453 483.3339219647069
92.75 -43.27704664052937 473.4650364925178
92.75 -40.14808749073085 481.5313127167051
92.75 -40.50663617044435 483.9010636241595
92.75 19.34163968347363 474.2296133185655
92.75 19.67474837769067 472.3964729641296
92.75 19.01845381492378 476.0507465512458
92.75 20.68520644377974 476.9649121763571
92.75 40.0635316170068 368.4447038434841
92.75 42.1478103466942 364.637130679638
92.75 44.33920286749244 368.3109638085344
92.75 46.41154204751577 364.5843563065318
92.75 26.76736624652861 477.9614827092193
92.75 28.00627087208226 479.0324067697275
92.75 29.54074024213003 478.1905378969466
92.75 80.19551269218653 437.2447849724494
92.75 82.16382742503818 436.7283614457402
92.75 78.22629073493175 437.7606632613316
92.75 -26.14036832706159 426.2277305822268
92.75 -28.35752763976588 423.6047014029924
92.75 126.9644445571554 397.2317334267145
92.75 -40.90282119091941 497.6197136820819
92.75 2.52600385556841 444.9657549073842
92.75 4.987975678516174 323.3173403176469
92.75 3.765488342416053 327.8296748672241
92.75 7.377435430122543 331.1033096587386
92.75 2.891304831471019 332.4236289276358
92.75 6.255019245874095 335.5711682368697
92.75 6.604591631358094 340.1940241233088
92.75 10.32778473180399 337.5878377118257
92.75 -109.2386963352002 558.4025364565604
92.75 115.1242990384262 425.4750364934798
92.75 -20.84673203932223 486.5537563756359
92.75 25.05904273865154 382.9910775153573
92.75 23.99019390180985 386.7843272106382
92.75 26.73519174168548 389.5793109794371
92.75 22.96866497315942 390.5330317733837
92.75 25.66900824332338 393.2830626026525
92.75 21.96449387536216 394.2198516546164
92.75 24.61852477920232 396.9220559511248
92.75 26.12025459169671 379.1673250516905
92.75 20.2335914689949 387.7741826406236
92.75 29.36461029057462 392.3415654114862
92.75 31.37621102187068 479.1334335075239
92.75 -79.80186646891669 337.9425176339935
92.75 -122.8734814163576 440.7607232365066
92.75 -119.4450686843859 444.0764386856998
92.75 -124.0188895944727 445.3753904526753
92.75 -120.6126535173154 448.6672425428524
92.75 -125.1519283211919 449.9560229273943
92.75 -121.7727441412585 453.2196203127497
92.75 -116.1131258878565 447.367734402538
92.75 11.4577086964058 489.9932832610447
92.75 55.33581666491197 465.8469118608299
92.75 53.96938015779318 465.179315383107
92.75 52.64994003644091 465.8910361690006
92.75 52.68759731809708 464.3819502346496
92.75 51.3406417708978 465.1033515179444
92.75 55.220494024101 464.3507448507415
92.75 -122.7817198996755 312.6228717308007
92.75 127.0446429115351 387.213460919316
92.75 -36.83332175631837 502.9790892816382
92.75 -112.9155637463348 575.0476345770745
92.75 -113.7202938034678 438.1326776362233
92.75 -6.538433698560261 407.9941333781107
92.75 36.1697612449023 474.0798970295994
92.75 90.32556004467452 431.0991230750811
92.75 117.5778572960292 421.057187380817
92.75 118.5837357679413 423.3592246241742
92.75 121.1048205365968 423.2406284543633
92.75 75.19274817512702 421.7013201682988
92.75 -87.25843372671055 451.4572786313312
92.75 -110.4696452732095 563.3508593579295
92.75 62.70633907702123 316.621029652007
92.75 -104.0832628494885 507.2196436121804
92.75 -100.9351626339474 506.2968510933881
92.75 -100.1354590845578 503.1560831339806
92.75 -101.7265676478121 509.4282356097701
92.75 -98.67614902480483 508.5334784071937
92.75 -99.44287074946428 511.5667033739286
92.75 -96.48878940238201 510.6999033064903
92.75 -97.23124018285554 513.6368083379369
92.75 -94.37157962166927 512.7974332404618
92.75 -98.06333781688409 516.763426173868
92.75 -95.73734532643445 507.7537370611946
92.75 -106.8885683334643 570.7963473282798
92.75 20.12406332862107 483.7941766906227
92.75 18.5781744482815 484.3691458956957
92.75 -55.45104537545203 517.0624662097109
92.75 -54.21616280582692 518.2755844211605
92.75 -54.64423127249434 519.9304347728247
92.75 -53.02518217140549 519.4664518620123
92.75 -53.44089668955092 521.072627073135
92.75 20.98068528224207 397.8405817643095
92.75 23.58370770641016 400.4867728823507
92.75 -119.2011851839898 580.383206650665
92.75 90.67600896858555 398.5437566108877
92.75 -126.2162823385296 304.8313078146907
92.75 115.0603920980623 353.7218228107848
92.75 -95.09039605774049 515.6394683853498
92.75 -37.64453635387342 492.7399189179088
92.75 34.55827726591411 459.9320629162783
92.75 36.4513923552912 459.3249725222462
92.75 57.94502331825026 464.4679375338828
92.75 -128.5693469243991 502.0565413115667
92.75 -9.888261506548949 499.2023139495524
92.75 -130.0185981157099 585.5761881254771
92.75 -127.7403444568613 587.0734942398602
92.75 -127.7461610681274 589.6616097646131
92.75 -129.881375231072 591.0383801267357
92.75 103.4352908934204 433.7864349340794
92.75 80.67437023004332 435.1106012678634
92.75 82.76215709986725 434.6829397269787
92.75 84.21265115660428 436.2174632984252
92.75 35.71359578350597 425.8080829323042
92.75 37.43196544401606 428.1149521492745
92.75 40.25472759886866 427.4386730913893
92.75 -74.04945645828307 443.3593318232064
92.75 27.54565593806418 350.5060042819824
92.75 24.41187257427251 347.3377441749544
92.75 23.24659175536551 351.6243154551307
92.75 20.13295559046867 348.4762173642643
92.75 18.97422472954399 352.7360885008721
92.75 5.235140027154822 472.5480293785585
92.75 9.482371122078597 260.1309752943577
92.75 -73.08402672614311 439.7302810039374
92.75 -72.1309595166114 446.588432248999
92.75 -68.4863985373571 446.7901089444861
92.75 -70.47948728529934 449.7759986477245
92.75 -70.88824232591844 436.6598304407038
92.75 -74.62736929628602 436.3062182418229
92.75 -94.62150379902914 366.3618819065649
92.75 -89.10132277565449 551.9519060167939
92.75 -89.63825326020533 550.0069055544797
92.75 -88.14579329894781 548.600308044541
92.75 -90.12701030985986 547.9932328778012
92.75 -88.6033779793992 546.5572233223905
92.75 -91.66826768255862 549.4334773579596
92.75 -92.17585134239178 547.3454941542979
92.75 87.43569172800731 427.4975251751999
92.75 -20.56499003095459 501.9066551408355
92.75 -121.2103698051199 581.350339481152
92.75 -107.6284322264984 565.0466010045729
92.75 -86.91025942787751 534.3616753478663
92.75 -84.75914863734496 518.2107684260703
92.75 43.18656797972305 471.9993824794336
92.75 -129.8589290022088 573.6908205099786
92.75 -127.3267745440219 572.2078973253309
92.75 -127.4197354767168 575.2827295129023
92.75 79.21127159739301 447.7464326157553
92.75 -101.7930068039677 564.8994374884415
92.75 100.2038238239465 437.7741276346957
92.75 98.37853709100467 438.1230345713648
92.75 97.13893294575773 436.7402202258237
92.75 102.0246307369734 437.4235199071548
92.75 102.658264982856 435.6933378889284
92.75 -64.05312069941515 525.8181377271462
92.75 60.20094499995812 460.1650601336087
92.75 61.33983889997778 461.2319926353409
92.75 21.66823976014708 483.2214573765896
92.75 -36.09089490403643 495.6495107651999
92.75 -17.6739559811177 488.9365485968923
92.75 0.2449948762414469 490.1927462530132
92.75 79.39779078219534 381.7129890291166
92.75 74.20272288177171 385.4487743230207
92.75 56.2458278158234 441.8592404859631
92.75 55.78356931697571 443.9490802315449
92.75 54.20034342499385 442.5028372018871
92.75 53.06985676371983 440.4439994918274
92.75 -68.5944869884693 520.051317863955
92.75 22.06655161461282 355.8545089157487
92.75 -1.103803059720871 489.1386455939575
92.75 -2.704203480227442 489.7944456505364
92.75 -22.45271662381972 504.2704700536594
92.75 -95.30335816824079 486.7097471776852
92.75 -83.52473819040983 513.2031635891891
92.75 -105.4811120358659 480.4948306186521
92.75 -126.9103932817038 327.5989465584354
92.75 3.405184888596616 315.3690484803426
92.75 24.24472620404888 428.8297875225003
92.75 26.29022440474341 430.8446136009405
92.75 -41.07978293270057 463.3684448407069
92.75 -45.47070062854608 404.8551690715365
92.75 -121.5467471154284 302.2197427387397
92.75 0.9500909120626924 307.347785467156
92.75 2.224731020953135 302.670628292026
92.75 62.30399446516529 458.0363954809919
92.75 7.613030149746502 403.7362727683722
92.75 6.617527231878239 407.2233489511691
92.75 9.238491802804356 409.7510828388763
92.75 82.48632207038993 261.3358725843299
92.75 -86.02768291546121 523.2427760566219
92.75 -83.67487208388395 522.5284991528047
92.75 49.12532281923863 463.7195413579647
92.75 83.55082327421168 432.3550098444935
92.75 52.3456939999386 462.6718123619229
92.75 -119.0044623315707 264.7684017970657
92.75 -113.9098491157411 263.3659206775752
92.75 95.05556751786483 435.5053493134962
92.75 -119.0385281286703 555.4757482530322
92.75 -90.19437925043249 530.928388934278
92.75 -91.91659631491001 529.1795498628247
92.75 -91.3044312208052 526.7770226159575
92.75 94.38452055401753 437.3892548426284
92.75 73.23633019542207 440.6617119598246
92.75 -107.3071997662206 487.8255709497254
92.75 -67.53620068952739 516.0451941734474
92.75 -66.13461935733342 517.5315365836049
92.75 -65.57680948233588 515.6015385672678
92.75 -67.01593928085859 514.0291510836194
92.75 -64.9977880094614 513.6268118693322
92.75 -63.24187464384013 514.7340426027798
92.75 -61.40325020558944 513.9380155462474
92.75 -56.34666259538435 520.4508175184923
92.75 -56.77243451425121 522.0944002120684
92.75 -58.3852503987366 522.5609390880351
92.75 -70.75776930528139 527.8824773186899
92.75 -23.53184721594869 300.7914594718321
92.75 40.43838265094959 446.7047205240463
92.75 39.91836840803495 448.8858030135643
92.75 37.80237480052846 449.5369106357896
92.75 -36.51606542461931 514.2646608265813
92.75 -94.91993464366156 551.8723688482379
92.75 -93.19214592185321 553.3849687888738
92.75 111.0448747411139 429.704676815264
92.75 87.11298868660754 385.7029198111295
92.75 13.90227936637856 455.2056319321948
92.75 11.74389223104732 455.9934182074138
92.75 12.13028851373235 453.7013900116885
92.75 -127.1154603891535 369.5595338684228
92.75 55.67623406323754 371.6711513599053
92.75 -97.9742048749177 362.8272815345442
92.75 -89.07120521154286 543.1701972737841
92.75 -100.755231349588 560.3915715224716
92.75 -98.55106194814908 559.6292612557713
92.75 83.01861916650653 451.8240525018053
92.75 -32.60693805282097 512.5997331392126
92.75 -32.64289132946624 511.120061233672
92.75 -33.90618466222661 511.8910296649057
92.75 -115.9389472324857 570.0072015830724
92.75 -93.4940451517449 544.8048019400132
92.75 57.69639406732578 438.9985032556519
92.75 55.53491109885719 461.6358514012576
92.75 -21.6905714387843 391.0386204602165
92.75 -18.93876890933228 393.8116381767572
92.75 -19.96081657996601 397.5579938752346
92.75 -16.23710317868194 396.5612736161571
92.75 -15.21288919203527 392.8528437394734
92.75 -117.922304805376 549.5019395737643
92.75 -115.7082014196347 551.5060364345319
92.75 -117.3819879432745 546.5177038563529
92.75 0.5212293525407103 405.5518828810874
92.75 34.82905832626273 473.1103169751644
92.75 47.32783126050917 415.0291276360182
92.75 94.53484325583818 414.7817798939687
92.75 -2.479968602636376 488.0609721531071
92.75 -4.405084199730106 490.4986304041836
92.75 -5.929836453640529 489.55290837406
92.75 -7.735970524601896 490.1129177863101
92.75 -8.106821862785337 491.910216630582
92.75 60.67576046561126 431.8506729975798
92.75 -98.4342555433962 440.9157097395084
92.75 -94.74554119329255 558.5600405690301
92.75 -105.4971349114996 549.5260016323172
92.75 -103.5415255697508 551.310085200239
92.75 109.9013894394207 419.4018378301161
92.75 33.55069119170889 423.8333008791655
92.75 -14.14425570613648 454.722355118393
92.75 -40.82082108183344 362.2820628799683
92.75 -41.9305827526842 366.5410206199257
92.75 78.90450651371151 453.7766773000021
92.75 35.61325540549211 438.7040936270174
92.75 -20.2705792323539 500.2356740368113
92.75 -36.64255315621975 510.8452256119022
92.75 -98.05358563796267 478.1463984806707
92.75 20.69874692069146 478.7336168172421
92.75 41.21090281279575 416.4860056256984
92.75 30.59861079934776 440.139549941463
92.75 -48.85980029438377 508.1731639251223
92.75 -49.08348217256007 510.0211745861073
92.75 -47.45046159188242 510.8164302950783
92.75 -47.48028533133061 512.5666459047575
92.75 -46.03744253959429 513.4980097028654
92.75 -47.55017338122585 514.2582023032943
92.75 -48.97641205735281 513.352054133739
92.75 -46.14671327823515 515.1657797881708
92.75 -46.15517500014367 516.8496729701792
92.75 -44.77180698788413 516.0146566733101
92.75 -80.61796863440206 533.6351414986777
92.75 62.35730812339064 419.7132027286466
92.75 64.10601516724525 421.8406676366208
92.75 63.24618897061969 424.3980071650639
92.75 -98.38359273355364 537.1620334619741
92.75 -97.84115842195652 534.5852247442357
92.75 -96.52048049672135 538.9438756964344
92.75 25.56663511688317 441.5807513699861
92.75 -36.9548832668681 449.3642590640197
92.75 29.13074441552745 430.0857624785684
92.75 64.17251269934577 414.151858400245
92.75 68.13320262872878 402.1232541889342
92.75 71.32963128321563 401.3447196917993
92.75 72.30418745389969 398.206173197898
92.75 74.55847803479719 400.6267362588546
92.75 73.55987746996239 403.7551477021213
92.75 70.16947523607573 404.6270754200984
92.75 69.14317583445221 407.6252404224372
92.75 -85.7137139608012 312.4013742038313
92.75 -89.24422682968522 308.7796129296625
92.75 106.1383019254584 260.0787586131717
92.75 20.51706580527595 443.0263566759099
92.75 -66.94379077611471 431.1512677231702
92.75 60.75319554501144 394.8052321482445
92.75 -129.7291100251666 564.293184398605
92.75 45.95066484177461 464.7400775955999
92.75 -116.5472105332525 494.8221821347619
92.75 127.1010328337284 376.7692912233603
92.75 122.8018570674741 379.1943845222723
92.75 126.7335956162841 371.5264559003077
92.75 -25.52196049218183 507.0995049482555
92.75 -26.9515253083588 507.7522492123364
92.75 -48.58883825023962 506.2437062793463
92.75 97.7099485284795 406.0527176335351
92.75 -129.0018967533883 510.2229269936659
92.75 -98.06171902064818 557.3415100262772
92.75 -23.6628306452241 494.3598649105976
92.75 96.51151990463882 431.5486305948352
92.75 -93.54283923338768 473.5520788596421
92.75 -94.47389553032838 477.0843080069042
92.75 62.25539854380074 447.4432487437401
92.75 61.80281480440456 449.3384467904887
92.75 63.27739036648616 450.5846729894363
92.75 61.50377843397718 451.1877724904053
92.75 60.06656676704668 450.0065350760725
92.75 59.76411047742261 451.8394801590802
92.75 -49.42552717967704 437.9773812458075
92.75 -50.36737260691955 441.2555329489924
92.75 -46.12913300377189 437.1274946378502
92.75 -53.61103873576828 442.1464343771755
92.75 -51.2278170445589 444.4731090873585
92.75 -54.41069368906123 445.3494328091365
92.75 -52.6930783810983 448.3188750156078
92.75 -53.97125128961715 451.3364019259689
92.75 -50.79634960570277 450.9017665312288
92.75 -52.01526694735737 453.8111282840327
92.75 -55.115975908231 454.2515266846831
92.75 -53.18696052962211 456.6973617804893
92.75 -48.06151748471044 443.5960030135017
92.75 -56.31119732945832 439.875549152799
92.75 -35.16492835009063 502.2953309340708
92.75 -33.73490794587426 503.3712603943119
92.75 -2.023943392005298 495.8103080086127
92.75 -0.7039335784233568 496.7836676287187
92.75 15.89426615847916 482.2590721161648
92.75 17.14206791463057 483.4263008834345
92.75 16.80878386110602 485.0723694039399
92.75 11.98787508947026 330.2926936749596
92.75 -13.1960953183569 479.5638504098822
92.75 -13.59837362602573 481.6238021997997
92.75 48.76196442468088 432.7085726783873
92.75 36.93565163871061 457.3381636644842
92.75 38.34787239149001 458.7347948725453
92.75 37.89799149338197 460.6313135760183
92.75 38.83554156733485 456.8293744521672
92.75 40.23039973647427 458.2014881377011
92.75 42.16256559748196 457.6096244077736
92.75 41.6811479455022 459.4877679505661
92.75 43.50073857981797 458.9534051673797
92.75 43.98255170477217 457.1354180298535
92.75 -17.66652875775909 455.2602150033833
92.75 30.43184467586469 388.6930414022303
92.75 6.515240452318935 489.1943179485032
92.75 7.749228578617064 490.3197273507512
92.75 -56.69240824328412 515.8276748397398
92.75 9.750002462494225 481.3260517350306
92.75 9.442173158962659 483.1235574156836
92.75 -59.4220482091059 429.0427730820841
92.75 -129.1058352192912 518.1738648756716
92.75 -125.8984464669628 520.2085562943969
92.75 -125.799222132594 516.2449263487454
92.75 84.95034993606197 444.5731681752513
92.75 86.72566749356503 444.1594851463153
92.75 87.27822612982345 442.4333211486303
92.75 88.49027052621869 443.7728272433935
92.75 87.93691507780483 445.4673778810905
92.75 89.65071748308858 445.0893955739937
92.75 90.20151532939339 443.4342089130631
92.75 -128.6621035822427 484.8712352445943
92.75 -30.36062950573415 493.387378126412
92.75 -19.71829094258446 483.7796252763919
92.75 0.9707534838631537 460.3269125286246
92.75 2.792074802230229 461.8614051072395
92.75 5.0159792059974 461.1310228361257
92.75 0.5811624389642533 462.6374547457796
92.75 -1.640779845261019 463.4308523152615
92.75 0.1436556576759742 464.9202179675586
92.75 -2.019282568037602 465.6980079640193
92.75 -3.788987369989461 464.2373814687496
92.75 -2.73738713496512 468.0031704642407
92.75 -4.872795167994015 468.8458879195061
92.75 -5.582130923573103 471.0190990687004
92.75 -4.055464033271863 472.606122889116
92.75 -4.585556686574833 474.7016532017167
92.75 5.531160246551508 458.8611679427784
92.75 7.809714975141143 458.104324323006
92.75 8.383594663522345 455.8025818570459
92.75 7.308648456182547 460.4041448227641
92.75 4.525450123875824 463.3883541115883
92.75 -129.2066426079125 525.8852389935149
92.75 40.33702703031593 419.4144773998917
92.75 42.24752575711488 421.6876330452723
92.75 -129.3057267978567 533.3620073576434
92.75 -126.1912482370202 531.5449048596575
92.75 -105.0152926100659 546.8830392437789
92.75 -102.4955947751878 545.9336999959319
92.75 -101.9901225490612 543.3389978247545
92.75 -91.19535481286471 551.5856673008329
92.75 -41.80709383886625 514.6570962584897
92.75 -43.25057689737147 515.3198401563594
92.75 71.39448157510785 456.6572396250428
92.75 69.93849901010827 458.6513190144453
92.75 -118.7519388313141 575.6644265190317
92.75 -5.115272958521895 497.0762770918054
92.75 28.32148864614181 395.9708733623468
92.75 13.39518194831921 487.8870738974793
92.75 -31.05216267515176 497.2595110660606
92.75 -101.8184636405048 453.6107404346204
92.75 54.58433873282296 428.8639559428907
92.75 53.87656826315953 431.3561620627903
92.75 -129.4018253346294 540.613498902389
92.75 33.67392945197086 365.7757390943193
92.75 -71.05532841286406 500.3939480951478
92.75 -68.57868739283549 499.7473296302632
92.75 -67.87377114605356 497.3153100811814
92.75 -66.14496124338551 499.1345714397943
92.75 -65.45176161154623 496.7447783775045
92.75 -66.84196259141098 501.5057145774369
92.75 -64.48775519566779 500.9097237330341
92.75 -65.16095535653344 503.1981749561992
92.75 -67.44402629491394 503.7847500092528
92.75 -62.88999516302589 502.6229855233733
92.75 -63.53961801441261 504.8288395140229
92.75 -65.73992738432526 505.3951993473068
92.75 -67.96277813283069 506.0404897210078
92.75 -69.66640082512802 504.4611896171714
92.75 -67.16020083826163 494.9183456228728
92.75 -64.70773365046927 494.3365664449206
92.75 -63.00521503459338 496.1816086332315
92.75 -62.27355443675908 493.7984431028135
92.75 -63.95969642650327 491.9457652557504
92.75 -61.49684720962898 491.3979266375618
92.75 -63.20771282741373 489.5164832628109
92.75 -60.70540483290308 488.9596408089158
92.75 -62.44393577019907 487.047914347094
92.75 -59.90157355863295 486.482257367484
92.75 -61.66778829276517 484.5401424100481
92.75 -59.08480698923409 483.9652860481566
92.75 -60.87938769185079 481.99219789584
92.75 -64.26655288364137 485.1098265566486
92.75 -57.32354407392383 485.9278299821399
92.75 -65.72579374556582 490.0680411385607
92.75 -58.25660730009557 481.4093589084412
92.75 -60.07750037209409 479.4080111337787
92.75 -62.75384023674621 479.9940365978841
92.75 -57.41745503278078 478.8168415743749
92.75 -59.2640781082247 476.7879147484949
92.75 -60.59668924237462 495.6171580528143
92.75 -61.3216085952248 497.9447551210433
92.75 -63.66776650002551 498.4996712740605
92.75 31.32019616803592 410.3442813406724
92.75 28.0762573592979 411.1861967965563
92.75 26.99149788415898 414.3695268954761
92.75 23.8095895345093 415.1805581567773
92.75 21.47262560729293 412.9010640786181
92.75 22.68988972544706 418.3272040422081
92.75 61.92609678256871 459.6082257058729
92.75 1.084628974375977 475.9937561098025
92.75 -0.8184676957201391 476.7499687865791
92.75 -2.442221638928178 475.5139939022789
92.75 -2.700474743283062 477.537857752319
92.75 -1.084114722176969 478.7571173411495
92.75 -2.934947540292686 479.5297217563179
92.75 -4.538303685119992 478.3312497489086
92.75 -4.774704306305143 480.3192623297102
92.75 -6.379607222241118 479.1203565949837
92.75 -6.616454749843397 481.1110564337774
92.75 -8.22374594220458 479.9103860975355
92.75 -6.1500138870222 477.1132860026963
92.75 2.656175615260467 477.257706648071
92.75 -129.8499490150678 567.6359233848506
92.75 -13.93352703079977 469.8745894738847
92.75 -14.4036001737329 472.1587446258194
92.75 -22.7532321162225 464.6031328456616
92.75 -128.3540952140233 461.8930145695439
92.75 -124.3057198062793 459.5312109845931
92.75 -124.4330395167207 464.3755750090984
92.75 48.56969456224861 453.5559982370124
92.75 48.12979393254913 455.4585282592055
92.75 46.30752237183378 456.0632517064882
92.75 49.95691840705993 454.8788720619627
92.75 49.53469815371929 456.7174509001318
92.75 50.51440190205408 452.9171383596807
92.75 44.85348045247278 454.8171135154417
92.75 42.95612649626687 455.4270705934478
92.75 33.61401232372819 412.7154938526422
92.75 127.1856177170232 361.1030366794269
92.75 23.8861483156906 457.9721226269862
92.75 81.14997446892036 410.5065439679249
92.75 46.34008287058229 312.0449857593497
92.75 -20.85065072745246 456.8945230166755
92.75 -20.21962661946582 459.4985787336476
92.75 -129.4937612056796 547.6486794802396
92.75 74.72217616436799 447.2508429060516
92.75 76.10756819044347 453.0780009235338
92.75 -13.74446065703075 409.1666577454516
92.75 24.25009607402103 467.1005513757577
92.75 -39.36401795419215 508.9258496600404
92.75 -39.70402802332034 510.5577013309078
92.75 -42.3615745612983 508.5115480834593
92.75 -27.90421232717486 412.8996625553247
92.75 -25.33936671815163 415.4630033373151
92.75 -21.87140490230035 414.5290420948359
92.75 -28.82319105314564 416.3840268248819
92.75 28.37943867463503 463.8378667277243
92.75 -87.24180417978653 490.7326838332185
92.75 -85.1102864853228 493.0341004044
92.75 -85.94768325086844 495.9932705983965
92.75 -83.02351415428681 495.2226927346327
92.75 -82.19993986663427 492.3482928183529
92.75 -83.83283525739044 498.0850716317957
92.75 -86.67973983548363 498.8483677625836
92.75 -80.15441586943224 494.4895626107041
92.75 -84.60204178313695 500.9068935479597
92.75 -81.81866381069523 500.1498697646265
92.75 -79.3450801092545 491.668751279879
92.75 -81.36353963183913 489.5255145356089
92.75 -78.48375415971503 488.8354791860315
92.75 -80.52652320752374 486.664459899639
92.75 -80.96634262686203 497.2927548942214
92.75 -78.18303101702602 496.5797424974742
92.75 -32.18040111842953 509.0528260512064
92.75 -33.65449536677381 509.630273371244
92.75 -129.6649593926724 557.8399191366486
92.75 -85.46891785410622 484.4398712671099
92.75 -82.32913484472056 483.5889919880078
92.75 -81.46929082213013 480.4859233875717
92.75 -79.24378462671127 482.7732629067413
92.75 -78.39787917707288 479.7238827376195
92.75 -80.59634378943861 477.4336478413724
92.75 -77.4993300094674 476.66103541796
92.75 -76.20970203401771 481.9729065760764
92.75 -77.57629514364258 485.4799799566288
92.75 -79.72222305345247 474.3440674540614
92.75 -76.58780083057252 473.5617138052275
92.75 36.03248509106815 448.0553610337427
92.75 33.84849684379758 448.7252145572446
92.75 33.28856542018236 450.938298304903
92.75 31.14619199858377 451.6085494243007
92.75 40.65236818888805 437.2599701701631
92.75 43.09216788886398 436.557992586577
92.75 44.91921252952868 438.2574781389945
92.75 44.50728797361099 440.6292636198502
92.75 66.00824086320885 408.3269119644621
92.75 68.00510586807589 410.6211296391135
92.75 -1.197101202670056 299.2126588735464
92.75 -16.99430835277039 426.5040756688499
92.75 -14.57287963763099 428.7119896416146
92.75 -96.27792885440942 432.4967252841569
92.75 6.253648604271181 441.3374447454717
92.75 8.908875451076121 440.5914415554481
92.75 8.217712062174339 443.2297407267343
92.75 10.81399654576489 442.5002147076967
92.75 5.618921153637226 443.961669345837
92.75 7.54389045377347 445.816871938125
92.75 -46.05582190033809 418.7273166671217
92.75 70.24335881972213 445.1290306515957
92.75 68.79026110561098 443.8347103405767
92.75 -114.5747779787512 545.3753164002495
92.75 29.88170621727747 465.0797650345771
92.75 -116.9243252561238 578.7900295158244
92.75 -72.5572764478292 521.3099840454224
92.75 -99.00959735265425 561.8711963483917
92.75 -16.53759770289547 359.7289793638269
92.75 -106.08942957875 469.7926127549121
92.75 2.782553442793267 484.0824954556624
92.75 -40.65931986380487 516.3974237186191
92.75 30.01309697728694 470.3525998011686
92.75 -20.03342512740058 493.0208651908638
92.75 -14.41103631878499 500.9094892882399
92.75 -15.94483088265073 501.5575613410681
92.75 26.25901078871237 473.2963361232925
92.75 -80.45698377018508 416.4468629431967
92.75 -77.48473628902839 419.4285450847228
92.75 -81.5364991713912 420.4952249416668
92.75 -59.6696467620075 461.3327623376925
92.75 -57.55886111048614 463.619514033375
92.75 -58.40536035507122 466.5602911872148
92.75 -55.483710582792 465.8090641546738
92.75 -56.30570335211527 468.6692044887652
92.75 -54.648292853102 462.9391562203338
92.75 -59.16318411727985 469.4144660775099
92.75 -57.09456088231381 471.495273069624
92.75 -59.91484865596728 472.2303882967124
92.75 -62.67538527952325 473.3207860418848
92.75 -56.64681762916224 460.5350459720653
92.75 -53.64001068053 460.068239384762
92.75 -55.01640843194791 521.5275058887268
92.75 15.22062264234643 485.6609864361648
92.75 -4.499526524912836 433.9552928480437
92.75 -13.92157884054038 439.4598563580628
92.75 -14.63543622847627 442.3492651206406
92.75 -12.66418703697284 444.4732120461128
92.75 -11.83481615335514 441.726729272724
92.75 7.757429958380753 469.5933740340506
92.75 47.76154714350078 457.2828440963718
92.75 45.99868152433996 457.9080148244474
92.75 12.47612638310582 475.072412269444
92.75 12.15213995109382 476.9656085240598
92.75 -102.4557859858701 500.746632947916
92.75 -44.55704757845753 514.4257113893362
92.75 -44.45010015656705 512.8299318305512
92.75 101.3771646584201 396.30591732814
92.75 89.24599866162582 377.4973040084785
92.75 -123.5955747071772 584.9235594598294
92.75 -49.76246245447993 455.8835587604185
92.75 -19.57445080701314 451.5517386459385
92.75 14.27671864527122 474.3798491962383
92.75 -22.29108673466991 296.0374816640611
92.75 -53.45002597429337 420.6462979091561
92.75 -57.14538764260099 421.6688485292153
92.75 -13.15075471894701 493.9441881428063
92.75 103.7013260463546 412.5382109284193
92.75 43.2473898866424 467.3954879412385
92.75 -11.06170657365483 438.5923022115972
92.75 -92.09591232842557 387.1891618543258
92.75 -5.83209509354327 449.7372294387068
92.75 -6.446945081463909 452.3276265567465
92.75 -59.71965881520651 521.417307502903
92.75 -60.00513054138078 523.1007214723276
92.75 -61.39685144503849 521.9130556770724
92.75 49.4233898735211 384.0380986674077
92.75 48.18251633938193 387.6978152530235
92.75 -127.9139796329597 421.3880206485674
92.75 -127.9476640215015 416.1521306138079
92.75 6.288291987308571 482.6841823685762
92.75 -12.41079140171599 462.726619620033
92.75 -12.89628693484667 465.1396246548418
92.75 91.64507277633031 369.0718796089337
92.75 32.80141556875598 467.4830937837194
92.75 -113.2741248727098 566.6877251575232
92.75 -126.2402609975507 543.2499254715158
92.75 -86.14351827146363 361.4245933363023
92.75 77.54010571816107 343.1597338795548
92.75 -79.91651753428633 464.5537675056617
92.75 -76.541509613739 463.6361191385296
92.75 -75.62495768654837 460.2940332020377
92.75 -77.44841247706259 466.9659067317839
92.75 -74.16432040876654 466.0719678463955
92.75 -75.04641210786302 469.3108060004786
92.75 -78.25663154496102 470.1965025094364
92.75 -73.16866626906939 472.3965902710447
92.75 -73.22124469734717 462.7499636747152
92.75 -72.3192244824093 459.4628539183466
92.75 -74.6939431170233 457.0075223530802
92.75 -71.36797870846215 456.1667972779878
92.75 -73.76384538385535 453.6878200209695
92.75 37.94268422508201 475.2256175155018
92.75 -10.62348620529696 424.6099901937051
92.75 89.80973390168975 440.0993068214963
92.75 38.84175703972956 405.5125944455777
92.75 37.55320249634658 467.5021129272893
92.75 -13.10643494604817 501.9098281327547
92.75 -16.50987335397229 385.9858212268074
92.75 -12.62260184931787 384.951304189928
92.75 -11.54821060824378 381.0765080499066
92.75 -8.727626775266508 383.9449406063648
92.75 -9.808349643036449 387.8028013998095
92.75 -5.955105554637393 386.8019262737853
92.75 -7.021546618685882 390.6139530556139
92.75 -4.866404056585796 382.9716415641324
92.75 -2.089583695691077 385.8307774433941
92.75 -0.9969922910449918 381.9916368189281
92.75 1.787580756530244 384.8591480695455
92.75 2.883673371230144 381.0089857153397
92.75 0.686890536478723 388.6884651125446
92.75 0.08662899258205448 378.117003526712
92.75 4.009588152145655 377.1214297093808
92.75 4.531499636410084 387.7207023730468
92.75 3.441589597205546 391.5114185486783
92.75 -10.82577792673943 391.5983257573345
92.75 -8.07920316299696 394.369657155328
92.75 -4.326949299589161 393.3995648972908
92.75 6.825101380016368 380.0436810771772
92.75 7.248635231296324 390.5539796151313
92.75 -50.76292512185411 510.7549723987107
92.75 9.96927043204246 486.3029654286645
92.75 -20.78768769113806 410.9693183426388
92.75 -18.38955150422494 413.6442280311964
92.75 -80.94345931287093 468.0409376080451
92.75 -28.92198257143431 506.2923055828011
92.75 -61.48689938349828 467.4457110790555
92.75 -11.48257453943343 427.80830133861
92.75 -62.43691434419814 390.012238678733
92.75 -58.07695101330123 390.0168948674572
92.75 -57.76572646250756 394.3298851930147
92.75 -54.04362079012758 396.372507578407
92.75 -57.65000494734509 398.5315725808596
92.75 -63.65452195718909 394.1902738314883
92.75 21.7505272082886 471.5745757335567
92.75 20.26019058011192 470.4193296045828
92.75 -48.7630765913917 482.9226922052761
92.75 -47.08659109730482 484.7613218861135
92.75 -47.78887669954769 487.1069825899474
92.75 -45.44695329826304 486.5301875258419
92.75 -50.139167676449 487.6953979091161
92.75 -48.56225465873962 489.5217633468445
92.75 -49.27179035651675 491.7769854544829
92.75 -47.00642619828663 491.2504842784604
92.75 -47.69252040911665 493.4352579254642
92.75 -49.89695734337922 493.9535204178228
92.75 -27.31140337088664 370.3097232920828
92.75 44.33606771034847 447.4782368404556
92.75 70.9204288197014 336.3542207575802
92.75 69.642662644889 340.9152179772124
92.75 66.34767450795609 337.5326429256713
92.75 -47.29957516060288 477.966319520529
92.75 52.53709627475337 416.4874906644774
92.75 87.59851159078059 353.4010254916888
92.75 84.31112951405811 350.0784511298402
92.75 79.72203156749202 351.1333572260008
92.75 72.5174994373731 406.7295477157204
92.75 71.2398565965032 382.2780516537815
92.75 -13.59091431138445 388.8229751853685
92.75 -44.27263766242119 467.619465244853
92.75 -41.62202076975351 466.9367220121322
92.75 -128.0821099985455 437.1402457489244
92.75 -35.9264675233054 491.5682176992329
92.75 68.90271089971705 389.5578538884212
92.75 -11.59972317743266 501.2950140216314
92.75 -122.2665876161562 363.0479165381302
92.75 -69.15229425275881 502.1613210444335
92.75 -38.32678657158559 483.0188797383645
92.75 40.5814262481389 473.6423723016709
92.75 63.19347207982283 461.9184892957331
92.75 -108.9191370479827 571.4783558448452
92.75 -62.20421918592772 506.5479410706587
92.75 18.98899228779466 336.4470592423942
92.75 17.86318385352073 340.86680713907
92.75 12.2792049065997 423.8101728178153
92.75 -102.6072831319129 512.4693603779898
92.75 -96.2144850441144 301.1958454724159
92.75 89.06655008325771 441.9796338483241
92.75 27.66603996947556 466.0979093027636
92.75 -3.561632210030912 461.8576764047998
92.75 88.43200644733813 363.249549446051
92.75 -97.29756686844148 493.2448162293763
92.75 -54.85670658808009 503.1365141337436
92.75 -23.34418824068624 467.0487827307359
92.75 21.28454483328261 344.1941041314987
92.75 16.87613174589248 345.3044541884508
92.75 13.58765385057434 342.2444112230282
92.75 41.00612093117905 466.3523058736275
92.75 12.59961893852638 346.6032081510135
92.75 -28.8712150014495 346.9608847243185
92.75 -74.33396471804721 535.4728807437095
92.75 -40.29954988597456 453.9453025170903
92.75 -37.48581354118932 453.2179591333658
92.75 -41.09984202486121 456.7376764204485
92.75 104.4745832247359 400.3644751229227
92.75 35.25901608704463 476.8307537086196
92.75 52.03226935080274 386.814398523033
92.75 -45.86578455105882 472.8984998631527
92.75 -0.09745147711413304 312.0547609556701
92.75 63.4184558550288 298.8408765286849
92.75 -88.35324786558638 402.8091783784049
92.75 -99.18981960085759 296.9178892081634
92.75 107.4110011184908 392.07355472734
92.75 111.5524534801509 392.5646830150009
92.75 -24.30256095535248 373.3118144145382
92.75 -88.98397631987743 496.8027540670947
92.75 -89.55233664248733 499.7635560936872
92.75 -94.65948167120624 328.2561902974116
92.75 -91.19027309652589 331.9308016928055
92.75 7.31878638960679 475.2619361592576
92.75 65.81271741355619 423.8377081236135
92.75 -127.3159188305246 315.4273726177753
92.75 -123.0560034741699 318.5889926484084
92.75 -10.21208811261949 377.0476758250695
92.75 75.45537515436855 395.9721713976072
92.75 -26.3790363915587 338.0651083176547
92.75 36.27416229417256 348.2810944935914
92.75 40.64279285612609 347.1488492371881
92.75 40.0059244235777 339.5650194661839
92.75 40.1354039835028 334.7208726973692
92.75 44.06196937653796 337.2496299751418
92.75 36.54949899138857 331.7209272906401
92.75 -3.211642750359564 389.6246146682348
92.75 66.15184666958658 356.9465718627616
92.75 65.03725279754666 361.2756452154867
92.75 -118.3842866079345 582.3828811752522
92.75 -127.9117693501914 405.4939234439288
92.75 -123.4216696759338 408.1429396447006
92.75 -123.4037395266257 402.9826657619143
92.75 -127.8272977400239 400.3436859463705
92.75 -123.3325739064802 397.8364171810803
92.75 83.21391615548154 412.6028230111656
92.75 -32.36033212275705 484.6054207717447
92.75 -30.27100425784283 483.8318566900944
92.75 -29.87670281295644 481.6488065843324
92.75 -30.65668607021013 485.9984908965631
92.75 -28.19095055147131 483.0804206554087
92.75 -27.79801432472328 480.9094215269031
92.75 -32.69180284002846 486.7490572250115
92.75 -31.59191973150536 480.1459570444101
92.75 -51.47384098287719 492.3225405542406
92.75 -91.28581354311653 369.8699378553756
92.75 -127.9117693501928 389.5998262392929
92.75 -127.9309385782938 384.3349959147725
92.75 -123.4181257037406 381.6855706869282
92.75 -123.4060317464418 386.8742601660911
92.75 -82.58218254871807 502.8379989632728
92.75 -79.88625451463372 502.1512357836916
92.75 95.61922319062465 313.1687664118195
92.75 94.26852474002563 318.0191805527194
92.75 90.7696253286263 314.4315673449325
92.75 89.42530446616603 319.2426423646189
92.75 92.90210361911272 322.8080036943421
92.75 88.08992510490505 324.0227505042132
92.75 91.54289039915824 327.562541209584
92.75 87.26318298235807 310.8422767593127
92.75 84.6355532275923 320.4811501158858
92.75 83.30769321105653 325.2317514378934
92.75 79.87196652713179 321.710538957712
92.75 96.33144224925465 326.3599256485224
92.75 94.9773286056674 331.1029318891113
92.75 90.20755338795983 332.2939395057358
92.75 88.57653520172344 306.0082985751294
92.75 85.82481951775664 315.6277605510347
92.75 65.04749176135068 419.2843818143278
92.75 53.28914187729499 319.012882825349
92.75 65.51899602441473 430.6839803566958
92.75 32.26685954124279 279.8593997722645
92.75 30.94905254718789 284.7644930610076
92.75 122.4980188379824 353.7787281493578
92.75 51.10442880445597 310.8299474251618
92.75 44.4903898209037 388.4858020761446
92.75 -47.43438270504617 431.2866040287707
92.75 72.51803110090279 363.3074801708167
92.75 75.61311525535939 366.4300497828034
92.75 -81.49687553772883 282.7202323914511
92.75 -82.820545269947 287.7318370333807
92.75 18.32936384990363 434.1480694270461
92.75 -23.8970161435695 329.0457177479617
92.75 -57.87861012741378 474.2648582812082
92.75 -55.11385702942301 473.5517676913769
92.75 -47.09963957556245 339.4685439705038
92.75 -49.91706874657679 519.9853150816188
92.75 -50.80981219754406 301.7984443122816
92.75 -45.99740766073292 300.5014713446051
92.75 -10.01176183006533 461.8617421109184
92.75 61.85398269171781 377.5187067562274
92.75 -109.2902080347769 521.0044609528102
92.75 -27.89135232373555 501.9779987128824
92.75 -39.78046515872611 479.1486824205485
92.75 32.58370759495864 460.57267343799
92.75 35.9944184026232 324.0605795504485
92.75 31.4057215873036 325.2557985076148
92.75 28.07464445080497 321.9014964824097
92.75 -34.53319753657348 290.3811352507634
92.75 23.85000000032406 259.0899346400424
92.75 29.1685506720427 259.0792244047225
92.75 36.00779053626583 461.1969053644866
92.75 -78.30327155979278 532.2861967328556
92.75 -76.79643456246453 531.0046154147134
92.75 109.4163686865438 372.0239235841999
92.75 -2.618666363067656 259.0718441565612
92.75 -7.894312166927264 259.0937416696532
92.75 -73.35277870899792 532.1151326033665
92.75 29.29601444218981 317.3283488273755
92.75 24.63749772151532 318.5218462045853
92.75 19.91459761598381 319.2150426512533
92.75 58.54553934290035 404.5101975693214
92.75 56.18936919951625 402.2432714295651
92.75 75.42473772481563 432.3612059840513
92.75 73.26477045017721 432.9320850388845
92.75 25.52676161641577 476.7892134291777
92.75 -123.6370368140961 424.0586096963527
92.75 18.99642238908876 306.9895138231811
92.75 22.3052656787066 310.5209614295616
92.75 -67.76230036284238 315.2992250087776
92.75 5.684635986765214 383.8840845249475
92.75 30.56698625001681 453.7248936364322
92.75 -74.42605746554398 475.8811994876891
92.75 42.70600787277002 330.7756251655993
92.75 -88.31290080769311 353.2970053442851
92.75 102.7343361598184 288.8672131934912
92.75 101.3262951861872 293.8166990801345
92.75 42.02392262099259 295.566600063329
92.75 46.82165933012053 294.3029540943504
92.75 -39.24353190037134 491.308771539679
92.75 97.75295176439549 290.1251219482955
92.75 -33.07732557113629 430.0162402081498
92.75 -3.608585572309057 409.9525029838461
92.75 25.95828409286803 283.2641537385967
92.75 -102.329665766877 568.2823945346349
92.75 -35.10667533374448 387.4187597922372
92.75 -36.11829566847059 391.3536256479769
92.75 59.78170939950793 350.4638778881593
92.75 21.96071701693942 481.6079647894029
92.75 18.26012273607397 471.082752802899
92.75 11.06730944235941 363.5594056211708
92.75 6.950195033624142 364.6604453509368
92.75 9.956191916721941 367.652683705618
92.75 5.879200608544823 368.7423928003117
92.75 8.854955371476301 371.7041596612614
92.75 4.820448502412241 372.7819329998439
92.75 104.7693359061276 328.8933780412762
92.75 99.91524722025515 330.0718432862863
92.75 98.31839410034384 334.7639339725346
92.75 103.3571077327631 333.6626301491339
92.75 1.608570254418997 421.0776703161238
92.75 -24.42912976885538 388.1027726772828
92.75 -53.62755981747323 498.9697695809146
92.75 -38.60558838312165 503.6967725356863
92.75 70.52358292429246 305.9779094659198
92.75 65.70078148151855 307.2233323660011
92.75 71.43599694604033 454.3913244565691
92.75 -124.1014836274271 266.1730785425017
92.75 101.8453854660663 362.3448925030067
92.75 103.1632388042334 357.8485672781016
92.75 64.07477617536993 311.9122438536701
92.75 66.24631521403744 320.1774545490541
92.75 123.7952126161297 310.584964208986
92.75 119.2607603042136 259.0837221755184
92.75 0.7586214063678083 442.8624009369663
92.75 -52.6320085908209 517.695370533922
92.75 53.92775868048466 396.582551759978
92.75 -88.03726431338657 429.8766389078098
92.75 80.59748639295255 285.2750395075735
92.75 -23.84999999967459 259.0899346400668
92.75 62.21741345248672 303.6873965088543
92.75 3.851370764190903 297.8304340443796
92.75 7.033064797257477 301.5931319109951
92.75 109.9123545707099 296.2859403055316
92.75 105.6100633889372 435.6706194371822
92.75 -92.58555746926235 336.7402782515393
92.75 66.60694900952937 444.3477686266982
92.75 -56.08565905773779 507.1156092484737
92.75 -38.07614720582669 384.5644749021012
92.75 3.683955231699823 471.1397321646253
92.75 -116.3763516378245 554.4467363766502
92.75 -53.53700037046162 504.7149751627217
92.75 103.5783680786964 428.3777466212491
92.75 60.512950313392 425.0154959237661
92.75 -29.12748009492576 449.4606278907497
92.75 -24.93169811694882 481.7773135998341
92.75 -24.58662746282741 479.6469258408527
92.75 84.19539899122466 288.9268689287808
92.75 -17.9206167864612 390.0493918219863
92.75 -91.52194659285669 285.4572145905303
92.75 54.19626742542192 451.7237996345405
92.75 55.64498252293139 259.08703779818
92.75 -31.74217229766558 500.8988726654702
92.75 11.75369051549304 468.0242305410113
92.75 25.24943131244873 367.4897979804928
92.75 28.18482011703902 370.5622578297194
92.75 1.892200537556972 354.4396636581644
92.75 -73.79190394209746 271.2598607084063
92.75 -77.50089558670481 267.5777438278661
92.75 -72.44850819746361 266.1975701652624
92.75 -76.17406216696806 262.4971712974299
92.75 90.2535963633007 401.9433061686481
92.75 87.02378618710999 402.6387849127862
92.75 57.09560598139706 339.6343131513815
92.75 -38.52299947085012 320.2470928284121
92.75 -0.8866097806825156 487.255949725619
92.75 9.076362941988162 424.6605722831914
92.75 -44.57988626405531 330.3522647806003
92.75 45.05501747754242 259.0870377981799
92.75 -30.70929907111188 475.4696623339627
92.75 -28.90061853934299 476.9956170462858
92.75 -30.29116782303383 473.1033432567004
92.75 -28.46625906954345 474.6459083603748
92.75 -26.87512168519817 478.4382556222704
92.75 66.25000000018461 259.0899346400424
92.75 63.60000000019331 263.6654001163351
92.75 68.86944092206983 263.6621930722645
92.75 71.51612902619128 259.1094425239053
92.75 91.44161933022419 422.2413023155681
92.75 -75.94036660228785 527.9399491962055
92.75 -127.912983843031 341.9196381887602
92.75 -20.19892658472543 469.9113062110168
92.75 -19.33719507792504 473.6945238083529
92.75 -22.603234561838 470.2119515213516
92.75 83.74255549101531 307.2903485453771
92.75 42.10329601125625 395.4874460158896
92.75 -50.35100537821436 259.089354184528
92.75 -47.70100491881826 263.6762543541277
92.75 -52.98301179273143 263.6688948833128
92.75 -106.2334822022349 303.7180462447409
92.75 -39.74999999970752 259.0899346400668
92.75 97.71557970174082 321.5921033939566
92.75 39.72950504841559 460.0226065079439
92.75 59.06659483558305 458.9935216102656
92.75 -87.44989439518474 259.0898736692101
92.75 -84.79999999825475 263.6796128568173
92.75 -90.09190014423326 263.6750708739766
92.75 -103.3499999998396 259.0899346400669
92.75 -105.9999999998449 263.6764514557183
92.75 -98.04999999982867 259.3782992344692
92.75 -127.9117693501999 294.2352430115998
92.75 -127.9117693501977 288.9372106100521
92.75 -122.4492058463921 288.232904258857
92.75 -89.0330397855323 390.6906916693823
92.75 -24.44256592740042 489.239216908143
92.75 -58.88311916715237 278.8594807830081
92.75 -60.15658350462582 283.8344818010676
92.75 56.96474405578894 382.3176585857879
92.75 13.09402540965308 408.7737067436686
92.75 8.988612839253847 413.2962764872476
92.75 -71.24168434691192 352.8608146331318
92.75 127.4778692441942 319.4440371025463
92.75 -111.4132320653356 428.7784485213888
92.75 127.6443265306255 298.6504127306299
92.75 123.157050177904 296.0151215383078
92.75 -28.58284942780272 403.1018587931423
92.75 4.463834703456501 483.397848227654
92.75 -104.1967770744579 298.2306229367979
92.75 -107.8808780121188 294.5751033436895
92.75 -35.96540100653702 439.387224389329
92.75 19.21917176991618 419.1701218732482
92.75 -12.38271170110423 473.1069268287679
92.75 -57.88953858078182 411.3125931884476
92.75 127.8523981386682 272.6583822657389
92.75 64.0895476866359 280.6261830011388
92.75 -17.18115618446323 480.9370225305705
92.75 74.73281027379556 272.9384136498796
92.75 -60.61769282749958 524.6425075247101
92.75 -88.94405609552922 444.8096183156415
92.75 -20.88321361020093 360.8328415719915
92.75 -109.0726467578298 280.9362868494008
92.75 -110.3638880454685 286.0289265489585
92.75 -49.70934435763247 447.2536767812533
92.75 -14.34835985129954 378.1024185759617
92.75 -14.12947093905487 351.2241452263598
92.75 -9.805622885237682 350.1665392556549
92.75 -5.29658204925521 349.151090933516
92.75 -5.105778279356995 353.6136060396445
92.75 -11.4163952079431 342.5898528044248
92.75 -2.509594194212088 436.1397311823987
92.75 -100.4140197891067 316.0430366238709
92.75 51.19194742546696 432.0401131183341
92.75 11.67354508793064 488.4415568491858
92.75 -54.20453203883034 365.939281028533
92.75 -55.32897792207089 370.2452904369409
92.75 -106.9199985349502 560.5492146415368
92.75 16.04446279280808 464.5216884218787
92.75 -3.217326507564479 416.5323258834263
92.75 -99.8939394703891 544.7733304721323
92.75 -97.36482533892976 375.6606037841876
92.75 -13.7001506377034 280.1727635045448
92.75 -110.6388802490128 538.4684728875253
92.75 -43.95977476141098 411.401894635366
92.75 -41.3301561385619 414.1433286195724
92.75 -80.70085363608266 296.324247724568
92.75 -35.14484973438413 323.5836656471033
92.75 48.81005682009916 469.1382073768682
92.75 72.09340800968002 451.147398337285
92.75 70.43156124224411 451.6811609393092
92.75 -27.97463881704691 313.1609501917216
92.75 -121.6486686345685 274.9815449353683
92.75 -28.44242112736151 492.5958514789049
92.75 -36.28951213138849 328.1504483711232
92.75 -110.1711340600594 267.0739545336942
92.75 114.1743575609782 281.3543256810323
92.75 -118.9989706735929 477.3375384792042
92.75 39.90022139609338 402.2188139594888
92.75 -65.26713204823328 344.3173801227991
92.75 40.94234437404767 408.0663897848565
92.75 -21.1543412447357 291.1853497586678
92.75 113.4188154479985 267.6171051389547
92.75 52.39293271776669 408.3062404929934
92.75 55.54028637649264 407.6961794281975
92.75 106.9281490373573 434.6400328081215
92.75 69.50405007890072 446.8542717754505
92.75 20.84089247205691 403.7157605167126
92.75 15.9584622322103 398.3635415401191
92.75 61.37068898485291 321.2466522758366
92.75 -58.62166481187484 350.8418408867817
92.75 -72.69826526449218 513.6750085110097
92.75 -103.9759841763184 279.5215195676935
92.75 -102.7351541422428 363.9544082721505
92.75 0.1423364361779955 366.9154570795079
92.75 11.61887364277564 415.42014321888
92.75 -54.74910436728555 316.0160461767631
92.75 -38.64184033003555 337.1892335071226
92.75 1.946780353685543 489.3868287233148
92.75 28.60453246632039 480.6688606432044
92.75 -23.70916530377269 503.2422171703474
92.75 88.41129700205938 274.0541740576788
92.75 -92.59702285378876 271.7074841933991
92.75 -6.613257884152997 442.4738115299289
92.75 74.44113261806622 442.2232648598383
92.75 -125.789249213109 512.4970595505949
92.75 69.30996733647684 310.7517309164686
92.75 98.25431305597199 271.4425434176182
92.75 -51.98387114511684 357.2620965554926
92.75 60.19727444639145 398.1578785578034
92.75 13.87799025015896 476.2866363627824
92.75 -16.87510713094914 497.1257319861023
92.75 -14.98246611179993 367.0782695710635
92.75 -40.94245650503665 346.1005699853875
92.75 -108.1207633368769 327.23082963503
92.75 114.5819452302021 326.5084821852437
92.75 -107.3833657203234 508.1431515650157
92.75 21.65222868980652 379.3439211385269
92.75 26.93830279427447 375.1565722914966
92.75 82.92996361561066 293.8232486171113
92.75 16.60066149906388 454.3715522810567
92.75 11.21326964283766 482.4083730187498
92.75 101.9376782804235 275.2093031263014
92.75 -55.73807772586573 303.1054655267743
92.75 -82.52791189898636 268.9642316825107
92.75 -73.43889231959176 418.2277497857123
92.75 -69.44371262152893 417.2613448373918
92.75 77.26249416570052 439.5496927323877
92.75 -21.87640401992737 439.1943739073628
92.75 72.73578997791419 457.6262225385015
92.75 -4.547284958052024 295.6168869742964
92.75 -62.96259720530042 367.1836424731151
92.75 81.02289668229795 426.6650546450007
92.75 119.1954287476411 280.1082511701082
92.75 25.64428535478298 423.1215178373238
92.75 29.85126793350555 299.8515914148518
92.75 -66.45647422164912 348.8494072118557
92.75 -25.17721303422339 377.3356939674948
92.75 25.59089154375451 342.993730592653
92.75 86.26566771968643 416.3781988642939
92.75 10.20275236292486 436.4073609568891
92.75 15.28444312309207 272.4215093160182
92.75 -127.945962786231 278.3411458069623
92.75 80.14753819812067 444.2499608099082
92.75 50.26027006974982 297.8352707404922
92.75 -68.80534332202386 302.1964294415041
92.75 75.85736133642406 448.607694581295
92.75 98.77601200065347 431.0699370105706
92.75 78.06843007807549 295.0993884044286
92.75 -12.46850224183641 488.5046184765396
92.75 62.63673655719187 285.5133669333044
92.75 -77.80520551682429 346.0596125510618
92.75 25.9524973395353 326.4154835789906
92.75 -110.7341241733378 336.9365195525257
92.75 112.9945612680895 429.4196960184951
92.75 110.3653927522624 431.5280513782461
92.75 -19.39340914013493 465.2011539709631
92.75 -62.26033105144921 500.4341176488414
92.75 108.9470453963663 314.3572405181695
92.75 -50.71450370268951 379.7868775744537
92.75 122.3418635631887 315.5052540567409
92.75 -27.07853039943937 279.2638254630751
92.75 -14.63002985299165 266.7182877868186
92.75 68.16912414863634 438.3341798405635
92.75 -35.62667863399381 356.8154090861709
92.75 109.0083644804206 359.5234048582055
92.75 -59.28491476985738 525.5025289849054
92.75 75.56598422518782 286.4922559166596
92.75 -40.45632376600005 278.3654580172725
92.75 -26.97264013634198 451.3027862017053
92.75 -11.19321262908482 468.8021074640475
92.75 12.05360554892378 374.5477318597287
92.75 -87.81632907579792 335.5167538813429
92.75 97.27657049199857 434.7769679929053
92.75 -10.39865430649217 464.2251380913708
92.75 99.30916210037331 341.8710740949293
92.75 -64.0702949626119 339.7853568684327
92.75 -61.46709305714523 291.1915858571832
92.75 50.61736175134486 279.5605336701094
92.75 18.13835895597941 294.0642864025319
92.75 -17.55143513552623 294.725628257794
92.75 55.7147745419843 344.0057341306978
92.75 14.16230574884167 366.5464755906873
92.75 19.28292442612784 486.3118254673277
92.75 -69.70490635550682 328.4735464251789
92.75 3.199728174141939 266.4469062158498
92.75 2.930538304220249 284.7246661603083
92.75 16.22088400671323 316.2723468262406
92.75 70.11508652946559 395.5624682908
92.75 14.25982784345535 440.1215151417184
92.75 -114.0109065055363 314.9803053650421
92.75 -27.99819167834394 456.7178276976601
92.75 -35.43935293247367 504.0030729430776
92.75 -51.76226589163166 340.6992938434295
92.75 -87.95297690300602 289.1273876260787
92.75 120.1654389776716 365.4717132521971
92.75 -57.1044036211954 329.4122627838905
92.75 13.40525270246231 469.2673461994726
92.75 57.42218966018896 445.3107852934727
92.75 -89.20425010970845 340.3835054794942
92.75 -48.04746986086936 397.8082558881333
92.75 -78.11749045678071 457.7433012361511
92.75 -104.71619222131 386.166878395186
92.75 -8.161858551406183 426.6951820352998
92.75 56.36369517449299 327.259469280235
92.75 -5.870775162619869 300.4733731065577
92.75 20.19122575102387 271.1432133803476
92.75 19.31345612640573 465.223539731479
92.75 96.24992754198905 294.9543833327293
92.75 -39.42939889195296 307.5590428334372
92.75 91.94508900099976 277.7775168457969
92.75 -29.46227004132183 479.3713416407088
92.75 -59.04580618615123 511.4453240619719
92.75 -60.91421144762292 512.0394071123904
92.75 -59.51868016967276 513.4111514291095
92.75 1.547420934396185 429.7937709254791
92.75 -43.48122768917993 516.8275512424076
92.75 8.629658094466249 491.7037852663069
92.75 5.966341511552661 493.3017752160677
92.75 -104.9980484094961 534.4145311763214
92.75 50.14171511154882 468.6055440603028
92.75 -46.96157937894733 507.253519328608
92.75 109.097188217519 424.4476035942502
92.75 106.9235961570401 424.8233793808856
92.75 -24.71919266748657 316.6080181046874
92.75 -68.06819035320633 356.235454166467
92.75 21.50302848334485 473.3801320696171
92.75 -25.85561287746386 350.2803186490083
92.75 -118.3255496015983 348.140274579737
92.75 -58.65215593887432 366.0787023202179
92.75 -106.5600664663678 289.5739382476365
92.75 -10.24353960065504 283.7684340114425
92.75 -95.49956624667043 314.8964767718808
92.75 -0.8683439645469799 335.3365236889044
92.75 53.19682498975678 352.7109054926545
92.75 -67.94892932890045 395.1825485615028
92.75 -130.3410110697415 594.0939369029352
92.75 -130.3241041809138 596.3676043617895
92.75 -83.78835131854161 478.0971238321657
92.75 41.41021719679532 351.7896700804162
92.75 122.591802985179 396.4211647808878
92.75 -63.2390624694302 383.125632714633
92.75 23.97782705606751 371.4494989874568
92.75 -105.8159093741846 335.7275478665387
92.75 51.59894008165626 292.9413300870621
92.75 56.24736853968348 355.9809334802325
92.75 -35.41893738365346 511.7463941191259
92.75 55.72337509739599 432.9424971862891
92.75 32.92920937198662 354.0231772097036
92.75 43.02291937531439 460.6915342251726
92.75 99.17877972402808 423.2894125881069
92.75 -57.73899930114509 512.799460515028
92.75 -58.10760162549479 514.6218194117982
92.75 -31.21744051147566 400.4079300985215
92.75 -32.38557203331619 360.0302210999469
92.75 -99.98106084082093 347.5775858529168
92.75 58.84855902466001 434.7061769684609
92.75 121.8032931942382 340.4956251439756
92.75 108.7070965570161 339.4473526583289
92.75 80.06550997392218 413.2404146414121
92.75 -62.54718720884157 275.2862424118874
92.75 32.63517992337015 469.1942957044361
92.75 -81.01643196679053 525.8710389738051
92.75 -80.55551203042987 523.7467779679505
92.75 -55.02703951403268 515.2338562247575
92.75 -99.25732464870748 397.3827636772945
92.75 -10.93764830293671 366.0579250741332
92.75 110.3322035204554 309.4267194995781
92.75 99.93590782069923 354.4544549093175
92.75 46.45252673330402 446.7788126393156
92.75 -45.3069615608071 347.2993606807948
92.75 -72.94604250634757 534.1752961929831
92.75 113.8585719522384 427.4758039535813
92.75 115.8436606629818 427.4135497371674
92.75 -72.81216327201732 384.699802961545
92.75 106.9871805507617 412.0345307560804
92.75 99.76764677001326 298.6100748927848
92.75 22.19018345115869 426.7875049361035
92.75 -74.86846669654236 366.23917367081
92.75 65.51709754572353 324.8693832129132
92.75 -112.3610325370775 416.3329598433445
92.75 -69.58494508470464 376.9398896174836
92.75 -54.0841611522151 410.4765379659371
92.75 48.5369673887231 368.2057998787529
92.75 -74.51852002698054 404.5795084260092
92.75 -69.68356090842532 495.4051785452009
92.75 -67.57905647369667 508.2078414024977
92.75 94.7013078787036 343.1367852321801
92.75 92.75000000009743 259.0082522727203
92.75 -108.636362558192 540.558868882491
92.75 -68.46301487262109 410.4019950894933
92.75 -22.56380782783774 478.9083955469478
92.75 51.3334666669904 466.5972855159588
92.75 0.5912391100851062 276.2521389682631
92.75 38.52953424396271 273.6535437850582
92.75 -43.190547623276 502.1477098731311
92.75 70.24145747769143 453.3085361312186
92.75 -75.19337311025356 422.7414083183881
92.75 -44.87926378892799 385.9162253997459
92.75 68.12916512569166 364.2751039862589
92.75 -117.4739302270471 451.8910919265851
92.75 -118.4564375380637 456.3311764087445
92.75 -32.88887453599256 442.6563642594963
92.75 -69.52232158904492 528.9485904451277
92.75 75.44322264924448 456.5849410452082
92.75 -83.49253606314284 528.6513749404834
92.75 -37.96273835297359 459.895832386455
92.75 -7.642765770798411 380.1030730660464
92.75 -25.76280750151179 509.0173531055156
92.75 10.00098632834794 382.3990731982313
92.75 -110.2347916013333 374.5844015479334
92.75 -36.75076670248372 408.6198962790659
92.75 -62.29401797255612 401.4459038855543
92.75 -85.45728810774251 406.1568829322898
92.75 -84.27048599844396 524.7987507512543
92.75 -112.2630161639337 546.9177260146072
92.75 -73.59760300770012 303.5357396365796
92.75 -79.46665170927159 394.2809818281535
92.75 49.03585240887861 373.5975742159987
92.75 -20.58858410890164 332.2201365464012
92.75 104.8764709370932 297.4126012435909
92.75 -67.55562850830951 420.8555762599962
92.75 106.7920481454946 305.8553528445202
92.75 -125.5372017753953 504.4534609079568
92.75 -39.87434144758866 357.980425977832
92.75 -91.93158052943393 415.6273406031083
92.75 -34.46586055729173 465.9941346248023
92.75 -104.8954691955786 348.9318260465022
92.75 -111.4548779498651 500.1078965995804
92.75 -115.4171422963773 522.8676693644527
92.75 51.96631292476551 274.6170181018918
92.75 7.688119991842354 483.7456185423692
92.75 -47.53767380878833 305.3647663427729
92.75 -79.08982144950026 423.6967111422301
92.75 -87.34715218187067 501.5997834481843
92.75 -114.916165640362 475.9991016461127
92.75 32.59949058152331 476.8206744447377
92.75 104.6347774349342 353.3404174631926
92.75 17.24115197033204 476.6435831171509
92.75 2.452235993382761 453.1539849031013
92.75 -98.43108961465092 409.4868262501162
92.75 -94.10437963095502 310.0434570926277
92.75 -1.882131395126545 482.4485582794709
92.75 -40.93780967443105 472.5844121614429
92.75 -22.601239602735 488.5826864799424
92.75 -92.76777417759386 374.726526593177
92.75 -25.75990691643043 274.3436213387188
92.75 4.25676632281255 279.89831094766
92.75 14.6634771070415 290.5849604262787
92.75 -29.09834040218935 378.4348516358837
92.75 -0.6502583296014048 328.9488536358384
92.75 -107.9637983050394 431.744095765883
92.75 -9.142180181516744 478.0655233095819
92.75 29.94722983675755 378.2288836980205
92.75 -91.13629517489808 515.4096996773071
92.75 -72.53562998854012 505.2088359438683
92.75 30.53050235510595 413.4032788181452
92.75 85.37503740043528 360.0873562264871
92.75 19.33610425104522 391.5238010121006
92.75 -55.83907380013665 324.8340492781979
92.75 -108.3430922428361 399.6820824663856
92.75 -11.45824069191247 480.8122400772499
92.75 23.45327036453209 461.8547013327621
92.75 -21.28277696166913 495.6797073813049
92.75 -126.1229344019472 549.6510538161446
92.75 74.67265466867855 370.5161889734281
92.75 -14.57786288908937 416.8091078116876
92.75 -84.24015545999019 490.2084654959645
92.75 -108.8240612908345 573.8438638980986
92.75 -24.97551796174831 402.2886603851473
92.75 -27.49790333255255 399.5070340108049
92.75 -59.7406018234868 440.5793911080761
92.75 27.66322119471872 458.5179594715835
92.75 -0.008378514162854955 445.6477242967014
92.75 56.98446603619271 399.0342691228811
92.75 42.56984358834838 429.7051893121006
92.75 -2.863592959860843 491.4802235905287
92.75 -61.83598076110323 517.2026479528995
92.75 -44.09603365052242 274.7976377539152
92.75 -24.64184198578738 498.8461116281971
92.75 -9.263786099102632 443.286319736922
92.75 -1.386593627771518 421.9529370500885
92.75 -16.64653150695061 504.8758624455866
92.75 48.3169624418817 425.7269961272264
92.75 -112.0597470609701 448.8139954591565
92.75 -114.0431502763721 457.1211591374121
92.75 -119.7768524912765 460.863528186096
92.75 0.2265327423905856 435.4496832312487
92.75 4.072032960335335 485.3265714825462
92.75 -84.83499415039412 356.4433417694046
92.75 33.10750439143575 303.3787483101412
92.75 -8.887016727061361 278.8720807424819
92.75 13.43205895529816 478.2707187906203
92.75 -2.197121377229521 473.476579404778
92.75 -115.9810003028007 465.2694317547797
92.75 -121.2331461226289 585.4658455678252
92.75 -124.8352203535631 586.8389312604214
92.75 -42.12667452599597 506.8023353539673
92.75 -118.9049147584198 561.6392675062518
92.75 -113.1246381565654 552.3233912839249
92.75 -2.155362580544033 454.7434807036331
92.75 37.11552989027249 469.2884136520066
92.75 -6.773047927149788 456.2897516991583
92.75 -29.03226170633798 461.9267528637553
92.75 25.57123146035552 468.4852536945863
92.75 8.79080804537557 463.2757789851983
92.75 -103.1373950731168 548.5908053421446
92.75 -84.94809228230901 432.4674340739219
92.75 -73.1517654419373 325.0342835880421
92.75 -40.31055406062306 422.6628239758383
92.75 -99.50631782332673 413.8729669784714
92.75 85.85349434709748 371.5464959463767
92.75 -111.4502381185925 576.0688606432096
92.75 -23.05171832191006 444.9471341852163
92.75 -101.1809870993937 551.8293413409796
92.75 -116.54377918699 483.6906607058909
92.75 -8.756168527408365 485.2480921037417
92.75 -92.97973216454895 419.7998411019196
92.75 -54.87222655413986 508.5934616580067
92.75 -20.97526066988081 418.6538900541839
92.75 -5.312650965738828 483.8684371815354
92.75 27.53937548632372 433.9772257528694
92.75 -14.15064708862699 489.2254284776351
92.75 58.18524898285187 378.6710379637119
92.75 32.56731726494927 432.5630598573782
92.75 88.5291555819004 447.8640867738554
92.75 60.17126622919884 385.2335592953301
92.75 7.098426709277949 477.1691866865312
92.75 40.2158303799417 468.371806277309
92.75 30.81996240784976 401.3845039669857
92.75 40.25558230467578 379.2543552124584
92.75 61.75704457685733 442.0866811753116
92.75 35.30714901465982 463.3308980165799
92.75 77.64899423506172 403.1112501441308
92.75 -73.16234107307413 523.5205950016104
92.75 -34.41835698301455 472.4233311647678
92.75 72.79004106267828 435.0588451702796
92.75 -109.3965643121957 332.091989214113
92.75 15.99586385731591 285.7168814119017
92.75 -77.83004126450115 286.1955810713508
92.75 -47.26283674778875 450.5256762333716
92.75 -66.29476867887385 271.5444763357243
92.75 33.15588090988077 442.613821702729
92.75 -3.773823702582771 379.1566242413352
92.75 -120.1298649308276 495.832328808683
92.75 -106.1009793055795 353.7181926909337
92.75 -24.29763499729371 477.4557198267549
92.75 37.57605739312731 431.1603115701255
92.75 -119.8202933598459 530.1716064145913
92.75 -123.2921608188052 349.4946542255091
92.75 44.02592761755601 407.4398443773323
92.75 32.64254681848436 394.6007609928932
92.75 11.58678644473586 469.9832979915294
92.75 38.73821063909828 462.3230882130279
92.75 -117.3822542570584 366.6836424488835
92.75 -50.1444680891514 461.6873942845685
92.75 75.98963500091646 430.1641485726962
92.75 -35.97011991724116 506.0361167840913
92.75 34.53823531836154 387.5301664663536
92.75 -42.89977026569553 407.7836592383902
92.75 21.93350505061874 484.7367775573387
92.75 79.41276697172516 290.3224966304747
92.75 17.46991603592514 465.927569284943
92.75 31.94761749789377 455.2320766973071
92.75 -126.5483857780446 552.7008500600244
92.75 -115.4918291828817 287.3360654876802
92.75 105.6087171112728 428.0111449250533
92.75 37.62905717207456 441.2766837613368
92.75 -105.4753007487287 537.0789860728391
92.75 -32.95189501434081 504.863426073472
92.75 -76.09304059766501 510.5804831873708
92.75 53.33279366832117 269.6383734010617
92.75 -101.2325500184266 528.2482734974511
92.75 -101.4100444848972 421.9538715732389
92.75 54.20524943332377 421.800577991374
92.75 10.80697465901532 462.5431869923911
92.75 -73.29084870667195 481.2986998086437
92.75 33.08815817159228 415.7764237933833
92.75 -91.67001411974275 517.9828566827338
92.75 -79.992057230841 519.863199601769
92.75 -82.1677142887004 520.6756953828514
92.75 -58.03836749421166 455.2787812705586
92.75 93.35836260426797 272.8446830875175
92.75 -100.2917850369409 547.1438421355919
92.75 75.96061907090255 419.1791144227172
92.75 47.01695559181181 459.7663374859348
92.75 -103.9063785627999 554.9459109309911
92.75 -31.64236401381219 436.7106041050145
92.75 50.34269880420637 434.6497231071068
92.75 14.7510296330325 337.7208137825094
92.75 -51.52994710768333 467.0770724509471
92.75 127.3649886333283 345.274198333645
92.75 50.25898548255525 458.7590397453193
92.75 16.63015014302835 267.5730564241403
92.75 55.06098920812485 457.2613155129651
92.75 -41.94415950817381 429.3184450699667
92.75 58.64583384467853 454.583341659667
92.75 -83.97782075725232 442.7015058661044
92.75 82.2010403354162 311.8886548845365
92.75 -66.12793500741137 521.7041686803518
92.75 11.46287951497666 458.2268521688356
92.75 -8.117851003292564 498.2829651024038
92.75 -37.3092262614493 478.0241252501667
92.75 56.32404264984218 413.5171793072415
92.75 -126.5597792884613 591.8578053668218
92.75 -68.58421902422253 284.0805351871285
92.75 25.19267165827379 451.4993475721939
92.75 -14.9798726057463 494.6653983377226
92.75 -29.39542957781186 270.7697044619026
92.75 -66.43975065824874 454.5329390455669
92.75 -112.0966610154555 515.5991246201534
92.75 61.88119316073365 453.6207726507805
92.75 16.47829314580267 486.6175005277397
92.75 -106.2299170289033 360.3621222662856
92.75 -11.38845401990235 499.7216073496183
92.75 28.19474145778634 446.3282854469713
92.75 -68.0272028055974 460.73765081739
92.75 65.08370175786901 452.66094373485
92.75 77.48951136589373 448.2299224770421
92.75 -23.76441032865211 398.422314471842
92.75 -89.95145798616207 510.1650723404824
92.75 7.726585109666529 375.5704669836451
92.75 -88.40722908786491 460.5141669128229
92.75 44.11769324880542 449.5126707812173
92.75 -90.11275988400281 467.3852425443208
92.75 51.76405226886563 447.1211059299965
92.75 52.14623650914054 445.1073080716844
92.75 -77.22681987144658 300.0107317473529
92.75 83.3401063792037 390.8364357893785
92.75 -23.11063249266711 507.9004212267786
92.75 -77.16704790589161 454.3990157110947
92.75 -54.80927530264131 479.9617537071939
92.75 47.95556021666424 448.3143714606589
92.75 45.76745870990052 401.1927931281229
92.75 -86.37938056283231 549.2728807436972
92.75 -69.57427181897553 466.802053755968
92.75 -12.20264097666942 395.0815989952649
92.75 -105.9462790374389 390.7428480732763
92.75 -64.81527054554229 448.1853915510009
92.75 118.7174213240537 382.2418772425702
92.75 -23.42736795487606 312.0371041532513
92.75 68.72782904146223 418.7495661072497
92.75 90.38793638885834 388.7787516611497
92.75 55.55028673107897 445.9355894139512
92.75 -116.4013242361264 507.8469920279763
92.75 107.2309056120562 403.384400856563
92.75 94.35390243681687 426.1066233934316
92.75 -36.06657359227699 497.5011298849059
92.75 84.86102964004466 421.4321590248753
92.75 -42.78652841787489 269.8087307869534
92.75 66.20193211351662 438.937010179605
92.75 72.62903449498742 412.6641936938123
92.75 -77.70508688832824 519.0579076926639
92.75 -118.5596255446108 538.4137809121787
92.75 17.48876269757091 457.8173209949343
92.75 20.74954974107569 284.5580183048484
92.75 -69.54185415297901 522.6682610399729
92.75 -79.13632835629468 504.8728082031664
92.75 -73.94192737558659 484.093465678968
92.75 82.85193706089836 440.1297212075222
92.75 -42.80781060408491 304.1999519937904
92.75 -2.345373080313759 374.9341245447692
92.75 -78.11694590920825 362.9440573321971
92.75 -39.47993907096443 498.9068284211367
92.75 -47.34660362441534 496.3601227269749
92.75 -57.78465273421698 491.8930376498691
92.75 99.08108930912309 393.4877742124444
92.75 22.10511846942666 479.6670662499005
92.75 -49.65745212521499 501.1779952898434
92.75 32.28498002038982 333.0963382074253
92.75 51.39860591743223 393.9963795306244
92.75 -113.6808775500572 370.9768708728706
92.75 -112.7673011747423 433.4203456876253
92.75 -34.23582044535453 433.283195852476
92.75 48.7157807805699 391.215511531242
92.75 -57.04631515752543 451.8111919287355
92.75 -75.30099069295584 489.5348451419315
92.75 -93.70459844088495 438.4275848626164
92.75 -94.67451691114265 442.3047373802758
92.75 -44.86360010411596 502.8813623703397
92.75 -44.12449857881023 342.9326950124576
92.75 -82.89238445824455 474.9886441632971
92.75 -78.51255207026924 523.2309128546855
92.75 -94.18072200851216 538.5475154539372
92.75 -11.10121845033645 354.2371836614597
92.75 -96.80227794999188 519.4213139180752
92.75 26.04382872466281 457.1333727406333
92.75 -24.59600531647729 346.0298849410817
92.75 -56.76941007710547 523.6583858609432
92.75 -4.108108111740913 277.7060258862006
92.75 -83.39254375964791 487.3789547443142
92.75 70.8122089365568 371.6831799741403
92.75 -115.1732975211836 442.6965307402512
92.75 -90.60945192603556 545.9550478993227
92.75 -84.09759228405997 506.1857616219564
92.75 -45.50703189145656 518.4520264723618
92.75 -20.49927140161371 503.4658847406272
92.75 -15.29865775482035 496.5554682530575
92.75 -73.11295327468351 515.7852865956025
92.75 -75.90961895975077 295.198732025707
92.75 -60.4366967632295 502.730017943519
92.75 -30.11413744706512 396.8342565424594
92.75 -102.5147036948502 394.0346009686315
92.75 -53.0653372167644 496.7849374061068
92.75 -28.06821958399248 265.7760907808745
92.75 94.75532829087197 267.7772489276526
92.75 -102.4001817857479 469.2436018261026
92.75 -42.89004312061673 420.267121494649
92.75 117.2971551412117 425.1416784212335
92.75 94.99283806411957 443.2382837610522
92.75 -83.7221310216062 546.6322066686117
92.75 -85.57034575510271 546.086285033667
92.75 -7.259638977273681 328.8787670700119
92.75 -115.3007840687802 548.4355523955064
92.75 114.858497436033 408.1935625661305
92.75 99.17252337562844 383.0148130272904
92.75 107.244181728968 381.066926713692
92.75 -122.3056489176176 570.5118725377048
92.75 -82.5971683062787 391.0508385897377
92.75 -17.92138814881577 400.5365542704408
92.75 -31.31231375569307 371.3078785384003
92.75 -91.90349050789331 555.2377110089294
92.75 5.501728879576711 306.0268933100985
92.75 32.67874560644134 478.4206732654054
92.75 -8.450033084681214 483.2761213839578
92.75 -109.9981558346801 440.3605051361694
92.75 39.27401853157932 472.9454143427079
92.75 -13.51409280149216 483.5471327703821
92.75 -93.6354154129336 525.7080149187713
92.75 -119.4473996295723 564.5298833053552
92.75 115.2296443855344 413.8072191865002
92.75 -13.87926355243907 363.1006602208114
92.75 -15.78663544301124 488.0471760151714
92.75 -9.845531523322219 492.4574947301082
92.75 123.3851329624104 265.2137280813091
92.75 -12.17652387467538 495.2968422685982
92.75 119.9004078923836 402.9414110729717
92.75 1.050489837412446 494.4328686371528
92.75 -126.445172614875 564.7330209697132
92.75 -124.9946321760036 576.3696983407127
92.75 -44.93714598826823 491.6800507998014
92.75 86.94465827632742 328.5939559056416
92.75 78.04041795018085 326.0089517580606
92.75 99.18242191355827 440.4721269748605
92.75 27.23437437700019 417.3569182266446
92.75 -75.498365615994 479.0918149229748
92.75 -97.2147593288738 496.3441065754454
92.75 88.03074390991253 336.3903527738235
92.75 48.4307124440361 446.1982071315687
92.75 92.02342847141233 443.7367386896331
92.75 81.39143149274091 329.4840127555158
92.75 70.92776459128697 288.0157942994186
92.75 -10.6104579651409 494.6647138121547
92.75 19.97786781478729 436.1475331726941
92.75 -26.03316113618328 497.8774771981746
92.75 -22.06504731915084 337.1813762971826
92.75 -48.89870007477565 511.6823954635304
92.75 -4.399626651560232 492.1418678284243
92.75 41.19174869771318 424.9217189509033
92.75 23.0899137168792 452.2235527987364
92.75 -34.19878034093239 258.9448929024537
92.75 -107.0908072868256 395.2269112886996
92.75 -79.54312587408174 291.5540318727801
92.75 93.71517570874391 335.6098298815774
92.75 -23.38468032018969 341.7043410736235
92.75 -14.38946675773642 399.6416602501367
92.75 -68.46015976827086 383.8276419508093
92.75 -57.46505920156365 361.5635955867681
92.75 32.17535274820999 370.4527074857644
92.75 -110.5376701599337 496.8097001547392
92.75 -56.83205096909565 407.6142628469395
92.75 46.42756700189148 423.891092822617
92.75 64.55820809807078 426.5560932643499
92.75 -81.97437136467737 541.3904057822393
92.75 -51.79370895095191 499.883329651945
92.75 -114.2595094733009 333.4640075558039
92.75 -118.8755825098736 406.7049271807458
92.75 -30.96500869568638 460.1696935539741
92.75 100.5534852689226 378.6534178656796
92.75 -31.30660502875761 488.1811869456012
92.75 66.45141209804603 428.516665239473
92.75 -58.37280347018217 516.3260230469654
92.75 31.29122020123475 263.5966384999887
92.75 42.08128293842981 447.9977141501431
92.75 -112.7861164843055 518.70512510125
92.75 98.71765643905184 425.4043064476697
92.75 -18.04259985689379 475.3787951586712
92.75 -82.57109557716095 364.1803500135093
92.75 108.0770661503437 301.1061840371454
92.75 -123.8836912967114 588.6724683080178
92.75 7.551672496731293 436.029308484523
92.75 -128.0736751151238 358.0920608409645
92.75 -7.250778416999167 322.225063763982
92.75 41.42530401191203 375.4528112298113
92.75 -94.29469775403437 528.386250567429
92.75 -130.1312729354316 580.0988800011635
92.75 -25.1680049421145 443.0289778247849
92.75 54.65120426911166 264.8390835870137
92.75 -66.36170501040549 492.5066455080817
92.75 127.9084929644026 282.818279366897
92.75 -126.3519410509316 534.8471097599856
92.75 93.59224558678581 444.3442392456781
92.75 60.25984466136698 440.7239454300831
92.75 39.7500000002718 258.7732216646386
92.75 -87.46274273563465 365.773645167681
92.75 67.37006810872209 284.4224665978606
92.75 -127.7801689180946 584.6521774444683
92.75 71.24817293283856 433.5983097808189
92.75 83.43738226028748 438.1594978918653
92.75 -124.2897031753661 258.9396521983626
92.75 60.76426255817642 463.4832762433959
92.75 8.579383789162282 416.3759777434075
92.75 -7.488539694268346 493.4207773185785
92.75 99.41557356226255 408.416872526064
92.75 -28.05798907184589 374.602513696263
92.75 -124.9020523806304 489.6542886997261
92.75 -101.3821604010806 465.6332304078746
92.75 -55.9412916537802 457.6926556261224
92.75 -38.87037996346249 369.3284999901392
92.75 9.903231236573848 468.6904905829605
92.75 103.1521561429162 418.3202972507086
92.75 -52.80702962095857 472.3532468338768
92.75 -119.259497910657 334.7906343135729
92.75 53.47930407214148 457.7967422172128
92.75 -96.13589668698573 536.2896902407125
92.75 87.70355693426617 435.385724641545
92.75 -52.38395258604647 511.3364961896736
92.75 -11.79772186419103 430.7280940694316
92.75 -42.1051343331169 403.3519603642977
92.75 55.00050079538715 419.1011244658722
92.75 -33.7994806428351 513.2727108516253
92.75 -127.5494929120628 582.2854204348048
92.75 -129.9079277982538 554.5075660262618
92.75 -32.995788669481 393.9287416506666
92.75 -5.557283147749173 499.3620767236114
92.75 85.98172603262927 445.8475298426166
92.75 21.46382981873123 314.9653157224646
92.75 26.01472008774498 482.2656140823387
92.75 74.19844253483538 263.3043672629904
92.75 -113.9180679186526 569.6825398794472
92.75 26.44329888570322 444.7611315815704
92.75 52.64433149478095 467.2905217332205
92.75 -55.68267861068949 403.9394208594283
92.75 78.22055164882144 429.6732889189062
92.75 126.9937120509935 419.0256330064492
92.75 -29.9250175763533 511.0803308400792
92.75 -6.667055723198815 475.1733947386087
92.75 -46.69012259032838 317.8193501925737
92.75 128.0875446572367 262.5296324924146
92.75 109.8356882452127 433.0801671758688
92.75 68.74610587434843 459.3472139945286
92.75 -7.276524718506885 397.8349059811374
92.75 9.339921268177163 489.4996888836254
92.75 -62.05611449197683 526.7810399704819
92.75 -48.82936835824009 515.1285736286471
92.75 63.42938348017987 458.966782483645
92.75 22.52196039132057 435.490613583523
92.75 -42.83164732442671 338.4739491016117
92.75 -68.24714044296883 490.2576188928398
92.75 -2.741511415163926 272.7854476359709
92.75 -17.51414916268681 490.6985970744047
92.75 -68.60059605763729 263.0733920627381
92.75 32.72680308744591 452.9017348308679
92.75 -100.5884937174265 525.5889242522055
92.75 -83.01212525389424 526.5694260897102
92.75 -14.90936275426766 447.7665657358851
92.75 -118.8065419997306 316.100162296944
92.75 -43.3984053869858 435.7158051833167
92.75 97.46996352290097 439.5340731593469
92.75 23.85127175982171 459.9336548066647
92.75 -29.41884384999113 487.5000612796077
92.75 125.7538462593356 415.2069897956683
92.75 -13.81001191157917 322.3465004144913
92.75 68.73473274123137 279.3121959634119
92.75 -103.4762866016195 569.6178492899968
92.75 -95.97336488145095 416.7629322802437
92.75 -3.704934644106076 396.9038507678438
92.75 -14.68753082799583 431.6245832197166
92.75 -68.05408537419484 434.4970135382526
92.75 -118.9984386908537 505.3535492871783
92.75 83.1813030961352 419.6682012135267
92.75 83.65167094425048 417.1725189626335
92.75 25.99481635657742 466.724429803159
92.75 -92.43489603290438 531.5156159088701
92.75 -35.11177147956323 372.572698421308
92.75 76.74741990637426 456.1036736453869
92.75 -49.7155228154535 375.8291025000072
92.75 113.1317159325844 299.8720120291306
92.75 118.7422375520981 298.0268464310909
92.75 44.07191704323431 465.2827520272039
92.75 -51.39495106110945 319.0658745491183
92.75 -32.03233196979627 450.163070552306
92.75 -0.5530692471981391 392.110401681472
92.75 -120.9491550162875 536.3003284310914
92.75 -69.58439148552388 508.8814559709243
92.75 77.24283615649694 454.0172301512665
92.75 -104.3846348026551 461.727021568901
92.75 -6.428606209683961 491.1368466841718
92.75 -1.403388243083361 267.8420193676707
92.75 -88.75617547222593 433.6461975353213
92.75 78.90635938473815 427.375054882417
92.75 35.44547532772167 450.0367371597698
92.75 71.87518916466094 431.2490814908299
92.75 120.0869290401527 407.0036228666797
92.75 -92.46229201511083 510.9748286752753
92.75 -128.3000785437424 446.7468675294995
92.75 89.38543173188175 432.8669014153236
92.75 85.27265994727917 437.7663862513193
92.75 0.7370867164064279 496.4961169862999
92.75 -3.724503521001506 419.8089580757813
92.75 -30.37685857826273 457.5784066135674
92.75 -86.81246329958101 525.558954950694
92.75 -94.10127513973977 483.768763103003
92.75 54.18250598695322 410.8518257907836
92.75 -53.8830486264809 522.4569277925845
92.75 -81.57533446426513 537.7173114144638
92.75 -1.791569239934878 433.4870484591896
92.75 70.12495950131706 274.3465967535153
92.75 -71.68030986537387 531.2981348600189
92.75 -70.59013967161856 453.0177763304845
92.75 -34.85406940689424 451.053532533741
92.75 -36.48538423458202 395.0723621673033
92.75 40.27297410902538 450.8070220523659
92.75 7.943629518382951 471.4633253227294
92.75 -3.329376359328499 481.3852124044964
92.75 -99.70617887072646 565.6275880251745
92.75 -64.35389073992479 528.4821073210496
92.75 -5.048985800563921 482.0930451997764
92.75 -12.33183859528847 447.0066302993525
92.75 -89.06713557960096 526.2907501994169
92.75 -28.66819282743171 485.013985371215
92.75 9.195406996647833 461.2486335371779
92.75 91.16404719954117 446.3173004055361
92.75 -73.13998041319428 285.431599977429
92.75 -41.61301266522506 334.0261933528085
92.75 38.32527322810444 451.4220140825199
92.75 -17.87364351301711 429.351743499845
92.75 -74.70936412740421 514.2717625011098
92.75 127.5190047127375 412.3210937759228
92.75 50.33346551574663 445.8069678089006
92.75 -128.5640812466177 452.7384689431431
92.75 -1.579383657108432 480.6900658431914
92.75 91.46340648572485 440.4327638387094
92.75 0.6968999081079965 477.7907788534492
92.75 20.04796634536602 457.0726209521592
92.75 -12.60519453037071 359.0087355043032
92.75 23.4634750228719 432.6183229327669
92.75 -24.49571834341689 440.1361949091819
92.75 -12.75560107697825 310.7557589451908
92.75 55.35811347774965 375.8776597708164
92.75 -56.55530559234762 476.4301472768834
92.75 14.21110992414541 488.9978753128623
92.75 0.1746104734468749 480.0114145840275
92.75 -124.5363566692124 571.497982237561
92.75 17.87277619250745 463.9698792678559
92.75 -38.35748931493704 415.7908174987955
92.75 -128.1999090324639 374.2237813855557
92.75 71.50783117476067 269.3794608272802
92.75 3.501274738622207 395.0506124246582
92.75 71.89652403755541 367.7259410865369
92.75 70.699144384712 410.7779389762372
92.75 -36.17804417746999 512.9624914230963
92.75 123.0504905301112 368.9319469553988
92.75 52.04060260782585 456.5999222933988
92.75 -84.51781168946897 544.5002541990613
92.75 -87.29178301875312 545.0019794414253
92.75 -61.36032833472237 397.3402586254167
92.75 26.96294934356534 476.1964640560339
92.75 -44.6022320206561 501.0457334252061
92.75 -93.07795543206107 534.0266158497604
92.75 73.96062533070892 430.8136095551084
92.75 1.396612151309386 374.38767450015
92.75 -43.01745866864218 374.9194106443749
92.75 -64.81521366400791 487.6666802568033
92.75 -123.6094128872933 533.3255551393871
92.75 80.77737284203336 420.2682909024711
92.75 -59.31699663192149 498.5580847864153
92.75 -23.00432703776403 433.8644680448652
92.75 41.87186267899583 405.1610264786142
92.75 -95.17965560756205 263.2839389392037
92.75 -75.39340192490948 447.3061205854021
92.75 -100.2347826524772 417.9660482456345
92.75 7.13928251232201 394.0962337385034
92.75 -99.31745613206292 458.2855572410115
92.75 19.32600615698487 479.5005675714437
92.75 -42.8256658095662 471.1168414682965
92.75 -45.34691515682037 495.7067256611768
92.75 -119.2779975501027 481.0583218854223
92.75 -71.63564928989652 475.670092459213
92.75 -94.27734140471858 547.0814986535065
92.75 21.30568647870447 450.7697817209771
92.75 114.9606520152073 394.4886714301483
92.75 -16.18957431438384 307.2978730244129
92.75 -66.77658620613059 484.5588414435456
92.75 57.37878088934223 323.0136308050627
92.75 101.8139447203562 438.9314090459716
92.75 81.80201783036172 453.0330785748988
92.75 -102.7043090372754 523.5085704672556
92.75 -40.37093948049358 329.4914274138032
92.75 -113.9499999998618 258.5370122944805
92.75 3.676118216299511 478.6756021326041
92.75 69.17681839086568 450.3149504485767
92.75 119.1572962854147 426.4872023517386
92.75 78.17753634800472 446.4961479360972
92.75 107.0853492018647 432.9532366907666
92.75 118.0566355092739 413.646510269588
92.75 -46.6215772706576 482.2174814918888
92.75 -15.26506109611597 504.2109115734831
92.75 -74.64853069322625 432.7478676262036
92.75 24.68329600269623 483.1887429190668
92.75 53.94690216122849 463.7865189887183
92.75 -101.23851957596 449.3091901958937
92.75 -48.70703673506836 291.988958235283
92.75 104.5048033229132 378.180310970989
92.75 127.9296948678319 335.0438717334262
92.75 -57.07271323170949 373.8669735328589
92.75 -6.056815511268313 417.563227263587
92.75 -0.09130554946830882 263.0606167386225
92.75 -76.53394735967146 494.6561389699506
92.75 -63.1246623519672 313.4226764913984
92.75 -56.49499798789671 430.5435308298222
92.75 -122.3391031861777 506.4701823256654
92.75 53.99391200310971 444.6192951520484
92.75 -42.39505389579188 496.5318534263491
92.75 -48.4351980719066 402.2693337184811
92.75 4.465115227230551 476.289855415618
92.75 -55.56396466169747 427.1214073987983
92.75 -65.17188852926544 478.9611995494244
92.75 16.82133593985066 487.9383678708723
92.75 14.87561554253679 487.0865362427086
92.75 -29.07055644372365 427.0467866161798
92.75 -16.74237425249562 472.6645643015845
92.75 -61.74333733006998 477.4545298335843
92.75 -116.5825095043638 561.155238960863
92.75 -98.30516685120074 454.5462027517296
92.75 -30.14210604580779 430.571027364514
92.75 50.2892675657347 417.8690563442302
92.75 33.32496683327555 329.0219957251271
92.75 -3.682902049735052 470.4366379448537
92.75 -36.49462647758331 298.2474772146232
92.75 64.61292852988747 437.5274162350725
92.75 23.12295202501832 424.0805448111762
92.75 27.32762788636169 474.4313506947408
92.75 46.41601390692379 333.7365276826075
92.75 -96.32226433960557 446.941785620282
92.75 -40.6705229288855 410.4011314643338
92.75 122.9307302294234 328.5033921463406
92.75 -28.0713589065885 505.0961136829315
92.75 -92.62562463660751 434.8147538103577
92.75 33.99014253160362 476.220858920951
92.75 -108.0013162646597 538.081176977671
92.75 -63.27588153094295 482.6466082196833
92.75 -52.43018118648552 372.9446385142334
92.75 -50.5663982641767 395.0893080927602
92.75 -31.50847422388431 423.2612663943809
92.75 121.8206128683304 424.8892124019933
92.75 123.1522711597884 424.0902174271206
92.75 -29.78581207071249 454.9943416562987
92.75 96.67748927001836 423.5741026540625
92.75 -86.77623266472139 547.4271329022109
92.75 -1.014276997631156 430.6713742703321
92.75 -51.20744363025691 268.017340694426
92.75 6.112820143193398 414.1627040818902
92.75 -127.4602419422136 559.5052475273856
92.75 -45.54352804642878 444.8157525525275
92.75 8.243977913471271 433.5489111171884
92.75 -59.72732276173416 515.0819983706863
92.75 42.49920271444915 371.9349043707924
92.75 -37.51070622265627 490.4886394093174
92.75 -4.233431163835109 476.5121748113452
92.75 -54.64145529046721 470.5920330829597
92.75 -76.47430648178836 512.6613886128555
92.75 -39.20638543295679 497.1743771857556
92.75 -90.72789232321543 524.5535600666113
92.75 -93.1145599922058 550.9896239342555
92.75 109.2589894433992 429.8358257578739
92.75 49.41716177170129 320.8576558207333
92.75 -67.10881087243735 319.6421673376373
92.75 -123.9025001994459 428.5349323419592
92.75 128.1957186310749 309.0523051875911
92.75 65.02287200387246 458.3933672556341
92.75 78.31358440611024 420.9159552690674
92.75 75.7070126534594 350.2269706345888
92.75 -128.5713905147283 267.7450810038668
92.75 -54.29483309674871 400.0443822535194
92.75 -39.13457443934572 325.0104885934449
92.75 -50.86753999563503 495.9833371572859
92.75 -6.705036046735887 482.8398779183495
92.75 -20.51446051536133 506.9361888640932
92.75 -28.51099467533449 510.3904837364448
92.75 -129.185639452324 471.3488003081123
92.75 28.9747294634942 473.8149455765593
92.75 -82.81008427493734 318.5468403642015
92.75 119.8101100942747 399.0885448539932
92.75 50.32585489727845 315.0793741047348
92.75 -47.60803311109071 440.2739418867297
92.75 -23.80000108980162 437.2420345097547
92.75 40.64217936839866 472.2846130153629
92.75 84.27687919677719 387.6127050746671
92.75 21.81546189572883 448.5525938988147
92.75 -110.1583954024735 391.8794313799025
92.75 -28.0334352856452 508.5707927461515
92.75 -123.2707217618993 518.291281024826
92.75 3.396452283409596 495.0554774237793
92.75 -105.2265017526984 524.4475810046195
92.75 -47.74691035588717 422.2459959902488
92.75 18.2665192661432 461.9259711958137
92.75 -99.13695919962035 481.166496206333
92.75 -18.54999999966363 258.3612379081843
92.75 -22.40662195979069 307.8504291800987
92.75 -19.30720388793987 489.4719259089292
92.75 95.89415034948701 263.2407374721552
92.75 52.23438717066384 442.2425354408217
92.75 92.30139620506625 437.5143242082202
92.75 28.55332394184824 399.1472351393455
92.75 -15.20917503302627 482.4444604528601
92.75 -50.97518182562572 422.7891763541004
92.75 -61.34497400525881 515.6067357744678
92.75 13.91251106534978 258.7074336983293
92.75 -39.59765598184906 392.2428818231788
92.75 -118.8994544638333 517.5386035718193
92.75 -45.58721169879142 433.6568570923644
92.75 -44.32323834939392 499.1127284539602
92.75 -71.75551074597723 320.9168363450158
92.75 55.10406255637564 462.9616073464023
92.75 -115.5388917438786 579.8063343867698
92.75 -14.08161537123348 474.1001694626777
92.75 -58.69387652801081 496.4147984262149
92.75 22.28841328211836 444.362853739599
92.75 101.484946359377 416.4578100023386
92.75 84.3714109417398 414.8427733706591
92.75 -38.12994866979466 485.0013128681517
92.75 -79.2356728110247 535.4308335089361
92.75 -42.50458957371107 321.639223513191
92.75 -53.93186810558301 467.8310154865623
92.75 -54.77585376604463 423.9372170887877
92.75 30.52707652479117 473.2875873784407
92.75 -124.1908597230811 522.8407806265323
92.75 34.57861090488687 452.5944850073159
92.75 -80.01074691045423 521.8431520075183
92.75 42.89065175463177 402.0306777817403
92.75 9.607666323659291 459.0192184235298
92.75 105.0184062111473 424.0944963339992
92.75 -29.36713498248021 471.156675104853
92.75 119.3456277406219 293.5009049404376
92.75 -1.504077312414573 469.4643955355614
92.75 46.6914062854264 465.9256119556471
92.75 -5.226853110951598 414.3332547990533
92.75 -126.122099131884 588.4241337741743
92.75 58.99754812128776 263.2758889960944
92.75 85.97364734442654 435.8668310391014
92.75 -37.61539575836087 496.4707148151625
92.75 -27.07015007981539 420.5800739000019
92.75 -107.5107016802065 523.0238506233393
92.75 -124.2486540389059 392.2488424400649
92.75 -122.5882438170205 478.1663045639511
92.75 -70.858651790655 380.6836049050086
92.75 65.17748708338813 435.3857866613247
92.75 -126.2757087724758 508.2327703709506
92.75 42.68698876146509 314.1430588092342
92.75 -128.3090285022585 332.0095428575257
92.75 -82.42593104373712 380.1823708045104
92.75 96.07800994336834 339.1283428351753
92.75 -53.10096452717737 502.7417880731521
92.75 -126.6839232880999 538.2770849810523
92.75 -113.7491458392814 388.3081359571457
92.75 127.6531278576491 351.3842975977477
92.75 -46.66128632429153 488.7993487881483
92.75 64.75417177075015 365.9256722478269
92.75 -77.57590972568249 317.2483925372178
92.75 -4.506654689836265 357.3388312174305
92.75 -121.7665984081128 583.6025775646956
92.75 2.474936659135159 370.0086628815617
92.75 -25.88076460268219 304.3433108024152
92.75 -53.23744544038274 474.9915299821191
92.75 -29.19741276229243 452.3059446732041
92.75 -43.17728685424715 462.1307340234036
92.75 98.42509094241137 402.7883294660264
92.75 -38.45169839516821 388.6562553846166
92.75 44.66047956472778 422.1767472431956
92.75 67.93796895234492 449.1673172082153
92.75 23.9161014275349 421.1150872120253
92.75 -43.9264178293929 438.8645373519876
92.75 107.9332481663554 428.2340753664902
92.75 -40.17487823561666 485.8420895079756
92.75 -78.50016502676758 530.528063609003
92.75 67.36376872315002 456.311310011767
92.75 16.63988852597144 460.587067699025
92.75 -112.6539761276297 533.3376931456954
92.75 39.31803532878996 310.7450044273911
92.75 -97.15838694384638 562.4675915225265
92.75 -102.801365607431 482.218226349265
92.75 18.01384132711015 485.755999828191
92.75 -123.5627177788013 298.1126355470227
92.75 -60.55586172906854 474.6471438279157
92.75 78.66164936554644 444.8024522125141
92.75 22.15990377482807 458.6443952075078
92.75 -128.3500665073715 351.7544464834948
92.75 -42.95797595530577 518.0197786870706
92.75 -55.85729204461291 357.9693406625051
92.75 -119.7116768900858 389.2597045045665
92.75 -60.19850332030718 258.6560578298946
92.75 -64.41111095901746 282.5631506531338
92.75 58.24064020610323 407.7049713904038
92.75 101.8471727082929 261.6045592685953
92.75 -81.00895547929058 376.4426615409703
92.75 24.28587985022958 403.4353630389293
92.75 -42.92525949858121 484.4085773286395
92.75 -37.69409405707206 466.9627541970782
92.75 68.58901543093462 457.3715643077189
92.75 104.1303463030343 435.1859228285284
92.75 -3.000052423197605 498.922644700009
92.75 -3.784920018555059 497.7908370025607
92.75 -127.1465720490249 577.539832678744
92.75 65.21260412960814 456.9709052641774
92.75 -18.20146681560444 460.3520105918175
92.75 -126.9009813546013 569.8389002215281
92.75 -107.0671434061444 519.475313282553
92.75 -41.99882069936957 417.2335706524253
92.75 46.44420466970917 371.1704382814614
92.75 -51.97370429121211 509.7210235945446
92.75 -66.01084650665301 417.2445692670425
92.75 123.6163712517169 279.415934841509
92.75 40.03628428265061 304.4999359160483
92.75 -87.7224888994222 536.1292994611562
92.75 -60.26294001840628 493.1230809538488
92.75 -87.14124851725666 539.8013904236241
92.75 52.49657182173988 373.118764973754
92.75 -67.47882990054553 526.4962064865692
92.75 -119.6222498939615 321.4781051691745
92.75 56.43198927452754 463.8833725397907
92.75 -20.87651943407141 488.2461335397089
92.75 -82.35775210196404 524.4678652642234
92.75 -44.02371106586116 497.1714186373663
92.75 -26.46760379071793 296.7838724375113
92.75 -26.90037442299845 484.6424777141002
92.75 -111.9933424916369 530.21582578677
92.75 -28.36585383693576 468.1818722214815
92.75 83.85032981953388 447.6727106685932
92.75 13.03252228067712 451.8492316229972
92.75 -39.17817436531603 448.1178255840077
92.75 -126.48839358845 528.52381432152
92.75 30.99793328689842 471.4778290368346
92.75 -31.78053072811212 262.7120769107328
92.75 115.0525600476987 263.4387464460991
92.75 26.03384442388743 480.9047713911172
92.75 23.2631928320179 482.1013610469533
92.75 -64.55235160193394 527.1107367929742
92.75 3.604622622896848 365.9641300956382
92.75 -21.73075780550922 468.3392125591
92.75 -21.41653936037496 466.2203483945534
92.75 123.0213131484275 392.5565601117238
92.75 60.1246081643145 342.1748667952703
92.75 83.14193262895608 450.0108635190489
92.75 -80.34543682026406 264.1213254128776
92.75 50.30417022234518 467.3442119715863
92.75 -77.27784928914747 341.1686142723993
92.75 -44.69234043655855 430.2939625852043
92.75 -8.233938719949096 481.600175390517
92.75 -75.93894963084544 529.5922429060175
92.75 -111.5298290560309 574.2164818384615
92.75 50.18363656380861 364.9502533140167
92.75 63.56267291029415 433.870847801285
92.75 12.03120332047399 440.5782850348608
92.75 105.5359161310753 372.4543779655628
92.75 -55.09220837525226 320.8133888814651
92.75 -0.4279426043140313 466.727001031375
92.75 -123.5038508985787 336.0919777831168
92.75 -75.39938752138858 381.8589139894131
92.75 -111.4057288449647 566.8687593623423
92.75 -59.14583815495648 354.6962161361817
92.75 -84.277483833067 373.1010085517851
92.75 -123.9133875245015 468.0587445092077
92.75 10.21499299697168 333.7257127714332
92.75 61.72449420841004 362.9103977313802
92.75 9.874691929212695 457.0763786086749
92.75 -93.87295448628005 506.0558856775992
92.75 18.0319810935068 263.4315050845333
92.75 -42.09908997957428 515.9244710734139
92.75 -78.31541682039986 513.4928768521514
92.75 -80.05188602319389 383.2233416524475
92.75 2.191150840960904 463.6868077284833
92.75 85.09357264227584 382.9816046885579
92.75 -118.6723058785932 559.3300683894945
92.75 -46.07886228129957 479.7037739005053
92.75 49.39633958405471 442.2049365892385
92.75 87.89035879154079 411.3876981405046
92.75 -76.8499999997846 258.0880899995655
92.75 -25.95874367987205 467.3631570430589
92.75 -103.2928021226766 414.7694846705374
92.75 100.7910630287361 338.0418614264046
92.75 -67.13505781803765 258.5789462704373
92.75 -20.37230738411072 433.6172831188937
92.75 -50.89706820999438 399.692061903466
92.75 -110.1769990612493 536.0458787396985
92.75 -30.20629163650829 293.1789876802807
92.75 64.63076912636312 341.0643805871364
92.75 58.90919881405048 453.09086677022
92.75 48.1556175494632 465.4080607839626
92.75 91.04085673945404 444.7705265713963
92.75 -59.51384655501578 490.6939982311245
92.75 -1.714917128129785 354.9894203091458
92.75 4.25090010402625 492.7986596524252
92.75 -59.14072603588368 524.1504047926867
92.75 -124.7475894730251 455.6898154255651
92.75 101.8347583582211 402.0486310562105
92.75 -53.13185024112298 465.2738514189367
92.75 -70.61497278899212 472.8433730969119
92.75 -20.86348155749934 463.7232182815462
92.75 4.737254275199311 361.87820719425
92.75 -104.0023576321217 485.9973392091996
92.75 -31.9975296396873 471.9589584466701
92.75 -70.6335267966556 461.6500475005561
92.75 5.577864035143986 356.8949145995815
92.75 -64.02773659582674 506.5862302084184
92.75 -108.2883838070899 527.9675861106527
92.75 -41.4262052330771 385.499541697525
92.75 43.87476966059192 398.9917947777187
92.75 -71.39936821222732 464.7774577104746
92.75 67.96158651463432 423.9013161111051
92.75 19.53096845343734 477.8581526993669
92.75 46.39678058649624 263.23899554873
92.75 -63.38017987182621 351.217013618376
92.75 5.731780493588156 450.0249037169792
92.75 -96.23225527958022 481.577548107093
92.75 -9.92724163735879 480.0519839216329
92.75 -105.9487313656119 571.9261460944947
92.75 -128.9180262395669 595.1386866177901
92.75 -87.27051617031998 542.148344361007
92.75 -68.92294628850128 413.9088007295801
92.75 -42.50468123786778 468.945915820736
92.75 -40.37149735507968 461.1920235623231
92.75 6.9103605200889 411.3683901814913
92.75 -58.57288766716623 317.315358484204
92.75 -22.53211041086626 486.4519138548664
92.75 6.598162143929732 462.1423069689832
92.75 63.51284073549195 267.9861577102052
92.75 -29.23758617692833 502.4136782059002
92.75 -29.30014614783509 495.9383193217142
92.75 -124.6542218847495 413.4939777400523
92.75 -13.19649418590581 456.6174677471614
92.75 10.12171310080662 454.8772548474397
92.75 -105.6369386633732 490.2866462148393
92.75 78.53734342702795 263.1409574553974
92.75 -64.05554410322419 516.1200661183933
92.75 -81.14510225599061 511.7107246165376
92.75 4.925747593552754 465.1559662555034
92.75 85.46689155174083 411.7812821911074
92.75 -87.4105564978173 330.3307277823848
92.75 125.8155877427056 422.4922274773721
92.75 128.4789043256199 420.8942375276366
92.75 -11.75714514555285 453.334974582963
92.75 -107.7375638583677 411.2128344056003
92.75 -72.5929035233481 468.239477500614
92.75 -14.77237949045025 502.1933517521201
92.75 31.34610211289192 469.8231674638871
92.75 -50.1925998320922 514.0578333799286
92.75 14.15247088919735 448.8296432719142
92.75 -60.05796235081598 431.9602306996129
92.75 10.85949614951818 487.3663768647497
92.75 104.0448317653991 365.4687538482743
92.75 70.09150814573023 344.6934796095846
92.75 -36.09912392372902 294.1683868720537
92.75 -55.75638104528958 484.5106288497817
92.75 125.2360079148142 420.3617665302992
92.75 9.990720985599292 341.5781874578702
92.75 36.88565477592741 302.0003472400288
92.75 62.50262162328286 357.3612098838821
92.75 -26.49632620755927 482.5914365048821
92.75 24.87494439172144 443.4824293526504
92.75 102.7110226812884 369.9697670520908
92.75 -73.17409390180063 450.8482930661818
92.75 -38.45867266520764 445.1881677388345
92.75 50.25550945534108 464.3753830771612
92.75 -52.44776300886957 521.8735359937468
92.75 -48.8323001106487 495.3799159785481
92.75 -21.40729126232777 506.0543539158774
92.75 -9.210671653812421 452.5125400826524
92.75 94.86969531611545 424.2476577718669
92.75 50.80055032240627 443.3418593908685
92.75 -86.03319054872078 325.4141023421485
92.75 -66.90885938401208 352.6195623380672
92.75 -71.81449900438562 410.938677214317
92.75 -4.655709046913958 453.4087208914328
92.75 -1.130265701619158 408.5113765898333
92.75 40.28310509940511 286.2392818414473
92.75 9.990095872517413 438.6336977629356
92.75 -107.9679596166695 525.5100087550798
92.75 -102.6224116360996 566.6990534481612
92.75 35.41555121734033 475.5806713118757
92.75 -65.7297637403414 527.6516488460597
92.75 -88.60966294741011 538.7516265239057
92.75 -129.2785391692083 431.9473841914722
92.75 -92.06261286199347 267.4673028430482
92.75 106.6178959568017 426.5623464317565
92.75 107.6359900745819 355.8558250923097
92.75 -98.42733836556025 506.0230517731886
92.75 -96.62176640238009 558.5444237297457
92.75 -115.0664185600581 520.1765814451396
92.75 42.567543353981 418.4854574468816
92.75 11.0752704760136 452.0416339397214
92.75 -87.44157549011059 369.8429844792723
92.75 -89.2036310904309 544.914310319905
92.75 -58.27690003877956 487.7658219626
92.75 105.4052493650607 360.9469819566365
92.75 88.98663073702282 407.4620748735265
92.75 41.84202941407531 461.5373217348051
92.75 -39.84657968771695 458.6299421798129
92.75 56.0227617415436 405.1409067564865
92.75 -2.083765152190323 452.6732853850251
92.75 38.30914152868233 297.1453051904357
92.75 6.348474002236782 447.5334985305918
92.75 128.6503518384016 324.6521622937614
92.75 105.5697400410905 336.9826060532064
92.75 -124.085294688729 377.3656720072165
92.75 -28.11047329440052 507.256743000824
92.75 -124.1441187272501 322.7023029977031
92.75 0.7669256164005652 452.0117028366437
92.75 -44.97682324877479 517.2384252430792
92.75 -67.17430598507832 520.59882461527
92.75 -93.80363794541589 555.079308175861
92.75 -124.5603720743663 270.4102232785219
92.75 -52.33488004629322 462.534553059717
92.75 77.27613929755189 443.4561294222427
92.75 59.34741740493746 354.0762754044831
92.75 -25.80692266270004 496.4360221852764
92.75 -112.3987840575799 412.4273745642611
92.75 -69.75593234389956 458.6953380738975
92.75 116.2073722109392 411.2698935597359
92.75 124.3537546591309 306.4565341189198
92.75 -122.4536447948384 530.8610045376188
92.75 65.01791104239102 449.5460507209826
92.75 -41.42292980097321 300.4809012275365
92.75 25.50897225189256 356.4473458363366
92.75 119.3506615572843 377.6430447977741
92.75 3.105345853553981 451.241291299425
92.75 111.278748867991 432.5016720200954
92.75 -78.99819466993806 404.7933440847532
92.75 4.819885993510186 262.6268204610321
92.75 58.42817123112533 463.3690129052588
92.75 70.4598069181888 391.980662136458
92.75 -111.1940203297962 565.0615849316522
92.75 -129.7555494281411 475.9435331416463
92.75 -69.97354415172012 269.5637548709592
92.75 103.2015366190278 438.1197599697716
92.75 -67.72012743488358 449.4597374783582
92.75 90.40767543419587 441.4273063540095
92.75 10.55489166892271 489.0768324865166
92.75 22.17738962541115 446.6641813144278
92.75 -123.7418241261847 284.2252751821457
92.75 77.23966282628278 346.8531566261109
92.75 -46.28437081832644 375.9789058426123
92.75 -44.39222815989334 382.5862905302386
92.75 44.93129624262796 395.6164814854858
92.75 28.16603644472422 287.6193350086341
92.75 17.20057585849555 445.56977560883
92.75 57.96960581608292 451.9688213769947
92.75 -27.63420642429867 497.0777631500511
92.75 73.56903954032693 343.4047822297264
92.75 6.000023925279831 476.0759243501029
92.75 -24.1549298950305 495.7158136376185
92.75 63.97178055790988 451.8044299109276
92.75 -63.54300116639129 432.9507191456919
92.75 -43.71826279162051 427.188358820753
92.75 -18.23514532949698 453.2077263553695
92.75 -74.8202596973675 407.9312603853281
92.75 123.835475640527 388.9832965792099
92.75 -85.10488396927511 401.3561873014644
92.75 -32.38671190790217 503.2798335408206
92.75 -100.3371737567493 564.0815488438719
92.75 -94.39548609733913 509.6649034964036
92.75 11.03840109270581 485.489009658835
92.75 -26.10758771516868 480.4937078988171
92.75 -85.72053828086757 389.180862826578
92.75 -39.66270205756736 467.6505560299185
92.75 107.9881166487553 422.9208350526483
92.75 86.84279740046803 405.1380455051969
92.75 44.93793036849004 458.8804593307706
92.75 -30.52482434783804 500.2038764213483
92.75 113.8722743079731 350.0044731739242
92.75 27.00134271918802 442.8962930268805
92.75 31.95014664018869 275.8373518713607
92.75 -83.85346893617256 396.9390649216099
92.75 62.34548420605191 452.3029773795781
92.75 -7.524093831620583 477.9727690424485
92.75 -17.43064138987576 451.2423733672715
92.75 87.24110559982711 356.9950363239217
92.75 88.6533528337194 446.5618694632212
92.75 50.81746538804572 457.2943919079299
92.75 -81.85442037139671 522.4699418315729
92.75 -40.72230272069176 515.1903104900523
92.75 -88.57761514281485 454.1603857000771
92.75 -38.46694639182797 455.2285928721465
92.75 79.50296299933993 354.6932081080673
92.75 -37.54887159130564 511.63949497356
92.75 123.8195842414136 364.1555867081768
92.75 60.96737316866302 452.5581237357802
92.75 -109.5083304796711 494.1737261115544
92.75 90.5110255328249 360.3224978397634
92.75 16.05507293223609 448.5073769858636
92.75 -51.80852838087196 458.5985088337055
92.75 123.8810388618062 292.0116573293772
92.75 1.26686620430758 466.3809738682469
92.75 4.392825050956366 408.8066607867643
92.75 -68.20716142725236 528.2897820207593
92.75 -126.8741332631424 523.7319322872482
92.75 -106.1510817243689 493.333316865285
92.75 55.98675334065988 450.5808940184655
92.75 39.61259979515422 292.4947054757945
92.75 -85.20527374240562 449.29340707259
92.75 42.05115566344079 471.6444979567839
92.75 -67.95239460353987 437.3644787147975
92.75 59.45825714813686 462.800220911367
92.75 -45.48824026383014 477.1216927392217
92.75 84.01444382486069 353.6595628147723
92.75 -6.429701319897736 454.3235283292831
92.75 46.0496630527478 392.1853973630752
92.75 -22.25614035764366 459.3652843672675
92.75 -70.03328658276762 530.1061071999162
92.75 128.5838450560992 258.3589197423564
92.75 -82.34489399904513 539.862096669249
92.75 123.6547156799888 357.5164218576709
92.75 109.8908805265277 258.3735119340494
92.75 117.2574389192988 401.2705335188942
92.75 -128.6213780198247 258.3780944700796
92.75 60.96792990811554 462.3361276180043
92.75 -84.28050341522496 384.539249675752
92.75 107.9217511077772 331.1892518585096
92.75 -91.81807944462599 477.6123251958696
92.75 113.8370548964569 430.5249618366406
92.75 43.73936492467669 470.3476947244256
92.75 11.69289068562937 431.62680963458
92.75 -46.0465450938152 267.3858274044597
92.75 46.06942510559061 361.1766012463244
92.75 -47.38925025331269 379.5841681980953
92.75 -70.06744938360843 349.4017165590351
92.75 124.7244137832839 275.2327117127585
92.75 79.42359359052219 454.8671283460093
92.75 69.06407555919837 452.7296482950939
92.75 30.8726203968261 431.2916871073155
92.75 -44.51820252727556 296.927213843235
92.75 19.67646526000797 444.7886484448107
92.75 53.61423159251651 401.8557762960306
92.75 46.08005997746442 441.5195755496982
92.75 -115.8564311251822 556.5139667109528
92.75 -23.14569183414538 417.0425517319146
92.75 -93.06529317590257 516.3515208178429
92.75 -26.41997921714964 417.9487429425773
92.75 5.749946809049366 492.0654319132203
92.75 -35.47233390356411 444.2889667693051
92.75 -2.430643683797876 496.9850973384309
92.75 -67.01603480604011 519.1177732182057
92.75 -68.84097121177646 455.5395745663207
92.75 43.32608656876095 441.9820362102807
92.75 44.04143106385105 468.593920275603
92.75 -99.38222263909485 359.2790238109623
92.75 -46.89491857282833 288.5261930839576
92.75 73.10987952759137 456.5231141470786
92.75 -56.33381605650329 487.6074424068955
92.75 -123.1165867947988 513.4208985399347
92.75 -57.92229541202072 401.6924013026224
92.75 -12.9614641519376 263.0811388438733
92.75 -34.75372902730354 512.6628915047139
92.75 -46.74768798798423 494.8064026256448
92.75 56.60063207067053 351.9137449735397
92.75 -110.2268122244997 573.5803574253284
92.75 19.6229233002958 358.0969201683506
92.75 -51.93393892997916 284.6243380616547
92.75 -34.0971385046424 510.7253824406361
92.75 -108.7517236738454 563.700579136467
92.75 14.23141429866197 425.1125009595606
92.75 28.33046662420802 432.0296157278468
92.75 -60.6753205209798 392.7920628410371
92.75 75.9336481810072 442.1311239272912
92.75 -83.8332237736825 519.8320030577331
92.75 -90.95082612675118 474.3238385573199
92.75 112.8075244201656 329.9594925737345
92.75 -115.8634708531317 413.8653646238234
92.75 -119.8913055763024 557.501334355033
92.75 -43.85165378352393 487.2901171017869
92.75 9.715529985291674 484.4286405307666
92.75 50.4235780168461 465.8459312503889
92.75 -93.6309190535105 469.6877480631121
92.75 27.45915622274235 480.2691129675609
92.75 -122.3692358752483 262.5088420845659
92.75 -26.51346622853094 262.0939500087753
92.75 48.21187936962166 440.9232224825395
92.75 16.61609425096309 355.0618126786283
92.75 -77.91463547136284 502.5640667786103
92.75 -56.89199632401405 285.9712099231363
92.75 86.48216135261204 379.0795817434779
92.75 -98.13891407216808 501.7712253021685
92.75 99.28054511467352 439.1264529130545
92.75 -43.04105953221812 423.0162618106186
92.75 -68.04310283357289 452.4828699514789
92.75 -126.0776283302778 585.4357190928237
92.75 12.37943956589069 428.844171116688
92.75 111.3256583077201 355.5104993376534
92.75 -125.5337041563275 479.5297975885755
92.75 -51.81150150713248 519.6921836293538
92.75 -92.62012569720061 466.0486994848723
92.75 -79.94668792841618 499.1526212042092
92.75 71.49332145663085 388.4126998676566
92.75 -122.8590066179739 558.8182313310875
92.75 66.02082243297853 421.0943733640096
92.75 16.77188768171621 348.6694583080129
92.75 -73.57634241596891 346.005810478746
92.75 35.83777413592009 268.8862754068446
92.75 -80.67111511339976 334.3135717855436
92.75 34.18024400371073 286.9045292471186
92.75 57.85091670531842 347.5692072512312
92.75 25.05927190374589 418.2970307544606
92.75 95.8160141234374 437.2951255760022
92.75 -92.47214594148484 513.7545685524901
92.75 51.76294226085697 453.6284480893267
92.75 -64.91207225496009 518.3035549572652
92.75 54.52039736270135 453.0954621289192
92.75 75.04233434405789 428.6062862640377
92.75 -103.2478087419179 553.1757787707101
92.75 50.40967199598343 370.7811823449489
92.75 -53.42445252777741 508.4835688739532
92.75 -124.5136465065577 359.800744132927
92.75 -75.18014547746445 532.2954105446642
92.75 -109.930080511169 262.8883577801921
92.75 -17.03076058272045 447.8170992816128
92.75 128.3981395572783 416.459026843686
92.75 -86.07145966316928 535.9250960119879
92.75 116.6406097605235 329.7486805274618
92.75 -38.89395020706517 514.5498353366667
92.75 6.332819682812631 474.1298612347132
92.75 -5.083629766470518 498.268032072194
92.75 19.38402040611294 426.4346605952127
92.75 -113.9251901535376 578.7567193942026
92.75 122.6751137378237 422.3482321553989
92.75 29.31707576522149 442.2833135698951
92.75 50.84736570378049 455.9226916305147
92.75 -126.3047665076243 482.6812639291796
92.75 66.56340294650592 449.1897072637003
92.75 -20.38076765883741 461.4127328437993
92.75 -90.58213074255634 458.6535993749976
92.75 -125.3319977614338 366.0652538770623
92.75 80.12964542444325 399.8287021579068
92.75 -30.2860265917325 498.3968130304478
92.75 49.15181942009441 458.002554311229
92.75 101.4839141825885 412.4250592427506
92.75 119.0992640280584 424.8812691924823
92.75 116.5962671052312 428.4804798933296
92.75 31.44881894829901 467.6467460446981
92.75 -69.27453804907832 507.1750305321764
92.75 93.26966251205585 422.4233815819602
92.75 -56.85030625406871 262.8552117361714
92.75 -12.44061617258157 502.8814688581092
92.75 72.74148862687703 426.4645651194434
92.75 -57.25872068785968 483.2499855025142
92.75 -91.01924662838398 366.286542082586
92.75 102.9071270986982 257.7885119199298
92.75 74.78602302976233 407.1392108964687
92.75 -22.51472952073277 495.095390212399
92.75 123.8879178285947 343.6952332728311
92.75 -19.94763564099705 416.2708633520774
92.75 -91.65158935336251 462.3572192809617
92.75 -121.7323617202905 457.2890901019167
92.75 -82.0410725230164 406.0013035861438
92.75 -119.2698435631774 410.4094734393341
92.75 43.10507121293571 438.3759525435937
92.75 -18.19405040651598 483.8626097900395
92.75 77.02734802247467 400.7201014532416
92.75 108.5828175691304 432.5012621127226
92.75 112.4855381004117 396.2022330641494
92.75 -82.3174537955534 514.6121693686624
92.75 -83.17300769996589 517.2768699046612
92.75 83.53994482069348 398.9926226727277
92.75 -85.66768153948119 453.7519381726299
92.75 4.39340275621131 342.6788963419156
92.75 -130.2192545287676 493.6354761793273
92.75 -34.82553651349352 441.3967199393965
92.75 91.60860929519802 419.5126388923436
92.75 -124.5878714502221 339.8535986240872
92.75 19.48497098596456 485.1393570034139
92.75 -32.01275410800061 510.1756853989949
92.75 120.2620214179825 262.8625337311694
92.75 82.15000000013238 257.4125591526868
92.75 71.20009900112164 408.5703879973727
92.75 32.22906758463191 441.0130623881277
92.75 80.48385826019101 452.5300289710106
92.75 49.23450261877188 464.9505679924318
92.75 21.71894934139362 262.3032410036282
92.75 33.3832484035977 430.7151006613626
92.75 87.62368416897388 374.7695999261093
92.75 9.547000635463945 431.8316630783719
92.75 -60.2931727954833 287.6054229088498
92.75 -75.73759579607287 337.9408252948447
92.75 -113.7913962046107 494.6693842116992
92.75 124.994580264904 409.9726698682554
92.75 -119.9664460705274 582.329488637661
92.75 25.87283722022954 432.8264096265555
92.75 -108.3939840643418 561.4845732574728
92.75 -36.38819088692743 454.9982677125593
92.75 -62.67468730667953 279.1775907567933
92.75 -16.0867321016003 414.7485627309534
92.75 -128.3070978565669 591.7988098704826
92.75 -104.6581614981734 267.3230434481226
92.75 -30.56776166711378 501.4912963116281
92.75 43.92161953632226 347.7870794193823
92.75 -119.7713387573632 398.8615375310321
92.75 -78.29466572110057 493.4966432552857
92.75 -76.59223978352263 487.8192803925315
92.75 -84.7933689327869 321.6406999248686
92.75 -131.1669404681481 597.5682831919655
92.75 -68.993877805943 521.3866843905236
92.75 -95.97399678824434 517.5178707344664
92.75 124.3060642276216 332.0311881844805
92.75 -29.17927989621478 504.6120383618848
92.75 62.44248298556418 461.1004831135297
92.75 -100.1014864860021 500.4337054892642
92.75 44.01648425932679 466.4783786006569
92.75 -63.2309577727185 526.6653086615792
92.75 -62.66006966744264 516.0756154616981
92.75 10.46405113336987 349.0141232286285
92.75 -106.8237856062573 553.94059216909
92.75 -13.7534690256632 317.1704844141404
92.75 123.5805051442528 382.5890907410561
92.75 -44.86354359302649 474.5166206515735
92.75 -126.9506902576001 540.8879976574533
92.75 117.5385608389676 407.8879180306391
92.75 -107.7743779302034 357.0089332252105
92.75 51.60568025233168 463.9800384676331
92.75 59.2407674931078 439.4710139309079
92.75 56.92035775397317 440.4031369447526
92.75 60.06732021633286 433.4736933693997
92.75 8.430426934049235 447.4636075107266
92.75 -20.35905410659627 485.1509745100865
92.75 -1.300352312653818 411.0280090871319
92.75 -87.44835162737219 266.4754139117163
92.75 -94.35085234431868 362.8288904147714
92.75 6.460638431994103 471.6841997004394
92.75 30.24372395824371 352.2549609756443
92.75 -44.52980174010259 485.0608745810609
92.75 -119.7400537606581 382.1509402520213
92.75 37.22343546031721 439.518461432325
92.75 -82.93523210013319 543.5764599746853
92.75 47.5206366384101 458.5639822238137
92.75 118.6669893729716 353.7167760691823
92.75 25.9740974773213 353.2870331660301
92.75 25.91017681634281 399.2295744233595
92.75 -128.2669342160143 565.8554845050782
92.75 9.88115425897781 444.1650308754253
92.75 30.06596089852296 466.4219321216851
92.75 -45.21183396217618 421.5182983354109
92.75 45.90862872801387 417.1911370472512
92.75 -125.3065173944261 559.6858103400129
92.75 90.89117108308891 433.0797975379417
92.75 -66.61612350647432 445.0478293556793
92.75 -47.00283360570352 517.6002888195092
92.75 76.69946272856082 454.9902475548775
92.75 71.44603561434539 455.5248462817195
92.75 18.36283805382718 397.0770296427297
92.75 39.74527659980554 438.8000507354919
92.75 -76.49267141553143 497.579659867089
92.75 84.99239402718773 403.7478613456411
92.75 -72.38222931613168 434.3326639094374
92.75 -8.20844383938106 352.9163876447502
92.75 21.05917758671928 401.121764042627
92.75 88.86249102665271 370.574137904286
92.75 18.97171054690264 458.3624349398914
92.75 -16.02545984361103 412.2277983727981
92.75 40.93937685843855 460.5770850593456
92.75 36.8662878158243 474.9466683853138
92.75 74.47360732451226 456.0918072559797
92.75 97.03963579789695 438.0762536113802
92.75 -77.49902764973369 490.6823992478805
92.75 -125.3526729794278 418.7534894601773
92.75 34.72871016093823 440.2566936901831
92.75 -87.42158490359023 447.6023289483827
92.75 -128.2195947348301 562.7206663567507
92.75 54.39453370172444 434.0636677702923
92.75 -37.94206543060311 513.8168086394104
92.75 -93.07423535226245 548.669576912285
92.75 75.56554655371777 398.4070953902711
92.75 -47.93895949363683 445.8512368785664
92.75 -63.24593307046131 507.8967560098702
92.75 35.94498116243148 430.0896572062002
92.75 -75.3457571062019 471.6071722411075
92.75 6.291403713057472 258.1323436270962
92.75 51.5871525862248 262.6479029746771
92.75 44.27941451514224 460.8992651473611
92.75 52.76083297793222 443.6924770118405
92.75 -36.49171611342754 511.9217207692659
92.75 -86.80221520986217 442.951591305266
92.75 -105.2389977417645 569.3340264260943
92.75 -85.88353613371994 533.1196568069026
92.75 17.46704737676348 427.3401926927304
92.75 -92.1969861189405 545.7441525321657
92.75 -117.7861064310781 557.0327347519988
92.75 8.865958953314228 490.5814099261606
92.75 -79.17666609824609 533.447914781499
92.75 67.10517807937748 266.956500124912
92.75 -83.28222245860296 309.7404876118454
92.75 90.1174444187948 366.2641861935757
92.75 -49.86151884980534 512.4742202127144
92.75 54.65085023435339 399.6704039979423
92.75 -49.169359436073 449.4005636719254
92.75 44.94984254265519 456.176059610532
92.75 2.813327273380879 406.8399135055386
92.75 5.736055200765412 431.8127511503923
92.75 -52.74018967114596 501.0531393094423
92.75 7.233074821207722 491.3512004071645
92.75 -128.8641493426832 324.3738668857545
92.75 49.20855802330397 416.031968835883
92.75 34.43584778608114 351.2454808940097
92.75 102.5722333715521 398.6050883701782
92.75 -118.8021481577079 289.0906383006178
92.75 -83.98025547871332 504.2220090876386
92.75 -83.84113249545514 335.7461610417588
92.75 91.44637582270528 439.0959935630769
92.75 -128.8623293255858 578.4177353824502
92.75 29.16291696933077 281.655059910316
92.75 62.35674824501267 432.7135013011057
92.75 -34.08173733693621 468.7064900082913
92.75 -46.32438370913352 492.6647845584746

CELLS 13713 54092
1 0
1 1
1 2
1 3
1 4
1 5
1 6
1 7
1 8
1 9
1 10
1 11
1 12
1 13
1 14
1 15
1 16
1 17
1 18
1 19
1 20
1 21
1 22
1 23
1 24
1 25
1 26
1 27
1 28
1 29
1 30
1 31
1 32
1 33
1 34
1 35
1 36
1 37
1 38
1 39
1 40
1 41
1 42
1 43
1 44
1 45
1 46
1 47
1 48
1 49
1 50
1 51
1 52
1 53
1 54
1 55
1 56
1 57
1 58
1 59
1 60
1 61
1 62
1 63
1 64
1 65
1 66
1 67
1 68
1 69
1 70
1 71
1 72
1 73
1 74
1 75
1 76
1 77
1 78
1 79
1 80
1 81
1 82
1 83
1 84
1 85
1 86
1 87
1 88
1 89
1 90
1 91
1 92
1 93
1 94
1 95
1 96
1 97
1 98
1 99
1 100
1 101
1 102
1 103
1 104
1 105
1 106
1 107
1 108
1 109
1 110
1 111
1 112
1 113
1 114
1 115
1 116
1 117
1 118
1 119
1 120
1 121
1 122
1 123
1 124
1 125
1 126
1 127
1 128
1 129
1 130
1 131
1 132
1 133
1 134
1 135
1 136
1 137
1 138
1 139
1 140
1 141
1 142
1 143
1 144
1 145
1 146
1 147
1 148
1 149
1 150
1 151
1 152
1 153
1 154
1 155
1 156
1 157
1 158
1 159
1 160
1 161
1 162
1 163
1 164
1 165
1 166
1 167
1 168
1 169
1 170
1 171
1 172
1 173
1 174
1 175
1 176
1 177
1 178
1 179
1 180
1 181
1 182
1 183
1 184
1 185
1 186
1 187
1 188
1 189
1 190
1 191
1 192
1 193
1 194
1 195
1 196
1 197
1 198
1 199
1 200
2 0 1
2 1 2
2 2 3
2 3 4
2 4 5
2 5 6
2 6 7
2 7 8
2 8 9
2 9 10
2 10 11
2 11 12
2 12 13
2 13 14
2 14 15
2 15 16
2 16 17
2 17 18
2 18 19
2 19 20
2 20 21
2 21 22
2 22 23
2 23 24
2 24 25
2 25 26
2 26 27
2 27 28
2 28 29
2 29 30
2 30 31
2 31 32
2 32 33
2 33 34
2 34 35
2 35 36
2 36 37
2 37 38
2 38 39
2 39 40
2 40 41
2 41 42
2 42 43
2 43 44
2 44 45
2 45 46
2 46 47
2 47 48
2 48 49
2 49 50
2 50 51
2 51 52
2 52 53
2 53 54
2 54 55
2 55 56
2 56 57
2 57 58
2 58 59
2 59 60
2 60 61
2 61 62
2 62 63
2 63 64
2 64 65
2 65 66
2 66 67
2 67 68
2 68 69
2 69 70
2 70 71
2 71 72
2 72 73
2 73 74
2 74 75
2 75 76
2 76 77
2 77 78
2 78 79
2 79 80
2 80 81
2 81 82
2 82 83
2 83 84
2 84 85
2 85 86
2 86 87
2 87 88
2 88 89
2 89 90
2 90 91
2 91 92
2 92 93
2 93 94
2 94 95
2 95 96
2 96 97
2 97 98
2 98 99
2 99 100
2 100 101
2 101 102
2 102 103
2 103 104
2 104 105
2 105 106
2 106 107
2 107 108
2 108 109
2 109 110
2 110 111
2 111 112
2 112 113
2 113 114
2 114 115
2 115 116
2 116 117
2 117 118
2 118 119
2 119 120
2 120 121
2 121 122
2 122 123
2 123 124
2 124 125
2 125 126
2 126 127
2 127 128
2 128 129
2 129 130
2 130 131
2 131 132
2 132 133
2 133 134
2 134 135
2 135 136
2 136 137
2 137 138
2 138 139
2 139 140
2 140 141
2 141 142
2 142 143
2 143 144
2 144 145
2 145 146
2 146 147
2 147 148
2 148 149
2 149 150
2 150 151
2 151 152
2 152 153
2 153 154
2 154 155
2 155 156
2 156 157
2 157 158
2 158 159
2 159 160
2 160 161
2 161 162
2 162 163
2 163 164
2 164 165
2 165 166
2 166 167
2 167 168
2 168 169
2 169 170
2 170 171
2 171 172
2 172 173
2 173 174
2 174 175
2 175 176
2 176 177
2 177 178
2 178 179
2 179 180
2 180 181
2 181 182
2 182 183
2 183 184
2 184 185
2 185 186
2 186 187
2 187 188
2 188 189
2 189 190
2 190 191
2 191 192
2 192 193
2 193 194
2 194 195
2 195 196
2 196 197
2 197 198
2 198 201
2 201 202
2 202 203
2 203 204
2 204 205
2 205 206
2 206 207
2 207 208
2 208 209
2 209 210
2 210 211
2 211 212
2 212 213
2 213 214
2 214 215
2 215 216
2 216 217
2 217 218
2 218 219
2 219 220
2 220 221
2 221 222
2 222 223
2 223 224
2 224 225
2 225 226
2 226 227
2 227 228
2 228 229
2 229 230
2 230 231
2 231 199
2 199 232
2 232 233
2 233 234
2 234 235
2 235 236
2 236 237
2 237 238
2 238 239
2 239 240
2 240 241
2 241 242
2 242 243
2 243 244
2 244 245
2 245 246
2 246 247
2 247 248
2 248 249
2 249 250
2 250 251
2 251 252
2 252 253
2 253 254
2 254 255
2 255 256
2 256 257
2 257 258
2 258 259
2 259 260
2 260 261
2 261 262
2 262 263
2 263 264
2 264 265
2 265 266
2 266 267
2 267 268
2 268 269
2 269 270
2 270 271
2 271 272
2 272 273
2 273 274
2 274 275
2 275 276
2 276 277
2 277 278
2 278 279
2 279 280
2 280 200
2 200 281
2 281 282
2 282 283
2 283 284
2 284 285
2 285 286
2 286 287
2 287 288
2 288 289
2 289 290
2 290 291
2 291 292
2 292 293
2 293 294
2 294 295
2 295 296
2 296 297
2 297 298
2 298 299
2 299 300
2 300 301
2 301 302
2 302 303
2 303 304
2 304 305
2 305 306
2 306 307
2 307 308
2 308 309
2 309 310
2 310 311
2 311 312
2 312 313
2 313 314
2 314 315
2 315 316
2 316 317
2 317 318
2 318 319
2 319 320
2 320 321
2 321 322
2 322 323
2 323 324
2 324 325
2 325 326
2 326 327
2 327 328
2 328 329
2 329 330
2 330 331
2 331 332
2 332 333
2 333 334
2 334 335
2 335 336
2 336 337
2 337 338
2 338 339
2 339 340
2 340 341
2 341 342
2 342 343
2 343 344
2 344 345
2 345 346
2 346 347
2 347 348
2 348 349
2 349 350
2 350 351
2 351 352
2 352 353
2 353 354
2 354 355
2 355 356
2 356 357
2 357 0
3 5050 3440 5051
3 4220 4219 5883
3 4085 3433 4774
3 2226 5337 5422
3 4500 642 5568
3 5049 3440 5050
3 3745 1605 6412
3 3202 3808 3967
3 3712 1257 6551
3 4019 1090 6405
3 3781 3148 3846
3 1257 3712 6553
3 5109 471 5179
3 4534 3368 5423
3 5270 4066 5387
3 3761 1330 4831
3 400 3973 5566
3 3741 2644 3933
3 3678 389 5752
3 521 522 4784
3 562 564 4663
3 2888 2887 4689
3 3774 458 4550
3 4026 1518 5873
3 5337 5338 5422
3 1330 760 4833
3 3859 2859 4556
3 1825 1824 4170
3 3973 3780 5566
3 2884 2421 5375
3 995 1009 4347
3 4274 4620 6127
3 3047 4965 5333
3 4255 484 5625
3 389 3678 4426
3 4132 373 6536
3 3985 3980 4243
3 1090 4019 5001
3 3201 3202 3967
3 430 3928 5740
3 50 438 3734
3 5578 4877 6541
3 6039 3553 6057
3 3908 3906 4553
3 2086 3743 5400
3 4860 3299 5594
3 3861 3862 3867
3 289 290 4137
3 5337 2226 5421
3 1330 3761 4830
3 4989 1956 5436
3 5526 2564 6210
3 3906 1419 4553
3 4503 4500 5568
3 3835 1511 5252
3 4343 2643 5470
3 4829 2515 5276
3 5615 2057 5981
3 693 5270 5387
3 2808 3047 5333
3 3744 626 5068
3 3949 3948 5683
3 5423 3368 5431
3 1511 1493 5252
3 4589 4590 5595
3 3682 4341 4827
3 3808 2558 3967
3 3743 2086 4626
3 4830 4829 5276
3 627 623 5395
3 3867 3862 6069
3 3618 3848 3849
3 4119 2169 4121
3 3511 4026 5873
3 1029 4904 5974
3 3948 1844 5683
3 411 4274 6127
3 3584 4054 4083
3 4053 388 4054
3 3517 4688 5776
3 2644 3741 4110
3 2959 2583 4203
3 3991 2342 6581
3 1358 1357 4626
3 4688 2081 5776
3 4135 435 4618
3 420 3854 3894
3 482 3780 4358
3 4091 5337 5421
3 3318 5331 6418
3 4859 3299 4860
3 2829 2830 4223
3 3839 472 5062
3 3951 3374 3952
3 4941 3907 6084
3 5031 5723 5968
3 1845 4591 4698
3 4289 4989 5436
3 4213 3963 5633
3 4367 4314 6261
3 4272 5902 6265
3 373 4132 6311
3 1734 4382 4383
3 684 689 4742
3 2133 4481 4482
3 2859 3859 6431
3 3107 5060 5197
3 453 3900 3951
3 2549 5338 5423
3 5787 4459 6146
3 3797 1149 3912
3 3498 5130 6492
3 3313 4219 5314
3 99 100 4391
3 3904 2884 5375
3 3500 4408 4548
3 6167 4143 6376
3 2561 4213 5633
3 3508 4221 4773
3 1419 3906 3907
3 3780 482 5566
3 3512 2779 5960
3 5008 398 5009
3 1838 4367 6261
3 4066 1697 4067
3 4336 4805 5857
3 4205 3149 4207
3 3781 3135 5284
3 3839 5062 5063
3 4591 4592 4698
3 5094 4070 6633
3 4219 3313 5883
3 3618 3337 3848
3 4341 3682 5225
3 4301 2057 5615
3 4207 3149 4208
3 1704 4529 4530
3 3135 3781 5293
3 4007 693 5387
3 3769 1936 4070
3 3803 2602 6030
3 4932 4832 5980
3 4617 4562 4791
3 4342 4343 5470
3 5130 3498 5550
3 3928 3564 5740
3 4832 4833 5980
3 2131 4354 6629
3 5354 5655 6419
3 671 677 5085
3 388 4053 5136
3 752 750 4049
3 3011 4307 4408
3 4583 4576 4585
3 626 3744 5524
3 1936 3769 3920
3 4081 627 5395
3 2133 4482 5323
3 1969 5523 6555
3 3593 4053 4054
3 693 4007 5649
3 2873 3313 5314
3 5902 3819 6265
3 1149 3797 3989
3 2686 4044 4046
3 3084 5297 5478
3 5611 4884 6453
3 91 92 4777
3 2686 4046 4047
3 2344 3768 4671
3 760 762 4833
3 3822 1692 5729
3 458 3774 4689
3 5331 3736 6418
3 4121 2169 4123
3 2588 2590 4809
3 1988 3790 5593
3 4054 388 4083
3 1605 3745 4305
3 2489 2487 4816
3 2483 5041 5490
3 85 86 3962
3 2651 3084 5478
3 441 99 4391
3 1626 3997 5084
3 4307 3827 4408
3 3130 3968 4815
3 857 4610 6683
3 1692 3822 5809
3 1948 1933 4123
3 5405 4783 6502
3 1041 3934 5378
3 4680 2860 4809
3 427 301 4269
3 3681 2864 4204
3 1029 4834 4932
3 5523 1969 6656
3 3160 3837 4204
3 3957 4877 5578
3 1357 3895 4626
3 4408 1544 4548
3 484 4255 6240
3 1697 4066 5270
3 4585 4576 4590
3 3423 2935 5368
3 3593 4052 4053
3 398 5008 5798
3 3753 6167 6376
3 3429 4941 6084
3 857 856 4610
3 1367 3957 4338
3 3790 1988 4619
3 5041 4401 5490
3 4336 633 4805
3 470 3778 4137
3 5338 2549 5422
3 5775 5025 5894
3 5694 4296 5834
3 4061 3512 5960
3 990 4346 6029
3 2131 2653 4354
3 4680 4884 5611
3 3768 2344 4800
3 4437 6082 6203
3 5573 4286 5702
3 611 4729 5573
3 3994 5109 5179
3 640 4479 4480
3 3293 6178 6367
3 2549 5423 5431
3 4007 1692 5649
3 3012 4013 5772
3 5591 2548 6124
3 225 226 3987
3 2909 2466 5032
3 2860 4680 5611
3 3778 470 4099
3 4346 3800 6029
3 3120 3119 4831
3 3125 4483 5392
3 5674 3491 5845
3 3928 3203 6544
3 2098 4506 5194
3 1692 4007 5729
3 1704 4530 5070
3 3203 3928 5719
3 4221 647 4773
3 3807 5341 5822
3 4834 4832 4932
3 3846 3148 4281
3 1828 1825 4170
3 3823 2467 5031
3 4157 3122 4165
3 4304 2778 5443
3 378 4085 4774
3 413 225 3987
3 629 627 4081
3 4834 1029 5974
3 4650 3171 5417
3 3963 4213 6313
3 5820 1970 5906
3 626 5524 5610
3 2840 5578 6541
3 4810 4041 5922
3 4238 4193 5210
3 3070 3690 6238
3 6178 4451 6367
3 3952 3374 5752
3 3854 420 4102
3 2473 2895 4556
3 4263 402 4455
3 3875 3872 6146
3 4533 4534 5423
3 4611 3796 4612
3 808 3892 4602
3 5910 4497 5930
3 453 3951 3952
3 2046 5910 5930
3 3122 3121 4165
3 4699 2251 6290
3 4155 2221 4156
3 5019 2897 5021
3 3324 3230 3972
3 4358 4359 5345
3 3968 3292 4815
3 611 5573 5702
3 380 3916 5029
3 49 50 3734
3 427 4269 6577
3 5655 3372 6419
3 2467 3823 5030
3 3980 3982 4243
3 6029 3726 6106
3 2033 2670 4379
3 4617 4791 6684
3 5723 2108 5968
3 3620 5670 5689
3 404 4016 5674
3 4355 3350 4356
3 3819 5648 5901
3 6082 3261 6203
3 4241 1970 5820
3 4043 2418 6121
3 3726 3880 6106
3 5277 392 6188
3 4800 2192 5465
3 3393 4028 4275
3 4983 3460 6147
3 2590 3960 4809
3 2778 4304 5451
3 1141 3992 5750
3 2897 5019 5022
3 1970 4241 5731
3 4908 3271 4909
3 2191 629 4081
3 1970 3910 5906
3 4893 5887 6111
3 3482 3481 4025
3 5783 4526 6006
3 4729 611 5788
3 3898 2605 5123
3 482 4358 5345
3 2342 4670 6581
3 4069 5526 6210
3 3452 4135 4618
3 3838 384 5036
3 1437 3843 4365
3 5194 4479 5637
3 1734 4383 4663
3 4529 1704 5207
3 2933 3402 5164
3 1399 1397 4106
3 407 4137 4223
3 1428 4810 5922
3 1019 1018 4775
3 1419 3907 4104
3 4044 2686 5263
3 3769 4070 5094
3 3878 2959 4203
3 5670 1377 5689
3 4241 4242 5731
3 5762 4023 6087
3 4242 5665 5731
3 4590 2223 5595
3 4683 3423 5368
3 3988 3285 4555
3 3433 3733 4774
3 4030 3697 6630
3 5524 3594 5610
3 367 4194 6381
3 494 3930 5072
3 2221 4155 5484
3 3553 6039 6074
3 2671 4046 5375
3 2086 1358 4626
3 3631 3937 4978
3 1009 1041 4347
3 3929 4529 5207
3 2701 3704 5293
3 5229 3194 5494
3 5648 3819 5902
3 4729 5788 5813
3 5887 1741 6111
3 4441 5783 6006
3 86 443 3962
3 927 3804 5074
3 4583 4582 5627
3 3618 3849 6325
3 4213 3973 6313
3 492 4236 4237
3 3954 5944 6291
3 382 3771 6209
3 434 93 3798
3 3413 2489 4816
3 4023 4024 6087
3 2418 4043 6144
3 2342 3991 6066
3 5363 3278 6145
3 5948 3886 5981
3 2558 3808 5491
3 268 3825 6138
3 3825 268 6228
3 1780 1778 5371
3 5310 485 5645
3 4441 4517 5430
3 4730 4729 5813
3 1749 521 4784
3 4670 1608 5312
3 4299 3190 5834
3 6176 3775 6294
3 3757 3758 4915
3 686 684 4742
3 3771 382 6027
3 4045 4044 5263
3 6123 3875 6146
3 3711 5591 6124
3 2342 1608 4670
3 3837 3160 4203
3 3768 4800 5465
3 444 47 3844
3 384 3838 5039
3 4479 640 5637
3 3482 4025 4058
3 906 4526 5783
3 3620 4299 5670
3 6281 4247 6552
3 678 562 4663
3 407 4223 6130
3 4576 4583 5627
3 4194 367 4195
3 2897 2689 5021
3 4046 2671 6257
3 4060 392 5277
3 4074 2191 4081
3 4031 4029 4060
3 1605 1604 6412
3 3119 3761 4831
3 3452 3893 4460
3 1273 4260 5838
3 4126 478 5497
3 3734 438 3749
3 4131 4132 6536
3 4024 4152 4153
3 4644 5492 6437
3 4745 5349 6497
3 43 390 3861
3 3190 4299 5749
3 53 54 5790
3 4530 2108 6063
3 3280 4738 6352
3 290 470 4137
3 407 289 4137
3 5967 4059 5991
3 3842 3319 5157
3 3107 3845 5060
3 2816 4389 5229
3 740 5967 5991
3 4526 906 6421
3 4850 5022 5248
3 2373 5969 6131
3 4299 3620 5749
3 2057 5948 5981
3 3774 4550 5401
3 4073 2191 4074
3 4070 2005 6633
3 5964 4502 5969
3 5492 4644 6359
3 2146 2033 4379
3 2864 3160 4204
3 624 1701 4732
3 466 3925 3927
3 3180 4145 5538
3 3393 4275 6190
3 862 6176 6294
3 2108 4530 5968
3 5727 2769 6323
3 3774 2888 4689
3 2830 3408 4223
3 4831 1330 4833
3 4152 4024 4234
3 4062 3796 4611
3 3425 5828 5857
3 3399 3425 5857
3 2770 3867 6069
3 3804 927 6602
3 3757 4915 6498
3 5349 4745 5903
3 1025 3847 4200
3 4978 3937 6045
3 3132 3668 5750
3 1741 4503 5568
3 1140 1143 4004
3 3899 4614 4615
3 2191 4073 5154
3 3992 1141 4004
3 3895 1357 5797
3 404 5674 5845
3 1668 1693 4780
3 5949 3762 6477
3 2169 1948 4123
3 4378 4379 4380
3 4354 2653 5481
3 5341 3807 6705
3 4612 3796 6348
3 2854 2195 4305
3 3872 5787 6146
3 2887 3467 4689
3 2576 5949 6477
3 2742 4756 5677
3 4465 2233 5920
3 3995 721 3996
3 3938 381 5771
3 4697 4699 6290
3 4199 359 6183
3 4738 3280 5984
3 2583 3837 4203
3 2602 3803 5928
3 3219 3095 5210
3 414 4783 5405
3 564 1734 4663
3 1790 1792 4794
3 5022 4995 5483
3 3511 4025 4026
3 2421 2671 5375
3 4435 1085 4437
3 4465 5920 5971
3 2098 5194 5637
3 4528 437 6153
3 3539 4900 5721
3 4651 4650 5417
3 3284 4108 4109
3 4900 1955 5721
3 3834 2755 5472
3 3350 4355 4357
3 4347 1041 5378
3 443 3953 3955
3 752 4049 6470
3 3892 3287 4602
3 3506 3878 4203
3 2884 3904 5147
3 6344 3317 6429
3 2373 5964 5969
3 2932 3922 4027
3 2742 4752 6104
3 6019 3030 6430
3 995 4347 6734
3 522 640 4784
3 4550 417 5401
3 3472 3850 5164
3 1040 1058 4789
3 1170 1173 4057
3 3190 5694 5834
3 2555 4062 4611
3 2643 4343 6593
3 4642 2373 6131
3 2319 3875 6123
3 5260 1614 6331
3 5829 1052 5895
3 5967 740 5972
3 4009 1694 4986
3 4506 2098 5913
3 1518 4026 6229
3 4727 5829 5895
3 3875 2319 6151
3 3460 4983 5122
3 3847 1025 4140
3 3999 6247 6279
3 1701 4726 4732
3 483 149 3870
3 4506 5913 6064
3 4378 4380 5081
3 3677 5032 6186
3 57 58 5625
3 5944 364 6291
3 3221 3496 6000
3 2732 4401 4910
3 4149 355 5273
3 3889 372 5076
3 3968 3130 4660
3 5009 469 6191
3 5549 495 5965
3 3781 3846 5293
3 5950 3755 6201
3 4389 2816 5506
3 2169 4119 4788
3 710 671 5085
3 4756 2742 6104
3 3690 5005 6238
3 469 5009 6224
3 2764 4235 5947
3 2653 3374 5481
3 4260 1273 5872
3 3653 5798 6380
3 3998 1839 4000
3 683 688 5087
3 3848 3337 4182
3 4791 3746 6684
3 4806 6344 6429
3 609 607 4104
3 434 3798 4145
3 3381 3879 5755
3 40 406 3905
3 4250 4248 4251
3 4453 5443 5520
3 3957 3892 4338
3 1235 4404 4542
3 4073 4080 5154
3 1405 1399 4106
3 4765 3585 5766
3 1824 4165 4170
3 4510 2870 5393
3 4016 404 6040
3 2840 4823 6256
3 5859 4260 5872
3 5937 2532 5962
3 1693 4042 4780
3 492 4237 5936
3 4382 1734 5477
3 4527 5937 5962
3 4009 4986 5455
3 301 302 4269
3 3997 1626 5087
3 4029 204 4060
3 4078 625 6693
3 1311 3857 4048
3 4259 4260 5859
3 4323 1393 4325
3 505 3740 4895
3 3843 1437 5210
3 3833 3730 6507
3 5909 3380 6388
3 2860 2588 4809
3 5022 5019 5248
3 1626 5084 5085
3 4910 3151 5469
3 4091 2268 5629
3 4768 6019 6430
3 3324 3972 4240
3 4013 4014 5772
3 4071 5310 5645
3 4131 3740 4974
3 5815 3576 6399
3 3381 3380 5909
3 3740 4131 6536
3 4251 4248 6281
3 6125 3829 6173
3 3829 3828 6173
3 5888 495 5966
3 5842 317 5877
3 4783 3515 6502
3 3992 3325 5750
3 4463 5888 5966
3 4350 5815 6399
3 2278 3563 6314
3 2941 3910 5761
3 3900 453 4144
3 6126 3684 6160
3 3817 5363 6145
3 3284 4107 4108
3 677 1626 5085
3 4069 4799 5526
3 449 3876 4459
3 2582 4063 4064
3 2755 3834 6755
3 4796 3677 6186
3 3553 3902 6057
3 860 857 6683
3 5521 4110 6018
3 4650 1535 5865
3 3924 4449 6116
3 4377 2146 4379
3 420 3894 6569
3 4166 5917 6308
3 3634 3595 6189
3 1535 5802 5865
3 4440 4441 5430
3 495 5549 5966
3 3841 5929 6046
3 953 6126 6160
3 3778 2829 4223
3 1141 1140 4004
3 897 3929 5207
3 2347 4023 5762
3 3985 4243 6050
3 4510 4511 5681
3 3412 4467 5090
3 740 4940 5972
3 5929 2973 6046
3 3876 449 4458
3 1386 1384 5123
3 4401 2732 5490
3 3319 3842 5591
3 3841 3840 5885
3 4199 4126 5497
3 4505 4506 6064
3 4082 4462 5488
3 4993 5828 6112
3 3536 5781 5808
3 4752 2742 6516
3 2895 3859 4556
3 4449 2757 5695
3 3717 42 3861
3 5443 2778 5520
3 4359 365 5345
3 3438 3903 5011
3 4614 3899 5123
3 5060 395 5197
3 5348 3282 5982
3 381 3938 5538
3 2582 2455 4063
3 4289 2063 5650
3 4023 2347 5843
3 5086 3411 6107
3 6015 424 6329
3 6039 4417 6074
3 3411 5086 6698
3 3841 5885 5929
3 3751 6393 6444
3 4469 2512 5705
3 1614 5260 6079
3 4555 3285 4556
3 4589 4585 4590
3 3745 2854 4305
3 6288 2278 6314
3 3857 1311 4469
3 6393 1263 6444
3 4149 5273 6637
3 483 3870 3873
3 3594 4940 5610
3 903 899 5070
3 6189 3595 6233
3 1290 5950 6201
3 1085 4435 4436
3 2466 2467 5032
3 2385 4301 5614
3 3849 4943 6325
3 4080 644 5154
3 6080 3676 6174
3 4462 3286 5488
3 6026 365 6038
3 1987 1752 4250
3 5681 4511 6548
3 3572 3749 6327
3 5614 4301 5615
3 2897 5022 5483
3 689 1658 4742
3 4747 4045 5263
3 4483 2073 5392
3 2689 2934 5021
3 4266 3842 5157
3 5838 4595 6075
3 1952 1950 4788
3 444 3844 5855
3 2268 4091 5421
3 4229 2538 5057
3 5522 4654 6414
3 4538 3714 6551
3 4823 2840 6541
3 2487 4815 4816
3 2582 4064 4065
3 42 43 3861
3 4027 3922 6621
3 4497 2279 5930
3 3919 6342 6413
3 3929 897 4685
3 389 3952 5752
3 750 1311 4049
3 5605 2810 5711
3 3344 4449 5695
3 3120 4831 4832
3 4449 3924 6336
3 4010 2932 4027
3 92 434 4777
3 623 625 5395
3 3850 3472 6510
3 3733 6015 6329
3 4248 4247 6281
3 1752 1754 4250
3 432 3891 6570
3 3807 5822 6691
3 5177 5727 6323
3 2935 3656 5368
3 1695 4765 5766
3 3401 5046 5047
3 3892 808 4338
3 4379 2670 4380
3 2957 4187 4188
3 5442 5868 6272
3 5155 5004 5279
3 4805 3399 5857
3 3996 721 4008
3 5273 500 6637
3 4483 3125 6585
3 4235 4096 5947
3 3714 3712 6551
3 3468 5830 5911
3 4424 488 5869
3 889 891 4436
3 450 134 3939
3 4145 3798 5538
3 3627 3919 6413
3 1996 1986 4642
3 3584 3583 4054
3 2934 5020 5021
3 2300 4912 6196
3 4503 1741 5887
3 2953 3651 4925
3 3466 6080 6174
3 3584 4083 5660
3 4699 4592 4931
3 6211 4837 6304
3 4562 1236 4791
3 399 3922 4310
3 3940 3946 3956
3 672 4801 6302
3 2687 3078 4107
3 1495 1497 5997
3 1493 1495 5252
3 3475 4528 6153
3 2315 4318 4319
3 2531 3966 6216
3 2393 3958 4427
3 6086 3364 6273
3 4317 3664 6620
3 3664 4317 6571
3 625 4078 5395
3 3209 4003 4015
3 2315 4319 4320
3 3783 3784 6478
3 4123 1933 5622
3 4287 4728 4771
3 3893 3452 4618
3 1511 3835 6741
3 3231 4677 4678
3 3439 4878 5931
3 4156 2221 5412
3 4103 5629 5662
3 4840 6276 6600
3 4928 1051 6014
3 4003 3209 4016
3 507 509 4974
3 4819 1780 5371
3 3555 5775 5894
3 5629 2268 5662
3 2302 2687 4107
3 3675 5732 5768
3 4045 4747 4748
3 2163 2358 4557
3 4799 4069 6302
3 4263 4455 6011
3 3850 2933 5164
3 5983 3304 6564
3 4004 1143 4294
3 3925 466 4230
3 4101 3194 5229
3 4801 4799 6302
3 3972 3230 4183
3 6247 4245 6279
3 3432 3888 5077
3 1658 3890 4741
3 3502 5107 5938
3 414 4125 4783
3 433 4030 6630
3 3677 2909 5032
3 3423 4683 5065
3 622 624 4732
3 5710 3818 6677
3 3776 4266 5157
3 2831 4841 5713
3 5293 3704 6666
3 41 42 3717
3 3880 1051 6106
3 4254 423 4645
3 2146 4377 4387
3 3730 3833 6533
3 2964 4020 4022
3 6014 1051 6060
3 3749 3572 6165
3 4372 1263 4373
3 5814 4605 5873
3 477 3993 4705
3 1740 4128 4129
3 383 3734 5340
3 3714 4538 6572
3 2816 5229 5494
3 5501 417 5769
3 4334 5620 5761
3 6392 3783 6478
3 1051 3880 6060
3 1169 1170 4057
3 2279 4497 5988
3 3905 406 5710
3 4730 1052 5829
3 2222 5753 5833
3 2455 2454 4063
3 3207 3209 4015
3 147 148 4782
3 3959 2192 4709
3 1937 1958 4070
3 3625 6026 6038
3 6378 3521 6506
3 3870 3871 3873
3 443 3955 3962
3 4465 3886 5948
3 3966 2531 6282
3 3797 3384 3989
3 3957 1367 4877
3 4012 3340 6190
3 4197 4198 4514
3 6237 2078 6340
3 4256 3669 5340
3 91 4777 6588
3 4110 3741 6018
3 3496 4581 6000
3 4013 3012 6175
3 3790 4619 5471
3 4958 6350 6464
3 4699 4931 5925
3 3922 399 6621
3 459 4310 5832
3 3799 4100 6658
3 3595 4762 6233
3 893 895 4438
3 5266 5092 5704
3 5798 5008 6380
3 3921 2920 4879
3 3243 5004 5155
3 4034 4513 5069
3 4731 743 5558
3 4114 2397 4117
3 1301 1303 4297
3 4491 6237 6340
3 1091 6211 6304
3 1236 1237 5819
3 3840 3461 5885
3 1986 2373 4642
3 4905 4906 5189
3 3085 4905 5189
3 2852 3669 4256
3 3846 2701 5293
3 4404 4407 4542
3 2063 4289 5436
3 4342 5470 6603
3 4028 4027 6621
3 4571 2431 6749
3 387 3961 5294
3 4325 1393 4326
3 4259 2094 5720
3 1235 4402 4403
3 1687 5074 6052
3 3899 4615 4985
3 3388 4010 4027
3 3770 5983 6564
3 6276 3760 6600
3 1661 1663 6005
3 3867 2770 5852
3 2920 3921 6199
3 4651 3075 4672
3 139 140 5778
3 3448 4669 5544
3 891 1085 4436
3 4287 4771 4997
3 1025 1019 4775
3 3934 1041 4789
3 4000 1839 4214
3 450 3939 3956
3 721 3995 5087
3 4193 4238 6549
3 3406 5038 5066
3 2621 2623 4879
3 2308 5522 6414
3 452 5732 6752
3 2454 4005 4063
3 5162 2070 5163
3 4025 3481 4026
3 402 4263 5658
3 299 5728 6134
3 1397 2964 4106
3 4886 5336 5896
3 1235 4403 4404
3 6422 3826 6561
3 692 697 4008
3 2459 2457 4395
3 1666 1668 4780
3 4353 1646 5826
3 3902 3145 6057
3 3923 415 5782
3 3340 4012 6175
3 4848 5807 5867
3 4771 4711 4997
3 3861 390 3862
3 3891 432 6301
3 3993 477 5663
3 3947 4353 5826
3 3668 4361 5750
3 6493 2176 6504
3 4940 3594 5972
3 1823 4116 6333
3 4307 2278 6288
3 3217 4156 5412
3 3868 6493 6504
3 2538 4229 5058
3 4089 5842 5877
3 2804 2201 4047
3 4794 3949 5683
3 3285 2473 4556
3 4606 2385 5985
3 415 3923 6616
3 4005 2454 4218
3 5163 2070 5358
3 5732 489 5768
3 3916 380 5486
3 980 5956 6270
3 446 164 4011
3 6350 3659 6464
3 1518 5814 5873
3 3285 3988 4557
3 607 1419 4104
3 5807 958 5867
3 1052 4730 5813
3 3933 2644 3970
3 1849 5665 6010
3 3384 3385 3989
3 632 609 4104
3 93 94 3798
3 1018 1661 4775
3 3823 5031 5968
3 1792 1839 4794
3 4961 3441 5640
3 5753 3901 5833
3 1377 4669 5672
3 5381 6168 6271
3 3583 3593 4054
3 4912 2300 6122
3 3890 1658 5278
3 2702 4197 4514
3 3247 6213 6407
3 3886 4465 5971
3 4895 3740 6536
3 3688 6102 6137
3 3895 5797 6047
3 3145 3902 6335
3 1299 1308 4295
3 5828 3425 6112
3 1273 5838 6075
3 5560 4760 5720
3 6292 5298 6584
3 2795 2131 6629
3 2732 4910 5469
3 3888 3432 5615
3 4141 3151 4910
3 2278 4307 6277
3 3903 3438 6608
3 3495 3818 5710
3 4615 1182 4985
3 3878 3506 6219
3 2802 3381 4309
3 644 4080 5155
3 4193 3219 5210
3 4297 1303 4298
3 4511 3009 4513
3 4089 5877 6241
3 3071 6345 6479
3 214 5528 6103
3 4266 3776 4268
3 503 393 504
3 4365 3843 5184
3 1308 4212 4295
3 4762 3595 6298
3 4204 3837 4770
3 5352 4616 5650
3 3460 4150 6147
3 354 355 4149
3 3259 4446 6218
3 5107 3502 6475
3 452 350 5732
3 1377 5672 5689
3 3402 4057 5164
3 3246 3881 6565
3 1778 2431 5371
3 4597 3856 6601
3 3845 464 6349
3 2569 5881 6133
3 2279 4502 5964
3 2456 2458 4919
3 1626 683 5087
3 3825 3652 6138
3 5024 6086 6273
3 1196 1263 4372
3 4127 4393 4394
3 4309 3381 5755
3 6278 4268 6337
3 3783 858 6436
3 3461 3840 6657
3 1375 4204 4770
3 4198 412 6650
3 1521 6422 6561
3 3910 2941 5906
3 1958 2005 4070
3 3406 5066 5067
3 4499 2046 5795
3 1839 3998 4794
3 4789 1058 4814
3 1628 5093 5266
3 3288 4155 4156
3 1950 2169 4788
3 4014 4423 5772
3 2859 4555 4556
3 3170 5056 5463
3 4366 6465 6512
3 464 3845 5983
3 3908 4553 6702
3 5092 2803 5704
3 6065 3784 6385
3 3960 2590 5056
3 858 3783 6392
3 4136 3438 5010
3 2983 6281 6552
3 4107 3078 4108
3 4104 3907 4941
3 4906 3092 5189
3 1041 1040 4789
3 4210 4162 6503
3 3092 4906 4918
3 3828 2836 6173
3 471 5109 6358
3 6503 4162 6524
3 2449 1070 5659
3 2201 2686 4047
3 356 357 6645
3 3784 6065 6478
3 4423 4420 5772
3 867 6278 6337
3 5162 4631 5334
3 3901 2233 5833
3 4366 4367 6465
3 2605 3898 6117
3 3938 5771 6567
3 2431 4571 5371
3 4212 1308 4296
3 3044 4229 5057
3 1142 3919 6223
3 4051 765 6470
3 4446 3259 6283
3 446 4011 4012
3 372 3889 5790
3 4146 501 4147
3 444 4916 5308
3 2847 6039 6057
3 3575 3621 6012
3 3869 6161 6328
3 5373 3584 5660
3 3930 494 5671
3 1437 4238 5210
3 2070 5162 5334
3 3939 3940 3956
3 5093 5092 5266
3 6125 2423 6231
3 2000 4578 6538
3 3772 5504 6676
3 3937 368 6045
3 202 203 433
3 765 4051 6198
3 5010 3438 5011
3 4909 3271 5719
3 4090 4089 6241
3 4726 1701 4929
3 4916 3866 5308
3 3953 443 5419
3 4438 895 4439
3 6013 4878 6031
3 3374 3951 5481
3 4071 3290 5309
3 4010 3388 4189
3 4254 4255 5625
3 4576 4575 4590
3 1235 1216 4402
3 4459 3876 6146
3 4915 368 6498
3 6025 3962 6313
3 3407 3406 5067
3 6345 4921 6479
3 4360 4318 5258
3 4121 4123 4139
3 688 721 5087
3 3919 1142 6342
3 5218 3634 6189
3 4470 2073 4779
3 466 3927 5325
3 4265 3327 5579
3 4619 2051 5471
3 359 5946 6183
3 479 3969 4302
3 487 53 5790
3 738 5784 6070
3 3520 3848 4182
3 6138 3652 6587
3 1476 4082 5488
3 2434 2802 4309
3 1695 4017 4765
3 64 393 503
3 4020 2964 4179
3 3693 5784 5827
3 2605 1386 5123
3 3194 4101 4962
3 2115 935 5031
3 4778 3649 5491
3 4677 3231 5076
3 2192 3959 5465
3 4513 3009 5069
3 3795 6260 6348
3 4116 1823 6528
3 3111 3909 4154
3 3881 3246 6427
3 5620 2941 5761
3 3441 4961 5711
3 4168 4166 6308
3 3352 2953 4925
3 6055 3773 6214
3 432 6286 6301
3 4100 451 6658
3 4467 3412 6712
3 1987 4250 4251
3 4343 4340 4344
3 1135 1132 4136
3 721 692 4008
3 458 4689 6660
3 5072 3930 6473
3 2073 4483 4779
3 4045 4748 4948
3 1165 4152 4234
3 4502 2279 5988
3 3847 3512 6088
3 2358 3285 4557
3 3487 5671 5785
3 1125 4265 5579
3 3465 5224 5773
3 3932 454 6535
3 4437 5975 6082
3 640 4480 4784
3 1094 6013 6031
3 40 41 406
3 1754 4249 4250
3 4591 1845 5618
3 3772 6676 6709
3 2564 4395 6210
3 3808 4778 5491
3 3369 3693 5827
3 3180 3117 4145
3 433 4029 4030
3 3207 4015 4202
3 3710 5605 5711
3 4376 6032 6119
3 3856 4597 6694
3 4112 6378 6506
3 4296 4297 5834
3 6161 2817 6328
3 4055 1169 4057
3 5177 2789 6002
3 6213 4124 6407
3 3700 3502 5938
3 3740 507 4974
3 291 292 4824
3 2870 4510 5681
3 4397 3274 5398
3 6414 4406 6722
3 1784 1780 4819
3 38 39 497
3 4383 4385 4663
3 3928 430 5719
3 207 451 4100
3 1296 1299 4295
3 5902 4176 5996
3 908 903 5070
3 4318 2315 5258
3 474 4092 6384
3 433 203 4029
3 3899 3898 5123
3 3879 3381 5909
3 5046 3401 5048
3 412 147 4782
3 491 141 4093
3 2855 3290 4071
3 6032 1748 6119
3 1214 1235 4542
3 4113 1368 4969
3 2195 1610 4305
3 454 3932 6379
3 3621 5192 6012
3 4062 2555 4973
3 4001 6044 6128
3 5648 5902 5996
3 2964 4022 4106
3 2467 2115 5031
3 3394 4613 6155
3 3210 4902 5539
3 4509 4510 5393
3 2063 5352 5650
3 1169 4055 4151
3 4930 5500 5799
3 3015 3013 4180
3 2413 4202 5135
3 3044 4228 4229
3 5727 5177 6002
3 4418 2847 6496
3 5722 5287 5995
3 328 329 4144
3 4057 1173 5164
3 889 4436 4792
3 3904 4665 5147
3 6226 2839 6289
3 5621 3100 5882
3 1740 4129 4974
3 3634 5218 6547
3 3962 3963 6313
3 4016 475 6239
3 3044 4227 4228
3 4652 1274 5756
3 5401 417 5501
3 3521 3520 4182
3 4001 4002 6044
3 3890 5278 5703
3 397 4109 6582
3 4434 3259 6218
3 4085 378 4087
3 3016 4369 4370
3 4187 4186 4188
3 152 153 4459
3 4464 3915 6275
3 2920 2621 4879
3 5260 1604 6079
3 4414 5368 6517
3 3496 5501 5769
3 1936 1937 4070
3 5665 4242 6010
3 4815 3292 4816
3 5368 3656 6517
3 3232 4331 4992
3 3009 4511 4512
3 3460 2867 4150
3 4082 1476 4409
3 4791 1236 5819
3 6080 3466 6248
3 4904 4905 5974
3 4042 1693 4902
3 1789 1784 4819
3 3932 3771 6027
3 3159 3158 4975
3 48 49 383
3 3667 4551 5183
3 2094 5560 5720
3 2847 4418 6039
3 3288 4154 4155
3 4947 3443 5604
3 4370 3701 6368
3 3758 4914 4915
3 4253 4254 4645
3 5252 1495 5997
3 4775 1661 6005
3 5824 3644 5825
3 4878 2309 5931
3 3174 4409 5495
3 4308 2434 4309
3 5684 1017 5700
3 4117 2397 4788
3 3267 4440 5430
3 2107 2434 4308
3 3833 4787 5015
3 5278 706 5703
3 406 41 3717
3 4025 2869 4058
3 1845 1805 5618
3 540 4498 6495
3 4748 1246 4948
3 3159 4975 5607
3 2787 3452 4460
3 353 501 4146
3 3376 5037 6587
3 3796 3795 6348
3 4704 1876 5567
3 3575 6012 6120
3 2564 2459 4395
3 4133 4078 6693
3 484 57 5625
3 3151 4141 4903
3 5321 3579 6402
3 3095 3843 5210
3 4648 4651 4672
3 4128 1740 5301
3 3681 4204 6539
3 3228 2597 4393
3 2767 4823 5709
3 5356 3093 5692
3 3512 6009 6088
3 4345 4602 5897
3 4468 458 6660
3 5336 781 5896
3 368 3937 6498
3 4750 4040 5943
3 2836 3828 6252
3 3987 226 5736
3 1195 1196 4372
3 5074 3804 6052
3 4874 5684 5700
3 5491 3549 5608
3 2479 3037 4279
3 970 921 4871
3 4823 4331 5709
3 144 486 4143
3 3857 4469 5705
3 3075 4651 5417
3 503 505 4895
3 4506 4507 5194
3 5188 3626 6193
3 5029 3916 6614
3 1368 4113 4970
3 6046 2973 6110
3 4807 3501 5582
3 4498 540 6300
3 149 150 3870
3 4322 4325 4658
3 4970 5126 5316
3 4125 3519 4783
3 5956 3674 6270
3 4728 4287 5573
3 3920 5523 6656
3 4580 4277 6616
3 1844 3948 6651
3 4943 3849 5811
3 4969 1368 5143
3 4644 4385 5754
3 3961 387 5951
3 1609 1612 5312
3 3697 4030 5840
3 4016 3209 5674
3 3427 3933 5837
3 2869 3529 4058
3 3747 6292 6584
3 3888 5615 5981
3 4186 452 4188
3 4396 4397 5398
3 3252 4652 5756
3 918 920 4970
3 2385 5614 5985
3 3829 6125 6231
3 2397 1952 4788
3 329 396 4144
3 3122 4157 4166
3 4414 3024 5158
3 3016 4368 4369
3 4437 4438 5975
3 4684 4685 5211
3 3882 1832 6428
3 3130 1376 5603
3 4435 4437 6203
3 3935 4789 4814
3 491 4093 4094
3 4858 2966 6675
3 3717 3861 3867
3 4391 100 5845
3 431 3994 5179
3 4663 4385 6437
3 210 371 4357
3 4229 4228 6269
3 4344 4345 4769
3 3201 3967 6662
3 4157 1821 5917
3 472 3839 6366
3 3811 6097 6204
3 3478 4947 5604
3 2397 4114 5153
3 3932 6027 6379
3 474 108 4092
3 4163 3525 4988
3 2537 2852 4256
3 4928 3674 5956
3 4869 970 4871
3 1444 1480 4512
3 1024 1022 4200
3 4052 3593 5904
3 1402 4365 5184
3 4215 3966 6282
3 2025 5518 5612
3 6102 2966 6137
3 3036 3854 4102
3 2630 2644 4110
3 5990 4744 6230
3 5192 3621 6604
3 5433 4147 6085
3 6048 3570 6141
3 4319 4733 5693
3 899 1704 5070
3 2251 4699 6244
3 3579 5321 6374
3 1876 1817 5567
3 2586 2250 4208
3 4197 2702 5042
3 5830 2715 5911
3 3563 4675 6314
3 5728 3685 6134
3 2094 4259 5859
3 153 449 4459
3 4099 4824 4825
3 1143 1145 4294
3 4582 2281 5627
3 6168 4072 6271
3 1794 1796 4214
3 412 4782 6650
3 1045 1047 4981
3 4264 473 5191
3 4947 4199 6183
3 6566 1267 6672
3 4352 346 4528
3 5126 3177 5316
3 4685 897 5211
3 434 4145 5551
3 4467 824 5090
3 2453 4224 4811
3 4310 459 6474
3 441 4391 6487
3 921 919 4871
3 1384 4614 5123
3 3838 3534 5039
3 58 423 5625
3 4213 2561 5137
3 3019 4466 4467
3 3619 4105 4292
3 3935 4814 5066
3 5277 3803 6030
3 496 4620 6406
3 3271 4908 6623
3 3893 2922 4460
3 2467 5030 5032
3 3984 4425 5686
3 2343 1996 4642
3 447 3986 6181
3 3148 3149 4281
3 4929 1701 5346
3 1845 4698 4737
3 2749 5755 5821
3 3445 3407 5067
3 4154 3909 4155
3 4067 1697 4068
3 3325 3132 5750
3 1839 1794 4214
3 4787 3833 6507
3 1421 2163 4557
3 1085 893 4438
3 6232 4907 6299
3 3259 4434 6439
3 5876 5563 6316
3 148 483 4782
3 3742 3903 6578
3 209 210 4357
3 3719 6226 6289
3 379 4463 5091
3 349 452 4186
3 5881 3562 6133
3 2973 4257 6110
3 1694 4009 4990
3 1132 1131 4136
3 4841 4840 5713
3 2302 2195 2687
3 4384 5518 5754
3 5678 4870 5687
3 5868 4445 6272
3 3669 5855 6455
3 2236 2479 4279
3 3470 5055 6139
3 4202 4015 5135
3 133 450 4185
3 5528 3646 6103
3 4620 3756 6406
3 4706 4740 5240
3 4445 5868 6078
3 5470 3742 6603
3 6234 2918 6433
3 1842 1859 4184
3 2457 2582 4395
3 2233 3901 5920
3 4578 2000 6695
3 4669 1317 5544
3 3111 4154 4306
3 2046 1941 5795
3 2687 2854 2855
3 373 4895 6536
3 509 1740 4974
3 3500 4548 4549
3 4273 3756 4620
3 4535 4538 4540
3 4509 1454 4510
3 71 366 3881
3 589 1551 4561
3 743 5208 5558
3 3043 4807 5582
3 3007 2528 4216
3 6578 3903 6608
3 2937 2697 3284
3 473 4264 5192
3 4127 3228 4393
3 2697 2302 4107
3 419 139 5778
3 699 4758 4853
3 5880 4519 5889
3 4220 5883 6632
3 4355 209 4357
3 2308 6414 6722
3 4103 2034 5609
3 6207 5127 6259
3 1708 5678 5687
3 4147 501 4148
3 2512 5004 5705
3 493 4148 5541
3 4660 3130 5603
3 3986 447 6459
3 5671 3487 6617
3 644 5155 5279
3 3569 4844 5296
3 4049 4051 6470
3 4463 3547 5091
3 4473 4476 4507
3 748 746 4469
3 4150 3094 4195
3 2650 2649 5870
3 4695 4692 4737
3 1165 1166 4151
3 5050 5051 6386
3 1448 1454 4509
3 4012 4011 4013
3 4125 480 6726
3 3952 389 6611
3 1989 2027 4112
3 4612 860 6683
3 4777 434 5551
3 453 328 4144
3 2458 3092 4919
3 3078 2855 4071
3 5038 3935 5066
3 4024 4021 4234
3 3674 4928 6014
3 5056 2590 5463
3 1608 1609 5312
3 134 135 3939
3 4201 1660 5669
3 1790 4794 5683
3 3695 5607 5611
3 1216 1218 4402
3 5855 3844 6455
3 2804 4047 4315
3 3171 4650 5865
3 488 4424 6424
3 4180 3013 4312
3 3084 2650 5542
3 4427 3958 5110
3 4454 4453 5097
3 3626 5188 6543
3 3463 4005 4218
3 4024 4153 6087
3 4059 1551 5991
3 3596 4447 6178
3 4440 3267 5975
3 5037 3376 5998
3 535 699 4853
3 1305 1312 4298
3 5500 1221 5799
3 3873 3871 6017
3 3700 5938 6117
3 4859 4571 6749
3 2922 2376 4460
3 3044 673 4227
3 3889 2974 4196
3 4163 6566 6672
3 4561 1551 6484
3 2855 2856 3290
3 4222 5496 5765
3 5958 5360 6095
3 3807 3805 6705
3 3284 2697 4107
3 2991 2658 4292
3 5706 6434 6629
3 4999 1257 6553
3 1308 1301 4297
3 3149 2586 4208
3 4731 4929 5346
3 3933 3971 5837
3 3000 3456 4181
3 1180 1182 4615
3 1287 5880 5889
3 2699 4322 4659
3 202 433 5875
3 2343 4639 4739
3 2250 2700 4208
3 2081 4279 5776
3 3564 5017 5740
3 3753 2890 4282
3 4669 3448 5672
3 1841 1834 4632
3 3905 5710 6677
3 5496 3282 5765
3 3294 3993 5663
3 6269 4228 6440
3 3990 4004 4294
3 3472 4244 5141
3 3282 5496 5982
3 3651 3760 6276
3 2699 2313 4320
3 1480 3009 4512
3 3489 4975 5411
3 4147 5433 6532
3 3493 6232 6299
3 4639 2343 4641
3 4413 4414 5158
3 920 1368 4970
3 4409 1476 5495
3 2687 2195 2854
3 4286 4285 5656
3 6246 1093 6250
3 3231 3889 5076
3 4012 4013 6175
3 1179 1379 4244
3 2276 4138 6416
3 5904 3592 5979
3 1747 4134 6143
3 4893 4892 5887
3 2779 2833 5960
3 2022 4415 5963
3 4385 4384 5754
3 4844 4546 5296
3 4458 449 5166
3 5340 3734 6441
3 2232 5722 5995
3 4343 4344 4769
3 1613 1610 2195
3 3839 5063 5825
3 4740 1502 5240
3 5388 5061 5609
3 475 4016 6040
3 3036 2922 3854
3 4109 397 5992
3 3972 2821 4240
3 4331 817 4992
3 1165 4151 4152
3 4707 2353 4790
3 4732 4727 5919
3 2360 2044 4280
3 4017 1695 5540
3 2632 2630 4110
3 867 868 4444
3 3910 1860 4333
3 4191 439 5932
3 4443 4445 6078
3 4093 377 4098
3 1022 1025 4200
3 6165 3397 6441
3 2877 2288 4226
3 4218 2453 4811
3 4031 4060 5277
3 3506 6035 6219
3 370 6055 6214
3 3924 2323 6336
3 5894 5025 6733
3 2040 2043 4334
3 406 3815 5710
3 4382 5477 6738
3 4964 4969 5143
3 3936 2294 6322
3 4325 4327 4658
3 1640 2192 4800
3 2479 2922 3036
3 3606 3602 4387
3 5080 3445 5267
3 2764 2171 4235
3 3912 1149 6613
3 435 4135 4838
3 4180 2561 5633
3 2551 1652 4233
3 4902 1693 5539
3 2632 4110 5521
3 4635 2469 4739
3 1750 1987 5250
3 4683 1281 5065
3 3290 3291 3453
3 5020 2934 6080
3 4425 3984 6383
3 1422 773 4270
3 3463 4218 4811
3 4008 697 5356
3 4356 3350 6371
3 1393 4323 5791
3 2335 4353 6083
3 6400 1731 6530
3 3418 4411 5789
3 2479 2376 2922
3 3445 5067 5267
3 2353 2354 4421
3 898 904 4439
3 4484 2132 5322
3 143 144 4143
3 4130 3046 4253
3 2890 2254 4282
3 4187 2957 5890
3 4166 4157 5917
3 2130 2796 4245
3 2456 4919 5224
3 3493 6171 6232
3 205 392 4060
3 1070 4981 5659
3 54 372 5790
3 1832 3882 6576
3 4416 4417 4418
3 2975 3231 4678
3 3509 4690 5426
3 2314 2699 4659
3 3742 6578 6603
3 2968 5824 5825
3 3504 2705 4552
3 4101 1067 4962
3 4437 1085 4438
3 1286 1421 5434
3 5518 4384 5612
3 4138 2276 6534
3 970 4869 4876
3 6404 3738 6419
3 3910 4333 5761
3 3753 4282 6061
3 431 5050 6386
3 4725 4731 5558
3 3667 1383 4551
3 5860 4652 6672
3 5693 4733 6736
3 2038 2123 4622
3 3739 3738 6404
3 3513 3036 4102
3 4287 4286 5573
3 4380 2670 4381
3 73 448 4261
3 2634 2632 5521
3 4345 4601 4602
3 5055 3470 6627
3 3701 3700 6574
3 4298 1312 4299
3 4340 4339 4344
3 3989 3990 4294
3 1754 1756 4249
3 4654 4407 6414
3 686 4742 4743
3 4404 4403 4405
3 392 206 4100
3 4071 5309 5310
3 4412 1048 5289
3 4727 5895 5919
3 3651 6276 6708
3 3788 4674 4675
3 292 391 4824
3 470 291 4824
3 860 4612 6667
3 2855 2854 2856
3 5191 376 5309
3 4709 1677 5438
3 4415 5957 5963
3 4675 3563 6452
3 1155 1158 4179
3 365 4359 6038
3 5090 4398 5525
3 3933 3970 3971
3 5121 5120 5850
3 6267 3528 6411
3 5351 4231 5848
3 3732 6207 6259
3 3341 3066 4258
3 4652 3525 6672
3 4662 460 5432
3 4238 2230 4243
3 2561 2206 5137
3 2236 2376 2479
3 2739 2506 4262
3 2039 1894 4454
3 4246 1932 4247
3 4545 3505 5623
3 4787 1487 5015
3 497 39 3905
3 5224 4919 5773
3 4105 2991 4292
3 1303 1305 4298
3 4711 2245 4997
3 813 817 4329
3 4112 6506 6633
3 2249 1390 4599
3 4021 1161 4234
3 4568 4572 4577
3 1445 1444 4512
3 5784 3693 6070
3 800 1374 4339
3 4129 4131 4974
3 2787 2999 3452
3 1107 4603 4980
3 3921 1595 4300
3 3625 3923 5782
3 2192 1638 4709
3 46 47 444
3 5789 474 6384
3 1154 1155 4179
3 796 793 4351
3 4099 4825 5803
3 3536 2937 3891
3 1135 4136 5010
3 1771 1773 4215
3 3897 6275 6394
3 1311 4048 4049
3 2107 4308 5361
3 1900 2040 4334
3 4288 3326 4289
3 4377 3606 4387
3 3969 479 6357
3 3959 4709 5438
3 1395 1154 4179
3 3412 5090 5525
3 4185 450 6467
3 4751 4753 4754
3 4405 4403 5041
3 4533 4532 4534
3 809 1367 4338
3 5647 497 5901
3 425 4842 4843
3 1973 2022 4668
3 5648 5647 5901
3 3816 3519 4125
3 2757 3288 5695
3 3016 1553 4368
3 2884 5147 5429
3 4303 1969 4304
3 437 4186 4187
3 2745 3014 4628
3 4283 2245 4960
3 2123 3004 4622
3 4325 4326 4327
3 4347 4346 6734
3 2528 2124 4216
3 4603 4225 4980
3 537 535 4853
3 5492 678 6437
3 3842 2548 5591
3 539 1429 4753
3 3290 2856 3291
3 1966 2057 4301
3 1404 1437 4365
3 591 589 4561
3 1987 4252 5250
3 2076 4290 4616
3 895 898 4439
3 3753 6061 6167
3 2393 4464 6275
3 3860 4261 5898
3 3452 2999 4135
3 4540 4538 6551
3 4130 4253 4645
3 2687 2855 3078
3 1268 1310 4656
3 3415 3416 4811
3 6097 467 6204
3 1206 4535 4540
3 1930 1988 4209
3 1975 1973 4668
3 2111 2447 2537
3 2454 2451 4218
3 5709 3435 5717
3 3387 2727 4293
3 1553 1188 4368
3 2079 5435 5666
3 4345 1374 4601
3 1070 1045 4981
3 4040 4750 6674
3 423 4254 5625
3 2522 4545 5623
3 746 2512 4469
3 4165 3121 4169
3 2937 3284 3891
3 1898 4452 4453
3 5147 4656 5429
3 3958 2393 6275
3 2323 1473 4316
3 4797 4786 4798
3 871 4442 4443
3 164 165 4011
3 4351 3489 5146
3 4211 2413 5014
3 3014 3954 4628
3 4631 4632 5370
3 108 109 4092
3 5208 4953 5558
3 4099 470 4824
3 515 517 5288
3 1090 4388 4389
3 4416 403 4417
3 2611 2926 4580
3 1988 1931 4619
3 2395 3039 4392
3 673 618 4227
3 2313 2315 4320
3 1708 4874 5678
3 1244 1246 4748
3 205 206 392
3 2597 4392 4393
3 4286 5656 5702
3 1516 1535 4649
3 489 352 4146
3 1296 4295 5014
3 3459 2867 3460
3 383 49 3734
3 1866 1841 4632
3 425 307 4842
3 4608 4610 6200
3 5476 4889 5699
3 2028 2081 4688
3 679 686 5990
3 2076 2371 4290
3 3423 5065 5425
3 4156 3217 5695
3 4690 966 5426
3 3871 3875 6017
3 4698 4695 4737
3 4322 4658 4659
3 5097 4453 5520
3 4329 817 4330
3 2680 1689 4306
3 3010 1414 4629
3 3590 4201 5669
3 977 4427 5110
3 3019 1592 4466
3 1435 2230 4238
3 3493 2997 6171
3 5065 4623 5425
3 4008 5356 5692
3 3411 5621 5882
3 2810 3441 5711
3 4833 762 5980
3 4141 1224 4903
3 877 837 4311
3 2852 3614 3669
3 5755 3879 5821
3 4541 1212 4542
3 915 927 5074
3 4634 4638 4643
3 274 275 5048
3 1972 1919 4350
3 331 455 4362
3 1604 5260 6412
3 4202 2413 4211
3 3001 3877 4410
3 4759 5657 5751
3 3418 4410 4411
3 2821 3623 4240
3 1420 4560 4735
3 3336 3337 3618
3 3491 4391 5845
3 4190 408 5862
3 4942 2295 5592
3 1176 1179 4244
3 2553 4786 4797
3 3969 2927 4363
3 2044 2042 4280
3 4753 1429 4754
3 2867 2809 4150
3 1894 1895 4454
3 5902 4272 6339
3 1987 4251 4252
3 3051 3929 4685
3 2977 2975 4678
3 4065 4064 4066
3 3525 3256 4988
3 793 792 4351
3 6434 2795 6629
3 5334 4631 5370
3 1592 819 4466
3 4458 5166 6494
3 1311 748 4469
3 1390 960 4599
3 1409 841 4317
3 1210 1212 4541
3 3593 3592 5904
3 1688 2757 4448
3 2823 2857 4189
3 612 632 4291
3 2132 1925 5322
3 4671 3946 6652
3 2558 5491 5608
3 3109 4220 4337
3 4677 4676 4678
3 1042 1065 4464
3 3491 4390 4391
3 1421 4557 5434
3 4439 904 4440
3 1913 1932 4246
3 4332 1900 4334
3 489 4146 5743
3 4413 1322 4414
3 2859 2218 4555
3 1090 1062 4388
3 1613 2195 2302
3 4977 5204 5498
3 1665 1662 4851
3 3923 2931 4579
3 4474 4473 4507
3 3747 6584 6684
3 1021 2393 4427
3 2451 2453 4218
3 333 403 4416
3 1166 1169 4151
3 1764 1762 5392
3 960 831 4598
3 4613 5644 6155
3 878 4429 4430
3 402 33 4172
3 1128 1129 1130
3 325 389 4426
3 4931 4588 5682
3 6090 2116 6154
3 871 872 4442
3 1341 4285 5556
3 1860 1861 4333
3 960 4598 4599
3 3388 2823 4189
3 1472 1465 4543
3 1212 1214 4542
3 866 845 4335
3 6332 4968 6341
3 4547 3684 6096
3 1130 1131 1132
3 39 40 3905
3 4594 2881 4595
3 4633 4634 4643
3 47 48 3844
3 501 354 4149
3 2993 3326 4288
3 6035 4265 6219
3 335 456 4447
3 3756 3336 4190
3 3131 3132 3325
3 2335 6083 6235
3 337 409 4450
3 2005 1989 4112
3 3440 5049 6130
3 4876 4868 5535
3 2204 4931 5682
3 3117 3115 5551
3 5004 3243 5705
3 1880 1900 4332
3 4879 2623 5717
3 1047 4980 4981
3 1901 2073 4470
3 4692 1809 4737
3 3216 1884 4606
3 3966 4215 6606
3 1418 849 4349
3 2211 1631 4617
3 344 426 4581
3 4818 1789 4819
3 4339 1374 4344
3 2702 2284 5042
3 4119 4117 4788
3 2699 4320 4321
3 3667 5183 5555
3 4581 3496 5769
3 4563 2134 4564
3 2582 4065 4395
3 6488 3632 6552
3 4260 3069 4593
3 4532 382 4534
3 3743 3103 4364
3 743 4731 5346
3 4608 6200 6323
3 4261 3860 6713
3 1681 2107 5361
3 4535 1242 4536
3 4260 4593 5838
3 4713 4826 5082
3 3989 3385 3990
3 3624 5351 5848
3 2249 4599 4600
3 4735 4560 4736
3 339 458 4468
3 2329 2330 4328
3 2053 2109 2111
3 437 348 4186
3 1128 1126 1129
3 5022 4850 6409
3 2281 4563 5404
3 797 800 4339
3 2555 2187 4973
3 4066 4064 5387
3 4019 4018 6274
3 3019 4467 5284
3 2353 4421 4790
3 3673 3936 6322
3 1696 5348 5982
3 773 771 4270
3 1935 2068 4616
3 1907 1969 4303
3 1992 1954 5153
3 320 382 4532
3 4639 4635 4739
3 4255 2988 4676
3 3021 3023 4239
3 4448 2757 4449
3 4552 3807 5832
3 4854 3123 5382
3 4289 3326 4989
3 3334 3335 3336
3 2899 2886 3397
3 2034 5388 5609
3 811 813 4329
3 3076 5106 5107
3 4345 5897 6619
3 4649 1535 4650
3 5393 2870 5514
3 885 5121 5850
3 4137 3778 4223
3 4303 4304 5443
3 2091 2205 4312
3 1958 1989 2005
3 1130 1129 1131
3 2005 4112 6633
3 4760 1275 5306
3 4729 4728 5573
3 3701 4370 6398
3 402 4172 4455
3 2104 2395 4392
3 2294 3936 6445
3 1243 1410 4554
3 1400 1404 4365
3 4843 3689 6091
3 1277 1322 4413
3 1136 1137 1138
3 806 809 4338
3 926 909 4396
3 2537 2447 2852
3 3491 3191 4390
3 4327 4457 4658
3 3037 3036 3513
3 4736 2987 6636
3 341 417 4550
3 4471 4470 4779
3 1134 1135 1136
3 3122 4166 4167
3 5435 3302 5666
3 5540 885 5850
3 3625 5782 6026
3 26 27 496
3 3293 3596 6178
3 4277 4580 6505
3 4392 3039 4393
3 2480 4953 5208
3 6676 3855 6694
3 4450 409 5737
3 3837 886 4770
3 180 181 5122
3 2027 2028 4688
3 1678 1635 4687
3 4374 3606 4375
3 2144 2114 4596
3 1793 2134 4563
3 2111 2109 2447
3 2471 3001 4410
3 1260 1268 4656
3 4410 3877 4411
3 4433 2404 4792
3 4898 4684 5211
3 4145 3117 5551
3 726 4735 4736
3 2236 2237 2376
3 2218 1363 4555
3 6368 3701 6574
3 1936 3920 6656
3 878 874 4429
3 1138 1139 1140
3 353 354 501
3 1828 4170 5945
3 3453 3291 3454
3 710 5085 5086
3 1629 1230 4562
3 3995 3997 5087
3 6128 2374 6247
3 1797 2281 4582
3 1134 1132 1135
3 2964 1395 4179
3 3453 3454 4264
3 1989 1990 2027
3 4399 4142 4400
3 1158 4020 4179
3 3106 4604 4605
3 4109 4108 6582
3 3131 4670 5312
3 883 889 4792
3 5350 3739 6404
3 2453 2449 5659
3 4140 1025 4775
3 4543 5393 5514
3 1124 1125 1126
3 1614 1597 4991
3 2238 2738 3131
3 3779 6400 6530
3 4394 3039 4646
3 1514 1516 4649
3 352 353 4146
3 4212 4296 5413
3 2151 2360 4272
3 4973 1724 5410
3 4058 3529 4059
3 4767 1297 4768
3 3954 3953 5419
3 2658 2659 4292
3 1898 1899 4452
3 1689 2387 4306
3 3210 3212 4902
3 4679 4680 4809
3 1859 4231 4232
3 1367 4329 4877
3 2193 1123 4661
3 1048 515 5288
3 1023 1042 4464
3 4972 447 6181
3 1846 1873 4231
3 1014 1297 4767
3 4002 4000 4214
3 4102 420 5449
3 1465 1458 4543
3 1785 1842 4184
3 3334 3756 4273
3 4100 3799 6403
3 4633 2469 4634
3 1631 1629 4617
3 1767 2531 5507
3 4370 4369 4371
3 1140 1142 1143
3 4249 4248 4250
3 1551 6089 6484
3 3602 3600 4387
3 2323 3924 6686
3 6096 3684 6126
3 3135 3019 5284
3 3735 3186 4461
3 3900 4144 5360
3 1293 1408 4623
3 4507 4476 5194
3 2480 4951 4953
3 4832 4831 4833
3 2538 5058 5132
3 3766 4185 6467
3 76 415 4276
3 4780 4043 6068
3 1954 2397 5153
3 1265 1252 4665
3 4925 3651 6708
3 4436 4433 4792
3 2809 3094 4150
3 2987 4736 6596
3 312 424 4681
3 2082 2236 4279
3 4648 4649 4651
3 426 345 4352
3 207 208 451
3 1477 1688 4448
3 75 76 4276
3 1690 4621 5078
3 2292 2085 4890
3 1958 1959 1989
3 2350 2353 4707
3 4874 1708 5684
3 3049 3051 4685
3 2222 4622 5643
3 1762 3125 5392
3 511 513 5301
3 3069 3062 4593
3 4529 3488 4530
3 3904 1265 4665
3 6620 5479 6709
3 4380 4382 6738
3 451 4355 4356
3 1143 1144 1145
3 2927 2928 4363
3 2882 2881 4594
3 3948 3080 4657
3 1145 1146 1147
3 2089 2091 4312
3 1208 1242 4535
3 2068 2076 4616
3 5407 5406 5556
3 1508 1505 4672
3 1884 1916 4606
3 3336 3618 4190
3 2815 2494 4827
3 4566 4568 4577
3 4482 4483 6585
3 3514 3513 3515
3 3521 4182 6506
3 4558 591 4561
3 1662 1020 4851
3 2269 2432 4979
3 3075 1508 4672
3 2929 2580 4674
3 2320 4872 4956
3 2503 4684 4898
3 2081 2082 4279
3 1005 979 5033
3 2435 2437 3438
3 3072 2447 5028
3 2585 4746 5272
3 602 726 4553
3 4422 4425 4790
3 2988 2982 4676
3 425 4843 6091
3 2957 4188 5676
3 4679 2256 4680
3 1629 4562 4617
3 4442 4431 4445
3 4134 1747 6681
3 2903 2901 3572
3 141 142 4093
3 5673 2759 5840
3 1145 1149 4294
3 3788 2929 4674
3 2009 2233 4465
3 4127 4394 6129
3 4745 4743 5903
3 4407 4654 6739
3 4362 455 5142
3 3197 4318 4360
3 1437 1435 4238
3 212 461 4544
3 2642 2640 4546
3 2015 2469 4633
3 835 877 4597
3 3106 2665 4604
3 1842 1846 1859
3 2931 2615 4579
3 1743 2294 4937
3 4569 4565 4818
3 1147 1148 1150
3 6346 1739 6354
3 2046 4499 5910
3 3336 3335 3337
3 3690 6246 6250
3 4872 4873 4956
3 412 4198 6462
3 4655 1260 4656
3 3038 4314 4367
3 997 1021 4427
3 348 349 4186
3 5056 3170 5460
3 3798 381 5538
3 3120 4832 4834
3 4380 4381 4382
3 351 352 489
3 5106 1388 5107
3 1136 1135 1137
3 3005 3007 4314
3 2040 2041 2042
3 1365 2361 4360
3 1365 4360 5258
3 4362 5142 6095
3 1932 1930 4209
3 4453 4452 5443
3 3729 4854 5382
3 2446 2145 5408
3 4432 2404 4433
3 4607 2555 4611
3 5142 3447 6095
3 3046 2985 4253
3 4841 2831 6641
3 1900 2039 2040
3 85 3962 6025
3 2394 2316 2809
3 4648 1514 4649
3 3218 3219 4191
3 3695 3159 5607
3 4255 4676 4677
3 4330 817 4331
3 1223 4142 4399
3 3554 3925 4230
3 3962 3955 3963
3 1160 1154 1395
3 1635 1633 4687
3 1138 1137 1139
3 1859 1846 4231
3 1396 1395 1397
3 1127 1126 1128
3 1450 1448 4509
3 1398 1397 1399
3 1400 1399 1404
3 4389 4388 5229
3 3604 3606 4374
3 1150 1151 1152
3 4062 4973 5410
3 4373 1263 6393
3 2034 4103 5662
3 782 1627 4763
3 3641 4600 6490
3 3838 5036 6469
3 2215 2089 4312
3 4479 4477 4480
3 2974 2903 4196
3 1123 1121 4661
3 1152 1153 1154
3 4055 4056 4151
3 2082 2084 2236
3 359 4199 5497
3 2699 4321 4322
3 3416 3463 4811
3 3010 4629 5979
3 4288 4289 5650
3 4826 1583 5082
3 4749 681 4750
3 2128 2130 4245
3 4754 1429 4755
3 2411 3012 4419
3 5544 1359 5634
3 1889 1913 4246
3 2917 3970 6589
3 830 1389 4398
3 3094 3095 3218
3 541 539 4753
3 4870 4871 5679
3 2469 2003 4739
3 1001 4222 5765
3 4022 4021 4023
3 451 208 4355
3 1971 1972 4415
3 4077 4079 4462
3 2447 2109 5028
3 2895 3246 3858
3 163 164 446
3 2042 2072 4280
3 3466 3834 6248
3 525 1694 4795
3 4476 4475 4477
3 3862 390 3863
3 2473 2736 2895
3 1913 1930 1932
3 4400 4142 4401
3 927 4428 6602
3 4476 4477 4479
3 4154 2680 4306
3 4020 1161 4021
3 4693 4696 4700
3 4404 4405 4406
3 140 491 5778
3 72 73 4261
3 2885 2537 2886
3 1149 3989 4294
3 2384 3573 5180
3 1133 1132 1134
3 3746 3747 6684
3 347 348 437
3 2290 1785 4184
3 4358 3280 4359
3 4344 1374 4345
3 2473 2472 2736
3 349 350 452
3 5130 4271 6492
3 4564 2134 4565
3 5632 4326 6690
3 1985 2051 4619
3 598 1420 4735
3 1404 1405 1435
3 5480 4724 5598
3 3865 3863 3866
3 4262 3647 4263
3 4443 4442 4445
3 173 174 3977
3 4421 4422 4790
3 4565 2134 4818
3 3047 2914 3876
3 375 310 4682
3 1740 511 5301
3 4601 808 4602
3 4684 3049 4685
3 1140 1139 1142
3 3326 3021 4239
3 4473 4475 4476
3 1435 1436 2230
3 1385 1392 4551
3 4246 4248 4249
3 2387 2591 4306
3 1781 1785 2290
3 1383 1382 4551
3 3053 3488 4529
3 1596 1406 2316
3 2809 2919 3094
3 263 5039 5697
3 2377 2787 4460
3 4120 4121 4122
3 345 346 4352
3 2036 2038 4622
3 4616 4290 5650
3 4510 1454 4511
3 2014 4470 4471
3 3174 3176 4409
3 1158 1159 1161
3 543 681 4749
3 1392 1387 2183
3 4401 4142 4910
3 2028 2080 2081
3 3092 4918 4919
3 38 497 5647
3 4017 5540 5850
3 2288 2286 4226
3 5572 6255 6290
3 954 974 4927
3 2915 3807 4552
3 2915 2916 3805
3 2678 2679 2915
3 2993 3021 3326
3 4970 4113 5126
3 3269 3743 4626
3 4108 3078 5645
3 1124 1123 1125
3 4118 4119 4120
3 4538 4536 4539
3 4564 4565 4566
3 2349 2350 4707
3 1362 1309 1363
3 2989 1553 2996
3 2889 2993 4288
3 2903 3572 4196
3 1533 1539 4531
3 1857 1860 1970
3 4457 4327 5253
3 1595 1594 4300
3 4368 1195 4369
3 2394 2809 2867
3 900 782 4763
3 5019 2357 5248
3 4002 4214 5849
3 1385 1386 1387
3 4643 4638 4644
3 4369 1195 4372
3 4295 4211 5014
3 4115 4117 4118
3 1239 1243 4554
3 2389 2555 4607
3 1381 1380 1382
3 2212 2183 2678
3 1379 1191 1380
3 2705 2678 4552
3 2043 2042 2044
3 4956 4957 4958
3 4473 4471 4475
3 2946 4881 6391
3 140 141 491
3 4318 3810 4319
3 4949 4951 5219
3 547 1427 4764
3 3042 2890 3752
3 131 405 4781
3 1652 1650 4233
3 4304 1969 6555
3 1880 1894 1900
3 1402 1400 4365
3 2294 4936 4937
3 455 4416 4418
3 4596 2114 4930
3 4414 1322 5368
3 5146 3489 5411
3 4440 904 4441
3 2787 2788 2999
3 1173 1174 3472
3 804 808 4601
3 1125 2193 4265
3 2171 1720 4235
3 2485 3130 4815
3 18 19 5405
3 4630 1866 4632
3 3730 4032 6507
3 1116 1115 4686
3 926 4396 5398
3 456 4450 4451
3 5737 3468 5911
3 3218 4191 4194
3 2205 4180 4312
3 4429 2404 4432
3 1527 1529 4548
3 2822 2823 3340
3 1414 1413 4629
3 798 797 4339
3 2895 2736 3246
3 1374 802 4601
3 2085 967 4890
3 1416 2202 4629
3 3101 4114 4115
3 4603 1107 5167
3 4980 4225 4981
3 162 163 4275
3 2411 2412 2822
3 1970 1860 3910
3 918 4970 5316
3 1179 1180 1191
3 1143 1142 1144
3 3922 3504 4310
3 4964 3056 4969
3 1551 4059 6089
3 4505 4486 4506
3 3056 4964 4979
3 1382 1384 1385
3 3854 3893 3894
3 131 132 405
3 1256 1260 4655
3 1869 1880 4332
3 1913 1914 1930
3 1467 1615 4884
3 4570 4577 4578
3 1364 1363 2218
3 3082 4673 5052
3 132 133 4185
3 4422 4420 4423
3 2245 1732 4960
3 1389 960 1390
3 1138 1141 4361
3 1596 2316 2394
3 4313 2859 6431
3 3334 3336 3756
3 3471 5476 5699
3 3254 3525 4652
3 3747 3077 4625
3 4194 4191 5932
3 1145 1147 1149
3 777 1422 4899
3 1871 1866 4630
3 1593 1592 1594
3 4466 824 4467
3 1930 1931 1988
3 2219 2218 2610
3 1964 1966 4301
3 3340 3388 3393
3 4131 4130 4132
3 4756 4755 4757
3 2358 2472 2473
3 4253 2988 4254
3 2250 2248 2700
3 1391 1390 2248
3 396 330 4362
3 76 77 415
3 4105 3619 6326
3 2611 2610 2926
3 3382 2779 3512
3 787 788 789
3 3523 4942 5592
3 789 790 791
3 421 6048 6141
3 4566 4565 4568
3 563 1430 4806
3 315 378 4774
3 797 799 800
3 800 801 802
3 1285 1293 4623
3 1187 1188 1553
3 1367 811 4329
3 808 806 4338
3 1919 1892 4350
3 4750 681 4751
3 791 792 793
3 1510 1514 4648
3 802 803 804
3 3749 6165 6441
3 3337 3723 4182
3 1145 1144 1146
3 3448 5544 5634
3 1138 1140 1141
3 1404 1435 1437
3 1048 5288 5289
3 4393 3039 4394
3 1061 1090 5001
3 1905 1907 4303
3 1287 4527 5880
3 3279 3280 4358
3 2254 2173 4282
3 4845 1665 4851
3 2366 2151 4272
3 1088 1089 1309
3 4373 6234 6433
3 2014 1917 4470
3 68 69 440
3 1398 1399 1400
3 401 4230 6618
3 2045 2044 2151
3 163 446 4275
3 3275 6195 6262
3 4322 4323 4325
3 344 345 426
3 2358 2314 2472
3 2797 2798 4613
3 2334 2743 2770
3 1929 1927 4673
3 4535 4536 4538
3 2326 2256 4679
3 593 591 4558
3 4857 4858 6675
3 2317 2288 2877
3 1147 1146 1148
3 1396 1397 1398
3 1474 1467 4884
3 1636 1635 1677
3 1634 1633 1635
3 3817 2755 6755
3 4122 4121 4139
3 2808 2392 2914
3 4258 3069 4259
3 4643 4644 5754
3 3490 4666 5118
3 1632 1631 1633
3 204 205 4060
3 2777 2642 4546
3 2151 2044 2360
3 1900 1894 2039
3 455 332 4416
3 1931 1985 4619
3 4531 1539 4796
3 2040 2039 2041
3 6296 3547 6408
3 4277 415 6616
3 4870 5679 5687
3 4754 4755 4756
3 203 204 4029
3 3231 2974 3889
3 2123 2124 2528
3 1836 4582 4583
3 4331 3232 5709
3 1937 1957 1958
3 5017 3564 6258
3 777 773 1422
3 4120 4119 4121
3 4864 4863 4876
3 5081 4380 6738
3 1630 3151 4903
3 1155 1157 1158
3 4258 4259 5720
3 555 1428 4772
3 1160 1395 1396
3 3294 2991 3993
3 6162 5602 6237
3 1895 1898 4454
3 1218 4399 4402
3 4568 4571 4572
3 1907 1922 1969
3 1473 1471 4316
3 483 3873 3874
3 5340 3669 6455
3 330 331 4362
3 809 810 811
3 804 805 806
3 4634 2469 4635
3 632 4104 4941
3 818 819 1592
3 4118 4117 4119
3 2231 2348 2349
3 454 324 4426
3 686 4743 4744
3 2274 2506 2739
3 4226 2702 4514
3 3806 4458 6494
3 1297 1012 4691
3 2042 2041 2072
3 2071 3145 5547
3 806 807 809
3 2610 2859 4313
3 1650 1648 2335
3 1889 1891 1913
3 3197 3809 3810
3 811 812 813
3 1362 3194 4962
3 2152 2151 2366
3 275 5046 5048
3 795 796 797
3 2660 2658 2991
3 3605 3610 4885
3 162 4275 5933
3 1131 2435 4136
3 3393 4027 4028
3 403 334 4447
3 4740 4605 5764
3 4882 461 6103
3 813 814 815
3 1162 1164 1165
3 5249 5250 5251
3 3066 3064 4258
3 1594 3019 3135
3 1720 1652 2551
3 456 336 4450
3 2097 4826 5344
3 1630 1629 1631
3 815 816 818
3 2173 2171 2764
3 785 786 787
3 1122 1123 1124
3 324 325 4426
3 4224 3415 4811
3 2245 4283 4997
3 2286 2284 2702
3 4570 4566 4577
3 1644 1642 2344
3 332 333 4416
3 1294 1296 5014
3 4115 4114 4117
3 5516 2493 5589
3 1042 1043 1061
3 1160 3193 5027
3 2746 2745 4628
3 1166 1168 1169
3 4590 4575 6643
3 334 335 4447
3 1152 1154 1160
3 4916 444 5855
3 2350 2352 2353
3 336 337 4450
3 3666 1383 3667
3 1061 1062 1090
3 869 6260 6372
3 2985 2982 2988
3 1988 5593 6646
3 1023 1024 1042
3 2985 2988 4253
3 2393 1023 4464
3 1170 1172 1173
3 4151 4056 4152
3 2051 2052 2053
3 2272 2254 2890
3 3628 2777 4546
3 409 338 4468
3 830 831 960
3 3131 3325 4670
3 416 274 5048
3 4432 4433 4434
3 2130 2795 2796
3 4773 6267 6411
3 4706 3106 4740
3 2932 2705 3504
3 457 4532 4533
3 2354 2356 2380
3 1150 1148 1151
3 148 149 483
3 868 871 4444
3 2886 2537 4256
3 413 3987 6438
3 1131 1438 2435
3 4422 4423 4424
3 2126 2128 2374
3 3170 786 4899
3 2553 4797 5175
3 2380 4419 4420
3 2381 2383 2411
3 6148 441 6149
3 338 339 4468
3 1612 2238 5312
3 3977 5680 5805
3 1640 1638 2192
3 2535 3049 4684
3 1021 1022 1023
3 1001 5237 5961
3 6174 3676 6225
3 4020 4021 4022
3 3331 3334 4273
3 1037 954 4927
3 319 320 4532
3 179 180 4983
3 2668 2669 3279
3 4839 375 4840
3 1444 1446 1480
3 4129 3046 4130
3 786 780 4899
3 1469 1465 1471
3 1922 1923 1936
3 784 780 785
3 3382 4140 4938
3 5114 2510 5372
3 3548 4857 6675
3 2361 2913 4360
3 460 4662 5433
3 4750 4751 4752
3 1152 1151 1153
3 1756 1889 4249
3 3767 6467 6491
3 1464 1458 1465
3 2320 1619 5040
3 4654 5522 6678
3 779 777 780
3 2374 2128 4245
3 6285 3725 6317
3 4875 1005 5033
3 4129 4130 4131
3 1771 4215 6282
3 3520 3519 3816
3 4316 1477 4448
3 1439 673 1440
3 1229 1630 4903
3 405 132 4185
3 3148 2586 3149
3 1088 1362 4962
3 4173 4177 4455
3 1091 6304 6361
3 206 207 4100
3 3853 5876 6316
3 1634 1635 1636
3 2123 2119 2124
3 2757 2680 3288
3 1412 1411 1413
3 2419 2420 2779
3 4872 2320 5040
3 6067 1194 6284
3 1176 1178 1179
3 1773 1781 4215
3 340 341 4550
3 4634 4635 4636
3 2722 2766 4913
3 776 773 777
3 785 780 786
3 2111 2537 2885
3 1158 1161 4020
3 2989 3899 4985
3 3627 2777 3628
3 457 319 4532
3 4693 4695 4696
3 4382 4381 4383
3 1917 1901 4470
3 2038 2119 2123
3 4699 5925 6244
3 307 308 4842
3 4508 1450 4509
3 312 313 424
3 1632 1633 1634
3 3435 1595 3921
3 4514 3874 5792
3 3101 3073 4114
3 1421 2162 2163
3 458 340 4550
3 1173 3472 5164
3 3331 3333 3334
3 1088 1309 1362
3 1122 1121 1123
3 4042 4039 4043
3 4846 4845 4848
3 1441 1440 1442
3 4275 446 6190
3 2281 1795 4563
3 1443 1442 1444
3 4940 581 5610
3 2826 2637 2827
3 3068 3066 3341
3 1196 1198 1263
3 2824 4052 4924
3 3649 3549 5491
3 1471 1472 1477
3 1184 1186 1187
3 2145 2146 5408
3 3039 2848 4646
3 70 3881 4624
3 369 4856 4857
3 1187 2989 4985
3 3111 3108 3680
3 1504 1546 4647
3 4951 2480 5219
3 878 4430 4431
3 2660 2991 3294
3 3064 3062 3069
3 3047 3876 4458
3 2163 2313 2314
3 1458 4508 4543
3 1188 1190 4368
3 4894 2813 5230
3 1410 1264 1411
3 4167 4166 4168
3 4431 4430 4446
3 1190 1193 1195
3 3074 3073 3101
3 1152 1160 5027
3 4880 3318 6418
3 1090 4389 6405
3 678 4663 6437
3 5503 3575 6120
3 1480 1481 1482
3 770 767 771
3 2097 5480 5598
3 771 1002 4270
3 772 771 773
3 1638 1636 4709
3 6320 5437 6346
3 1650 2335 4233
3 363 128 4705
3 3197 3810 4318
3 2050 1975 4668
3 2465 2553 5175
3 1630 1631 1632
3 2030 2036 2222
3 4696 4695 4697
3 2881 2144 4596
3 771 767 1002
3 1428 553 4810
3 3005 2528 3007
3 818 1592 1593
3 2205 2206 2561
3 2419 3382 4938
3 2472 2314 4659
3 1477 1478 1688
3 3334 3333 3335
3 1836 1799 4582
3 2435 2436 2437
3 1720 2551 4235
3 1161 1162 4234
3 2989 2996 3898
3 4366 3038 4367
3 3755 2722 4913
3 1688 1689 2680
3 817 815 4992
3 3038 3005 4314
3 1868 4692 4693
3 1187 1553 2989
3 1525 1544 4664
3 2371 2889 4290
3 1861 1869 4333
3 4375 4378 4386
3 4114 3073 5153
3 2286 2702 4226
3 4995 5022 6409
3 2146 4387 5408
3 1191 1180 4615
3 2377 2696 2787
3 1898 4453 4454
3 1154 1153 1155
3 1677 1678 2252
3 4889 3503 5231
3 2824 2805 3442
3 1223 1224 4141
3 1985 2020 2051
3 614 612 4291
3 1658 4741 4742
3 4693 4692 4695
3 2009 2011 2233
3 3042 3752 3754
3 830 960 1389
3 2808 2914 3047
3 3281 3279 3780
3 4621 3098 5078
3 4412 4128 5301
3 1223 4141 4142
3 2330 2334 4328
3 813 815 817
3 169 170 418
3 3013 2215 4312
3 1543 1542 4032
3 1482 1483 1484
3 3610 4374 4376
3 1994 2009 4465
3 2380 2381 4419
3 2898 2886 2899
3 2411 2822 3012
3 2173 2764 4282
3 4386 1748 6032
3 4636 4635 4637
3 1202 1204 1257
3 2811 2927 3647
3 4017 3387 4765
3 1062 1064 4388
3 4044 3404 4046
3 968 969 993
3 5204 2783 5498
3 3382 3512 3847
3 2591 2592 3108
3 2563 1414 3010
3 2506 2811 4262
3 1389 1390 1391
3 2272 2890 3042
3 3131 2738 3132
3 2913 3197 4360
3 2163 2314 2358
3 5000 5734 6086
3 2252 2658 2660
3 5102 1696 5982
3 1363 3988 4555
3 3866 3863 4803
3 3048 1265 3404
3 1162 1165 4234
3 4268 3776 6176
3 795 793 796
3 2727 2321 4293
3 2202 2200 4924
3 1455 1464 4708
3 2915 3805 3807
3 258 368 4915
3 1385 1387 1392
3 2104 2103 2395
3 1381 1382 1383
3 4557 3988 5434
3 3610 3604 4374
3 1593 1594 1595
3 1391 2248 2250
3 3386 2727 3387
3 1593 3232 4992
3 3566 3830 5256
3 1397 1395 2964
3 1425 1424 2103
3 1966 1968 2057
3 3218 3095 3219
3 3848 3816 3849
3 1179 1191 1379
3 4086 4088 4091
3 1379 1380 1381
3 818 1593 4992
3 2678 2183 2679
3 3108 3109 4337
3 2328 993 3102
3 2913 3196 3197
3 1382 1385 4551
3 620 618 673
3 1795 1793 4563
3 2252 2253 2658
3 1120 1119 1121
3 809 811 1367
3 2321 1473 2323
3 6519 5561 6537
3 1679 2235 4706
3 3014 3015 3953
3 2208 2491 2668
3 3950 3999 6279
3 625 621 5125
3 4023 4021 4024
3 1648 1646 4353
3 4536 1242 4537
3 1484 1485 1542
3 1455 1452 1458
3 821 823 824
3 1069 1076 1088
3 1712 1710 4930
3 1064 1067 4101
3 1229 1230 1629
3 2676 2615 2931
3 819 821 4466
3 4079 4133 4134
3 1412 1413 1414
3 2944 3580 3619
3 4456 2737 4457
3 1190 1195 4368
3 3508 4773 6411
3 804 806 808
3 2678 2915 4552
3 1206 1208 4535
3 1362 1363 1364
3 4567 4566 4570
3 3103 3102 4364
3 1392 2183 2212
3 1229 1629 1630
3 3229 3228 4126
3 2419 2779 3382
3 4569 4818 4819
3 4515 3266 4516
3 1404 1399 1405
3 3604 3602 3606
3 3805 2916 3806
3 1310 1276 1424
3 2381 2411 4419
3 1594 3135 4300
3 3102 3104 3896
3 1962 1964 2385
3 3062 3060 4593
3 2598 2597 3228
3 2615 2613 4579
3 1208 1210 1242
3 3744 5068 6612
3 1799 1797 4582
3 2613 2611 4580
3 1448 1445 1454
3 2476 2824 4924
3 794 793 795
3 831 833 4598
3 2915 2679 2916
3 2478 2589 3489
3 1286 1361 1421
3 2088 2089 2215
3 4472 4471 4473
3 1413 1415 1416
3 800 802 1374
3 1387 1386 1388
3 3268 3265 3444
3 4595 2881 4596
3 2027 4688 6378
3 2676 3424 4738
3 2563 3010 3763
3 795 797 798
3 3068 3341 3342
3 4227 1394 4228
3 1435 1405 1436
3 4608 4607 4609
3 4627 2746 4628
3 2154 2153 2470
3 369 304 4856
3 2471 2470 3001
3 4954 4725 5558
3 827 829 830
3 2768 1511 3831
3 2053 2054 2109
3 1408 1342 2153
3 4761 900 4763
3 3472 1174 4244
3 1410 1411 1412
3 1971 1919 1972
3 4296 1308 4297
3 4375 4377 4378
3 2212 2678 2705
3 2591 3111 4306
3 4688 3517 6206
3 2745 3013 3014
3 2936 3419 4734
3 3004 2528 3005
3 1165 1164 1166
3 4505 641 6162
3 833 4597 4598
3 1218 1220 4399
3 3060 2882 4594
3 309 375 4839
3 825 827 4398
3 3064 3069 4258
3 2385 1964 4301
3 3144 3789 5116
3 6149 441 6487
3 821 824 4466
3 2835 2429 2836
3 1385 1384 1386
3 1169 1168 1170
3 1548 1547 1549
3 2926 2610 4313
3 4191 3219 4192
3 4332 4334 5761
3 4342 4340 4343
3 833 835 4597
3 1158 1157 1159
3 3021 3022 3023
3 1550 1549 1724
3 2811 3647 4262
3 977 997 4427
3 1546 1508 1547
3 2230 1436 2231
3 2395 2396 2848
3 1161 1159 1162
3 1214 1216 1235
3 1220 1223 4399
3 5903 4743 6509
3 789 788 790
3 1382 1380 1384
3 2222 2036 4622
3 4037 4038 4039
3 4396 1687 4397
3 3453 5191 5309
3 2581 4633 4643
3 2930 2929 3785
3 3048 4045 4948
3 4430 4429 4432
3 4628 3954 6291
3 2022 1971 4415
3 343 344 4581
3 2848 2849 3458
3 1243 1244 1264
3 388 123 4083
3 2944 2945 3580
3 1364 2218 2219
3 2932 3504 3922
3 791 790 792
3 2822 2412 2823
3 5542 2650 5870
3 1173 1172 1174
3 2824 3442 3777
3 1416 1417 2200
3 1589 2245 4711
3 3042 4197 5042
3 3094 2919 3095
3 800 799 801
3 1452 1450 4508
3 616 614 1394
3 787 786 788
3 997 1019 1021
3 1892 2414 4350
3 835 837 877
3 3585 4765 5973
3 4674 3173 4675
3 4896 3134 5160
3 4712 4711 4771
3 2728 3386 5120
3 4584 4583 4585
3 4804 565 4806
3 3279 2669 3280
3 802 804 4601
3 827 830 4398
3 802 801 803
3 3284 4109 6570
3 4276 415 4277
3 2485 1376 3130
3 2476 2804 2805
3 3929 3053 4529
3 1120 1121 1122
3 839 841 1409
3 3340 2823 3388
3 3313 2872 3544
3 1413 1416 4629
3 1260 1261 1268
3 3006 3005 3038
3 2437 2438 2439
3 33 34 4172
3 824 825 5090
3 797 796 799
3 3101 4116 4657
3 3444 4515 4527
3 4082 4077 4462
3 3458 3547 4463
3 4161 4797 4798
3 1387 1388 5106
3 1492 1493 1511
3 612 609 632
3 1021 1023 2393
3 2996 1553 3016
3 4536 4537 4653
3 2380 2356 2381
3 1868 1811 4692
3 1268 1269 1276
3 2200 2201 2476
3 2581 2017 4633
3 2479 3036 3037
3 2809 2316 2919
3 3355 3434 4103
3 3706 3038 4366
3 329 330 396
3 2553 2463 4785
3 1061 1043 1062
3 2387 2445 2591
3 2553 4785 4786
3 2219 2610 2611
3 2980 2977 4678
3 3001 3002 3574
3 1416 2200 2202
3 1293 1294 1342
3 4681 424 4925
3 3780 3279 4358
3 1538 1533 4531
3 4037 4039 4042
3 3263 3264 3265
3 2411 2383 2412
3 1251 1252 1265
3 1230 1232 4562
3 837 839 4311
3 4275 4028 5933
3 4956 4873 4957
3 4653 4537 4654
3 4609 4611 4612
3 1440 673 3044
3 2293 2112 3073
3 2476 2805 2824
3 1516 1517 1519
3 3397 2886 4256
3 371 211 4544
3 4487 4486 4505
3 4586 4585 4589
3 1179 1178 1180
3 1251 3048 4948
3 79 365 6026
3 4860 2000 6538
3 2432 3056 4979
3 1544 1527 4548
3 1064 4101 4388
3 3109 4219 4220
3 2307 2305 5272
3 1220 1222 1223
3 1514 1515 1516
3 1232 1236 4562
3 839 1409 4311
3 1429 537 4853
3 1243 1264 1410
3 2091 2093 2205
3 2349 2348 2350
3 2040 2042 2043
3 3752 2890 3753
3 4486 4474 4507
3 1042 1024 1043
3 4400 4401 5041
3 2353 2352 2354
3 3953 3015 3955
3 902 903 906
3 898 899 902
3 3393 3388 4027
3 895 896 898
3 1519 1520 1521
3 4065 4066 4067
3 1899 1905 4452
3 3918 3080 3948
3 4003 4016 6239
3 4091 4088 5337
3 893 894 895
3 2993 3020 3021
3 2161 2417 2419
3 4899 1422 5460
3 1724 1725 2579
3 1469 1471 1473
3 843 845 866
3 1907 1908 1922
3 327 328 453
3 4077 4078 4079
3 2668 2491 2669
3 2900 2899 2901
3 2579 2580 2929
3 4848 4851 5716
3 6068 4043 6121
3 792 2478 4351
3 891 892 893
3 1688 2680 2757
3 1464 1465 1469
3 1394 614 4291
3 1582 1579 4817
3 133 134 450
3 3805 3806 6494
3 3998 3949 4794
3 1811 1809 4692
3 1471 1477 4316
3 970 4876 5535
3 2422 2379 2597
3 2017 2015 4633
3 3155 4627 4710
3 4067 4068 4069
3 1121 1423 4661
3 1504 1505 1508
3 1057 4889 5231
3 3265 3266 4515
3 331 332 455
3 3581 3583 3584
3 4049 4048 4050
3 158 159 459
3 3386 3387 4017
3 841 843 4317
3 3053 3320 3488
3 4322 4321 4323
3 804 803 805
3 2272 3042 5042
3 4665 4655 5147
3 3048 3404 4044
3 2610 2218 2859
3 1598 1600 5287
3 847 849 1418
3 2936 2682 3418
3 3269 3103 3743
3 957 959 968
3 4869 4864 4876
3 1443 1444 1445
3 1174 1176 4244
3 1977 1929 4673
3 3111 3680 3909
3 3126 4836 4837
3 5914 3479 6033
3 2321 2323 4293
3 3051 3052 3053
3 2769 2389 4607
3 520 518 4986
3 4694 4693 4700
3 1226 1228 1229
3 1781 1782 1785
3 889 890 891
3 843 866 4317
3 2972 2326 4679
3 1360 2087 2088
3 325 326 389
3 1023 1022 1024
3 3014 3013 3015
3 3000 3312 3456
3 2389 2187 2555
3 1276 1277 4413
3 4568 4569 4571
3 2679 2183 5106
3 3895 3269 4626
3 1441 1442 1443
3 2852 3072 3614
3 1038 1005 4875
3 1480 1446 1481
3 845 847 4335
3 1440 3044 5057
3 766 765 767
3 1563 1567 4802
3 4244 1379 5141
3 4084 3087 6545
3 2574 1667 4845
3 1237 4554 5819
3 1455 1458 1464
3 1456 4708 5115
3 979 949 5033
3 3220 4894 5230
3 604 602 4553
3 1892 1874 2414
3 306 425 4855
3 142 143 377
3 3106 4605 4740
3 1444 1442 1446
3 4917 1037 4918
3 4539 4536 4653
3 347 437 4528
3 3646 4882 6103
3 2736 2737 4456
3 2591 3108 3111
3 851 853 854
3 3268 4163 4988
3 3126 3031 4836
3 3442 3443 3648
3 3054 3914 4901
3 3727 3725 6285
3 3049 3050 3051
3 3484 2972 3960
3 1187 1186 1188
3 1439 1440 1441
3 2216 2215 2745
3 4018 2690 6274
3 1204 1206 4540
3 333 334 403
3 406 3717 3815
3 3078 4071 5645
3 2676 2931 3424
3 1232 1234 1236
3 335 336 456
3 323 324 454
3 847 1418 4335
3 3863 390 4803
3 2007 1978 5098
3 3325 3992 6581
3 1195 1193 1196
3 1901 1885 2073
3 909 911 4396
3 849 851 4349
3 928 938 939
3 1594 1592 3019
3 2124 2126 4216
3 1642 1640 4800
3 3091 4820 4821
3 1427 545 4749
3 3970 2917 6554
3 1237 1239 4554
3 337 338 409
3 4640 4892 4893
3 1531 1532 1533
3 2826 2827 3568
3 3115 3113 3155
3 2982 2980 4676
3 2248 1390 2249
3 1251 1265 3048
3 1489 1491 1492
3 795 798 5225
3 3518 3516 3519
3 3229 4126 4199
3 3191 3188 4390
3 940 951 956
3 4812 2269 4979
3 2205 2093 2206
3 210 211 371
3 806 805 807
3 4579 2613 4580
3 2598 3228 3229
3 2439 2494 2815
3 855 857 858
3 1533 1534 1539
3 1461 1470 5034
3 1042 1061 1065
3 911 913 1687
3 1363 1309 3988
3 3184 3182 3938
3 1750 1752 1987
3 1336 1358 1359
3 1422 4270 5886
3 647 4772 4773
3 1543 4032 4033
3 2027 1990 2028
3 1016 1014 4767
3 3263 3268 4988
3 1252 1254 4665
3 2522 2569 4545
3 4075 4076 4077
3 5735 4499 5795
3 971 4896 5160
3 1529 1530 1531
3 1480 1482 3009
3 3394 2797 4613
3 1579 1577 4817
3 686 4744 5990
3 1525 1526 1527
3 3590 3721 4201
3 798 4339 4340
3 4516 4518 4519
3 2574 4845 4846
3 4641 2343 4642
3 809 807 810
3 1482 1481 1483
3 1239 1241 1243
3 2797 2363 2798
3 1425 2103 2104
3 3936 3673 6546
3 859 861 862
3 2088 2087 2089
3 2659 2943 2944
3 1310 1424 1425
3 2494 2863 4827
3 3206 3191 3491
3 1916 1962 4606
3 915 923 927
3 1527 1528 1529
3 2538 1446 5057
3 3076 2679 5106
3 2889 2992 2993
3 2848 3458 4646
3 3519 3516 4783
3 4608 4609 4610
3 2395 2848 3039
3 872 874 878
3 1484 1542 1543
3 4343 4769 6593
3 2354 2380 4421
3 1857 1858 1860
3 1256 1259 1260
3 3252 3254 4652
3 907 909 926
3 1471 1465 1472
3 2745 2215 3013
3 71 72 366
3 851 854 4349
3 3268 3444 3672
3 1505 1507 4672
3 1254 1256 4655
3 127 363 4808
3 4259 3069 4260
3 320 321 382
3 1277 1279 1322
3 868 870 871
3 3627 3628 3919
3 863 865 867
3 1257 1204 4540
3 4152 4056 4153
3 70 71 3881
3 4246 4247 4248
3 3897 3958 6275
3 4310 3504 5832
3 3254 3256 3525
3 898 902 904
3 2422 2597 2598
3 3854 2922 3893
3 927 928 4428
3 620 673 1439
3 1285 1292 1293
3 811 810 812
3 740 583 4940
3 1268 1276 1310
3 3342 3341 4760
3 3258 3262 3263
3 5406 1341 5556
3 4572 4859 4860
3 2154 2470 2471
3 339 340 458
3 1313 1315 1377
3 5504 3855 6676
3 2335 1648 4353
3 3483 1036 4812
3 1283 1285 4623
3 1408 2153 2154
3 5793 905 5883
3 1248 1250 1251
3 4760 3341 5720
3 1510 1513 1514
3 1492 2768 5015
3 1507 1510 4648
3 1921 1917 2014
3 2580 2604 4674
3 4600 3641 6480
3 1854 1855 1857
3 607 604 1419
3 1136 1138 4361
3 1305 1307 1312
3 2379 2104 4392
3 874 876 4429
3 1548 1549 1550
3 1546 1547 1548
3 565 563 4806
3 4803 45 5308
3 1492 1511 2768
3 3263 3265 3268
3 2435 3438 4136
3 5116 3789 5173
3 663 549 4764
3 1458 1452 4508
3 311 4681 4682
3 2936 3418 3419
3 3188 3186 3735
3 2043 2044 2045
3 477 130 4781
3 641 5602 6162
3 318 319 457
3 1446 1442 5057
3 2930 3785 3786
3 1299 1301 1308
3 1200 1202 4999
3 813 812 814
3 2376 2377 4460
3 1477 1472 1478
3 4224 2453 5659
3 3812 3813 3814
3 1633 2211 4687
3 3001 3574 3877
3 647 557 4772
3 891 893 1085
3 4602 3287 5897
3 3960 2972 4679
3 945 1037 4917
3 3330 3331 4273
3 3647 2927 3969
3 2769 4607 4608
3 2990 3957 5578
3 1636 1677 4709
3 1293 1342 1408
3 1501 1503 1504
3 3009 1482 5069
3 618 616 4227
3 1504 1508 1546
3 3212 4036 4037
3 2604 3172 3173
3 1531 1533 1538
3 2743 2905 3041
3 1406 1402 5184
3 1454 1445 4512
3 2768 3831 3832
3 1869 4332 4333
3 1542 1485 4787
3 2768 3833 5015
3 3887 3884 4111
3 1254 4655 4665
3 4637 4639 4640
3 2984 2982 2985
3 3288 2680 4154
3 3680 3108 4337
3 1756 1758 1889
3 2682 2471 4410
3 916 900 4761
3 2579 2929 2930
3 2665 2667 4604
3 3041 3494 3495
3 1484 1483 1485
3 968 993 2328
3 1516 1519 1535
3 1688 1478 1689
3 575 2120 5068
3 1054 1081 4933
3 876 880 2404
3 2334 2477 2743
3 3102 3896 4364
3 545 543 4749
3 1021 1019 1022
3 1420 4559 4560
3 3197 3196 3809
3 3045 2985 3046
3 2779 2420 2833
3 1359 1358 1360
3 4046 3404 5375
3 815 814 816
3 1696 5102 5892
3 4723 4719 4835
3 3896 3104 3897
3 341 342 417
3 3559 3827 4307
3 4546 2640 5296
3 3472 5141 6510
3 1118 1119 1120
3 1785 1786 1842
3 3102 993 3104
3 1793 1791 2134
3 2478 3489 4351
3 1525 1527 1544
3 2981 2980 2982
3 824 823 825
3 4247 6488 6552
3 3108 2592 3109
3 2668 3279 3281
3 3495 3686 3818
3 4128 3046 4129
3 3113 2746 4627
3 1522 1524 1525
3 3051 3053 3929
3 818 816 819
3 1118 1116 1119
3 549 547 4764
3 315 316 378
3 1501 1504 4647
3 3625 2931 3923
3 2124 2125 2126
3 2328 3102 3103
3 1842 1843 1846
3 4485 4474 4486
3 314 315 4774
3 3243 5155 5390
3 1797 1795 2281
3 3186 3184 4461
3 1507 4648 4672
3 3946 4671 6491
3 1323 1038 4875
3 5018 2357 5019
3 1559 2474 4828
3 4319 3810 4733
3 1500 1501 4647
3 1667 1665 4845
3 1767 1769 2531
3 928 939 4428
3 2736 2472 2737
3 1497 1499 1500
3 1846 1847 1873
3 4328 2770 6069
3 911 1687 4396
3 2591 2445 2592
3 2667 3511 4604
3 4424 5869 6236
3 1012 1010 4691
3 1315 1317 4669
3 2235 2663 4706
3 3812 2482 3813
3 1088 1076 1089
3 2314 2313 2699
3 1182 1184 4985
3 3081 2867 3459
3 2163 2162 2313
3 529 975 4961
3 1676 2161 4938
3 1801 1799 1836
3 1067 1069 4962
3 3390 3389 3391
3 2604 3173 4674
3 1989 1959 1990
3 2919 2316 5184
3 2872 2292 4890
3 4233 2335 6622
3 4886 3126 5336
3 3152 5114 5372
3 633 567 4804
3 2114 1712 4930
3 1978 2013 5098
3 975 527 4795
3 4118 4120 4124
3 883 888 889
3 3390 4283 4960
3 4274 4273 4620
3 1905 4303 4452
3 4075 4077 4082
3 4513 4034 6118
3 4856 4855 4858
3 2535 2828 3049
3 5155 4080 5390
3 2526 3144 5213
3 4820 1351 4821
3 1421 1361 2162
3 830 829 831
3 1905 1906 1907
3 3176 4074 4075
3 1791 1789 4818
3 1543 4034 5069
3 1522 1525 4664
3 2128 2129 2130
3 2503 2535 4684
3 1352 1351 4820
3 1484 1543 5069
3 557 555 4772
3 2567 3396 3466
3 2126 2127 2128
3 3101 4115 4116
3 2902 2901 2903
3 968 959 969
3 876 2404 4429
3 311 312 4681
3 2667 2869 3511
3 974 4926 4927
3 3281 3780 3973
3 2130 2131 2795
3 527 525 4795
3 3424 2931 3625
3 598 596 1420
3 4593 3060 4594
3 1521 1522 4664
3 4434 4433 4435
3 29 30 4302
3 1773 1776 1781
3 2045 2151 2152
3 2038 2118 2119
3 1945 1941 2046
3 1264 1244 4748
3 956 951 957
3 3361 3900 5360
3 4863 4868 4876
3 1939 1925 2132
3 2889 4288 4290
3 633 4804 4805
3 5039 3534 5697
3 3644 3839 5825
3 968 2328 5053
3 4042 4043 4780
3 1807 1805 1845
3 3029 3126 4886
3 2328 3105 5053
3 4375 3606 4377
3 2684 3390 4960
3 939 938 940
3 664 1001 5765
3 3601 3600 3602
3 3010 5979 6028
3 1869 1870 1880
3 3015 4180 5633
3 2036 2037 2038
3 602 600 726
3 2975 2974 3231
3 2583 886 3837
3 2030 2035 2036
3 3295 3294 3476
3 3155 4710 4777
3 4172 4173 4455
3 1561 1563 4802
3 3765 3764 3766
3 2081 2080 2082
3 872 878 4442
3 1633 1631 2211
3 1121 1119 1423
3 1126 1125 5579
3 2663 2665 3106
3 3188 3735 4390
3 1568 5201 5291
3 1781 2290 4215
3 1485 1487 4787
3 4495 4493 4498
3 2395 2103 2396
3 3512 4061 6009
3 3342 4760 5306
3 1813 1811 1868
3 1107 1108 5167
3 1677 1635 1678
3 2011 2029 2030
3 2153 1342 2413
3 2928 3330 4363
3 2419 2417 2420
3 3477 3476 3764
3 927 923 928
3 3603 3602 3604
3 1413 1411 1415
3 1101 1099 1115
3 1888 1878 4813
3 1279 1281 4683
3 2334 2770 4328
3 517 5249 5288
3 681 541 4753
3 1833 1840 4976
3 2663 3106 4706
3 3444 3265 4515
3 1224 1226 4903
3 1424 1276 4413
3 3155 3113 4627
3 4717 4728 4729
3 1403 1402 1406
3 4079 4078 4133
3 2863 3682 4827
3 3001 2470 3002
3 2305 2585 5272
3 1980 1947 2279
3 4402 4400 4403
3 2023 2017 2581
3 1986 1982 2373
3 3330 4273 4274
3 1516 1515 1517
3 2015 2003 2469
3 3436 2791 4883
3 4030 4029 4031
3 4519 4518 4520
3 1880 1881 1894
3 1492 1491 1493
3 4383 4384 4385
3 1377 1315 4669
3 2009 2010 2011
3 4609 4607 4611
3 3404 1265 3904
3 3319 2572 5157
3 1345 3490 5118
3 3574 3002 4003
3 2357 1671 4852
3 4254 2988 4255
3 1407 1406 1596
3 1998 1996 2343
3 4839 4840 4841
3 780 777 4899
3 3265 3264 3266
3 3628 4546 4844
3 1755 1753 5323
3 1519 1517 1520
3 1163 1159 5169
3 3843 2919 5184
3 1994 2008 2009
3 2961 2963 4887
3 4126 3228 4127
3 1547 1508 3075
3 3458 2849 3547
3 1637 1636 1638
3 5018 5019 5021
3 599 598 600
3 2835 2836 3450
3 2072 2141 2274
3 2904 2903 2974
3 1724 1549 1725
3 3785 2929 3788
3 3605 3604 3610
3 1330 4830 6640
3 3813 4631 5162
3 3074 3101 4657
3 2252 1678 2253
3 5053 3105 5381
3 2597 2379 4392
3 854 853 855
3 616 1394 4227
3 3184 3938 4461
3 5101 3394 5102
3 2684 3283 3389
3 1893 1892 1919
3 1968 1993 1994
3 2205 2561 4180
3 3401 5047 6638
3 4010 4189 5555
3 567 565 4804
3 1293 1292 1294
3 3390 3391 3392
3 1268 1261 1269
3 906 903 907
3 1419 604 4553
3 1401 1400 1402
3 4132 4130 4645
3 4673 1927 5052
3 3575 3459 3621
3 2848 2396 2849
3 1223 1222 1224
3 597 596 598
3 129 477 4705
3 4088 4089 4090
3 1837 5561 6519
3 5917 1876 6308
3 2863 3681 3682
3 1819 1817 1876
3 2579 1725 2580
3 3979 3981 3983
3 3993 2991 4105
3 1514 1513 1515
3 483 3874 4782
3 1159 1157 5169
3 1322 1279 4683
3 1276 1269 1277
3 880 883 4792
3 254 4164 6055
3 1312 1307 1313
3 1521 1520 1522
3 252 370 4908
3 3263 3262 3264
3 3418 2682 4410
3 1416 1415 1417
3 2033 2031 2670
3 4284 3392 4285
3 1641 1640 1642
3 3104 993 5110
3 1875 1874 1892
3 1589 1732 2245
3 4852 4847 5248
3 1966 1967 1968
3 4477 4478 4481
3 395 4971 5197
3 4481 4478 4482
3 902 899 903
3 1260 1259 1261
3 898 896 899
3 2668 3281 5137
3 1920 1919 1971
3 2684 3389 3390
3 871 870 872
3 1643 1642 1644
3 895 894 896
3 3488 3320 3823
3 3608 3605 4885
3 1639 1638 1640
3 2293 3073 3074
3 858 857 859
3 1125 1123 2193
3 4052 3777 4053
3 4144 396 5360
3 3037 3513 3514
3 1753 2133 5323
3 867 865 868
3 1420 4558 4559
3 1229 1228 1230
3 3053 3052 3320
3 862 861 863
3 1243 1241 1244
3 1973 1971 2022
3 4594 4595 5838
3 3640 5516 5589
3 2593 3633 5200
3 1044 2448 4926
3 1618 4861 4862
3 893 892 894
3 4039 4038 4040
3 1936 1923 1937
3 1251 1250 1252
3 3173 3172 3557
3 992 1054 4933
3 1101 1115 1116
3 1578 1577 1579
3 3051 3050 3052
3 1964 1965 1966
3 2562 1414 2563
3 1246 1248 4948
3 3456 3457 4662
3 3442 2805 3443
3 3859 3858 3860
3 4744 4743 4745
3 1236 1234 1237
3 2463 2461 4785
3 3579 2482 3812
3 4757 4755 4758
3 30 479 4302
3 4741 3316 4746
3 3816 4125 6726
3 1958 1957 1959
3 2979 2977 2980
3 2330 2332 2334
3 2658 2253 2659
3 3752 3753 6376
3 5657 3298 5751
3 2112 1992 5153
3 3274 4397 5664
3 4421 4420 4422
3 1504 1503 1505
3 1679 4706 5240
3 4848 4845 4851
3 2476 2201 2804
3 5250 4252 5251
3 2200 1417 2201
3 4480 4477 4481
3 891 890 892
3 2448 3465 4926
3 2878 1911 4813
3 4906 4917 4918
3 1857 1970 5731
3 1585 1586 1589
3 1824 1821 4157
3 4847 4850 5248
3 4086 4087 4088
3 2363 2050 4667
3 3300 3702 4829
3 4751 681 4753
3 3347 3499 3748
3 1576 1575 1577
3 5881 3319 6701
3 6423 5394 6435
3 3813 4630 4631
3 1645 1644 1646
3 1590 1589 4711
3 596 593 4558
3 4752 4751 6104
3 2039 4454 5097
3 2051 2053 5471
3 2126 2374 4216
3 5479 3772 6709
3 2256 1474 4884
3 1962 1963 1964
3 2123 2528 3004
3 1580 1579 1581
3 1050 1016 4766
3 212 213 461
3 3665 2959 3878
3 2659 2944 4292
3 1500 1499 1501
3 4716 4715 4717
3 1557 1559 4828
3 2540 1266 5095
3 129 130 477
3 4572 4571 4859
3 4564 4566 4567
3 2236 2084 2237
3 4554 1410 5441
3 251 4908 4909
3 1861 1863 1869
3 1911 1888 4813
3 3014 3953 3954
3 1087 1050 1098
3 3670 3413 3803
3 3256 3258 4988
3 1647 1646 1648
3 600 598 4735
3 3580 2945 3581
3 2216 2745 2746
3 1610 1607 4305
3 3319 5591 6701
3 4506 4486 4507
3 3027 4886 4887
3 2153 2413 5135
3 5004 5003 5279
3 4667 2050 4668
3 3958 3104 5110
3 2928 3329 3330
3 2088 2215 2216
3 1743 4937 5281
3 3094 3218 4195
3 3960 4679 4809
3 2371 2888 2889
3 4798 4786 4799
3 3049 2828 3050
3 1962 2385 4606
3 1649 1648 1650
3 3599 2911 3600
3 2066 2050 2363
3 4795 1694 4990
3 4477 4475 4478
3 4891 3093 5356
3 1014 1012 1297
3 5253 440 6215
3 4037 4036 4038
3 4077 4076 4078
3 4014 362 5462
3 1525 1524 1526
3 146 147 412
3 1851 1853 1854
3 2206 2208 5137
3 1573 1574 1575
3 2048 2196 5061
3 1058 1095 4814
3 4640 4641 4892
3 4197 3754 4198
3 1321 1743 5281
3 1581 1582 1585
3 3281 4213 5137
3 2135 1352 4820
3 1618 1327 4861
3 1527 1526 1528
3 2287 2286 2288
3 4766 1016 4767
3 3918 3948 3949
3 1029 933 4904
3 2364 2363 2797
3 4717 4715 4728
3 3515 3513 6197
3 4857 4856 4858
3 2187 1550 4973
3 4714 4712 4715
3 1651 1650 1652
3 3676 3677 6225
3 1572 1571 1573
3 889 888 890
3 1424 4413 5158
3 1531 1530 1532
3 2944 2943 2945
3 5282 1091 6361
3 1653 1652 1720
3 956 957 5053
3 4216 2374 6128
3 2324 2683 2684
3 2289 2288 2317
3 5167 1554 5242
3 2285 2284 2286
3 309 310 375
3 2804 4315 5604
3 3511 2869 4025
3 1130 1132 1133
3 1889 4246 4249
3 547 545 1427
3 3738 5354 6419
3 4632 1834 5370
3 1721 1720 2171
3 539 537 1429
3 1036 1060 4812
3 2376 2237 2377
3 1930 1914 1931
3 5209 4984 5236
3 1124 1126 1127
3 4406 5286 6722
3 1547 3075 5140
3 3246 2736 4456
3 1529 1528 1530
3 3509 3510 4690
3 1913 1891 1914
3 1533 1532 1534
3 2799 2797 3394
3 2404 880 4792
3 366 72 4261
3 4330 4331 4823
3 4680 2256 4884
3 2963 3027 4887
3 4284 4285 4286
3 305 4855 4856
3 4972 6181 6617
3 3566 3829 3830
3 4963 4964 5143
3 1539 1534 1540
3 731 1750 5250
3 1028 998 5172
3 1122 5652 5715
3 2649 2500 4888
3 3944 3941 5105
3 4475 4471 4779
3 2766 3347 4913
3 2134 1791 4818
3 4075 4074 4076
3 1836 4583 4584
3 798 4341 5225
3 4656 1310 5429
3 543 541 681
3 3641 3342 3642
3 4086 4091 5629
3 3466 3396 3834
3 2415 2250 2586
3 791 793 794
3 1487 1489 5015
3 4955 2320 4956
3 3002 2470 5135
3 2172 2171 2173
3 3434 4085 4086
3 4726 4723 4727
3 1281 1283 5065
3 1010 1007 1426
3 3004 3005 3006
3 4799 4786 5526
3 555 553 1428
3 2097 5344 5480
3 3612 3608 4885
3 3445 5080 5502
3 2559 3578 4959
3 1868 4693 4694
3 2014 4471 4472
3 3264 3267 5430
3 306 307 425
3 1271 5010 5011
3 523 520 4986
3 1890 1871 2482
3 589 587 1551
3 2301 2311 2329
3 535 533 699
3 1131 1129 1438
3 4072 939 6271
3 4847 4846 4849
3 2071 2346 3145
3 1289 1074 4939
3 529 527 975
3 1095 1332 4814
3 2396 2103 5158
3 5249 5251 5288
3 1242 1210 4541
3 1371 1289 4939
3 3006 3038 3706
3 4634 4636 4638
3 2174 2173 2254
3 1725 1549 5140
3 551 549 663
3 46 444 5308
3 1840 1882 4976
3 503 504 505
3 2274 2339 2506
3 4746 3316 5272
3 1835 1830 1874
3 3040 4547 4883
3 2999 3000 4181
3 559 557 647
3 3395 3797 3911
3 2587 2586 3148
3 2318 2317 2319
3 2514 2994 3509
3 563 561 1430
3 4717 4730 4835
3 3852 3642 3853
3 2482 1871 4630
3 4951 4952 4953
3 1600 2600 5287
3 4124 1823 6333
3 792 955 2478
3 2592 2445 5171
3 2255 2254 2272
3 3702 3301 4158
3 3544 4890 5690
3 1010 1426 4691
3 4148 501 4149
3 308 309 4839
3 5797 4201 6047
3 4567 4570 4573
3 4160 4162 4210
3 789 791 4776
3 4142 4141 4910
3 1570 1568 1571
3 2375 2319 2392
3 886 785 4770
3 3067 3066 3068
3 4897 4896 5369
3 3065 3064 3066
3 2166 2047 3082
3 3326 4239 4989
3 3105 3270 5381
3 2806 2392 2808
3 1599 1597 1614
3 3212 4037 4902
3 430 4909 5719
3 2001 1975 2050
3 2051 2020 2052
3 1573 1575 1576
3 4015 3002 5135
3 3181 3180 3182
3 3031 3033 4836
3 3611 3608 3612
3 2802 3380 3381
3 525 523 1694
3 583 581 4940
3 1567 1566 1568
3 2452 2454 2455
3 3232 1595 3435
3 3355 4103 5609
3 4801 1718 6542
3 4232 5517 6511
3 3890 3316 4741
3 2504 5209 5236
3 303 304 369
3 1575 1584 4759
3 3239 4206 5235
3 4647 1546 5088
3 3453 4264 5191
3 3100 3098 4621
3 4721 4719 4723
3 3063 3062 3064
3 2461 2564 4785
3 1563 1565 1566
3 2138 2136 5089
3 2791 2790 4883
3 2165 2047 2166
3 4103 3434 5629
3 1347 1348 4907
3 3300 3301 3702
3 2512 5003 5004
3 4694 4700 4701
3 1577 4759 4817
3 130 131 4781
3 4949 4950 4951
3 2726 1383 3666
3 4517 4441 6006
3 3355 3433 3434
3 1087 1098 1099
3 4252 4251 6054
3 3017 3659 5295
3 2474 1561 4802
3 3061 3060 3062
3 2111 2885 5471
3 1588 1583 4826
3 569 567 633
3 1561 1562 1563
3 1576 1577 1578
3 2097 1588 4826
3 2110 2299 2300
3 4798 4799 4801
3 3110 2592 5171
3 1585 1589 1590
3 3300 2617 3301
3 4398 1389 5525
3 2096 1588 2097
3 2089 2090 2091
3 1098 1050 4766
3 3033 3724 4836
3 2798 2363 4667
3 2344 1642 4800
3 649 4949 5219
3 913 915 5074
3 1926 1911 2878
3 4584 4585 4586
3 907 926 5389
3 3509 2994 3510
3 2450 2451 2452
3 1619 1618 5040
3 4299 1312 5670
3 2612 2611 2613
3 3546 5724 5741
3 2672 3201 5482
3 208 209 4355
3 787 789 1375
3 766 767 770
3 2227 2058 3123
3 1732 2324 4960
3 3746 3077 3747
3 2603 1725 5140
3 3353 3354 3355
3 1359 1360 5148
3 2465 2463 2553
3 4378 4377 4379
3 4953 4952 4954
3 1895 1897 1898
3 2461 2459 2564
3 5692 4828 5701
3 4863 2771 4868
3 3483 4812 4979
3 4790 4425 6383
3 2206 2207 2208
3 2132 5735 5795
3 2013 1977 2047
3 1475 1473 2321
3 4927 3465 5773
3 2107 2433 2434
3 2434 2801 2802
3 1621 2320 4955
3 3183 3182 3184
3 3447 5958 6095
3 1807 1845 4737
3 127 128 363
3 1166 1167 1168
3 2378 2104 2379
3 1360 2086 2087
3 3435 3921 4879
3 1007 916 4761
3 4858 6091 6137
3 1013 1012 1014
3 3043 3968 4807
3 2802 3379 3380
3 4596 4930 5799
3 346 347 4528
3 1559 1560 1561
3 2706 2705 2932
3 3322 724 5168
3 211 212 4544
3 373 62 4895
3 796 4351 5146
3 3416 3461 3462
3 871 4443 4444
3 401 242 5026
3 703 708 4891
3 4924 4052 5904
3 3024 2396 5158
3 4914 257 4915
3 1162 1163 1164
3 4262 4263 6011
3 4904 1552 4905
3 2457 2455 2582
3 2421 2379 2422
3 3027 3029 4886
3 4171 3123 4854
3 1578 1579 1580
3 5202 6332 6341
3 1555 3093 4891
3 2681 2471 2682
3 2088 2216 5148
3 5126 3439 5931
3 4063 4006 4064
3 1581 1579 1582
3 986 1051 4928
3 3656 2936 4734
3 2600 3384 3395
3 595 593 596
3 4568 4565 4569
3 305 306 4855
3 3787 3786 3795
3 2452 2451 2454
3 4559 4558 4561
3 1155 1156 1157
3 1590 4711 4712
3 4826 4713 5344
3 2208 2490 2491
3 3988 1309 5434
3 1817 1815 5567
3 5034 1470 6254
3 1742 2270 2566
3 1589 1586 1732
3 2478 2588 2589
3 4926 3465 4927
3 261 429 4978
3 3544 2872 4890
3 1805 1803 5618
3 1170 1171 1172
3 428 256 4914
3 4951 4950 4952
3 4949 1093 4950
3 936 2503 4898
3 1694 523 4986
3 4717 4729 4730
3 1174 1175 1176
3 4371 4372 4373
3 931 1029 4932
3 4005 3464 4006
3 2186 1550 2187
3 252 253 370
3 2935 2682 2936
3 316 317 5842
3 1081 2514 4933
3 3093 1557 4828
3 3463 3462 3464
3 1554 1719 1742
3 764 754 765
3 2448 2449 2450
3 1011 1010 1012
3 1563 1566 1567
3 1447 1445 1448
3 3413 4816 5928
3 2216 3112 5148
3 4676 2980 4678
3 1573 1576 5078
3 1674 2357 5018
3 1585 1582 1586
3 1882 1884 3216
3 1580 1581 1583
3 2283 2273 2284
3 4758 699 6023
3 4714 4715 4716
3 4243 2230 6050
3 2684 2683 3283
3 255 256 428
3 3099 3100 5083
3 3652 3376 6587
3 1048 4412 5301
3 2895 3858 3859
3 2322 2321 2727
3 3439 3436 4878
3 2728 2727 3386
3 3029 3031 3126
3 770 771 772
3 3427 3741 3933
3 4824 391 4825
3 1916 1961 1962
3 785 787 4770
3 1202 1257 4999
3 491 4094 4095
3 4420 4419 5772
3 2136 2367 5089
3 2456 2455 2457
3 2450 2449 2451
3 4158 4159 4160
3 4472 4473 4474
3 2614 2613 2615
3 1577 1575 4759
3 310 311 4682
3 258 259 368
3 2091 2092 2093
3 5607 2860 5611
3 1570 1571 1572
3 4861 2771 4863
3 2513 2389 2769
3 4006 3464 4007
3 1559 1561 2474
3 1585 1590 5082
3 257 258 4915
3 6017 3875 6151
3 2740 2566 2741
3 3315 2703 3316
3 2871 2489 3413
3 2432 2297 2790
3 2458 2457 2459
3 2388 2187 2389
3 969 977 5110
3 3415 2741 3416
3 1557 1558 1559
3 2603 5140 5417
3 1573 1571 1574
3 4721 4726 4929
3 2575 2576 3802
3 4122 4139 6550
3 1681 2106 2107
3 1426 4761 4762
3 941 1552 4904
3 1456 1455 4708
3 4160 4161 4162
3 3080 3074 4657
3 1567 1568 1570
3 1885 1764 5392
3 2460 2459 2461
3 4933 3509 5426
3 1453 1452 1455
3 2885 2886 2898
3 1882 3216 4976
3 4934 1371 4939
3 1451 1450 1452
3 1583 1581 5082
3 1449 1448 1450
3 2506 2507 2811
3 4336 3716 6177
3 2200 2476 4924
3 3144 3626 3789
3 2435 1438 2436
3 5027 3912 6613
3 3217 3344 5695
3 2432 2790 2791
3 3462 3461 3822
3 2209 3174 5495
3 2536 3586 5186
3 4716 4717 4835
3 1044 1070 2448
3 750 748 1311
3 1899 1904 1905
3 4623 1408 5425
3 3040 3684 4547
3 2381 2382 2383
3 726 600 4735
3 1998 2343 4739
3 4637 4635 4639
3 4135 2999 4181
3 2799 3394 5101
3 1889 1758 1891
3 3057 3436 3439
3 3057 2791 3436
3 2462 2461 2463
3 2269 1625 2297
3 2873 2872 3313
3 390 44 4803
3 1226 1229 4903
3 772 773 776
3 2814 3351 5016
3 784 785 886
3 308 4839 4842
3 656 1093 4949
3 779 780 784
3 791 794 4776
3 776 777 779
3 2269 2297 2432
3 1868 4694 5238
3 4897 5369 5597
3 4868 5033 5535
3 1176 1177 1178
3 2790 3040 4883
3 1338 5118 5217
3 2637 2634 5521
3 3416 2741 3461
3 1112 1337 1554
3 4821 1351 4984
3 1836 4584 5275
3 1824 4157 4165
3 1623 5079 5080
3 4865 4864 4866
3 2448 1070 2449
3 2464 2463 2465
3 1575 1574 1584
3 2544 2540 5095
3 1345 1347 3490
3 3351 2813 4894
3 1576 1690 5078
3 1555 1556 1557
3 998 973 5172
3 5201 3485 5291
3 4697 4695 4698
3 1350 1114 4998
3 1485 1486 1487
3 3176 4075 4409
3 1008 1007 1010
3 2196 2952 5061
3 4873 4867 4874
3 2227 3123 4171
3 2161 2419 4938
3 3207 3206 3209
3 154 155 5166
3 3762 3134 4896
3 933 941 4904
3 4769 4345 6619
3 1926 2878 3372
3 4649 4650 4651
3 4485 4486 4487
3 1742 1719 2270
3 1380 1191 4614
3 513 1048 5301
3 2616 2615 2676
3 4721 4723 4726
3 2354 2355 2356
3 1180 1181 1182
3 2892 2368 3091
3 4640 4639 4641
3 999 1044 4926
3 1336 1357 1358
3 3179 3117 3180
3 1823 4124 6213
3 3489 2589 4975
3 4551 1392 5183
3 3023 3022 3221
3 3763 3010 6028
3 63 64 503
3 646 639 5003
3 3081 3575 5503
3 3192 3191 3206
3 1669 1667 2574
3 4881 2946 6546
3 1318 1625 2269
3 3551 2676 4738
3 2609 2465 2617
3 3761 3300 4829
3 1015 1014 1016
3 1433 2175 2575
3 2990 3892 3957
3 3119 2617 3300
3 4283 3392 4284
3 3485 5201 5361
3 1554 1337 1719
3 430 250 4909
3 2891 2368 2892
3 1890 2482 3579
3 1809 1807 4737
3 4298 4299 5834
3 3105 3103 3269
3 4862 4863 4864
3 4963 3483 4964
3 3189 3188 3191
3 1590 4713 5082
3 1922 1908 1923
3 4865 4866 4867
3 2399 2401 5131
3 1069 1088 4962
3 2369 1621 4955
3 4399 4400 4402
3 3059 2882 3060
3 4285 1341 5656
3 2231 2347 2348
3 1555 1557 3093
3 4862 4861 4863
3 128 129 4705
3 4955 4956 4958
3 708 716 4891
3 2952 3352 3353
3 4866 4869 4870
3 2013 2047 2165
3 1674 1671 2357
3 2358 2473 3285
3 3347 3748 4913
3 815 818 4992
3 2124 2119 2125
3 2014 4472 5322
3 125 126 463
3 1563 1562 1565
3 304 305 4856
3 3866 4803 5308
3 3223 3226 4993
3 2165 2166 3728
3 6343 5286 6703
3 585 583 740
3 1348 1433 4907
3 3943 3941 3944
3 377 143 4143
3 3868 6504 6526
3 1117 1116 1118
3 1188 1189 1190
3 463 126 4808
3 716 963 1555
3 3270 3269 3895
3 2047 1977 4673
3 3144 5116 5213
3 4938 4140 6005
3 1049 1016 1050
3 1561 1560 1562
3 1621 1619 2320
3 716 1555 4891
3 2546 2544 3671
3 948 978 4963
3 2730 2728 5120
3 4269 302 5893
3 5023 465 5024
3 1196 1197 1198
3 3185 3184 3186
3 2437 2436 2438
3 2069 2067 5100
3 2222 5643 5753
3 1907 1906 1908
3 2410 2144 2881
3 3762 4896 4897
3 1317 1335 1336
3 1373 1371 4934
3 2790 2792 3040
3 4050 4048 6004
3 2350 2351 2352
3 1706 3378 5318
3 251 252 4908
3 3689 3688 6137
3 3116 3115 3117
3 1566 1565 1569
3 672 4068 6610
3 5049 407 6130
3 1325 1323 2771
3 3021 3020 3022
3 1487 1488 1489
3 4715 4712 4771
3 4603 5167 5242
3 5313 1328 5357
3 825 4398 5090
3 1072 1107 4980
3 2058 2007 5098
3 3109 3110 4219
3 2575 2175 2576
3 4383 4381 4384
3 1327 1325 4861
3 1493 1494 1495
3 763 761 5012
3 2648 2500 2649
3 2509 3178 4982
3 3136 5079 5129
3 3973 400 6313
3 1375 789 4776
3 1030 3483 4963
3 1182 1183 1184
3 3040 3451 3684
3 1689 2386 2387
3 1463 1461 5034
3 2434 2433 2801
3 98 99 441
3 1294 1295 1296
3 1617 1327 1618
3 2813 2260 5230
3 2526 3086 3144
3 6239 5255 6485
3 1781 1776 1782
3 1526 1524 5206
3 4308 3485 5361
3 601 600 602
3 931 933 1029
3 3416 3462 3463
3 978 1030 4963
3 597 598 599
3 4862 4864 4865
3 2423 2069 5100
3 2514 3509 4933
3 2198 3133 4977
3 1654 3154 5226
3 2409 3637 5543
3 4508 4509 5393
3 1378 3426 3427
3 1550 1724 4973
3 1569 1681 5361
3 2284 2273 5042
3 1318 1319 1625
3 1274 4652 5860
3 1114 1092 4998
3 300 301 427
3 3719 6289 6363
3 6467 3956 6491
3 4005 4006 4063
3 4888 3503 4889
3 2811 2812 2927
3 4329 4330 4877
3 1742 2566 2740
3 1248 1251 4948
3 1433 2575 4907
3 1743 1744 2294
3 3033 3083 3724
3 3114 3113 3115
3 2367 2135 2368
3 2771 1323 4875
3 2107 2106 2433
3 1062 1063 1064
3 3463 3464 4005
3 4726 4727 4732
3 819 820 821
3 1133 1134 1262
3 2541 3250 5002
3 2147 2149 2839
3 3435 4879 5717
3 1559 1558 1560
3 1065 1061 5001
3 3673 4880 4881
3 986 988 1051
3 3330 3329 3331
3 984 986 4928
3 2500 2498 4888
3 3187 3186 3188
3 4516 4517 4518
3 943 945 4917
3 3590 3718 3721
3 1190 1192 1193
3 1875 1892 1893
3 4631 4630 4632
3 234 447 4972
3 3813 2482 4630
3 3056 2791 3057
3 4019 6274 6639
3 1184 1187 4985
3 3818 3686 3819
3 2802 2801 3379
3 1184 1185 1186
3 1489 1490 1491
3 1495 1496 1497
3 5118 4666 5217
3 4935 4939 5245
3 2700 2248 6523
3 4977 3133 5204
3 2740 2741 3415
3 249 250 430
3 2324 2684 4960
3 2387 2444 2445
3 4094 4093 4098
3 242 243 5026
3 5555 4189 5940
3 2452 2455 2456
3 2512 744 5003
3 3054 3913 3914
3 1198 1199 1200
3 2648 2649 2650
3 126 127 4808
3 4520 4521 4522
3 5645 485 5939
3 825 826 827
3 3112 2746 3113
3 746 744 2512
3 2179 3127 5145
3 1459 1456 5115
3 2956 2691 3124
3 2984 2985 3045
3 3045 3046 4128
3 4447 3596 6442
3 2003 1998 4739
3 1617 1618 1619
3 2514 2775 2994
3 2762 2730 3071
3 5023 5024 5025
3 1119 1116 4686
3 788 3170 5463
3 623 621 625
3 5036 5035 5037
3 2898 2899 2900
3 4009 5455 6557
3 1313 1314 1315
3 4870 4869 4871
3 2660 3294 3295
3 1835 1874 1875
3 5764 4605 5814
3 3556 2782 3759
3 1557 1556 1558
3 3636 3716 4336
3 3514 3515 3516
3 1060 1318 4812
3 384 5035 5036
3 940 950 951
3 2767 5709 5717
3 2944 3619 4292
3 787 1375 4770
3 1200 1201 1202
3 1127 1128 1376
3 821 822 823
3 1139 1137 1271
3 774 763 5012
3 4708 1464 5117
3 1315 1316 1317
3 2281 5404 5627
3 1060 1097 1318
3 1420 596 4558
3 3171 2603 5417
3 2981 2982 2984
3 1086 1050 1087
3 2498 2496 3503
3 595 596 597
3 4866 4864 4869
3 1073 1288 4996
3 4040 4038 5943
3 928 937 938
3 963 717 5104
3 744 646 5003
3 941 943 1552
3 260 261 4978
3 4232 4231 5351
3 1706 2906 3378
3 1555 963 1556
3 2993 2992 3020
3 5031 935 5723
3 1030 1036 3483
3 1325 2771 4861
3 2819 2292 2872
3 4404 4406 4407
3 1296 1298 1299
3 2498 3503 4888
3 1044 1045 1070
3 1321 1356 1743
3 872 873 874
3 261 262 429
3 831 832 833
3 122 123 388
3 4387 3600 5408
3 3934 3124 5378
3 4522 4523 4524
3 1202 1203 1204
3 86 87 443
3 764 765 766
3 1103 1083 4984
3 4158 3301 4159
3 1426 1007 4761
3 3174 3175 3176
3 911 912 913
3 3182 3180 5538
3 3580 3581 5373
3 1893 1919 1920
3 4842 4841 4843
3 1746 3318 3673
3 1342 1294 5014
3 969 976 977
3 2754 3560 4987
3 3017 3658 3659
3 3258 3263 4988
3 2203 1572 3098
3 946 916 1007
3 649 656 4949
3 1497 1500 5997
3 3016 4370 6368
3 4688 6206 6378
3 957 958 959
3 2001 2050 2066
3 4140 4775 6005
3 3599 3600 3601
3 82 83 5566
3 3601 3602 3603
3 2066 2363 2364
3 851 852 853
3 551 663 4810
3 839 840 841
3 3206 3491 5674
3 907 908 909
3 3098 1572 5078
3 2539 5002 5234
3 827 828 829
3 2448 2450 3465
3 4446 3260 6272
3 841 842 843
3 4719 4716 4835
3 2053 2052 2054
3 2456 2457 2458
3 2891 2892 3800
3 1624 1526 5206
3 610 609 612
3 3133 3629 3630
3 1288 1717 4996
3 2824 3777 4052
3 3127 2181 5127
3 1634 1636 1637
3 1150 1152 5027
3 1660 5459 5669
3 909 910 911
3 849 850 851
3 2509 2505 3178
3 3097 4133 6693
3 945 954 1037
3 847 848 849
3 845 846 847
3 1204 1205 1206
3 3150 5144 5159
3 1351 1103 4984
3 874 875 876
3 4698 4592 6719
3 1277 1278 1279
3 999 1027 1044
3 843 844 845
3 2580 2603 2604
3 2439 2438 2494
3 733 724 3322
3 6199 3921 6754
3 4403 4400 5041
3 608 607 609
3 69 70 4624
3 833 834 835
3 215 216 387
3 3178 4934 4935
3 876 879 880
3 3134 1656 5160
3 2458 2459 2460
3 868 869 870
3 2672 2673 3201
3 3557 3558 3559
3 977 996 997
3 4872 4867 4873
3 4204 1375 6539
3 656 658 1093
3 3315 3316 3890
3 2367 2368 2891
3 3347 3348 3499
3 2952 3353 5061
3 1677 2252 5438
3 2364 2797 2799
3 1461 1459 1470
3 4694 4702 5238
3 1064 1066 1067
3 4785 2564 5526
3 577 575 5068
3 475 5255 6239
3 880 882 883
3 250 251 4909
3 3099 3098 3100
3 1252 1253 1254
3 2384 2933 3573
3 1305 1306 1307
3 835 836 837
3 603 602 604
3 2559 2578 3578
3 5079 1623 5129
3 5107 1388 5938
3 3226 3635 3636
3 2460 2461 2462
3 837 838 839
3 1303 1304 1305
3 4762 4761 4763
3 863 864 865
3 929 931 4932
3 2911 2446 5408
3 256 257 4914
3 4991 3081 5503
3 3144 3086 3626
3 2750 2295 4942
3 1285 1291 1292
3 4160 4159 4161
3 1510 1512 1513
3 244 465 5023
3 2814 2813 3351
3 1920 1971 1973
3 3157 2814 5016
3 1717 4977 4996
3 2496 1350 4998
3 3814 5162 5163
3 1522 1523 1524
3 974 999 4926
3 3071 5120 5121
3 2270 2677 2973
3 1630 1632 3151
3 859 860 861
3 1244 1245 1246
3 3252 3253 3254
3 2841 2441 5397
3 2368 2135 4820
3 2126 2125 2127
3 855 856 857
3 1505 1506 1507
3 1301 1302 1303
3 605 604 607
3 2927 2812 2928
3 2323 4316 6336
3 1299 1300 1301
3 1206 1207 1208
3 1100 1099 1101
3 1412 1414 2562
3 2956 3124 3934
3 1279 1280 1281
3 1112 1113 1337
3 415 77 5782
3 4905 1552 4906
3 2030 2029 2035
3 3176 4073 4074
3 3365 2972 3484
3 3258 3261 3262
3 3254 3255 3256
3 1857 1855 1858
3 2593 2620 3633
3 1281 1282 1283
3 3256 3257 3258
3 965 994 5188
3 2128 2127 2129
3 2968 2509 4982
3 1627 774 5012
3 4605 4604 5873
3 4828 2474 5701
3 2563 3763 4625
3 1717 2198 4977
3 2790 2297 2792
3 385 247 5017
3 2604 3171 3172
3 2626 2624 2917
3 1507 1509 1510
3 1283 1284 1285
3 3077 2563 4625
3 3487 233 4972
3 2038 2037 2118
3 913 914 915
3 3603 3604 3605
3 1501 1502 1503
3 1860 1858 1861
3 2462 2463 2464
3 2036 2035 2037
3 1497 1498 1499
3 2198 2407 3133
3 3559 3826 3827
3 5724 4690 5741
3 3250 3251 3252
3 5181 1625 5281
3 5309 376 5310
3 2359 2369 5152
3 1254 1255 1256
3 1566 1569 5201
3 232 233 3487
3 3076 5107 5333
3 1047 1072 4980
3 2979 2980 2981
3 1081 1084 2514
3 1256 1258 1259
3 465 245 5000
3 4584 4587 5275
3 729 719 5108
3 1345 1346 1347
3 2130 2129 2131
3 2060 3428 5239
3 3805 6494 6705
3 1785 1782 1786
3 1072 1105 1107
3 2011 2010 2029
3 1324 1323 1325
3 1343 1339 5099
3 575 573 2120
3 2505 1373 4934
3 264 384 5039
3 915 922 923
3 685 1703 5196
3 1208 1209 1210
3 957 968 5053
3 4935 4934 4939
3 5079 3141 5080
3 1246 1247 1248
3 5144 2391 5159
3 997 1018 1019
3 1489 1492 5015
3 3041 2905 3494
3 2638 2637 2826
3 1089 1109 1286
3 2009 2008 2010
3 2856 2854 3745
3 5035 468 5037
3 3983 3981 3984
3 782 774 1627
3 1994 1993 2008
3 3611 3612 3779
3 2394 2867 3081
3 2617 2465 5175
3 4285 3392 5556
3 1210 1211 1212
3 2743 2477 2905
3 4640 4893 6007
3 2787 2696 2788
3 3503 4998 5231
3 619 618 620
3 3516 3515 4783
3 5044 5043 5045
3 2263 2260 2813
3 2487 2485 4815
3 3693 3157 3694
3 2464 2465 2609
3 1248 1249 1250
3 1467 1463 1615
3 1237 1238 1239
3 3178 2505 4934
3 3853 3642 5685
3 3587 3589 3590
3 3495 3494 3686
3 2999 2788 3000
3 2691 2138 5089
3 3785 6346 6354
3 2142 1373 2505
3 4802 1567 5264
3 3057 4113 4969
3 3082 2047 4673
3 263 264 5039
3 4592 4588 4931
3 3202 3561 3808
3 1067 1068 1069
3 1317 1336 5544
3 243 244 5023
3 1318 2269 4812
3 247 248 5017
3 1968 1967 1993
3 3358 3134 3762
3 3147 3099 5083
3 2703 2307 5272
3 1224 1225 1226
3 2574 4847 4852
3 3503 2496 4998
3 3765 3766 3767
3 469 5043 5044
3 1615 1463 5034
3 3492 2049 5510
3 3040 2792 3451
3 3694 3157 5016
3 613 612 614
3 1108 1111 1112
3 1587 1583 1588
3 1676 2160 2161
3 4713 4712 4714
3 2913 3195 3196
3 217 218 464
3 1239 1240 1241
3 3295 3476 3477
3 1212 1213 1214
3 2609 2617 3119
3 2535 2714 2828
3 2720 3755 5653
3 3229 4199 4947
3 5046 442 5047
3 1842 1786 1843
3 3119 3300 3761
3 4722 4721 4929
3 1540 1699 2567
3 3671 2544 5095
3 1318 1097 1319
3 2522 2523 2569
3 4964 3483 4979
3 2651 2650 3084
3 1433 1434 2175
3 1442 1440 5057
3 2432 2791 3056
3 3724 3083 4946
3 2209 2707 3174
3 3223 3225 3226
3 2766 3346 3347
3 3057 3439 4113
3 730 738 5013
3 2885 3790 5471
3 1230 1231 1232
3 3166 3644 3645
3 5061 3353 5609
3 883 887 888
3 1966 1965 1967
3 617 616 618
3 1614 4991 5503
3 1743 1356 1744
3 3239 4205 4206
3 1326 1325 1327
3 2773 5054 5055
3 2774 3713 5531
3 2630 2628 2644
3 1226 1227 1228
3 2572 2949 5157
3 878 4431 4442
3 2503 2534 2535
3 234 235 447
3 1108 1112 5167
3 3477 3764 3765
3 735 728 5059
3 1286 1329 1361
3 5549 422 6129
3 3673 3318 4880
3 2499 2498 2500
3 480 4125 6263
3 1220 1221 1222
3 615 614 616
3 2832 2441 2841
3 2497 2496 2498
3 1482 1484 5069
3 4088 4087 4089
3 1214 1215 1216
3 2183 1387 5106
3 1216 1217 1218
3 626 577 5068
3 3995 3147 3997
3 2122 2502 2672
3 2178 2341 2773
3 3761 4829 4830
3 246 385 5000
3 1854 1853 1855
3 455 4418 5142
3 2647 2500 2648
3 2536 2735 3586
3 2303 2302 2697
3 1348 1432 1433
3 2338 3276 5151
3 2619 1656 3134
3 2663 2664 2665
3 2451 2449 2453
3 1340 1344 1345
3 1411 1264 4747
3 2060 2443 3428
3 5306 5569 5685
3 1964 1963 1965
3 1218 1219 1220
3 1078 1038 1323
3 1616 1327 1617
3 1654 2190 3154
3 1232 1233 1234
3 3390 3392 4283
3 2110 2300 5028
3 2926 4313 5283
3 3409 3445 5502
3 667 710 5005
3 246 247 385
3 2598 3229 3478
3 1591 1588 2096
3 2899 3397 6165
3 1069 1075 1076
3 5020 5018 5021
3 4047 4046 6257
3 2399 2096 2401
3 2334 2332 2477
3 3056 3057 4969
3 2844 2326 2972
3 2508 2505 2509
3 2401 5908 6109
3 2521 5330 5384
3 631 629 2191
3 233 234 4972
3 2782 1028 5172
3 5808 5781 6562
3 579 577 626
3 287 5049 5050
3 219 220 5060
3 5043 416 5045
3 2889 2888 2992
3 1846 1843 1847
3 1376 1128 5603
3 142 377 4093
3 244 245 465
3 1584 2748 2749
3 3378 2906 3657
3 1011 1012 1013
3 2161 2416 2417
3 3691 3868 6526
3 237 238 421
3 1283 4623 5065
3 2059 2058 2227
3 3048 4044 4045
3 3091 2368 4820
3 2105 1474 2256
3 1537 3223 4993
3 467 296 5029
3 4006 4007 5387
3 2217 1343 5099
3 1581 1585 5082
3 1869 1863 1870
3 1472 4543 5514
3 23 24 4943
3 239 240 466
3 2938 2937 3536
3 2774 3712 3713
3 4655 4656 5147
3 343 4581 5769
3 3138 3140 3141
3 2072 2041 2141
3 1031 729 5108
3 4935 5313 5357
3 384 265 5035
3 160 161 399
3 788 786 3170
3 1732 1733 2324
3 287 288 5049
3 717 720 5104
3 288 407 5049
3 276 442 5046
3 2185 1350 2496
3 241 242 401
3 3997 5083 5084
3 4718 4716 4719
3 275 276 5046
3 993 969 5110
3 220 395 5060
3 3133 2407 3629
3 2409 2955 3637
3 245 246 5000
3 62 63 4895
3 699 533 5640
3 1398 1400 1401
3 1859 4232 6511
3 2761 2217 3167
3 2235 2662 2663
3 3138 3141 5079
3 730 737 738
3 3071 2730 5120
3 297 380 5029
3 3083 3634 4946
3 1554 1742 5242
3 667 671 710
3 2338 2880 3276
3 3935 3934 4789
3 1313 1377 5670
3 3283 4944 4945
3 297 298 380
3 2567 2568 3396
3 1880 1870 1881
3 946 1007 1008
3 2574 4846 4847
3 2665 2666 2667
3 2904 2974 2975
3 3417 3415 4224
3 716 717 963
3 3168 3167 3303
3 4422 4424 4425
3 3070 2716 3486
3 4159 3301 5175
3 720 730 5013
3 5062 413 5063
3 2830 2694 3406
3 2667 2868 2869
3 4334 2043 5620
3 2716 2399 5131
3 2357 4852 5248
3 2390 1031 3449
3 1340 1345 5118
3 2089 2087 2090
3 2229 1686 5073
3 264 265 384
3 2295 2157 5592
3 266 468 5035
3 2541 2543 3250
3 243 5023 5026
3 286 287 5050
3 3382 3847 4140
3 431 286 5050
3 4814 1332 5066
3 1978 1977 2013
3 295 296 467
3 2452 2456 5224
3 4865 4867 4872
3 1894 1881 1895
3 708 714 716
3 5952 709 5989
3 4871 919 5679
3 2147 2839 5377
3 4728 4715 4771
3 2692 2691 2956
3 2900 2901 2902
3 2562 2563 3077
3 2539 2541 5002
3 994 735 5059
3 3409 3407 3445
3 266 267 468
3 2967 2509 2968
3 1572 1573 5078
3 733 3322 3731
3 2233 2011 5833
3 463 5373 5660
3 265 266 5035
3 296 297 5029
3 3456 3312 3457
3 4037 4042 4902
3 3856 4600 6601
3 1044 1027 1045
3 4720 4719 4721
3 2406 2197 5138
3 2275 1729 2276
3 2142 2505 2508
3 2359 1621 2369
3 4086 4085 4087
3 87 88 5419
3 2950 2049 3492
3 1620 1619 1621
3 1962 1961 1963
3 739 742 961
3 2842 2229 5073
3 273 416 5043
3 936 2277 2503
3 278 279 492
3 269 270 398
3 469 272 5043
3 271 272 469
3 276 277 442
3 1660 4201 5797
3 292 293 391
3 1571 1568 5291
3 273 274 416
3 272 273 5043
3 3465 2450 5224
3 290 291 470
3 1569 1680 1681
3 3035 2304 5321
3 288 289 407
3 2224 3210 5539
3 285 286 431
3 2380 4420 4421
3 3646 3357 4882
3 3278 3507 3508
3 283 284 471
3 3801 3800 4346
3 1724 2579 5410
3 3170 4899 5460
3 281 282 502
3 4999 3751 6444
3 1637 1638 1639
3 2570 2572 3319
3 2949 3775 3776
3 2908 2777 3627
3 2557 2876 3136
3 3042 3754 4197
3 1713 1715 2522
3 2930 3786 3787
3 2136 2135 2367
3 3268 3672 4163
3 2270 1719 2677
3 1681 1682 2106
3 4868 2771 4875
3 1378 3427 5169
3 3141 3140 3437
3 2958 2921 3722
3 1687 913 5074
3 3043 3292 3968
3 4181 3456 6108
3 3539 3450 4900
3 2154 2471 2681
3 2324 2325 2683
3 1391 2250 2415
3 2659 2942 2943
3 1470 1459 5115
3 3379 5092 5093
3 1118 1120 1290
3 3330 4274 4363
3 4472 4484 5322
3 3068 3342 3641
3 1008 1010 1011
3 3581 3582 3583
3 4731 4722 4929
3 1641 1642 1643
3 531 529 4961
3 5297 3377 5478
3 677 683 1626
3 2636 2634 2637
3 1425 2104 2378
3 3340 3393 6190
3 1639 1640 1641
3 1107 1105 1108
3 3891 3284 6570
3 2852 2447 3072
3 3968 4660 6747
3 4511 1454 4512
3 220 221 395
3 2263 2813 2814
3 2648 2650 2651
3 1548 1550 2186
3 2337 2138 2691
3 2902 2903 2904
3 1618 4862 5040
3 2607 2152 2817
3 3997 3147 5083
3 2102 2402 5349
3 2056 2007 2058
3 1024 4200 5584
3 4371 4369 4372
3 4935 5245 5313
3 1146 1144 1194
3 2688 2194 2921
3 3137 2876 5112
3 222 223 472
3 4857 3548 6351
3 1078 1323 1324
3 553 551 4810
3 2557 3136 5129
3 4984 1083 5236
3 1160 1396 3193
3 1360 1358 2086
3 223 224 5062
3 1912 1911 1926
3 688 692 721
3 2206 2093 2207
3 3210 3211 3212
3 3212 4035 4036
3 902 906 5783
3 1570 1572 2203
3 3073 2112 5153
3 1354 1352 2135
3 3925 2925 3926
3 224 225 413
3 2179 2181 3127
3 1112 1111 1113
3 1337 1113 1338
3 362 166 5462
3 2958 3722 3930
3 961 962 5133
3 984 985 986
3 641 4505 6064
3 3484 3960 5056
3 2497 2498 2499
3 2185 2496 2497
3 3123 2058 5098
3 4868 4875 5033
3 2274 2141 2339
3 792 790 955
3 1013 1014 1015
3 4075 4082 4409
3 3478 3229 4947
3 3124 2691 5089
3 2238 3131 5312
3 5337 4090 5338
3 5805 5680 6529
3 1347 1346 1348
3 986 987 988
3 3699 3679 3987
3 3583 3592 3593
3 3079 3074 3080
3 1663 1673 1676
3 2648 2651 5006
3 2508 2509 2967
3 4725 4722 4731
3 1593 1595 3232
3 3497 5292 5364
3 1617 1619 1620
3 2973 2677 4257
3 2181 2188 5127
3 2300 2299 2301
3 2159 2689 2897
3 3181 3182 3183
3 1643 1644 1645
3 2516 2793 3537
3 3420 4308 4309
3 1815 1813 5238
3 4621 1690 5668
3 2156 1685 2157
3 1362 1364 3194
3 1334 1103 1351
3 4315 3478 5604
3 2474 4802 5624
3 3339 3137 5112
3 3814 3813 5162
3 2208 2668 5137
3 2329 2311 2330
3 3136 3137 3138
3 227 228 436
3 2499 2500 2647
3 3406 2694 5038
3 2514 1084 2775
3 417 342 5769
3 472 223 5062
3 2361 2912 2913
3 3194 1364 5494
3 4236 3339 4237
3 4187 5890 6153
3 3722 2921 5170
3 1035 1000 5103
3 1944 1929 1977
3 2830 3406 3407
3 5023 5025 5026
3 43 44 390
3 2940 2817 3230
3 981 983 984
3 2647 2648 5006
3 1345 1344 1346
3 2470 2153 5135
3 2158 2157 2295
3 2428 2427 2429
3 1469 1473 1475
3 2669 2491 2690
3 962 972 980
3 2618 2229 2842
3 2966 4858 6137
3 3894 3893 4618
3 988 989 990
3 2188 2258 2713
3 3218 4194 4195
3 1324 1325 1326
3 224 413 5062
3 4888 4889 5476
3 2989 3898 3899
3 2925 2406 5138
3 2519 3370 5654
3 2430 2429 2835
3 4323 4324 5791
3 4284 4286 4287
3 2142 2508 5113
3 2688 2921 2958
3 2773 2341 5054
3 3518 3519 3520
3 5394 4793 6435
3 3234 3236 3278
3 1691 1373 2142
3 5330 3524 5384
3 3356 2554 3357
3 3138 3139 3140
3 3571 4236 4966
3 1433 1432 1434
3 165 166 362
3 3136 2876 3137
3 758 760 1330
3 4882 3661 6458
3 920 924 1368
3 2113 2112 2293
3 2203 3098 3099
3 3167 2217 5099
3 1543 4033 4034
3 3449 1031 5108
3 2619 3134 3358
3 228 229 5072
3 2421 2422 2671
3 1549 1547 5140
3 1645 1646 1647
3 1030 1034 1036
3 4797 4159 5175
3 4847 4849 4850
3 4406 4405 5286
3 2720 2722 3755
3 2175 1434 2176
3 1905 1904 1906
3 4982 3178 5357
3 4862 4865 5040
3 3614 4916 5855
3 1552 943 4917
3 2956 3934 3935
3 2030 2222 5833
3 3380 3379 5989
3 2296 2295 2750
3 1481 1446 2538
3 2262 2265 2526
3 3331 3332 3333
3 4865 4872 5040
3 113 114 422
3 1036 1059 1060
3 2504 1659 4084
3 3864 3863 3865
3 2768 3832 3833
3 3201 2673 3202
3 720 5013 5104
3 3399 4805 6634
3 962 980 5133
3 1691 2142 2194
3 731 1749 1750
3 4139 6483 6550
3 978 1003 1030
3 2508 3142 5113
3 631 2191 5154
3 2946 2782 3556
3 2698 2697 2937
3 1647 1648 1649
3 1101 1116 1117
3 1060 1096 1097
3 3136 3138 5079
3 3139 3137 3339
3 2103 1424 5158
3 2921 2194 5113
3 1717 2197 2198
3 2754 3297 3560
3 690 685 5196
3 1079 1053 1659
3 1053 965 5188
3 1558 1556 1622
3 2526 2527 3086
3 4937 5181 5281
3 3434 3433 4085
3 1443 1445 1447
3 1910 1888 1911
3 3571 3339 4236
3 1485 1483 1486
3 2557 2875 2876
3 3355 3354 3433
3 1319 1320 1321
3 3142 3679 3699
3 1095 1331 1332
3 229 230 494
3 3138 3137 3139
3 1898 1897 1899
3 3142 2967 3679
3 3451 3473 3474
3 2692 2956 5038
3 2956 3935 5038
3 44 45 4803
3 768 778 929
3 3139 3339 3571
3 4839 4841 4842
3 1669 2574 4852
3 1576 1578 1690
3 3726 3090 3880
3 3200 3564 3928
3 2672 2502 2673
3 2516 3537 5182
3 2378 2379 2421
3 1744 1745 1746
3 1326 1327 1616
3 3950 3949 3998
3 3107 2718 3304
3 929 930 931
3 3276 2880 3277
3 2781 1028 2782
3 4996 4977 5498
3 2403 2883 3150
3 3437 3140 3994
3 1321 1355 1356
3 1288 1369 1717
3 3008 2799 5101
3 3808 3561 4778
3 4388 4101 5229
3 3166 3643 3644
3 3787 3795 3796
3 1370 1289 1371
3 2713 5116 5173
3 3150 3446 3570
3 3520 3816 3848
3 2001 2066 5071
3 1746 2220 3318
3 2224 2674 3210
3 1403 1406 1407
3 3203 2751 3736
3 1649 1650 1651
3 4217 294 6097
3 285 431 5179
3 2198 2406 2407
3 471 284 5179
3 2117 2556 2557
3 5238 4702 5567
3 1349 1114 1350
3 1360 2088 5148
3 931 932 933
3 3353 3352 3354
3 2761 3167 3168
3 2718 2359 5152
3 1089 1286 5434
3 2508 2967 3142
3 2935 2936 3656
3 1401 1402 1403
3 933 934 941
3 4516 3266 4517
3 4167 5575 6689
3 1623 5080 5267
3 2928 3328 3329
3 1372 1371 1373
3 1381 1383 2726
3 2125 2119 5372
3 2219 2611 2612
3 1651 1652 1653
3 3888 3887 5077
3 1015 1016 1049
3 3290 3453 5309
3 2740 3415 3417
3 3486 2716 5131
3 1653 1720 1721
3 2681 2682 2935
3 2274 2739 5926
3 723 712 724
3 2337 2691 2692
3 2403 3150 5159
3 599 600 601
3 3707 3706 3708
3 738 737 739
3 1439 1441 3097
3 3166 3645 5304
3 1500 4647 5853
3 941 942 943
3 3093 4828 5692
3 2109 2054 2110
3 3162 3199 3200
3 2891 3800 3801
3 4240 3623 4241
3 1580 1583 1587
3 2117 1350 2185
3 2861 3271 3577
3 5652 3522 5715
3 2875 2556 3400
3 2194 2142 5113
3 436 228 5072
3 801 799 947
3 2316 1406 5184
3 1057 1035 5103
3 3883 3882 3884
3 3885 3884 3887
3 624 628 1701
3 2478 955 2588
3 664 668 1001
3 2958 3930 3931
3 1049 1050 1086
3 948 4963 5143
3 3168 3303 3343
3 2874 3554 3555
3 705 701 1628
3 2875 3400 3401
3 4749 4750 5943
3 3925 3926 3927
3 965 735 994
3 2827 5521 6018
3 1056 1035 1057
3 3164 3165 3166
3 3794 3793 3882
3 662 667 5005
3 1721 2171 2172
3 3115 3155 5551
3 3124 5089 5269
3 716 714 717
3 1101 1117 4967
3 4049 4050 4051
3 1004 979 1005
3 2186 2187 2388
3 4237 3339 5112
3 2227 4171 4271
3 4702 4701 4703
3 3408 3407 3409
3 5459 3586 5669
3 2388 2389 2513
3 3615 4912 6559
3 1087 1099 1100
3 2328 3103 3105
3 1151 1148 1702
3 171 5646 5738
3 1611 1610 1613
3 5251 4252 6003
3 954 973 974
3 974 998 999
3 1803 1801 5275
3 945 952 954
3 3140 3139 5109
3 73 74 448
3 943 944 945
3 5292 1698 5364
3 1009 1040 1041
3 121 122 5136
3 3709 3708 3791
3 2557 2556 2875
3 999 1026 1027
3 2403 2194 2688
3 3162 3200 5331
3 3179 3180 3181
3 3917 3080 3918
3 675 698 5335
3 3792 3791 3793
3 1562 1560 1564
3 1039 1038 1078
3 3641 3642 3852
3 2415 2586 2587
3 1872 1871 1890
3 2262 2526 5213
3 3083 3595 3634
3 3454 3291 3455
3 2297 1625 5181
3 1354 2135 2136
3 1349 1350 2117
3 1590 4712 4713
3 1646 1644 5826
3 2188 2713 5127
3 803 801 4920
3 647 4221 6113
3 1691 2194 2403
3 1423 1119 4686
3 2285 2286 2287
3 2287 2288 2289
3 1493 1491 1494
3 2468 3096 3164
3 1166 1164 1167
3 2212 2705 2706
3 4113 3439 5126
3 759 757 2511
3 5044 5161 6191
3 2587 3148 3781
3 2874 3555 5075
3 1337 1338 5217
3 4283 4284 4997
3 3089 3725 3727
3 4284 4287 4997
3 3123 5098 5382
3 961 742 962
3 2780 3523 3535
3 2117 2185 2556
3 2426 2424 2427
3 695 690 709
3 2776 2642 2777
3 3139 3571 5109
3 3994 3140 5109
3 2752 2264 2753
3 3132 3501 3668
3 5596 2355 5745
3 3183 3184 3185
3 3999 3998 4000
3 2497 2499 2923
3 1867 1866 1871
3 3801 4346 4347
3 1100 1101 4967
3 3408 3409 3440
3 3926 2925 5138
3 229 494 5072
3 2949 3776 5157
3 2829 2694 2830
3 2896 2753 3338
3 2172 2173 2174
3 1814 1813 1815
3 3065 3066 3067
3 2283 2284 2285
3 1372 1373 1691
3 2801 2433 2803
3 630 634 743
3 1170 1168 1171
3 2165 3728 3729
3 3644 3643 3839
3 2830 3407 3408
3 679 684 686
3 2075 2069 2423
3 2341 2862 5054
3 2704 2703 3315
3 1045 1046 1047
3 2963 3026 3027
3 4755 1429 4853
3 769 763 774
3 1591 2096 2399
3 3897 3104 3958
3 1331 1349 1623
3 1587 1588 1591
3 3070 3486 3690
3 3063 3064 3065
3 1006 1005 1038
3 3499 3348 5202
3 4226 4514 5792
3 1155 1153 1156
3 3156 2814 3157
3 3278 3508 6145
3 1174 1172 1175
3 2589 2588 2860
3 3061 3062 3063
3 1072 1104 1105
3 1663 1676 6005
3 3369 3157 3693
3 3446 2883 3986
3 3417 4224 4225
3 4614 1191 4615
3 4276 4277 4278
3 1047 1071 1072
3 2693 2829 3153
3 421 238 5325
3 2266 1674 5018
3 3150 2883 3446
3 3553 2725 3902
3 2618 2842 2843
3 2174 2254 2255
3 5007 5006 5008
3 2255 2272 2273
3 1569 1565 1680
3 3377 3652 3653
3 489 5743 5768
3 3266 3264 5430
3 2065 1992 2112
3 3192 3206 3207
3 1370 1371 1372
3 645 648 649
3 2521 2969 2970
3 3189 3191 3192
3 1537 4993 5206
3 636 638 2480
3 1582 4817 5174
3 124 125 5660
3 2413 1342 5014
3 2832 2841 3688
3 986 985 987
3 2091 2090 2092
3 595 597 5064
3 239 466 5325
3 3400 2556 5139
3 4547 1094 6031
3 963 5104 5111
3 3629 2407 5075
3 3033 3034 3083
3 988 987 989
3 2688 2958 5119
3 2155 2475 2521
3 3379 2801 5092
3 3759 2782 5172
3 1331 1114 1349
3 3424 3625 6038
3 984 983 985
3 3446 3986 4348
3 1487 1486 1488
3 689 694 1658
3 1112 1554 5167
3 3153 3778 4099
3 1950 1948 2169
3 2156 2157 2158
3 2530 2307 2703
3 4520 4518 4521
3 2693 2692 2694
3 1717 1369 2197
3 1816 1815 1817
3 1108 1110 1111
3 3941 358 5105
3 1584 1574 2748
3 1313 1307 1314
3 649 655 656
3 656 657 658
3 3301 2617 5175
3 3166 3165 3643
3 2261 2260 2263
3 5503 6120 6331
3 4714 4716 4718
3 1006 1038 1039
3 3469 2517 3470
3 4169 5815 6697
3 755 764 5271
3 1954 1952 2397
3 1370 1372 2391
3 2612 2613 2614
3 2403 2688 2883
3 1033 982 1656
3 1617 1620 5195
3 980 972 981
3 4435 4433 4436
3 4341 4340 4342
3 32 33 402
3 1808 1807 1809
3 1095 1114 1331
3 3109 2592 3110
3 1006 1039 1073
3 1620 1621 2359
3 4001 4000 4002
3 2208 2207 2490
3 2647 5006 5007
3 1926 3372 5052
3 4587 4586 4588
3 2861 3577 5243
3 1810 1809 1811
3 1368 924 5143
3 1744 1356 1745
3 1334 1351 1352
3 1319 1097 1320
3 2122 2672 5364
3 1058 1092 1095
3 2410 2881 2882
3 3059 3060 3061
3 2289 2317 2318
3 2178 2340 2341
3 1735 2584 5402
3 2259 2189 2260
3 1348 1431 1432
3 1073 4996 5156
3 1294 1292 1295
3 4003 3002 4015
3 3322 5168 5266
3 1030 1003 1034
3 1162 1159 1163
3 3347 3346 3348
3 1812 1811 1813
3 3017 3018 3658
3 2198 2197 2406
3 1517 1515 1700
3 3451 2792 3473
3 1336 1335 1357
3 1689 1478 2386
3 1475 2321 2322
3 1495 1494 1496
3 1806 1805 1807
3 3116 3117 3179
3 4754 4756 6104
3 1338 1339 1340
3 519 731 5249
3 4975 2589 5607
3 1407 1596 1597
3 2341 2784 2862
3 1384 1380 4614
3 1180 1178 1181
3 3653 3652 3825
3 3107 3304 3845
3 4900 6090 6154
3 725 724 733
3 2677 1719 5217
3 2106 1682 2179
3 2694 2692 5038
3 1324 1326 1328
3 2823 2412 2857
3 3187 3188 3189
3 1522 1520 1523
3 1657 1656 2619
3 2158 2295 2296
3 2862 3376 3377
3 872 870 873
3 1568 1566 5201
3 3557 3172 3558
3 1036 1034 1059
3 5009 398 6224
3 1369 1289 1370
3 940 938 950
3 1095 1092 1114
3 2580 1725 2603
3 3359 2599 3750
3 3578 2578 5096
3 2117 2557 5129
3 1681 1680 1682
3 3567 2853 3663
3 2877 4226 5792
3 5066 1332 5067
3 2296 2750 2751
3 3150 3570 5144
3 1060 1059 1096
3 1732 1586 1733
3 2506 2339 2507
3 1058 1056 1092
3 2407 2406 2874
3 1616 5195 5304
3 807 805 885
3 2916 2679 3076
3 2458 2460 3092
3 925 921 970
3 1750 1751 1752
3 2749 2748 3420
3 1073 1039 1074
3 4457 2737 4658
3 3691 3358 3868
3 1288 1074 1289
3 1489 1488 1490
3 2713 2258 5116
3 2518 2217 2761
3 1040 1056 1058
3 5306 1275 5569
3 2182 2180 3220
3 3994 431 6386
3 685 680 1703
3 4613 2798 6042
3 3264 3262 3267
3 1849 1851 5665
3 1338 1340 5118
3 1822 1821 1824
3 1818 1817 1819
3 697 703 5356
3 2024 2023 2025
3 10 11 445
3 4939 1074 5245
3 2199 1343 2217
3 3631 2837 3937
3 2337 2692 2693
3 2018 2017 2023
3 3105 3269 3270
3 2417 2742 5677
3 1388 1386 2605
3 2216 2746 3112
3 3806 2916 4965
3 3081 3459 3575
3 5073 1686 5187
3 2600 3395 5287
3 120 121 462
3 2819 2872 2873
3 2176 2177 2178
3 2322 2727 2728
3 437 4187 6153
3 2185 2497 5139
3 884 5437 6320
3 775 774 782
3 2016 2015 2017
3 3153 2829 3778
3 3622 2820 3624
3 1062 1043 1063
3 901 917 918
3 2874 2406 2925
3 4574 4573 4575
3 3554 2925 3925
3 2946 3556 3936
3 5007 5008 5009
3 4906 1552 4917
3 2056 2058 2059
3 1804 1803 1805
3 2381 2356 2382
3 2004 2003 2015
3 3643 3165 4971
3 3320 3052 3321
3 3823 3320 5030
3 3114 3115 3116
3 3031 3032 3033
3 730 736 737
3 2960 3665 5448
3 1004 1005 1006
3 928 923 937
3 2518 2837 2838
3 1556 963 5111
3 1831 1830 1835
3 2781 2782 2946
3 702 696 1692
3 1349 2117 5129
3 2693 2694 2829
3 284 285 5179
3 3050 2828 3851
3 653 659 3282
3 907 903 908
3 3133 3630 5204
3 650 646 744
3 2137 2336 2338
3 4394 4646 5549
3 1340 1343 1344
3 2170 3527 3531
3 4777 4710 6588
3 868 865 869
3 4591 4588 4592
3 3277 3613 3811
3 1277 1269 1278
3 3811 3613 4217
3 1447 1448 1449
3 1497 1496 1498
3 929 778 930
3 1321 1320 1355
3 1073 1074 1288
3 3112 3113 3114
3 2958 3931 5119
3 2375 2392 2806
3 1746 1745 2220
3 4530 3488 5968
3 1288 1289 1369
3 2693 3153 5227
3 3084 5542 6139
3 720 729 730
3 3200 3199 3564
3 2336 2138 2337
3 2318 2319 2375
3 2450 2452 5224
3 4111 1816 6446
3 899 896 1704
3 1865 1841 1866
3 2462 2464 3085
3 2556 2185 5139
3 1261 1259 4822
3 3304 2718 5152
3 957 951 958
3 3474 3473 4936
3 3142 3699 5170
3 2137 2136 2138
3 3176 3175 4073
3 4718 4719 4720
3 2338 2879 2880
3 4153 4056 5745
3 1623 1349 5129
3 1004 1006 5156
3 2526 2265 2527
3 3642 3342 5306
3 890 888 4898
3 1999 1998 2003
3 1912 1926 1927
3 4578 4577 6538
3 3532 3534 3838
3 3757 3343 3758
3 1505 1503 1506
3 1252 1250 1253
3 933 932 934
3 1040 1035 1056
3 1449 1450 1451
3 3164 3096 3165
3 4720 4721 4722
3 3532 3527 3533
3 1003 979 1004
3 4165 4169 4170
3 5115 4708 5915
3 1451 1452 1453
3 941 934 942
3 2102 2101 2402
3 3721 3718 4072
3 739 741 742
3 736 729 1031
3 931 930 932
3 1108 1105 1110
3 1528 1526 1624
3 4323 4321 4324
3 1453 1455 1456
3 1683 1110 3524
3 2263 2814 3156
3 1338 1113 1339
3 863 861 864
3 3185 3186 3187
3 1045 1027 1046
3 745 744 746
3 653 3282 5348
3 4161 4159 4797
3 1009 1035 1040
3 630 743 5346
3 974 973 998
3 999 998 1026
3 717 719 720
3 2706 2932 4010
3 954 952 973
3 1079 1659 2504
3 708 713 714
3 3283 2683 4944
3 2170 1431 3526
3 2516 2517 2793
3 4662 5432 6108
3 1501 1499 1502
3 4821 4984 5209
3 3310 1887 5377
3 5080 3141 5502
3 943 942 944
3 3027 3028 3029
3 894 892 897
3 2407 2874 5075
3 2969 2475 2971
3 1104 1071 1106
3 2164 2924 3169
3 3341 4258 5720
3 855 853 856
3 153 154 449
3 747 746 748
3 1597 1596 4991
3 783 782 900
3 969 959 976
3 3277 2880 3613
3 1296 1295 1298
3 703 707 708
3 2609 3119 3120
3 859 857 860
3 1829 1828 1830
3 1033 1657 2516
3 2874 2925 3554
3 2883 2688 5119
3 1009 1000 1035
3 978 979 1003
3 4537 1242 4541
3 1348 1346 1431
3 2800 2799 3008
3 5256 3830 5505
3 1059 1034 2783
3 812 810 1695
3 3986 2883 5119
3 713 707 715
3 2856 3745 5259
3 945 944 952
3 2026 2025 2031
3 2614 2615 2616
3 3168 3343 3757
3 3333 3769 5094
3 1997 1996 1998
3 1944 1977 1978
3 2793 3469 3471
3 2398 3003 3017
3 989 987 991
3 1558 1622 5134
3 1317 1316 1335
3 989 991 995
3 3303 3167 5428
3 155 386 5166
3 5083 3100 5621
3 1820 1819 1821
3 901 900 916
3 2775 3497 3498
3 4230 401 6280
3 1678 4687 5298
3 2305 2214 2585
3 3337 3335 3723
3 3943 3944 3945
3 978 949 979
3 3591 2971 3773
3 2238 2239 2738
3 4592 4699 6719
3 2784 2340 2825
3 5275 4587 5618
3 1976 1975 2001
3 2273 2272 5042
3 917 916 946
3 2155 1685 2156
3 1684 1106 1685
3 825 823 826
3 2497 2923 5139
3 4813 1878 5350
3 1974 1973 1975
3 697 702 703
3 4727 4723 5829
3 1196 1193 1197
3 691 687 693
3 4911 3865 4912
3 3174 2707 3175
3 1047 1046 1071
3 1620 2468 5195
3 1315 1314 1316
3 1072 1071 1104
3 995 1000 1009
3 3143 3738 3739
3 1532 1530 1536
3 2501 2121 5190
3 1778 1775 2431
3 2335 6235 6622
3 2619 3358 3691
3 637 635 644
3 1620 2359 2468
3 1560 1558 5134
3 3377 3376 3652
3 1802 1801 1803
3 2521 2475 2969
3 1188 1186 1189
3 5113 3142 5170
3 2849 2396 3024
3 1659 1053 5188
3 3156 3157 3369
3 1622 1556 5111
3 1353 1352 1354
3 1927 1926 5052
3 5059 728 5262
3 2164 1031 2390
3 757 755 5271
3 3086 2527 3087
3 1244 1241 1245
3 901 916 917
3 1319 1321 5281
3 1800 1799 1801
3 1719 1337 5217
3 1146 1194 5176
3 2608 2229 2618
3 1616 1617 5195
3 3096 2718 3107
3 1925 1921 5322
3 749 748 750
3 1102 1333 1698
3 981 982 983
3 2499 2647 5161
3 2276 1729 5374
3 1111 1110 1683
3 2354 2352 2355
3 3281 3973 4213
3 995 991 1000
3 1097 1096 5187
3 1033 1656 1657
3 2921 5113 5170
3 1354 2136 2137
3 658 661 662
3 1798 1797 1799
3 2296 2751 2861
3 831 829 832
3 2176 1434 2177
3 851 850 852
3 1026 998 1028
3 2752 2753 2896
3 3371 3008 4222
3 1157 1156 1378
3 4476 4479 5194
3 509 511 1740
3 568 567 569
3 1995 1986 1996
3 948 949 978
3 874 873 875
3 1540 1534 1699
3 2893 2501 2894
3 2896 3338 3674
3 2924 2390 2997
3 1054 1080 1081
3 2213 2304 3035
3 4257 2677 4666
3 2100 2002 2101
3 3029 3030 3031
3 5513 4589 5595
3 2341 2340 2784
3 3590 3589 3718
3 1332 1331 5267
3 733 3731 3732
3 5305 4968 5374
3 2306 2529 3143
3 1910 1911 1912
3 3146 3099 3147
3 1570 2203 5264
3 2616 2676 3551
3 3954 5419 5944
3 4076 4074 4081
3 981 972 982
3 1355 1320 1686
3 1796 1795 1797
3 2811 2507 2812
3 2228 1686 2229
3 2220 1745 3161
3 2793 2517 3469
3 1983 1982 1986
3 682 676 1697
3 3544 5793 5883
3 876 875 879
3 4702 4704 5567
3 880 879 882
3 566 565 567
3 775 783 3177
3 2468 2718 3096
3 924 925 948
3 819 816 820
3 849 848 850
3 783 900 901
3 2516 1657 2517
3 2468 2359 2718
3 1200 4999 6444
3 769 774 775
3 1524 1523 1537
3 883 882 887
3 4280 2072 5926
3 1027 1026 5216
3 751 750 752
3 562 561 563
3 847 846 848
3 670 666 672
3 4522 4521 4523
3 3560 3297 3737
3 3621 3459 5941
3 564 563 565
3 2338 2336 2879
3 3250 3252 5756
3 753 752 754
3 841 840 842
3 2137 2138 2336
3 755 754 764
3 2518 2761 2837
3 4524 4523 4525
3 1788 1784 1789
3 739 737 741
3 2861 2751 3203
3 4501 4500 4503
3 1698 2121 2122
3 962 971 972
3 2199 2217 2518
3 1176 1175 1177
3 1340 1339 1343
3 1320 1097 5187
3 1728 1730 2525
3 3636 3635 3716
3 918 919 920
3 4219 3110 5314
3 2862 2784 3376
3 560 559 561
3 2752 2896 3414
3 2923 2499 5161
3 2565 715 3840
3 3244 3147 3995
3 2059 2227 5130
3 1105 1104 5223
3 3296 2724 3298
3 843 842 844
3 2608 2618 3364
3 2032 2031 2033
3 845 844 846
3 2367 2891 5269
3 513 515 1048
3 1794 1793 1795
3 3202 3289 3561
3 2969 2971 3591
3 983 982 1033
3 4936 3473 4937
3 2178 2177 2340
3 2259 2260 2261
3 2231 1436 2347
3 1481 2538 5132
3 948 925 949
3 692 696 697
3 1792 1791 1793
3 3532 3533 3534
3 1344 1343 2199
3 1081 1082 1084
3 1790 1789 1791
3 671 676 677
3 1104 1106 1684
3 2838 2837 3631
3 4747 1264 4748
3 667 670 671
3 2145 2033 2146
3 717 714 719
3 2155 2156 2475
3 2228 2229 2608
3 1684 1685 2155
3 558 557 559
3 1415 1411 4747
3 4666 2677 5217
3 962 742 971
3 3586 2735 3587
3 2220 3161 3162
3 920 921 924
3 1981 1980 1982
3 724 712 5168
3 3226 3225 3635
3 734 964 966
3 3162 3161 3198
3 1432 1431 2170
3 2106 2179 5145
3 3902 2725 5366
3 1706 2524 2906
3 1334 1352 1353
3 1372 1691 5159
3 1355 1686 2228
3 3427 3426 3741
3 3356 3357 3646
3 934 932 1094
3 2324 1733 2325
3 2780 1028 2781
3 924 921 925
3 2350 2348 2351
3 952 944 953
3 556 555 557
3 839 838 840
3 1609 1607 1610
3 3316 2703 5272
3 1305 1304 1306
3 135 136 358
3 1546 1548 5088
3 1584 2749 5657
3 2122 2501 2502
3 2801 2803 5092
3 677 682 683
3 2445 2444 2685
3 2431 1775 5631
3 3559 3558 3826
3 658 657 661
3 775 782 783
3 5036 5037 5998
3 4998 1092 5231
3 1691 2403 5159
3 3417 4225 4603
3 1237 1234 1238
3 1026 1028 2780
3 656 655 657
3 3162 3198 3199
3 1745 1356 5215
3 445 11 4838
3 1813 1868 5238
3 2893 3715 3916
3 4496 4495 4500
3 2604 2603 3171
3 2181 2182 2188
3 2304 2306 5321
3 3199 3198 3782
3 1303 1302 1304
3 918 917 919
3 3531 3527 3532
3 2862 3377 5297
3 2170 3526 3527
3 1022 1019 1025
3 2387 2386 2444
3 730 729 736
3 2261 2263 5233
3 1299 1298 1300
3 2259 2261 2262
3 5100 2067 5326
3 2179 2180 2181
3 720 719 729
3 705 1628 5168
3 2391 1372 5159
3 888 887 936
3 1726 1728 5212
3 2184 2059 5130
3 4846 4848 5867
3 1356 1355 5215
3 1979 1947 1980
3 2769 4608 6323
3 4222 1001 5961
3 594 593 595
3 749 751 2515
3 5067 1332 5267
3 2201 1417 2686
3 2683 2325 2723
3 4270 1002 6164
3 1301 1300 1302
3 1279 1278 1280
3 592 591 593
3 736 1031 2164
3 554 553 555
3 6073 2943 6179
3 911 910 912
3 2188 2189 2258
3 2780 2781 3523
3 1353 1354 5151
3 1006 1073 5156
3 2950 3492 3719
3 753 755 756
3 1056 1057 5231
3 519 521 731
3 662 666 667
3 821 820 822
3 2105 2256 2326
3 708 707 713
3 1742 2740 5242
3 2647 5007 5161
3 3937 2837 5199
3 4488 4487 4489
3 1937 1956 1957
3 723 724 725
3 2265 2264 2752
3 2871 3413 3670
3 2262 2264 2265
3 930 778 2309
3 909 908 910
3 3658 3018 3770
3 4088 4090 5337
3 1230 1228 1231
3 5195 3164 5304
3 649 648 655
3 683 687 688
3 3911 3797 3912
3 1281 1280 1282
3 703 702 707
3 1283 1282 1284
3 2844 2972 3365
3 3254 3253 3255
3 3089 3088 3090
3 1935 4616 5352
3 747 748 749
3 920 919 921
3 768 769 778
3 2433 2106 5145
3 3234 3278 5363
3 1827 1825 1828
3 1564 1560 5134
3 3576 2911 3599
3 762 763 768
3 837 836 838
3 1285 1284 1291
3 2313 2162 2315
3 1008 1011 1708
3 1545 5914 6033
3 3258 3257 3261
3 590 589 591
3 827 826 828
3 1510 1509 1512
3 3725 3090 3726
3 3087 2527 3088
3 2214 2102 5349
3 1254 1253 1255
3 2025 2023 5518
3 3256 3255 3257
3 3083 3034 3595
3 3252 3251 3253
3 4817 4759 5751
3 1259 1267 4822
3 924 948 5143
3 2241 2243 3043
3 1513 1512 1545
3 835 834 836
3 833 832 834
3 1224 1222 1225
3 5012 761 5218
3 1074 1039 5245
3 1946 1945 1947
3 745 746 747
3 552 551 553
3 759 2511 5218
3 697 696 702
3 1726 1086 1727
3 650 744 745
3 3568 2827 5912
3 1565 1562 5150
3 55 56 5203
3 972 971 5160
3 2861 3203 3271
3 688 691 692
3 1259 1258 1267
3 1333 1103 1334
3 2170 3531 5205
3 1548 2186 5088
3 1256 1255 1258
3 2924 2997 3493
3 440 69 4624
3 4579 4580 6616
3 2737 2472 4659
3 2535 2534 2714
3 1507 1506 1509
3 2910 2446 2911
3 1370 2391 5247
3 4835 4730 5829
3 531 4961 5640
3 1748 4386 6001
3 1092 1056 5231
3 1902 1901 1917
3 3152 3367 5114
3 753 754 755
3 2400 2744 3240
3 888 936 4898
3 1942 1941 1945
3 722 712 723
3 2663 2662 2664
3 505 507 3740
3 2188 2182 2189
3 2833 2420 2834
3 1596 2394 4991
3 2258 2189 2259
3 2262 2261 2264
3 734 728 735
3 2780 3535 5216
3 760 761 762
3 751 752 753
3 749 750 751
3 1918 1917 1921
3 3087 3088 3089
3 2164 2390 2924
3 758 759 760
3 794 795 5225
3 1567 1570 5264
3 2179 1682 2180
3 3809 3196 4009
3 2805 2804 5604
3 711 705 712
3 462 121 5136
3 1246 1245 1247
3 1886 1885 1901
3 517 519 5249
3 680 675 5335
3 2383 2384 5180
3 713 715 2565
3 2181 2180 2182
3 2792 2297 5181
3 1039 1078 5245
3 1102 1083 1103
3 4896 971 5369
3 550 549 551
3 704 701 705
3 1656 982 5160
3 711 722 1706
3 5943 4038 6221
3 709 690 5196
3 671 670 676
3 2894 2501 5190
3 2394 3081 4991
3 3154 2190 5177
3 2753 2264 5233
3 5108 719 5261
3 3322 5266 5704
3 2400 2399 2716
3 1752 1753 1754
3 4484 4474 4485
3 1924 1921 1925
3 768 763 769
3 4514 4198 6650
3 3089 3090 3725
3 4492 4491 4493
3 2826 3568 3569
3 1690 1578 5149
3 700 704 706
3 2683 2723 4944
3 4993 3226 5828
3 3095 2919 3843
3 700 695 701
3 2203 3099 3146
3 1182 1181 1183
3 4944 2723 4987
3 3550 3549 3649
3 756 757 758
3 2031 2025 5612
3 677 676 682
3 1735 886 2583
3 3126 4837 5336
3 2383 2382 2384
3 4494 4493 4495
3 2775 1084 3497
3 4490 4489 4491
3 2761 3168 5199
3 28 29 411
3 4848 5716 5807
3 3750 2599 5365
3 5089 2367 5269
3 3017 3003 3018
3 762 761 763
3 1248 1247 1249
3 2744 2716 3070
3 5268 1683 5428
3 683 682 687
3 913 912 914
3 2893 2894 3715
3 2907 2524 3545
3 2858 2520 3302
3 2503 2277 2534
3 3250 2543 3251
3 725 733 5262
3 1046 1027 5216
3 1940 1939 1941
3 3202 2673 3289
3 2660 3295 5438
3 1938 1925 1939
3 2565 3840 3841
3 4447 456 6178
3 61 62 373
3 1087 1100 5305
3 3470 2517 5214
3 2401 2096 5598
3 1513 1545 5165
3 745 747 1055
3 3161 1745 5215
3 2168 2059 2184
3 548 547 549
3 675 669 698
3 1082 1080 1083
3 1346 1344 5198
3 644 635 5154
3 1004 5156 5185
3 2558 2184 3967
3 1562 1564 5150
3 1578 1580 5149
3 1727 5305 5374
3 2567 1699 2568
3 1698 1333 2121
3 5138 2197 5247
3 1190 1189 1192
3 667 666 670
3 1718 4801 6655
3 2965 2442 3204
3 1369 1370 5247
3 3548 3204 3549
3 2122 2121 2501
3 703 4891 5356
3 801 947 4920
3 688 687 691
3 3220 2180 5307
3 692 691 696
3 2803 2433 5145
3 1198 1197 1199
3 766 770 1091
3 1110 1105 5223
3 2197 1369 5247
3 1113 1111 5268
3 743 634 5208
3 2665 2664 2666
3 636 2480 5208
3 2970 2969 5222
3 2511 757 5271
3 2709 3121 3122
3 4713 4714 5344
3 3033 3032 3034
3 1801 1836 5275
3 3278 3236 3507
3 1239 1238 1240
3 3609 3608 3611
3 2530 2703 2704
3 2468 3164 5195
3 1184 1183 1185
3 3395 3384 3797
3 760 759 761
3 1686 1320 5187
3 3338 2753 5396
3 3573 2933 3850
3 1718 4162 6542
3 1625 1319 5281
3 645 649 5219
3 758 757 759
3 1607 1605 4305
3 1434 1432 5205
3 807 885 5540
3 2337 2693 5227
3 3151 1632 5469
3 2156 2158 5178
3 1003 1004 5185
3 662 661 666
3 1089 1076 1109
3 3561 3289 3685
3 3770 3018 3961
3 358 136 5105
3 101 102 404
3 6511 3965 6607
3 2048 5061 5388
3 2109 2110 5028
3 3244 3995 3996
3 3607 3605 3608
3 3420 3485 4308
3 2569 2523 2570
3 2137 2338 5151
3 2090 2087 5400
3 694 690 695
3 1106 5385 5475
3 661 657 1718
3 3591 3773 4164
3 2028 2079 2080
3 1580 1587 5149
3 1680 1565 5150
3 2502 2501 2893
3 1728 2525 5212
3 114 115 5220
3 2490 3054 4901
3 2006 2055 2060
3 5099 1339 5268
3 1104 1684 5223
3 1001 668 5237
3 75 4276 5767
3 1200 1199 1201
3 1102 1103 1333
3 2723 2754 4987
3 1354 2137 5151
3 214 215 5528
3 3815 3717 3867
3 634 635 636
3 3146 3147 3244
3 5003 639 5279
3 982 972 5160
3 2480 638 5219
3 1931 1984 1985
3 727 725 728
3 546 545 547
3 5140 3075 5417
3 985 983 5182
3 3831 1511 6741
3 1130 1133 5603
3 2263 3156 5233
3 636 637 638
3 712 705 5168
3 638 639 645
3 645 646 648
3 2837 2761 5199
3 2510 2125 5372
3 1111 1683 5268
3 2203 3146 5264
3 2460 2462 5189
3 1591 2399 2400
3 2906 2524 2907
3 648 646 650
3 1202 1201 1203
3 2891 3801 5269
3 1671 1669 4852
3 5737 409 6101
3 1026 2780 5216
3 1034 1003 5185
3 630 631 634
3 1657 2619 5214
3 628 629 630
3 1226 1225 1227
3 915 914 922
3 2260 2189 5230
3 2266 5018 5020
3 3660 3661 4138
3 1232 1231 1233
3 2869 2868 3529
3 2132 4484 5735
3 1331 1623 5267
3 115 116 478
3 2667 2666 2868
3 1081 1080 1082
3 2659 2253 2942
3 756 755 757
3 3581 2945 3582
3 624 627 628
3 1909 2062 2147
3 1204 1203 1205
3 2057 1968 5948
3 2227 4271 5130
3 1867 1871 1872
3 4206 4205 4207
3 1728 1727 1729
3 3096 3107 5197
3 1344 2199 5198
3 3524 1110 5223
3 1324 1328 5313
3 2159 2897 5483
3 6177 3716 6309
3 1438 1129 5579
3 601 602 603
3 723 725 727
3 5192 4264 6012
3 2522 1715 2523
3 2264 2261 5233
3 3165 3096 5197
3 2619 3691 5214
3 1586 1582 5174
3 1054 1053 1079
3 2147 2148 2149
3 3397 4256 5340
3 3963 3955 5633
3 2971 2475 5178
3 3614 3615 4916
3 137 138 5257
3 3508 3507 4221
3 4971 3165 5197
3 2060 2442 2443
3 2336 2337 5227
3 2182 3220 5230
3 4051 4050 5320
3 3473 2792 5181
3 3476 3294 5663
3 1206 1205 1207
3 606 595 5064
3 3862 3863 3864
3 3498 3497 5482
3 3348 3349 3660
3 734 735 964
3 2475 2156 5178
3 4724 4722 4725
3 3420 2748 3485
3 1033 2516 5182
3 594 595 606
3 997 996 1018
3 2783 1034 5185
3 3526 1431 5198
3 544 543 545
3 1082 1083 1102
3 152 4459 5787
3 3034 3032 3538
3 2740 3417 5242
3 3581 3584 5373
3 2584 2583 2959
3 1762 1760 3125
3 1220 1219 1221
3 1049 1086 1726
3 2006 1978 2007
3 590 592 1696
3 1412 2562 5441
3 2443 2965 2966
3 727 728 734
3 1210 1209 1211
3 3031 3030 3032
3 1208 1207 1209
3 983 1033 5182
3 3027 3026 3028
3 2960 2959 3665
3 1339 1113 5268
3 4587 4591 5618
3 1218 1217 1219
3 1212 1211 1213
3 2101 2002 5071
3 2398 2275 2554
3 1730 1729 2275
3 2893 3916 5265
3 3168 3757 5199
3 977 976 996
3 3572 2901 6165
3 2056 2059 2168
3 103 104 475
3 5328 1655 5483
3 964 735 965
3 1464 1469 5117
3 5453 2312 5661
3 3614 3072 3615
3 2055 2007 2056
3 2961 4887 5402
3 1432 2170 5205
3 3974 3302 3975
3 4231 1873 5848
3 1431 1346 5198
3 1054 1079 1080
3 5286 4405 6703
3 636 635 637
3 622 623 624
3 992 965 1053
3 1441 1443 5124
3 2207 2093 5416
3 638 637 639
3 645 639 646
3 1214 1213 1215
3 634 631 635
3 4192 3219 4193
3 1766 1764 1885
3 2157 1685 5475
3 3124 5269 5378
3 901 918 5316
3 117 118 359
3 4866 4870 5678
3 711 712 722
3 608 609 610
3 2907 3545 3546
3 1216 1215 1217
3 442 5936 6560
3 3237 3235 3307
3 1726 1727 1728
3 704 705 711
3 2400 2716 2744
3 5201 1569 5361
3 1013 1015 1017
3 700 701 704
3 603 604 605
3 542 541 543
3 2118 2758 3152
3 3003 2554 3356
3 3025 2962 3692
3 4720 4722 4724
3 2002 2001 5071
3 2517 1657 5214
3 2584 2961 5402
3 4125 414 6263
3 3249 3431 3432
3 3308 3307 3398
3 2184 5130 5550
3 3348 3660 5202
3 1943 1929 1944
3 1355 2228 5215
3 605 607 608
3 117 359 5497
3 1759 3323 5128
3 3713 3712 3714
3 733 3732 5262
3 4765 3387 6745
3 956 5053 5381
3 1840 1864 1882
3 694 695 700
3 1322 4683 5368
3 728 725 5262
3 3092 2460 5189
3 630 629 631
3 1574 1571 5291
3 5204 3630 5688
3 628 627 629
3 3880 3090 5445
3 2445 2685 5171
3 1524 1537 5206
3 3240 2744 3411
3 1064 1063 1066
3 104 105 5255
3 2073 1885 5392
3 1490 2559 4959
3 4164 254 6720
3 1603 1601 1604
3 1634 1637 5469
3 2168 2184 2558
3 1706 722 2524
3 586 588 732
3 2754 3296 3297
3 2879 2336 5227
3 1887 1909 5377
3 741 737 5246
3 737 736 5246
3 992 1053 1054
3 1877 1887 3310
3 2364 2799 2800
3 2969 3591 5222
3 3320 3321 5030
3 1469 1475 5117
3 624 623 627
3 3029 3028 3030
3 1921 2014 5322
3 1078 1324 5313
3 1944 1978 2006
3 377 4143 6167
3 2161 2160 2416
3 3977 174 5680
3 1157 1378 5169
3 2462 3085 5189
3 570 569 571
3 3164 3166 5304
3 1676 1673 2160
3 107 108 474
3 592 593 594
3 3210 2674 3211
3 4694 4701 4702
3 5245 1078 5313
3 2177 1434 5205
3 2164 3169 5246
3 3404 3904 5375
3 3260 5442 6272
3 122 388 5136
3 2398 2554 3003
3 2831 2441 2832
3 2723 2724 2754
3 1491 1490 4959
3 1826 2710 3249
3 2578 3429 5096
3 4222 3008 5496
3 540 539 541
3 2752 3414 5221
3 58 59 423
3 689 685 690
3 2293 3074 3079
3 4874 4867 5678
3 783 901 5316
3 4376 4374 6032
3 1865 1866 1867
3 590 591 592
3 3399 3398 3425
3 1100 4967 4968
3 2835 3450 3539
3 3212 3211 4035
3 1067 1066 1068
3 4589 5513 5682
3 5116 2258 5213
3 3996 4008 5692
3 105 106 361
3 1728 1729 1730
3 3097 1441 5124
3 1928 1927 1929
3 689 690 694
3 700 706 5278
3 1730 2275 2398
3 201 202 5875
3 2158 2296 5243
3 2155 2521 5384
3 1882 1883 1884
3 719 714 5261
3 3273 5453 5661
3 5792 3873 6017
3 238 239 5325
3 1326 1616 5359
3 1295 1292 5379
3 1875 1893 2070
3 714 713 5261
3 5413 4296 5694
3 1086 1087 5305
3 3152 3366 3367
3 4995 5328 5483
3 4563 4564 5404
3 2863 2864 3681
3 3663 2853 5509
3 660 654 1032
3 3550 3649 4269
3 2265 2752 5221
3 4478 4475 4779
3 3548 3549 3550
3 1759 1761 3323
3 588 587 589
3 4937 3473 5181
3 1443 1447 5124
3 873 870 5376
3 2131 2652 2653
3 1994 4465 5948
3 2965 3204 3548
3 2527 2265 5221
3 2704 3315 5311
3 634 636 5208
3 3482 5967 5972
3 2296 2861 5243
3 2930 3787 5410
3 3177 783 5316
3 3297 3296 3879
3 2675 2225 2755
3 3006 3706 3707
3 2673 2502 5265
3 2149 2150 2167
3 522 520 523
3 637 644 5279
3 4774 3733 6329
3 106 107 5254
3 1829 1830 1831
3 2756 2755 3817
3 2148 2062 3205
3 1532 1536 5440
3 776 779 781
3 3759 5172 5427
3 512 510 718
3 2530 2704 2747
3 2189 2182 5230
3 4920 947 4921
3 2013 2165 5382
3 3396 2568 5363
3 3367 3771 3932
3 1754 1755 1756
3 5317 3719 6363
3 2100 2101 2102
3 906 907 5389
3 3458 4463 5966
3 610 612 613
3 538 537 539
3 2241 3043 5582
3 4449 3344 6116
3 2443 2442 2965
3 2258 2259 5213
3 516 514 1722
3 1499 1498 5240
3 638 645 5219
3 3583 3582 3592
3 594 606 653
3 1713 2522 5623
3 1884 1915 1916
3 1912 1927 1928
3 2417 2416 2742
3 1733 1586 5174
3 2060 2055 2442
3 3609 6053 6072
3 1286 1109 1329
3 1307 1306 5186
3 2747 2704 2772
3 964 965 992
3 506 504 1393
3 761 759 5218
3 1334 1353 5280
3 5168 1628 5266
3 2045 2152 2607
3 4448 4449 6336
3 3143 2529 3738
3 2259 2262 5213
3 1606 1608 2342
3 4357 371 5899
3 693 687 5270
3 1985 2019 2020
3 3298 2724 5386
3 5190 2121 5280
3 1612 2140 2238
3 5304 3645 5359
3 2309 778 5241
3 2398 3017 5295
3 1361 1329 1365
3 3331 3329 3332
3 588 589 590
3 1916 1960 1961
3 3417 4603 5242
3 2653 3373 3374
3 635 631 5154
3 5182 3537 5353
3 4758 4755 4853
3 1767 1768 1769
3 2754 2724 3296
3 2723 2325 2724
3 3178 4935 5357
3 2491 2490 4901
3 2952 2953 3352
3 2766 3345 3346
3 1769 1770 1771
3 1976 2001 2002
3 2622 5744 5839
3 3203 3736 6544
3 2154 2681 5425
3 1822 1824 1825
3 2832 3688 3689
3 1100 4968 5305
3 2636 2637 2638
3 1920 1973 1974
3 778 769 5241
3 2916 3076 4965
3 2006 2007 2055
3 1675 1674 2266
3 5099 5268 5428
3 3677 4796 6225
3 1069 1068 1075
3 3050 3851 5193
3 1425 2378 5429
3 2196 2951 2952
3 3640 3964 3965
3 92 93 434
3 5547 3145 5721
3 1102 1698 5292
3 2913 2912 3195
3 536 535 537
3 3918 3949 3950
3 1703 680 5335
3 3768 3767 4671
3 1079 2504 5236
3 853 852 5226
3 1771 1772 1773
3 3676 2909 3677
3 89 90 364
3 3955 3015 5633
3 4699 4697 6719
3 3462 3822 5729
3 2518 2838 5383
3 1909 1888 1910
3 568 569 570
3 2978 2977 2979
3 3348 3346 3349
3 5198 2199 5383
3 5249 731 5250
3 453 3952 6611
3 45 46 5308
3 4064 4006 5387
3 3410 3077 3746
3 2962 2960 5448
3 3964 6606 6607
3 991 987 5353
3 971 742 5369
3 2800 3008 3371
3 1306 2536 5186
3 653 606 654
3 2521 2970 5330
3 1379 1381 5141
3 769 775 5241
3 2440 2150 2441
3 775 3177 5241
3 1974 1975 1976
3 3661 3349 3662
3 622 621 623
3 682 1697 5270
3 4543 4508 5393
3 798 4340 4341
3 566 567 568
3 890 4898 5211
3 3161 5215 5367
3 4397 1687 6052
3 1658 694 5278
3 4257 2997 6110
3 1672 1671 1674
3 1777 1779 3247
3 2494 2495 2863
3 1814 1815 1816
3 3480 3479 3481
3 534 533 535
3 3600 2911 5408
3 2466 2115 2467
3 5385 3535 5475
3 3088 2527 5221
3 736 2164 5246
3 4772 1428 6267
3 5054 2862 5297
3 2947 3906 3908
3 4007 3464 5729
3 4527 1287 5937
3 4175 4174 4176
3 2502 2893 5265
3 165 362 4011
3 699 5640 6023
3 1756 1757 1758
3 564 565 566
3 5178 2158 5243
3 1250 1249 5234
3 150 151 360
3 2220 3162 5331
3 1861 1862 1863
3 1943 1944 5239
3 2976 2975 2977
3 3318 2220 5331
3 2306 3143 5321
3 562 563 564
3 613 614 615
3 2053 2111 5471
3 138 139 419
3 2708 3242 3243
3 2747 2772 3821
3 826 823 5420
3 1333 1334 5280
3 4714 4718 5344
3 3444 4527 5962
3 2484 1376 2485
3 2866 2513 3306
3 1928 1929 1943
3 1241 1240 5244
3 172 173 374
3 2529 2307 2530
3 4584 4586 4587
3 2525 1730 5295
3 619 620 621
3 3660 3349 3661
3 3208 3207 4202
3 4452 4303 5443
3 1820 1821 1822
3 350 351 5732
3 560 561 562
3 123 124 4083
3 617 618 619
3 1872 1890 5350
3 1812 1813 1814
3 3885 3887 3888
3 1773 1774 1776
3 1816 1817 1818
3 2928 2812 3328
3 3215 3924 6116
3 1670 1669 1671
3 4668 2022 6072
3 832 829 5412
3 615 616 617
3 532 531 533
3 1701 628 5346
3 4858 4855 6091
3 3497 1084 5292
3 6454 1538 6575
3 2578 3128 3429
3 2167 2440 2717
3 2748 1574 5291
3 1106 1071 5385
3 1175 1172 5473
3 2649 4888 5476
3 1763 1765 1767
3 3422 3421 3479
3 2786 3639 3640
3 5215 2228 5367
3 2947 2661 2948
3 3686 6163 6265
3 3883 3884 3885
3 684 685 689
3 3773 2971 5530
3 3333 3332 3769
3 2147 2062 2148
3 713 2565 5261
3 2963 3025 3026
3 1309 1089 5434
3 1084 1082 5292
3 3666 3667 5940
3 3794 3882 3883
3 5103 1000 5564
3 1483 1481 5132
3 2213 3035 5327
3 2278 1738 3563
3 1083 1080 5236
3 3052 3050 5193
3 4702 4703 4704
3 894 897 5207
3 5271 764 5282
3 3497 5364 5482
3 558 559 560
3 5098 2013 5382
3 1381 2726 5141
3 2708 2210 3241
3 3906 2948 3907
3 5377 2839 5447
3 2545 2544 2546
3 2851 1709 3245
3 2547 2546 2548
3 1359 5148 5634
3 2719 2548 3842
3 136 137 5105
3 1783 1787 1823
3 1468 1479 2209
3 633 4336 6177
3 1238 1234 5399
3 3544 5690 5793
3 1515 1513 5165
3 556 557 558
3 1818 1819 1820
3 1530 1528 5228
3 653 654 659
3 2722 2765 2766
3 3792 3793 3794
3 1827 1828 1829
3 2734 2280 3273
3 923 922 5328
3 3363 3362 3421
3 2082 2083 2084
3 687 682 5270
3 582 584 1731
3 2825 2340 5415
3 2542 2540 2544
3 1847 1848 1849
3 4567 4573 4574
3 4542 4407 6739
3 4441 904 5783
3 987 985 5353
3 530 529 531
3 1080 1079 5236
3 2076 2370 2371
3 5221 3414 5445
3 144 145 486
3 1808 1809 1810
3 3707 3708 3709
3 620 1439 5125
3 1899 1903 1904
3 684 680 685
3 1895 1896 1897
3 679 680 684
3 2149 2148 2150
3 2071 2345 2346
3 1726 5212 5324
3 3274 3273 3275
3 5237 5990 6230
3 3709 3791 3792
3 1439 3097 5125
3 1810 1811 1812
3 1806 1807 1808
3 1668 1667 1669
3 1392 2212 5183
3 2209 2210 2707
3 3289 2673 5265
3 385 5017 6258
3 1616 5304 5359
3 4527 4515 5880
3 3028 3026 3163
3 892 890 5211
3 2400 3240 5303
3 1831 1835 5370
3 674 675 679
3 1528 1624 5228
3 2655 3360 3361
3 2346 2846 2847
3 628 630 5346
3 5283 4278 6505
3 766 1091 5282
3 3979 3980 3981
3 554 555 556
3 1328 1326 5359
3 1498 1541 1679
3 2121 1333 5280
3 1833 4976 5444
3 4734 6408 6517
3 938 937 4994
3 5411 4975 6737
3 3242 3241 3314
3 1231 1228 5409
3 985 5182 5353
3 1849 1850 1851
3 4462 4079 6681
3 753 756 5276
3 3237 3308 3317
3 764 766 5282
3 2068 2074 2076
3 3990 3385 3991
3 1909 1910 2062
3 528 527 529
3 1587 1591 5303
3 1664 1662 1665
3 2515 751 5276
3 1934 1949 2116
3 742 741 5369
3 2585 2214 5349
3 1168 1167 4922
3 2119 2118 5372
3 2306 2305 2307
3 3526 5198 5383
3 3227 3224 3362
3 2235 2661 2662
3 668 669 674
3 1498 1679 5240
3 2428 2429 2430
3 896 894 5207
3 1851 1852 1853
3 852 1654 5226
3 481 18 5405
3 749 2515 5285
3 1682 1680 5307
3 2065 2112 2113
3 751 753 5276
3 3783 3617 3784
3 1804 1805 1806
3 2018 2023 2024
3 5290 5064 5407
3 1727 1086 5305
3 1679 2234 2235
3 1991 2064 2071
3 2016 2017 2018
3 2371 2887 2888
3 1666 1665 1667
3 4173 476 4174
3 1910 1912 5302
3 443 87 5419
3 552 553 554
3 639 637 5279
3 3566 3828 3829
3 2800 3371 3540
3 2639 2641 2794
3 2004 2015 2016
3 3616 2760 3617
3 2306 2307 2529
3 4188 452 6150
3 3587 3588 3589
3 2426 2427 2428
3 747 749 5285
3 2100 2102 2213
3 1490 2271 2559
3 526 525 527
3 679 675 680
3 991 5353 5564
3 1951 1953 1955
3 1189 1186 5468
3 4622 3004 5643
3 1457 1456 1459
3 2092 2646 3272
3 2143 2114 2144
3 5280 1353 5474
3 1714 1712 2114
3 2180 1682 5307
3 3025 3692 4793
3 116 117 5497
3 3079 3080 3917
3 1999 2003 2004
3 3950 3998 3999
3 2953 2951 3650
3 2075 2423 2424
3 3310 5377 5447
3 2372 5760 5900
3 1274 5489 5756
3 2481 2998 3293
3 2474 5624 5701
3 1177 2593 5200
3 2212 2706 5183
3 5151 3276 5474
3 3234 3235 3236
3 1460 1459 1461
3 3120 4834 5606
3 3587 3590 5669
3 2330 2331 2332
3 5223 1684 5384
3 922 1655 5328
3 1462 1461 1463
3 2024 2025 2026
3 621 620 5125
3 2559 2577 2578
3 1361 1365 5258
3 1976 2002 2099
3 572 571 573
3 3237 3307 3308
3 5034 6254 6390
3 550 551 552
3 1249 2539 5234
3 3857 3314 4048
3 1537 3222 3223
3 973 952 5427
3 5507 2531 6008
3 3359 3750 4354
3 2279 1947 5930
3 1908 1906 2063
3 1046 5216 5385
3 1178 1177 5200
3 524 523 525
3 1466 1463 1467
3 1468 1467 1474
3 2304 2305 2306
3 3295 3959 5438
3 674 669 675
3 2714 3011 3500
3 3603 3605 3607
3 2414 1874 5945
3 576 575 577
3 2304 2214 2305
3 1965 1963 2034
3 574 573 575
3 5815 2414 6697
3 605 608 611
3 3308 3398 3399
3 936 1738 2277
3 249 430 5740
3 1997 1998 1999
3 2333 2821 3972
3 711 1706 5318
3 1391 2415 5525
3 1879 3565 3566
3 3088 5221 5445
3 1306 2280 2536
3 4394 5549 6129
3 2327 2326 2844
3 1606 2342 5757
3 2934 3676 6080
3 5269 3801 5378
3 3755 4913 6201
3 3058 2882 3059
3 2301 2310 2311
3 2818 2292 2819
3 2568 3233 3234
3 2579 2930 5410
3 799 796 5146
3 3999 4000 4001
3 5172 973 5427
3 1802 1803 1804
3 2048 1960 2049
3 2607 2817 2940
3 3208 4211 4212
3 5076 372 5203
3 2213 2102 2214
3 1193 1192 5235
3 3801 4347 5378
3 2866 3835 3836
3 5688 3630 5742
3 2026 2031 2032
3 2291 2085 2292
3 2440 2441 2831
3 548 549 550
3 3193 1396 5583
3 2006 2060 5239
3 2196 2049 2950
3 1082 1102 5292
3 5288 5251 5289
3 2961 2962 2963
3 1055 747 5285
3 36 37 394
3 664 665 668
3 1867 1872 1877
3 1240 2850 5244
3 2490 2492 3054
3 4587 4588 4591
3 723 727 5315
3 2776 2777 2908
3 2536 2734 2735
3 3346 3345 5232
3 1479 1474 2105
3 2910 2911 3576
3 2099 2002 2100
3 2408 2144 2410
3 1826 3249 5534
3 1944 2006 5239
3 706 704 5318
3 2165 3729 5382
3 2940 3230 3324
3 1995 1996 1997
3 4982 5357 5725
3 3540 3371 3541
3 5621 3411 6698
3 1517 1700 5450
3 3524 5223 5384
3 2646 2090 5400
3 1457 1460 3286
3 2657 2656 3598
3 668 665 669
3 1877 1872 1878
3 2213 2214 2304
3 3610 4376 6058
3 5569 2095 5685
3 2041 2039 5097
3 5233 3156 5396
3 2032 2033 2145
3 5209 3727 6285
3 722 723 5315
3 3961 3018 5294
3 2990 3287 3892
3 1408 2154 5425
3 4058 4059 5967
3 3018 3003 5294
3 870 869 5376
3 2190 2789 5177
3 2099 2100 5327
3 1887 1878 1888
3 2252 2660 5438
3 4073 3175 4080
3 3855 3067 3856
3 4485 4487 4488
3 1698 2122 5364
3 4482 4478 4483
3 2118 3152 5372
3 3391 5407 5556
3 1410 1412 5441
3 2596 2595 2656
3 3128 2577 3129
3 3198 3161 5367
3 586 585 587
3 3223 3224 3225
3 668 674 5237
3 54 55 372
3 3787 3796 4062
3 1983 1986 1995
3 4844 6067 6284
3 3533 3527 5545
3 2877 5792 6017
3 546 547 548
3 1536 1530 5228
3 2228 2608 5367
3 2822 3340 6175
3 3485 2748 5291
3 4610 856 6200
3 1498 1496 1541
3 659 654 660
3 2231 2349 6050
3 1310 1425 5429
3 2827 2637 5521
3 1462 1466 1476
3 922 935 1655
3 2729 2728 2730
3 1800 1801 1802
3 1494 1491 4959
3 4618 435 6062
3 5071 2066 5319
3 5033 949 5535
3 3545 2524 5315
3 1292 1291 5379
3 3725 3726 6317
3 2666 2664 2987
3 3054 3055 3913
3 1192 3239 5235
3 1798 1799 1800
3 1417 1415 5263
3 3930 3722 6473
3 2167 2150 2440
3 2402 2101 5707
3 1680 5150 5307
3 5665 1854 5731
3 1981 1982 1983
3 4501 4503 4504
3 731 521 1749
3 949 925 5535
3 2772 2704 5311
3 3227 3363 3744
3 578 577 579
3 2486 2485 2487
3 2087 2086 5400
3 2282 2273 2283
3 1523 1520 5450
3 1015 1049 5324
3 1796 1797 1798
3 3607 3608 3609
3 1502 1499 5240
3 2963 2962 3025
3 5205 3531 5415
3 1730 2398 5295
3 3350 4357 5899
3 3422 3480 3594
3 4516 4519 5880
3 2562 3410 5441
3 1137 1135 5010
3 2681 2935 3423
3 3655 1077 4061
3 5190 5280 5474
3 3651 3650 3760
3 584 583 585
3 3003 3356 5294
3 1249 1266 2539
3 1655 2115 2159
3 2378 2421 2884
3 2010 2008 2226
3 1071 1046 5385
3 3236 3235 3237
3 852 967 1654
3 1993 1967 2268
3 2035 2029 2549
3 2362 1366 2595
3 3327 1438 5579
3 3940 358 3941
3 1591 2400 5303
3 5017 248 5740
3 2997 4257 6171
3 3214 2550 3585
3 3192 3207 3208
3 3204 2442 5347
3 135 358 3939
3 1887 1888 1909
3 2763 2762 3158
3 4381 2670 5612
3 1654 2085 2190
3 2388 2513 2866
3 3552 3551 4018
3 1261 4822 5464
3 4083 124 5660
3 1915 1883 2560
3 936 887 1738
3 155 156 386
3 5516 5517 6076
3 1794 1795 1796
3 694 700 5278
3 3321 3052 5193
3 3181 3183 3620
3 4214 1796 5849
3 992 4933 5426
3 544 545 546
3 2633 2635 2990
3 5216 3535 5385
3 2190 2291 2789
3 1275 4760 5560
3 355 356 5273
3 4574 4575 4576
3 1314 1307 5186
3 156 157 5341
3 4472 4474 4484
3 2545 2547 2654
3 3433 3354 3733
3 3624 2820 5342
3 2199 2518 5383
3 2714 2534 3011
3 4496 4500 4501
3 3045 4128 4412
3 2675 2756 3528
3 1979 1980 1981
3 3196 3195 4990
3 1537 1523 3222
3 619 621 622
3 2056 2168 5347
3 4887 4886 5896
3 1240 1709 2850
3 2159 2466 2689
3 1684 2155 5384
3 3438 2437 6608
3 2731 2730 2762
3 613 615 1052
3 2541 2542 2543
3 1632 1634 5469
3 2707 2210 2708
3 3763 6028 6073
3 3529 2868 3530
3 2177 5205 5415
3 897 892 5211
3 3114 3116 3448
3 5149 1587 5303
3 2708 3241 3242
3 2719 4266 4267
3 2118 2037 2758
3 2689 2909 2934
3 4786 4785 5526
3 4386 4378 6716
3 2105 2326 2327
3 2766 2765 3345
3 1792 1793 1794
3 2539 2540 2541
3 4138 3357 6416
3 1882 1864 1883
3 2753 5233 5396
3 784 886 1735
3 606 5064 5290
3 1398 1401 5583
3 2568 1699 3233
3 79 80 365
3 3156 3369 5396
3 2763 3159 3542
3 2629 2631 2840
3 1788 1789 1790
3 1790 1791 1792
3 2519 2711 3370
3 659 660 664
3 5638 3389 5770
3 582 581 583
3 2373 1982 5964
3 1335 1316 1660
3 966 964 5426
3 875 873 1739
3 2066 2364 5319
3 1512 1509 1518
3 1415 4747 5263
3 2851 3562 3711
3 2584 2959 2960
3 1961 1960 2048
3 1049 1726 5324
3 3234 3233 3235
3 1486 1483 5132
3 1122 1124 5652
3 2570 2571 2572
3 1864 1841 1865
3 2952 2951 2953
3 1672 1675 2224
3 1520 1517 5450
3 181 410 5122
3 4894 3220 5617
3 1829 1831 1833
3 2492 2207 5416
3 580 579 581
3 150 360 3870
3 3349 3346 5232
3 1234 1233 5399
3 1704 896 5207
3 3787 4062 5410
3 882 879 884
3 1946 1947 1979
3 586 587 588
3 2981 2984 2986
3 1490 1488 2271
3 542 543 544
3 5026 5025 5775
3 3587 2735 3588
3 3682 3681 6377
3 115 478 5220
3 6158 2099 6266
3 4959 3578 5418
3 2127 2125 2510
3 4986 518 5455
3 3242 3314 3857
3 664 660 665
3 449 154 5166
3 2638 2826 5296
3 704 711 5318
3 1700 1515 5165
3 1076 1075 5332
3 2675 2755 2756
3 570 571 572
3 382 321 6027
3 1534 1532 5440
3 4494 4495 4496
3 1916 1915 1960
3 1942 1945 1946
3 2093 2092 5416
3 2224 2225 2674
3 4095 4096 4097
3 138 419 5257
3 2947 2948 3906
3 2412 2383 5180
3 1278 1269 5464
3 3532 3838 5586
3 1637 2732 5469
3 1707 1295 5379
3 2143 2408 2409
3 1739 873 5376
3 3276 3277 5712
3 2729 2731 3118
3 2572 2760 2949
3 1298 1295 1707
3 1750 1749 1751
3 1253 1250 5234
3 2949 3616 3775
3 4571 4569 5371
3 1884 1883 1915
3 1909 2147 5377
3 2588 955 2590
3 1228 1227 5409
3 828 1716 3217
3 1945 2046 5930
3 4983 180 5122
3 505 504 506
3 1032 654 5290
3 1306 1304 2280
3 3185 3187 3190
3 2995 2733 3597
3 564 566 1734
3 1937 1923 1956
3 1735 2583 2584
3 2562 3077 3410
3 262 263 5697
3 2055 2056 5347
3 1430 6113 6268
3 2584 2960 2961
3 576 577 578
3 1280 1278 2532
3 560 562 678
3 3216 4606 5985
3 1284 1282 1287
3 829 828 5412
3 2625 2627 2767
3 3505 5409 5623
3 1302 1300 2312
3 2113 2293 5365
3 822 2550 3213
3 4523 4521 4526
3 2131 2129 2652
3 1290 1120 5715
3 3205 2062 5302
3 1713 1714 1715
3 856 853 5226
3 578 580 652
3 5636 3471 5699
3 540 541 542
3 1940 1941 1942
3 3295 3477 3959
3 4953 4954 5558
3 3478 4315 5921
3 2110 2298 2299
3 1222 1221 5500
3 3058 3664 3705
3 2662 2661 2947
3 2701 2246 3703
3 2770 2743 5852
3 584 585 586
3 574 575 576
3 2409 2954 2955
3 1245 1241 5244
3 5161 5044 6670
3 568 570 651
3 3257 3255 3259
3 2235 2234 2661
3 1672 1674 1675
3 4011 362 4013
3 2681 3423 5425
3 1822 1825 1826
3 823 822 5420
3 1227 1710 1711
3 3942 3941 3943
3 2378 2884 5429
3 1729 1727 5374
3 1833 1831 1834
3 1891 1758 5128
3 3087 4084 6628
3 1128 1130 5603
3 1668 1670 1693
3 2062 1910 5302
3 4549 4548 6454
3 1835 1875 5334
3 3926 5519 5642
3 3864 3865 4911
3 1782 1776 2061
3 2807 2806 3502
3 1679 1541 2234
3 4588 4586 5682
3 572 573 574
3 2209 1479 2210
3 1258 1255 1274
3 852 850 967
3 1711 1712 1713
3 2708 3243 5390
3 2524 722 5315
3 556 558 1736
3 4517 3266 5430
3 2340 2177 5415
3 1017 1015 5324
3 2196 2950 2951
3 3253 3251 3260
3 1840 1834 1841
3 1902 1917 1918
3 2430 2835 5366
3 3249 2710 3431
3 3215 3687 3924
3 4492 4493 4494
3 1877 1878 1887
3 1171 4922 4923
3 912 910 2108
3 3213 3214 3215
3 1148 1146 5176
3 4490 4491 4492
3 24 25 408
3 1468 1474 1479
3 3480 3481 3482
3 1918 1921 1924
3 2386 1478 5514
3 1151 1702 5585
3 2092 2090 2646
3 1453 1456 1457
3 4569 4819 5371
3 4353 3947 6083
3 1865 1867 5362
3 1924 1925 1938
3 4919 4918 5773
3 3208 4202 4211
3 952 953 5427
3 4488 4489 4490
3 1938 1939 1940
3 4035 3211 4041
3 80 81 5345
3 5060 3845 6349
3 2793 3471 5636
3 1249 1247 1266
3 5247 2391 5519
3 3500 3011 4408
3 1886 1901 1902
3 1269 1261 5464
3 4076 4081 5395
3 1466 1467 1468
3 3100 4621 5882
3 846 844 905
3 622 4732 5919
3 2377 2695 2696
3 842 840 1737
3 2950 3719 5317
3 5353 3537 5564
3 2327 2844 2845
3 3926 5138 5519
3 1931 1914 1984
3 2162 1361 5258
3 2578 2577 3128
3 3938 3182 5538
3 3765 3767 3768
3 1240 1238 1709
3 790 788 5463
3 3085 2464 5606
3 538 539 540
3 4534 382 6209
3 1378 3248 3426
3 582 583 584
3 2686 1417 5263
3 964 992 5426
3 2048 2049 2196
3 3392 3391 5556
3 2866 3306 3835
3 3422 3479 3480
3 6410 3821 6463
3 654 606 5290
3 4210 650 6370
3 2023 2581 5518
3 1670 1671 1672
3 3167 5099 5428
3 2621 2594 2622
3 4840 375 6276
3 2253 1678 5298
3 2734 3273 3274
3 299 300 5728
3 4095 4097 5329
3 5364 2672 5482
3 937 923 5328
3 1826 1825 1827
3 1460 1461 1462
3 1462 1463 1466
3 3975 6515 6540
3 5239 3428 5574
3 734 966 5599
3 838 836 881
3 1032 5638 5770
3 580 581 582
3 2530 2747 5354
3 5973 4765 6745
3 578 579 580
3 2825 5415 5586
3 2627 2626 2628
3 5575 4167 6382
3 2620 2621 2920
3 5646 3983 5738
3 3363 3421 3422
3 546 548 1741
3 2570 2523 2571
3 1018 1020 1661
3 3403 5596 5745
3 3274 3275 5398
3 4212 4211 4295
3 5640 3441 6023
3 5734 5000 6721
3 2277 1738 2278
3 1177 1723 2593
3 1233 1231 3505
3 1457 1459 1460
3 599 601 1341
3 536 537 538
3 5367 2608 5508
3 1637 1639 2732
3 3377 3653 5478
3 1692 696 5649
3 2961 2960 2962
3 2690 2491 4901
3 2674 2225 2675
3 2490 2207 2492
3 552 554 643
3 3836 3835 5252
3 3944 5105 5257
3 1655 935 2115
3 2609 3120 5606
3 1696 592 5348
3 2536 2280 2734
3 9 10 5432
3 1766 1885 1886
3 922 914 935
3 2623 2622 2624
3 3227 3362 3363
3 1185 1270 1705
3 2625 2624 2626
3 1912 1928 5302
3 3589 3588 3804
3 2542 2544 2545
3 2720 2721 2722
3 1192 3238 3239
3 2851 3245 3562
3 3152 2758 3366
3 2545 2546 2547
3 2547 2548 2719
3 3198 5367 5508
3 2410 2882 3058
3 2593 2594 2620
3 1922 1936 6656
3 4982 5725 5824
3 1449 1451 1747
3 3090 3088 5445
3 2442 2055 5347
3 3662 4544 6458
3 475 104 5255
3 950 938 4994
3 1840 1841 1864
3 4600 4599 6601
3 5064 597 5406
3 2719 3842 4266
3 3288 4156 5695
3 3335 3333 5094
3 1668 1669 1670
3 4078 4076 5395
3 6195 4525 6262
3 3739 5350 6599
3 1336 1359 5544
3 2612 2614 2816
3 4095 4094 4096
3 2444 2386 2870
3 2032 2145 2267
3 5946 3648 6183
3 572 574 1748
3 2224 1675 2225
3 834 832 2221
3 1227 1225 1710
3 534 535 536
3 4994 937 4995
3 1389 1391 5525
3 3635 3225 5339
3 2322 2728 2729
3 2689 2466 2909
3 1752 1751 1753
3 3141 3437 5502
3 3169 5976 6369
3 2934 2909 3676
3 3223 3222 3224
3 3128 3129 3683
3 1661 1662 1663
3 2159 2115 2466
3 2639 2794 5588
3 1861 1858 1862
3 1156 1153 5585
3 1818 1820 2257
3 3283 4945 5770
3 2016 2018 2365
3 2100 2213 5327
3 5265 3916 5486
3 3449 5108 5577
3 1663 1664 1673
3 4055 3403 4056
3 4162 1718 6524
3 2917 2624 5839
3 81 82 482
3 1899 1897 1903
3 2629 2628 2630
3 3402 2712 3403
3 3367 3366 3771
3 3061 3063 3772
3 1786 1782 5391
3 1364 2219 5494
3 828 826 1716
3 1878 1872 5350
3 1641 1643 2483
3 4548 1529 6454
3 1478 1472 5514
3 3871 360 3872
3 947 799 5146
3 11 12 4838
3 2616 3551 3552
3 2559 2271 2577
3 2947 3908 5403
3 4720 4724 5480
3 226 227 5736
3 3239 3543 4205
3 1705 2246 2247
3 2247 2701 3846
3 56 484 5203
3 5383 2838 5545
3 2384 2712 2933
3 4241 3623 4242
3 532 533 534
3 3345 2765 3350
3 1895 1881 1896
3 1812 1814 1832
3 1716 826 5420
3 2507 2339 2778
3 2992 2888 3774
3 2024 2026 2601
3 718 4733 5763
3 2028 1990 2079
3 3662 3349 5232
3 4718 4720 5480
3 1709 1238 5399
3 1877 3310 5362
3 2529 2530 5354
3 215 387 5528
3 3020 2992 5401
3 3990 3992 4004
3 3225 3224 3227
3 3616 3617 3783
3 1893 1920 5358
3 2221 832 5412
3 1879 3566 5256
3 3410 3746 4791
3 1870 1863 5256
3 3494 2905 3869
3 2364 2800 5319
3 1833 1834 1840
3 1999 2004 2533
3 1615 5034 6390
3 1172 1171 5473
3 2722 2721 2765
3 822 820 2550
3 1666 1667 1668
3 2568 3234 5363
3 3507 3236 5343
3 1647 1649 2308
3 2818 2819 3730
3 2539 1266 2540
3 2291 2292 2818
3 3975 3302 5435
3 1685 1106 5475
3 1149 1147 6613
3 2953 3650 3651
3 2573 2489 2871
3 2415 2587 3412
3 2391 5144 5519
3 3289 5265 5486
3 691 693 5649
3 3065 3067 3855
3 1980 2279 5964
3 105 361 5255
3 2488 2487 2489
3 2282 2733 2774
3 2541 2540 2542
3 4013 362 4014
3 1847 1843 1848
3 542 544 642
3 2267 2145 2446
3 1186 1185 5468
3 3402 4055 4057
3 2488 2573 2720
3 2653 2652 3373
3 1714 2114 2143
3 2850 1709 2851
3 1808 1810 2077
3 810 807 5540
3 1129 1126 5579
3 3699 3987 5736
3 4279 3037 5776
3 3533 5545 5641
3 2709 2446 2910
3 3883 3885 3886
3 2631 2630 2632
3 2190 2085 2291
3 1219 1217 1273
3 3366 2758 3368
3 4267 4266 4268
3 1651 1653 2645
3 2807 3700 3701
3 530 531 532
3 5336 4837 6105
3 2774 2995 3712
3 3656 4734 6517
3 4918 1037 5773
3 1664 1665 1666
3 2709 2910 3121
3 5138 5247 5519
3 4431 4446 6272
3 2494 2438 2495
3 5073 5742 5810
3 3221 3022 3496
3 279 280 5746
3 2267 2446 2709
3 597 599 5406
3 2633 2632 2634
3 2143 2144 2408
3 592 594 5348
3 3504 4552 5832
3 1353 5151 5474
3 3175 2707 5390
3 2749 3420 5755
3 56 57 484
3 5329 419 5778
3 5744 4923 5839
3 3505 1231 5409
3 374 3978 3979
3 5243 3577 5530
3 1995 1997 2251
3 2572 2571 2760
3 1835 5334 5370
3 2904 2975 2976
3 5315 727 5599
3 2640 2638 5296
3 166 167 5462
3 1721 2172 2372
3 4873 4874 5700
3 2141 2041 5097
3 2325 1733 5386
3 5347 2168 5608
3 1804 1806 1837
3 2255 2273 2282
3 1598 1597 1599
3 2949 2760 3616
3 5186 3586 5459
3 5095 1266 5499
3 5513 2204 5682
3 3709 3792 3901
3 3692 2962 5448
3 3043 2243 3292
3 1723 1175 5473
3 528 529 530
3 3597 2733 5533
3 4378 5081 6716
3 3815 5852 6457
3 1826 1827 2710
3 2356 2355 5596
3 477 4781 5663
3 4827 4341 6715
3 1018 996 1020
3 6255 4696 6290
3 2635 2634 2636
3 1654 967 2085
3 2416 2160 2418
3 5064 5406 5407
3 5261 2565 5577
3 1834 1831 5370
3 536 538 2078
3 5489 5002 5756
3 3054 2492 3055
3 1815 5238 5567
3 3913 3055 3915
3 1502 4740 5764
3 361 106 5254
3 2763 3158 3159
3 4255 4677 6240
3 1959 1957 2012
3 4921 947 5411
3 594 653 5348
3 1133 4660 5603
3 3738 2529 5354
3 3132 2738 3501
3 3373 2652 3375
3 1875 2070 5334
3 1979 1981 2204
3 1063 1043 5584
3 3155 4777 5551
3 1769 1768 1770
3 3542 3159 3695
3 2844 3365 5355
3 6260 3795 6372
3 4519 4520 5878
3 2596 2657 2810
3 5409 1711 5623
3 526 527 528
3 2942 2253 5298
3 3776 3775 6176
3 586 732 5446
3 1771 1770 1772
3 2731 2762 2763
3 2978 2979 2983
3 2285 2287 2918
3 3332 3329 5523
3 1075 3654 5332
3 1365 1366 2361
3 1754 1753 1755
3 2724 2325 5386
3 1773 1772 1774
3 816 814 5511
3 4496 4501 4502
3 3058 3059 3664
3 3535 3523 5592
3 482 82 5566
3 1171 1168 4922
3 5354 2747 5655
3 3782 3198 5508
3 5519 5144 5642
3 3979 3983 5646
3 1197 1193 5235
3 3996 5692 5701
3 3469 3470 5542
3 4043 4039 6144
3 3361 3360 3900
3 2664 2662 5403
3 1713 1712 1714
3 2409 2408 2954
3 2846 2345 3305
3 3303 5428 5626
3 1213 1211 2094
3 5344 4718 5480
3 522 523 524
3 4658 2737 4659
3 925 970 5535
3 3685 3289 5486
3 2863 2495 2864
3 5108 5261 5577
3 2836 2429 6173
3 2608 3364 5508
3 1711 1710 1712
3 3545 5315 5599
3 3900 3360 3951
3 3552 4018 4019
3 3549 3204 5608
3 4423 4014 6424
3 5284 4467 6712
3 3940 3942 3946
3 2071 2064 2345
3 2729 2730 2731
3 524 525 526
3 2315 2162 5258
3 2319 2317 6151
3 2346 2345 2846
3 2052 2020 2493
3 2955 2954 3820
3 1181 1178 5200
3 3353 3355 5609
3 1798 1800 1838
3 4889 1057 5699
3 3678 3375 3720
3 2330 2311 2331
3 2639 2638 2640
3 2441 2150 5397
3 1262 1134 6114
3 5415 3531 5586
3 5051 3440 6748
3 3222 1523 5450
3 1209 1207 1275
3 4958 4957 6227
3 2810 3405 3441
3 2361 2362 2912
3 52 53 487
3 1075 1077 3654
3 2070 1893 5358
3 2415 3412 5525
3 2301 2299 2310
3 1201 1199 1272
3 2076 2074 2370
3 4762 4763 6233
3 1185 1183 1270
3 1177 1175 1723
3 4883 4547 6031
3 4922 1167 5493
3 1663 1662 1664
3 3526 5383 5545
3 532 534 641
3 1043 1024 5584
3 1940 1942 2223
3 1600 1602 2600
3 507 508 509
3 2092 3272 5416
3 1192 1189 3238
3 3237 3317 5343
3 171 172 5646
3 2436 1438 3327
3 1963 1961 5388
3 1767 1765 1768
3 3238 1189 5468
3 2148 3205 5397
3 1935 1903 2067
3 1496 1494 5418
3 1758 1757 1759
3 1904 1903 1935
3 1699 1534 5440
3 4492 4494 4497
3 1733 5174 5386
3 2857 2412 5180
3 3277 3811 5759
3 4965 3076 5333
3 1661 1020 1662
3 2641 2640 2642
3 2755 2225 5472
3 2289 2318 2405
3 1787 1784 1788
3 2392 2319 6123
3 4884 1615 6453
3 1205 1203 2095
3 3217 1716 3344
3 2690 4018 6649
3 3650 2951 5317
3 1396 1398 5583
3 2064 1992 2065
3 1849 1848 1850
3 2707 2708 5390
3 1851 1850 1852
3 3293 2998 3596
3 294 4217 6744
3 1783 1780 1784
3 1853 1852 1856
3 3163 3026 5394
3 1756 1755 1757
3 3215 3214 3687
3 3236 3237 5343
3 4009 3196 4990
3 2244 2113 2599
3 3939 358 3940
3 919 917 5679
3 521 520 522
3 4034 4033 5978
3 1850 1848 2606
3 3213 2550 3214
3 2375 2806 2807
3 505 506 507
3 1856 1852 1933
3 1779 1778 1780
3 4293 3687 6745
3 1863 1862 1879
3 2885 2898 3790
3 2951 2950 5317
3 3008 5101 5496
3 3329 3328 5523
3 509 510 511
3 5369 741 5597
3 2887 2370 3309
3 1943 5239 5574
3 1991 1954 1992
3 4488 4490 4499
3 2425 2424 2426
3 2371 2370 2887
3 5852 3041 6457
3 2481 2430 2725
3 5020 6080 6248
3 1941 1939 5795
3 1059 2783 5688
3 1792 1794 1839
3 2293 3079 5365
3 3204 5347 5608
3 2976 2977 2978
3 2655 2599 3359
3 4146 4147 5743
3 1920 1974 5358
3 738 739 5784
3 3189 3192 5413
3 1906 1904 5352
3 1109 1076 5332
3 5148 3112 5634
3 4370 4371 6420
3 781 779 5628
3 1774 1772 1775
3 1879 1862 2853
3 3967 2184 5550
3 3026 3025 5394
3 1378 1156 3248
3 1924 1938 2021
3 1271 1137 5010
3 2858 3302 3974
3 83 84 400
3 2401 5598 5908
3 2998 2725 3553
3 3000 3311 3312
3 1153 1151 5585
3 515 516 517
3 2990 2635 3287
3 1953 1952 1954
3 4173 4174 4175
3 5712 3277 5759
3 4930 1710 5500
3 409 4468 6101
3 4457 5253 6215
3 3058 3705 5552
3 2186 2388 5424
3 1777 1775 1778
3 2065 2113 2244
3 5178 5243 5530
3 3566 3565 3828
3 2532 1278 5464
3 2096 2097 5598
3 1951 1950 1952
3 3667 5555 5940
3 2835 3539 5366
3 2596 2656 2657
3 526 528 2098
3 3434 4086 5629
3 2068 2067 2069
3 2636 2638 2639
3 5671 494 5785
3 1949 1948 1950
3 1961 2048 5388
3 2074 2069 2075
3 1551 587 5991
3 2484 2485 2486
3 5975 3267 6082
3 1934 1933 1948
3 3467 3309 3468
3 2783 5204 5688
3 1985 1984 2019
3 19 20 414
3 5287 3395 5995
3 517 516 518
3 3527 3526 5545
3 4391 4390 6487
3 3368 4534 6209
3 411 29 4302
3 2800 3540 5319
3 107 474 5254
3 1365 1329 1366
3 1897 1896 5326
3 2384 2382 2712
3 1708 1011 5684
3 5518 2581 5754
3 4022 4023 5843
3 2362 2595 2596
3 2971 5178 5530
3 4375 4386 6032
3 2627 2628 2629
3 3195 2912 3710
3 511 512 513
3 3981 3980 3985
3 519 518 520
3 513 514 515
3 3640 3639 3964
3 1770 1768 3299
3 5105 137 5257
3 2282 2283 2733
3 1776 1774 5557
3 1000 991 5564
3 4384 4381 5612
3 3640 3965 5516
3 2871 3670 3799
3 4439 4440 5975
3 509 508 510
3 74 75 5767
3 8 9 460
3 5200 3633 5587
3 1401 1403 2232
3 1763 1767 5507
3 1867 1877 5362
3 317 318 5877
3 2701 3703 3704
3 3302 2520 5666
3 5156 4996 5498
3 3153 4099 5803
3 3273 2280 5453
3 2625 2626 2627
3 5185 5156 5498
3 4620 496 6127
3 516 1722 5455
3 35 36 5571
3 3251 2543 5442
3 1066 1063 2552
3 3484 5056 5460
3 1886 1902 2000
3 3505 4545 5806
3 2428 2430 2481
3 3565 2853 3567
3 515 514 516
3 3517 3516 3518
3 947 5146 5411
3 2484 2486 3522
3 2826 3569 5296
3 3563 1738 5439
3 4802 5264 5624
3 3373 3375 3678
3 2995 3597 3751
3 2620 2594 2621
3 2662 2947 5403
3 3280 2669 5984
3 1702 1148 5176
3 2623 2624 2625
3 422 114 5220
3 1470 5115 6077
3 2621 2622 2623
3 2075 2424 2425
3 3980 3978 3982
3 879 875 5437
3 1075 1068 1077
3 2332 2331 2333
3 887 882 5439
3 5543 3637 5696
3 3211 2674 5380
3 507 506 508
3 1816 4111 6609
3 5299 2298 5300
3 3461 2741 5885
3 4366 1837 6519
3 230 231 5785
3 2631 2632 2633
3 1705 1270 2246
3 2633 2634 2635
3 3769 3332 3920
3 2720 2573 2721
3 2900 2902 3430
3 5264 3146 5624
3 1008 1708 5687
3 828 3217 5412
3 2629 2630 2631
3 2329 4328 6732
3 3940 3941 3942
3 2247 2246 2701
3 522 524 640
3 822 3213 5420
3 17 18 481
3 3239 3238 3543
3 2599 2113 5365
3 2299 2298 5299
3 4564 4567 5404
3 170 171 5738
3 2725 2430 5366
3 2420 2417 5677
3 3323 1761 5507
3 364 4710 6291
3 2643 2642 2776
3 2870 2386 5514
3 374 3979 5646
3 3979 3978 3980
3 511 510 512
3 37 38 5647
3 3004 3006 5643
3 2150 2148 5397
3 1227 1711 5409
3 2593 1723 2594
3 1675 2266 5472
3 2783 5185 5498
3 4645 423 5851
3 4995 937 5328
3 5120 3386 5850
3 2008 1993 5421
3 1731 584 5446
3 513 512 514
3 5088 2186 5424
3 5103 5564 5636
3 517 518 519
3 3227 3744 5339
3 2000 4860 6525
3 2846 3305 3447
3 1830 1828 5945
3 4483 4478 4779
3 2029 2010 5422
3 732 5892 6155
3 3391 3389 5638
3 2639 2640 2641
3 1787 1788 1844
3 1316 1314 5459
3 519 520 521
3 2807 3502 3700
3 2157 5475 5592
3 1783 1784 1787
3 1779 1780 1783
3 424 313 6329
3 3225 3227 5339
3 2655 3359 3360
3 2845 2844 5355
3 1777 1778 1779
3 1991 1992 2064
3 119 120 5774
3 2565 3841 5577
3 966 4690 5724
3 3351 4894 5794
3 2244 2599 2655
3 2774 2733 2995
3 1777 3247 5557
3 3220 5307 5617
3 2464 2609 5606
3 2488 2489 2573
3 1304 1302 5453
3 3742 2908 3903
3 3025 4793 5394
3 5516 3965 5517
3 48 383 3844
3 650 4210 6503
3 145 146 5747
3 4541 4542 6739
3 1655 2159 5483
3 1683 3524 5626
3 1758 1759 5128
3 3870 360 3871
3 2242 2240 2759
3 5400 3743 6594
3 1013 1017 5684
3 4080 3175 5390
3 5084 5083 5621
3 4290 4288 5650
3 2486 2487 2488
3 3919 3628 6284
3 3112 3114 5634
3 2810 2657 3405
3 3245 1709 5399
3 4225 4224 5659
3 3241 2210 5467
3 4598 4597 6601
3 1401 2232 5583
3 2037 2035 5431
3 2361 1366 2362
3 1300 1298 5457
3 4768 6430 6451
3 1953 1954 1991
3 16 17 5449
3 3654 1077 3655
3 2333 2331 2820
3 5311 3315 5703
3 2607 2940 2941
3 1951 1952 1953
3 1468 2209 5495
3 1774 1775 1777
3 844 842 5458
3 1949 1950 1951
3 5234 5002 5489
3 1127 1376 2484
3 2968 4982 5824
3 4796 1539 6225
3 1934 1948 1949
3 146 412 5747
3 1946 1979 5513
3 2976 2978 3632
3 2020 2019 5589
3 2481 2725 2998
3 167 168 488
3 4280 5926 6729
3 15 16 420
3 2987 2664 5403
3 1856 1933 1934
3 2425 2426 2715
3 2600 3383 3384
3 2034 1963 5388
3 2675 3528 5380
3 3443 2805 5604
3 3531 3532 5586
3 840 838 5461
3 1935 2067 2068
3 3402 3403 4055
3 1803 5275 5618
3 3687 4293 6686
3 2311 2310 5342
3 2068 2069 2074
3 2887 3309 3467
3 4767 4768 6451
3 4432 4434 6218
3 1759 1757 1760
3 119 5774 5946
3 2933 2712 3402
3 12 13 435
3 4705 3993 6704
3 3432 3431 5614
3 2776 2908 3742
3 2641 2642 2643
3 2979 2981 5414
3 1407 1597 1598
3 1503 1502 5764
3 2670 2031 5612
3 2868 2666 5456
3 5460 1422 5886
3 4759 1584 5657
3 1225 1222 5500
3 1879 2853 3565
3 2864 2495 2865
3 1851 1854 5665
3 3946 3942 3947
3 5545 2838 5641
3 1991 2071 5547
3 3927 3926 5642
3 31 32 5658
3 3208 4212 5413
3 2674 2675 5380
3 5235 4206 5580
3 2595 1366 5616
3 4981 4225 5659
3 2105 2327 5467
3 1451 1453 5466
3 2866 3836 5424
3 5478 3653 6380
3 2812 2507 5451
3 2129 2127 5452
3 2063 1906 5352
3 3160 3506 4203
3 5780 1163 5837
3 1765 1764 1766
3 3846 4281 6664
3 1541 1496 5418
3 3871 3872 3875
3 2348 2347 5762
3 1479 2105 5467
3 1164 1163 5780
3 581 579 5610
3 1753 1751 2133
3 1171 4923 5473
3 1827 1829 5444
3 955 790 5463
3 3619 3580 5986
3 2821 2820 3622
3 3699 5736 6159
3 4511 4513 6548
3 2043 2045 5620
3 2110 2054 2298
3 2082 2080 2083
3 4321 4320 5693
3 4725 4954 5908
3 3307 3235 5714
3 2481 3293 5485
3 584 586 5446
3 1615 6390 6453
3 2786 3640 5589
3 1763 1764 1765
3 599 1341 5406
3 5832 3807 6691
3 4893 5758 6007
3 125 463 5660
3 1763 1762 1764
3 5169 3427 5837
3 2864 2865 3160
3 1923 1908 5436
3 836 834 5484
3 1255 1253 5489
3 3059 3061 5479
3 1185 1705 5468
3 3477 3765 5465
3 5016 3351 5871
3 582 1731 5532
3 2589 2860 5607
3 4087 378 5842
3 1864 1865 5454
3 1695 810 5540
3 3233 1699 5440
3 820 816 5511
3 1863 1879 5256
3 1475 2322 5487
3 3964 3639 3966
3 727 734 5599
3 2019 1984 2785
3 1494 4959 5418
3 4173 4175 4177
3 1903 1897 5326
3 1761 1762 1763
3 2049 1960 5510
3 4572 4860 6538
3 1904 1935 5352
3 178 179 367
3 2623 2625 5717
3 1457 3286 5466
3 5875 433 6630
3 2643 2776 5470
3 4030 4031 5673
3 3248 1156 5585
3 1247 1245 5499
3 5475 3535 5592
3 2614 2616 5506
3 6516 2418 6674
3 151 152 5787
3 3192 3208 5413
3 3524 5330 5626
3 2219 2612 5494
3 2983 2979 5414
3 4148 493 6085
3 1865 5362 5454
3 3537 2793 5636
3 1761 1760 1762
3 5307 5150 5617
3 2569 2570 5881
3 2666 2987 5456
3 1312 1313 5670
3 2270 2973 5929
3 5071 5319 5707
3 2388 2866 5424
3 3647 3969 6357
3 1613 2302 2303
3 984 4928 5956
3 5320 1002 6198
3 3063 3065 5504
3 3530 2868 5456
3 2560 1883 5454
3 1002 767 6198
3 4361 1141 5750
3 1759 1760 1761
3 1462 1476 5488
3 302 303 5893
3 1782 2061 5391
3 4177 4175 4178
3 2168 2558 5608
3 1955 1953 5547
3 372 55 5203
3 5150 1564 5617
3 3970 2644 6589
3 3291 2856 5259
3 1639 1641 5490
3 5103 5636 5699
3 2061 1776 5557
3 2333 2820 2821
3 3422 3594 5524
3 812 1695 5766
3 2671 2422 5921
3 3578 5096 5846
3 741 5246 5597
3 3221 6000 6687
3 1476 1466 5495
3 4744 6021 6230
3 4976 3216 5836
3 1738 887 5439
3 3160 2865 3506
3 566 568 5477
3 875 1739 5437
3 3213 3215 5708
3 2238 2140 2239
3 3286 1460 5488
3 4041 3211 5380
3 4567 4574 5404
3 884 879 5437
3 2821 3622 3623
3 3723 3335 5094
3 1943 5574 5639
3 2786 2785 3638
3 2545 2654 5512
3 3455 5259 5260
3 2377 2237 2695
3 882 884 5439
3 1821 1819 5917
3 1660 1316 5459
3 4120 4122 6407
3 4068 672 6302
3 585 740 5991
3 5302 1928 5639
3 1094 4547 6096
3 715 707 5809
3 4326 5632 6355
3 4061 1077 5600
3 2567 3466 6174
3 2210 1479 5467
3 4356 5576 6658
3 1915 2560 5510
3 3260 3251 5442
3 100 101 5845
3 1908 2063 5436
3 1829 1833 5444
3 3324 5820 5906
3 1883 1864 5454
3 2543 2542 5512
3 3146 3244 5624
3 184 185 473
3 5180 3573 6132
3 4297 4298 5834
3 172 374 5646
3 5085 5084 6698
3 3744 3363 5524
3 3585 2550 5511
3 3370 2711 3475
3 2719 4267 5537
3 1993 2268 5421
3 1967 1965 5662
3 478 116 5497
3 5791 4324 6293
3 2010 2226 5422
3 2225 1675 5472
3 2280 1304 5453
3 1314 5186 5459
3 3209 3206 5674
3 1649 1651 5522
3 387 216 5951
3 5440 1536 5714
3 1598 1599 1600
3 579 626 5610
3 19 414 5405
3 2019 2785 2786
3 929 4932 5980
3 2310 2299 5299
3 558 560 5492
3 2552 1063 5584
3 702 1692 5809
3 1881 1870 5505
3 1302 2312 5453
3 1653 1721 5529
3 2226 2008 5421
3 4553 726 6702
3 4733 718 6736
3 2174 2255 5531
3 3310 5447 5812
3 1298 1707 5457
3 2549 2029 5422
3 959 958 5807
3 5117 1475 5487
3 4890 967 5690
3 3205 5302 5639
3 696 691 5649
3 2649 5476 5870
3 2633 2990 5578
3 3588 2735 5664
3 2786 3638 3639
3 2035 2549 5431
3 1965 2034 5662
3 3990 3991 3992
3 2312 1300 5457
3 2706 4010 5555
3 4385 4644 6437
3 3664 3059 5479
3 1843 1786 5515
3 3956 3946 6491
3 4359 3280 6352
3 1858 1855 5509
3 5246 3169 5597
3 2838 3631 5641
3 6 7 493
3 4768 1297 6387
3 24 408 4943
3 2763 3542 5570
3 2339 2141 5520
3 3243 3242 5705
3 5657 2749 5821
3 6107 3070 6238
3 2410 3058 5552
3 2408 2410 5552
3 5599 966 5724
3 3306 2513 5727
3 5124 6143 6699
3 2283 2285 5533
3 4320 4319 5693
3 2143 2409 5543
3 2654 2547 5537
3 3022 3020 5501
3 2729 3118 5487
3 2710 1827 5444
3 1722 514 5763
3 236 4348 6459
3 1430 561 6113
3 2758 2037 5431
3 3145 2346 6057
3 1820 1822 5534
3 386 156 5341
3 4484 4485 5735
3 1672 2224 5539
3 4419 3012 5772
3 1466 1468 5495
3 2858 3974 3976
3 4272 2360 6339
3 4412 5289 5718
3 6377 3681 6539
3 2939 3697 3698
3 2926 5283 6505
3 1453 1457 5466
3 217 464 5951
3 5511 814 5766
3 5144 3570 5642
3 2331 2311 5342
3 554 556 5527
3 2992 3774 5401
3 3518 3520 3521
3 3163 6423 6451
3 779 784 5628
3 7 8 5726
3 1274 1255 5489
3 1737 840 5461
3 1133 1262 4660
3 1705 2247 5739
3 4867 4866 5678
3 3853 5685 5876
3 1960 1915 5510
3 368 259 6045
3 3271 3203 5719
3 5028 2300 6196
3 2981 2986 5414
3 905 844 5458
3 842 1737 5458
3 5093 1628 5952
3 560 678 5492
3 2738 2239 5582
3 4957 4873 5700
3 3685 5486 6134
3 1715 1714 5543
3 1263 1198 6444
3 5760 3713 5900
3 1914 1891 5635
3 3328 2812 5451
3 4878 3436 6031
3 4851 1020 5716
3 2711 2520 2858
3 568 651 5477
3 2287 2289 5548
3 1734 566 5477
3 838 881 5461
3 580 582 5532
3 5319 3540 5707
3 1266 1247 5499
3 518 516 5455
3 2590 955 5463
3 5073 5187 5742
3 1253 5234 5489
3 2127 2510 5452
3 5564 3537 5636
3 5549 4646 5966
3 5442 2543 5512
3 4675 3173 6314
3 3359 4354 5481
3 1460 1462 5488
3 2268 1967 5662
3 2318 2375 5554
3 605 611 5702
3 1822 1826 5534
3 533 531 5640
3 4034 5978 6118
3 2747 3821 5655
3 3362 3224 5733
3 1693 1670 5539
3 15 420 6569
3 1736 558 5492
3 1747 1451 5466
3 4586 4589 5682
3 5101 5102 5982
3 1600 1599 1601
3 5742 3630 5810
3 6105 4837 6211
3 2840 2631 5578
3 1211 1209 5560
3 1245 5244 5499
3 2652 2129 5452
3 3006 3707 5643
3 2939 3698 5942
3 2084 2083 2519
3 3920 3332 5523
3 1928 1943 5639
3 34 35 476
3 3296 3298 5821
3 1203 1201 5562
3 4106 4022 5843
3 2426 2428 5485
3 652 580 5532
3 881 836 5484
3 5908 4954 6109
3 6222 2700 6523
3 556 1736 5527
3 1979 2204 5513
3 2841 5397 5698
3 3118 2731 5570
3 5303 3240 5668
3 1774 1777 5557
3 2657 3598 5601
3 4032 3730 6728
3 3959 3477 5465
3 2507 2778 5451
3 3172 3171 5865
3 5446 732 5644
3 3125 1760 5831
3 1207 1205 5569
3 4451 4450 5737
3 1500 5853 5997
3 5800 1856 5934
3 2493 2020 5589
3 5936 4237 6560
3 365 80 5345
3 1972 4350 6399
3 1710 1225 5500
3 1702 5176 5818
3 5149 5303 5668
3 5428 1683 5626
3 2542 2545 5512
3 1854 1857 5731
3 1711 1713 5623
3 834 2221 5484
3 5290 5407 5638
3 3363 3422 5524
3 665 5858 6056
3 389 326 6611
3 5576 4356 6371
3 2902 2904 5536
3 3448 3116 5672
3 4570 4578 6642
3 278 492 5936
3 1199 1197 5580
3 442 277 5936
3 1735 5402 5628
3 3061 3772 5479
3 2519 2083 2520
3 2018 2024 5546
3 3116 3179 5672
3 1956 1923 5436
3 4116 4115 6333
3 4407 4406 6414
3 3765 3768 5465
3 2440 2831 5713
3 5486 380 6134
3 2733 2283 5533
3 1183 1181 5587
3 21 22 480
3 5467 2327 5730
3 2004 2016 5553
3 1810 1812 5559
3 3945 3944 6192
3 2816 2614 5506
3 2382 2356 5596
3 4095 5329 5778
3 4175 4176 5630
3 2322 2729 5487
3 2735 2734 5664
3 4032 1542 6507
3 1806 1808 5561
3 3515 6197 6502
3 32 402 5658
3 643 554 5527
3 4446 4430 6218
3 3181 3620 5689
3 1670 1672 5539
3 5639 5574 5698
3 3000 2788 3311
3 3368 2758 5431
3 3931 3930 5671
3 4892 4504 5887
3 1891 5128 5635
3 5132 5058 5748
3 512 718 5763
3 2573 2871 5576
3 2616 3552 5506
3 3514 3516 3517
3 601 603 5656
3 3358 3762 5949
3 2067 1903 5326
3 2547 2719 5537
3 4217 3613 6353
3 2612 2816 5494
3 5389 926 6262
3 2550 820 5511
3 1690 5149 5668
3 3114 3448 5634
3 4971 395 6016
3 2732 1639 5490
3 546 1741 5568
3 1011 1013 5684
3 2257 1820 5534
3 3772 3063 5504
3 260 4978 6045
3 5531 3713 5760
3 2734 3274 5664
3 3810 3809 6157
3 3951 3360 5481
3 917 946 5679
3 980 981 5956
3 5912 2827 6018
3 3559 4307 6288
3 2024 2601 5546
3 30 31 479
3 4609 4612 6683
3 544 546 5568
3 2871 3799 5576
3 3720 5924 6092
3 2016 2365 5553
3 4281 3149 6665
3 559 647 6113
3 784 1735 5628
3 1997 1999 5572
3 5961 5237 6230
3 429 262 5697
3 2032 2267 5575
3 1604 1601 6079
3 3460 5122 5941
3 2026 2032 5575
3 5183 2706 5555
3 2438 2436 5565
3 3471 3469 5870
3 1609 1610 1611
3 4734 6296 6408
3 2365 2018 5546
3 2685 2444 5681
3 3065 3855 5504
3 3303 5626 5796
3 2282 2774 5531
3 374 173 3977
3 4048 3314 6004
3 1641 2483 5490
3 3314 3241 5730
3 3275 3273 5661
3 3983 3984 5686
3 2776 3742 5470
3 4966 502 6020
3 2045 2607 5620
3 2696 2695 2957
3 4894 5617 5794
3 2598 3478 5921
3 3731 3322 5704
3 1714 2143 5543
3 2533 2004 5553
3 3179 3181 5689
3 4681 4925 6708
3 12 435 4838
3 399 4310 6474
3 4487 4505 6162
3 3398 3307 5847
3 1788 1790 5683
3 1628 701 5952
3 3343 3303 5796
3 2917 5907 6554
3 3375 2652 5452
3 1999 2533 5572
3 3360 3359 5481
3 3190 3187 5694
3 946 1008 5687
3 659 664 5765
3 3403 2712 5596
3 3586 3587 5669
3 81 482 5345
3 1812 1832 5559
3 4813 5350 6404
3 1870 5256 5505
3 2308 1649 5522
3 762 768 5980
3 4451 5911 6367
3 2601 2026 5575
3 2519 2520 2711
3 2954 2408 5552
3 1808 2077 5561
3 4804 4806 6429
3 2080 2079 5666
3 1603 1604 1605
3 367 179 4983
3 2807 3701 5554
3 967 850 5690
3 3688 6037 6102
3 939 940 6271
3 642 544 5568
3 2778 2339 5520
3 850 848 5690
3 3241 5467 5730
3 1862 1858 5509
3 4223 3408 6130
3 6053 4667 6072
3 2077 1810 5559
3 1761 1763 5507
3 1984 1914 5635
3 2645 1653 5529
3 50 51 438
3 1786 5391 5515
3 5624 3244 5701
3 1755 5323 5831
3 478 4126 6615
3 1651 2645 5522
3 4 5 500
3 859 862 6294
3 1096 1059 5688
3 1896 1881 5505
3 5474 3276 5712
3 5 6 5541
3 6464 3659 6513
3 6140 4920 6345
3 1068 1066 5600
3 2655 3361 5816
3 2251 1997 5572
3 715 5809 6657
3 423 59 5851
3 1721 2372 5529
3 2715 2426 5485
3 3187 3189 5694
3 2444 2870 5681
3 1848 1843 5515
3 2255 2282 5531
3 2731 2763 5570
3 1120 1122 5715
3 2636 2639 5588
3 3464 3462 5729
3 4271 2994 6492
3 83 400 5566
3 1837 1806 5561
3 2656 2595 5905
3 5190 5474 5712
3 5679 946 5687
3 3442 3648 6182
3 3020 5401 5501
3 5016 5871 5935
3 6606 2290 6607
3 3455 3291 5259
3 2635 2636 5588
3 2065 2244 5581
3 3384 3383 3385
3 3324 4240 5820
3 5686 418 5738
3 4911 2329 6732
3 2247 3846 6664
3 36 394 5571
3 1535 1519 6561
3 1341 601 5656
3 2721 2573 5576
3 2571 2523 5696
3 2986 2984 5718
3 1953 1991 5547
3 2834 2420 5677
3 2285 2918 5533
3 2879 5227 5803
3 1599 1614 6079
3 4324 4321 5693
3 2898 2900 5593
3 351 489 5732
3 912 2108 5723
3 300 427 5728
3 2531 1769 6282
3 3866 4916 6559
3 5710 3815 6457
3 3305 2345 5581
3 2064 2065 5581
3 408 4190 6325
3 3315 3890 5703
3 4710 4627 6291
3 3694 5016 5935
3 2596 2810 5605
3 3545 5599 5724
3 2094 1211 5560
3 395 221 6016
3 4261 448 5898
3 3352 4925 6015
3 393 5632 6690
3 2141 5097 5520
3 3045 4412 5718
3 695 709 5952
3 222 472 6016
3 3487 4972 6617
3 4600 3856 6490
3 3189 5413 5694
3 1136 4361 6114
3 2622 2594 5744
3 4328 6069 6732
3 314 4774 6329
3 1057 5103 5699
3 253 254 6055
3 1329 1109 5616
3 3710 2912 5605
3 611 608 5788
3 3620 3183 5749
3 1262 6114 6242
3 2918 2287 5548
3 5562 1272 5563
3 465 5000 6086
3 3496 3022 5501
3 2374 4245 6247
3 1209 1275 5560
3 5626 5330 5796
3 3440 3409 6748
3 3432 5614 5615
3 2019 2786 5589
3 4333 4332 5761
3 1942 1946 5595
3 1275 1207 5569
3 1201 1272 5562
3 935 914 5723
3 5093 5952 5989
3 283 471 6020
3 2523 1715 5696
3 502 282 6020
3 2075 2425 5590
3 5789 4411 6731
3 2095 1203 5562
3 2912 2362 5605
3 4837 4836 6304
3 536 2078 5602
3 2631 2633 5578
3 1032 5290 5638
3 2241 2242 2243
3 2289 2405 5548
3 2606 1848 5515
3 5617 1564 5794
3 590 1696 5892
3 5176 1194 6067
3 3982 3978 5805
3 3232 3435 5709
3 1272 1199 5580
3 3233 5440 5714
3 3585 5511 5766
3 3244 3996 5701
3 2853 1862 5509
3 1205 2095 5569
3 2352 2351 5844
3 2271 1488 5748
3 1142 1139 6342
3 1270 1183 5587
3 2984 3045 5718
3 2309 4878 6013
3 4621 5668 5882
3 5450 1700 5733
3 323 454 6379
3 2074 2075 5590
3 3185 3190 5749
3 2833 5923 6170
3 4690 3510 5741
3 3343 5796 5835
3 2428 2481 5485
3 394 37 5647
3 2375 2807 5554
3 3784 3617 6036
3 3309 2370 5590
3 4418 4417 6039
3 2405 2318 5554
3 1051 988 6106
3 855 858 6392
3 4750 4752 6674
3 534 536 5602
3 1486 5132 5748
3 3205 5639 5698
3 1598 5287 5722
3 1197 5235 5580
3 5823 3380 5989
3 1600 1601 1602
3 2223 1942 5595
3 4139 2606 6483
3 4525 5389 6262
3 3312 3311 3675
3 3425 3398 5994
3 6065 3820 6306
3 2345 2064 5581
3 5115 5915 6077
3 2054 2052 5619
3 4793 1115 6435
3 3432 5077 6725
3 5273 356 5274
3 2600 1602 3383
3 1020 996 5716
3 5484 4155 6718
3 5086 5085 6698
3 3546 3545 5724
3 4455 4177 6011
3 1940 2223 5613
3 3688 2841 6037
3 996 976 5716
3 2904 2976 5536
3 1403 1407 5722
3 1844 1788 5683
3 2717 2440 5713
3 4183 2477 6727
3 63 503 4895
3 5725 3645 5824
3 3351 5794 5871
3 111 112 495
3 3287 2635 5588
3 5311 6093 6205
3 1938 1940 5613
3 1181 5200 5587
3 2820 2331 5342
3 1715 5543 5696
3 641 534 5602
3 5691 6362 6394
3 1933 1852 5622
3 5104 5013 6022
3 3501 2738 5582
3 4843 4841 6641
3 4026 3481 5914
3 4905 3085 5974
3 66 67 498
3 3500 4549 6152
3 394 5647 5648
3 227 436 5736
3 5493 1167 5780
3 3758 3343 5835
3 3405 2657 5601
3 2495 2438 5565
3 327 453 6611
3 460 9 5432
3 2698 2937 2938
3 2303 2697 2698
3 1955 5547 5721
3 5121 885 6140
3 4493 4491 6340
3 2436 3327 5565
3 3299 1768 5594
3 2488 2720 5653
3 613 1052 5813
3 603 605 5702
3 1946 5513 5595
3 168 169 5869
3 3249 3432 6725
3 2581 4643 5754
3 1768 1765 5594
3 914 912 5723
3 1347 4907 6232
3 10 445 5432
3 569 633 6177
3 2370 2074 5590
3 3169 2924 5976
3 3163 5394 6423
3 2484 3522 5652
3 1037 4927 5773
3 4574 4576 5627
3 4518 4517 6006
3 4307 3011 6277
3 5476 3471 5870
3 3889 4196 6653
3 3297 3879 5909
3 4519 5878 5889
3 1775 1772 5631
3 732 588 5892
3 2585 5349 5903
3 248 249 5740
3 4098 377 6167
3 1765 1766 5594
3 4830 5276 6640
3 2021 1938 5613
3 2239 2240 2241
3 4133 3097 6699
3 4912 3615 6196
3 1850 2606 5622
3 25 26 5862
3 552 643 5758
3 2894 5190 5712
3 3884 3882 6428
3 2243 2242 2602
3 4150 4195 6147
3 1096 5688 5742
3 1366 1329 5616
3 2712 2382 5596
3 6115 4987 6253
3 5298 4687 6584
3 1335 1660 5797
3 2362 2596 5605
3 3242 3857 5705
3 492 279 5746
3 213 214 6103
3 6515 3023 6540
3 3079 3917 5706
3 4912 3865 6559
3 1328 5359 5725
3 3653 3825 5798
3 1853 1856 5800
3 3361 5360 5958
3 3659 3658 6513
3 3482 4058 5967
3 3484 5460 5886
3 2355 2352 5844
3 1077 1068 5600
3 3420 4309 5755
3 956 5381 6271
3 1066 2552 5600
3 2513 2769 5727
3 2083 2080 5666
3 5407 3391 5638
3 2879 5803 6166
3 3709 3901 5753
3 26 496 5862
3 4481 2133 6251
3 4424 4423 6424
3 1796 1798 5849
3 1124 1127 5652
3 4361 3668 6114
3 4504 4503 5887
3 904 902 5783
3 3222 5450 5733
3 1518 1509 5814
3 5672 3179 5689
3 3286 4462 6051
3 2625 2767 5717
3 294 295 6097
3 1109 5332 5616
3 3430 2902 5536
3 526 2098 5637
3 169 418 5869
3 4931 2204 5925
3 3235 3233 5714
3 2894 5712 5759
3 5359 3645 5725
3 3912 5027 6586
3 6022 5013 6070
3 846 905 5793
3 1770 3299 5631
3 1757 1755 5831
3 401 5026 5775
3 3183 3185 5749
3 1488 1486 5748
3 578 652 5804
3 4746 2585 5903
3 2239 2140 2240
3 421 5325 6048
3 6537 2077 6597
3 4178 4175 5630
3 5357 1328 5725
3 4821 5209 6285
3 1852 1850 5622
3 4206 4207 5959
3 3419 3418 5789
3 1418 6065 6306
3 2101 5071 5707
3 4520 4522 5861
3 2607 2941 5620
3 3376 2784 5998
3 2239 2241 5582
3 3371 4222 5961
3 2202 5904 5979
3 2052 2493 5619
3 1934 2116 5934
3 2402 5707 5779
3 2241 2240 2242
3 1772 1770 5631
3 5187 1096 5742
3 4488 4499 5735
3 1094 932 6013
3 906 5389 6421
3 491 4095 5778
3 4352 4528 6682
3 2372 2172 5760
3 5969 4504 6131
3 3684 3451 6160
3 3298 5657 5821
3 3669 3614 5855
3 5656 603 5702
3 385 6258 6721
3 4595 4596 5799
3 298 299 6134
3 5581 2244 5816
3 1115 1099 6435
3 2785 1984 5635
3 990 6029 6106
3 2976 3632 5536
3 2739 4262 6011
3 3663 5509 5800
3 4723 4835 5829
3 5365 3079 5706
3 3367 3932 6092
3 167 488 5462
3 1531 1538 6454
3 3790 2898 5593
3 3601 5957 6295
3 3642 5306 5685
3 524 526 5637
3 3373 3678 5752
3 3450 2836 6324
3 1847 1849 6010
3 3872 360 5787
3 3389 3283 5770
3 2896 3674 6014
3 3750 5365 5706
3 3689 4843 6641
3 3671 5095 5891
3 3522 2486 5653
3 4096 4235 6663
3 5002 3250 5756
3 642 4500 6590
3 4105 6326 6704
3 2900 3430 5593
3 5013 738 6070
3 3598 2656 6059
3 6051 4462 6681
3 3617 2760 5927
3 3032 3030 6019
3 5397 3205 5698
3 2759 2240 5651
3 4230 466 6618
3 1233 3505 5806
3 6398 4370 6420
3 5300 2298 5619
3 5812 5447 5918
3 5433 4662 6532
3 3374 3373 5752
3 1611 1613 5667
3 930 2309 6013
3 267 268 6138
3 5590 2425 5830
3 77 78 5782
3 2232 1403 5722
3 5005 3690 6250
3 3946 3947 6652
3 4544 3662 6432
3 2865 2495 5565
3 3307 5714 5847
3 4376 5804 6058
3 5036 5998 6469
3 109 110 379
3 4001 6128 6247
3 4172 476 4173
3 2948 2661 5953
3 2424 2423 6125
3 640 524 5637
3 814 812 5766
3 4485 4488 5735
3 665 660 5858
3 448 74 5767
3 1602 1601 1603
3 2575 3802 6299
3 3270 3895 6047
3 1612 2139 2140
3 2327 2845 5730
3 5736 436 6159
3 5404 4574 5627
3 5012 5218 6189
3 2120 573 6309
3 3706 4366 6519
3 359 118 5946
3 765 754 6470
3 2172 2174 5760
3 4118 4124 6333
3 698 669 6056
3 2351 2348 5762
3 4350 2414 5815
3 4276 4278 5767
3 2084 2519 5654
3 342 343 5769
3 4274 411 6334
3 1052 615 5895
3 3967 5550 6662
3 3715 2894 5759
3 3601 3603 5957
3 3260 4446 6283
3 120 462 5774
3 619 622 5919
3 2743 3041 5852
3 3262 3261 6082
3 3421 3362 5884
3 5552 3705 5777
3 4228 1394 6740
3 674 679 5990
3 3224 3222 5733
3 5828 3636 5857
3 4153 5745 5844
3 1606 1607 1608
3 84 85 6025
3 5786 5192 6604
3 89 364 5944
3 2298 2054 5619
3 1258 1274 5860
3 1644 2344 5826
3 1127 2484 5652
3 65 66 5632
3 3707 3709 5753
3 34 476 4172
3 1407 1598 5722
3 5325 3927 6048
3 3874 3873 5792
3 739 961 5784
3 1405 4106 6688
3 2997 2390 6110
3 3661 3662 6458
3 1603 1605 1606
3 199 232 6456
3 1506 1503 5764
3 5517 3965 6511
3 4346 990 6734
3 17 481 5449
3 2486 2488 5653
3 3305 5581 5816
3 3282 659 5765
3 5784 961 5827
3 174 175 5680
3 803 4920 6140
3 1955 4900 6154
3 2011 2030 5833
3 5886 4270 6164
3 4092 379 5091
3 6049 2700 6316
3 4240 4241 5820
3 231 199 6456
3 4463 379 5888
3 2772 6205 6217
3 494 230 5785
3 3981 3985 5879
3 5077 2257 6725
3 420 16 5449
3 3177 5126 5931
3 2492 5416 5691
3 2520 2083 5666
3 4654 4537 6739
3 28 411 6127
3 5045 416 5916
3 3270 6047 6168
3 5601 3598 5923
3 5846 5096 5953
3 4207 4208 6049
3 3834 5472 6248
3 2140 2139 5651
3 4056 3403 5745
3 157 158 5822
3 1290 5715 5950
3 5349 2402 6497
3 2174 5531 5760
3 186 187 376
3 5331 3200 6544
3 2644 2628 6589
3 4174 476 5571
3 1284 1287 5889
3 3055 2492 5691
3 2858 3976 5675
3 2237 2084 5654
3 1093 658 6250
3 3881 366 6565
3 1609 1611 1612
3 3309 5590 5830
3 374 3977 3978
3 3767 3766 6467
3 1659 5188 6193
3 3344 1716 5708
3 5052 3372 6410
3 5782 78 6026
3 498 5253 6355
3 3570 3446 6141
3 3362 5733 5884
3 3731 6136 6207
3 2443 2966 6102
3 3298 5386 5751
3 1606 1605 1607
3 175 176 439
3 378 316 5842
3 2606 4139 6647
3 1541 5418 5846
3 8 460 5726
3 2548 2546 6124
3 3874 4514 6650
3 486 145 5747
3 4554 5441 5819
3 1746 3673 6322
3 3354 3352 6015
3 1612 1611 2139
3 418 170 5738
3 4593 4594 5838
3 1939 2132 5795
3 398 270 6224
3 271 469 6224
3 161 162 5933
3 3609 3611 6053
3 5206 4993 6112
3 5643 3707 5753
3 4139 4123 6647
3 3230 2817 6161
3 201 5875 6562
3 3763 6073 6179
3 268 269 6228
3 1918 1924 5955
3 2842 5073 5810
3 550 552 5758
3 2954 5552 5777
3 1666 4780 6068
3 1428 5922 6267
3 4160 4210 6680
3 2839 2149 6289
3 469 5044 6191
3 662 5005 6250
3 3703 2246 5977
3 1167 1164 5780
3 1273 1217 5872
3 5976 3802 6369
3 3722 5170 6159
3 5127 2713 6259
3 5668 3240 5882
3 2945 2943 6073
3 2202 4924 5904
3 404 102 6040
3 4798 4801 6542
3 3492 5510 5918
3 3735 4461 6149
3 934 1094 6096
3 2750 4880 6418
3 508 506 5791
3 4751 4754 6104
3 848 846 5793
3 3226 3636 5828
3 3580 5373 5986
3 5416 3272 5691
3 5858 4945 6056
3 2788 2696 5676
3 2120 6309 6486
3 1213 2094 5859
3 1608 1607 1609
3 1716 5420 5708
3 5227 3153 5803
3 4068 1697 6610
3 3630 3629 5810
3 3037 3514 5776
3 5635 5128 5874
3 953 944 6126
3 3129 2577 5999
3 2803 5145 6136
3 4164 3773 6055
3 4176 4174 5996
3 2710 5444 5836
3 5509 1855 5800
3 103 475 6040
3 2571 5696 5927
3 5508 3364 5734
3 1357 1335 5797
3 6003 4252 6054
3 1287 1282 5937
3 3782 5508 5734
3 4724 4725 5908
3 5809 3822 6657
3 2294 1744 6322
3 5102 3394 6155
3 460 5433 5726
3 5690 848 5793
3 1564 5134 5794
3 6002 3831 6741
3 3972 4183 6727
3 3664 5479 6620
3 3568 5817 5818
3 908 5070 6063
3 3613 2880 6166
3 3851 2828 6152
3 2906 2907 6142
3 3345 3350 5899
3 5241 3177 5931
3 4367 1838 6465
3 5311 5703 6093
3 1280 2532 5937
3 3122 4167 6689
3 1163 5169 5837
3 5174 4817 5751
3 4314 6044 6261
3 158 459 5822
3 3666 5940 6132
3 3540 3541 5779
3 4662 3457 6532
3 3594 3480 5972
3 2696 2957 5676
3 3479 3421 6033
3 1150 5027 6613
3 4122 5841 6407
3 3694 5935 6022
3 4961 975 6742
3 707 702 5809
3 2711 2858 5675
3 4162 4161 6542
3 3720 3375 5924
3 5419 88 5944
3 961 5133 5827
3 5295 3659 6350
3 3976 6000 6711
3 3645 3644 5824
3 3456 4662 6108
3 3826 3558 5802
3 5655 3821 6410
3 464 218 6349
3 514 512 5763
3 440 4624 6215
3 3679 2967 6081
3 2271 5748 5999
3 2620 2920 6094
3 1855 1853 5800
3 5373 463 5986
3 3214 3585 5973
3 476 35 5571
3 4030 5673 5840
3 502 4966 6521
3 5924 5114 6092
3 4257 4666 6171
3 4492 4497 5910
3 2842 5810 5854
3 64 65 393
3 3969 4363 6334
3 4757 4758 6312
3 3855 3856 6694
3 5796 2970 5835
3 22 23 5811
3 219 5060 6349
3 3555 3554 6280
3 4944 4987 6115
3 608 610 5788
3 1521 4664 6422
3 5435 2079 5970
3 976 959 5807
3 5926 4178 6729
3 5142 4418 6496
3 5441 3410 5819
3 5418 3578 5846
3 4923 4922 5907
3 2986 5718 6003
3 6143 4134 6699
3 4578 5955 6642
3 4955 4958 6464
3 781 5336 6105
3 3736 5331 6544
3 6449 5747 6462
3 5454 5362 5812
3 4522 4524 5864
3 2851 3711 6043
3 3803 3413 5928
3 5163 6158 6266
3 5714 1536 5847
3 3411 2744 6107
3 1837 4366 6512
3 3543 3238 5739
3 5386 5174 5751
3 781 5628 5896
3 4581 426 6000
3 2843 2842 5854
3 4544 461 6458
3 360 151 5787
3 1951 1955 6154
3 4914 3758 5954
3 5006 2651 6380
3 5444 4976 5836
3 5047 5112 6638
3 3588 5664 6052
3 109 379 4092
3 1144 1142 6223
3 3636 4336 5857
3 5161 5007 6191
3 4189 2857 5940
3 3901 3792 5920
3 3622 3624 5848
3 6142 2907 6208
3 3327 4265 6035
3 5191 473 6466
3 254 255 6720
3 3915 4464 6579
3 3983 5686 5738
3 3357 2554 6416
3 4232 5351 6169
3 3547 2849 6408
3 3468 5737 6101
3 5420 3213 5708
3 4604 3511 5873
3 2695 2237 5654
3 96 97 499
3 3883 3886 5971
3 572 1748 6001
3 1509 1506 5814
3 3820 2954 5777
3 5836 3216 5985
3 493 7 5726
3 3663 5800 5934
3 5351 3624 5801
3 4849 4846 5867
3 4515 4516 5880
3 5779 3541 6021
3 2594 1723 5744
3 4860 5594 6525
3 2204 1981 5925
3 3803 5277 6188
3 5274 356 6645
3 5810 3629 5854
3 5125 3097 6693
3 2251 5572 6290
3 885 805 6140
3 5745 2355 5844
3 4428 3718 6602
3 958 951 6172
3 4526 4521 6006
3 2576 2175 6493
3 3683 4291 6321
3 3986 5119 6181
3 4499 4490 5910
3 3425 5994 6112
3 3468 3309 5830
3 1091 770 6211
3 709 5196 5823
3 6091 3689 6137
3 5733 1700 5884
3 3475 2711 5675
3 3879 3296 5821
3 4291 632 6321
3 5774 3648 5946
3 5770 4945 5858
3 5330 2970 5796
3 5363 3817 6755
3 4415 1972 6295
3 3858 3246 6565
3 4405 5041 6703
3 2764 5947 6061
3 59 60 5851
3 5314 3110 5978
3 2098 528 5913
3 5048 3401 5916
3 1783 1823 6213
3 1959 2012 5970
3 3971 5780 5837
3 1723 5473 5744
3 4958 6227 6350
3 651 570 6001
3 4704 4703 5856
3 4496 4502 5988
3 110 111 5888
3 2714 3500 6152
3 3238 5468 5739
3 5716 976 5807
3 3538 6387 6395
3 5342 2310 5801
3 2176 2178 6504
3 182 183 5786
3 5892 5102 6155
3 2560 5454 5812
3 3007 4216 6128
3 3880 5445 6060
3 3386 4017 5850
3 3886 3885 5981
3 776 781 6105
3 2762 3071 6479
3 235 236 6459
3 4647 5088 5853
3 2656 5905 6059
3 3948 4657 6651
3 576 578 5804
3 706 5318 6093
3 479 31 5658
3 2970 5222 5835
3 4502 4501 5969
3 5360 396 6095
3 3459 3460 5941
3 3624 5342 5801
3 6132 3573 6360
3 610 613 5813
3 293 294 6744
3 4348 3986 6459
3 4545 2569 6133
3 5399 1233 5806
3 5163 5358 6158
3 3569 3568 5818
3 2994 2775 6492
3 3364 2618 6273
3 3564 3199 6258
3 869 865 6260
3 3313 3544 5883
3 506 1393 5791
3 280 200 6461
3 200 281 6461
3 466 240 6618
3 758 1330 6640
3 4801 672 6655
3 5109 3571 6358
3 4504 4892 6131
3 241 401 6618
3 3372 5655 6410
3 160 399 6474
3 2698 2938 2939
3 439 4191 6529
3 1918 5955 6695
3 4089 4087 5842
3 3401 3400 5916
3 3686 3494 6163
3 4795 4990 6100
3 5136 4053 6520
3 5979 3592 6028
3 2240 2140 5651
3 6202 5133 6270
3 2941 2940 5906
3 4823 2767 6256
3 4014 5462 6424
3 4438 4439 5975
3 5088 5424 5853
3 2751 2750 6418
3 387 5294 6595
3 318 457 5877
3 718 510 6293
3 3629 5075 5854
3 2275 2276 6416
3 4990 3195 6100
3 1506 5764 5814
3 101 404 5845
3 5598 4724 5908
3 5499 5244 5891
3 2570 3319 5881
3 2785 5635 5874
3 5874 3323 6008
3 5686 4425 6236
3 3525 4163 6672
3 1418 4349 6065
3 3907 2948 6084
3 939 4072 6668
3 3410 4791 5819
3 3670 3803 6188
3 3811 4217 6097
3 1221 1219 6075
3 5654 3370 5890
3 5788 610 5813
3 5561 2077 6537
3 2806 2808 6475
3 4629 2202 5979
3 5321 3143 6374
3 4497 4494 5988
3 5374 4968 6332
3 5341 157 5822
3 392 4100 6403
3 5424 3836 5853
3 3638 5874 6008
3 3839 3643 6366
3 2310 5299 5801
3 3815 3867 5852
3 3626 3086 6628
3 3311 2788 5676
3 3971 5493 5780
3 1976 2099 6158
3 4624 3881 6427
3 863 867 6337
3 2741 2566 5885
3 5890 3370 6153
3 2022 5963 6072
3 5707 3540 5779
3 3671 5891 6043
3 23 4943 5811
3 1613 2303 5667
3 2948 5953 6084
3 4710 364 6588
3 2843 5854 5894
3 4132 4645 5851
3 3312 3675 5768
3 6275 3915 6394
3 496 27 6127
3 3514 3517 5776
3 5468 1705 5739
3 2651 5478 6380
3 2079 1990 5970
3 910 908 6063
3 4426 3678 6573
3 5802 1535 6561
3 4957 6099 6227
3 2139 1611 5667
3 2626 2917 6589
3 5803 4825 6166
3 5794 5134 5871
3 2624 2622 5839
3 1267 1258 5860
3 3087 3089 6545
3 2709 3122 6689
3 3396 5363 6755
3 4326 1393 6690
3 3619 5986 6326
3 500 5273 6264
3 5362 3310 5812
3 532 641 6064
3 1215 1213 5859
3 3431 2710 5836
3 3698 3697 5840
3 459 159 6474
3 2244 2655 5816
3 4238 4243 6549
3 5970 2012 6220
3 5112 2876 6638
3 3398 5847 5994
3 3558 3172 5865
3 4746 5903 6509
3 2690 4901 6274
3 650 745 6370
3 5473 4923 5744
3 2700 6222 6316
3 4769 2794 6593
3 1536 5228 5847
3 3978 3977 5805
3 2234 1541 5846
3 5134 1622 5871
3 2072 2274 5926
3 3648 5774 6182
3 95 96 5771
3 2875 3401 6638
3 3894 4618 6062
3 6217 6098 6463
3 112 113 5965
3 3818 3819 5901
3 6 493 5541
3 427 4778 6558
3 5653 3755 5950
3 5139 2923 6330
3 5885 2566 5929
3 4707 4790 6383
3 6061 4098 6167
3 2116 1949 6154
3 2510 5114 5924
3 4417 403 6442
3 5663 4781 6034
3 2939 2938 3696
3 78 79 6026
3 303 369 5893
3 5704 2803 6136
3 3457 3312 5768
3 4208 2700 6049
3 990 989 6734
3 3068 3641 6490
3 428 4914 5954
3 408 25 5862
3 5844 2351 6087
3 5124 1447 6143
3 1664 1666 6068
3 975 4795 6100
3 5095 5499 5891
3 2781 2946 6391
3 4444 4443 6212
3 3551 4738 6649
3 1645 5286 6343
3 1272 5580 5959
3 2629 2840 6256
3 1760 1757 5831
3 3595 3034 6298
3 2425 2715 5830
3 4330 4823 6541
3 1217 1215 5872
3 4302 3969 6334
3 5585 1702 5817
3 4957 5700 6099
3 6205 3657 6217
3 6221 4036 6450
3 2917 5839 5907
3 4520 5861 5878
3 5696 3637 5927
3 3591 4164 6375
3 2595 5616 5905
3 3365 3484 5886
3 1697 676 6610
3 6113 4221 6268
3 3536 3891 6301
3 4033 5314 5978
3 2923 5161 6670
3 6215 4624 6427
3 3437 5051 6748
3 2152 2366 6328
3 856 5226 6200
3 4461 3938 6567
3 1798 1838 5849
3 4059 3529 6089
3 2998 3553 6074
3 6163 2366 6265
3 4190 3618 6325
3 1270 5587 5977
3 1741 548 6111
3 5628 5402 5896
3 2808 5333 6475
3 861 860 6667
3 4147 4148 6085
3 672 666 6655
3 5802 3558 5865
3 5854 5075 5894
3 3247 1779 6213
3 5075 3555 5894
3 1968 1994 5948
3 3379 5093 5989
3 5276 756 6640
3 1819 1876 5917
3 3856 3067 6490
3 3245 5399 5806
3 3240 3411 5882
3 3506 2865 6035
3 1470 6077 6254
3 1427 4749 5943
3 3703 5977 6094
3 5871 1622 5935
3 4314 3007 6044
3 660 1032 5858
3 1707 5379 5861
3 1956 4989 6481
3 3984 3981 5879
3 588 590 5892
3 1291 1284 5889
3 3758 5835 5954
3 2939 3696 3697
3 3945 6192 6518
3 2418 2160 6121
3 1676 4938 6005
3 1874 1830 5945
3 1748 574 6119
3 6019 4768 6387
3 416 5048 5916
3 3731 5704 6136
3 2422 2598 5921
3 4667 4668 6072
3 1449 1747 6143
3 5718 5289 6003
3 2329 4911 6122
3 3561 3685 6558
3 5128 3323 5874
3 5542 3470 6139
3 2061 5557 5841
3 3672 3444 5962
3 2333 3972 6727
3 1718 657 6524
3 2566 2270 5929
3 3822 3461 6657
3 5225 3682 6377
3 4881 4942 6391
3 2257 5077 6710
3 3623 3622 5866
3 2907 3546 6208
3 4646 3458 5966
3 3304 5152 6564
3 648 650 6503
3 3661 4882 6679
3 2938 3536 5808
3 6317 3726 6644
3 440 5253 6135
3 51 52 5863
3 5602 2078 6237
3 4637 4640 6007
3 670 672 6610
3 5358 1974 6158
3 5559 6576 6597
3 5253 4327 6355
3 3737 3297 5909
3 1876 4704 6308
3 3732 3731 6207
3 5664 4397 6052
3 3751 3597 6393
3 3622 5848 5866
3 3577 3271 6623
3 2873 5314 6568
3 3947 3942 6083
3 4184 1859 6511
3 4112 2027 6378
3 2560 5812 5918
3 540 542 6300
3 5449 481 6197
3 3488 3823 5968
3 5379 1291 5878
3 1947 1945 5930
3 5232 3345 5899
3 94 95 381
3 5580 4206 5959
3 2301 2329 6122
3 6043 3711 6124
3 4181 6108 6631
3 508 5791 6293
3 2418 6144 6674
3 5616 5332 5905
3 5817 3568 5912
3 4708 5117 5915
3 2277 2278 6277
3 5472 2266 6248
3 3248 5585 5817
3 6044 3007 6128
3 61 373 6311
3 5587 3633 5977
3 3481 3479 5914
3 3550 4269 5893
3 3408 3440 6130
3 3713 3714 5900
3 5703 706 6093
3 2 3 5274
3 1700 5165 5884
3 3011 2534 6277
3 6157 3809 6557
3 5117 5487 5915
3 1896 5505 5987
3 4495 4498 6590
3 4242 3623 5866
3 866 4335 6417
3 176 177 5932
3 2366 4272 6265
3 4002 5849 6261
3 5100 5326 5987
3 3469 5542 5870
3 5442 5512 5868
3 88 89 5944
3 1118 1290 6307
3 3421 5884 6033
3 4038 4036 6221
3 118 119 5946
3 4065 4067 6210
3 5487 3118 5915
3 6000 426 6711
3 5861 5379 5878
3 3617 5927 6036
3 3395 3911 5995
3 615 617 5895
3 661 1718 6655
3 497 3905 6677
3 3993 4105 6704
3 1643 1645 6343
3 277 278 5936
3 5748 5058 5999
3 2940 3324 5906
3 5437 1739 6346
3 5244 2850 5891
3 3598 6059 6170
3 2360 5630 6339
3 5055 5054 6635
3 1017 5324 6099
3 3356 3646 6595
3 3498 5482 6662
3 528 530 5913
3 4067 4069 6210
3 5875 5808 6562
3 1995 2251 6244
3 4264 3454 6012
3 399 161 5933
3 463 4808 5986
3 3638 2785 5874
3 3820 6065 6385
3 435 13 6062
3 2477 2332 6727
3 1215 5859 5872
3 3350 2765 6371
3 3030 3028 6430
3 5457 1707 5864
3 4989 4239 6730
3 6387 4691 6395
3 3426 3248 5912
3 366 4261 6713
3 181 182 410
3 3507 5343 6268
3 3259 3255 6283
3 4892 4641 6131
3 5816 3361 5958
3 3383 1602 5757
3 981 984 5956
3 2832 3689 6641
3 5398 3275 6262
3 5557 3247 5841
3 6054 4251 6654
3 3918 3950 6443
3 2965 3548 6675
3 3719 3492 6226
3 5550 3498 6662
3 1426 4762 6395
3 493 5726 6085
3 3937 5199 6498
3 5389 4525 6421
3 4490 4492 5910
3 701 695 5952
3 3110 5171 5978
3 4217 6353 6744
3 216 217 5951
3 5878 1291 5889
3 4700 4696 6255
3 3868 3358 5949
3 1388 2605 5938
3 2833 2834 5923
3 2300 2301 6122
3 3253 3260 6283
3 5452 2510 5924
3 1982 1980 5964
3 1603 1606 5757
3 2767 2627 6256
3 3792 3794 5920
3 4374 4375 6032
3 4757 6312 6500
3 5775 3555 6280
3 5839 4923 5907
3 4781 405 6034
3 3781 5284 6712
3 5396 3369 6202
3 1622 5111 5935
3 5960 2833 6170
3 5512 2654 5868
3 3501 4807 6242
3 3750 5706 6629
3 3366 3368 6209
3 5505 3830 5987
3 867 4444 6278
3 4885 3610 6058
3 5746 502 6521
3 5380 3528 5922
3 794 5225 6377
3 4844 3569 6067
3 1602 1603 5757
3 3966 3639 6216
3 488 168 5869
3 5757 2342 6066
3 2234 5846 5953
3 1282 1280 5937
3 3539 5721 6335
3 3762 4897 6477
3 3718 3589 6602
3 364 90 6588
3 4525 4523 6421
3 2309 5241 5931
3 4317 866 6571
3 617 619 5919
3 113 422 5965
3 5333 5107 6475
3 2347 1436 6688
3 4838 4135 6631
3 1816 1818 6446
3 4922 5493 5907
3 6187 5193 6245
3 768 929 5980
3 5868 2654 6078
3 1981 1983 5925
3 5743 3457 5768
3 111 495 5888
3 1707 5861 5864
3 4778 427 6577
3 3261 3257 6439
3 6440 4228 6740
3 5588 2794 5897
3 5895 617 5919
3 3845 3304 5983
3 4236 492 6521
3 5286 1645 6722
3 1614 5503 6331
3 2957 2695 5890
3 5576 3799 6658
3 3517 3518 6206
3 2551 4233 6310
3 4102 5449 6197
3 2669 2690 5984
3 2924 3493 5976
3 5332 3654 5905
3 5645 5939 6582
3 4200 3847 6088
3 5402 4887 5896
3 3646 5528 6595
3 5121 6140 6345
3 6223 3919 6284
3 5799 1221 6075
3 5541 4148 6637
3 1957 1956 6481
3 3436 4883 6031
3 4267 4268 6278
3 4850 4849 6305
3 4245 2796 6279
3 5877 457 6241
3 6485 361 6743
3 2349 4707 6751
3 5131 2401 6109
3 5562 5563 5876
3 3603 3607 5957
3 2230 2231 6050
3 3245 5806 6133
3 2760 2571 5927
3 3375 5452 5924
3 3665 6527 6625
3 5711 4961 6742
3 4638 4636 6243
3 1890 3579 6599
3 2671 5921 6257
3 3788 4675 6320
3 4480 4481 6251
3 3607 3609 5963
3 4282 2764 6061
3 5577 3841 6046
3 473 5192 6373
3 3751 4999 6553
3 6094 2920 6199
3 3916 3715 6614
3 3655 4061 5960
3 3541 3371 5961
3 5000 385 6721
3 4744 4745 6021
3 651 5081 6738
3 6037 3428 6102
3 5867 958 6172
3 1512 1518 6229
3 1823 1787 6528
3 4942 3523 6391
3 2552 5584 6088
3 5343 3317 6344
3 5685 2095 5876
3 5957 4415 6295
3 1990 1959 5970
3 1924 2021 5955
3 3828 3565 6252
3 5133 980 6270
3 3431 5836 5985
3 1873 1847 6010
3 5853 3836 5997
3 2587 3781 6712
3 3773 5530 6214
3 6011 4177 6714
3 3476 5663 6034
3 2661 2234 5953
3 2910 3576 6448
3 4501 4504 5969
3 3794 3883 5971
3 3826 5802 6561
3 3357 4138 6679
3 5571 394 5996
3 5100 5987 6231
3 500 5 5541
3 3635 5339 6486
3 5978 5171 6118
3 4925 424 6015
3 1427 5943 6221
3 4195 367 6147
3 5891 2850 6043
3 3802 5976 6299
3 550 5758 6111
3 4168 5856 6531
3 5817 1702 5818
3 3480 3482 5972
3 5032 5030 6186
3 3128 3683 6669
3 5700 1017 6099
3 1804 1837 6512
3 3987 3679 6438
3 3885 3888 5981
3 5510 2560 5918
3 379 110 5888
3 4758 6023 6312
3 3573 3850 6360
3 357 1 6645
3 1 2 6645
3 2784 2825 5998
3 4094 4098 5947
3 3085 5606 5974
3 2955 3820 6385
3 1645 1647 6722
3 221 222 6016
3 2695 5654 5890
3 66 498 5632
3 2095 5562 5876
3 2794 2641 6593
3 1856 1934 5934
3 4143 486 6376
3 2291 2818 6468
3 321 322 6027
3 438 51 5863
3 4201 3721 6047
3 4041 5380 5922
3 5734 3364 6086
3 4050 6004 6156
3 419 5329 6192
3 5427 953 6303
3 3024 4414 6517
3 3528 2756 6411
3 587 585 5991
3 5848 1873 5866
3 5575 2267 6689
3 570 572 6001
3 5835 5222 5954
3 94 381 3798
3 5255 361 6485
3 3687 3214 5973
3 4031 5277 6030
3 932 930 6013
3 4278 4277 6505
3 2742 2416 6516
3 2223 4590 6643
3 6296 3419 6384
3 4521 4518 6006
3 3447 3305 5958
3 3414 2896 6014
3 282 283 6020
3 698 6115 6253
3 3534 3533 6180
3 5366 3539 6335
3 6007 643 6071
3 3447 5142 6496
3 4389 5506 6405
3 3513 4102 6197
3 1886 2000 6525
3 5847 5228 5994
3 4494 4496 5988
3 370 253 6055
3 396 4362 6095
3 5122 410 5941
3 3449 6046 6110
3 414 20 6263
3 5423 5338 6598
3 3426 5912 6018
3 3685 5728 6558
3 5920 3794 5971
3 1032 5770 5858
3 4209 1988 6646
3 5228 1624 5994
3 2798 4667 6053
3 480 22 5811
3 576 5804 6119
3 5661 2312 6024
3 4855 425 6091
3 5957 3607 5963
3 6076 5517 6426
3 3248 5817 5912
3 2846 3447 6496
3 5779 6021 6497
3 1832 1814 6609
3 5806 4545 6133
3 6093 3378 6205
3 2967 2968 6081
3 2246 1270 5977
3 698 6056 6115
3 3538 3032 6019
3 2360 4280 6729
3 4636 4637 6071
3 5905 3654 6059
3 6164 1002 6556
3 4644 4638 6359
3 3764 3476 6034
3 102 103 6040
3 438 5863 6327
3 3733 3354 6015
3 6012 3454 6120
3 5165 1545 6033
3 4363 4274 6334
3 2914 6123 6146
3 5642 3570 6048
3 994 6472 6543
3 1838 1800 6465
3 3305 5816 5958
3 4458 3806 6692
3 4183 3230 6161
3 5496 5101 5982
3 13 14 6062
3 4549 6454 6575
3 5563 1272 5959
3 4153 5844 6087
3 3287 5588 5897
3 3869 2905 6563
3 5935 5111 6022
3 5676 4188 6150
3 6382 4168 6531
3 5435 5970 6220
3 3836 5252 5997
3 5949 2576 6493
3 6171 3490 6232
3 5111 5104 6022
3 5987 3830 6231
3 5318 3378 6093
3 5584 4200 6088
3 5131 6109 6185
3 4096 4094 5947
3 5257 419 6192
3 1134 1136 6114
3 4677 5076 6240
3 5237 674 5990
3 2108 910 6063
3 5661 6024 6195
3 259 260 6045
3 178 367 6381
3 4184 6511 6607
3 3387 4293 6745
3 3741 3426 6018
3 5045 5916 6330
3 6050 2349 6751
3 2577 2271 5999
3 3694 6022 6070
3 5884 5165 6033
3 5326 1896 5987
3 6065 4349 6478
3 3611 3779 6042
3 422 5549 5965
3 3615 3072 6196
3 3637 2955 6036
3 6682 5675 6711
3 5827 5133 6202
3 3824 201 6562
3 5955 4578 6695
3 4247 1932 6488
3 4185 3766 6447
3 3299 4859 6749
3 4281 3543 6664
3 5586 3838 6469
3 2133 1751 6717
3 5289 5251 6003
3 2995 3751 6553
3 5091 6296 6384
3 5823 5196 6471
3 2477 4183 6563
3 4987 3560 6253
3 3747 4625 6292
3 3786 3785 6354
3 5953 5096 6084
3 4445 4431 6272
3 5466 3286 6051
3 4666 3490 6171
3 4210 6370 6680
3 3306 5727 6002
3 5907 5493 6554
3 5614 3431 5985
3 3592 3582 6028
3 3887 4111 6710
3 2346 2847 6057
3 175 439 5680
3 2427 6125 6173
3 6058 652 6194
3 4595 5799 6075
3 1932 4209 6488
3 4738 5984 6649
3 6047 3721 6168
3 3898 2996 6574
3 2721 5576 6371
3 6468 2818 6533
3 2818 3730 6533
3 6362 3897 6394
3 5861 4522 5864
3 3567 3663 6041
3 394 5648 5996
3 2914 2392 6123
3 68 440 6135
3 5863 487 6184
3 3693 3694 6070
3 6114 3668 6242
3 5506 3552 6405
3 4451 5737 5911
3 5977 3633 6094
3 3441 3405 6023
3 5801 5299 6169
3 4533 5423 6598
3 3800 2892 6644
3 4425 4424 6236
3 2000 1902 6695
3 2759 5673 6460
3 5076 5203 6240
3 4190 5862 6406
3 5759 3811 6204
3 461 213 6103
3 5934 2116 6041
3 5866 1873 6010
3 6295 1972 6399
3 5913 530 6064
3 2772 5311 6205
3 3369 5827 6202
3 5758 643 6007
3 5726 5433 6085
3 3323 5507 6008
3 5915 3118 6077
3 393 65 5632
3 5024 465 6086
3 2493 5516 6076
3 3321 5193 6187
3 4900 3450 6090
3 1393 504 6690
3 5606 4834 5974
3 52 487 5863
3 4697 4698 6719
3 3414 6014 6060
3 27 28 6127
3 5698 5574 6037
3 3449 5577 6046
3 3876 2914 6146
3 5843 2347 6688
3 3728 2166 6098
3 21 480 6263
3 5758 4893 6111
3 3632 2978 6552
3 446 4012 6190
3 5781 3824 6562
3 376 5191 6466
3 2317 2877 6151
3 495 112 5965
3 5070 4530 6063
3 6208 3546 6338
3 4196 3572 6184
3 3991 3385 6066
3 3430 6356 6646
3 2901 2899 6165
3 5926 2739 6714
3 4337 4220 6508
3 5477 651 6738
3 669 665 6056
3 4641 4642 6131
3 4192 5805 6529
3 5051 3437 6386
3 3621 5941 6604
3 3486 5131 6185
3 3365 5886 6164
3 1731 5446 6530
3 2850 2851 6043
3 191 192 5992
3 3328 5451 6555
3 5030 3321 6186
3 5994 1624 6112
3 5899 371 6432
3 6338 5741 6591
3 530 532 6064
3 3749 438 6327
3 4135 4181 6631
3 5502 3437 6748
3 3804 3588 6052
3 2242 2759 6460
3 2532 5464 6396
3 2427 2424 6125
3 295 467 6097
3 3012 2822 6175
3 4637 6007 6071
3 5818 5176 6067
3 5804 4376 6119
3 3894 6062 6569
3 2077 5559 6597
3 5927 3637 6036
3 3921 4300 6754
3 5583 2232 6315
3 400 84 6025
3 3582 2945 6073
3 6027 322 6379
3 4039 4040 6144
3 6268 5343 6344
3 5058 4229 6269
3 3665 3878 6527
3 3267 3262 6082
3 4348 236 6592
3 877 4311 6676
3 988 990 6106
3 5715 3522 5950
3 5445 3414 6060
3 3072 5028 6196
3 5059 5262 6318
3 4954 4952 6109
3 3314 5730 6004
3 4916 3615 6559
3 3777 3442 6182
3 2841 5698 6037
3 2602 5928 6605
3 4061 5600 6009
3 4764 1427 6221
3 5381 3270 6168
3 3428 2443 6102
3 6486 5339 6612
3 3862 3864 6069
3 3633 2620 6094
3 3055 5691 6394
3 2390 3449 6110
3 2312 5457 6024
3 1673 1664 6068
3 3486 6185 6246
3 5145 3127 6136
3 3851 6152 6575
3 5594 1766 6525
3 561 559 6113
3 4577 4572 6538
3 5619 2493 6076
3 942 934 6096
3 1624 5206 6112
3 4163 3672 6566
3 3522 5653 5950
3 5851 60 6311
3 3596 2998 6074
3 3666 6132 6360
3 5310 376 6583
3 375 4682 6276
3 3576 5815 6448
3 5721 3145 6335
3 371 4544 6432
3 2344 4671 6652
3 4580 2926 6505
3 5457 5864 6024
3 3454 3455 6120
3 3654 3655 6059
3 3306 6002 6741
3 4174 5571 5996
3 3149 4205 6665
3 5804 652 6058
3 5708 3215 6116
3 2836 6252 6324
3 3927 5642 6048
3 4242 5866 6010
3 3648 3443 6183
3 3743 4364 6594
3 4885 6058 6194
3 5658 4263 6357
3 3942 3943 6083
3 3690 3486 6246
3 5096 3429 6084
3 5840 2759 6661
3 4613 6042 6685
3 3529 3530 6089
3 5537 4267 6212
3 5300 5619 6076
3 456 4451 6178
3 3756 4190 6406
3 5651 6365 6661
3 4945 4944 6115
3 5253 498 6135
3 5986 4808 6326
3 2744 3070 6107
3 4816 3292 6605
3 4513 6118 6548
3 1219 1273 6075
3 4235 2551 6663
3 67 68 6135
3 6020 471 6358
3 5533 2918 6234
3 6200 3154 6323
3 2423 5100 6231
3 3550 5893 6351
3 5697 3534 6180
3 1409 4317 6620
3 5651 2139 6365
3 6028 3582 6073
3 3082 5052 6410
3 2698 2939 5942
3 2546 3671 6124
3 1601 1599 6079
3 994 5059 6472
3 877 6676 6694
3 1722 5763 6157
3 5351 5801 6169
3 5864 4524 6024
3 3533 5641 6180
3 4850 6305 6409
3 5574 3428 6037
3 6136 3127 6207
3 726 4736 6702
3 805 803 6140
3 5324 5212 6099
3 1747 5466 6051
3 4243 3982 6549
3 5451 4304 6555
3 767 765 6198
3 5940 2857 6132
3 5414 2986 6054
3 5600 2552 6009
3 380 298 6134
3 5673 4031 6030
3 6180 5641 6522
3 4531 6187 6245
3 2429 2427 6173
3 6193 3626 6628
3 3554 4230 6280
3 772 776 6105
3 4069 4068 6302
3 4408 3827 6401
3 942 6096 6126
3 468 267 6138
3 4763 1627 6233
3 5893 369 6351
3 4456 4457 6215
3 2243 2602 6605
3 944 942 6126
3 4395 4065 6210
3 3950 6279 6443
3 4191 4192 6529
3 3809 4009 6557
3 548 550 6111
3 1540 2567 6174
3 2654 5537 6078
3 4854 6338 6591
3 2987 5403 6636
3 3672 6396 6566
3 6024 4524 6195
3 4155 3909 6718
3 6109 4952 6185
3 237 421 6592
3 574 576 6119
3 486 5747 6449
3 3492 5918 6226
3 3754 6449 6462
3 4489 6162 6237
3 3788 6320 6346
3 3446 4348 6141
3 4911 4912 6122
3 4489 4487 6162
3 5114 3367 6092
3 6360 3850 6510
3 2828 2714 6152
3 3311 5676 6150
3 3671 6043 6124
3 4901 3914 6274
3 3878 6219 6527
3 2908 3627 6696
3 3451 3474 6160
3 3467 3468 6101
3 3385 3383 6066
3 4849 6172 6305
3 4531 4796 6187
3 3657 2906 6142
3 3443 4947 6183
3 3082 6410 6463
3 1540 6174 6225
3 4764 6221 6450
3 5202 3660 6534
3 4430 4432 6218
3 4434 4435 6203
3 5916 3400 6330
3 5226 3154 6200
3 4239 3023 6515
3 4733 3810 6157
3 1544 4408 6401
3 3383 5757 6066
3 3914 3913 6415
3 4897 5597 6369
3 4625 3763 6179
3 709 5823 5989
3 5011 3903 6696
3 3560 3737 6389
3 5730 2845 6004
3 6004 2845 6156
3 3195 3710 6100
3 1673 6068 6121
3 6316 5563 6723
3 4638 6243 6359
3 6388 5823 6471
3 3118 5570 6077
3 6016 472 6366
3 5339 3744 6612
3 376 187 6583
3 3696 2938 5808
3 5320 4050 6156
3 3613 6166 6353
3 5925 1983 6244
3 3734 3749 6441
3 4265 2193 6219
3 2160 1673 6121
3 3129 6269 6440
3 4341 4342 6715
3 2983 5414 6654
3 3091 4821 6285
3 6303 3474 6347
3 643 5527 6071
3 710 5086 6238
3 6642 2021 6707
3 3 4 6264
3 2303 2698 5942
3 5170 3699 6159
3 3543 4281 6665
3 6415 3913 6579
3 5863 6184 6327
3 6034 405 6447
3 6450 4035 6659
3 96 499 5771
3 3721 4072 6168
3 4126 4127 6615
3 4734 3419 6296
3 4051 5320 6198
3 3338 6202 6270
3 5283 5898 6499
3 4952 4950 6185
3 1447 1449 6143
3 97 98 6148
3 2756 3817 6145
3 5171 2685 6118
3 1539 1540 6225
3 4335 1418 6306
3 2880 2879 6166
3 3779 3612 6400
3 422 5220 6129
3 6527 4661 6625
3 4232 6169 6426
3 951 950 6172
3 3728 6142 6208
3 4443 6078 6212
3 188 189 485
3 6481 4989 6730
3 4703 4701 6364
3 3760 3650 6514
3 4743 4742 6509
3 6098 2166 6463
3 5432 445 6108
3 4913 3748 6201
3 6099 5212 6227
3 5790 3889 6653
3 2739 6011 6714
3 3574 4003 6239
3 4807 3968 6747
3 403 4447 6442
3 3562 3245 6133
3 571 569 6177
3 1627 5012 6189
3 4084 1659 6193
3 3727 5209 6750
3 4327 4326 6355
3 4291 3683 6740
3 3831 6002 6626
3 4664 1544 6401
3 3965 3964 6607
3 1974 1976 6158
3 3992 3991 6581
3 5314 4033 6568
3 5119 3931 6181
3 1545 1512 6229
3 1949 1951 6154
3 4653 4654 6678
3 3795 3786 6372
3 4920 4921 6345
3 3127 5127 6207
3 4315 4047 6257
3 5565 3327 6035
3 2857 5180 6132
3 4701 4700 6249
3 4148 4149 6637
3 5667 2303 5942
3 3378 3657 6205
3 3612 4885 6194
3 6253 3560 6389
3 6101 4468 6660
3 4975 3158 6737
3 5260 5259 6412
3 2715 5485 6367
3 3494 3869 6163
3 1409 6620 6709
3 2515 4829 6746
3 3091 6285 6317
3 2968 5825 6081
3 2943 2942 6179
3 4704 5856 6308
3 6297 1117 6307
3 4742 4741 6509
3 3338 5396 6202
3 457 4533 6241
3 5856 4168 6308
3 5007 5009 6191
3 2257 5534 6725
3 4707 5879 6751
3 2817 2152 6328
3 6676 4311 6709
3 6389 3737 6471
3 5923 3598 6170
3 2994 4271 6671
3 1538 4531 6245
3 5918 5447 6226
3 2061 5841 6550
3 4696 4697 6290
3 4849 5867 6172
3 3852 3853 6222
3 940 956 6271
3 4524 4525 6195
3 5951 464 6648
3 6139 5055 6635
3 5613 6643 6707
3 4464 1065 6579
3 4671 3767 6491
3 5763 4733 6157
3 862 863 6337
3 3896 3897 6362
3 3490 1347 6232
3 772 6105 6211
3 439 176 5932
3 4132 5851 6311
3 6083 3943 6235
3 4965 3047 6692
3 4806 1430 6344
3 6185 4950 6246
3 5947 4098 6061
3 5938 2605 6117
3 6059 3655 6170
3 3679 6081 6438
3 3729 3728 6208
3 3759 6303 6347
3 270 271 6224
3 5262 3732 6318
3 5898 448 6499
3 4736 4560 6596
3 4773 4772 6267
3 4627 4628 6291
3 189 190 5939
3 4491 4489 6237
3 2865 5565 6035
3 4738 3424 6352
3 6092 3932 6535
3 2918 5548 6433
3 6309 3716 6486
3 3849 3816 6726
3 369 4857 6351
3 5529 6425 6580
3 3574 6239 6485
3 3830 3829 6231
3 5528 387 6595
3 6062 14 6569
3 5355 3365 6164
3 5998 2825 6469
3 718 6293 6736
3 269 398 6228
3 5232 5899 6432
3 6266 5327 6319
3 2366 6163 6328
3 3923 4579 6616
3 5005 710 6238
3 1297 4691 6387
3 2845 5355 6156
3 4597 877 6694
3 1627 6189 6233
3 5942 3698 6365
3 3663 5934 6041
3 2351 5762 6087
3 2099 5327 6266
3 3370 3475 6153
3 4950 1093 6246
3 5798 3825 6228
3 4134 4133 6699
3 858 859 6294
3 5921 4315 6257
3 2232 5995 6315
3 6074 4417 6442
3 3754 3752 6449
3 410 182 5786
3 2601 5575 6382
3 4198 3754 6462
3 5299 5300 6169
3 6330 2923 6670
3 3557 6288 6314
3 3470 5214 6627
3 2211 4617 6684
3 625 5125 6693
3 2414 5945 6697
3 6375 4164 6720
3 6276 4682 6708
3 4686 1115 6735
3 2504 4084 6750
3 6150 452 6752
3 4352 6682 6711
3 3557 3559 6288
3 4808 363 6326
3 770 772 6211
3 1271 5011 6413
3 4539 4653 6580
3 5254 4411 6743
3 3821 2772 6217
3 2713 5173 6259
3 4263 3647 6357
3 5631 3299 6749
3 5218 2511 6547
3 2193 4661 6527
3 658 662 6250
3 4498 6300 6590
3 5188 994 6543
3 6212 4267 6278
3 5962 2532 6396
3 571 6177 6309
3 1117 1118 6307
3 98 441 6148
3 4316 4448 6336
3 381 95 5771
3 20 21 6263
3 3173 3557 6314
3 4784 4480 6251
3 473 185 6466
3 4498 4493 6340
3 5644 732 6155
3 2996 3016 6368
3 3775 3616 6436
3 3814 5163 6266
3 6023 3405 6312
3 2511 5271 6501
3 4691 1426 6395
3 426 4352 6711
3 14 15 6569
3 538 540 6495
3 6120 3455 6331
3 5338 4090 6598
3 190 191 397
3 865 864 6260
3 1290 6201 6307
3 4115 4118 6333
3 5271 5282 6501
3 5025 5024 6733
3 1194 1144 6223
3 4127 6129 6615
3 4109 5992 5993
3 3909 3680 6624
3 3764 6034 6447
3 5335 698 6253
3 468 6138 6587
3 3567 6041 6324
3 4456 6215 6427
3 4854 3729 6338
3 3675 3311 6150
3 2815 4827 6715
3 5825 5063 6081
3 6260 864 6348
3 4300 3135 6666
3 367 4983 6147
3 1769 1771 6282
3 4176 5902 6339
3 1779 1783 6213
3 6108 445 6631
3 2986 6003 6054
3 2511 6501 6547
3 3748 6297 6307
3 3437 3994 6386
3 3380 5823 6388
3 2794 4769 6619
3 3718 4428 6668
3 450 3956 6467
3 4836 3724 6304
3 3771 3366 6209
3 5059 6318 6472
3 854 6392 6478
3 5212 2525 6227
3 3703 6094 6199
3 3748 3499 6297
3 3785 3788 6346
3 663 6450 6659
3 4053 3777 6520
3 3704 3703 6199
3 3199 3782 6258
3 6472 3789 6543
3 3616 3783 6436
3 3943 3945 6235
3 4657 4116 6651
3 4 500 6264
3 4167 4168 6382
3 3812 3814 6319
3 5193 3851 6245
3 3597 5533 6234
3 4907 2575 6299
3 4538 4539 6572
3 485 5310 6583
3 429 6180 6522
3 6041 6090 6324
3 383 5340 6455
3 5554 3701 6398
3 3344 5708 6116
3 6356 4209 6646
3 3397 5340 6441
3 3971 3970 6554
3 4908 370 6623
3 3766 3764 6447
3 2249 4600 6480
3 2266 5020 6248
3 4293 2323 6686
3 3819 3686 6265
3 3674 3338 6270
3 2618 2843 6273
3 6304 3724 6361
3 1139 1271 6342
3 6203 3261 6439
3 5091 3547 6296
3 428 5954 6375
3 313 314 6329
3 3041 3495 6457
3 4169 3121 6448
3 5203 484 6240
3 3628 4844 6284
3 3814 6266 6319
3 4215 2290 6606
3 5482 3201 6662
3 2892 3091 6317
3 5811 3849 6726
3 5743 4147 6532
3 5911 2715 6367
3 4371 4373 6433
3 2439 6578 6608
3 953 6160 6303
3 3129 5999 6269
3 3759 5427 6303
3 1722 6157 6557
3 5841 4122 6550
3 1267 5860 6672
3 3760 6514 6600
3 2149 2167 6289
3 5976 3493 6299
3 504 393 6690
3 1983 1995 6244
3 3668 3501 6242
3 3999 4001 6247
3 4124 4120 6407
3 6254 3542 6390
3 4967 1117 6297
3 6315 3911 6586
3 3518 3521 6206
3 3639 3638 6216
3 6227 2525 6350
3 4528 3475 6682
3 5530 3577 6214
3 177 178 6381
3 418 5686 6236
3 3649 4778 6577
3 2290 4184 6607
3 2606 5515 6483
3 4221 3507 6268
3 467 5029 6614
3 4967 6297 6341
3 6008 2531 6216
3 2796 2795 6434
3 184 473 6373
3 186 376 6466
3 854 855 6392
3 3911 3912 6586
3 3430 5536 6356
3 3275 5661 6195
3 652 5532 6194
3 2248 2249 6523
3 2533 6249 6255
3 4942 4881 6753
3 60 61 6311
3 6326 363 6704
3 451 4356 6658
3 5869 418 6236
3 6056 4945 6115
3 1744 1746 6322
3 3812 6319 6402
3 2878 6404 6419
3 3023 3221 6540
3 1749 4784 6717
3 5954 5222 6375
3 429 5697 6180
3 5439 884 6452
3 2534 2277 6277
3 3944 5257 6192
3 6289 2167 6363
3 4776 794 6377
3 2276 5374 6332
3 398 5798 6228
3 2627 2629 6256
3 4036 4035 6450
3 866 6417 6571
3 5963 3609 6072
3 5447 2839 6226
3 4111 3884 6428
3 405 4185 6447
3 3565 3567 6252
3 4364 3896 6397
3 3902 5366 6335
3 5517 4232 6426
3 632 4941 6321
3 4825 391 6353
3 6319 3035 6402
3 3832 3831 6626
3 4161 4798 6542
3 322 323 6379
3 6172 950 6305
3 3799 3670 6403
3 4560 4559 6482
3 3599 3601 6295
3 5259 3745 6412
3 6297 3499 6341
3 3255 3253 6283
3 2878 4813 6404
3 3770 3961 6648
3 6342 1271 6413
3 3556 3759 6347
3 3499 5202 6341
3 3154 5177 6323
3 3034 3538 6298
3 3672 5962 6396
3 2437 2439 6608
3 3678 3720 6573
3 573 571 6309
3 3246 4456 6427
3 3308 3399 6634
3 3193 5583 6315
3 4897 6369 6477
3 1098 6423 6435
3 3784 6036 6385
3 4349 854 6478
3 3724 4946 6361
3 3611 6042 6053
3 454 4426 6573
3 1198 1200 6444
3 6179 2942 6292
3 218 219 6349
3 3680 4337 6476
3 3400 5139 6330
3 4559 4561 6484
3 6161 3869 6563
3 2439 2815 6578
3 6129 5220 6615
3 3722 6159 6473
3 5112 5047 6560
3 6430 3163 6451
3 3455 5260 6331
3 3844 383 6455
3 4411 3877 6743
3 542 642 6300
3 3474 4936 6347
3 6219 2193 6527
3 3569 5818 6067
3 1529 1531 6454
3 183 184 6373
3 4805 4804 6429
3 663 4764 6450
3 6009 2552 6088
3 3579 3812 6402
3 3660 4138 6534
3 5786 183 6373
3 3865 3866 6559
3 461 4882 6458
3 3877 3574 6485
3 3143 3739 6374
3 4123 5622 6647
3 2078 538 6495
3 4756 4757 6756
3 5774 462 6182
3 3071 5121 6345
3 5448 6625 6700
3 1147 1150 6613
3 6184 487 6653
3 5746 280 6461
3 3868 5949 6493
3 3571 4966 6358
3 3579 6374 6599
3 5570 3542 6254
3 236 237 6592
3 1542 4787 6507
3 3683 6321 6669
3 1257 4540 6551
3 1969 1922 6656
3 3975 5435 6220
3 6249 4700 6255
3 5713 4840 6600
3 4390 3735 6487
3 6029 3800 6644
3 4776 6377 6539
3 1098 4766 6423
3 2726 3666 6360
3 3631 4978 6522
3 411 4302 6334
3 5001 4019 6639
3 510 508 6293
3 3372 2878 6419
3 5327 3035 6319
3 6518 6310 6622
3 3860 3858 6713
3 2167 2717 6363
3 5527 1736 6243
3 1099 1098 6435
3 3735 6149 6487
3 2819 2873 6728
3 4106 5843 6688
3 5335 6253 6389
3 4625 6179 6292
3 3786 6354 6372
3 6181 3931 6617
3 2533 5553 6249
3 490 5781 6301
3 5559 1832 6576
3 5529 2372 6425
3 4762 6298 6395
3 4670 3325 6581
3 5041 2483 6703
3 3650 5317 6514
3 4311 1409 6709
3 926 5398 6262
3 363 4705 6704
3 6243 1736 6359
3 3317 3308 6634
3 498 67 6135
3 4033 4032 6568
3 4278 5283 6499
3 3643 4971 6366
3 5572 2533 6255
3 3936 3556 6445
3 3548 3550 6351
3 6643 4575 6707
3 745 1055 6370
3 6423 4766 6451
3 3708 6519 6537
3 4703 6364 6489
3 6118 2685 6548
3 4599 4598 6601
3 4968 4967 6341
3 5008 5006 6380
3 4936 2294 6445
3 4766 4767 6451
3 950 4994 6305
3 2166 3082 6463
3 5448 3665 6625
3 6071 5527 6243
3 2942 5298 6292
3 6021 4745 6497
3 3599 6295 6399
3 2525 5295 6350
3 6042 2798 6053
3 6428 1832 6609
3 6365 3698 6661
3 2877 6017 6151
3 6312 5601 6500
3 4182 3723 6506
3 6182 462 6520
3 4682 4681 6708
3 5068 2120 6612
3 3791 6537 6597
3 1519 1521 6561
3 6234 4373 6393
3 3035 5321 6402
3 3715 5759 6204
3 6192 5329 6518
3 4741 4746 6509
3 6390 3695 6453
3 2849 3024 6408
3 1394 4291 6740
3 5728 427 6558
3 3409 5502 6748
3 3736 2751 6418
3 6666 3704 6754
3 3193 6315 6586
3 5932 177 6381
3 6576 3793 6597
3 5027 3193 6586
3 4941 3429 6669
3 5785 231 6456
3 6251 2133 6717
3 192 193 5993
3 4610 4609 6683
3 2369 4955 6464
3 2483 1643 6343
3 2843 5894 6733
3 1065 6415 6579
3 3708 3706 6519
3 5914 1545 6229
3 4829 3702 6746
3 3546 5741 6338
3 232 3487 6456
3 3692 6700 6735
3 6030 2602 6460
3 4411 5254 6731
3 6362 3272 6397
3 3523 2781 6391
3 6077 5570 6254
3 5077 3887 6710
3 3913 3915 6579
3 361 5254 6743
3 4079 4134 6681
3 5214 3691 6627
3 6500 2834 6756
3 4428 939 6668
3 3802 2576 6477
3 4921 5411 6737
3 3791 3708 6537
3 5063 413 6438
3 4978 429 6522
3 5849 1838 6261
3 5222 3591 6375
3 6069 3864 6732
3 5841 3247 6407
3 4573 4570 6642
3 3877 6485 6743
3 4500 4495 6590
3 1375 4776 6539
3 447 235 6459
3 2554 2275 6416
3 3563 5439 6452
3 3859 3860 6431
3 2765 2721 6371
3 5196 1703 6471
3 6041 2116 6090
3 3777 6182 6520
3 1065 5001 6415
3 6504 2773 6526
3 2431 5631 6749
3 4943 408 6325
3 6396 4822 6566
3 281 502 6461
3 5826 2344 6652
3 4300 6666 6754
3 5959 4207 6723
3 3729 6208 6338
3 2369 6464 6513
3 3882 3793 6576
3 2178 2773 6504
3 4041 4810 6659
3 4877 4330 6541
3 754 752 6470
3 1703 6389 6471
3 4880 2750 6753
3 5464 4822 6396
3 1115 4793 6735
3 326 327 6611
3 3673 4881 6546
3 4636 6071 6243
3 3793 3791 6597
3 159 160 6474
3 3827 3826 6422
3 3067 3068 6490
3 3730 2819 6728
3 4661 1423 6625
3 5630 4176 6339
3 5152 2369 6513
3 3576 3599 6399
3 3543 5739 6664
3 5900 3714 6572
3 4687 2211 6584
3 2773 5055 6526
3 6145 3508 6411
3 2175 2176 6493
3 2775 3498 6492
3 3502 2806 6475
3 3696 5808 5875
3 6242 4807 6747
3 436 5072 6473
3 5081 651 6716
3 3789 3626 6543
3 5274 3 6264
3 5323 4482 6585
3 3158 2762 6479
3 4689 3467 6660
3 1739 5376 6354
3 5856 4703 6489
3 6425 4539 6580
3 6258 3782 6721
3 5630 2360 6729
3 3915 3055 6394
3 3541 5961 6230
3 5485 3293 6367
3 4810 663 6659
3 3833 3832 6533
3 4237 5112 6560
3 3135 5293 6666
3 6305 4994 6409
3 1703 5335 6389
3 5209 2504 6750
3 5173 3789 6472
3 4573 6642 6707
3 4882 3357 6679
3 5376 869 6372
3 3655 5960 6170
3 3542 3695 6390
3 4575 4573 6707
3 6700 4686 6735
3 3917 3918 6443
3 3089 3727 6545
3 3200 3928 6544
3 3821 6217 6463
3 185 186 6466
3 3272 2646 6397
3 6354 5376 6372
3 3702 4158 6673
3 445 4838 6631
3 4946 3634 6547
3 187 188 6583
3 4966 4236 6521
3 5675 3976 6711
3 4171 4854 6591
3 3552 4019 6405
3 3028 3163 6430
3 5901 497 6677
3 5037 468 6587
3 479 5658 6357
3 6156 5355 6556
3 4994 4995 6409
3 5047 442 6560
3 4158 4160 6680
3 4523 4526 6421
3 6188 392 6403
3 255 428 6720
3 5273 5274 6264
3 1818 2257 6446
3 492 5746 6521
3 480 5811 6726
3 1002 5320 6556
3 4111 6446 6710
3 4966 6020 6358
3 3658 3770 6564
3 5320 6156 6556
3 3896 6362 6397
3 5928 4816 6605
3 401 5775 6280
3 6625 1423 6700
3 655 648 6503
3 6408 3024 6517
3 3405 5601 6312
3 3047 4458 6692
3 6584 2211 6684
3 1736 5492 6359
3 6117 3898 6574
3 5597 3169 6369
3 6364 2365 6489
3 4108 5645 6582
3 3257 3259 6439
3 3683 3129 6440
3 188 485 6583
3 657 655 6524
3 2726 6360 6510
3 4092 5091 6384
3 4444 6212 6278
3 5199 3757 6498
3 2946 3936 6546
3 400 6025 6313
3 3716 3635 6486
3 3657 6098 6217
3 240 241 6618
3 499 97 6148
3 6501 4946 6547
3 655 6503 6524
3 6347 4936 6445
3 3419 5789 6384
3 5044 5045 6670
3 5141 2726 6510
3 6098 3657 6142
3 5532 1731 6400
3 5553 2365 6364
3 3985 6050 6751
3 3641 3852 6480
3 3687 5973 6745
3 4778 3561 6558
3 3510 2994 6671
3 4822 1267 6566
3 3121 2910 6448
3 2789 2291 6468
3 3695 5611 6453
3 3806 4965 6692
3 5350 1890 6599
3 90 91 6588
3 3538 6019 6387
3 2628 2626 6589
3 462 5136 6520
3 1800 1802 6465
3 1055 6673 6680
3 1262 6242 6747
3 4271 4171 6671
3 3556 6347 6445
3 5667 5942 6365
3 1423 4686 6700
3 5166 386 6494
3 3662 5232 6432
3 5601 5923 6500
3 2750 4942 6753
3 5632 498 6355
3 4971 6016 6366
3 4881 4880 6753
3 5995 3911 6315
3 3982 5805 6706
3 3638 6008 6216
3 2876 2875 6638
3 5856 6489 6531
3 3086 3087 6628
3 3840 715 6657
3 1436 1405 6688
3 2847 2846 6496
3 5922 3528 6267
3 4752 6516 6674
3 4537 4541 6739
3 4269 3649 6577
3 4018 3551 6649
3 756 758 6640
3 4026 5914 6229
3 391 293 6744
3 5781 490 6287
3 421 6141 6592
3 5955 2021 6642
3 676 670 6610
3 4782 3874 6650
3 6081 5063 6438
3 3903 2908 6696
3 6318 5173 6472
3 5536 3632 6356
3 1802 1804 6512
3 3961 5951 6648
3 1787 1844 6528
3 4192 4193 6706
3 4170 4169 6697
3 6434 3917 6443
3 4354 3750 6629
3 3125 5831 6585
3 6194 5532 6400
3 2416 2418 6516
3 6591 3510 6671
3 6149 4461 6567
3 6281 2983 6654
3 3728 6098 6142
3 2021 5613 6707
3 5831 5323 6585
3 3820 5777 6306
3 6673 4158 6680
3 5054 5297 6635
3 3909 6624 6718
3 2905 2477 6563
3 989 995 6734
3 3834 3396 6755
3 6186 3321 6187
3 3974 3975 6540
3 4171 6591 6671
3 666 661 6655
3 499 6148 6149
3 3818 5901 6677
3 5297 3084 6635
3 1430 6268 6344
3 5983 3770 6648
3 2405 6398 6420
3 502 5746 6461
3 6021 3541 6230
3 2602 2242 6460
3 2825 5586 6469
3 2012 1957 6481
3 4793 3692 6735
3 6152 4549 6575
3 5999 5058 6269
3 6465 1802 6512
3 3976 3974 6687
3 6580 4653 6678
3 4757 6500 6756
3 6249 5553 6364
3 1766 1886 6525
3 5534 3249 6725
3 2405 5554 6398
3 5739 2247 6664
3 5691 3272 6362
3 3530 6482 6484
3 5883 905 6632
3 651 6001 6716
3 5455 1722 6557
3 3627 6413 6696
3 3832 6468 6533
3 6332 5202 6534
3 6514 2717 6600
3 5446 5644 6530
3 5283 4313 6724
3 5294 3356 6595
3 5781 3536 6301
3 3530 5456 6482
3 3097 5124 6699
3 6417 3705 6571
3 3589 3804 6602
3 2978 2983 6552
3 2831 2832 6641
3 3712 2995 6553
3 5984 2690 6649
3 3705 3664 6571
3 2966 2965 6675
3 1747 6051 6681
3 5548 2405 6420
3 1814 1816 6609
3 5815 4169 6448
3 4138 3661 6679
3 1737 6476 6508
3 4178 5926 6714
3 4194 5932 6381
3 6078 5537 6212
3 2641 2643 6593
3 399 5933 6621
3 5329 4097 6518
3 2267 2709 6689
3 5591 3711 6701
3 3692 5448 6700
3 1737 5461 6476
3 5706 3917 6434
3 3612 6194 6400
3 4796 6186 6187
3 864 861 6667
3 5192 5786 6373
3 6480 3852 6523
3 4097 6310 6518
3 2796 6434 6443
3 4072 3718 6668
3 3860 5898 6724
3 6044 4002 6261
3 4109 5993 6570
3 6169 5300 6426
3 3429 3128 6669
3 1055 5285 6673
3 4035 4041 6659
3 6397 2646 6594
3 2365 5546 6489
3 5515 5391 6483
3 5220 478 6615
3 5523 3328 6555
3 5403 3908 6636
3 5458 1737 6508
3 5462 488 6424
3 2646 5400 6594
3 5285 2515 6746
3 6369 3802 6477
3 481 5405 6502
3 3835 3306 6741
3 5641 3631 6522
3 6482 4559 6484
3 6506 3723 6633
3 2139 5667 6365
3 3457 5743 6532
3 4209 6356 6488
3 3412 2587 6712
3 6166 4825 6353
3 6038 4359 6352
3 2332 2333 6727
3 5546 2601 6531
3 4701 6249 6364
3 4097 4096 6663
3 6508 4220 6632
3 3711 3562 6701
3 6245 3851 6575
3 3723 5094 6633
3 3964 3966 6606
3 2685 5681 6548
3 2759 5651 6661
3 6483 5391 6550
3 3924 3687 6686
3 459 5832 6691
3 3487 5785 6456
3 4205 3543 6665
3 5391 2061 6550
3 5456 2987 6596
3 1902 1918 6695
3 3975 6220 6515
3 3292 2243 6605
3 1647 2308 6722
3 6476 4337 6508
3 2120 6486 6612
3 975 6100 6742
3 5777 3705 6417
3 3424 6038 6352
3 5933 4028 6621
3 5923 2834 6500
3 3984 5879 6383
3 5493 3971 6554
3 5086 6107 6238
3 5644 4613 6685
3 4660 1262 6747
3 3732 6259 6318
3 5300 6076 6426
3 2249 6480 6523
3 6673 5285 6746
3 1538 6245 6575
3 4364 6397 6594
3 3710 5711 6742
3 1751 1749 6717
3 5732 3675 6752
3 5747 412 6462
3 3864 4911 6732
3 3702 6673 6746
3 5673 6030 6460
3 2645 6580 6678
3 6624 881 6718
3 2372 5900 6425
3 2645 5529 6580
3 193 194 432
3 6274 3914 6639
3 448 5767 6499
3 6578 2815 6603
3 499 6149 6567
3 5461 881 6624
3 5254 474 6731
3 4177 4178 6714
3 3737 5909 6388
3 905 5458 6632
3 5879 3985 6751
3 5767 4278 6499
3 3931 5671 6617
3 5084 5621 6698
3 2834 5677 6756
3 2717 5713 6600
3 4560 6482 6596
3 6482 5456 6596
3 6160 3474 6303
3 6353 391 6744
3 6294 3775 6436
3 3495 5710 6457
3 1194 6223 6284
3 3945 6518 6622
3 3696 5875 6630
3 6476 5461 6624
3 6293 4324 6736
3 884 6320 6452
3 2402 5779 6497
3 397 191 5992
3 6494 386 6705
3 5941 410 6604
3 5613 2223 6643
3 5805 4192 6706
3 5622 2606 6647
3 5458 6508 6632
3 386 5341 6705
3 881 5484 6718
3 487 5790 6653
3 5522 2645 6678
3 6489 5546 6531
3 5741 3510 6591
3 6306 5777 6417
3 4324 5693 6736
3 474 5789 6731
3 6176 862 6337
3 3947 5826 6652
3 5879 4707 6383
3 6090 3450 6324
3 4207 6049 6723
3 3698 5840 6661
3 194 195 6286
3 3680 6476 6624
3 5862 496 6406
3 5282 6361 6501
3 5593 3430 6646
3 6000 3976 6687
3 485 189 5939
3 5822 459 6691
3 5024 6273 6733
3 5898 5283 6724
3 5677 4756 6756
3 3562 5881 6701
3 6222 3853 6316
3 4084 6545 6750
3 4090 6241 6598
3 4268 6176 6337
3 6036 2955 6385
3 3782 5734 6721
3 6163 3869 6328
3 6204 467 6614
3 3697 3696 6630
3 4335 6306 6417
3 6049 6316 6723
3 4178 5630 6729
3 6310 4097 6663
3 6201 3748 6307
3 6252 3567 6324
3 5945 4170 6697
3 195 196 490
3 5317 6363 6514
3 6184 3572 6327
3 6159 436 6473
3 190 397 5939
3 3475 5675 6682
3 2601 6382 6531
3 6340 2078 6495
3 6220 2012 6730
3 5897 2794 6619
3 5992 192 5993
3 3824 5781 6287
3 6279 2796 6443
3 3596 6074 6442
3 370 6214 6623
3 5045 6330 6670
3 3737 6388 6471
3 6259 5173 6318
3 428 6375 6720
3 6042 3779 6685
3 6431 3860 6724
3 2756 6145 6411
3 5680 439 6529
3 6001 4386 6716
3 6206 3521 6378
3 196 197 6287
3 3670 6188 6403
3 4196 6184 6653
3 4434 6203 6439
3 2 5274 6645
3 6002 2789 6626
3 2551 6310 6663
3 500 5541 6637
3 6089 3530 6484
3 6515 6220 6730
3 4084 6193 6628
3 3597 6234 6393
3 6100 3710 6742
3 6197 481 6502
3 6286 490 6301
3 6429 3317 6634
3 6479 4921 6737
3 3720 6092 6535
3 464 5983 6648
3 2996 6368 6574
3 3467 6101 6660
3 3974 6540 6687
3 2873 6568 6728
3 3700 6117 6574
3 6298 3538 6395
3 4183 6161 6563
3 3726 6029 6644
3 5771 499 6567
3 3752 6376 6449
3 5414 6054 6654
3 5563 5959 6723
3 4539 6425 6572
3 5355 6164 6556
3 6141 4348 6592
3 6540 3221 6687
3 858 6294 6436
3 3852 6222 6523
3 410 5786 6604
3 6376 486 6449
3 6420 4371 6433
3 3691 6526 6627
3 6320 4675 6452
3 6348 864 6667
3 4784 6251 6717
3 5548 6420 6433
3 6401 3827 6422
3 4664 6401 6422
3 3084 6139 6635
3 6356 3632 6488
3 4116 6528 6651
3 5993 432 6570
3 3715 6204 6614
3 6241 4533 6598
3 2892 6317 6644
3 4498 6340 6495
3 4612 6348 6667
3 6214 3577 6623
3 6361 4946 6501
3 6144 4040 6674
3 6235 3945 6622
3 2276 6332 6534
3 6363 2717 6514
3 197 198 3824
3 6310 4233 6622
3 3779 6530 6685
3 6565 366 6713
3 4251 6281 6654
3 6300 642 6590
3 6513 3658 6564
3 2789 6468 6626
3 3675 6150 6752
3 4342 6603 6715
3 4111 6428 6609
3 6425 5900 6572
3 6374 3739 6599
3 3720 6535 6573
3 6321 4941 6669
3 6370 1055 6680
3 3704 6199 6754
3 5939 397 6582
3 3858 6565 6713
3 193 432 5993
3 6603 2815 6715
3 5152 6513 6564
3 6273 2843 6733
3 6415 5001 6639
3 3914 6415 6639
3 6549 3982 6706
3 6535 454 6573
3 4805 6429 6634
3 2483 6343 6703
3 4736 6636 6702
3 4193 6549 6706
3 6468 3832 6626
3 6526 5055 6627
3 4239 6515 6730
3 6528 1844 6651
3 6413 5011 6696
3 6446 2257 6710
3 2012 6481 6730
3 3683 6440 6740
3 6530 5644 6685
3 4313 6431 6724
3 3158 6479 6737
3 197 3824 6287
3 6636 3908 6702
3 6545 3727 6750
3 6568 4032 6728
3 432 194 6286
3 195 490 6286
3 490 196 6287
3 357 0 1
3 198 201 3824

CELL_TYPES 13713
1
1
1
1
1
1
1
1
1
1
1
1
1
1
1
1
1
1
1
1
1
1
1
1
1
1
1
1
1
1
1
1
1
1
1
1
1
1
1
1
1
1
1
1
1
1
1
1
1
1
1
1
1
1
1
1
1
1
1
1
1
1
1
1
1
1
1
1
1
1
1
1
1
1
1
1
1
1
1
1
1
1
1
1
1
1
1
1
1
1
1
1
1
1
1
1
1
1
1
1
1
1
1
1
1
1
1
1
1
1
1
1
1
1
1
1
1
1
1
1
1
1
1
1
1
1
1
1
1
1
1
1
1
1
1
1
1
1
1
1
1
1
1
1
1
1
1
1
1
1
1
1
1
1
1
1
1
1
1
1
1
1
1
1
1
1
1
1
1
1
1
1
1
1
1
1
1
1
1
1
1
1
1
1
1
1
1
1
1
1
1
1
1
1
1
1
1
1
1
1
1
3
3
3
3
3
3
3
3
3
3
3
3
3
3
3
3
3
3
3
3
3
3
3
3
3
3
3
3
3
3
3
3
3
3
3
3
3
3
3
3
3
3
3
3
3
3
3
3
3
3
3
3
3
3
3
3
3
3
3
3
3
3
3
3
3
3
3
3
3
3
3
3
3
3
3
3
3
3
3
3
3
3
3
3
3
3
3
3
3
3
3
3
3
3
3
3
3
3
3
3
3
3
3
3
3
3
3
3
3
3
3
3
3
3
3
3
3
3
3
3
3
3
3
3
3
3
3
3
3
3
3
3
3
3
3
3
3
3
3
3
3
3
3
3
3
3
3
3
3
3
3
3
3
3
3
3
3
3
3
3
3
3
3
3
3
3
3
3
3
3
3
3
3
3
3
3
3
3
3
3
3
3
3
3
3
3
3
3
3
3
3
3
3
3
3
3
3
3
3
3
3
3
3
3
3
3
3
3
3
3
3
3
3
3
3
3
3
3
3
3
3
3
3
3
3
3
3
3
3
3
3
3
3
3
3
3
3
3
3
3
3
3
3
3
3
3
3
3
3
3
3
3
3
3
3
3
3
3
3
3
3
3
3
3
3
3
3
3
3
3
3
3
3
3
3
3
3
3
3
3
3
3
3
3
3
3
3
3
3
3
3
3
3
3
3
3
3
3
3
3
3
3
3
3
3
3
3
3
3
3
3
3
3
3
3
3
3
3
3
3
3
3
3
3
3
3
3
3
3
3
3
3
3
3
3
3
3
3
3
3
3
3
3
3
3
3
3
3
3
3
3
3
3
3
3
3
3
3
5
5
5
5
5
5
5
5
5
5
5
5
5
5
5
5
5
5
5
5
5
5
5
5
5
5
5
5
5
5
5
5
5
5
5
5
5
5
5
5
5
5
5
5
5
5
5
5
5
5
5
5
5
5
5
5
5
5
5
5
5
5
5
5
5
5
5
5
5
5
5
5
5
5
5
5
5
5
5
5
5
5
5
5
5
5
5
5
5
5
5
5
5
5
5
5
5
5
5
5
5
5
5
5
5
5
5
5
5
5
5
5
5
5
5
5
5
5
5
5
5
5
5
5
5
5
5
5
5
5
5
5
5
5
5
5
5
5
5
5
5
5
5
5
5
5
5
5
5
5
5
5
5
5
5
5
5
5
5
5
5
5
5
5
5
5
5
5
5
5
5
5
5
5
5
5
5
5
5
5
5
5
5
5
5
5
5
5
5
5
5
5
5
5
5
5
5
5
5
5
5
5
5
5
5
5
5
5
5
5
5
5
5
5
5
5
5
5
5
5
5
5
5
5
5
5
5
5
5
5
5
5
5
5
5
5
5
5
5
5
5
5
5
5
5
5
5
5
5
5
5
5
5
5
5
5
5
5
5
5
5
5
5
5
5
5
5
5
5
5
5
5
5
5
5
5
5
5
5
5
5
5
5
5
5
5
5
5
5
5
5
5
5
5
5
5
5
5
5
5
5
5
5
5
5
5
5
5
5
5
5
5
5
5
5
5
5
5
5
5
5
5
5
5
5
5
5
5
5
5
5
5
5
5
5
5
5
5
5
5
5
5
5
5
5
5
5
5
5
5
5
5
5
5
5
5
5
5
5
5
5
5
5
5
5
5
5
5
5
5
5
5
5
5
5
5
5
5
5
5
5
5
5
5
5
5
5
5
5
5
5
5
5
5
5
5
5
5
5
5
5
5
5
5
5
5
5
5
5
5
5
5
5
5
5
5
5
5
5
5
5
5
5
5
5
5
5
5
5
5
5
5
5
5
5
5
5
5
5
5
5
5
5
5
5
5
5
5
5
5
5
5
5
5
5
5
5
5
5
5
5
5
5
5
5
5
5
5
5
5
5
5
5
5
5
5
5
5
5
5
5
5
5
5
5
5
5
5
5
5
5
5
5
5
5
5
5
5
5
5
5
5
5
5
5
5
5
5
5
5
5
5
5
5
5
5
5
5
5
5
5
5
5
5
5
5
5
5
5
5
5
5
5
5
5
5
5
5
5
5
5
5
5
5
5
5
5
5
5
5
5
5
5
5
5
5
5
5
5
5
5
5
5
5
5
5
5
5
5
5
5
5
5
5
5
5
5
5
5
5
5
5
5
5
5
5
5
5
5
5
5
5
5
5
5
5
5
5
5
5
5
5
5
5
5
5
5
5
5
5
5
5
5
5
5
5
5
5
5
5
5
5
5
5
5
5
5
5
5
5
5
5
5
5
5
5
5
5
5
5
5
5
5
5
5
5
5
5
5
5
5
5
5
5
5
5
5
5
5
5
5
5
5
5
5
5
5
5
5
5
5
5
5
5
5
5
5
5
5
5
5
5
5
5
5
5
5
5
5
5
5
5
5
5
5
5
5
5
5
5
5
5
5
5
5
5
5
5
5
5
5
5
5
5
5
5
5
5
5
5
5
5
5
5
5
5
5
5
5
5
5
5
5
5
5
5
5
5
5
5
5
5
5
5
5
5
5
5
5
5
5
5
5
5
5
5
5
5
5
5
5
5
5
5
5
5
5
5
5
5
5
5
5
5
5
5
5
5
5
5
5
5
5
5
5
5
5
5
5
5
5
5
5
5
5
5
5
5
5
5
5
5
5
5
5
5
5
5
5
5
5
5
5
5
5
5
5
5
5
5
5
5
5
5
5
5
5
5
5
5
5
5
5
5
5
5
5
5
5
5
5
5
5
5
5
5
5
5
5
5
5
5
5
5
5
5
5
5
5
5
5
5
5
5
5
5
5
5
5
5
5
5
5
5
5
5
5
5
5
5
5
5
5
5
5
5
5
5
5
5
5
5
5
5
5
5
5
5
5
5
5
5
5
5
5
5
5
5
5
5
5
5
5
5
5
5
5
5
5
5
5
5
5
5
5
5
5
5
5
5
5
5
5
5
5
5
5
5
5
5
5
5
5
5
5
5
5
5
5
5
5
5
5
5
5
5
5
5
5
5
5
5
5
5
5
5
5
5
5
5
5
5
5
5
5
5
5
5
5
5
5
5
5
5
5
5
5
5
5
5
5
5
5
5
5
5
5
5
5
5
5
5
5
5
5
5
5
5
5
5
5
5
5
5
5
5
5
5
5
5
5
5
5
5
5
5
5
5
5
5
5
5
5
5
5
5
5
5
5
5
5
5
5
5
5
5
5
5
5
5
5
5
5
5
5
5
5
5
5
5
5
5
5
5
5
5
5
5
5
5
5
5
5
5
5
5
5
5
5
5
5
5
5
5
5
5
5
5
5
5
5
5
5
5
5
5
5
5
5
5
5
5
5
5
5
5
5
5
5
5
5
5
5
5
5
5
5
5
5
5
5
5
5
5
5
5
5
5
5
5
5
5
5
5
5
5
5
5
5
5
5
5
5
5
5
5
5
5
5
5
5
5
5
5
5
5
5
5
5
5
5
5
5
5
5
5
5
5
5
5
5
5
5
5
5
5
5
5
5
5
5
5
5
5
5
5
5
5
5
5
5
5
5
5
5
5
5
5
5
5
5
5
5
5
5
5
5
5
5
5
5
5
5
5
5
5
5
5
5
5
5
5
5
5
5
5
5
5
5
5
5
5
5
5
5
5
5
5
5
5
5
5
5
5
5
5
5
5
5
5
5
5
5
5
5
5
5
5
5
5
5
5
5
5
5
5
5
5
5
5
5
5
5
5
5
5
5
5
5
5
5
5
5
5
5
5
5
5
5
5
5
5
5
5
5
5
5
5
5
5
5
5
5
5
5
5
5
5
5
5
5
5
5
5
5
5
5
5
5
5
5
5
5
5
5
5
5
5
5
5
5
5
5
5
5
5
5
5
5
5
5
5
5
5
5
5
5
5
5
5
5
5
5
5
5
5
5
5
5
5
5
5
5
5
5
5
5
5
5
5
5
5
5
5
5
5
5
5
5
5
5
5
5
5
5
5
5
5
5
5
5
5
5
5
5
5
5
5
5
5
5
5
5
5
5
5
5
5
5
5
5
5
5
5
5
5
5
5
5
5
5
5
5
5
5
5
5
5
5
5
5
5
5
5
5
5
5
5
5
5
5
5
5
5
5
5
5
5
5
5
5
5
5
5
5
5
5
5
5
5
5
5
5
5
5
5
5
5
5
5
5
5
5
5
5
5
5
5
5
5
5
5
5
5
5
5
5
5
5
5
5
5
5
5
5
5
5
5
5
5
5
5
5
5
5
5
5
5
5
5
5
5
5
5
5
5
5
5
5
5
5
5
5
5
5
5
5
5
5
5
5
5
5
5
5
5
5
5
5
5
5
5
5
5
5
5
5
5
5
5
5
5
5
5
5
5
5
5
5
5
5
5
5
5
5
5
5
5
5
5
5
5
5
5
5
5
5
5
5
5
5
5
5
5
5
5
5
5
5
5
5
5
5
5
5
5
5
5
5
5
5
5
5
5
5
5
5
5
5
5
5
5
5
5
5
5
5
5
5
5
5
5
5
5
5
5
5
5
5
5
5
5
5
5
5
5
5
5
5
5
5
5
5
5
5
5
5
5
5
5
5
5
5
5
5
5
5
5
5
5
5
5
5
5
5
5
5
5
5
5
5
5
5
5
5
5
5
5
5
5
5
5
5
5
5
5
5
5
5
5
5
5
5
5
5
5
5
5
5
5
5
5
5
5
5
5
5
5
5
5
5
5
5
5
5
5
5
5
5
5
5
5
5
5
5
5
5
5
5
5
5
5
5
5
5
5
5
5
5
5
5
5
5
5
5
5
5
5
5
5
5
5
5
5
5
5
5
5
5
5
5
5
5
5
5
5
5
5
5
5
5
5
5
5
5
5
5
5
5
5
5
5
5
5
5
5
5
5
5
5
5
5
5
5
5
5
5
5
5
5
5
5
5
5
5
5
5
5
5
5
5
5
5
5
5
5
5
5
5
5
5
5
5
5
5
5
5
5
5
5
5
5
5
5
5
5
5
5
5
5
5
5
5
5
5
5
5
5
5
5
5
5
5
5
5
5
5
5
5
5
5
5
5
5
5
5
5
5
5
5
5
5
5
5
5
5
5
5
5
5
5
5
5
5
5
5
5
5
5
5
5
5
5
5
5
5
5
5
5
5
5
5
5
5
5
5
5
5
5
5
5
5
5
5
5
5
5
5
5
5
5
5
5
5
5
5
5
5
5
5
5
5
5
5
5
5
5
5
5
5
5
5
5
5
5
5
5
5
5
5
5
5
5
5
5
5
5
5
5
5
5
5
5
5
5
5
5
5
5
5
5
5
5
5
5
5
5
5
5
5
5
5
5
5
5
5
5
5
5
5
5
5
5
5
5
5
5
5
5
5
5
5
5
5
5
5
5
5
5
5
5
5
5
5
5
5
5
5
5
5
5
5
5
5
5
5
5
5
5
5
5
5
5
5
5
5
5
5
5
5
5
5
5
5
5
5
5
5
5
5
5
5
5
5
5
5
5
5
5
5
5
5
5
5
5
5
5
5
5
5
5
5
5
5
5
5
5
5
5
5
5
5
5
5
5
5
5
5
5
5
5
5
5
5
5
5
5
5
5
5
5
5
5
5
5
5
5
5
5
5
5
5
5
5
5
5
5
5
5
5
5
5
5
5
5
5
5
5
5
5
5
5
5
5
5
5
5
5
5
5
5
5
5
5
5
5
5
5
5
5
5
5
5
5
5
5
5
5
5
5
5
5
5
5
5
5
5
5
5
5
5
5
5
5
5
5
5
5
5
5
5
5
5
5
5
5
5
5
5
5
5
5
5
5
5
5
5
5
5
5
5
5
5
5
5
5
5
5
5
5
5
5
5
5
5
5
5
5
5
5
5
5
5
5
5
5
5
5
5
5
5
5
5
5
5
5
5
5
5
5
5
5
5
5
5
5
5
5
5
5
5
5
5
5
5
5
5
5
5
5
5
5
5
5
5
5
5
5
5
5
5
5
5
5
5
5
5
5
5
5
5
5
5
5
5
5
5
5
5
5
5
5
5
5
5
5
5
5
5
5
5
5
5
5
5
5
5
5
5
5
5
5
5
5
5
5
5
5
5
5
5
5
5
5
5
5
5
5
5
5
5
5
5
5
5
5
5
5
5
5
5
5
5
5
5
5
5
5
5
5
5
5
5
5
5
5
5
5
5
5
5
5
5
5
5
5
5
5
5
5
5
5
5
5
5
5
5
5
5
5
5
5
5
5
5
5
5
5
5
5
5
5
5
5
5
5
5
5
5
5
5
5
5
5
5
5
5
5
5
5
5
5
5
5
5
5
5
5
5
5
5
5
5
5
5
5
5
5
5
5
5
5
5
5
5
5
5
5
5
5
5
5
5
5
5
5
5
5
5
5
5
5
5
5
5
5
5
5
5
5
5
5
5
5
5
5
5
5
5
5
5
5
5
5
5
5
5
5
5
5
5
5
5
5
5
5
5
5
5
5
5
5
5
5
5
5
5
5
5
5
5
5
5
5
5
5
5
5
5
5
5
5
5
5
5
5
5
5
5
5
5
5
5
5
5
5
5
5
5
5
5
5
5
5
5
5
5
5
5
5
5
5
5
5
5
5
5
5
5
5
5
5
5
5
5
5
5
5
5
5
5
5
5
5
5
5
5
5
5
5
5
5
5
5
5
5
5
5
5
5
5
5
5
5
5
5
5
5
5
5
5
5
5
5
5
5
5
5
5
5
5
5
5
5
5
5
5
5
5
5
5
5
5
5
5
5
5
5
5
5
5
5
5
5
5
5
5
5
5
5
5
5
5
5
5
5
5
5
5
5
5
5
5
5
5
5
5
5
5
5
5
5
5
5
5
5
5
5
5
5
5
5
5
5
5
5
5
5
5
5
5
5
5
5
5
5
5
5
5
5
5
5
5
5
5
5
5
5
5
5
5
5
5
5
5
5
5
5
5
5
5
5
5
5
5
5
5
5
5
5
5
5
5
5
5
5
5
5
5
5
5
5
5
5
5
5
5
5
5
5
5
5
5
5
5
5
5
5
5
5
5
5
5
5
5
5
5
5
5
5
5
5
5
5
5
5
5
5
5
5
5
5
5
5
5
5
5
5
5
5
5
5
5
5
5
5
5
5
5
5
5
5
5
5
5
5
5
5
5
5
5
5
5
5
5
5
5
5
5
5
5
5
5
5
5
5
5
5
5
5
5
5
5
5
5
5
5
5
5
5
5
5
5
5
5
5
5
5
5
5
5
5
5
5
5
5
5
5
5
5
5
5
5
5
5
5
5
5
5
5
5
5
5
5
5
5
5
5
5
5
5
5
5
5
5
5
5
5
5
5
5
5
5
5
5
5
5
5
5
5
5
5
5
5
5
5
5
5
5
5
5
5
5
5
5
5
5
5
5
5
5
5
5
5
5
5
5
5
5
5
5
5
5
5
5
5
5
5
5
5
5
5
5
5
5
5
5
5
5
5
5
5
5
5
5
5
5
5
5
5
5
5
5
5
5
5
5
5
5
5
5
5
5
5
5
5
5
5
5
5
5
5
5
5
5
5
5
5
5
5
5
5
5
5
5
5
5
5
5
5
5
5
5
5
5
5
5
5
5
5
5
5
5
5
5
5
5
5
5
5
5
5
5
5
5
5
5
5
5
5
5
5
5
5
5
5
5
5
5
5
5
5
5
5
5
5
5
5
5
5
5
5
5
5
5
5
5
5
5
5
5
5
5
5
5
5
5
5
5
5
5
5
5
5
5
5
5
5
5
5
5
5
5
5
5
5
5
5
5
5
5
5
5
5
5
5
5
5
5
5
5
5
5
5
5
5
5
5
5
5
5
5
5
5
5
5
5
5
5
5
5
5
5
5
5
5
5
5
5
5
5
5
5
5
5
5
5
5
5
5
5
5
5
5
5
5
5
5
5
5
5
5
5
5
5
5
5
5
5
5
5
5
5
5
5
5
5
5
5
5
5
5
5
5
5
5
5
5
5
5
5
5
5
5
5
5
5
5
5
5
5
5
5
5
5
5
5
5
5
5
5
5
5
5
5
5
5
5
5
5
5
5
5
5
5
5
5
5
5
5
5
5
5
5
5
5
5
5
5
5
5
5
5
5
5
5
5
5
5
5
5
5
5
5
5
5
5
5
5
5
5
5
5
5
5
5
5
5
5
5
5
5
5
5
5
5
5
5
5
5
5
5
5
5
5
5
5
5
5
5
5
5
5
5
5
5
5
5
5
5
5
5
5
5
5
5
5
5
5
5
5
5
5
5
5
5
5
5
5
5
5
5
5
5
5
5
5
5
5
5
5
5
5
5
5
5
5
5
5
5
5
5
5
5
5
5
5
5
5
5
5
5
5
5
5
5
5
5
5
5
5
5
5
5
5
5
5
5
5
5
5
5
5
5
5
5
5
5
5
5
5
5
5
5
5
5
5
5
5
5
5
5
5
5
5
5
5
5
5
5
5
5
5
5
5
5
5
5
5
5
5
5
5
5
5
5
5
5
5
5
5
5
5
5
5
5
5
5
5
5
5
5
5
5
5
5
5
5
5
5
5
5
5
5
5
5
5
5
5
5
5
5
5
5
5
5
5
5
5
5
5
5
5
5
5
5
5
5
5
5
5
5
5
5
5
5
5
5
5
5
5
5
5
5
5
5
5
5
5
5
5
5
5
5
5
5
5
5
5
5
5
5
5
5
5
5
5
5
5
5
5
5
5
5
5
5
5
5
5
5
5
5
5
5
5
5
5
5
5
5
5
5
5
5
5
5
5
5
5
5
5
5
5
5
5
5
5
5
5
5
5
5
5
5
5
5
5
5
5
5
5
5
5
5
5
5
5
5
5
5
5
5
5
5
5
5
5
5
5
5
5
5
5
5
5
5
5
5
5
5
5
5
5
5
5
5
5
5
5
5
5
5
5
5
5
5
5
5
5
5
5
5
5
5
5
5
5
5
5
5
5
5
5
5
5
5
5
5
5
5
5
5
5
5
5
5
5
5
5
5
5
5
5
5
5
5
5
5
5
5
5
5
5
5
5
5
5
5
5
5
5
5
5
5
5
5
5
5
5
5
5
5
5
5
5
5
5
5
5
5
5
5
5
5
5
5
5
5
5
5
5
5
5
5
5
5
5
5
5
5
5
5
5
5
5
5
5
5
5
5
5
5
5
5
5
5
5
5
5
5
5
5
5
5
5
5
5
5
5
5
5
5
5
5
5
5
5
5
5
5
5
5
5
5
5
5
5
5
5
5
5
5
5
5
5
5
5
5
5
5
5
5
5
5
5
5
5
5
5
5
5
5
5
5
5
5
5
5
5
5
5
5
5
5
5
5
5
5
5
5
5
5
5
5
5
5
5
5
5
5
5
5
5
5
5
5
5
5
5
5
5
5
5
5
5
5
5
5
5
5
5
5
5
5
5
5
5
5
5
5
5
5
5
5
5
5
5
5
5
5
5
5
5
5
5
5
5
5
5
5
5
5
5
5
5
5
5
5
5
5
5
5
5
5
5
5
5
5
5
5
5
5
5
5
5
5
5
5
5
5
5
5
5
5
5
5
5
5
5
5
5
5
5
5
5
5
5
5
5
5
5
5
5
5
5
5
5
5
5
5
5
5
5
5
5
5
5
5
5
5
5
5
5
5
5
5
5
5
5
5
5
5
5
5
5
5
5
5
5
5
5
5
5
5
5
5
5
5
5
5
5
5
5
5
5
5
5
5
5
5
5
5
5
5
5
5
5
5
5
5
5
5
5
5
5
5
5
5
5
5
5
5
5
5
5
5
5
5
5
5
5
5
5
5
5
5
5
5
5
5
5
5
5
5
5
5
5
5
5
5
5
5
5
5
5
5
5
5
5
5
5
5
5
5
5
5
5
5
5
5
5
5
5
5
5
5
5
5
5
5
5
5
5
5
5
5
5
5
5
5
5
5
5
5
5
5
5
5
5
5
5
5
5
5
5
5
5
5
5
5
5
5
5
5
5
5
5
5
5
5
5
5
5
5
5
5
5
5
5
5
5
5
5
5
5
5
5
5
5
5
5
5
5
5
5
5
5
5
5
5
5
5
5
5
5
5
5
5
5
5
5
5
5
5
5
5
5
5
5
5
5
5
5
5
5
5
5
5
5
5
5
5
5
5
5
5
5
5
5
5
5
5
5
5
5
5
5
5
5
5
5
5
5
5
5
5
5
5
5
5
5
5
5
5
5
5
5
5
5
5
5
5
5
5
5
5
5
5
5
5
5
5
5
5
5
5
5
5
5
5
5
5
5
5
5
5
5
5
5
5
5
5
5
5
5
5
5
5
5
5
5
5
5
5
5
5
5
5
5
5
5
5
5
5
5
5
5
5
5
5
5
5
5
5
5
5
5
5
5
5
5
5
5
5
5
5
5
5
5
5
5
5
5
5
5
5
5
5
5
5
5
5
5
5
5
5
5
5
5
5
5
5
5
5
5
5
5
5
5
5
5
5
5
5
5
5
5
5
5
5
5
5
5
5
5
5
5
5
5
5
5
5
5
5
5
5
5
5
5
5
5
5
5
5
5
5
5
5
5
5
5
5
5
5
5
5
5
5
5
5
5
5
5
5
5
5
5
5
5
5
5
5
5
5
5
5
5
5
5
5
5
5
5
5
5
5
5
5
5
5
5
5
5
5
5
5
5
5
5
5
5
5
5
5
5
5
5
5
5
5
5
5
5
5
5
5
5
5
5
5
5
5
5
5
5
5
5
5
5
5
5
5
5
5
5
5
5
5
5
5
5
5
5
5
5
5
5
5
5
5
5
5
5
5
5
5
5
5
5
5
5
5
5
5
5
5
5
5
5
5
5
5
5
5
5
5
5
5
5
5
5
5
5
5
5
5
5
5
5
5
5
5
5
5
5
5
5
5
5
5
5
5
5
5
5
5
5
5
5
5
5
5
5
5
5
5
5
5
5
5
5
5
5
5
5
5
5
5
5
5
5
5
5
5
5
5
5
5
5
5
5
5
5
5
5
5
5
5
5
5
5
5
5
5
5
5
5
5
5
5
5
5
5
5
5
5
5
5
5
5
5
5
5
5
5
5
5
5
5
5
5
5
5
5
5
5
5
5
5
5
5
5
5
5
5
5
5
5
5
5
5
5
5
5
5
5
5
5
5
5
5
5
5
5
5
5
5
5
5
5
5
5
5
5
5
5
5
5
5
5
5
5
5
5
5
5
5
5
5
5
5
5
5
5
5
5
5
5
5
5
5
5
5
5
5
5
5
5
5
5
5
5
5
5
5
5
5
5
5
5
5
5
5
5
5
5
5
5
5
5
5
5
5
5
5
5
5
5
5
5
5
5
5
5
5
5
5
5
5
5
5
5
5
5
5
5
5
5
5
5
5
5
5
5
5
5
5
5
5
5
5
5
5
5
5
5
5
5
5
5
5
5
5
5
5
5
5
5
5
5
5
5
5
5
5
5
5
5
5
5
5
5
5
5
5
5
5
5
5
5
5
5
5
5
5
5
5
5
5
5
5
5
5
5
5
5
5
5
5
5
5
5
5
5
5
5
5
5
5
5
5
5
5
5
5
5
5
5
5
5
5
5
5
5
5
5
5
5
5
5
5
5
5
5
5
5
5
5
5
5
5
5
5
5
5
5
5
5
5
5
5
5
5
5
5
5
5
5
5
5
5
5
5
5
5
5
5
5
5
5
5
5
5
5
5
5
5
5
5
5
5
5
5
5
5
5
5
5
5
5
5
5
5
5
5
5
5
5
5
5
5
5
5
5
5
5
5
5
5
5
5
5
5
5
5
5
5
5
5
5
5
5
5
5
5
5
5
5
5
5
5
5
5
5
5
5
5
5
5
5
5
5
5
5
5
5
5
5
5
5
5
5
5
5
5
5
5
5
5
5
5
5
5
5
5
5
5
5
5
5
5
5
5
5
5
5
5
5
5
5
5
5
5
5
5
5
5
5
5
5
5
5
5
5
5
5
5
5
5
5
5
5
5
5
5
5
5
5
5
5
5
5
5
5
5
5
5
5
5
5
5
5
5
5
5
5
5
5
5
5
5
5
5
5
5
5
5
5
5
5
5
5
5
5
5
5
5
5
5
5
5
5
5
5
5
5
5
5
5
5
5
5
5
5
5
5
5
5
5
5
5
5
5
5
5
5
5
5
5
5
5
5
5
5
5
5
5
5
5
5
5
5
5
5
5
5
5
5
5
5
5
5
5
5
5
5
5
5
5
5
5
5
5
5
5
5
5
5
5
5
5
5
5
5
5
5
5
5
5
5
5
5
5
5
5
5
5
5
5
5
5
5
5
5
5
5
5
5
5
5
5
5
5
5
5
5
5
5
5
5
5
5
5
5
5
5
5
5
5
5
5
5
5
5
5
5
5
5
5
5
5
5
5
5
5
5
5
5
5
5
5
5
5
5
5
5
5
5
5
5
5
5
5
5
5
5
5
5
5
5
5
5
5
5
5
5
5
5
5
5
5
5
5
5
5
5
5
5
5
5
5
5
5
5
5
5
5
5
5
5
5
5
5
5
5
5
5
5
5
5
5
5
5
5
5
5
5
5
5
5
5
5
5
5
5
5
5
5
5
5
5
5
5
5
5
5
5
5
5
5
5
5
5
5
5
5
5
5
5
5
5
5
5
5
5
5
5
5
5
5
5
5
5
5
5
5
5
5
5
5
5
5
5
5
5
5
5
5
5
5
5
5
5
5
5
5
5
5
5
5
5
5
5
5
5
5
5
5
5
5
5
5
5
5
5
5
5
5
5
5
5
5
5
5
5
5
5
5
5
5
5
5
5
5
5
5
5
5
5
5
5
5
5
5
5
5
5
5
5
5
5
5
5
5
5
5
5
5
5
5
5
5
5
5
5
5
5
5
5
5
5
5
5
5
5
5
5
5
5
5
5
5
5
5
5
5
5
5
5
5
5
5
5
5
5
5
5
5
5
5
5
5
5
5
5
5
5
5
5
5
5
5
5
5
5
5
5
5
5
5
5
5
5
5
5
5
5
5
5
5
5
5
5
5
5
5
5
5
5
5
5
5
5
5
5
5
5
5
5
5
5
5
5
5
5
5
5
5
5
5
5
5
5
5
5
5
5
5
5
5
5
5
5
5
5
5
5
5
5
5
5
5
5
5
5
5
5
5
5
5
5
5
5
5
5
5
5
5
5
5
5
5
5
5
5
5
5
5
5
5
5
5
5
5
5
5
5
5
5
5
5
5
5
5
5
5
5
5
5
5
5
5
5
5
5
5
5
5
5
5
5
5
5
5
5
5
5
5
5
5
5
5
5
5
5
5
5
5
5
5
5
5
5
5
5
5
5
5
5
5
5
5
5
5
5
5
5
5
5
5
5
5
5
5
5
5
5
5
5
5
5
5
5
5
5
5
5
5
5
5
5
5
5
5
5
5
5
5
5
5
5
5
5
5
5
5
5
5
5
5
5
5
5
5
5
5
5
5
5
5
5
5
5
5
5
5
5
5
5
5
5
5
5
5
5
5
5
5
5
5
5
5
5
5
5
5
5
5
5
5
5
5
5
5
5
5
5
5
5
5
5
5
5
5
5
5
5
5
5
5
5
5
5
5
5
5
5
5
5
5
5
5
5
5
5
5
5
5
5
5
5
5
5
5
5
5
5
5
5
5
5
5
5
5
5
5
5
5
5
5
5
5
5
5
5
5
5
5
5
5
5
5
5
5
5
5
5
5
5
5
5
5
5
5
5
5
5
5
5
5
5
5
5
5
5
5
5
5
5
5
5
5
5
5
5
5
5
5
5
5
5
5
5
5
5
5
5
5
5
5
5
5
5
5
5
5
5
5
5
5
5
5
5
5
5
5
5
5
5
5
5
5
5
5
5
5
5
5
5
5
5
5
5
5
5
5
5
5
5
5
5
5
5
5
5
5
5
5
5
5
5
5
5
5
5
5
5
5
5
5
5
5
5
5
5
5
5
5
5
5
5
5
5
5
5
5
5
5
5
5
5
5
5
5
5
5
5
5
5
5
5
5
5
5
5
5
5
5
5
5
5
5
5
5
5
5
5
5
5
5
5
5
5
5
5
5
5
5
5
5
5
5
5
5
5
5
5
5
5
5
5
5
5
5
5
5
5
5
5
5
5
5
5
5
5
5
5
5
5
5
5
5
5
5
5
5
5
5
5
5
5
5
5
5
5
5
5
5
5
5
5
5
5
5
5
5
5
5
5
5
5
5
5
5
5
5
5
5
5
5
5
5
5
5
5
5
5
5
5
5
5
5
5
5
5
5
5
5
5
5
5
5
5
5
5
5
5
5
5
5
5
5
5
5
5
5
5
5
5
5
5
5
5
5
5
5
5
5
5
5
5
5
5
5
5
5
5
5
5
5
5
5
5
5
5
5
5
5
5
5
5
5
5
5
5
5
5
5
5
5
5
5
5
5
5
5
5
5
5
5
5
5
5
5
5
5
5
5
5
5
5
5
5
5
5
5
5
5
5
5
5
5
5
5
5
5
5
5
5
5
5
5
5
5
5
5
5
5
5
5
5
5
5
5
5
5
5
5
5
5
5
5
5
5
5
5
5
5
5
5
5
5
5
5
5
5
5
5
5
5
5
5
5
5
5
5
5
5
5
5
5
5
5
5
5
5
5
5
5
5
5
5
5
5
5
5
5
5
5
5
5
5
5
5
5
5
5
5
5
5
5
5
5
5
5
5
5
5
5
5
5
5
5
5
5
5
5
5
5
5
5
5
5
5
5
5
5
5
5
5
5
5
5
5
5
5
5
5
5
5
5
5
5
5
5
5
5
5
5
5
5
5
5
5
5
5
5
5
5
5
5
5
5
5
5
5
5
5
5
5
5
5
5
5
5
5
5
5
5
5
5
5
5
5
5
5
5
5
5
5
5
5
5
5
5
5
5
5
5
5
5
5
5
5
5
5
5
5
5
5
5
5
5
5
5
5
5
5
5
5
5
5
5
5
5
5
5
5
5
5
5
5
5
5
5
5
5
5
5
5
5
5
5
5
5
5
5
5
5
5
5
5
5
5
5
5
5
5
5
5
5
5
5
5
5
5
5
5
5
5
5
5
5
5
5
5
5
5
5
5
5
5
5
5
5
5
5
5
5
5
5
5
5
5
5
5
5
5
5
5
5
5
5
5
5
5
5
5
5
5
5
5
5
5
5
5
5
5
5
5
5
5
5
5
5
5
5
5
5
5
5
5
5
5
5
5
5
5
5
5
5
5
5
5
5
5
5
5
5
5
5
5
5
5
5
5
5
5
5
5
5
5
5
5
5
5
5
5
5
5
5
5
5
5
5
5
5
5
5
5
5
5
5
5
5
5
5
5
5
5
5
5
5
5
5
5
5
5
5
5
5
5
5
5
5
5
5
5
5
5
5
5
5
5
5
5
5
5
5
5
5
5
5
5
5
5
5
5
5
5
5
5
5
5
5
5
5
5
5
5
5
5
5
5
5
5
5
5
5
5
5
5
5
5
5
5
5
5
5
5
5
5
5
5
5
5
5
5
5
5
5
5
5
5
5
5
5
5
5
5
5
5
5
5
5
5
5
5
5
5
5
5
5
5
5
5
5
5
5
5
5
5
5
5
5
5
5
5
5
5
5
5
5
5
5
5
5
5
5
5
5
5
5
5
5
5
5
5
5
5
5
5
5
5
5
5
5
5
5
5
5
5
5
5
5
5
5
5
5
5
5
5
5
5
5
5
5
5
5
5
5
5
5
5
5
5
5
5
5
5
5
5
5
5
5
5
5
5
5
5
5
5
5
5
5
5
5
5
5
5
5
5
5
5
5
5
5
5
5
5
5
5
5
5
5
5
5
5
5
5
5
5
5
5
5
5
5
5
5
5
5
5
5
5
5
5
5
5
5
5
5
5
5
5
5
5
5
5
5
5
5
5
5
5
5
5
5
5
5
5
5
5
5
5
5
5
5
5
5
5
5
5
5
5
5
5
5
5
5
5
5
5
5
5
5
5
5
5
5
5
5
5
5
5
5
5
5
5
5
5
5
5
5
5
5
5
5
5
5
5
5
5
5
5
5
5
5
5
5
5
5
5
5
5
5
5
5
5
5
5
5
5
5
5
5
5
5
5
5
5
5
5
5
5
5
5
5
5
5
5
5
5
5
5
5
5
5
5
5
5
5
5
5
5
5
5
5
5
5
5
5
5
5
5
5
5
5
5
5
5
5
5
5
5
5
5
5
5
5
5
5
5
5
5
5
5
5
5
5
5
5
5
5
5
5
5
5
5
5
5
5
5
5
5
5
5
5
5
5
5
5
5
5
5
5
5
5
5
5
5
5
5
5
5
5
5
5
5
5
5
5
5
5
5
5
5
5
5
5
5
5
5
5
5
5
5
5
5
5
5
5
5
5
5
5
5
5
5
5
5
5
5
5
5
5
5
5
5
5
5
5
5
5
5
5
5
5
5
5
5
5
5
5
5
5
5
5
5
5
5
5
5
5
5
5
5
5
5
5
5
5
5
5
5
5
5
5
5
5
5
5
5
5
5
5
5
5
5
5
5
5
5
5
5
5
5
5
5
5
5
5
5
5
5
5
5
5
5
5
5
5
5
5
5
5
5
5
5
5
5
5
5
5
5
5
5
5
5
5
5
5
5
5
5
5
5
5
5
5
5
5
5
5
5
5
5
5
5
5
5
5
5
5
5
5
5
5
5
5
5
5
5
5
5
5
5
5
5
5
5
5
5
5
5
5
5
5
5
5
5
5
5
5
5
5
5
5
5
5
5
5
5
5
5
5
5
5
5
5
5
5
5
5
5
5
5
5
5
5
5
5
5
5
5
5
5
5
5
5
5
5
5
5
5
5
5
5
5
5
5
5
5
5
5
5
5
5
5
5
5
5
5
5
5
5
5
5
5
5
5
5
5
5
5
5
5
5
5
5
5
5
5
5
5
5
5
5
5
5
5
5
5
5
5
5
5
5
5
5
5
5
5
5
5
5
5
5
5
5
5
5
5
5
5
5
5
5
5
5
5
5
5
5
5
5
5
5
5
5
5
5
5
5
5
5
5
5
5
5
5
5
5
5
5
5
5
5
5
5
5
5
5
5
5
5
5
5
5
5
5
5
5
5
5
5
5
5
5
5
5
5
5
5
5
5
5
5
5
5
5
5
5
5
5
5
5
5
5
5
5
5
5
5
5
5
5
5
5
5
5
5
5
5
5
5
5
5
5
5
5
5
5
5
5
5
5
5
5
5
5
5
5
5
5
5
5
5
5
5
5
5
5
5
5
5
5
5
5
5
5
5
5
5
5
5
5
5
5
5
5
5
5
5
5
5
5
5
5
5
5
5
5
5
5
5
5
5
5
5
5
5
5
5
5
5
5
5
5
5
5
5
5
5
5
5
5
5
5
5
5
5
5
5
5
5
5
5
5
5
5
5
5
5
5
5
5
5
5
5
5
5
5
5
5
5
5
5
5
5
5
5
5
5
5
5
5
5
5
5
5
5
5
5
5
5
5
5
5
5
5
5
5
5
5
5
5
5
5
5
5
5
5
5
5
5
5
5
5
5
5
5
5
5
5
5
5
5
5
5
5
5
5
5
5
5
5
5
5
5
5
5
5
5
5
5
5
5
5
5
5
5
5
5
5
5
5
5
5
5
5
5
5
5
5
5
5
5
5
5
5
5
5
5
5
5
5
5
5
5
5
5
5
5
5
5
5
5
5
5
5
5
5
5
5
5
5
5
5
5
5
5
5
5
5
5
5
5
5
5
5
5
5
5
5
5
5
5
5
5
5
5
5
5
5
5
5
5
5
5
5
5
5
5
5
5
5
5
5
5
5
5
5
5
5
5
5
5
5
5
5
5
5
5
5
5
5
5
5
5
5
5
5
5
5
5
5
5
5
5
5
5
5
5
5
5
5
5
5
5
5
5
5
5
5
5
5
5
5
5
5
5
5
5
5
5
5
5
5
5
5
5
5
5
5
5
5
5
5
5
5
5
5
5
5
5
5
5
5
5
5
5
5
5
5
5
5
5
5
5
5
5
5
5
5
5
5
5
5
5
5
5
5
5
5
5
5
5
5
5
5
5
5
5
5
5
5
5
5
5
5
5
5
5
5
5
5
5
5
5
5
5
5
5
5
5
5
5
5
5
5
5
5
5
5
5
5
5
5
5
5
5
5
5
5
5
5
5
5
5
5
5
5
5
5
5
5
5
5
5
5
5
5
5
5
5
5
5
5
5
5
5
5
5
5
5
5
5
5
5
5
5
5
5
5
5
5
5
5
5
5
5
5
5
5
5
5
5
5
5
5
5
5
5
5
5
5
5
5
5
5
5
5
5
5
5
5
5
5
5
5
5
5
5
5
5
5
5
5
5
5
5
5
5
5
5
5
5
5
5
5
5
5
5
5
5
5
5
5
5
5
5
5
5
5
5
5
5
5
5
5
5
5
5
5
5
5
5
5
5
5
5
5
5
5
5
5
5
5
5
5
5
5
5
5
5
5
5
5
5
5
5
5
5
5
5
5
5
5
5
5
5
5
5
5
5
5
5
5
5
5
5
5
5
5
5
5
5
5
5
5
5
5
5
5
5
5
5
5
5
5
5
5
5
5
5
5
5
5
5
5
5
5
5
5
5
5
5
5
5
5
5
5
5
5
5
5
5
5
5
5
5
5
5
5
5
5
5
5
5
5
5
5
5
5
5
5
5
5
5
5
5
5
5
5
5
5
5
5
5
5
5
5
5
5
5
5
5
5
5
5
5
5
5
5
5
5
5
5
5
5
5
5
5
5
5
5
5
5
5
5
5
5
5
5
5
5
5
5
5
5
5
5
5
5
5
5
5
5
5
5
5
5
5
5
5
5
5
5
5
5
5
5
5
5
5
5
5
5
5
5
5
5
5
5
5
5
5
5
5
5
5
5
5
5
5
5
5
5
5
5
5
5
5
5
5
5
5
5
5
5
5
5
5
5
5
5
5
5
5
5
5
5
5
5
5
5
5
5
5
5
5
5
5
5
5
5
5
5
5
5
5
5
5
5
5
5
5
5
5
5
5
5
5
5
5
5
5
5
5
5
5
5
5
5
5
5
5
5
5
5
5
5
5
5
5
5
5
5
5
5
5
5
5
5
5
5
5
5
5
5
5
5
5
5
5
5
5
5
5
5
5
5
5
5
5
5
5
5
5
5
5
5
5
5
5
5
5
5
5
5
5
5
5
5
5
5
5
5
5
5
5
5
5
5
5
5
5
5
5
5
5
5
5
5
5
5
5
5
5
5
5
5
5
5
5
5
5
5
5
5
5
5
5
5
5
5
5
5
5
5
5
5
5
5
5
5
5
5
5
5
5
5
5
5
5
5
5
5
5
5
5
5
5
5
5
5
5
5
5
5
5
5
5
5
5
5
5
5
5
5
5
5
5
5
5
5
5
5
5
5
5
5
5
5
5
5
5
5
5
5
5
5
5
5
5
5
5
5
5
5
5
5
5
5
5
5
5
5
5
5
5
5
5
5
5
5
5
5
5
5
5
5
5
5
5
5
5
5
5
5
5
5
5
5
5
5
5
5
5
5
5
5
5
5
5
5
5
5
5
5
5
5
5
5
5
5
5
5
5
5
5
5
5
5
5
5
5
5
5
5
5
5
5
5
5
5
5
5
5
5
5
5
5
5
5
5
5
5
5
5
5
5
5
5
5
5
5
5
5
5
5
5
5
5
5
5
5
5
5
5
5
5
5
5
5
5
5
5
5
5
5
5
5
5
5
5
5
5
5
5
5
5
5
5
5
5
5
5
5
5
5
5
5
5
5
5
5
5
5
5
5
5
5
5
5
5
5
5
5
5
5
5
5
5
5
5
5
5
5
5
5
5
5
5
5
5
5
5
5
5
5
5
5
5
5
5
5
5
5
5
5
5
5
5
5
5
5
5
5
5
5
5
5
5
5
5
5
5
5
5
5
5
5
5
5
5
5
5
5
5
5
5
5
5
5
5
5
5
5
5
5
5
5
5
5
5
5
5
5
5
5
5
5
5
5
5
5
5
5
5
5
5
5
5
5
5
5
5
5
5
5
5
5
5
5
5
5
5
5
5
5
5
5
5
5
5
5
5
5
5
5
5
5
5
5
5
5
5
5
5
5
5
5
5
5
5
5
5
5
5
5
5
5
5
5
5
5
5
5
5
5
5
5
5
5
5
5
5
5
5
5
5
5
5
5
5
5
5
5
5
5
5
5
5
5
5
5
5
5
5
5
5
5
5
5
5
5
5
5
5
5
5
5
5
5
5
5
5
5
5
5
5
5
5
5
5
5
5
5
5
5
5
5
5
5
5
5
5
5
5
5
5
5
5
5
5
5
5
5
5
5
5
5
5
5
5
5
5
5
5
5
5
5
5
5
5
5
5
5
5
5
5
5
5
5
5
5
5
5
5
5
5
5
5
5
5
5
5
5
5
5
5
5
5
5
5
5
5
5
5
5
5
5
5
5
5
5
5
5
5
5
5
5
5
5
5
5
5
5
5
5
5
5
5
5
5
5
5
5
5
5
5
5
5
5
5
5
5
5
5
5
5
5
5
5
5
5
5
5
5
5
5
5
5
5
5
5
5
5
5
5
5
5
5
5
5
5
5
5
5
5
5
5
5
5
5
5
5
5
5
5
5
5
5
5
5
5
5
5
5
5
5
5
5
5
5
5
5
5
5
5
5
5
5
5
5
5
5
5
5
5
5
5
5
5
5
5
5
5
5
5
5
5
5
5
5
5
5
5
5
5
5
5
5
5
5
5
5
5
5
5
5
5
5
5
5
5
5
5
5
5
5
5
5
5
5
5
5
5
5
5
5
5
5
5
5
5
5
5
5
5
5
5
5
5
5
5
5
5
5
5
5
5
5
5
5
5
5
5
5
5
5
5
5
5
5
5
5
5
5
5
5
5
5
5
5
5
5
5
5
5
5
5
5
5
5
5
5
5
5
5
5
5
5
5
5
5
5
5
5
5
5
5
5
5
5
5
5
5
5
5
5
5
5
5
5
5
5
5
5
5
5
5
5
5
5
5
5
5
5
5
5
5
5
5
5
5
5
5
5
5
5
5
5
5
5
5
5
5
5
5
5
5
5
5
5
5
5
5
5
5
5
5
5
5
5
5
5
5
5
5
5
5
5
5
5
5
5
5
5
5
5
5
5
5
5
5
5
5
5
5
5
5
5
5
5
5
5
5
5
5
5
5
5
5
5
5
5
5
5
5
5
5
5
5
5
5
5
5
5
5
5
5
5
5
5
5
5
5
5
5
5
5
5
5
5
5
5
5
5
5
5
5
5
5
5
5
5
5
5
5
5
5
5
5
5
5
5
5
5
5
5
5
5
5
5
5
5
5
5
5
5
5
5
5
5
5
5
5
5
5
5
5
5
5
5
5
5
5
5
5
5
5
5
5
5
5
5
5
5
5
5
5
5
5
5
5
5
5
5
5
5
5
5
5
5
5
5
5
5
5
5
5
5
5
5
5
5
5
5
5
5
5
5
5
5
5
5
5
5
5
5
5
5
5
5
5
5
5
5
5
5
5
5
5
5
5
5
5
5
5
5
5
5
5
5
5
5
5
5
5
5
5
5
5
5
5
5
5
5
5
5
5
5
5
5
5
5
5
5
5
5
5
5
5
5
5
5
5
5
5
5
5
5
5
5
5
5
5
5
5
5
5
5
5
5
5
5
5
5
5
5
5
5
5
5
5
5
5
5
5
5
5
5
5
5
5
5
5
5
5
5
5
5
5
5
5
5
5
5
5
5
5
5
5
5
5
5
5
5
5
5
5
5
5
5
5
5
5
5
5
5
5
5
5
5
5
5
5
5
5
5
5
5
5
5
5
5
5
5
5
5
5
5
5
5
5
5
5
5
5
5
5
5
5
5
5
5
5
5
5
5
5
5
5
5
5
5
5
5
5
5
5
5
5
5
5
5
5
5
5
5
5
5
5
5
5
5
5
5
5
5
5
5
5
5
5
5
5
5
5
5
5
5
5
5
5
5
5
5
5
5
5
5
5
5
5
5
5
5
5
5
5
5
5
5
5
5
5
5
5
5
5
5
5
5
5
5
5
5
5
5
5
5
5
5
5
5
5
5
5
5
5
5
5
5
5
5
5
5
5
5
5
5
5
5
5
5
5
5
5
5
5
5
5
5
5
5
5
5
5
5
5
5
5
5
5
5
5
5
5
5
5
5
5
5
5
5
5
5
5
5
5
5
5
5
5
5
5
5
5
5
5
5
5
5
5
5
5
5
5
5
5
5
5
5
5
5
5
5
5
5
5
5
5
5
5
5
5
5
5
5
5
5
5
5
5
5
5
5
5
5
5
5
5
5
5
5
5
5
5
5
5
5
5
5
5
5
5
5
5
5
5
5
5
5
5
5
5
5
5
5
5
5
5
5
5
5
5
5
5
5
5
5
5
5
5
5
5
5
5
5
5
5
5
5
5
5
5
5
5
5
5
5
5
5
5
5
5
5
5
5
5
5
5
5
5
5
5
5
5
5
5
5
5
5
5
5
5
5
5
5
5
5
5
5
5
5
5
5
5
5
5
5
5
5
5
5
5
5
5
5
5
5
5
5
5
5
5
5
5
5
5
5
5
5
5
5
5
5
5
5
5
5
5
5
5
5
5
5
5
5
5
5
5
5
5
5
5
5
5
5
5
5
5
5
5
5
5
5
5
5
5
5
5
5
5
5
5
5
5
5
5
5
5
5
5
5
5
5
5
5
5
5
5
5
5
5
5
5
5
5
5
5
5
5
5
5
5
5
5
5
5
5
5
5
5
5
5
5
5
5
5
5
5
5
5
5
5
5
5
5
5
5
5
5
5
5
5
5
5
5
5
5
5
5
5
5
5
5
5
5
5
5
5
5
5
5
5
5
5
5
5
5
5
5
5
5
5
5
5
5
5
5
5
5
5
5
5
5
5
5
5
5
5
5
5
5
5
5
5
5
5
5
5
5
5
5
5
5
5
5
5
5
5
5
5
5
5
5
5
5
5
5
5
5
5
5
5
5
5
5
5
5
5
5
5
5
5
5
5
5
5
5
5
5
5
5
5
5
5
5
5
5
5
5
5
5
5
5
5
5
5
5
5
5
5
5
5
5
5
5
5
5
5
5
5
5
5
5
5
5
5
5
5
5
5
5
5
5
5
5
5
5
5
5
5
5
5
5
5
5
5
5
5
5
5
5
5
5
5
5
5
5
5
5
5
5
5
5
5
5
5
5
5
5
5
5
5
5
5
5
5
5
5
5
5
5
5
5
5
5
5
5
5
5
5
5
5
5
5
5
5
5
5
5
5
5
5
5
5
5
5
5
5
5
5
5
5
5
5
5
5
5
5
5
5
5
5
5
5
5
5
5
5
5
5
5
5
5
5
5
5
5
5
5
5
5
5
5
5
5
5
5
5
5
5
5
5
5
5
5
5
5
5
5
5
5
5
5
5
5
5
5
5
5
5
5
5
5
5
5
5
5
5
5
5
5
5
5
5
5
5
5
5
5
5
5
5
5
5
5
5
5
5
5
5
5
5
5
5
5
5
5
5
5
5
5
5
5
5
5
5
5
5
5
5
5
5
5
5
5
5
5
5
5
5
5
5
5
5
5
5
5
5
5
5
5
5
5
5
5
5
5
5
5
5
5
5
5
5
5
5
5
5
5
5
5
5
5
5
5
5
5
5
5
5
5
5
5
5
5
5
5
5
5
5
5
5
5
5
5
5
5
5
5
5
5
5
5
5
5
5
5
5
5
5
5
5
5
5
5
5
5
5
5
5
5
5
5
5
5
5
5
5
5
5
5
5
5
5
5
5
5
5
5
5
5
5
5
5
5
5
5
5
5
5
5
5
5
5
5
5
5
5
5
5
5
5
5
5
5
5
5
5
5
5
5
5
5
5
5
5
5
5
5
5
5
5
5
5
5
5
5
5
5
5
5
5
5
5
5
5
5
5
5
5
5
5
5
5
5
5
5
5
5
5
5
5
5
5
5
5
5
5
5
5
5
5
5
5
5
5
5
5
5
5
5
5
5
5
5
5
5
5
5
5
5
5
5
5
5
5
5
5
5
5
5
5
5
5
5
5
5
5
5
5
5
5
5
5
5
5
5
5
5
5
5
5
5
5
5
5
5
5
5
5
5
5
5
5
5
5
5
5
5
5
5
5
5
5
5
5
5
5
5
5
5
5
5
5
5
5
5
5
5
5
5
5
5
5
5
5
5
5
5
5
5
5
5
5
5
5
5
5
5
5
5
5
5
5
5
5
5
5
5
5
5
5
5
5
5
5
5
5
5
5
5
5
5
5
5
5
5
5
5
5
5
5
5
5
5
5
5
5
5
5
5
5
5
5
5
5
5
5
5
5
5
5
5
5
5
5
5
5
5
5
5
5
5
5
5
5
5
5
5
5
5
5
5
5
5
5
5
5
5
5
5
5
5
5
5
5
5
5
5
5
5
5
5
5
5
5
5
5
5
5
5
5
5
5
5
5
5
5
5
5
5
5
5
5
5
5
5
5
5
5
5
5
5
5
5
5
5
5
5
5
5
5
5
5
5
5
5
5
5
5
5
5
5
5
5
5
5
5
5
5
5
5
5
5
5
5
5
5
5
5
5
5
5
5
5
5
5
5
5
5
5
5
5
5
5
5
5
5
5
5
5
5
5
5
5
5
5
5
5
5
5
5
5
5
5
5
5
5
5
5
5
5
5
5
5
5
5
5
5
5
5
5
5
5
5
5
5
5
5
5
5
5
5
5
5
5
5
5
5
5
5
5
5
5
5
5
5
5
5
5
5
5
5
5
5
5
5
5
5
5
5
5
5
5
5
5
5
5
5
5
5
5
5
5
5
5
5
5
5
5
5
5
5
5
5
5
5
5
5
5
5
5
5
5
5
5
5
5
5
5
5
5
5
5
5
5
5
5
5
5
5
5
5
5
5
5
5
5
5
5
5
5
5
5
5
5
5
5
5
5
5
5
5
5
5
5
5
5
5
5
5
5
5
5
5
5
5
5
5
5
5
5
5
5
5
5
5
5
5
5
5
5
5
5
5
5
5
5
5
5
5
5
5
5
5
5
5
5
5
5
5
5
5
5
5
5
5
5
5
5
5
5
5
5
5
5
5
5
5
5
5
5
5
5
5
5
5
5
5
5
5
5
5
5
5
5
5
5
5
5
5
5
5
5
5
5
5
5
5
5
5
5
5
5
5
5
5
5
5
5
5
5
5
5
5
5
5
5
5
5
5
5
5
5
5
5
5
5
5
5
5
5
5
5
5
5
5
5
5
5
5
5
5
5
5
5
5
5
5
5
5
5
5
5
5
5
5
5
5
5
5
5
5
5
5
5
5
5
5
5
5
5
5
5
5
5
5
5
5
5
5
5
5
5
5
5
5
5
5
5
5
5
5
5
5
5
5
5
5
5
5
5
5
5
5
5
5
5
5
5
5
5
5
5
5
5
5
5
5
5
5
5
5
5
5
5
5
5
5
5
5
5
5
5
5
5
5
5
5
5
5
5
5
5
5
5
5
5
5
5
5
5
5
5
5
5
5
5
5
5
5
5
5
5
5
5
5
5
5
5
5
5
5
5
5
5
5
5
5
5
5
5
5
5
5
5
5
5
5
5
5
5
5
5
5
5
5
5
5
5
5
5
5
5
5
5
5
5
5
5
5
5
5
5
5
5
5
5
5
5
5
5
5
5
5
5
5
5
5
5
5
5
5
5
5
5
5
5
5
5
5
5
5
5
5
5
5
5
5
5
5
5
5
5
5
5
5
5
5
5
5
5
5
5
5
5
5
5
5
5
5
5
5
5
5
5
5
5
5
5
5
5
5
5
5
5
5
5
5
5
5
5
5
5
5
5
5
5
5
5
5
5
5
5
5
5
5
5
5
5
5
5
5
5
5
5
5
5
5
5
5
5
5
5
5
5
5
5
5
5
5
5
5
5
5
5
5
5
5
5
5
5
5
5
5
5
5
5
5
5
5
5
5
5
5
5
5
5
5
5
5
5
5
5
5
5
5
5
5
5
5
5
5
5
5
5
5
5
5
5
5
5
5
5
5
5
5
5
5
5
5
5
5
5
5
5
5
5
5
5
5
5
5
5
5
5
5
5
5
5
5
5
5
5
5
5
5
5
5
5
5
5
5
5
5
5
5
5
5
5
5
5
5
5
5
5
5
5
5
5
5
5
5
5
5
5
5
5
5
5
5
5
5
5
5
5
5
5
5
5
5
5
5
5
5
5
5
5
5
5
5
5
5
5
5
5
5
5
5
5
5
5
5
5
5
5
5
5
5
5
5
5
5
5
5
5
5
5
5
5
5
5
5
5
5
5
5
5
5
5
5
5
5
5
5
5
5
5
5
5
5
5
5
5
5
5
5
5
5
5
5
5
5
5
5
5
5
5
5
5
5
5
5
5
5
5
5
5
5
5
5
5
5
5
5
5
5
5
5
5
5
5
5
5
5
5
5
5
5
5
5
5
5
5
5
5
5
5
5
5
5
5
5
5
5
5
5
5
5
5
5
5
5
5
5
5
5
5
5
5
5
5
5
5
5
5
5
5
5
5
5
5
5
5
5
5
5
5
5
5
5
5
5
5
5
5
5
5
5
5
5
5
5
5
5
5
5
5
5
5
5
5
5
5
5
5
5
5
5
5
5
5
5
5
5
5
5
5
5
5
5
5
5
5
5
5
5
5
5
5
5
5
5
5
5
5
5
5
5
5
5
5
5
5
5
5
5
5
5
5
5
5
5
5
5
5
5
5
5
5
5
5
5
5
5
5
5
5
5
5
5
5
5
5
5
5
5
5
5
5
5
5
5
5
5
5
5
5
5
5
5
5
5
5
5
5
5
5
5
5
5
5
5
5
5
5
5
5
5
5
5
5
5
5
5
5
5
5
5
5
5
5
5
5
5
5
5
5
5
5
5
5
5
5
5
5
5
5
5
5
5
5
5
5
5
5
5
5
5
5
5
5
5
5
5
5
5
5
5
5
5
5
5
5
5
5
5
5
5
5
5
5
5
5
5
5
5
5
5
5
5
5
5
5
5
5
5
5
5
5
5
5
5
5
5
5
5
5
5
5
5
5
5
5
5
5
5
5
5
5
5
5
5
5
5
5
5
5
5
5
5
5
5
5
5
5
5
5
5
5
5
5
5
5
5
5
5
5
5
5
5
5
5
5
5
5
5
5
5
5
5
5
5
5
5
5
5
5
5
5
5
5
5
5
5
5
5
5
5
5
5
5
5
5
5
5
5
5
5
5
5
5
5
5
5
5
5
5
5
5
5
5
5
5
5
5
5
5
5
5
5
5
5
5
5
5
5
5
5
5
5
5
5
5
5
5
5
5
5
5
5
5
5
5
5
5
5
5
5
5
5
5
5
5
5
5
5
5
5
5
5
5
5
5
5
5
5
5
5
5
5
5
5
5
5
5
5
5
5
5
5
5
5
5
5
5
5
5
5
5
5
5
5
5
5
5
5
5
5
5
5
5
5
5
5
5
5
5
5
5
5
5
5
5
5
5
5
5
5
5
5
5
5
5
5
5
5
5
5
5
5
5
5
5
5
5
5
5
5
5
5
5
5
5
5
5
5
5
5
5
5
5
5
5
5
5
5
5
5
5
5
5
5
5
5
5
5
5
5
5
5
5
5
5
5
5
5
5
5
5
5
5
5
5
5
5
5
5
5
5
5
5
5
5
5
5
5
5
5
5
5
5
5
5
5
5
5
5
5
5
5
5
5
5
5
5
5
5
5
5
5
5
5
5
5
5
5
5
5
5
5
5
5
5
5
5
5
5
5
5
5
5
5
5
5
5
5
5
5
5
5
5
5
5
5
5
5
5
5
5
5
5
5
5
5
5
5
5
5
5
5
5
5
5
5
5
5
5
5
5
5
5
5
5
5
5
5
5
5
5
5
5
5
5
5
5
5
5
5
5
5
5
5
5
5
5
5
5
5
5
5
5
5
5
5
5
5
5
5
5
5
5
5
5
5
5
5
5
5
5
5
5
5
5
5
5
5
5
5
5
5
5
5
5
5
5
5
5
5
5
5
5
5
5
5
5
5
5
5
5
5
5
5
5
5
5
5
5
5
5
5
5
5
5
5
5
5
5
5
5
5
5
5
5
5
5
5
5
5
5
5
5
5
5
5
5
5
5
5
5
5
5
5
5
5
5
5
5
5
5
5
5
5
5
5
5
5
5
5
5
5
5
5
5
5
5
5
5
5
5
5
5
5
5
5
5
5
5
5
5
5
5
5
5
5
5
5
5
5
5
5
5
5
5
5
5
5
5
5
5
5
5
5
5
5
5
5
5
5
5
5
5
5
5
5
5
5
5
5
5
5
5
5
5
5
5
5
5
5
5
5
5
5
5
5
5
5
5
5
5
5
5
5
5
5
5
5
5
5
5
5
5
5
5
5
5
5
5
5
5
5
5
5
5
5
5
5
5
5
5
5
5
5
5
5
5
5
5
5
5
5
5
5
5
5
5
5
5
5
5
5
5
5
5
5
5
5
5
5
5
5
5
5
5
5
5
5
5
5
5
5
5
5
5
5
5
5
5
5
5
5
5
5
5
5
5
5
5
5
5
5
5
5
5
5
5
5
5
5
5
5
5
5
5
5
5
5
5
5
5
5
5
5
5
5
5
5
5
5
5
5
5
5
5
5
5
5
5
5
5
5
5
5
5
5
5
5
5
5
5
5
5
5
5
5
5
5
5
5
5
5
5
5
5
5
5
5
5
5
5
5
5
5
5
5
5
5
5
5
5
5
5
5
5
5
5
5
5
5
5
5
5
5
5
5
5
5
5
5
5
5
5
5
5
5
5
5
5
5
5
5
5
5
5
5
5
5
5
5
5
5
5
5
5
5
5
5
5
5
5
5
5
5
5
5
5
5
5
5
5
5
5
5
5
5
5
5
5
5
5
5
5
5
5
5
5
5
5
5
5
5
5
5
5
5
5
5
5
5
5
5
5
5
5
5
5
5
5
5
5
5
5
5
5
5
5
5
5
5
5
5
5
5
5
5
5
5
5
5
5
5
5
5
5
5
5
5
5
5
5
5
5
5
5
5
5
5
5
5
5
5
5
5
5
5
5
5
5
5
5
5
5
5
5
5
5
5
5
5
5
5
5
5
5
5
5
5
5
5
5
5
5
5
5
5
5
5
5
5
5
5
5
5
5
5
5
5
5
5
5
5
5
5
5
5
5
5
5
5
5
5
5
5
5
5
5
5
5
5
5
5
5
5
5
5
5
5
5
5
5
5
5
5
5
5
5
5
5
5
5
5
5
5
5
5
5
5
5
5
5
5
5
5
5
5
5
5
5
5
5
5
5
5
5
5
5
5
5
5
5
5
5
5
5
5
5
5
5
5
5
5
5
5
5
5
5
5
5
5
5
5
5
5
5
5
5
5
5
5
5
5
5
5
5
5
5
5
5
5
5
5
5
5
5
5
5
5
5
5
5
5
5
5
5
5
5
5
5
5
5
5
5
5
5
5
5
5
5
5
5
5
5
5
5
5
5
5
5
5
5
5
5
5
5
5
5
5
5
5
5
5
5
5
5
5
5
5
5
5
5
5
5
5
5
5
5
5
5
5
5
5
5
5
5
5
5
5
5
5
5
5
5
5
5
5
5
5
5
5
5
5
5
5
5
5
5
5
5
5
5
5
5
5
5
5
5
5
5
5
5
5
5
5
5
5
5
5
5
5
5
5
5
5
5
5
5
5
5
5
5
5
5
5
5
5
5
5
5
5
5
5
5
5
5
5
5
5
5
5
5
5
5
5
5
5
5
5
5
5
5
5
5
5
5
5
5
5
5
5
5
5
5
5
5
5
5
5
5
5
5
5
5
5
5
5
5
5
5
5
5
5
5
5
5
5
5
5
5
5
5
5
5
5
5
5
5
5
5
5
5
5
5
5
5
5
5
5
5
5
5
5
5
5
5
5
5
5
5
5
5
5
5
5
5
5
5
5
5
5
5
5
5
5
5
5
5
5
5
5
5
5
5
5
5
5
5
5
5
5
5
5
5
5
5
5
5
5
5
5
5
5
5
5
5
5
5
5
5
5
5
5
5
5
5
5
5
5
5
5
5
5
5
5
5
5
5
5
5
5
5
5
5
5
5
5
5
5
5
5
5
5
5
5
5
5
5
5
5
5
5
5
5
5
5
5
5
5
5
5
5
5
5
5
5
5
5
5
5
5
5
5
5
5
5
5
5
5
5
5
5
5
5
5
5
5
5
5
5
5
5
5
5
5
5
5
5
5
5
5
5
5
5
5
5
5
5
5
5
5
5
5
5
5
5
5
5
5
5
5
5
5
5
5
5
5
5
5
5
5
5
5
5
5
5
5
5
5
5
5
5
5
5
5
5
5
5
5
5
5
5
5
5
5
5
5
5
5
5
5
5
5
5
5
5
5
5
5
5
5
5
5
5
5
5
5
5
5
5
5
5
5
5
5
5
5
5
5
5
5
5
5
5
5
5
5
5
5
