# vtk DataFile Version 3.0
Closed 3D Curves
ASCII
DATASET POLYDATA
POINTS 8442 float
-132.500000 -132.500000 565.000000
-132.500000 -131.168342 564.733668
-132.500000 -129.836683 564.467337
-132.500000 -128.505025 564.201005
-132.500000 -127.173367 563.934673
-132.500000 -125.841709 563.668342
-132.500000 -124.510050 563.402010
-132.500000 -123.178392 563.135678
-132.500000 -121.846734 562.869347
-132.500000 -120.515075 562.603015
-132.500000 -119.183417 562.336683
-132.500000 -117.851759 562.070352
-132.500000 -116.520101 561.804020
-132.500000 -115.188442 561.537688
-132.500000 -113.856784 561.271357
-132.500000 -112.525126 561.005025
-132.500000 -111.193467 560.738693
-132.500000 -109.861809 560.472362
-132.500000 -108.530151 560.206030
-132.500000 -107.198492 560.000000
-132.500000 -105.866834 560.000000
-132.500000 -104.535176 560.000000
-132.500000 -103.203518 560.000000
-132.500000 -101.871859 559.874372
-132.500000 -100.540201 559.608040
-132.500000 -99.208543 559.341709
-132.500000 -97.876884 559.075377
-132.500000 -96.545226 558.809045
-132.500000 -95.213568 558.542714
-132.500000 -93.881910 558.276382
-132.500000 -92.550251 558.010050
-132.500000 -91.218593 557.743719
-132.500000 -89.886935 557.477387
-132.500000 -88.555276 557.211055
-132.500000 -87.223618 556.944724
-132.500000 -85.891960 556.678392
-132.500000 -84.560302 556.412060
-132.500000 -83.228643 556.145729
-132.500000 -81.896985 555.879397
-132.500000 -80.565327 555.613065
-132.500000 -79.233668 555.346734
-132.500000 -77.902010 555.080402
-132.500000 -76.570352 554.628141
-132.500000 -75.238693 554.095477
-132.500000 -73.907035 553.562814
-132.500000 -72.575377 553.030151
-132.500000 -71.243719 552.748744
-132.500000 -69.912060 552.482412
-132.500000 -68.580402 552.216080
-132.500000 -67.248744 551.899497
-132.500000 -65.917085 551.366834
-132.500000 -64.585427 550.834171
-132.500000 -63.253769 550.301508
-132.500000 -61.922111 549.422111
-132.500000 -60.590452 548.090452
-132.500000 -59.258794 546.758794
-132.500000 -57.927136 545.427136
-132.500000 -56.595477 543.914573
-132.500000 -55.263819 542.316583
-132.500000 -53.932161 540.718593
-132.500000 -52.600503 539.120603
-132.500000 -51.268844 537.768844
-132.500000 -49.937186 536.437186
-132.500000 -48.605528 535.105528
-132.500000 -47.273869 533.728643
-132.500000 -45.942211 532.130653
-132.500000 -44.610553 530.532663
-132.500000 -43.278894 528.934673
-132.500000 -41.947236 527.447236
-132.500000 -40.615578 526.115578
-132.500000 -39.283920 524.783920
-132.500000 -37.952261 523.452261
-132.500000 -36.620603 522.120603
-132.500000 -35.288945 520.788945
-132.500000 -33.957286 519.457286
-132.500000 -32.625628 518.125628
-132.500000 -31.293970 516.793970
-132.500000 -29.962312 515.462312
-132.500000 -28.630653 514.130653
-132.500000 -27.298995 512.798995
-132.500000 -25.967337 511.467337
-132.500000 -24.635678 510.135678
-132.500000 -23.304020 508.804020
-132.500000 -21.972362 507.577889
-132.500000 -20.640704 506.512563
-132.500000 -19.309045 505.447236
-132.500000 -17.977387 504.381910
-132.500000 -16.645729 502.120603
-132.500000 -15.314070 499.190955
-132.500000 -13.982412 496.261307
-132.500000 -12.650754 493.331658
-132.500000 -11.319095 484.969849
-132.500000 -9.987437 475.914573
-132.500000 -8.655779 466.859296
-132.500000 -7.324121 458.577889
-132.500000 -5.992462 455.381910
-132.500000 -4.660804 452.185930
-132.500000 -3.329146 448.989950
-132.500000 -1.997487 446.698492
-132.500000 -0.665829 445.899497
-132.500000 0.665829 445.100503
-132.500000 1.997487 444.301508
-132.500000 3.329146 443.502513
-132.500000 4.660804 442.703518
-132.500000 5.992462 441.904523
-132.500000 7.324121 441.105528
-132.500000 8.655779 440.306533
-132.500000 9.987437 439.507538
-132.500000 11.319095 438.708543
-132.500000 12.650754 437.879397
-132.500000 13.982412 436.814070
-132.500000 15.314070 435.748744
-132.500000 16.645729 434.683417
-132.500000 17.977387 433.713568
-132.500000 19.309045 432.914573
-132.500000 20.640704 432.115578
-132.500000 21.972362 431.316583
-132.500000 23.304020 430.195980
-132.500000 24.635678 428.864322
-132.500000 25.967337 427.532663
-132.500000 27.298995 426.201005
-132.500000 28.630653 425.095477
-132.500000 29.962312 424.030151
-132.500000 31.293970 422.964824
-132.500000 32.625628 421.899497
-132.500000 33.957286 420.834171
-132.500000 35.288945 419.768844
-132.500000 36.620603 418.703518
-132.500000 37.952261 417.547739
-132.500000 39.283920 416.216080
-132.500000 40.615578 414.884422
-132.500000 41.947236 413.552764
-132.500000 43.278894 412.376884
-132.500000 44.610553 411.311558
-132.500000 45.942211 410.246231
-132.500000 47.273869 409.180905
-132.500000 48.605528 408.115578
-132.500000 49.937186 407.050251
-132.500000 51.268844 405.984925
-132.500000 52.600503 404.919598
-132.500000 53.932161 403.854271
-132.500000 55.263819 402.788945
-132.500000 56.595477 401.723618
-132.500000 57.927136 400.658291
-132.500000 59.258794 399.592965
-132.500000 60.590452 398.527638
-132.500000 61.922111 397.462312
-132.500000 63.253769 396.396985
-132.500000 64.585427 395.331658
-132.500000 65.917085 394.266332
-132.500000 67.248744 393.201005
-132.500000 68.580402 392.135678
-132.500000 69.912060 391.070352
-132.500000 71.243719 390.005025
-132.500000 72.575377 388.939698
-132.500000 73.907035 387.874372
-132.500000 75.238693 386.809045
-132.500000 76.570352 385.743719
-132.500000 77.902010 384.839196
-132.500000 79.233668 384.306533
-132.500000 80.565327 383.773869
-132.500000 81.896985 383.241206
-132.500000 83.228643 382.417085
-132.500000 84.560302 381.351759
-132.500000 85.891960 380.286432
-132.500000 87.223618 379.221106
-132.500000 88.555276 378.788945
-132.500000 89.886935 378.522613
-132.500000 91.218593 378.256281
-132.500000 92.550251 377.979899
-132.500000 93.881910 377.447236
-132.500000 95.213568 376.914573
-132.500000 96.545226 376.381910
-132.500000 97.876884 375.924623
-132.500000 99.208543 375.658291
-132.500000 100.540201 375.391960
-132.500000 101.871859 375.125628
-132.500000 103.203518 374.859296
-132.500000 104.535176 374.592965
-132.500000 105.866834 374.326633
-132.500000 107.198492 374.060302
-132.500000 108.530151 373.793970
-132.500000 109.861809 373.527638
-132.500000 111.193467 373.261307
-132.500000 112.525126 372.994975
-132.500000 113.856784 372.728643
-132.500000 115.188442 372.462312
-132.500000 116.520101 372.195980
-132.500000 117.851759 371.929648
-132.500000 119.183417 371.663317
-132.500000 120.515075 371.396985
-132.500000 121.846734 371.130653
-132.500000 123.178392 371.000000
-132.500000 124.510050 371.000000
-132.500000 125.841709 371.000000
-132.500000 127.173367 371.000000
-132.500000 128.505025 371.000000
-132.500000 129.836683 371.000000
-132.500000 131.168342 371.000000
-132.500000 132.500000 371.000000
-132.500000 132.500000 254.500000
-132.500000 132.500000 254.500000
-132.500000 131.168342 254.500000
-132.500000 129.836683 254.500000
-132.500000 128.505025 254.500000
-132.500000 127.173367 254.500000
-132.500000 125.841709 254.500000
-132.500000 124.510050 254.500000
-132.500000 123.178392 254.500000
-132.500000 121.846734 254.500000
-132.500000 120.515075 254.500000
-132.500000 119.183417 254.500000
-132.500000 117.851759 254.500000
-132.500000 116.520101 254.500000
-132.500000 115.188442 254.500000
-132.500000 113.856784 254.500000
-132.500000 112.525126 254.500000
-132.500000 111.193467 254.500000
-132.500000 109.861809 254.500000
-132.500000 108.530151 254.500000
-132.500000 107.198492 254.500000
-132.500000 105.866834 254.500000
-132.500000 104.535176 254.500000
-132.500000 103.203518 254.500000
-132.500000 101.871859 254.500000
-132.500000 100.540201 254.500000
-132.500000 99.208543 254.500000
-132.500000 97.876884 254.500000
-132.500000 96.545226 254.500000
-132.500000 95.213568 254.500000
-132.500000 93.881910 254.500000
-132.500000 92.550251 254.500000
-132.500000 91.218593 254.500000
-132.500000 89.886935 254.500000
-132.500000 88.555276 254.500000
-132.500000 87.223618 254.500000
-132.500000 85.891960 254.500000
-132.500000 84.560302 254.500000
-132.500000 83.228643 254.500000
-132.500000 81.896985 254.500000
-132.500000 80.565327 254.500000
-132.500000 79.233668 254.500000
-132.500000 77.902010 254.500000
-132.500000 76.570352 254.500000
-132.500000 75.238693 254.500000
-132.500000 73.907035 254.500000
-132.500000 72.575377 254.500000
-132.500000 71.243719 254.500000
-132.500000 69.912060 254.500000
-132.500000 68.580402 254.500000
-132.500000 67.248744 254.500000
-132.500000 65.917085 254.500000
-132.500000 64.585427 254.500000
-132.500000 63.253769 254.500000
-132.500000 61.922111 254.500000
-132.500000 60.590452 254.500000
-132.500000 59.258794 254.500000
-132.500000 57.927136 254.500000
-132.500000 56.595477 254.500000
-132.500000 55.263819 254.500000
-132.500000 53.932161 254.500000
-132.500000 52.600503 254.500000
-132.500000 51.268844 254.500000
-132.500000 49.937186 254.500000
-132.500000 48.605528 254.500000
-132.500000 47.273869 254.500000
-132.500000 45.942211 254.500000
-132.500000 44.610553 254.500000
-132.500000 43.278894 254.500000
-132.500000 41.947236 254.500000
-132.500000 40.615578 254.500000
-132.500000 39.283920 254.500000
-132.500000 37.952261 254.500000
-132.500000 36.620603 254.500000
-132.500000 35.288945 254.500000
-132.500000 33.957286 254.500000
-132.500000 32.625628 254.500000
-132.500000 31.293970 254.500000
-132.500000 29.962312 254.500000
-132.500000 28.630653 254.500000
-132.500000 27.298995 254.500000
-132.500000 25.967337 254.500000
-132.500000 24.635678 254.500000
-132.500000 23.304020 254.500000
-132.500000 21.972362 254.500000
-132.500000 20.640704 254.500000
-132.500000 19.309045 254.500000
-132.500000 17.977387 254.500000
-132.500000 16.645729 254.500000
-132.500000 15.314070 254.500000
-132.500000 13.982412 254.500000
-132.500000 12.650754 254.500000
-132.500000 11.319095 254.500000
-132.500000 9.987437 254.500000
-132.500000 8.655779 254.500000
-132.500000 7.324121 254.500000
-132.500000 5.992462 254.500000
-132.500000 4.660804 254.500000
-132.500000 3.329146 254.500000
-132.500000 1.997487 254.500000
-132.500000 0.665829 254.500000
-132.500000 -0.665829 254.500000
-132.500000 -1.997487 254.500000
-132.500000 -3.329146 254.500000
-132.500000 -4.660804 254.500000
-132.500000 -5.992462 254.500000
-132.500000 -7.324121 254.500000
-132.500000 -8.655779 254.500000
-132.500000 -9.987437 254.500000
-132.500000 -11.319095 254.500000
-132.500000 -12.650754 254.500000
-132.500000 -13.982412 254.500000
-132.500000 -15.314070 254.500000
-132.500000 -16.645729 254.500000
-132.500000 -17.977387 254.500000
-132.500000 -19.309045 254.500000
-132.500000 -20.640704 254.500000
-132.500000 -21.972362 254.500000
-132.500000 -23.304020 254.500000
-132.500000 -24.635678 254.500000
-132.500000 -25.967337 254.500000
-132.500000 -27.298995 254.500000
-132.500000 -28.630653 254.500000
-132.500000 -29.962312 254.500000
-132.500000 -31.293970 254.500000
-132.500000 -32.625628 254.500000
-132.500000 -33.957286 254.500000
-132.500000 -35.288945 254.500000
-132.500000 -36.620603 254.500000
-132.500000 -37.952261 254.500000
-132.500000 -39.283920 254.500000
-132.500000 -40.615578 254.500000
-132.500000 -41.947236 254.500000
-132.500000 -43.278894 254.500000
-132.500000 -44.610553 254.500000
-132.500000 -45.942211 254.500000
-132.500000 -47.273869 254.500000
-132.500000 -48.605528 254.500000
-132.500000 -49.937186 254.500000
-132.500000 -51.268844 254.500000
-132.500000 -52.600503 254.500000
-132.500000 -53.932161 254.500000
-132.500000 -55.263819 254.500000
-132.500000 -56.595477 254.500000
-132.500000 -57.927136 254.500000
-132.500000 -59.258794 254.500000
-132.500000 -60.590452 254.500000
-132.500000 -61.922111 254.500000
-132.500000 -63.253769 254.500000
-132.500000 -64.585427 254.500000
-132.500000 -65.917085 254.500000
-132.500000 -67.248744 254.500000
-132.500000 -68.580402 254.500000
-132.500000 -69.912060 254.500000
-132.500000 -71.243719 254.500000
-132.500000 -72.575377 254.500000
-132.500000 -73.907035 254.500000
-132.500000 -75.238693 254.500000
-132.500000 -76.570352 254.500000
-132.500000 -77.902010 254.500000
-132.500000 -79.233668 254.500000
-132.500000 -80.565327 254.500000
-132.500000 -81.896985 254.500000
-132.500000 -83.228643 254.500000
-132.500000 -84.560302 254.500000
-132.500000 -85.891960 254.500000
-132.500000 -87.223618 254.500000
-132.500000 -88.555276 254.500000
-132.500000 -89.886935 254.500000
-132.500000 -91.218593 254.500000
-132.500000 -92.550251 254.500000
-132.500000 -93.881910 254.500000
-132.500000 -95.213568 254.500000
-132.500000 -96.545226 254.500000
-132.500000 -97.876884 254.500000
-132.500000 -99.208543 254.500000
-132.500000 -100.540201 254.500000
-132.500000 -101.871859 254.500000
-132.500000 -103.203518 254.500000
-132.500000 -104.535176 254.500000
-132.500000 -105.866834 254.500000
-132.500000 -107.198492 254.500000
-132.500000 -108.530151 254.500000
-132.500000 -109.861809 254.500000
-132.500000 -111.193467 254.500000
-132.500000 -112.525126 254.500000
-132.500000 -113.856784 254.500000
-132.500000 -115.188442 254.500000
-132.500000 -116.520101 254.500000
-132.500000 -117.851759 254.500000
-132.500000 -119.183417 254.500000
-132.500000 -120.515075 254.500000
-132.500000 -121.846734 254.500000
-132.500000 -123.178392 254.500000
-132.500000 -124.510050 254.500000
-132.500000 -125.841709 254.500000
-132.500000 -127.173367 254.500000
-132.500000 -128.505025 254.500000
-132.500000 -129.836683 254.500000
-132.500000 -131.168342 254.500000
-132.500000 -132.500000 254.500000
-132.500000 -132.500000 565.000000
-119.250000 -132.500000 566.650000
-119.250000 -131.168342 566.383668
-119.250000 -129.836683 565.934673
-119.250000 -128.505025 565.402010
-119.250000 -127.173367 564.934673
-119.250000 -125.841709 564.668342
-119.250000 -124.510050 564.402010
-119.250000 -123.178392 564.135678
-119.250000 -121.846734 563.869347
-119.250000 -120.515075 563.603015
-119.250000 -119.183417 563.336683
-119.250000 -117.851759 563.070352
-119.250000 -116.520101 562.804020
-119.250000 -115.188442 562.537688
-119.250000 -113.856784 562.271357
-119.250000 -112.525126 562.005025
-119.250000 -111.193467 561.738693
-119.250000 -109.861809 561.472362
-119.250000 -108.530151 561.206030
-119.250000 -107.198492 560.939698
-119.250000 -105.866834 560.673367
-119.250000 -104.535176 560.407035
-119.250000 -103.203518 560.140704
-119.250000 -101.871859 560.125628
-119.250000 -100.540201 560.391960
-119.250000 -99.208543 560.650000
-119.250000 -97.876884 560.650000
-119.250000 -96.545226 560.650000
-119.250000 -95.213568 560.650000
-119.250000 -93.881910 560.650000
-119.250000 -92.550251 560.650000
-119.250000 -91.218593 560.650000
-119.250000 -89.886935 560.650000
-119.250000 -88.555276 560.511055
-119.250000 -87.223618 560.244724
-119.250000 -85.891960 559.978392
-119.250000 -84.560302 559.712060
-119.250000 -83.228643 559.445729
-119.250000 -81.896985 559.179397
-119.250000 -80.565327 558.913065
-119.250000 -79.233668 558.646734
-119.250000 -77.902010 558.380402
-119.250000 -76.570352 557.928141
-119.250000 -75.238693 557.293216
-119.250000 -73.907035 556.494221
-119.250000 -72.575377 555.695226
-119.250000 -71.243719 554.896231
-119.250000 -69.912060 554.097236
-119.250000 -68.580402 553.432161
-119.250000 -67.248744 552.798995
-119.250000 -65.917085 551.733668
-119.250000 -64.585427 549.969598
-119.250000 -63.253769 548.105276
-119.250000 -61.922111 546.356533
-119.250000 -60.590452 544.758543
-119.250000 -59.258794 543.160553
-119.250000 -57.927136 541.562563
-119.250000 -56.595477 539.964573
-119.250000 -55.263819 538.366583
-119.250000 -53.932161 536.768593
-119.250000 -52.600503 535.170603
-119.250000 -51.268844 533.818844
-119.250000 -49.937186 532.487186
-119.250000 -48.605528 531.155528
-119.250000 -47.273869 529.823869
-119.250000 -45.942211 528.492211
-119.250000 -44.610553 527.160553
-119.250000 -43.278894 525.828894
-119.250000 -41.947236 524.607789
-119.250000 -40.615578 523.542462
-119.250000 -39.283920 522.477136
-119.250000 -37.952261 521.411809
-119.250000 -36.620603 520.346482
-119.250000 -35.288945 519.281156
-119.250000 -33.957286 518.215829
-119.250000 -32.625628 517.150503
-119.250000 -31.293970 516.085176
-119.250000 -29.962312 515.019849
-119.250000 -28.630653 513.830653
-119.250000 -27.298995 512.539196
-119.250000 -25.967337 511.473869
-119.250000 -24.635678 510.408543
-119.250000 -23.304020 509.343216
-119.250000 -21.972362 508.383417
-119.250000 -20.640704 507.584422
-119.250000 -19.309045 506.785427
-119.250000 -17.977387 505.731910
-119.250000 -16.645729 504.666583
-119.250000 -15.314070 503.601256
-119.250000 -13.982412 502.535930
-119.250000 -12.650754 501.470603
-119.250000 -11.319095 499.460553
-119.250000 -9.987437 497.329899
-119.250000 -8.655779 494.723869
-119.250000 -7.324121 491.492714
-119.250000 -5.992462 488.030402
-119.250000 -4.660804 485.657286
-119.250000 -3.329146 483.526633
-119.250000 -1.997487 481.295477
-119.250000 -0.665829 478.898492
-119.250000 0.665829 476.501508
-119.250000 1.997487 469.364070
-119.250000 3.329146 466.052513
-119.250000 4.660804 463.281658
-119.250000 5.992462 456.090704
-119.250000 7.324121 448.899749
-119.250000 8.655779 447.025377
-119.250000 9.987437 445.960050
-119.250000 11.319095 444.894724
-119.250000 12.650754 443.799246
-119.250000 13.982412 442.467588
-119.250000 15.314070 440.923116
-119.250000 16.645729 439.325126
-119.250000 17.977387 437.822613
-119.250000 19.309045 436.490955
-119.250000 20.640704 435.159296
-119.250000 21.972362 433.827638
-119.250000 23.304020 432.817588
-119.250000 24.635678 432.018593
-119.250000 25.967337 431.176131
-119.250000 27.298995 430.110804
-119.250000 28.630653 429.045477
-119.250000 29.962312 428.265075
-119.250000 31.293970 427.732412
-119.250000 32.625628 427.199749
-119.250000 33.957286 426.667085
-119.250000 35.288945 426.134422
-119.250000 36.620603 425.427638
-119.250000 37.952261 424.719095
-119.250000 39.283920 424.179648
-119.250000 40.615578 423.380653
-119.250000 41.947236 422.581658
-119.250000 43.278894 421.938442
-119.250000 44.610553 421.405779
-119.250000 45.942211 420.834673
-119.250000 47.273869 420.035678
-119.250000 48.605528 419.236683
-119.250000 49.937186 418.575126
-119.250000 51.268844 418.042462
-119.250000 52.600503 417.449497
-119.250000 53.932161 416.117839
-119.250000 55.263819 414.988945
-119.250000 56.595477 413.923618
-119.250000 57.927136 412.943719
-119.250000 59.258794 412.144724
-119.250000 60.590452 411.345729
-119.250000 61.922111 410.312312
-119.250000 63.253769 409.397739
-119.250000 64.585427 408.598744
-119.250000 65.917085 407.799749
-119.250000 67.248744 407.000754
-119.250000 68.580402 406.633920
-119.250000 69.912060 406.235176
-119.250000 71.243719 405.702513
-119.250000 72.575377 405.169849
-119.250000 73.907035 404.637186
-119.250000 75.238693 404.104523
-119.250000 76.570352 403.571859
-119.250000 77.902010 402.958794
-119.250000 79.233668 402.159799
-119.250000 80.565327 401.360804
-119.250000 81.896985 400.791206
-119.250000 83.228643 400.258543
-119.250000 84.560302 399.725879
-119.250000 85.891960 399.164824
-119.250000 87.223618 398.365829
-119.250000 88.555276 397.777889
-119.250000 89.886935 397.245226
-119.250000 91.218593 396.712563
-119.250000 92.550251 396.179899
-119.250000 93.881910 395.647236
-119.250000 95.213568 395.114573
-119.250000 96.545226 394.581910
-119.250000 97.876884 394.049246
-119.250000 99.208543 393.516583
-119.250000 100.540201 392.983920
-119.250000 101.871859 392.226884
-119.250000 103.203518 391.709296
-119.250000 104.535176 391.385930
-119.250000 105.866834 390.853266
-119.250000 107.198492 390.320603
-119.250000 108.530151 389.787940
-119.250000 109.861809 389.255276
-119.250000 111.193467 388.722613
-119.250000 112.525126 388.194975
-119.250000 113.856784 387.928643
-119.250000 115.188442 387.474623
-119.250000 116.520101 386.941960
-119.250000 117.851759 386.479648
-119.250000 119.183417 386.213317
-119.250000 120.515075 385.946985
-119.250000 121.846734 385.900000
-119.250000 123.178392 385.764322
-119.250000 124.510050 385.445980
-119.250000 125.841709 384.913317
-119.250000 127.173367 384.380653
-119.250000 128.505025 384.048995
-119.250000 129.836683 383.782663
-119.250000 131.168342 383.516332
-119.250000 132.500000 383.250000
-119.250000 132.500000 254.500000
-119.250000 132.500000 254.500000
-119.250000 131.168342 254.500000
-119.250000 129.836683 254.500000
-119.250000 128.505025 254.500000
-119.250000 127.173367 254.500000
-119.250000 125.841709 254.500000
-119.250000 124.510050 254.500000
-119.250000 123.178392 254.500000
-119.250000 121.846734 254.500000
-119.250000 120.515075 254.500000
-119.250000 119.183417 254.500000
-119.250000 117.851759 254.500000
-119.250000 116.520101 254.500000
-119.250000 115.188442 254.500000
-119.250000 113.856784 254.500000
-119.250000 112.525126 254.500000
-119.250000 111.193467 254.500000
-119.250000 109.861809 254.500000
-119.250000 108.530151 254.500000
-119.250000 107.198492 254.500000
-119.250000 105.866834 254.500000
-119.250000 104.535176 254.500000
-119.250000 103.203518 254.500000
-119.250000 101.871859 254.500000
-119.250000 100.540201 254.500000
-119.250000 99.208543 254.500000
-119.250000 97.876884 254.500000
-119.250000 96.545226 254.500000
-119.250000 95.213568 254.500000
-119.250000 93.881910 254.500000
-119.250000 92.550251 254.500000
-119.250000 91.218593 254.500000
-119.250000 89.886935 254.500000
-119.250000 88.555276 254.500000
-119.250000 87.223618 254.500000
-119.250000 85.891960 254.500000
-119.250000 84.560302 254.500000
-119.250000 83.228643 254.500000
-119.250000 81.896985 254.500000
-119.250000 80.565327 254.500000
-119.250000 79.233668 254.500000
-119.250000 77.902010 254.500000
-119.250000 76.570352 254.500000
-119.250000 75.238693 254.500000
-119.250000 73.907035 254.500000
-119.250000 72.575377 254.500000
-119.250000 71.243719 254.500000
-119.250000 69.912060 254.500000
-119.250000 68.580402 254.500000
-119.250000 67.248744 254.500000
-119.250000 65.917085 254.500000
-119.250000 64.585427 254.500000
-119.250000 63.253769 254.500000
-119.250000 61.922111 254.500000
-119.250000 60.590452 254.500000
-119.250000 59.258794 254.500000
-119.250000 57.927136 254.500000
-119.250000 56.595477 254.500000
-119.250000 55.263819 254.500000
-119.250000 53.932161 254.500000
-119.250000 52.600503 254.500000
-119.250000 51.268844 254.500000
-119.250000 49.937186 254.500000
-119.250000 48.605528 254.500000
-119.250000 47.273869 254.500000
-119.250000 45.942211 254.500000
-119.250000 44.610553 254.500000
-119.250000 43.278894 254.500000
-119.250000 41.947236 254.500000
-119.250000 40.615578 254.500000
-119.250000 39.283920 254.500000
-119.250000 37.952261 254.500000
-119.250000 36.620603 254.500000
-119.250000 35.288945 254.500000
-119.250000 33.957286 254.500000
-119.250000 32.625628 254.500000
-119.250000 31.293970 254.500000
-119.250000 29.962312 254.500000
-119.250000 28.630653 254.500000
-119.250000 27.298995 254.500000
-119.250000 25.967337 254.500000
-119.250000 24.635678 254.500000
-119.250000 23.304020 254.500000
-119.250000 21.972362 254.500000
-119.250000 20.640704 254.500000
-119.250000 19.309045 254.500000
-119.250000 17.977387 254.500000
-119.250000 16.645729 254.500000
-119.250000 15.314070 254.500000
-119.250000 13.982412 254.500000
-119.250000 12.650754 254.500000
-119.250000 11.319095 254.500000
-119.250000 9.987437 254.500000
-119.250000 8.655779 254.500000
-119.250000 7.324121 254.500000
-119.250000 5.992462 254.500000
-119.250000 4.660804 254.500000
-119.250000 3.329146 254.500000
-119.250000 1.997487 254.500000
-119.250000 0.665829 254.500000
-119.250000 -0.665829 254.500000
-119.250000 -1.997487 254.500000
-119.250000 -3.329146 254.500000
-119.250000 -4.660804 254.500000
-119.250000 -5.992462 254.500000
-119.250000 -7.324121 254.500000
-119.250000 -8.655779 254.500000
-119.250000 -9.987437 254.500000
-119.250000 -11.319095 254.500000
-119.250000 -12.650754 254.500000
-119.250000 -13.982412 254.500000
-119.250000 -15.314070 254.500000
-119.250000 -16.645729 254.500000
-119.250000 -17.977387 254.500000
-119.250000 -19.309045 254.500000
-119.250000 -20.640704 254.500000
-119.250000 -21.972362 254.500000
-119.250000 -23.304020 254.500000
-119.250000 -24.635678 254.500000
-119.250000 -25.967337 254.500000
-119.250000 -27.298995 254.500000
-119.250000 -28.630653 254.500000
-119.250000 -29.962312 254.500000
-119.250000 -31.293970 254.500000
-119.250000 -32.625628 254.500000
-119.250000 -33.957286 254.500000
-119.250000 -35.288945 254.500000
-119.250000 -36.620603 254.500000
-119.250000 -37.952261 254.500000
-119.250000 -39.283920 254.500000
-119.250000 -40.615578 254.500000
-119.250000 -41.947236 254.500000
-119.250000 -43.278894 254.500000
-119.250000 -44.610553 254.500000
-119.250000 -45.942211 254.500000
-119.250000 -47.273869 254.500000
-119.250000 -48.605528 254.500000
-119.250000 -49.937186 254.500000
-119.250000 -51.268844 254.500000
-119.250000 -52.600503 254.500000
-119.250000 -53.932161 254.500000
-119.250000 -55.263819 254.500000
-119.250000 -56.595477 254.500000
-119.250000 -57.927136 254.500000
-119.250000 -59.258794 254.500000
-119.250000 -60.590452 254.500000
-119.250000 -61.922111 254.500000
-119.250000 -63.253769 254.500000
-119.250000 -64.585427 254.500000
-119.250000 -65.917085 254.500000
-119.250000 -67.248744 254.500000
-119.250000 -68.580402 254.500000
-119.250000 -69.912060 254.500000
-119.250000 -71.243719 254.500000
-119.250000 -72.575377 254.500000
-119.250000 -73.907035 254.500000
-119.250000 -75.238693 254.500000
-119.250000 -76.570352 254.500000
-119.250000 -77.902010 254.500000
-119.250000 -79.233668 254.500000
-119.250000 -80.565327 254.500000
-119.250000 -81.896985 254.500000
-119.250000 -83.228643 254.500000
-119.250000 -84.560302 254.500000
-119.250000 -85.891960 254.500000
-119.250000 -87.223618 254.500000
-119.250000 -88.555276 254.500000
-119.250000 -89.886935 254.500000
-119.250000 -91.218593 254.500000
-119.250000 -92.550251 254.500000
-119.250000 -93.881910 254.500000
-119.250000 -95.213568 254.500000
-119.250000 -96.545226 254.500000
-119.250000 -97.876884 254.500000
-119.250000 -99.208543 254.500000
-119.250000 -100.540201 254.500000
-119.250000 -101.871859 254.500000
-119.250000 -103.203518 254.500000
-119.250000 -104.535176 254.500000
-119.250000 -105.866834 254.500000
-119.250000 -107.198492 254.500000
-119.250000 -108.530151 254.500000
-119.250000 -109.861809 254.500000
-119.250000 -111.193467 254.500000
-119.250000 -112.525126 254.500000
-119.250000 -113.856784 254.500000
-119.250000 -115.188442 254.500000
-119.250000 -116.520101 254.500000
-119.250000 -117.851759 254.500000
-119.250000 -119.183417 254.500000
-119.250000 -120.515075 254.500000
-119.250000 -121.846734 254.500000
-119.250000 -123.178392 254.500000
-119.250000 -124.510050 254.500000
-119.250000 -125.841709 254.500000
-119.250000 -127.173367 254.500000
-119.250000 -128.505025 254.500000
-119.250000 -129.836683 254.500000
-119.250000 -131.168342 254.500000
-119.250000 -132.500000 254.500000
-119.250000 -132.500000 566.650000
-106.000000 -132.500000 567.000000
-106.000000 -131.168342 566.467337
-106.000000 -129.836683 565.934673
-106.000000 -128.505025 565.402010
-106.000000 -127.173367 564.934673
-106.000000 -125.841709 564.668342
-106.000000 -124.510050 564.402010
-106.000000 -123.178392 564.135678
-106.000000 -121.846734 563.869347
-106.000000 -120.515075 563.603015
-106.000000 -119.183417 563.336683
-106.000000 -117.851759 563.070352
-106.000000 -116.520101 562.608040
-106.000000 -115.188442 562.237688
-106.000000 -113.856784 561.971357
-106.000000 -112.525126 561.705025
-106.000000 -111.193467 561.177387
-106.000000 -109.861809 560.644724
-106.000000 -108.530151 560.206030
-106.000000 -107.198492 560.000000
-106.000000 -105.866834 560.000000
-106.000000 -104.535176 560.000000
-106.000000 -103.203518 560.000000
-106.000000 -101.871859 559.874372
-106.000000 -100.540201 559.700000
-106.000000 -99.208543 559.700000
-106.000000 -97.876884 559.700000
-106.000000 -96.545226 559.700000
-106.000000 -95.213568 559.700000
-106.000000 -93.881910 559.700000
-106.000000 -92.550251 559.700000
-106.000000 -91.218593 559.700000
-106.000000 -89.886935 559.700000
-106.000000 -88.555276 559.611055
-106.000000 -87.223618 559.344724
-106.000000 -85.891960 559.100000
-106.000000 -84.560302 559.100000
-106.000000 -83.228643 559.100000
-106.000000 -81.896985 558.979397
-106.000000 -80.565327 558.713065
-106.000000 -79.233668 558.446734
-106.000000 -77.902010 558.180402
-106.000000 -76.570352 557.356281
-106.000000 -75.238693 556.290955
-106.000000 -73.907035 555.225628
-106.000000 -72.575377 554.160302
-106.000000 -71.243719 552.089950
-106.000000 -69.912060 550.612060
-106.000000 -68.580402 549.280402
-106.000000 -67.248744 547.546734
-106.000000 -65.917085 544.084422
-106.000000 -64.585427 540.622111
-106.000000 -63.253769 537.159799
-106.000000 -61.922111 534.506533
-106.000000 -60.590452 532.662814
-106.000000 -59.258794 530.265829
-106.000000 -57.927136 527.868844
-106.000000 -56.595477 526.195477
-106.000000 -55.263819 524.863819
-106.000000 -53.932161 523.532161
-106.000000 -52.600503 522.200503
-106.000000 -51.268844 521.115075
-106.000000 -49.937186 520.049749
-106.000000 -48.605528 518.984422
-106.000000 -47.273869 517.964322
-106.000000 -45.942211 517.165327
-106.000000 -44.610553 516.366332
-106.000000 -43.278894 515.567337
-106.000000 -41.947236 514.768342
-106.000000 -40.615578 513.969347
-106.000000 -39.283920 513.170352
-106.000000 -37.952261 512.161809
-106.000000 -36.620603 511.272362
-106.000000 -35.288945 510.331156
-106.000000 -33.957286 509.265829
-106.000000 -32.625628 508.200503
-106.000000 -31.293970 507.376382
-106.000000 -29.962312 506.577387
-106.000000 -28.630653 505.704523
-106.000000 -27.298995 504.639196
-106.000000 -25.967337 503.573869
-106.000000 -24.635678 502.508543
-106.000000 -23.304020 501.443216
-106.000000 -21.972362 500.377889
-106.000000 -20.640704 499.312563
-106.000000 -19.309045 498.247236
-106.000000 -17.977387 496.772864
-106.000000 -16.645729 495.345729
-106.000000 -15.314070 493.876884
-106.000000 -13.982412 492.278894
-106.000000 -12.650754 490.680905
-106.000000 -11.319095 489.082915
-106.000000 -9.987437 487.484925
-106.000000 -8.655779 485.886935
-106.000000 -7.324121 484.253769
-106.000000 -5.992462 482.387940
-106.000000 -4.660804 480.257286
-106.000000 -3.329146 478.126633
-106.000000 -1.997487 475.995980
-106.000000 -0.665829 473.731658
-106.000000 0.665829 471.068342
-106.000000 1.997487 468.405025
-106.000000 3.329146 466.073367
-106.000000 4.660804 463.546231
-106.000000 5.992462 460.616583
-106.000000 7.324121 457.686935
-106.000000 8.655779 455.450754
-106.000000 9.987437 453.320101
-106.000000 11.319095 451.380905
-106.000000 12.650754 450.079397
-106.000000 13.982412 449.014070
-106.000000 15.314070 447.948744
-106.000000 16.645729 446.883417
-106.000000 17.977387 445.913568
-106.000000 19.309045 445.114573
-106.000000 20.640704 444.315578
-106.000000 21.972362 443.516583
-106.000000 23.304020 442.878392
-106.000000 24.635678 442.345729
-106.000000 25.967337 441.813065
-106.000000 27.298995 441.280402
-106.000000 28.630653 440.747739
-106.000000 29.962312 440.215075
-106.000000 31.293970 439.682412
-106.000000 32.625628 439.149749
-106.000000 33.957286 438.617085
-106.000000 35.288945 438.084422
-106.000000 36.620603 437.551759
-106.000000 37.952261 437.109548
-106.000000 39.283920 436.786432
-106.000000 40.615578 436.253769
-106.000000 41.947236 435.721106
-106.000000 43.278894 435.344221
-106.000000 44.610553 435.077889
-106.000000 45.942211 434.811558
-106.000000 47.273869 434.800000
-106.000000 48.605528 434.578894
-106.000000 49.937186 434.312563
-106.000000 51.268844 434.046231
-106.000000 52.600503 433.759799
-106.000000 53.932161 433.227136
-106.000000 55.263819 432.694472
-106.000000 56.595477 432.161809
-106.000000 57.927136 431.629146
-106.000000 59.258794 431.096482
-106.000000 60.590452 430.563819
-106.000000 61.922111 430.031156
-106.000000 63.253769 429.347739
-106.000000 64.585427 428.548744
-106.000000 65.917085 427.749749
-106.000000 67.248744 426.950754
-106.000000 68.580402 426.367839
-106.000000 69.912060 425.835176
-106.000000 71.243719 425.302513
-106.000000 72.575377 424.769849
-106.000000 73.907035 424.237186
-106.000000 75.238693 423.704523
-106.000000 76.570352 423.171859
-106.000000 77.902010 422.719598
-106.000000 79.233668 422.453266
-106.000000 80.565327 422.186935
-106.000000 81.896985 421.920603
-106.000000 83.228643 421.800000
-106.000000 84.560302 421.800000
-106.000000 85.891960 421.800000
-106.000000 87.223618 421.800000
-106.000000 88.555276 421.166834
-106.000000 89.886935 420.367839
-106.000000 91.218593 419.612563
-106.000000 92.550251 419.079899
-106.000000 93.881910 418.547236
-106.000000 95.213568 417.771859
-106.000000 96.545226 416.972864
-106.000000 97.876884 416.249246
-106.000000 99.208543 415.674874
-106.000000 100.540201 414.875879
-106.000000 101.871859 414.076884
-106.000000 103.203518 412.996482
-106.000000 104.535176 411.878894
-106.000000 105.866834 411.079899
-106.000000 107.198492 410.280905
-106.000000 108.530151 409.275879
-106.000000 109.861809 408.210553
-106.000000 111.193467 407.145226
-106.000000 112.525126 406.074874
-106.000000 113.856784 404.743216
-106.000000 115.188442 403.649246
-106.000000 116.520101 402.583920
-106.000000 117.851759 401.377889
-106.000000 119.183417 399.889950
-106.000000 120.515075 399.090955
-106.000000 121.846734 398.291960
-106.000000 123.178392 397.492965
-106.000000 124.510050 396.693970
-106.000000 125.841709 395.894975
-106.000000 127.173367 395.095980
-106.000000 128.505025 394.497990
-106.000000 129.836683 393.965327
-106.000000 131.168342 393.398995
-106.000000 132.500000 392.600000
-106.000000 132.500000 254.500000
-106.000000 132.500000 254.500000
-106.000000 131.168342 254.500000
-106.000000 129.836683 254.500000
-106.000000 128.505025 254.500000
-106.000000 127.173367 254.500000
-106.000000 125.841709 254.500000
-106.000000 124.510050 254.500000
-106.000000 123.178392 254.500000
-106.000000 121.846734 254.500000
-106.000000 120.515075 254.500000
-106.000000 119.183417 254.500000
-106.000000 117.851759 254.500000
-106.000000 116.520101 254.500000
-106.000000 115.188442 254.500000
-106.000000 113.856784 254.500000
-106.000000 112.525126 254.500000
-106.000000 111.193467 254.500000
-106.000000 109.861809 254.500000
-106.000000 108.530151 254.500000
-106.000000 107.198492 254.500000
-106.000000 105.866834 254.500000
-106.000000 104.535176 254.500000
-106.000000 103.203518 254.500000
-106.000000 101.871859 254.500000
-106.000000 100.540201 254.500000
-106.000000 99.208543 254.500000
-106.000000 97.876884 254.500000
-106.000000 96.545226 254.500000
-106.000000 95.213568 254.500000
-106.000000 93.881910 254.500000
-106.000000 92.550251 254.500000
-106.000000 91.218593 254.500000
-106.000000 89.886935 254.500000
-106.000000 88.555276 254.500000
-106.000000 87.223618 254.500000
-106.000000 85.891960 254.500000
-106.000000 84.560302 254.500000
-106.000000 83.228643 254.500000
-106.000000 81.896985 254.500000
-106.000000 80.565327 254.500000
-106.000000 79.233668 254.500000
-106.000000 77.902010 254.500000
-106.000000 76.570352 254.500000
-106.000000 75.238693 254.500000
-106.000000 73.907035 254.500000
-106.000000 72.575377 254.500000
-106.000000 71.243719 254.500000
-106.000000 69.912060 254.500000
-106.000000 68.580402 254.500000
-106.000000 67.248744 254.500000
-106.000000 65.917085 254.500000
-106.000000 64.585427 254.500000
-106.000000 63.253769 254.500000
-106.000000 61.922111 254.500000
-106.000000 60.590452 254.500000
-106.000000 59.258794 254.500000
-106.000000 57.927136 254.500000
-106.000000 56.595477 254.500000
-106.000000 55.263819 254.500000
-106.000000 53.932161 254.500000
-106.000000 52.600503 254.500000
-106.000000 51.268844 254.500000
-106.000000 49.937186 254.500000
-106.000000 48.605528 254.500000
-106.000000 47.273869 254.500000
-106.000000 45.942211 254.500000
-106.000000 44.610553 254.500000
-106.000000 43.278894 254.500000
-106.000000 41.947236 254.500000
-106.000000 40.615578 254.500000
-106.000000 39.283920 254.500000
-106.000000 37.952261 254.500000
-106.000000 36.620603 254.500000
-106.000000 35.288945 254.500000
-106.000000 33.957286 254.500000
-106.000000 32.625628 254.500000
-106.000000 31.293970 254.500000
-106.000000 29.962312 254.500000
-106.000000 28.630653 254.500000
-106.000000 27.298995 254.500000
-106.000000 25.967337 254.500000
-106.000000 24.635678 254.500000
-106.000000 23.304020 254.500000
-106.000000 21.972362 254.500000
-106.000000 20.640704 254.500000
-106.000000 19.309045 254.500000
-106.000000 17.977387 254.500000
-106.000000 16.645729 254.500000
-106.000000 15.314070 254.500000
-106.000000 13.982412 254.500000
-106.000000 12.650754 254.500000
-106.000000 11.319095 254.500000
-106.000000 9.987437 254.500000
-106.000000 8.655779 254.500000
-106.000000 7.324121 254.500000
-106.000000 5.992462 254.500000
-106.000000 4.660804 254.500000
-106.000000 3.329146 254.500000
-106.000000 1.997487 254.500000
-106.000000 0.665829 254.500000
-106.000000 -0.665829 254.500000
-106.000000 -1.997487 254.500000
-106.000000 -3.329146 254.500000
-106.000000 -4.660804 254.500000
-106.000000 -5.992462 254.500000
-106.000000 -7.324121 254.500000
-106.000000 -8.655779 254.500000
-106.000000 -9.987437 254.500000
-106.000000 -11.319095 254.500000
-106.000000 -12.650754 254.500000
-106.000000 -13.982412 254.500000
-106.000000 -15.314070 254.500000
-106.000000 -16.645729 254.500000
-106.000000 -17.977387 254.500000
-106.000000 -19.309045 254.500000
-106.000000 -20.640704 254.500000
-106.000000 -21.972362 254.500000
-106.000000 -23.304020 254.500000
-106.000000 -24.635678 254.500000
-106.000000 -25.967337 254.500000
-106.000000 -27.298995 254.500000
-106.000000 -28.630653 254.500000
-106.000000 -29.962312 254.500000
-106.000000 -31.293970 254.500000
-106.000000 -32.625628 254.500000
-106.000000 -33.957286 254.500000
-106.000000 -35.288945 254.500000
-106.000000 -36.620603 254.500000
-106.000000 -37.952261 254.500000
-106.000000 -39.283920 254.500000
-106.000000 -40.615578 254.500000
-106.000000 -41.947236 254.500000
-106.000000 -43.278894 254.500000
-106.000000 -44.610553 254.500000
-106.000000 -45.942211 254.500000
-106.000000 -47.273869 254.500000
-106.000000 -48.605528 254.500000
-106.000000 -49.937186 254.500000
-106.000000 -51.268844 254.500000
-106.000000 -52.600503 254.500000
-106.000000 -53.932161 254.500000
-106.000000 -55.263819 254.500000
-106.000000 -56.595477 254.500000
-106.000000 -57.927136 254.500000
-106.000000 -59.258794 254.500000
-106.000000 -60.590452 254.500000
-106.000000 -61.922111 254.500000
-106.000000 -63.253769 254.500000
-106.000000 -64.585427 254.500000
-106.000000 -65.917085 254.500000
-106.000000 -67.248744 254.500000
-106.000000 -68.580402 254.500000
-106.000000 -69.912060 254.500000
-106.000000 -71.243719 254.500000
-106.000000 -72.575377 254.500000
-106.000000 -73.907035 254.500000
-106.000000 -75.238693 254.500000
-106.000000 -76.570352 254.500000
-106.000000 -77.902010 254.500000
-106.000000 -79.233668 254.500000
-106.000000 -80.565327 254.500000
-106.000000 -81.896985 254.500000
-106.000000 -83.228643 254.500000
-106.000000 -84.560302 254.500000
-106.000000 -85.891960 254.500000
-106.000000 -87.223618 254.500000
-106.000000 -88.555276 254.500000
-106.000000 -89.886935 254.500000
-106.000000 -91.218593 254.500000
-106.000000 -92.550251 254.500000
-106.000000 -93.881910 254.500000
-106.000000 -95.213568 254.500000
-106.000000 -96.545226 254.500000
-106.000000 -97.876884 254.500000
-106.000000 -99.208543 254.500000
-106.000000 -100.540201 254.500000
-106.000000 -101.871859 254.500000
-106.000000 -103.203518 254.500000
-106.000000 -104.535176 254.500000
-106.000000 -105.866834 254.500000
-106.000000 -107.198492 254.500000
-106.000000 -108.530151 254.500000
-106.000000 -109.861809 254.500000
-106.000000 -111.193467 254.500000
-106.000000 -112.525126 254.500000
-106.000000 -113.856784 254.500000
-106.000000 -115.188442 254.500000
-106.000000 -116.520101 254.500000
-106.000000 -117.851759 254.500000
-106.000000 -119.183417 254.500000
-106.000000 -120.515075 254.500000
-106.000000 -121.846734 254.500000
-106.000000 -123.178392 254.500000
-106.000000 -124.510050 254.500000
-106.000000 -125.841709 254.500000
-106.000000 -127.173367 254.500000
-106.000000 -128.505025 254.500000
-106.000000 -129.836683 254.500000
-106.000000 -131.168342 254.500000
-106.000000 -132.500000 254.500000
-106.000000 -132.500000 567.000000
-92.750000 -132.500000 567.000000
-92.750000 -131.168342 566.467337
-92.750000 -129.836683 565.934673
-92.750000 -128.505025 565.402010
-92.750000 -127.173367 564.934673
-92.750000 -125.841709 564.668342
-92.750000 -124.510050 564.402010
-92.750000 -123.178392 564.135678
-92.750000 -121.846734 563.738693
-92.750000 -120.515075 563.206030
-92.750000 -119.183417 562.673367
-92.750000 -117.851759 562.140704
-92.750000 -116.520101 561.804020
-92.750000 -115.188442 561.537688
-92.750000 -113.856784 561.271357
-92.750000 -112.525126 561.005025
-92.750000 -111.193467 560.738693
-92.750000 -109.861809 560.472362
-92.750000 -108.530151 560.206030
-92.750000 -107.198492 559.879397
-92.750000 -105.866834 559.346734
-92.750000 -104.535176 558.814070
-92.750000 -103.203518 558.281407
-92.750000 -101.871859 557.924372
-92.750000 -100.540201 557.658040
-92.750000 -99.208543 557.391709
-92.750000 -97.876884 557.125377
-92.750000 -96.545226 556.859045
-92.750000 -95.213568 556.592714
-92.750000 -93.881910 556.326382
-92.750000 -92.550251 556.060050
-92.750000 -91.218593 555.793719
-92.750000 -89.886935 555.527387
-92.750000 -88.555276 555.261055
-92.750000 -87.223618 554.994724
-92.750000 -85.891960 554.728392
-92.750000 -84.560302 554.462060
-92.750000 -83.228643 554.195729
-92.750000 -81.896985 553.808794
-92.750000 -80.565327 553.276131
-92.750000 -79.233668 552.743467
-92.750000 -77.902010 552.210804
-92.750000 -76.570352 551.120352
-92.750000 -75.238693 549.788693
-92.750000 -73.907035 548.457035
-92.750000 -72.575377 547.160302
-92.750000 -71.243719 544.587437
-92.750000 -69.912060 541.924121
-92.750000 -68.580402 539.260804
-92.750000 -67.248744 536.597990
-92.750000 -65.917085 534.467337
-92.750000 -64.585427 532.336683
-92.750000 -63.253769 530.206030
-92.750000 -61.922111 528.306533
-92.750000 -60.590452 526.708543
-92.750000 -59.258794 525.110553
-92.750000 -57.927136 523.512563
-92.750000 -56.595477 522.276382
-92.750000 -55.263819 521.211055
-92.750000 -53.932161 520.145729
-92.750000 -52.600503 519.050503
-92.750000 -51.268844 518.015075
-92.750000 -49.937186 516.949749
-92.750000 -48.605528 515.884422
-92.750000 -47.273869 514.819095
-92.750000 -45.942211 513.753769
-92.750000 -44.610553 512.688442
-92.750000 -43.278894 511.623116
-92.750000 -41.947236 510.607789
-92.750000 -40.615578 509.542462
-92.750000 -39.283920 508.477136
-92.750000 -37.952261 507.411809
-92.750000 -36.620603 506.346482
-92.750000 -35.288945 505.281156
-92.750000 -33.957286 504.215829
-92.750000 -32.625628 503.150503
-92.750000 -31.293970 502.085176
-92.750000 -29.962312 501.019849
-92.750000 -28.630653 499.954523
-92.750000 -27.298995 498.848995
-92.750000 -25.967337 497.773869
-92.750000 -24.635678 496.708543
-92.750000 -23.304020 495.643216
-92.750000 -21.972362 494.472362
-92.750000 -20.640704 493.140704
-92.750000 -19.309045 491.809045
-92.750000 -17.977387 490.477387
-92.750000 -16.645729 489.266583
-92.750000 -15.314070 488.201256
-92.750000 -13.982412 487.135930
-92.750000 -12.650754 486.070603
-92.750000 -11.319095 484.769095
-92.750000 -9.987437 483.437437
-92.750000 -8.655779 482.105779
-92.750000 -7.324121 480.759296
-92.750000 -5.992462 479.693970
-92.750000 -4.660804 478.628643
-92.750000 -3.329146 477.563317
-92.750000 -1.997487 476.347990
-92.750000 -0.665829 475.282663
-92.750000 0.665829 474.217337
-92.750000 1.997487 473.152010
-92.750000 3.329146 472.418342
-92.750000 4.660804 471.885678
-92.750000 5.992462 471.353015
-92.750000 7.324121 470.775879
-92.750000 8.655779 469.856533
-92.750000 9.987437 469.057538
-92.750000 11.319095 468.258543
-92.750000 12.650754 467.459548
-92.750000 13.982412 466.660553
-92.750000 15.314070 465.861558
-92.750000 16.645729 465.062563
-92.750000 17.977387 464.163568
-92.750000 19.309045 463.364573
-92.750000 20.640704 462.565578
-92.750000 21.972362 461.766583
-92.750000 23.304020 460.806784
-92.750000 24.635678 459.741457
-92.750000 25.967337 458.676131
-92.750000 27.298995 457.620603
-92.750000 28.630653 456.343216
-92.750000 29.962312 454.745226
-92.750000 31.293970 453.147236
-92.750000 32.625628 451.674874
-92.750000 33.957286 450.925628
-92.750000 35.288945 450.126633
-92.750000 36.620603 449.327638
-92.750000 37.952261 449.071357
-92.750000 39.283920 449.870352
-92.750000 40.615578 450.669347
-92.750000 41.947236 451.468342
-92.750000 43.278894 451.494221
-92.750000 44.610553 451.227889
-92.750000 45.942211 450.961558
-92.750000 47.273869 450.695226
-92.750000 48.605528 450.478894
-92.750000 49.937186 450.212563
-92.750000 51.268844 449.946231
-92.750000 52.600503 449.639698
-92.750000 53.932161 448.840704
-92.750000 55.263819 448.041709
-92.750000 56.595477 447.242714
-92.750000 57.927136 446.493719
-92.750000 59.258794 445.694724
-92.750000 60.590452 444.895729
-92.750000 61.922111 444.096734
-92.750000 63.253769 443.347739
-92.750000 64.585427 442.548744
-92.750000 65.917085 441.749749
-92.750000 67.248744 440.950754
-92.750000 68.580402 440.151759
-92.750000 69.912060 439.352764
-92.750000 71.243719 438.553769
-92.750000 72.575377 437.769849
-92.750000 73.907035 437.237186
-92.750000 75.238693 436.704523
-92.750000 76.570352 436.171859
-92.750000 77.902010 435.880402
-92.750000 79.233668 436.146734
-92.750000 80.565327 436.413065
-92.750000 81.896985 436.679397
-92.750000 83.228643 436.750000
-92.750000 84.560302 436.750000
-92.750000 85.891960 436.750000
-92.750000 87.223618 436.750000
-92.750000 88.555276 436.327889
-92.750000 89.886935 435.795226
-92.750000 91.218593 435.262563
-92.750000 92.550251 434.729899
-92.750000 93.881910 434.197236
-92.750000 95.213568 433.664573
-92.750000 96.545226 433.131910
-92.750000 97.876884 432.523869
-92.750000 99.208543 431.724874
-92.750000 100.540201 430.925879
-92.750000 101.871859 430.126884
-92.750000 103.203518 429.237186
-92.750000 104.535176 428.171859
-92.750000 105.866834 427.106533
-92.750000 107.198492 426.041206
-92.750000 108.530151 424.975879
-92.750000 109.861809 423.910553
-92.750000 111.193467 422.845226
-92.750000 112.525126 421.719849
-92.750000 113.856784 420.121859
-92.750000 115.188442 418.523869
-92.750000 116.520101 416.925879
-92.750000 117.851759 415.307538
-92.750000 119.183417 413.443216
-92.750000 120.515075 411.578894
-92.750000 121.846734 409.714573
-92.750000 123.178392 407.850251
-92.750000 124.510050 405.985930
-92.750000 125.841709 404.121608
-92.750000 127.173367 402.257286
-92.750000 128.505025 400.894975
-92.750000 129.836683 399.563317
-92.750000 131.168342 398.231658
-92.750000 132.500000 396.900000
-92.750000 132.500000 254.500000
-92.750000 132.500000 254.500000
-92.750000 131.168342 254.500000
-92.750000 129.836683 254.500000
-92.750000 128.505025 254.500000
-92.750000 127.173367 254.500000
-92.750000 125.841709 254.500000
-92.750000 124.510050 254.500000
-92.750000 123.178392 254.500000
-92.750000 121.846734 254.500000
-92.750000 120.515075 254.500000
-92.750000 119.183417 254.500000
-92.750000 117.851759 254.500000
-92.750000 116.520101 254.500000
-92.750000 115.188442 254.500000
-92.750000 113.856784 254.500000
-92.750000 112.525126 254.500000
-92.750000 111.193467 254.500000
-92.750000 109.861809 254.500000
-92.750000 108.530151 254.500000
-92.750000 107.198492 254.500000
-92.750000 105.866834 254.500000
-92.750000 104.535176 254.500000
-92.750000 103.203518 254.500000
-92.750000 101.871859 254.500000
-92.750000 100.540201 254.500000
-92.750000 99.208543 254.500000
-92.750000 97.876884 254.500000
-92.750000 96.545226 254.500000
-92.750000 95.213568 254.500000
-92.750000 93.881910 254.500000
-92.750000 92.550251 254.500000
-92.750000 91.218593 254.500000
-92.750000 89.886935 254.500000
-92.750000 88.555276 254.500000
-92.750000 87.223618 254.500000
-92.750000 85.891960 254.500000
-92.750000 84.560302 254.500000
-92.750000 83.228643 254.500000
-92.750000 81.896985 254.500000
-92.750000 80.565327 254.500000
-92.750000 79.233668 254.500000
-92.750000 77.902010 254.500000
-92.750000 76.570352 254.500000
-92.750000 75.238693 254.500000
-92.750000 73.907035 254.500000
-92.750000 72.575377 254.500000
-92.750000 71.243719 254.500000
-92.750000 69.912060 254.500000
-92.750000 68.580402 254.500000
-92.750000 67.248744 254.500000
-92.750000 65.917085 254.500000
-92.750000 64.585427 254.500000
-92.750000 63.253769 254.500000
-92.750000 61.922111 254.500000
-92.750000 60.590452 254.500000
-92.750000 59.258794 254.500000
-92.750000 57.927136 254.500000
-92.750000 56.595477 254.500000
-92.750000 55.263819 254.500000
-92.750000 53.932161 254.500000
-92.750000 52.600503 254.500000
-92.750000 51.268844 254.500000
-92.750000 49.937186 254.500000
-92.750000 48.605528 254.500000
-92.750000 47.273869 254.500000
-92.750000 45.942211 254.500000
-92.750000 44.610553 254.500000
-92.750000 43.278894 254.500000
-92.750000 41.947236 254.500000
-92.750000 40.615578 254.500000
-92.750000 39.283920 254.500000
-92.750000 37.952261 254.500000
-92.750000 36.620603 254.500000
-92.750000 35.288945 254.500000
-92.750000 33.957286 254.500000
-92.750000 32.625628 254.500000
-92.750000 31.293970 254.500000
-92.750000 29.962312 254.500000
-92.750000 28.630653 254.500000
-92.750000 27.298995 254.500000
-92.750000 25.967337 254.500000
-92.750000 24.635678 254.500000
-92.750000 23.304020 254.500000
-92.750000 21.972362 254.500000
-92.750000 20.640704 254.500000
-92.750000 19.309045 254.500000
-92.750000 17.977387 254.500000
-92.750000 16.645729 254.500000
-92.750000 15.314070 254.500000
-92.750000 13.982412 254.500000
-92.750000 12.650754 254.500000
-92.750000 11.319095 254.500000
-92.750000 9.987437 254.500000
-92.750000 8.655779 254.500000
-92.750000 7.324121 254.500000
-92.750000 5.992462 254.500000
-92.750000 4.660804 254.500000
-92.750000 3.329146 254.500000
-92.750000 1.997487 254.500000
-92.750000 0.665829 254.500000
-92.750000 -0.665829 254.500000
-92.750000 -1.997487 254.500000
-92.750000 -3.329146 254.500000
-92.750000 -4.660804 254.500000
-92.750000 -5.992462 254.500000
-92.750000 -7.324121 254.500000
-92.750000 -8.655779 254.500000
-92.750000 -9.987437 254.500000
-92.750000 -11.319095 254.500000
-92.750000 -12.650754 254.500000
-92.750000 -13.982412 254.500000
-92.750000 -15.314070 254.500000
-92.750000 -16.645729 254.500000
-92.750000 -17.977387 254.500000
-92.750000 -19.309045 254.500000
-92.750000 -20.640704 254.500000
-92.750000 -21.972362 254.500000
-92.750000 -23.304020 254.500000
-92.750000 -24.635678 254.500000
-92.750000 -25.967337 254.500000
-92.750000 -27.298995 254.500000
-92.750000 -28.630653 254.500000
-92.750000 -29.962312 254.500000
-92.750000 -31.293970 254.500000
-92.750000 -32.625628 254.500000
-92.750000 -33.957286 254.500000
-92.750000 -35.288945 254.500000
-92.750000 -36.620603 254.500000
-92.750000 -37.952261 254.500000
-92.750000 -39.283920 254.500000
-92.750000 -40.615578 254.500000
-92.750000 -41.947236 254.500000
-92.750000 -43.278894 254.500000
-92.750000 -44.610553 254.500000
-92.750000 -45.942211 254.500000
-92.750000 -47.273869 254.500000
-92.750000 -48.605528 254.500000
-92.750000 -49.937186 254.500000
-92.750000 -51.268844 254.500000
-92.750000 -52.600503 254.500000
-92.750000 -53.932161 254.500000
-92.750000 -55.263819 254.500000
-92.750000 -56.595477 254.500000
-92.750000 -57.927136 254.500000
-92.750000 -59.258794 254.500000
-92.750000 -60.590452 254.500000
-92.750000 -61.922111 254.500000
-92.750000 -63.253769 254.500000
-92.750000 -64.585427 254.500000
-92.750000 -65.917085 254.500000
-92.750000 -67.248744 254.500000
-92.750000 -68.580402 254.500000
-92.750000 -69.912060 254.500000
-92.750000 -71.243719 254.500000
-92.750000 -72.575377 254.500000
-92.750000 -73.907035 254.500000
-92.750000 -75.238693 254.500000
-92.750000 -76.570352 254.500000
-92.750000 -77.902010 254.500000
-92.750000 -79.233668 254.500000
-92.750000 -80.565327 254.500000
-92.750000 -81.896985 254.500000
-92.750000 -83.228643 254.500000
-92.750000 -84.560302 254.500000
-92.750000 -85.891960 254.500000
-92.750000 -87.223618 254.500000
-92.750000 -88.555276 254.500000
-92.750000 -89.886935 254.500000
-92.750000 -91.218593 254.500000
-92.750000 -92.550251 254.500000
-92.750000 -93.881910 254.500000
-92.750000 -95.213568 254.500000
-92.750000 -96.545226 254.500000
-92.750000 -97.876884 254.500000
-92.750000 -99.208543 254.500000
-92.750000 -100.540201 254.500000
-92.750000 -101.871859 254.500000
-92.750000 -103.203518 254.500000
-92.750000 -104.535176 254.500000
-92.750000 -105.866834 254.500000
-92.750000 -107.198492 254.500000
-92.750000 -108.530151 254.500000
-92.750000 -109.861809 254.500000
-92.750000 -111.193467 254.500000
-92.750000 -112.525126 254.500000
-92.750000 -113.856784 254.500000
-92.750000 -115.188442 254.500000
-92.750000 -116.520101 254.500000
-92.750000 -117.851759 254.500000
-92.750000 -119.183417 254.500000
-92.750000 -120.515075 254.500000
-92.750000 -121.846734 254.500000
-92.750000 -123.178392 254.500000
-92.750000 -124.510050 254.500000
-92.750000 -125.841709 254.500000
-92.750000 -127.173367 254.500000
-92.750000 -128.505025 254.500000
-92.750000 -129.836683 254.500000
-92.750000 -131.168342 254.500000
-92.750000 -132.500000 254.500000
-92.750000 -132.500000 567.000000
-79.500000 -132.500000 567.600000
-79.500000 -131.168342 567.333668
-79.500000 -129.836683 566.934673
-79.500000 -128.505025 566.402010
-79.500000 -127.173367 565.869347
-79.500000 -125.841709 565.336683
-79.500000 -124.510050 565.002010
-79.500000 -123.178392 564.735678
-79.500000 -121.846734 564.338693
-79.500000 -120.515075 563.806030
-79.500000 -119.183417 563.336683
-79.500000 -117.851759 563.070352
-79.500000 -116.520101 562.608040
-79.500000 -115.188442 562.075377
-79.500000 -113.856784 561.542714
-79.500000 -112.525126 561.010050
-79.500000 -111.193467 560.738693
-79.500000 -109.861809 560.472362
-79.500000 -108.530151 560.206030
-79.500000 -107.198492 559.879397
-79.500000 -105.866834 559.346734
-79.500000 -104.535176 558.814070
-79.500000 -103.203518 558.281407
-79.500000 -101.871859 557.874372
-79.500000 -100.540201 557.608040
-79.500000 -99.208543 557.341709
-79.500000 -97.876884 557.075377
-79.500000 -96.545226 556.618090
-79.500000 -95.213568 556.085427
-79.500000 -93.881910 555.552764
-79.500000 -92.550251 555.020101
-79.500000 -91.218593 554.743719
-79.500000 -89.886935 554.477387
-79.500000 -88.555276 554.211055
-79.500000 -87.223618 553.889447
-79.500000 -85.891960 553.356784
-79.500000 -84.560302 552.824121
-79.500000 -83.228643 552.291457
-79.500000 -81.896985 551.758794
-79.500000 -80.565327 551.226131
-79.500000 -79.233668 550.693467
-79.500000 -77.902010 550.160804
-79.500000 -76.570352 548.884422
-79.500000 -75.238693 547.286432
-79.500000 -73.907035 545.807035
-79.500000 -72.575377 544.475377
-79.500000 -71.243719 542.389950
-79.500000 -69.912060 540.494472
-79.500000 -68.580402 538.896482
-79.500000 -67.248744 537.298492
-79.500000 -65.917085 535.700503
-79.500000 -64.585427 534.102513
-79.500000 -63.253769 532.255276
-79.500000 -61.922111 530.737688
-79.500000 -60.590452 529.672362
-79.500000 -59.258794 528.358794
-79.500000 -57.927136 527.027136
-79.500000 -56.595477 525.695477
-79.500000 -55.263819 524.411055
-79.500000 -53.932161 523.345729
-79.500000 -52.600503 522.280402
-79.500000 -51.268844 521.215075
-79.500000 -49.937186 520.149749
-79.500000 -48.605528 519.084422
-79.500000 -47.273869 518.064322
-79.500000 -45.942211 517.265327
-79.500000 -44.610553 516.466332
-79.500000 -43.278894 515.667337
-79.500000 -41.947236 514.757789
-79.500000 -40.615578 513.692462
-79.500000 -39.283920 512.870352
-79.500000 -37.952261 512.071357
-79.500000 -36.620603 511.272362
-79.500000 -35.288945 510.515578
-79.500000 -33.957286 509.982915
-79.500000 -32.625628 509.450251
-79.500000 -31.293970 508.676382
-79.500000 -29.962312 507.877387
-79.500000 -28.630653 507.252261
-79.500000 -27.298995 506.679397
-79.500000 -25.967337 505.880402
-79.500000 -24.635678 505.254271
-79.500000 -23.304020 504.721608
-79.500000 -21.972362 504.188945
-79.500000 -20.640704 503.656281
-79.500000 -19.309045 503.123618
-79.500000 -17.977387 502.590955
-79.500000 -16.645729 502.058291
-79.500000 -15.314070 501.525628
-79.500000 -13.982412 500.785930
-79.500000 -12.650754 499.720603
-79.500000 -11.319095 498.891457
-79.500000 -9.987437 498.092462
-79.500000 -8.655779 497.293467
-79.500000 -7.324121 496.529648
-79.500000 -5.992462 495.996985
-79.500000 -4.660804 495.464322
-79.500000 -3.329146 494.697487
-79.500000 -1.997487 493.998995
-79.500000 -0.665829 493.466332
-79.500000 0.665829 493.166834
-79.500000 1.997487 492.900503
-79.500000 3.329146 492.634171
-79.500000 4.660804 492.367839
-79.500000 5.992462 492.101508
-79.500000 7.324121 491.835176
-79.500000 8.655779 491.568844
-79.500000 9.987437 491.400000
-79.500000 11.319095 491.400000
-79.500000 12.650754 491.400000
-79.500000 13.982412 491.400000
-79.500000 15.314070 491.562814
-79.500000 16.645729 491.829146
-79.500000 17.977387 492.190955
-79.500000 19.309045 492.723618
-79.500000 20.640704 493.200000
-79.500000 21.972362 493.200000
-79.500000 23.304020 492.878392
-79.500000 24.635678 492.372864
-79.500000 25.967337 492.106533
-79.500000 27.298995 491.840201
-79.500000 28.630653 491.573869
-79.500000 29.962312 491.307538
-79.500000 31.293970 491.200000
-79.500000 32.625628 491.174874
-79.500000 33.957286 490.908543
-79.500000 35.288945 490.642211
-79.500000 36.620603 490.824121
-79.500000 37.952261 490.819095
-79.500000 39.283920 490.286432
-79.500000 40.615578 489.800000
-79.500000 41.947236 489.800000
-79.500000 43.278894 489.332663
-79.500000 44.610553 488.555779
-79.500000 45.942211 488.023116
-79.500000 47.273869 487.490452
-79.500000 48.605528 486.736683
-79.500000 49.937186 485.937688
-79.500000 51.268844 484.677387
-79.500000 52.600503 482.978894
-79.500000 53.932161 480.049246
-79.500000 55.263819 477.119598
-79.500000 56.595477 474.409045
-79.500000 57.927136 471.404020
-79.500000 59.258794 467.675377
-79.500000 60.590452 462.638191
-79.500000 61.922111 457.311558
-79.500000 63.253769 453.793970
-79.500000 64.585427 451.663317
-79.500000 65.917085 449.699497
-79.500000 67.248744 448.101508
-79.500000 68.580402 447.800000
-79.500000 69.912060 447.800000
-79.500000 71.243719 447.502513
-79.500000 72.575377 447.180905
-79.500000 73.907035 450.376884
-79.500000 75.238693 453.572864
-79.500000 76.570352 454.414070
-79.500000 77.902010 454.760804
-79.500000 79.233668 455.293467
-79.500000 80.565327 456.891457
-79.500000 81.896985 458.755779
-79.500000 83.228643 459.308543
-79.500000 84.560302 458.775879
-79.500000 85.891960 458.321608
-79.500000 87.223618 458.055276
-79.500000 88.555276 457.788945
-79.500000 89.886935 456.671357
-79.500000 91.218593 453.475377
-79.500000 92.550251 450.319598
-79.500000 93.881910 448.188945
-79.500000 95.213568 446.058291
-79.500000 96.545226 444.972864
-79.500000 97.876884 444.098492
-79.500000 99.208543 443.033166
-79.500000 100.540201 441.759799
-79.500000 101.871859 440.428141
-79.500000 103.203518 439.096482
-79.500000 104.535176 437.757789
-79.500000 105.866834 436.159799
-79.500000 107.198492 434.561809
-79.500000 108.530151 432.757789
-79.500000 109.861809 430.893467
-79.500000 111.193467 429.167839
-79.500000 112.525126 427.574874
-79.500000 113.856784 426.243216
-79.500000 115.188442 424.773869
-79.500000 116.520101 423.175879
-79.500000 117.851759 421.577889
-79.500000 119.183417 419.979899
-79.500000 120.515075 418.381910
-79.500000 121.846734 416.783920
-79.500000 123.178392 415.321608
-79.500000 124.510050 413.989950
-79.500000 125.841709 412.658291
-79.500000 127.173367 411.326633
-79.500000 128.505025 409.793970
-79.500000 129.836683 408.195980
-79.500000 131.168342 406.597990
-79.500000 132.500000 405.000000
-79.500000 132.500000 254.500000
-79.500000 132.500000 254.500000
-79.500000 131.168342 254.500000
-79.500000 129.836683 254.500000
-79.500000 128.505025 254.500000
-79.500000 127.173367 254.500000
-79.500000 125.841709 254.500000
-79.500000 124.510050 254.500000
-79.500000 123.178392 254.500000
-79.500000 121.846734 254.500000
-79.500000 120.515075 254.500000
-79.500000 119.183417 254.500000
-79.500000 117.851759 254.500000
-79.500000 116.520101 254.500000
-79.500000 115.188442 254.500000
-79.500000 113.856784 254.500000
-79.500000 112.525126 254.500000
-79.500000 111.193467 254.500000
-79.500000 109.861809 254.500000
-79.500000 108.530151 254.500000
-79.500000 107.198492 254.500000
-79.500000 105.866834 254.500000
-79.500000 104.535176 254.500000
-79.500000 103.203518 254.500000
-79.500000 101.871859 254.500000
-79.500000 100.540201 254.500000
-79.500000 99.208543 254.500000
-79.500000 97.876884 254.500000
-79.500000 96.545226 254.500000
-79.500000 95.213568 254.500000
-79.500000 93.881910 254.500000
-79.500000 92.550251 254.500000
-79.500000 91.218593 254.500000
-79.500000 89.886935 254.500000
-79.500000 88.555276 254.500000
-79.500000 87.223618 254.500000
-79.500000 85.891960 254.500000
-79.500000 84.560302 254.500000
-79.500000 83.228643 254.500000
-79.500000 81.896985 254.500000
-79.500000 80.565327 254.500000
-79.500000 79.233668 254.500000
-79.500000 77.902010 254.500000
-79.500000 76.570352 254.500000
-79.500000 75.238693 254.500000
-79.500000 73.907035 254.500000
-79.500000 72.575377 254.500000
-79.500000 71.243719 254.500000
-79.500000 69.912060 254.500000
-79.500000 68.580402 254.500000
-79.500000 67.248744 254.500000
-79.500000 65.917085 254.500000
-79.500000 64.585427 254.500000
-79.500000 63.253769 254.500000
-79.500000 61.922111 254.500000
-79.500000 60.590452 254.500000
-79.500000 59.258794 254.500000
-79.500000 57.927136 254.500000
-79.500000 56.595477 254.500000
-79.500000 55.263819 254.500000
-79.500000 53.932161 254.500000
-79.500000 52.600503 254.500000
-79.500000 51.268844 254.500000
-79.500000 49.937186 254.500000
-79.500000 48.605528 254.500000
-79.500000 47.273869 254.500000
-79.500000 45.942211 254.500000
-79.500000 44.610553 254.500000
-79.500000 43.278894 254.500000
-79.500000 41.947236 254.500000
-79.500000 40.615578 254.500000
-79.500000 39.283920 254.500000
-79.500000 37.952261 254.500000
-79.500000 36.620603 254.500000
-79.500000 35.288945 254.500000
-79.500000 33.957286 254.500000
-79.500000 32.625628 254.500000
-79.500000 31.293970 254.500000
-79.500000 29.962312 254.500000
-79.500000 28.630653 254.500000
-79.500000 27.298995 254.500000
-79.500000 25.967337 254.500000
-79.500000 24.635678 254.500000
-79.500000 23.304020 254.500000
-79.500000 21.972362 254.500000
-79.500000 20.640704 254.500000
-79.500000 19.309045 254.500000
-79.500000 17.977387 254.500000
-79.500000 16.645729 254.500000
-79.500000 15.314070 254.500000
-79.500000 13.982412 254.500000
-79.500000 12.650754 254.500000
-79.500000 11.319095 254.500000
-79.500000 9.987437 254.500000
-79.500000 8.655779 254.500000
-79.500000 7.324121 254.500000
-79.500000 5.992462 254.500000
-79.500000 4.660804 254.500000
-79.500000 3.329146 254.500000
-79.500000 1.997487 254.500000
-79.500000 0.665829 254.500000
-79.500000 -0.665829 254.500000
-79.500000 -1.997487 254.500000
-79.500000 -3.329146 254.500000
-79.500000 -4.660804 254.500000
-79.500000 -5.992462 254.500000
-79.500000 -7.324121 254.500000
-79.500000 -8.655779 254.500000
-79.500000 -9.987437 254.500000
-79.500000 -11.319095 254.500000
-79.500000 -12.650754 254.500000
-79.500000 -13.982412 254.500000
-79.500000 -15.314070 254.500000
-79.500000 -16.645729 254.500000
-79.500000 -17.977387 254.500000
-79.500000 -19.309045 254.500000
-79.500000 -20.640704 254.500000
-79.500000 -21.972362 254.500000
-79.500000 -23.304020 254.500000
-79.500000 -24.635678 254.500000
-79.500000 -25.967337 254.500000
-79.500000 -27.298995 254.500000
-79.500000 -28.630653 254.500000
-79.500000 -29.962312 254.500000
-79.500000 -31.293970 254.500000
-79.500000 -32.625628 254.500000
-79.500000 -33.957286 254.500000
-79.500000 -35.288945 254.500000
-79.500000 -36.620603 254.500000
-79.500000 -37.952261 254.500000
-79.500000 -39.283920 254.500000
-79.500000 -40.615578 254.500000
-79.500000 -41.947236 254.500000
-79.500000 -43.278894 254.500000
-79.500000 -44.610553 254.500000
-79.500000 -45.942211 254.500000
-79.500000 -47.273869 254.500000
-79.500000 -48.605528 254.500000
-79.500000 -49.937186 254.500000
-79.500000 -51.268844 254.500000
-79.500000 -52.600503 254.500000
-79.500000 -53.932161 254.500000
-79.500000 -55.263819 254.500000
-79.500000 -56.595477 254.500000
-79.500000 -57.927136 254.500000
-79.500000 -59.258794 254.500000
-79.500000 -60.590452 254.500000
-79.500000 -61.922111 254.500000
-79.500000 -63.253769 254.500000
-79.500000 -64.585427 254.500000
-79.500000 -65.917085 254.500000
-79.500000 -67.248744 254.500000
-79.500000 -68.580402 254.500000
-79.500000 -69.912060 254.500000
-79.500000 -71.243719 254.500000
-79.500000 -72.575377 254.500000
-79.500000 -73.907035 254.500000
-79.500000 -75.238693 254.500000
-79.500000 -76.570352 254.500000
-79.500000 -77.902010 254.500000
-79.500000 -79.233668 254.500000
-79.500000 -80.565327 254.500000
-79.500000 -81.896985 254.500000
-79.500000 -83.228643 254.500000
-79.500000 -84.560302 254.500000
-79.500000 -85.891960 254.500000
-79.500000 -87.223618 254.500000
-79.500000 -88.555276 254.500000
-79.500000 -89.886935 254.500000
-79.500000 -91.218593 254.500000
-79.500000 -92.550251 254.500000
-79.500000 -93.881910 254.500000
-79.500000 -95.213568 254.500000
-79.500000 -96.545226 254.500000
-79.500000 -97.876884 254.500000
-79.500000 -99.208543 254.500000
-79.500000 -100.540201 254.500000
-79.500000 -101.871859 254.500000
-79.500000 -103.203518 254.500000
-79.500000 -104.535176 254.500000
-79.500000 -105.866834 254.500000
-79.500000 -107.198492 254.500000
-79.500000 -108.530151 254.500000
-79.500000 -109.861809 254.500000
-79.500000 -111.193467 254.500000
-79.500000 -112.525126 254.500000
-79.500000 -113.856784 254.500000
-79.500000 -115.188442 254.500000
-79.500000 -116.520101 254.500000
-79.500000 -117.851759 254.500000
-79.500000 -119.183417 254.500000
-79.500000 -120.515075 254.500000
-79.500000 -121.846734 254.500000
-79.500000 -123.178392 254.500000
-79.500000 -124.510050 254.500000
-79.500000 -125.841709 254.500000
-79.500000 -127.173367 254.500000
-79.500000 -128.505025 254.500000
-79.500000 -129.836683 254.500000
-79.500000 -131.168342 254.500000
-79.500000 -132.500000 254.500000
-79.500000 -132.500000 567.600000
-66.250000 -132.500000 569.250000
-66.250000 -131.168342 568.983668
-66.250000 -129.836683 568.717337
-66.250000 -128.505025 568.451005
-66.250000 -127.173367 568.119347
-66.250000 -125.841709 567.586683
-66.250000 -124.510050 567.054020
-66.250000 -123.178392 566.521357
-66.250000 -121.846734 566.119347
-66.250000 -120.515075 565.853015
-66.250000 -119.183417 565.586683
-66.250000 -117.851759 565.320352
-66.250000 -116.520101 564.858040
-66.250000 -115.188442 564.325377
-66.250000 -113.856784 563.792714
-66.250000 -112.525126 563.260050
-66.250000 -111.193467 562.977387
-66.250000 -109.861809 562.444724
-66.250000 -108.530151 561.912060
-66.250000 -107.198492 561.439698
-66.250000 -105.866834 561.173367
-66.250000 -104.535176 560.907035
-66.250000 -103.203518 560.531407
-66.250000 -101.871859 559.998744
-66.250000 -100.540201 559.466080
-66.250000 -99.208543 558.933417
-66.250000 -97.876884 558.400754
-66.250000 -96.545226 558.059045
-66.250000 -95.213568 557.792714
-66.250000 -93.881910 557.526382
-66.250000 -92.550251 557.260050
-66.250000 -91.218593 556.737437
-66.250000 -89.886935 556.204774
-66.250000 -88.555276 555.672111
-66.250000 -87.223618 555.194724
-66.250000 -85.891960 554.856784
-66.250000 -84.560302 554.324121
-66.250000 -83.228643 553.791457
-66.250000 -81.896985 553.379397
-66.250000 -80.565327 553.113065
-66.250000 -79.233668 552.846734
-66.250000 -77.902010 552.410804
-66.250000 -76.570352 551.878141
-66.250000 -75.238693 551.143216
-66.250000 -73.907035 550.344221
-66.250000 -72.575377 549.545226
-66.250000 -71.243719 547.992462
-66.250000 -69.912060 546.394472
-66.250000 -68.580402 544.864322
-66.250000 -67.248744 543.748744
-66.250000 -65.917085 542.417085
-66.250000 -64.585427 541.085427
-66.250000 -63.253769 539.853015
-66.250000 -61.922111 538.787688
-66.250000 -60.590452 537.722362
-66.250000 -59.258794 536.657035
-66.250000 -57.927136 535.756281
-66.250000 -56.595477 534.776382
-66.250000 -55.263819 533.711055
-66.250000 -53.932161 532.645729
-66.250000 -52.600503 531.580402
-66.250000 -51.268844 530.515075
-66.250000 -49.937186 529.712312
-66.250000 -48.605528 528.913317
-66.250000 -47.273869 528.114322
-66.250000 -45.942211 527.315327
-66.250000 -44.610553 526.516332
-66.250000 -43.278894 525.717337
-66.250000 -41.947236 524.918342
-66.250000 -40.615578 524.119347
-66.250000 -39.283920 523.320352
-66.250000 -37.952261 522.521357
-66.250000 -36.620603 521.898241
-66.250000 -35.288945 521.365578
-66.250000 -33.957286 520.832915
-66.250000 -32.625628 520.300251
-66.250000 -31.293970 519.767588
-66.250000 -29.962312 519.234925
-66.250000 -28.630653 518.702261
-66.250000 -27.298995 518.209799
-66.250000 -25.967337 517.943467
-66.250000 -24.635678 517.677136
-66.250000 -23.304020 517.410804
-66.250000 -21.972362 517.144472
-66.250000 -20.640704 516.878141
-66.250000 -19.309045 516.611809
-66.250000 -17.977387 516.500000
-66.250000 -16.645729 516.500000
-66.250000 -15.314070 516.500000
-66.250000 -13.982412 516.500000
-66.250000 -12.650754 516.500000
-66.250000 -11.319095 516.972362
-66.250000 -9.987437 517.000000
-66.250000 -8.655779 517.000000
-66.250000 -7.324121 517.000000
-66.250000 -5.992462 517.000000
-66.250000 -4.660804 517.000000
-66.250000 -3.329146 517.084171
-66.250000 -1.997487 517.250000
-66.250000 -0.665829 517.133166
-66.250000 0.665829 516.866834
-66.250000 1.997487 516.600503
-66.250000 3.329146 516.334171
-66.250000 4.660804 516.250000
-66.250000 5.992462 516.250000
-66.250000 7.324121 516.250000
-66.250000 8.655779 516.250000
-66.250000 9.987437 516.250000
-66.250000 11.319095 516.250000
-66.250000 12.650754 516.219849
-66.250000 13.982412 516.000000
-66.250000 15.314070 516.000000
-66.250000 16.645729 516.000000
-66.250000 17.977387 516.000000
-66.250000 19.309045 516.000000
-66.250000 20.640704 516.000000
-66.250000 21.972362 516.000000
-66.250000 23.304020 516.000000
-66.250000 24.635678 516.000000
-66.250000 25.967337 516.000000
-66.250000 27.298995 516.000000
-66.250000 28.630653 516.000000
-66.250000 29.962312 516.000000
-66.250000 31.293970 516.000000
-66.250000 32.625628 515.974874
-66.250000 33.957286 515.708543
-66.250000 35.288945 515.442211
-66.250000 36.620603 515.250000
-66.250000 37.952261 515.250000
-66.250000 39.283920 515.250000
-66.250000 40.615578 515.250000
-66.250000 41.947236 515.250000
-66.250000 43.278894 514.938442
-66.250000 44.610553 514.405779
-66.250000 45.942211 513.873116
-66.250000 47.273869 513.340452
-66.250000 48.605528 513.250000
-66.250000 49.937186 513.250000
-66.250000 51.268844 513.246231
-66.250000 52.600503 513.020101
-66.250000 53.932161 513.250000
-66.250000 55.263819 513.250000
-66.250000 56.595477 513.250000
-66.250000 57.927136 513.250000
-66.250000 59.258794 513.250000
-66.250000 60.590452 513.250000
-66.250000 61.922111 513.518844
-66.250000 63.253769 513.599246
-66.250000 64.585427 513.332915
-66.250000 65.917085 513.066583
-66.250000 67.248744 513.399497
-66.250000 68.580402 514.364322
-66.250000 69.912060 515.429648
-66.250000 71.243719 516.494975
-66.250000 72.575377 517.340452
-66.250000 73.907035 518.938442
-66.250000 75.238693 520.536432
-66.250000 76.570352 521.878141
-66.250000 77.902010 522.169598
-66.250000 79.233668 521.903266
-66.250000 80.565327 521.636935
-66.250000 81.896985 521.241206
-66.250000 83.228643 520.417085
-66.250000 84.560302 519.351759
-66.250000 85.891960 518.286432
-66.250000 87.223618 517.221106
-66.250000 88.555276 515.733668
-66.250000 89.886935 514.135678
-66.250000 91.218593 512.537688
-66.250000 92.550251 510.879397
-66.250000 93.881910 507.815327
-66.250000 95.213568 505.951005
-66.250000 96.545226 504.086683
-66.250000 97.876884 498.152010
-66.250000 99.208543 482.272613
-66.250000 100.540201 467.091709
-66.250000 101.871859 451.910804
-66.250000 103.203518 443.342965
-66.250000 104.535176 440.679648
-66.250000 105.866834 438.016332
-66.250000 107.198492 434.973618
-66.250000 108.530151 432.395729
-66.250000 109.861809 429.998744
-66.250000 111.193467 427.601759
-66.250000 112.525126 425.209799
-66.250000 113.856784 423.079146
-66.250000 115.188442 420.948492
-66.250000 116.520101 418.871859
-66.250000 117.851759 417.007538
-66.250000 119.183417 415.229899
-66.250000 120.515075 413.631910
-66.250000 121.846734 412.033920
-66.250000 123.178392 410.300251
-66.250000 124.510050 408.435930
-66.250000 125.841709 406.571608
-66.250000 127.173367 404.707286
-66.250000 128.505025 403.244975
-66.250000 129.836683 401.695980
-66.250000 131.168342 400.097990
-66.250000 132.500000 398.500000
-66.250000 132.500000 254.500000
-66.250000 132.500000 254.500000
-66.250000 131.168342 254.500000
-66.250000 129.836683 254.500000
-66.250000 128.505025 254.500000
-66.250000 127.173367 254.500000
-66.250000 125.841709 254.500000
-66.250000 124.510050 254.500000
-66.250000 123.178392 254.500000
-66.250000 121.846734 254.500000
-66.250000 120.515075 254.500000
-66.250000 119.183417 254.500000
-66.250000 117.851759 254.500000
-66.250000 116.520101 254.500000
-66.250000 115.188442 254.500000
-66.250000 113.856784 254.500000
-66.250000 112.525126 254.500000
-66.250000 111.193467 254.500000
-66.250000 109.861809 254.500000
-66.250000 108.530151 254.500000
-66.250000 107.198492 254.500000
-66.250000 105.866834 254.500000
-66.250000 104.535176 254.500000
-66.250000 103.203518 254.500000
-66.250000 101.871859 254.500000
-66.250000 100.540201 254.500000
-66.250000 99.208543 254.500000
-66.250000 97.876884 254.500000
-66.250000 96.545226 254.500000
-66.250000 95.213568 254.500000
-66.250000 93.881910 254.500000
-66.250000 92.550251 254.500000
-66.250000 91.218593 254.500000
-66.250000 89.886935 254.500000
-66.250000 88.555276 254.500000
-66.250000 87.223618 254.500000
-66.250000 85.891960 254.500000
-66.250000 84.560302 254.500000
-66.250000 83.228643 254.500000
-66.250000 81.896985 254.500000
-66.250000 80.565327 254.500000
-66.250000 79.233668 254.500000
-66.250000 77.902010 254.500000
-66.250000 76.570352 254.500000
-66.250000 75.238693 254.500000
-66.250000 73.907035 254.500000
-66.250000 72.575377 254.500000
-66.250000 71.243719 254.500000
-66.250000 69.912060 254.500000
-66.250000 68.580402 254.500000
-66.250000 67.248744 254.500000
-66.250000 65.917085 254.500000
-66.250000 64.585427 254.500000
-66.250000 63.253769 254.500000
-66.250000 61.922111 254.500000
-66.250000 60.590452 254.500000
-66.250000 59.258794 254.500000
-66.250000 57.927136 254.500000
-66.250000 56.595477 254.500000
-66.250000 55.263819 254.500000
-66.250000 53.932161 254.500000
-66.250000 52.600503 254.500000
-66.250000 51.268844 254.500000
-66.250000 49.937186 254.500000
-66.250000 48.605528 254.500000
-66.250000 47.273869 254.500000
-66.250000 45.942211 254.500000
-66.250000 44.610553 254.500000
-66.250000 43.278894 254.500000
-66.250000 41.947236 254.500000
-66.250000 40.615578 254.500000
-66.250000 39.283920 254.500000
-66.250000 37.952261 254.500000
-66.250000 36.620603 254.500000
-66.250000 35.288945 254.500000
-66.250000 33.957286 254.500000
-66.250000 32.625628 254.500000
-66.250000 31.293970 254.500000
-66.250000 29.962312 254.500000
-66.250000 28.630653 254.500000
-66.250000 27.298995 254.500000
-66.250000 25.967337 254.500000
-66.250000 24.635678 254.500000
-66.250000 23.304020 254.500000
-66.250000 21.972362 254.500000
-66.250000 20.640704 254.500000
-66.250000 19.309045 254.500000
-66.250000 17.977387 254.500000
-66.250000 16.645729 254.500000
-66.250000 15.314070 254.500000
-66.250000 13.982412 254.500000
-66.250000 12.650754 254.500000
-66.250000 11.319095 254.500000
-66.250000 9.987437 254.500000
-66.250000 8.655779 254.500000
-66.250000 7.324121 254.500000
-66.250000 5.992462 254.500000
-66.250000 4.660804 254.500000
-66.250000 3.329146 254.500000
-66.250000 1.997487 254.500000
-66.250000 0.665829 254.500000
-66.250000 -0.665829 254.500000
-66.250000 -1.997487 254.500000
-66.250000 -3.329146 254.500000
-66.250000 -4.660804 254.500000
-66.250000 -5.992462 254.500000
-66.250000 -7.324121 254.500000
-66.250000 -8.655779 254.500000
-66.250000 -9.987437 254.500000
-66.250000 -11.319095 254.500000
-66.250000 -12.650754 254.500000
-66.250000 -13.982412 254.500000
-66.250000 -15.314070 254.500000
-66.250000 -16.645729 254.500000
-66.250000 -17.977387 254.500000
-66.250000 -19.309045 254.500000
-66.250000 -20.640704 254.500000
-66.250000 -21.972362 254.500000
-66.250000 -23.304020 254.500000
-66.250000 -24.635678 254.500000
-66.250000 -25.967337 254.500000
-66.250000 -27.298995 254.500000
-66.250000 -28.630653 254.500000
-66.250000 -29.962312 254.500000
-66.250000 -31.293970 254.500000
-66.250000 -32.625628 254.500000
-66.250000 -33.957286 254.500000
-66.250000 -35.288945 254.500000
-66.250000 -36.620603 254.500000
-66.250000 -37.952261 254.500000
-66.250000 -39.283920 254.500000
-66.250000 -40.615578 254.500000
-66.250000 -41.947236 254.500000
-66.250000 -43.278894 254.500000
-66.250000 -44.610553 254.500000
-66.250000 -45.942211 254.500000
-66.250000 -47.273869 254.500000
-66.250000 -48.605528 254.500000
-66.250000 -49.937186 254.500000
-66.250000 -51.268844 254.500000
-66.250000 -52.600503 254.500000
-66.250000 -53.932161 254.500000
-66.250000 -55.263819 254.500000
-66.250000 -56.595477 254.500000
-66.250000 -57.927136 254.500000
-66.250000 -59.258794 254.500000
-66.250000 -60.590452 254.500000
-66.250000 -61.922111 254.500000
-66.250000 -63.253769 254.500000
-66.250000 -64.585427 254.500000
-66.250000 -65.917085 254.500000
-66.250000 -67.248744 254.500000
-66.250000 -68.580402 254.500000
-66.250000 -69.912060 254.500000
-66.250000 -71.243719 254.500000
-66.250000 -72.575377 254.500000
-66.250000 -73.907035 254.500000
-66.250000 -75.238693 254.500000
-66.250000 -76.570352 254.500000
-66.250000 -77.902010 254.500000
-66.250000 -79.233668 254.500000
-66.250000 -80.565327 254.500000
-66.250000 -81.896985 254.500000
-66.250000 -83.228643 254.500000
-66.250000 -84.560302 254.500000
-66.250000 -85.891960 254.500000
-66.250000 -87.223618 254.500000
-66.250000 -88.555276 254.500000
-66.250000 -89.886935 254.500000
-66.250000 -91.218593 254.500000
-66.250000 -92.550251 254.500000
-66.250000 -93.881910 254.500000
-66.250000 -95.213568 254.500000
-66.250000 -96.545226 254.500000
-66.250000 -97.876884 254.500000
-66.250000 -99.208543 254.500000
-66.250000 -100.540201 254.500000
-66.250000 -101.871859 254.500000
-66.250000 -103.203518 254.500000
-66.250000 -104.535176 254.500000
-66.250000 -105.866834 254.500000
-66.250000 -107.198492 254.500000
-66.250000 -108.530151 254.500000
-66.250000 -109.861809 254.500000
-66.250000 -111.193467 254.500000
-66.250000 -112.525126 254.500000
-66.250000 -113.856784 254.500000
-66.250000 -115.188442 254.500000
-66.250000 -116.520101 254.500000
-66.250000 -117.851759 254.500000
-66.250000 -119.183417 254.500000
-66.250000 -120.515075 254.500000
-66.250000 -121.846734 254.500000
-66.250000 -123.178392 254.500000
-66.250000 -124.510050 254.500000
-66.250000 -125.841709 254.500000
-66.250000 -127.173367 254.500000
-66.250000 -128.505025 254.500000
-66.250000 -129.836683 254.500000
-66.250000 -131.168342 254.500000
-66.250000 -132.500000 254.500000
-66.250000 -132.500000 569.250000
-53.000000 -132.500000 572.800000
-53.000000 -131.168342 572.533668
-53.000000 -129.836683 572.267337
-53.000000 -128.505025 572.001005
-53.000000 -127.173367 571.669347
-53.000000 -125.841709 571.136683
-53.000000 -124.510050 570.604020
-53.000000 -123.178392 570.071357
-53.000000 -121.846734 569.769347
-53.000000 -120.515075 569.503015
-53.000000 -119.183417 569.236683
-53.000000 -117.851759 568.940704
-53.000000 -116.520101 568.508040
-53.000000 -115.188442 567.975377
-53.000000 -113.856784 567.442714
-53.000000 -112.525126 566.910050
-53.000000 -111.193467 566.638693
-53.000000 -109.861809 566.372362
-53.000000 -108.530151 566.106030
-53.000000 -107.198492 565.739698
-53.000000 -105.866834 565.473367
-53.000000 -104.535176 565.207035
-53.000000 -103.203518 564.940704
-53.000000 -101.871859 564.548744
-53.000000 -100.540201 564.016080
-53.000000 -99.208543 563.483417
-53.000000 -97.876884 562.950754
-53.000000 -96.545226 562.418090
-53.000000 -95.213568 561.885427
-53.000000 -93.881910 561.352764
-53.000000 -92.550251 560.820101
-53.000000 -91.218593 560.543719
-53.000000 -89.886935 560.277387
-53.000000 -88.555276 560.011055
-53.000000 -87.223618 559.689447
-53.000000 -85.891960 559.156784
-53.000000 -84.560302 558.624121
-53.000000 -83.228643 558.091457
-53.000000 -81.896985 557.579397
-53.000000 -80.565327 557.313065
-53.000000 -79.233668 557.046734
-53.000000 -77.902010 556.780402
-53.000000 -76.570352 556.328141
-53.000000 -75.238693 555.795477
-53.000000 -73.907035 555.262814
-53.000000 -72.575377 554.815075
-53.000000 -71.243719 554.448744
-53.000000 -69.912060 554.182412
-53.000000 -68.580402 553.916080
-53.000000 -67.248744 553.599497
-53.000000 -65.917085 553.066834
-53.000000 -64.585427 552.534171
-53.000000 -63.253769 552.001508
-53.000000 -61.922111 551.384422
-53.000000 -60.590452 551.118090
-53.000000 -59.258794 550.851759
-53.000000 -57.927136 550.585427
-53.000000 -56.595477 550.138191
-53.000000 -55.263819 549.605528
-53.000000 -53.932161 549.072864
-53.000000 -52.600503 548.380402
-53.000000 -51.268844 547.561307
-53.000000 -49.937186 546.762312
-53.000000 -48.605528 545.963317
-53.000000 -47.273869 545.119095
-53.000000 -45.942211 544.265327
-53.000000 -44.610553 543.466332
-53.000000 -43.278894 542.667337
-53.000000 -41.947236 541.978894
-53.000000 -40.615578 541.446231
-53.000000 -39.283920 540.913568
-53.000000 -37.952261 540.380905
-53.000000 -36.620603 539.748241
-53.000000 -35.288945 539.215578
-53.000000 -33.957286 538.682915
-53.000000 -32.625628 538.150251
-53.000000 -31.293970 537.858794
-53.000000 -29.962312 537.592462
-53.000000 -28.630653 537.326131
-53.000000 -27.298995 537.059799
-53.000000 -25.967337 537.000000
-53.000000 -24.635678 537.000000
-53.000000 -23.304020 537.000000
-53.000000 -21.972362 537.100000
-53.000000 -20.640704 537.100000
-53.000000 -19.309045 537.100000
-53.000000 -17.977387 537.100000
-53.000000 -16.645729 537.270854
-53.000000 -15.314070 537.537186
-53.000000 -13.982412 537.803518
-53.000000 -12.650754 538.000000
-53.000000 -11.319095 538.000000
-53.000000 -9.987437 538.000000
-53.000000 -8.655779 538.000000
-53.000000 -7.324121 538.235176
-53.000000 -5.992462 538.501508
-53.000000 -4.660804 538.767839
-53.000000 -3.329146 539.034171
-53.000000 -1.997487 539.099497
-53.000000 -0.665829 538.833166
-53.000000 0.665829 538.566834
-53.000000 1.997487 538.300503
-53.000000 3.329146 538.134171
-53.000000 4.660804 537.867839
-53.000000 5.992462 537.601508
-53.000000 7.324121 537.335176
-53.000000 8.655779 537.300000
-53.000000 9.987437 537.300000
-53.000000 11.319095 537.300000
-53.000000 12.650754 537.269849
-53.000000 13.982412 537.003518
-53.000000 15.314070 536.737186
-53.000000 16.645729 536.470854
-53.000000 17.977387 536.204523
-53.000000 19.309045 535.938191
-53.000000 20.640704 535.671859
-53.000000 21.972362 535.405528
-53.000000 23.304020 535.300000
-53.000000 24.635678 535.300000
-53.000000 25.967337 535.300000
-53.000000 27.298995 535.300000
-53.000000 28.630653 535.300000
-53.000000 29.962312 535.300000
-53.000000 31.293970 535.300000
-53.000000 32.625628 535.400000
-53.000000 33.957286 535.400000
-53.000000 35.288945 535.400000
-53.000000 36.620603 535.400000
-53.000000 37.952261 535.219095
-53.000000 39.283920 534.686432
-53.000000 40.615578 534.153769
-53.000000 41.947236 533.621106
-53.000000 43.278894 533.244221
-53.000000 44.610553 532.977889
-53.000000 45.942211 532.711558
-53.000000 47.273869 532.445226
-53.000000 48.605528 532.521106
-53.000000 49.937186 532.787437
-53.000000 51.268844 533.053769
-53.000000 52.600503 533.340201
-53.000000 53.932161 533.872864
-53.000000 55.263819 534.405528
-53.000000 56.595477 534.938191
-53.000000 57.927136 535.285427
-53.000000 59.258794 535.551759
-53.000000 60.590452 535.818090
-53.000000 61.922111 536.084422
-53.000000 63.253769 535.947739
-53.000000 64.585427 535.148744
-53.000000 65.917085 534.349749
-53.000000 67.248744 533.700000
-53.000000 68.580402 533.251759
-53.000000 69.912060 532.452764
-53.000000 71.243719 531.653769
-53.000000 72.575377 530.900000
-53.000000 73.907035 530.718593
-53.000000 75.238693 530.452261
-53.000000 76.570352 530.185930
-53.000000 77.902010 530.000000
-53.000000 79.233668 530.000000
-53.000000 80.565327 530.000000
-53.000000 81.896985 530.000000
-53.000000 83.228643 530.000000
-53.000000 84.560302 530.000000
-53.000000 85.891960 530.000000
-53.000000 87.223618 529.955276
-53.000000 88.555276 528.633668
-53.000000 89.886935 527.035678
-53.000000 91.218593 525.437688
-53.000000 92.550251 523.698995
-53.000000 93.881910 508.671357
-53.000000 95.213568 488.696482
-53.000000 96.545226 468.721608
-53.000000 97.876884 453.193970
-53.000000 99.208543 448.932663
-53.000000 100.540201 444.671357
-53.000000 101.871859 440.410050
-53.000000 103.203518 431.992965
-53.000000 104.535176 429.329648
-53.000000 105.866834 426.666332
-53.000000 107.198492 424.003015
-53.000000 108.530151 422.163819
-53.000000 109.861809 420.565829
-53.000000 111.193467 418.967839
-53.000000 112.525126 417.169849
-53.000000 113.856784 415.571859
-53.000000 115.188442 413.973869
-53.000000 116.520101 412.375879
-53.000000 117.851759 410.707538
-53.000000 119.183417 409.079899
-53.000000 120.515075 407.481910
-53.000000 121.846734 405.883920
-53.000000 123.178392 404.285930
-53.000000 124.510050 402.687940
-53.000000 125.841709 401.089950
-53.000000 127.173367 399.491960
-53.000000 128.505025 398.295980
-53.000000 129.836683 397.230653
-53.000000 131.168342 396.165327
-53.000000 132.500000 395.000000
-53.000000 132.500000 254.500000
-53.000000 132.500000 254.500000
-53.000000 131.168342 254.500000
-53.000000 129.836683 254.500000
-53.000000 128.505025 254.500000
-53.000000 127.173367 254.500000
-53.000000 125.841709 254.500000
-53.000000 124.510050 254.500000
-53.000000 123.178392 254.500000
-53.000000 121.846734 254.500000
-53.000000 120.515075 254.500000
-53.000000 119.183417 254.500000
-53.000000 117.851759 254.500000
-53.000000 116.520101 254.500000
-53.000000 115.188442 254.500000
-53.000000 113.856784 254.500000
-53.000000 112.525126 254.500000
-53.000000 111.193467 254.500000
-53.000000 109.861809 254.500000
-53.000000 108.530151 254.500000
-53.000000 107.198492 254.500000
-53.000000 105.866834 254.500000
-53.000000 104.535176 254.500000
-53.000000 103.203518 254.500000
-53.000000 101.871859 254.500000
-53.000000 100.540201 254.500000
-53.000000 99.208543 254.500000
-53.000000 97.876884 254.500000
-53.000000 96.545226 254.500000
-53.000000 95.213568 254.500000
-53.000000 93.881910 254.500000
-53.000000 92.550251 254.500000
-53.000000 91.218593 254.500000
-53.000000 89.886935 254.500000
-53.000000 88.555276 254.500000
-53.000000 87.223618 254.500000
-53.000000 85.891960 254.500000
-53.000000 84.560302 254.500000
-53.000000 83.228643 254.500000
-53.000000 81.896985 254.500000
-53.000000 80.565327 254.500000
-53.000000 79.233668 254.500000
-53.000000 77.902010 254.500000
-53.000000 76.570352 254.500000
-53.000000 75.238693 254.500000
-53.000000 73.907035 254.500000
-53.000000 72.575377 254.500000
-53.000000 71.243719 254.500000
-53.000000 69.912060 254.500000
-53.000000 68.580402 254.500000
-53.000000 67.248744 254.500000
-53.000000 65.917085 254.500000
-53.000000 64.585427 254.500000
-53.000000 63.253769 254.500000
-53.000000 61.922111 254.500000
-53.000000 60.590452 254.500000
-53.000000 59.258794 254.500000
-53.000000 57.927136 254.500000
-53.000000 56.595477 254.500000
-53.000000 55.263819 254.500000
-53.000000 53.932161 254.500000
-53.000000 52.600503 254.500000
-53.000000 51.268844 254.500000
-53.000000 49.937186 254.500000
-53.000000 48.605528 254.500000
-53.000000 47.273869 254.500000
-53.000000 45.942211 254.500000
-53.000000 44.610553 254.500000
-53.000000 43.278894 254.500000
-53.000000 41.947236 254.500000
-53.000000 40.615578 254.500000
-53.000000 39.283920 254.500000
-53.000000 37.952261 254.500000
-53.000000 36.620603 254.500000
-53.000000 35.288945 254.500000
-53.000000 33.957286 254.500000
-53.000000 32.625628 254.500000
-53.000000 31.293970 254.500000
-53.000000 29.962312 254.500000
-53.000000 28.630653 254.500000
-53.000000 27.298995 254.500000
-53.000000 25.967337 254.500000
-53.000000 24.635678 254.500000
-53.000000 23.304020 254.500000
-53.000000 21.972362 254.500000
-53.000000 20.640704 254.500000
-53.000000 19.309045 254.500000
-53.000000 17.977387 254.500000
-53.000000 16.645729 254.500000
-53.000000 15.314070 254.500000
-53.000000 13.982412 254.500000
-53.000000 12.650754 254.500000
-53.000000 11.319095 254.500000
-53.000000 9.987437 254.500000
-53.000000 8.655779 254.500000
-53.000000 7.324121 254.500000
-53.000000 5.992462 254.500000
-53.000000 4.660804 254.500000
-53.000000 3.329146 254.500000
-53.000000 1.997487 254.500000
-53.000000 0.665829 254.500000
-53.000000 -0.665829 254.500000
-53.000000 -1.997487 254.500000
-53.000000 -3.329146 254.500000
-53.000000 -4.660804 254.500000
-53.000000 -5.992462 254.500000
-53.000000 -7.324121 254.500000
-53.000000 -8.655779 254.500000
-53.000000 -9.987437 254.500000
-53.000000 -11.319095 254.500000
-53.000000 -12.650754 254.500000
-53.000000 -13.982412 254.500000
-53.000000 -15.314070 254.500000
-53.000000 -16.645729 254.500000
-53.000000 -17.977387 254.500000
-53.000000 -19.309045 254.500000
-53.000000 -20.640704 254.500000
-53.000000 -21.972362 254.500000
-53.000000 -23.304020 254.500000
-53.000000 -24.635678 254.500000
-53.000000 -25.967337 254.500000
-53.000000 -27.298995 254.500000
-53.000000 -28.630653 254.500000
-53.000000 -29.962312 254.500000
-53.000000 -31.293970 254.500000
-53.000000 -32.625628 254.500000
-53.000000 -33.957286 254.500000
-53.000000 -35.288945 254.500000
-53.000000 -36.620603 254.500000
-53.000000 -37.952261 254.500000
-53.000000 -39.283920 254.500000
-53.000000 -40.615578 254.500000
-53.000000 -41.947236 254.500000
-53.000000 -43.278894 254.500000
-53.000000 -44.610553 254.500000
-53.000000 -45.942211 254.500000
-53.000000 -47.273869 254.500000
-53.000000 -48.605528 254.500000
-53.000000 -49.937186 254.500000
-53.000000 -51.268844 254.500000
-53.000000 -52.600503 254.500000
-53.000000 -53.932161 254.500000
-53.000000 -55.263819 254.500000
-53.000000 -56.595477 254.500000
-53.000000 -57.927136 254.500000
-53.000000 -59.258794 254.500000
-53.000000 -60.590452 254.500000
-53.000000 -61.922111 254.500000
-53.000000 -63.253769 254.500000
-53.000000 -64.585427 254.500000
-53.000000 -65.917085 254.500000
-53.000000 -67.248744 254.500000
-53.000000 -68.580402 254.500000
-53.000000 -69.912060 254.500000
-53.000000 -71.243719 254.500000
-53.000000 -72.575377 254.500000
-53.000000 -73.907035 254.500000
-53.000000 -75.238693 254.500000
-53.000000 -76.570352 254.500000
-53.000000 -77.902010 254.500000
-53.000000 -79.233668 254.500000
-53.000000 -80.565327 254.500000
-53.000000 -81.896985 254.500000
-53.000000 -83.228643 254.500000
-53.000000 -84.560302 254.500000
-53.000000 -85.891960 254.500000
-53.000000 -87.223618 254.500000
-53.000000 -88.555276 254.500000
-53.000000 -89.886935 254.500000
-53.000000 -91.218593 254.500000
-53.000000 -92.550251 254.500000
-53.000000 -93.881910 254.500000
-53.000000 -95.213568 254.500000
-53.000000 -96.545226 254.500000
-53.000000 -97.876884 254.500000
-53.000000 -99.208543 254.500000
-53.000000 -100.540201 254.500000
-53.000000 -101.871859 254.500000
-53.000000 -103.203518 254.500000
-53.000000 -104.535176 254.500000
-53.000000 -105.866834 254.500000
-53.000000 -107.198492 254.500000
-53.000000 -108.530151 254.500000
-53.000000 -109.861809 254.500000
-53.000000 -111.193467 254.500000
-53.000000 -112.525126 254.500000
-53.000000 -113.856784 254.500000
-53.000000 -115.188442 254.500000
-53.000000 -116.520101 254.500000
-53.000000 -117.851759 254.500000
-53.000000 -119.183417 254.500000
-53.000000 -120.515075 254.500000
-53.000000 -121.846734 254.500000
-53.000000 -123.178392 254.500000
-53.000000 -124.510050 254.500000
-53.000000 -125.841709 254.500000
-53.000000 -127.173367 254.500000
-53.000000 -128.505025 254.500000
-53.000000 -129.836683 254.500000
-53.000000 -131.168342 254.500000
-53.000000 -132.500000 254.500000
-53.000000 -132.500000 572.800000
-39.750000 -132.500000 578.100000
-39.750000 -131.168342 577.833668
-39.750000 -129.836683 577.567337
-39.750000 -128.505025 577.301005
-39.750000 -127.173367 577.034673
-39.750000 -125.841709 576.768342
-39.750000 -124.510050 576.502010
-39.750000 -123.178392 576.235678
-39.750000 -121.846734 575.838693
-39.750000 -120.515075 575.306030
-39.750000 -119.183417 574.986683
-39.750000 -117.851759 574.720352
-39.750000 -116.520101 574.454020
-39.750000 -115.188442 574.175377
-39.750000 -113.856784 573.642714
-39.750000 -112.525126 573.110050
-39.750000 -111.193467 572.838693
-39.750000 -109.861809 572.572362
-39.750000 -108.530151 572.062060
-39.750000 -107.198492 571.589698
-39.750000 -105.866834 571.323367
-39.750000 -104.535176 570.914070
-39.750000 -103.203518 570.381407
-39.750000 -101.871859 569.974372
-39.750000 -100.540201 569.708040
-39.750000 -99.208543 569.441709
-39.750000 -97.876884 569.175377
-39.750000 -96.545226 568.718090
-39.750000 -95.213568 568.192714
-39.750000 -93.881910 567.926382
-39.750000 -92.550251 567.660050
-39.750000 -91.218593 567.393719
-39.750000 -89.886935 567.054774
-39.750000 -88.555276 566.522111
-39.750000 -87.223618 566.044724
-39.750000 -85.891960 565.778392
-39.750000 -84.560302 565.474121
-39.750000 -83.228643 564.941457
-39.750000 -81.896985 564.529397
-39.750000 -80.565327 564.263065
-39.750000 -79.233668 563.793467
-39.750000 -77.902010 563.260804
-39.750000 -76.570352 562.914070
-39.750000 -75.238693 562.647739
-39.750000 -73.907035 562.212814
-39.750000 -72.575377 561.680151
-39.750000 -71.243719 561.398744
-39.750000 -69.912060 561.132412
-39.750000 -68.580402 560.866080
-39.750000 -67.248744 560.599749
-39.750000 -65.917085 560.333417
-39.750000 -64.585427 559.934171
-39.750000 -63.253769 559.401508
-39.750000 -61.922111 558.984422
-39.750000 -60.590452 558.718090
-39.750000 -59.258794 558.353518
-39.750000 -57.927136 557.820854
-39.750000 -56.595477 557.469095
-39.750000 -55.263819 557.202764
-39.750000 -53.932161 556.936432
-39.750000 -52.600503 556.670101
-39.750000 -51.268844 556.403769
-39.750000 -49.937186 556.137437
-39.750000 -48.605528 555.871106
-39.750000 -47.273869 555.604774
-39.750000 -45.942211 555.338442
-39.750000 -44.610553 555.072111
-39.750000 -43.278894 554.805779
-39.750000 -41.947236 554.650000
-39.750000 -40.615578 554.650000
-39.750000 -39.283920 554.650000
-39.750000 -37.952261 554.650000
-39.750000 -36.620603 554.474121
-39.750000 -35.288945 554.207789
-39.750000 -33.957286 554.200000
-39.750000 -32.625628 554.200000
-39.750000 -31.293970 554.200000
-39.750000 -29.962312 554.142462
-39.750000 -28.630653 553.876131
-39.750000 -27.298995 553.650000
-39.750000 -25.967337 553.650000
-39.750000 -24.635678 553.650000
-39.750000 -23.304020 553.650000
-39.750000 -21.972362 553.650000
-39.750000 -20.640704 553.650000
-39.750000 -19.309045 553.650000
-39.750000 -17.977387 553.650000
-39.750000 -16.645729 553.650000
-39.750000 -15.314070 553.650000
-39.750000 -13.982412 553.650000
-39.750000 -12.650754 553.650000
-39.750000 -11.319095 553.413819
-39.750000 -9.987437 553.147487
-39.750000 -8.655779 553.100000
-39.750000 -7.324121 553.100000
-39.750000 -5.992462 553.100000
-39.750000 -4.660804 553.100000
-39.750000 -3.329146 553.100000
-39.750000 -1.997487 552.999497
-39.750000 -0.665829 552.733166
-39.750000 0.665829 552.466834
-39.750000 1.997487 552.200503
-39.750000 3.329146 552.100000
-39.750000 4.660804 552.100000
-39.750000 5.992462 552.100000
-39.750000 7.324121 552.100000
-39.750000 8.655779 551.868844
-39.750000 9.987437 551.602513
-39.750000 11.319095 551.336181
-39.750000 12.650754 551.069849
-39.750000 13.982412 550.803518
-39.750000 15.314070 550.550000
-39.750000 16.645729 550.550000
-39.750000 17.977387 550.550000
-39.750000 19.309045 550.550000
-39.750000 20.640704 550.550000
-39.750000 21.972362 550.550000
-39.750000 23.304020 550.550000
-39.750000 24.635678 550.550000
-39.750000 25.967337 550.306533
-39.750000 27.298995 550.040201
-39.750000 28.630653 550.000000
-39.750000 29.962312 550.000000
-39.750000 31.293970 549.582412
-39.750000 32.625628 549.049749
-39.750000 33.957286 548.517085
-39.750000 35.288945 548.200000
-39.750000 36.620603 548.200000
-39.750000 37.952261 548.019095
-39.750000 39.283920 547.486432
-39.750000 40.615578 547.026884
-39.750000 41.947236 546.760553
-39.750000 43.278894 546.338442
-39.750000 44.610553 545.805779
-39.750000 45.942211 545.034673
-39.750000 47.273869 544.235678
-39.750000 48.605528 543.436683
-39.750000 49.937186 542.637688
-39.750000 51.268844 542.042462
-39.750000 52.600503 541.529899
-39.750000 53.932161 541.263568
-39.750000 55.263819 540.997236
-39.750000 56.595477 540.730905
-39.750000 57.927136 540.464573
-39.750000 59.258794 540.198241
-39.750000 60.590452 539.259548
-39.750000 61.922111 537.927889
-39.750000 63.253769 536.294724
-39.750000 64.585427 534.430402
-39.750000 65.917085 532.699497
-39.750000 67.248744 531.101508
-39.750000 68.580402 528.855276
-39.750000 69.912060 526.328643
-39.750000 71.243719 522.866332
-39.750000 72.575377 519.253266
-39.750000 73.907035 513.127638
-39.750000 75.238693 507.002010
-39.750000 76.570352 501.932663
-39.750000 77.902010 498.319598
-39.750000 79.233668 498.053266
-39.750000 80.565327 496.482412
-39.750000 81.896985 494.085427
-39.750000 83.228643 491.834171
-39.750000 84.560302 489.703518
-39.750000 85.891960 486.430905
-39.750000 87.223618 482.968593
-39.750000 88.555276 476.551508
-39.750000 89.886935 469.360553
-39.750000 91.218593 461.007286
-39.750000 92.550251 452.278643
-39.750000 93.881910 445.087688
-39.750000 95.213568 439.194724
-39.750000 96.545226 435.732412
-39.750000 97.876884 432.722362
-39.750000 99.208543 430.858040
-39.750000 100.540201 428.761558
-39.750000 101.871859 425.831910
-39.750000 103.203518 423.605779
-39.750000 104.535176 422.007789
-39.750000 105.866834 420.409799
-39.750000 107.198492 418.811809
-39.750000 108.530151 417.419849
-39.750000 109.861809 416.110553
-39.750000 111.193467 415.045226
-39.750000 112.525126 413.979899
-39.750000 113.856784 412.914573
-39.750000 115.188442 411.849246
-39.750000 116.520101 410.783920
-39.750000 117.851759 409.718593
-39.750000 119.183417 408.653266
-39.750000 120.515075 407.534925
-39.750000 121.846734 406.203266
-39.750000 123.178392 405.007286
-39.750000 124.510050 403.941960
-39.750000 125.841709 402.658291
-39.750000 127.173367 401.326633
-39.750000 128.505025 400.195980
-39.750000 129.836683 399.130653
-39.750000 131.168342 397.881658
-39.750000 132.500000 396.550000
-39.750000 132.500000 254.500000
-39.750000 132.500000 254.500000
-39.750000 131.168342 254.500000
-39.750000 129.836683 254.500000
-39.750000 128.505025 254.500000
-39.750000 127.173367 254.500000
-39.750000 125.841709 254.500000
-39.750000 124.510050 254.500000
-39.750000 123.178392 254.500000
-39.750000 121.846734 254.500000
-39.750000 120.515075 254.500000
-39.750000 119.183417 254.500000
-39.750000 117.851759 254.500000
-39.750000 116.520101 254.500000
-39.750000 115.188442 254.500000
-39.750000 113.856784 254.500000
-39.750000 112.525126 254.500000
-39.750000 111.193467 254.500000
-39.750000 109.861809 254.500000
-39.750000 108.530151 254.500000
-39.750000 107.198492 254.500000
-39.750000 105.866834 254.500000
-39.750000 104.535176 254.500000
-39.750000 103.203518 254.500000
-39.750000 101.871859 254.500000
-39.750000 100.540201 254.500000
-39.750000 99.208543 254.500000
-39.750000 97.876884 254.500000
-39.750000 96.545226 254.500000
-39.750000 95.213568 254.500000
-39.750000 93.881910 254.500000
-39.750000 92.550251 254.500000
-39.750000 91.218593 254.500000
-39.750000 89.886935 254.500000
-39.750000 88.555276 254.500000
-39.750000 87.223618 254.500000
-39.750000 85.891960 254.500000
-39.750000 84.560302 254.500000
-39.750000 83.228643 254.500000
-39.750000 81.896985 254.500000
-39.750000 80.565327 254.500000
-39.750000 79.233668 254.500000
-39.750000 77.902010 254.500000
-39.750000 76.570352 254.500000
-39.750000 75.238693 254.500000
-39.750000 73.907035 254.500000
-39.750000 72.575377 254.500000
-39.750000 71.243719 254.500000
-39.750000 69.912060 254.500000
-39.750000 68.580402 254.500000
-39.750000 67.248744 254.500000
-39.750000 65.917085 254.500000
-39.750000 64.585427 254.500000
-39.750000 63.253769 254.500000
-39.750000 61.922111 254.500000
-39.750000 60.590452 254.500000
-39.750000 59.258794 254.500000
-39.750000 57.927136 254.500000
-39.750000 56.595477 254.500000
-39.750000 55.263819 254.500000
-39.750000 53.932161 254.500000
-39.750000 52.600503 254.500000
-39.750000 51.268844 254.500000
-39.750000 49.937186 254.500000
-39.750000 48.605528 254.500000
-39.750000 47.273869 254.500000
-39.750000 45.942211 254.500000
-39.750000 44.610553 254.500000
-39.750000 43.278894 254.500000
-39.750000 41.947236 254.500000
-39.750000 40.615578 254.500000
-39.750000 39.283920 254.500000
-39.750000 37.952261 254.500000
-39.750000 36.620603 254.500000
-39.750000 35.288945 254.500000
-39.750000 33.957286 254.500000
-39.750000 32.625628 254.500000
-39.750000 31.293970 254.500000
-39.750000 29.962312 254.500000
-39.750000 28.630653 254.500000
-39.750000 27.298995 254.500000
-39.750000 25.967337 254.500000
-39.750000 24.635678 254.500000
-39.750000 23.304020 254.500000
-39.750000 21.972362 254.500000
-39.750000 20.640704 254.500000
-39.750000 19.309045 254.500000
-39.750000 17.977387 254.500000
-39.750000 16.645729 254.500000
-39.750000 15.314070 254.500000
-39.750000 13.982412 254.500000
-39.750000 12.650754 254.500000
-39.750000 11.319095 254.500000
-39.750000 9.987437 254.500000
-39.750000 8.655779 254.500000
-39.750000 7.324121 254.500000
-39.750000 5.992462 254.500000
-39.750000 4.660804 254.500000
-39.750000 3.329146 254.500000
-39.750000 1.997487 254.500000
-39.750000 0.665829 254.500000
-39.750000 -0.665829 254.500000
-39.750000 -1.997487 254.500000
-39.750000 -3.329146 254.500000
-39.750000 -4.660804 254.500000
-39.750000 -5.992462 254.500000
-39.750000 -7.324121 254.500000
-39.750000 -8.655779 254.500000
-39.750000 -9.987437 254.500000
-39.750000 -11.319095 254.500000
-39.750000 -12.650754 254.500000
-39.750000 -13.982412 254.500000
-39.750000 -15.314070 254.500000
-39.750000 -16.645729 254.500000
-39.750000 -17.977387 254.500000
-39.750000 -19.309045 254.500000
-39.750000 -20.640704 254.500000
-39.750000 -21.972362 254.500000
-39.750000 -23.304020 254.500000
-39.750000 -24.635678 254.500000
-39.750000 -25.967337 254.500000
-39.750000 -27.298995 254.500000
-39.750000 -28.630653 254.500000
-39.750000 -29.962312 254.500000
-39.750000 -31.293970 254.500000
-39.750000 -32.625628 254.500000
-39.750000 -33.957286 254.500000
-39.750000 -35.288945 254.500000
-39.750000 -36.620603 254.500000
-39.750000 -37.952261 254.500000
-39.750000 -39.283920 254.500000
-39.750000 -40.615578 254.500000
-39.750000 -41.947236 254.500000
-39.750000 -43.278894 254.500000
-39.750000 -44.610553 254.500000
-39.750000 -45.942211 254.500000
-39.750000 -47.273869 254.500000
-39.750000 -48.605528 254.500000
-39.750000 -49.937186 254.500000
-39.750000 -51.268844 254.500000
-39.750000 -52.600503 254.500000
-39.750000 -53.932161 254.500000
-39.750000 -55.263819 254.500000
-39.750000 -56.595477 254.500000
-39.750000 -57.927136 254.500000
-39.750000 -59.258794 254.500000
-39.750000 -60.590452 254.500000
-39.750000 -61.922111 254.500000
-39.750000 -63.253769 254.500000
-39.750000 -64.585427 254.500000
-39.750000 -65.917085 254.500000
-39.750000 -67.248744 254.500000
-39.750000 -68.580402 254.500000
-39.750000 -69.912060 254.500000
-39.750000 -71.243719 254.500000
-39.750000 -72.575377 254.500000
-39.750000 -73.907035 254.500000
-39.750000 -75.238693 254.500000
-39.750000 -76.570352 254.500000
-39.750000 -77.902010 254.500000
-39.750000 -79.233668 254.500000
-39.750000 -80.565327 254.500000
-39.750000 -81.896985 254.500000
-39.750000 -83.228643 254.500000
-39.750000 -84.560302 254.500000
-39.750000 -85.891960 254.500000
-39.750000 -87.223618 254.500000
-39.750000 -88.555276 254.500000
-39.750000 -89.886935 254.500000
-39.750000 -91.218593 254.500000
-39.750000 -92.550251 254.500000
-39.750000 -93.881910 254.500000
-39.750000 -95.213568 254.500000
-39.750000 -96.545226 254.500000
-39.750000 -97.876884 254.500000
-39.750000 -99.208543 254.500000
-39.750000 -100.540201 254.500000
-39.750000 -101.871859 254.500000
-39.750000 -103.203518 254.500000
-39.750000 -104.535176 254.500000
-39.750000 -105.866834 254.500000
-39.750000 -107.198492 254.500000
-39.750000 -108.530151 254.500000
-39.750000 -109.861809 254.500000
-39.750000 -111.193467 254.500000
-39.750000 -112.525126 254.500000
-39.750000 -113.856784 254.500000
-39.750000 -115.188442 254.500000
-39.750000 -116.520101 254.500000
-39.750000 -117.851759 254.500000
-39.750000 -119.183417 254.500000
-39.750000 -120.515075 254.500000
-39.750000 -121.846734 254.500000
-39.750000 -123.178392 254.500000
-39.750000 -124.510050 254.500000
-39.750000 -125.841709 254.500000
-39.750000 -127.173367 254.500000
-39.750000 -128.505025 254.500000
-39.750000 -129.836683 254.500000
-39.750000 -131.168342 254.500000
-39.750000 -132.500000 254.500000
-39.750000 -132.500000 578.100000
-26.500000 -132.500000 584.400000
-26.500000 -131.168342 584.133668
-26.500000 -129.836683 583.867337
-26.500000 -128.505025 583.601005
-26.500000 -127.173367 583.334673
-26.500000 -125.841709 583.068342
-26.500000 -124.510050 582.802010
-26.500000 -123.178392 582.535678
-26.500000 -121.846734 582.269347
-26.500000 -120.515075 582.003015
-26.500000 -119.183417 581.736683
-26.500000 -117.851759 581.470352
-26.500000 -116.520101 581.204020
-26.500000 -115.188442 580.937688
-26.500000 -113.856784 580.671357
-26.500000 -112.525126 580.405025
-26.500000 -111.193467 579.877387
-26.500000 -109.861809 579.344724
-26.500000 -108.530151 578.812060
-26.500000 -107.198492 578.479397
-26.500000 -105.866834 578.073367
-26.500000 -104.535176 577.807035
-26.500000 -103.203518 577.540704
-26.500000 -101.871859 577.148744
-26.500000 -100.540201 576.616080
-26.500000 -99.208543 576.083417
-26.500000 -97.876884 575.675377
-26.500000 -96.545226 575.409045
-26.500000 -95.213568 575.142714
-26.500000 -93.881910 574.876382
-26.500000 -92.550251 574.420101
-26.500000 -91.218593 574.087437
-26.500000 -89.886935 573.554774
-26.500000 -88.555276 573.022111
-26.500000 -87.223618 572.544724
-26.500000 -85.891960 572.278392
-26.500000 -84.560302 572.012060
-26.500000 -83.228643 571.691457
-26.500000 -81.896985 571.279397
-26.500000 -80.565327 571.013065
-26.500000 -79.233668 570.746734
-26.500000 -77.902010 570.480402
-26.500000 -76.570352 570.028141
-26.500000 -75.238693 569.495477
-26.500000 -73.907035 568.962814
-26.500000 -72.575377 568.615075
-26.500000 -71.243719 568.148744
-26.500000 -69.912060 567.882412
-26.500000 -68.580402 567.616080
-26.500000 -67.248744 567.349749
-26.500000 -65.917085 567.083417
-26.500000 -64.585427 566.817085
-26.500000 -63.253769 566.550754
-26.500000 -61.922111 566.284422
-26.500000 -60.590452 565.836181
-26.500000 -59.258794 565.303518
-26.500000 -57.927136 564.770854
-26.500000 -56.595477 564.419095
-26.500000 -55.263819 564.152764
-26.500000 -53.932161 563.886432
-26.500000 -52.600503 563.620101
-26.500000 -51.268844 563.400000
-26.500000 -49.937186 563.400000
-26.500000 -48.605528 563.400000
-26.500000 -47.273869 563.400000
-26.500000 -45.942211 563.288442
-26.500000 -44.610553 563.022111
-26.500000 -43.278894 562.755779
-26.500000 -41.947236 562.600000
-26.500000 -40.615578 562.600000
-26.500000 -39.283920 562.600000
-26.500000 -37.952261 562.490452
-26.500000 -36.620603 562.400000
-26.500000 -35.288945 562.157789
-26.500000 -33.957286 561.891457
-26.500000 -32.625628 561.625126
-26.500000 -31.293970 561.600000
-26.500000 -29.962312 561.600000
-26.500000 -28.630653 561.600000
-26.500000 -27.298995 561.400000
-26.500000 -25.967337 561.400000
-26.500000 -24.635678 561.400000
-26.500000 -23.304020 561.400000
-26.500000 -21.972362 561.294472
-26.500000 -20.640704 561.028141
-26.500000 -19.309045 560.761809
-26.500000 -17.977387 560.495477
-26.500000 -16.645729 560.400000
-26.500000 -15.314070 560.400000
-26.500000 -13.982412 560.400000
-26.500000 -12.650754 560.230151
-26.500000 -11.319095 559.963819
-26.500000 -9.987437 559.697487
-26.500000 -8.655779 559.431156
-26.500000 -7.324121 559.164824
-26.500000 -5.992462 559.000000
-26.500000 -4.660804 559.000000
-26.500000 -3.329146 559.000000
-26.500000 -1.997487 558.899497
-26.500000 -0.665829 558.633166
-26.500000 0.665829 558.366834
-26.500000 1.997487 558.299497
-26.500000 3.329146 558.068342
-26.500000 4.660804 557.767839
-26.500000 5.992462 557.501508
-26.500000 7.324121 557.235176
-26.500000 8.655779 556.737688
-26.500000 9.987437 556.205025
-26.500000 11.319095 555.672362
-26.500000 12.650754 555.139698
-26.500000 13.982412 554.703518
-26.500000 15.314070 554.437186
-26.500000 16.645729 554.170854
-26.500000 17.977387 553.809045
-26.500000 19.309045 553.276382
-26.500000 20.640704 552.743719
-26.500000 21.972362 552.305528
-26.500000 23.304020 552.039196
-26.500000 24.635678 551.772864
-26.500000 25.967337 551.506533
-26.500000 27.298995 551.080402
-26.500000 28.630653 550.773869
-26.500000 29.962312 550.507538
-26.500000 31.293970 550.241206
-26.500000 32.625628 549.974874
-26.500000 33.957286 549.800000
-26.500000 35.288945 549.800000
-26.500000 36.620603 549.800000
-26.500000 37.952261 549.347739
-26.500000 39.283920 548.329648
-26.500000 40.615578 547.530653
-26.500000 41.947236 546.731658
-26.500000 43.278894 545.932663
-26.500000 44.610553 545.133668
-26.500000 45.942211 544.334673
-26.500000 47.273869 543.535678
-26.500000 48.605528 542.536683
-26.500000 49.937186 541.737688
-26.500000 51.268844 540.938693
-26.500000 52.600503 540.139698
-26.500000 53.932161 539.340704
-26.500000 55.263819 538.541709
-26.500000 56.595477 537.761809
-26.500000 57.927136 537.058291
-26.500000 59.258794 535.992965
-26.500000 60.590452 534.927638
-26.500000 61.922111 533.946734
-26.500000 63.253769 532.544724
-26.500000 64.585427 530.680402
-26.500000 65.917085 528.816080
-26.500000 67.248744 526.951759
-26.500000 68.580402 521.197990
-26.500000 69.912060 514.539698
-26.500000 71.243719 507.881407
-26.500000 72.575377 491.539698
-26.500000 73.907035 486.566834
-26.500000 75.238693 472.717588
-26.500000 76.570352 458.868342
-26.500000 77.902010 448.797990
-26.500000 79.233668 447.466332
-26.500000 80.565327 446.134673
-26.500000 81.896985 444.723618
-26.500000 83.228643 443.271357
-26.500000 84.560302 441.727638
-26.500000 85.891960 440.129648
-26.500000 87.223618 438.531658
-26.500000 88.555276 436.722613
-26.500000 89.886935 434.858291
-26.500000 91.218593 432.993970
-26.500000 92.550251 431.559799
-26.500000 93.881910 430.418090
-26.500000 95.213568 429.086432
-26.500000 96.545226 427.754774
-26.500000 97.876884 426.423116
-26.500000 99.208543 425.091457
-26.500000 100.540201 423.759799
-26.500000 101.871859 422.428141
-26.500000 103.203518 421.377889
-26.500000 104.535176 420.371859
-26.500000 105.866834 419.306533
-26.500000 107.198492 418.241206
-26.500000 108.530151 417.175879
-26.500000 109.861809 416.110553
-26.500000 111.193467 415.045226
-26.500000 112.525126 413.984925
-26.500000 113.856784 413.185930
-26.500000 115.188442 412.386935
-26.500000 116.520101 411.587940
-26.500000 117.851759 410.718593
-26.500000 119.183417 409.653266
-26.500000 120.515075 408.587940
-26.500000 121.846734 407.522613
-26.500000 123.178392 406.457286
-26.500000 124.510050 405.391960
-26.500000 125.841709 404.326633
-26.500000 127.173367 403.395980
-26.500000 128.505025 402.395980
-26.500000 129.836683 401.330653
-26.500000 131.168342 400.265327
-26.500000 132.500000 399.200000
-26.500000 132.500000 254.500000
-26.500000 132.500000 254.500000
-26.500000 131.168342 254.500000
-26.500000 129.836683 254.500000
-26.500000 128.505025 254.500000
-26.500000 127.173367 254.500000
-26.500000 125.841709 254.500000
-26.500000 124.510050 254.500000
-26.500000 123.178392 254.500000
-26.500000 121.846734 254.500000
-26.500000 120.515075 254.500000
-26.500000 119.183417 254.500000
-26.500000 117.851759 254.500000
-26.500000 116.520101 254.500000
-26.500000 115.188442 254.500000
-26.500000 113.856784 254.500000
-26.500000 112.525126 254.500000
-26.500000 111.193467 254.500000
-26.500000 109.861809 254.500000
-26.500000 108.530151 254.500000
-26.500000 107.198492 254.500000
-26.500000 105.866834 254.500000
-26.500000 104.535176 254.500000
-26.500000 103.203518 254.500000
-26.500000 101.871859 254.500000
-26.500000 100.540201 254.500000
-26.500000 99.208543 254.500000
-26.500000 97.876884 254.500000
-26.500000 96.545226 254.500000
-26.500000 95.213568 254.500000
-26.500000 93.881910 254.500000
-26.500000 92.550251 254.500000
-26.500000 91.218593 254.500000
-26.500000 89.886935 254.500000
-26.500000 88.555276 254.500000
-26.500000 87.223618 254.500000
-26.500000 85.891960 254.500000
-26.500000 84.560302 254.500000
-26.500000 83.228643 254.500000
-26.500000 81.896985 254.500000
-26.500000 80.565327 254.500000
-26.500000 79.233668 254.500000
-26.500000 77.902010 254.500000
-26.500000 76.570352 254.500000
-26.500000 75.238693 254.500000
-26.500000 73.907035 254.500000
-26.500000 72.575377 254.500000
-26.500000 71.243719 254.500000
-26.500000 69.912060 254.500000
-26.500000 68.580402 254.500000
-26.500000 67.248744 254.500000
-26.500000 65.917085 254.500000
-26.500000 64.585427 254.500000
-26.500000 63.253769 254.500000
-26.500000 61.922111 254.500000
-26.500000 60.590452 254.500000
-26.500000 59.258794 254.500000
-26.500000 57.927136 254.500000
-26.500000 56.595477 254.500000
-26.500000 55.263819 254.500000
-26.500000 53.932161 254.500000
-26.500000 52.600503 254.500000
-26.500000 51.268844 254.500000
-26.500000 49.937186 254.500000
-26.500000 48.605528 254.500000
-26.500000 47.273869 254.500000
-26.500000 45.942211 254.500000
-26.500000 44.610553 254.500000
-26.500000 43.278894 254.500000
-26.500000 41.947236 254.500000
-26.500000 40.615578 254.500000
-26.500000 39.283920 254.500000
-26.500000 37.952261 254.500000
-26.500000 36.620603 254.500000
-26.500000 35.288945 254.500000
-26.500000 33.957286 254.500000
-26.500000 32.625628 254.500000
-26.500000 31.293970 254.500000
-26.500000 29.962312 254.500000
-26.500000 28.630653 254.500000
-26.500000 27.298995 254.500000
-26.500000 25.967337 254.500000
-26.500000 24.635678 254.500000
-26.500000 23.304020 254.500000
-26.500000 21.972362 254.500000
-26.500000 20.640704 254.500000
-26.500000 19.309045 254.500000
-26.500000 17.977387 254.500000
-26.500000 16.645729 254.500000
-26.500000 15.314070 254.500000
-26.500000 13.982412 254.500000
-26.500000 12.650754 254.500000
-26.500000 11.319095 254.500000
-26.500000 9.987437 254.500000
-26.500000 8.655779 254.500000
-26.500000 7.324121 254.500000
-26.500000 5.992462 254.500000
-26.500000 4.660804 254.500000
-26.500000 3.329146 254.500000
-26.500000 1.997487 254.500000
-26.500000 0.665829 254.500000
-26.500000 -0.665829 254.500000
-26.500000 -1.997487 254.500000
-26.500000 -3.329146 254.500000
-26.500000 -4.660804 254.500000
-26.500000 -5.992462 254.500000
-26.500000 -7.324121 254.500000
-26.500000 -8.655779 254.500000
-26.500000 -9.987437 254.500000
-26.500000 -11.319095 254.500000
-26.500000 -12.650754 254.500000
-26.500000 -13.982412 254.500000
-26.500000 -15.314070 254.500000
-26.500000 -16.645729 254.500000
-26.500000 -17.977387 254.500000
-26.500000 -19.309045 254.500000
-26.500000 -20.640704 254.500000
-26.500000 -21.972362 254.500000
-26.500000 -23.304020 254.500000
-26.500000 -24.635678 254.500000
-26.500000 -25.967337 254.500000
-26.500000 -27.298995 254.500000
-26.500000 -28.630653 254.500000
-26.500000 -29.962312 254.500000
-26.500000 -31.293970 254.500000
-26.500000 -32.625628 254.500000
-26.500000 -33.957286 254.500000
-26.500000 -35.288945 254.500000
-26.500000 -36.620603 254.500000
-26.500000 -37.952261 254.500000
-26.500000 -39.283920 254.500000
-26.500000 -40.615578 254.500000
-26.500000 -41.947236 254.500000
-26.500000 -43.278894 254.500000
-26.500000 -44.610553 254.500000
-26.500000 -45.942211 254.500000
-26.500000 -47.273869 254.500000
-26.500000 -48.605528 254.500000
-26.500000 -49.937186 254.500000
-26.500000 -51.268844 254.500000
-26.500000 -52.600503 254.500000
-26.500000 -53.932161 254.500000
-26.500000 -55.263819 254.500000
-26.500000 -56.595477 254.500000
-26.500000 -57.927136 254.500000
-26.500000 -59.258794 254.500000
-26.500000 -60.590452 254.500000
-26.500000 -61.922111 254.500000
-26.500000 -63.253769 254.500000
-26.500000 -64.585427 254.500000
-26.500000 -65.917085 254.500000
-26.500000 -67.248744 254.500000
-26.500000 -68.580402 254.500000
-26.500000 -69.912060 254.500000
-26.500000 -71.243719 254.500000
-26.500000 -72.575377 254.500000
-26.500000 -73.907035 254.500000
-26.500000 -75.238693 254.500000
-26.500000 -76.570352 254.500000
-26.500000 -77.902010 254.500000
-26.500000 -79.233668 254.500000
-26.500000 -80.565327 254.500000
-26.500000 -81.896985 254.500000
-26.500000 -83.228643 254.500000
-26.500000 -84.560302 254.500000
-26.500000 -85.891960 254.500000
-26.500000 -87.223618 254.500000
-26.500000 -88.555276 254.500000
-26.500000 -89.886935 254.500000
-26.500000 -91.218593 254.500000
-26.500000 -92.550251 254.500000
-26.500000 -93.881910 254.500000
-26.500000 -95.213568 254.500000
-26.500000 -96.545226 254.500000
-26.500000 -97.876884 254.500000
-26.500000 -99.208543 254.500000
-26.500000 -100.540201 254.500000
-26.500000 -101.871859 254.500000
-26.500000 -103.203518 254.500000
-26.500000 -104.535176 254.500000
-26.500000 -105.866834 254.500000
-26.500000 -107.198492 254.500000
-26.500000 -108.530151 254.500000
-26.500000 -109.861809 254.500000
-26.500000 -111.193467 254.500000
-26.500000 -112.525126 254.500000
-26.500000 -113.856784 254.500000
-26.500000 -115.188442 254.500000
-26.500000 -116.520101 254.500000
-26.500000 -117.851759 254.500000
-26.500000 -119.183417 254.500000
-26.500000 -120.515075 254.500000
-26.500000 -121.846734 254.500000
-26.500000 -123.178392 254.500000
-26.500000 -124.510050 254.500000
-26.500000 -125.841709 254.500000
-26.500000 -127.173367 254.500000
-26.500000 -128.505025 254.500000
-26.500000 -129.836683 254.500000
-26.500000 -131.168342 254.500000
-26.500000 -132.500000 254.500000
-26.500000 -132.500000 584.400000
-13.250000 -132.500000 589.700000
-13.250000 -131.168342 589.433668
-13.250000 -129.836683 589.167337
-13.250000 -128.505025 588.901005
-13.250000 -127.173367 588.634673
-13.250000 -125.841709 588.368342
-13.250000 -124.510050 588.102010
-13.250000 -123.178392 587.835678
-13.250000 -121.846734 587.569347
-13.250000 -120.515075 587.303015
-13.250000 -119.183417 587.036683
-13.250000 -117.851759 586.770352
-13.250000 -116.520101 586.504020
-13.250000 -115.188442 586.237688
-13.250000 -113.856784 585.971357
-13.250000 -112.525126 585.705025
-13.250000 -111.193467 585.438693
-13.250000 -109.861809 585.172362
-13.250000 -108.530151 584.906030
-13.250000 -107.198492 584.579397
-13.250000 -105.866834 584.046734
-13.250000 -104.535176 583.514070
-13.250000 -103.203518 582.981407
-13.250000 -101.871859 582.574372
-13.250000 -100.540201 582.308040
-13.250000 -99.208543 582.041709
-13.250000 -97.876884 581.775377
-13.250000 -96.545226 581.359045
-13.250000 -95.213568 581.092714
-13.250000 -93.881910 580.826382
-13.250000 -92.550251 580.560050
-13.250000 -91.218593 580.293719
-13.250000 -89.886935 580.027387
-13.250000 -88.555276 579.761055
-13.250000 -87.223618 579.494724
-13.250000 -85.891960 579.056784
-13.250000 -84.560302 578.524121
-13.250000 -83.228643 577.991457
-13.250000 -81.896985 577.579397
-13.250000 -80.565327 577.313065
-13.250000 -79.233668 577.046734
-13.250000 -77.902010 576.780402
-13.250000 -76.570352 576.514070
-13.250000 -75.238693 576.247739
-13.250000 -73.907035 575.981407
-13.250000 -72.575377 575.580151
-13.250000 -71.243719 575.298744
-13.250000 -69.912060 575.032412
-13.250000 -68.580402 574.766080
-13.250000 -67.248744 574.499749
-13.250000 -65.917085 574.066834
-13.250000 -64.585427 573.534171
-13.250000 -63.253769 573.001508
-13.250000 -61.922111 572.584422
-13.250000 -60.590452 572.318090
-13.250000 -59.258794 572.051759
-13.250000 -57.927136 571.785427
-13.250000 -56.595477 571.519095
-13.250000 -55.263819 571.252764
-13.250000 -53.932161 570.986432
-13.250000 -52.600503 570.720101
-13.250000 -51.268844 570.700000
-13.250000 -49.937186 570.700000
-13.250000 -48.605528 570.700000
-13.250000 -47.273869 570.504774
-13.250000 -45.942211 570.238442
-13.250000 -44.610553 569.972111
-13.250000 -43.278894 569.705779
-13.250000 -41.947236 569.550000
-13.250000 -40.615578 569.323116
-13.250000 -39.283920 569.056784
-13.250000 -37.952261 568.790452
-13.250000 -36.620603 568.524121
-13.250000 -35.288945 568.257789
-13.250000 -33.957286 567.991457
-13.250000 -32.625628 567.725126
-13.250000 -31.293970 567.458794
-13.250000 -29.962312 567.192462
-13.250000 -28.630653 566.926131
-13.250000 -27.298995 566.659799
-13.250000 -25.967337 566.393467
-13.250000 -24.635678 566.127136
-13.250000 -23.304020 565.860804
-13.250000 -21.972362 565.594472
-13.250000 -20.640704 565.106281
-13.250000 -19.309045 564.573618
-13.250000 -17.977387 564.040955
-13.250000 -16.645729 563.679146
-13.250000 -15.314070 563.412814
-13.250000 -13.982412 563.146482
-13.250000 -12.650754 562.880151
-13.250000 -11.319095 562.527638
-13.250000 -9.987437 561.994975
-13.250000 -8.655779 561.462312
-13.250000 -7.324121 560.964824
-13.250000 -5.992462 560.698492
-13.250000 -4.660804 560.432161
-13.250000 -3.329146 560.165829
-13.250000 -1.997487 560.000000
-13.250000 -0.665829 560.000000
-13.250000 0.665829 560.000000
-13.250000 1.997487 560.000000
-13.250000 3.329146 559.834171
-13.250000 4.660804 559.567839
-13.250000 5.992462 559.301508
-13.250000 7.324121 559.035176
-13.250000 8.655779 558.537688
-13.250000 9.987437 558.005025
-13.250000 11.319095 557.472362
-13.250000 12.650754 556.909548
-13.250000 13.982412 556.110553
-13.250000 15.314070 555.311558
-13.250000 16.645729 554.512563
-13.250000 17.977387 553.904523
-13.250000 19.309045 553.426382
-13.250000 20.640704 552.893719
-13.250000 21.972362 552.361055
-13.250000 23.304020 551.989196
-13.250000 24.635678 551.722864
-13.250000 25.967337 551.456533
-13.250000 27.298995 551.080402
-13.250000 28.630653 549.190955
-13.250000 29.962312 547.060302
-13.250000 31.293970 544.929648
-13.250000 32.625628 543.724121
-13.250000 33.957286 541.859799
-13.250000 35.288945 539.995477
-13.250000 36.620603 538.131156
-13.250000 37.952261 536.688191
-13.250000 39.283920 535.209296
-13.250000 40.615578 533.611307
-13.250000 41.947236 532.013317
-13.250000 43.278894 530.103769
-13.250000 44.610553 527.973116
-13.250000 45.942211 525.842462
-13.250000 47.273869 524.130905
-13.250000 48.605528 523.002261
-13.250000 49.937186 521.137940
-13.250000 51.268844 519.273618
-13.250000 52.600503 517.529899
-13.250000 53.932161 516.990704
-13.250000 55.263819 516.191709
-13.250000 56.595477 515.392714
-13.250000 57.927136 513.824874
-13.250000 59.258794 510.628894
-13.250000 60.590452 507.432915
-13.250000 61.922111 504.512312
-13.250000 63.253769 503.112312
-13.250000 64.585427 489.795729
-13.250000 65.917085 476.479146
-13.250000 67.248744 463.162563
-13.250000 68.580402 459.569598
-13.250000 69.912060 458.237940
-13.250000 71.243719 456.906281
-13.250000 72.575377 445.374623
-13.250000 73.907035 444.174372
-13.250000 75.238693 443.109045
-13.250000 76.570352 442.043719
-13.250000 77.902010 440.897990
-13.250000 79.233668 439.566332
-13.250000 80.565327 438.234673
-13.250000 81.896985 436.903015
-13.250000 83.228643 435.571357
-13.250000 84.560302 434.239698
-13.250000 85.891960 432.908040
-13.250000 87.223618 431.576382
-13.250000 88.555276 430.455779
-13.250000 89.886935 429.390452
-13.250000 91.218593 428.325126
-13.250000 92.550251 427.259799
-13.250000 93.881910 426.194472
-13.250000 95.213568 425.129146
-13.250000 96.545226 424.063819
-13.250000 97.876884 422.998492
-13.250000 99.208543 421.933166
-13.250000 100.540201 420.867839
-13.250000 101.871859 419.802513
-13.250000 103.203518 418.877889
-13.250000 104.535176 418.078894
-13.250000 105.866834 417.279899
-13.250000 107.198492 416.391206
-13.250000 108.530151 415.531910
-13.250000 109.861809 414.732915
-13.250000 111.193467 413.933920
-13.250000 112.525126 413.129899
-13.250000 113.856784 412.185930
-13.250000 115.188442 411.386935
-13.250000 116.520101 410.587940
-13.250000 117.851759 409.788945
-13.250000 119.183417 408.803266
-13.250000 120.515075 407.737940
-13.250000 121.846734 406.672613
-13.250000 123.178392 405.742965
-13.250000 124.510050 404.943970
-13.250000 125.841709 404.144975
-13.250000 127.173367 403.345980
-13.250000 128.505025 402.546985
-13.250000 129.836683 401.747990
-13.250000 131.168342 400.948995
-13.250000 132.500000 400.000000
-13.250000 132.500000 254.500000
-13.250000 132.500000 254.500000
-13.250000 131.168342 254.500000
-13.250000 129.836683 254.500000
-13.250000 128.505025 254.500000
-13.250000 127.173367 254.500000
-13.250000 125.841709 254.500000
-13.250000 124.510050 254.500000
-13.250000 123.178392 254.500000
-13.250000 121.846734 254.500000
-13.250000 120.515075 254.500000
-13.250000 119.183417 254.500000
-13.250000 117.851759 254.500000
-13.250000 116.520101 254.500000
-13.250000 115.188442 254.500000
-13.250000 113.856784 254.500000
-13.250000 112.525126 254.500000
-13.250000 111.193467 254.500000
-13.250000 109.861809 254.500000
-13.250000 108.530151 254.500000
-13.250000 107.198492 254.500000
-13.250000 105.866834 254.500000
-13.250000 104.535176 254.500000
-13.250000 103.203518 254.500000
-13.250000 101.871859 254.500000
-13.250000 100.540201 254.500000
-13.250000 99.208543 254.500000
-13.250000 97.876884 254.500000
-13.250000 96.545226 254.500000
-13.250000 95.213568 254.500000
-13.250000 93.881910 254.500000
-13.250000 92.550251 254.500000
-13.250000 91.218593 254.500000
-13.250000 89.886935 254.500000
-13.250000 88.555276 254.500000
-13.250000 87.223618 254.500000
-13.250000 85.891960 254.500000
-13.250000 84.560302 254.500000
-13.250000 83.228643 254.500000
-13.250000 81.896985 254.500000
-13.250000 80.565327 254.500000
-13.250000 79.233668 254.500000
-13.250000 77.902010 254.500000
-13.250000 76.570352 254.500000
-13.250000 75.238693 254.500000
-13.250000 73.907035 254.500000
-13.250000 72.575377 254.500000
-13.250000 71.243719 254.500000
-13.250000 69.912060 254.500000
-13.250000 68.580402 254.500000
-13.250000 67.248744 254.500000
-13.250000 65.917085 254.500000
-13.250000 64.585427 254.500000
-13.250000 63.253769 254.500000
-13.250000 61.922111 254.500000
-13.250000 60.590452 254.500000
-13.250000 59.258794 254.500000
-13.250000 57.927136 254.500000
-13.250000 56.595477 254.500000
-13.250000 55.263819 254.500000
-13.250000 53.932161 254.500000
-13.250000 52.600503 254.500000
-13.250000 51.268844 254.500000
-13.250000 49.937186 254.500000
-13.250000 48.605528 254.500000
-13.250000 47.273869 254.500000
-13.250000 45.942211 254.500000
-13.250000 44.610553 254.500000
-13.250000 43.278894 254.500000
-13.250000 41.947236 254.500000
-13.250000 40.615578 254.500000
-13.250000 39.283920 254.500000
-13.250000 37.952261 254.500000
-13.250000 36.620603 254.500000
-13.250000 35.288945 254.500000
-13.250000 33.957286 254.500000
-13.250000 32.625628 254.500000
-13.250000 31.293970 254.500000
-13.250000 29.962312 254.500000
-13.250000 28.630653 254.500000
-13.250000 27.298995 254.500000
-13.250000 25.967337 254.500000
-13.250000 24.635678 254.500000
-13.250000 23.304020 254.500000
-13.250000 21.972362 254.500000
-13.250000 20.640704 254.500000
-13.250000 19.309045 254.500000
-13.250000 17.977387 254.500000
-13.250000 16.645729 254.500000
-13.250000 15.314070 254.500000
-13.250000 13.982412 254.500000
-13.250000 12.650754 254.500000
-13.250000 11.319095 254.500000
-13.250000 9.987437 254.500000
-13.250000 8.655779 254.500000
-13.250000 7.324121 254.500000
-13.250000 5.992462 254.500000
-13.250000 4.660804 254.500000
-13.250000 3.329146 254.500000
-13.250000 1.997487 254.500000
-13.250000 0.665829 254.500000
-13.250000 -0.665829 254.500000
-13.250000 -1.997487 254.500000
-13.250000 -3.329146 254.500000
-13.250000 -4.660804 254.500000
-13.250000 -5.992462 254.500000
-13.250000 -7.324121 254.500000
-13.250000 -8.655779 254.500000
-13.250000 -9.987437 254.500000
-13.250000 -11.319095 254.500000
-13.250000 -12.650754 254.500000
-13.250000 -13.982412 254.500000
-13.250000 -15.314070 254.500000
-13.250000 -16.645729 254.500000
-13.250000 -17.977387 254.500000
-13.250000 -19.309045 254.500000
-13.250000 -20.640704 254.500000
-13.250000 -21.972362 254.500000
-13.250000 -23.304020 254.500000
-13.250000 -24.635678 254.500000
-13.250000 -25.967337 254.500000
-13.250000 -27.298995 254.500000
-13.250000 -28.630653 254.500000
-13.250000 -29.962312 254.500000
-13.250000 -31.293970 254.500000
-13.250000 -32.625628 254.500000
-13.250000 -33.957286 254.500000
-13.250000 -35.288945 254.500000
-13.250000 -36.620603 254.500000
-13.250000 -37.952261 254.500000
-13.250000 -39.283920 254.500000
-13.250000 -40.615578 254.500000
-13.250000 -41.947236 254.500000
-13.250000 -43.278894 254.500000
-13.250000 -44.610553 254.500000
-13.250000 -45.942211 254.500000
-13.250000 -47.273869 254.500000
-13.250000 -48.605528 254.500000
-13.250000 -49.937186 254.500000
-13.250000 -51.268844 254.500000
-13.250000 -52.600503 254.500000
-13.250000 -53.932161 254.500000
-13.250000 -55.263819 254.500000
-13.250000 -56.595477 254.500000
-13.250000 -57.927136 254.500000
-13.250000 -59.258794 254.500000
-13.250000 -60.590452 254.500000
-13.250000 -61.922111 254.500000
-13.250000 -63.253769 254.500000
-13.250000 -64.585427 254.500000
-13.250000 -65.917085 254.500000
-13.250000 -67.248744 254.500000
-13.250000 -68.580402 254.500000
-13.250000 -69.912060 254.500000
-13.250000 -71.243719 254.500000
-13.250000 -72.575377 254.500000
-13.250000 -73.907035 254.500000
-13.250000 -75.238693 254.500000
-13.250000 -76.570352 254.500000
-13.250000 -77.902010 254.500000
-13.250000 -79.233668 254.500000
-13.250000 -80.565327 254.500000
-13.250000 -81.896985 254.500000
-13.250000 -83.228643 254.500000
-13.250000 -84.560302 254.500000
-13.250000 -85.891960 254.500000
-13.250000 -87.223618 254.500000
-13.250000 -88.555276 254.500000
-13.250000 -89.886935 254.500000
-13.250000 -91.218593 254.500000
-13.250000 -92.550251 254.500000
-13.250000 -93.881910 254.500000
-13.250000 -95.213568 254.500000
-13.250000 -96.545226 254.500000
-13.250000 -97.876884 254.500000
-13.250000 -99.208543 254.500000
-13.250000 -100.540201 254.500000
-13.250000 -101.871859 254.500000
-13.250000 -103.203518 254.500000
-13.250000 -104.535176 254.500000
-13.250000 -105.866834 254.500000
-13.250000 -107.198492 254.500000
-13.250000 -108.530151 254.500000
-13.250000 -109.861809 254.500000
-13.250000 -111.193467 254.500000
-13.250000 -112.525126 254.500000
-13.250000 -113.856784 254.500000
-13.250000 -115.188442 254.500000
-13.250000 -116.520101 254.500000
-13.250000 -117.851759 254.500000
-13.250000 -119.183417 254.500000
-13.250000 -120.515075 254.500000
-13.250000 -121.846734 254.500000
-13.250000 -123.178392 254.500000
-13.250000 -124.510050 254.500000
-13.250000 -125.841709 254.500000
-13.250000 -127.173367 254.500000
-13.250000 -128.505025 254.500000
-13.250000 -129.836683 254.500000
-13.250000 -131.168342 254.500000
-13.250000 -132.500000 254.500000
-13.250000 -132.500000 589.700000
0.000000 -132.500000 594.500000
0.000000 -131.168342 594.233668
0.000000 -129.836683 593.967337
0.000000 -128.505025 593.701005
0.000000 -127.173367 593.434673
0.000000 -125.841709 593.168342
0.000000 -124.510050 593.000000
0.000000 -123.178392 593.000000
0.000000 -121.846734 592.869347
0.000000 -120.515075 592.603015
0.000000 -119.183417 592.336683
0.000000 -117.851759 592.070352
0.000000 -116.520101 591.804020
0.000000 -115.188442 591.537688
0.000000 -113.856784 591.271357
0.000000 -112.525126 591.005025
0.000000 -111.193467 590.738693
0.000000 -109.861809 590.472362
0.000000 -108.530151 590.206030
0.000000 -107.198492 589.939698
0.000000 -105.866834 589.673367
0.000000 -104.535176 589.407035
0.000000 -103.203518 589.140704
0.000000 -101.871859 588.748744
0.000000 -100.540201 588.216080
0.000000 -99.208543 587.683417
0.000000 -97.876884 587.150754
0.000000 -96.545226 586.618090
0.000000 -95.213568 586.085427
0.000000 -93.881910 585.776382
0.000000 -92.550251 585.510050
0.000000 -91.218593 585.243719
0.000000 -89.886935 584.954774
0.000000 -88.555276 584.422111
0.000000 -87.223618 583.944724
0.000000 -85.891960 583.678392
0.000000 -84.560302 583.412060
0.000000 -83.228643 583.145729
0.000000 -81.896985 582.879397
0.000000 -80.565327 582.613065
0.000000 -79.233668 582.500000
0.000000 -77.902010 582.500000
0.000000 -76.570352 582.314070
0.000000 -75.238693 582.047739
0.000000 -73.907035 581.781407
0.000000 -72.575377 581.515075
0.000000 -71.243719 581.248744
0.000000 -69.912060 580.982412
0.000000 -68.580402 580.716080
0.000000 -67.248744 580.449749
0.000000 -65.917085 580.183417
0.000000 -64.585427 579.834171
0.000000 -63.253769 579.301508
0.000000 -61.922111 578.884422
0.000000 -60.590452 578.618090
0.000000 -59.258794 578.351759
0.000000 -57.927136 578.085427
0.000000 -56.595477 577.638191
0.000000 -55.263819 577.105528
0.000000 -53.932161 576.572864
0.000000 -52.600503 576.040201
0.000000 -51.268844 575.507538
0.000000 -49.937186 574.987437
0.000000 -48.605528 574.721106
0.000000 -47.273869 574.454774
0.000000 -45.942211 574.188442
0.000000 -44.610553 573.922111
0.000000 -43.278894 573.655779
0.000000 -41.947236 573.278894
0.000000 -40.615578 572.746231
0.000000 -39.283920 572.213568
0.000000 -37.952261 571.680905
0.000000 -36.620603 571.324121
0.000000 -35.288945 571.057789
0.000000 -33.957286 570.791457
0.000000 -32.625628 570.525126
0.000000 -31.293970 570.258794
0.000000 -29.962312 569.992462
0.000000 -28.630653 569.726131
0.000000 -27.298995 569.379397
0.000000 -25.967337 568.580402
0.000000 -24.635678 567.854271
0.000000 -23.304020 567.321608
0.000000 -21.972362 566.788945
0.000000 -20.640704 566.256281
0.000000 -19.309045 565.723618
0.000000 -17.977387 565.190955
0.000000 -16.645729 564.829146
0.000000 -15.314070 564.562814
0.000000 -13.982412 564.296482
0.000000 -12.650754 564.030151
0.000000 -11.319095 563.527638
0.000000 -9.987437 562.994975
0.000000 -8.655779 562.462312
0.000000 -7.324121 561.929648
0.000000 -5.992462 561.396985
0.000000 -4.660804 560.864322
0.000000 -3.329146 560.331658
0.000000 -1.997487 559.798995
0.000000 -0.665829 559.266332
0.000000 0.665829 558.866834
0.000000 1.997487 558.600503
0.000000 3.329146 558.168342
0.000000 4.660804 557.635678
0.000000 5.992462 557.103015
0.000000 7.324121 556.570352
0.000000 8.655779 556.037688
0.000000 9.987437 555.505025
0.000000 11.319095 554.972362
0.000000 12.650754 554.439698
0.000000 13.982412 553.907035
0.000000 15.314070 553.374372
0.000000 16.645729 552.841709
0.000000 17.977387 552.309045
0.000000 19.309045 551.776382
0.000000 20.640704 551.243719
0.000000 21.972362 550.711055
0.000000 23.304020 548.731156
0.000000 24.635678 545.801508
0.000000 25.967337 541.324121
0.000000 27.298995 536.263819
0.000000 28.630653 527.585427
0.000000 29.962312 518.263819
0.000000 31.293970 509.459799
0.000000 32.625628 501.198492
0.000000 33.957286 498.002513
0.000000 35.288945 495.153266
0.000000 36.620603 493.555276
0.000000 37.952261 492.047739
0.000000 39.283920 490.716080
0.000000 40.615578 489.507538
0.000000 41.947236 488.442211
0.000000 43.278894 487.221106
0.000000 44.610553 485.889447
0.000000 45.942211 484.746231
0.000000 47.273869 483.680905
0.000000 48.605528 482.615578
0.000000 49.937186 481.550251
0.000000 51.268844 479.977387
0.000000 52.600503 478.278894
0.000000 53.932161 475.349246
0.000000 55.263819 472.577889
0.000000 56.595477 470.447236
0.000000 57.927136 466.864322
0.000000 59.258794 460.206030
0.000000 60.590452 454.846734
0.000000 61.922111 451.118090
0.000000 63.253769 448.896985
0.000000 64.585427 447.831658
0.000000 65.917085 446.766332
0.000000 67.248744 445.701005
0.000000 68.580402 444.635678
0.000000 69.912060 443.570352
0.000000 71.243719 442.505025
0.000000 72.575377 441.424623
0.000000 73.907035 440.092965
0.000000 75.238693 438.809045
0.000000 76.570352 437.743719
0.000000 77.902010 436.678392
0.000000 79.233668 435.613065
0.000000 80.565327 434.547739
0.000000 81.896985 433.482412
0.000000 83.228643 432.417085
0.000000 84.560302 431.351759
0.000000 85.891960 430.286432
0.000000 87.223618 429.221106
0.000000 88.555276 428.155779
0.000000 89.886935 427.090452
0.000000 91.218593 426.025126
0.000000 92.550251 424.959799
0.000000 93.881910 423.894472
0.000000 95.213568 422.829146
0.000000 96.545226 421.763819
0.000000 97.876884 420.773869
0.000000 99.208543 419.974874
0.000000 100.540201 419.067839
0.000000 101.871859 418.002513
0.000000 103.203518 417.077889
0.000000 104.535176 416.278894
0.000000 105.866834 415.306533
0.000000 107.198492 414.241206
0.000000 108.530151 413.381910
0.000000 109.861809 412.582915
0.000000 111.193467 411.545226
0.000000 112.525126 410.479899
0.000000 113.856784 409.414573
0.000000 115.188442 408.349246
0.000000 116.520101 407.283920
0.000000 117.851759 406.288945
0.000000 119.183417 405.489950
0.000000 120.515075 404.587940
0.000000 121.846734 403.522613
0.000000 123.178392 402.592965
0.000000 124.510050 401.793970
0.000000 125.841709 400.994975
0.000000 127.173367 400.195980
0.000000 128.505025 399.195980
0.000000 129.836683 398.130653
0.000000 131.168342 397.065327
0.000000 132.500000 396.000000
0.000000 132.500000 254.500000
0.000000 132.500000 254.500000
0.000000 131.168342 254.500000
0.000000 129.836683 254.500000
0.000000 128.505025 254.500000
0.000000 127.173367 254.500000
0.000000 125.841709 254.500000
0.000000 124.510050 254.500000
0.000000 123.178392 254.500000
0.000000 121.846734 254.500000
0.000000 120.515075 254.500000
0.000000 119.183417 254.500000
0.000000 117.851759 254.500000
0.000000 116.520101 254.500000
0.000000 115.188442 254.500000
0.000000 113.856784 254.500000
0.000000 112.525126 254.500000
0.000000 111.193467 254.500000
0.000000 109.861809 254.500000
0.000000 108.530151 254.500000
0.000000 107.198492 254.500000
0.000000 105.866834 254.500000
0.000000 104.535176 254.500000
0.000000 103.203518 254.500000
0.000000 101.871859 254.500000
0.000000 100.540201 254.500000
0.000000 99.208543 254.500000
0.000000 97.876884 254.500000
0.000000 96.545226 254.500000
0.000000 95.213568 254.500000
0.000000 93.881910 254.500000
0.000000 92.550251 254.500000
0.000000 91.218593 254.500000
0.000000 89.886935 254.500000
0.000000 88.555276 254.500000
0.000000 87.223618 254.500000
0.000000 85.891960 254.500000
0.000000 84.560302 254.500000
0.000000 83.228643 254.500000
0.000000 81.896985 254.500000
0.000000 80.565327 254.500000
0.000000 79.233668 254.500000
0.000000 77.902010 254.500000
0.000000 76.570352 254.500000
0.000000 75.238693 254.500000
0.000000 73.907035 254.500000
0.000000 72.575377 254.500000
0.000000 71.243719 254.500000
0.000000 69.912060 254.500000
0.000000 68.580402 254.500000
0.000000 67.248744 254.500000
0.000000 65.917085 254.500000
0.000000 64.585427 254.500000
0.000000 63.253769 254.500000
0.000000 61.922111 254.500000
0.000000 60.590452 254.500000
0.000000 59.258794 254.500000
0.000000 57.927136 254.500000
0.000000 56.595477 254.500000
0.000000 55.263819 254.500000
0.000000 53.932161 254.500000
0.000000 52.600503 254.500000
0.000000 51.268844 254.500000
0.000000 49.937186 254.500000
0.000000 48.605528 254.500000
0.000000 47.273869 254.500000
0.000000 45.942211 254.500000
0.000000 44.610553 254.500000
0.000000 43.278894 254.500000
0.000000 41.947236 254.500000
0.000000 40.615578 254.500000
0.000000 39.283920 254.500000
0.000000 37.952261 254.500000
0.000000 36.620603 254.500000
0.000000 35.288945 254.500000
0.000000 33.957286 254.500000
0.000000 32.625628 254.500000
0.000000 31.293970 254.500000
0.000000 29.962312 254.500000
0.000000 28.630653 254.500000
0.000000 27.298995 254.500000
0.000000 25.967337 254.500000
0.000000 24.635678 254.500000
0.000000 23.304020 254.500000
0.000000 21.972362 254.500000
0.000000 20.640704 254.500000
0.000000 19.309045 254.500000
0.000000 17.977387 254.500000
0.000000 16.645729 254.500000
0.000000 15.314070 254.500000
0.000000 13.982412 254.500000
0.000000 12.650754 254.500000
0.000000 11.319095 254.500000
0.000000 9.987437 254.500000
0.000000 8.655779 254.500000
0.000000 7.324121 254.500000
0.000000 5.992462 254.500000
0.000000 4.660804 254.500000
0.000000 3.329146 254.500000
0.000000 1.997487 254.500000
0.000000 0.665829 254.500000
0.000000 -0.665829 254.500000
0.000000 -1.997487 254.500000
0.000000 -3.329146 254.500000
0.000000 -4.660804 254.500000
0.000000 -5.992462 254.500000
0.000000 -7.324121 254.500000
0.000000 -8.655779 254.500000
0.000000 -9.987437 254.500000
0.000000 -11.319095 254.500000
0.000000 -12.650754 254.500000
0.000000 -13.982412 254.500000
0.000000 -15.314070 254.500000
0.000000 -16.645729 254.500000
0.000000 -17.977387 254.500000
0.000000 -19.309045 254.500000
0.000000 -20.640704 254.500000
0.000000 -21.972362 254.500000
0.000000 -23.304020 254.500000
0.000000 -24.635678 254.500000
0.000000 -25.967337 254.500000
0.000000 -27.298995 254.500000
0.000000 -28.630653 254.500000
0.000000 -29.962312 254.500000
0.000000 -31.293970 254.500000
0.000000 -32.625628 254.500000
0.000000 -33.957286 254.500000
0.000000 -35.288945 254.500000
0.000000 -36.620603 254.500000
0.000000 -37.952261 254.500000
0.000000 -39.283920 254.500000
0.000000 -40.615578 254.500000
0.000000 -41.947236 254.500000
0.000000 -43.278894 254.500000
0.000000 -44.610553 254.500000
0.000000 -45.942211 254.500000
0.000000 -47.273869 254.500000
0.000000 -48.605528 254.500000
0.000000 -49.937186 254.500000
0.000000 -51.268844 254.500000
0.000000 -52.600503 254.500000
0.000000 -53.932161 254.500000
0.000000 -55.263819 254.500000
0.000000 -56.595477 254.500000
0.000000 -57.927136 254.500000
0.000000 -59.258794 254.500000
0.000000 -60.590452 254.500000
0.000000 -61.922111 254.500000
0.000000 -63.253769 254.500000
0.000000 -64.585427 254.500000
0.000000 -65.917085 254.500000
0.000000 -67.248744 254.500000
0.000000 -68.580402 254.500000
0.000000 -69.912060 254.500000
0.000000 -71.243719 254.500000
0.000000 -72.575377 254.500000
0.000000 -73.907035 254.500000
0.000000 -75.238693 254.500000
0.000000 -76.570352 254.500000
0.000000 -77.902010 254.500000
0.000000 -79.233668 254.500000
0.000000 -80.565327 254.500000
0.000000 -81.896985 254.500000
0.000000 -83.228643 254.500000
0.000000 -84.560302 254.500000
0.000000 -85.891960 254.500000
0.000000 -87.223618 254.500000
0.000000 -88.555276 254.500000
0.000000 -89.886935 254.500000
0.000000 -91.218593 254.500000
0.000000 -92.550251 254.500000
0.000000 -93.881910 254.500000
0.000000 -95.213568 254.500000
0.000000 -96.545226 254.500000
0.000000 -97.876884 254.500000
0.000000 -99.208543 254.500000
0.000000 -100.540201 254.500000
0.000000 -101.871859 254.500000
0.000000 -103.203518 254.500000
0.000000 -104.535176 254.500000
0.000000 -105.866834 254.500000
0.000000 -107.198492 254.500000
0.000000 -108.530151 254.500000
0.000000 -109.861809 254.500000
0.000000 -111.193467 254.500000
0.000000 -112.525126 254.500000
0.000000 -113.856784 254.500000
0.000000 -115.188442 254.500000
0.000000 -116.520101 254.500000
0.000000 -117.851759 254.500000
0.000000 -119.183417 254.500000
0.000000 -120.515075 254.500000
0.000000 -121.846734 254.500000
0.000000 -123.178392 254.500000
0.000000 -124.510050 254.500000
0.000000 -125.841709 254.500000
0.000000 -127.173367 254.500000
0.000000 -128.505025 254.500000
0.000000 -129.836683 254.500000
0.000000 -131.168342 254.500000
0.000000 -132.500000 254.500000
0.000000 -132.500000 594.500000
13.250000 -132.500000 598.300000
13.250000 -131.168342 598.300000
13.250000 -129.836683 598.300000
13.250000 -128.505025 598.300000
13.250000 -127.173367 598.084673
13.250000 -125.841709 597.818342
13.250000 -124.510050 597.552010
13.250000 -123.178392 597.285678
13.250000 -121.846734 597.019347
13.250000 -120.515075 596.753015
13.250000 -119.183417 596.486683
13.250000 -117.851759 596.220352
13.250000 -116.520101 595.908040
13.250000 -115.188442 595.375377
13.250000 -113.856784 594.842714
13.250000 -112.525126 594.310050
13.250000 -111.193467 593.888693
13.250000 -109.861809 593.622362
13.250000 -108.530151 593.356030
13.250000 -107.198492 593.089698
13.250000 -105.866834 592.823367
13.250000 -104.535176 592.557035
13.250000 -103.203518 592.290704
13.250000 -101.871859 592.024372
13.250000 -100.540201 591.758040
13.250000 -99.208543 591.491709
13.250000 -97.876884 591.225377
13.250000 -96.545226 590.768090
13.250000 -95.213568 590.235427
13.250000 -93.881910 589.702764
13.250000 -92.550251 589.170101
13.250000 -91.218593 588.893719
13.250000 -89.886935 588.627387
13.250000 -88.555276 588.361055
13.250000 -87.223618 588.094724
13.250000 -85.891960 587.828392
13.250000 -84.560302 587.562060
13.250000 -83.228643 587.295729
13.250000 -81.896985 586.908794
13.250000 -80.565327 586.376131
13.250000 -79.233668 585.843467
13.250000 -77.902010 585.380402
13.250000 -76.570352 584.964070
13.250000 -75.238693 584.697739
13.250000 -73.907035 584.431407
13.250000 -72.575377 584.165075
13.250000 -71.243719 583.898744
13.250000 -69.912060 583.632412
13.250000 -68.580402 583.366080
13.250000 -67.248744 583.099749
13.250000 -65.917085 582.833417
13.250000 -64.585427 582.567085
13.250000 -63.253769 582.300754
13.250000 -61.922111 581.918844
13.250000 -60.590452 581.618090
13.250000 -59.258794 581.351759
13.250000 -57.927136 581.085427
13.250000 -56.595477 580.819095
13.250000 -55.263819 580.552764
13.250000 -53.932161 580.286432
13.250000 -52.600503 580.020101
13.250000 -51.268844 579.411307
13.250000 -49.937186 578.612312
13.250000 -48.605528 577.813317
13.250000 -47.273869 577.059548
13.250000 -45.942211 576.526884
13.250000 -44.610553 575.994221
13.250000 -43.278894 575.461558
13.250000 -41.947236 574.928894
13.250000 -40.615578 574.396231
13.250000 -39.283920 573.863568
13.250000 -37.952261 573.271357
13.250000 -36.620603 572.648241
13.250000 -35.288945 572.115578
13.250000 -33.957286 571.582915
13.250000 -32.625628 571.050251
13.250000 -31.293970 570.517588
13.250000 -29.962312 569.984925
13.250000 -28.630653 569.452261
13.250000 -27.298995 568.729397
13.250000 -25.967337 567.930402
13.250000 -24.635678 567.131407
13.250000 -23.304020 566.332412
13.250000 -21.972362 565.638945
13.250000 -20.640704 565.106281
13.250000 -19.309045 564.573618
13.250000 -17.977387 564.040955
13.250000 -16.645729 563.508291
13.250000 -15.314070 562.975628
13.250000 -13.982412 562.442965
13.250000 -12.650754 561.910302
13.250000 -11.319095 561.377638
13.250000 -9.987437 560.844975
13.250000 -8.655779 560.312312
13.250000 -7.324121 559.779648
13.250000 -5.992462 559.246985
13.250000 -4.660804 558.714322
13.250000 -3.329146 558.181658
13.250000 -1.997487 557.498995
13.250000 -0.665829 556.749497
13.250000 0.665829 555.950503
13.250000 1.997487 555.151508
13.250000 3.329146 554.518342
13.250000 4.660804 553.985678
13.250000 5.992462 553.453015
13.250000 7.324121 552.920352
13.250000 8.655779 552.237688
13.250000 9.987437 551.705025
13.250000 11.319095 551.172362
13.250000 12.650754 550.549246
13.250000 13.982412 549.217588
13.250000 15.314070 547.885930
13.250000 16.645729 546.554271
13.250000 17.977387 540.762814
13.250000 19.309045 535.199246
13.250000 20.640704 530.671608
13.250000 21.972362 526.143970
13.250000 23.304020 518.561055
13.250000 24.635678 508.973116
13.250000 25.967337 499.385176
13.250000 27.298995 492.542211
13.250000 28.630653 489.838693
13.250000 29.962312 487.175377
13.250000 31.293970 484.512060
13.250000 32.625628 481.924121
13.250000 33.957286 480.059799
13.250000 35.288945 478.195477
13.250000 36.620603 476.331156
13.250000 37.952261 474.707286
13.250000 39.283920 473.109296
13.250000 40.615578 471.511307
13.250000 41.947236 469.992211
13.250000 43.278894 468.926884
13.250000 44.610553 467.861558
13.250000 45.942211 466.796231
13.250000 47.273869 465.730905
13.250000 48.605528 464.373367
13.250000 49.937186 462.775377
13.250000 51.268844 461.177387
13.250000 52.600503 459.619598
13.250000 53.932161 458.281407
13.250000 55.263819 456.683417
13.250000 56.595477 455.085427
13.250000 57.927136 453.572864
13.250000 59.258794 452.241206
13.250000 60.590452 450.909548
13.250000 61.922111 449.577889
13.250000 63.253769 448.396985
13.250000 64.585427 447.331658
13.250000 65.917085 446.266332
13.250000 67.248744 445.201005
13.250000 68.580402 443.919598
13.250000 69.912060 442.587940
13.250000 71.243719 441.256281
13.250000 72.575377 440.074623
13.250000 73.907035 438.874372
13.250000 75.238693 437.809045
13.250000 76.570352 436.743719
13.250000 77.902010 435.678392
13.250000 79.233668 434.613065
13.250000 80.565327 433.547739
13.250000 81.896985 432.482412
13.250000 83.228643 431.271357
13.250000 84.560302 430.201759
13.250000 85.891960 429.136432
13.250000 87.223618 428.071106
13.250000 88.555276 427.005779
13.250000 89.886935 425.940452
13.250000 91.218593 424.875126
13.250000 92.550251 423.809799
13.250000 93.881910 422.744472
13.250000 95.213568 421.679146
13.250000 96.545226 420.613819
13.250000 97.876884 419.473116
13.250000 99.208543 418.141457
13.250000 100.540201 416.809799
13.250000 101.871859 415.502513
13.250000 103.203518 414.296482
13.250000 104.535176 413.221859
13.250000 105.866834 412.156533
13.250000 107.198492 411.091206
13.250000 108.530151 410.531910
13.250000 109.861809 409.732915
13.250000 111.193467 408.933920
13.250000 112.525126 408.129899
13.250000 113.856784 407.064573
13.250000 115.188442 405.999246
13.250000 116.520101 404.933920
13.250000 117.851759 404.309296
13.250000 119.183417 403.589950
13.250000 120.515075 402.790955
13.250000 121.846734 401.991960
13.250000 123.178392 401.464322
13.250000 124.510050 401.197990
13.250000 125.841709 400.931658
13.250000 127.173367 400.580653
13.250000 128.505025 400.047990
13.250000 129.836683 399.515327
13.250000 131.168342 398.982663
13.250000 132.500000 398.450000
13.250000 132.500000 254.500000
13.250000 132.500000 254.500000
13.250000 131.168342 254.500000
13.250000 129.836683 254.500000
13.250000 128.505025 254.500000
13.250000 127.173367 254.500000
13.250000 125.841709 254.500000
13.250000 124.510050 254.500000
13.250000 123.178392 254.500000
13.250000 121.846734 254.500000
13.250000 120.515075 254.500000
13.250000 119.183417 254.500000
13.250000 117.851759 254.500000
13.250000 116.520101 254.500000
13.250000 115.188442 254.500000
13.250000 113.856784 254.500000
13.250000 112.525126 254.500000
13.250000 111.193467 254.500000
13.250000 109.861809 254.500000
13.250000 108.530151 254.500000
13.250000 107.198492 254.500000
13.250000 105.866834 254.500000
13.250000 104.535176 254.500000
13.250000 103.203518 254.500000
13.250000 101.871859 254.500000
13.250000 100.540201 254.500000
13.250000 99.208543 254.500000
13.250000 97.876884 254.500000
13.250000 96.545226 254.500000
13.250000 95.213568 254.500000
13.250000 93.881910 254.500000
13.250000 92.550251 254.500000
13.250000 91.218593 254.500000
13.250000 89.886935 254.500000
13.250000 88.555276 254.500000
13.250000 87.223618 254.500000
13.250000 85.891960 254.500000
13.250000 84.560302 254.500000
13.250000 83.228643 254.500000
13.250000 81.896985 254.500000
13.250000 80.565327 254.500000
13.250000 79.233668 254.500000
13.250000 77.902010 254.500000
13.250000 76.570352 254.500000
13.250000 75.238693 254.500000
13.250000 73.907035 254.500000
13.250000 72.575377 254.500000
13.250000 71.243719 254.500000
13.250000 69.912060 254.500000
13.250000 68.580402 254.500000
13.250000 67.248744 254.500000
13.250000 65.917085 254.500000
13.250000 64.585427 254.500000
13.250000 63.253769 254.500000
13.250000 61.922111 254.500000
13.250000 60.590452 254.500000
13.250000 59.258794 254.500000
13.250000 57.927136 254.500000
13.250000 56.595477 254.500000
13.250000 55.263819 254.500000
13.250000 53.932161 254.500000
13.250000 52.600503 254.500000
13.250000 51.268844 254.500000
13.250000 49.937186 254.500000
13.250000 48.605528 254.500000
13.250000 47.273869 254.500000
13.250000 45.942211 254.500000
13.250000 44.610553 254.500000
13.250000 43.278894 254.500000
13.250000 41.947236 254.500000
13.250000 40.615578 254.500000
13.250000 39.283920 254.500000
13.250000 37.952261 254.500000
13.250000 36.620603 254.500000
13.250000 35.288945 254.500000
13.250000 33.957286 254.500000
13.250000 32.625628 254.500000
13.250000 31.293970 254.500000
13.250000 29.962312 254.500000
13.250000 28.630653 254.500000
13.250000 27.298995 254.500000
13.250000 25.967337 254.500000
13.250000 24.635678 254.500000
13.250000 23.304020 254.500000
13.250000 21.972362 254.500000
13.250000 20.640704 254.500000
13.250000 19.309045 254.500000
13.250000 17.977387 254.500000
13.250000 16.645729 254.500000
13.250000 15.314070 254.500000
13.250000 13.982412 254.500000
13.250000 12.650754 254.500000
13.250000 11.319095 254.500000
13.250000 9.987437 254.500000
13.250000 8.655779 254.500000
13.250000 7.324121 254.500000
13.250000 5.992462 254.500000
13.250000 4.660804 254.500000
13.250000 3.329146 254.500000
13.250000 1.997487 254.500000
13.250000 0.665829 254.500000
13.250000 -0.665829 254.500000
13.250000 -1.997487 254.500000
13.250000 -3.329146 254.500000
13.250000 -4.660804 254.500000
13.250000 -5.992462 254.500000
13.250000 -7.324121 254.500000
13.250000 -8.655779 254.500000
13.250000 -9.987437 254.500000
13.250000 -11.319095 254.500000
13.250000 -12.650754 254.500000
13.250000 -13.982412 254.500000
13.250000 -15.314070 254.500000
13.250000 -16.645729 254.500000
13.250000 -17.977387 254.500000
13.250000 -19.309045 254.500000
13.250000 -20.640704 254.500000
13.250000 -21.972362 254.500000
13.250000 -23.304020 254.500000
13.250000 -24.635678 254.500000
13.250000 -25.967337 254.500000
13.250000 -27.298995 254.500000
13.250000 -28.630653 254.500000
13.250000 -29.962312 254.500000
13.250000 -31.293970 254.500000
13.250000 -32.625628 254.500000
13.250000 -33.957286 254.500000
13.250000 -35.288945 254.500000
13.250000 -36.620603 254.500000
13.250000 -37.952261 254.500000
13.250000 -39.283920 254.500000
13.250000 -40.615578 254.500000
13.250000 -41.947236 254.500000
13.250000 -43.278894 254.500000
13.250000 -44.610553 254.500000
13.250000 -45.942211 254.500000
13.250000 -47.273869 254.500000
13.250000 -48.605528 254.500000
13.250000 -49.937186 254.500000
13.250000 -51.268844 254.500000
13.250000 -52.600503 254.500000
13.250000 -53.932161 254.500000
13.250000 -55.263819 254.500000
13.250000 -56.595477 254.500000
13.250000 -57.927136 254.500000
13.250000 -59.258794 254.500000
13.250000 -60.590452 254.500000
13.250000 -61.922111 254.500000
13.250000 -63.253769 254.500000
13.250000 -64.585427 254.500000
13.250000 -65.917085 254.500000
13.250000 -67.248744 254.500000
13.250000 -68.580402 254.500000
13.250000 -69.912060 254.500000
13.250000 -71.243719 254.500000
13.250000 -72.575377 254.500000
13.250000 -73.907035 254.500000
13.250000 -75.238693 254.500000
13.250000 -76.570352 254.500000
13.250000 -77.902010 254.500000
13.250000 -79.233668 254.500000
13.250000 -80.565327 254.500000
13.250000 -81.896985 254.500000
13.250000 -83.228643 254.500000
13.250000 -84.560302 254.500000
13.250000 -85.891960 254.500000
13.250000 -87.223618 254.500000
13.250000 -88.555276 254.500000
13.250000 -89.886935 254.500000
13.250000 -91.218593 254.500000
13.250000 -92.550251 254.500000
13.250000 -93.881910 254.500000
13.250000 -95.213568 254.500000
13.250000 -96.545226 254.500000
13.250000 -97.876884 254.500000
13.250000 -99.208543 254.500000
13.250000 -100.540201 254.500000
13.250000 -101.871859 254.500000
13.250000 -103.203518 254.500000
13.250000 -104.535176 254.500000
13.250000 -105.866834 254.500000
13.250000 -107.198492 254.500000
13.250000 -108.530151 254.500000
13.250000 -109.861809 254.500000
13.250000 -111.193467 254.500000
13.250000 -112.525126 254.500000
13.250000 -113.856784 254.500000
13.250000 -115.188442 254.500000
13.250000 -116.520101 254.500000
13.250000 -117.851759 254.500000
13.250000 -119.183417 254.500000
13.250000 -120.515075 254.500000
13.250000 -121.846734 254.500000
13.250000 -123.178392 254.500000
13.250000 -124.510050 254.500000
13.250000 -125.841709 254.500000
13.250000 -127.173367 254.500000
13.250000 -128.505025 254.500000
13.250000 -129.836683 254.500000
13.250000 -131.168342 254.500000
13.250000 -132.500000 254.500000
13.250000 -132.500000 598.300000
26.500000 -132.500000 601.000000
26.500000 -131.168342 600.800000
26.500000 -129.836683 600.800000
26.500000 -128.505025 600.800000
26.500000 -127.173367 600.734673
26.500000 -125.841709 600.468342
26.500000 -124.510050 600.202010
26.500000 -123.178392 599.935678
26.500000 -121.846734 599.669347
26.500000 -120.515075 599.403015
26.500000 -119.183417 599.136683
26.500000 -117.851759 598.870352
26.500000 -116.520101 598.408040
26.500000 -115.188442 597.875377
26.500000 -113.856784 597.342714
26.500000 -112.525126 597.005025
26.500000 -111.193467 596.538693
26.500000 -109.861809 596.272362
26.500000 -108.530151 596.006030
26.500000 -107.198492 595.739698
26.500000 -105.866834 595.346734
26.500000 -104.535176 594.814070
26.500000 -103.203518 594.281407
26.500000 -101.871859 593.874372
26.500000 -100.540201 593.608040
26.500000 -99.208543 593.341709
26.500000 -97.876884 592.950754
26.500000 -96.545226 592.609045
26.500000 -95.213568 592.342714
26.500000 -93.881910 592.076382
26.500000 -92.550251 591.810050
26.500000 -91.218593 591.543719
26.500000 -89.886935 591.277387
26.500000 -88.555276 591.011055
26.500000 -87.223618 590.744724
26.500000 -85.891960 590.478392
26.500000 -84.560302 590.212060
26.500000 -83.228643 589.945729
26.500000 -81.896985 589.558794
26.500000 -80.565327 589.026131
26.500000 -79.233668 588.493467
26.500000 -77.902010 587.960804
26.500000 -76.570352 587.614070
26.500000 -75.238693 587.347739
26.500000 -73.907035 587.081407
26.500000 -72.575377 586.815075
26.500000 -71.243719 586.297487
26.500000 -69.912060 585.764824
26.500000 -68.580402 585.232161
26.500000 -67.248744 584.949749
26.500000 -65.917085 584.683417
26.500000 -64.585427 584.417085
26.500000 -63.253769 584.101508
26.500000 -61.922111 583.684422
26.500000 -60.590452 583.236181
26.500000 -59.258794 582.703518
26.500000 -57.927136 582.170854
26.500000 -56.595477 581.819095
26.500000 -55.263819 581.552764
26.500000 -53.932161 581.286432
26.500000 -52.600503 581.020101
26.500000 -51.268844 580.307538
26.500000 -49.937186 579.774874
26.500000 -48.605528 579.242211
26.500000 -47.273869 578.709548
26.500000 -45.942211 578.065327
26.500000 -44.610553 577.266332
26.500000 -43.278894 576.467337
26.500000 -41.947236 575.668342
26.500000 -40.615578 574.869347
26.500000 -39.283920 574.070352
26.500000 -37.952261 573.271357
26.500000 -36.620603 572.472362
26.500000 -35.288945 571.673367
26.500000 -33.957286 570.874372
26.500000 -32.625628 570.075377
26.500000 -31.293970 569.235176
26.500000 -29.962312 568.169849
26.500000 -28.630653 567.104523
26.500000 -27.298995 566.079397
26.500000 -25.967337 565.280402
26.500000 -24.635678 564.481407
26.500000 -23.304020 563.682412
26.500000 -21.972362 562.883417
26.500000 -20.640704 562.084422
26.500000 -19.309045 561.285427
26.500000 -17.977387 560.486432
26.500000 -16.645729 559.687437
26.500000 -15.314070 558.888442
26.500000 -13.982412 558.089447
26.500000 -12.650754 557.460302
26.500000 -11.319095 556.691457
26.500000 -9.987437 555.892462
26.500000 -8.655779 555.093467
26.500000 -7.324121 554.329648
26.500000 -5.992462 553.695477
26.500000 -4.660804 552.896482
26.500000 -3.329146 552.097487
26.500000 -1.997487 550.192965
26.500000 -0.665829 546.464322
26.500000 0.665829 542.735678
26.500000 1.997487 540.201005
26.500000 3.329146 539.668342
26.500000 4.660804 534.956784
26.500000 5.992462 529.630151
26.500000 7.324121 524.303518
26.500000 8.655779 519.839196
26.500000 9.987437 515.045226
26.500000 11.319095 510.251256
26.500000 12.650754 505.849246
26.500000 13.982412 504.517588
26.500000 15.314070 503.185930
26.500000 16.645729 501.271357
26.500000 17.977387 496.331658
26.500000 19.309045 494.467337
26.500000 20.640704 492.603015
26.500000 21.972362 489.793970
26.500000 23.304020 486.391960
26.500000 24.635678 484.182915
26.500000 25.967337 482.052261
26.500000 27.298995 479.921608
26.500000 28.630653 478.243216
26.500000 29.962312 476.645226
26.500000 31.293970 475.047236
26.500000 32.625628 473.249246
26.500000 33.957286 471.742714
26.500000 35.288945 470.411055
26.500000 36.620603 469.079397
26.500000 37.952261 467.747739
26.500000 39.283920 466.416080
26.500000 40.615578 465.084422
26.500000 41.947236 463.842211
26.500000 43.278894 462.776884
26.500000 44.610553 461.711558
26.500000 45.942211 460.646231
26.500000 47.273869 459.580905
26.500000 48.605528 458.515578
26.500000 49.937186 457.450251
26.500000 51.268844 456.384925
26.500000 52.600503 455.319598
26.500000 53.932161 454.254271
26.500000 55.263819 453.188945
26.500000 56.595477 452.123618
26.500000 57.927136 451.058291
26.500000 59.258794 449.841206
26.500000 60.590452 448.509548
26.500000 61.922111 447.177889
26.500000 63.253769 445.846231
26.500000 64.585427 444.514573
26.500000 65.917085 443.182915
26.500000 67.248744 441.851256
26.500000 68.580402 440.735678
26.500000 69.912060 439.670352
26.500000 71.243719 438.605025
26.500000 72.575377 437.324623
26.500000 73.907035 435.992965
26.500000 75.238693 434.661307
26.500000 76.570352 433.329648
26.500000 77.902010 432.078392
26.500000 79.233668 431.159799
26.500000 80.565327 430.360804
26.500000 81.896985 429.561809
26.500000 83.228643 428.471357
26.500000 84.560302 427.563819
26.500000 85.891960 426.764824
26.500000 87.223618 425.965829
26.500000 88.555276 424.966834
26.500000 89.886935 424.167839
26.500000 91.218593 423.368844
26.500000 92.550251 422.579899
26.500000 93.881910 422.047236
26.500000 95.213568 421.514573
26.500000 96.545226 420.981910
26.500000 97.876884 420.449246
26.500000 99.208543 419.916583
26.500000 100.540201 419.383920
26.500000 101.871859 418.851256
26.500000 103.203518 418.318593
26.500000 104.535176 417.785930
26.500000 105.866834 417.253266
26.500000 107.198492 416.580905
26.500000 108.530151 415.987940
26.500000 109.861809 415.455276
26.500000 111.193467 414.922613
26.500000 112.525126 414.389950
26.500000 113.856784 413.857286
26.500000 115.188442 413.324623
26.500000 116.520101 412.791960
26.500000 117.851759 412.259296
26.500000 119.183417 411.726633
26.500000 120.515075 411.193970
26.500000 121.846734 410.661307
26.500000 123.178392 410.128643
26.500000 124.510050 409.595980
26.500000 125.841709 409.063317
26.500000 127.173367 408.530653
26.500000 128.505025 407.996985
26.500000 129.836683 407.197990
26.500000 131.168342 406.398995
26.500000 132.500000 405.600000
26.500000 132.500000 254.500000
26.500000 132.500000 254.500000
26.500000 131.168342 254.500000
26.500000 129.836683 254.500000
26.500000 128.505025 254.500000
26.500000 127.173367 254.500000
26.500000 125.841709 254.500000
26.500000 124.510050 254.500000
26.500000 123.178392 254.500000
26.500000 121.846734 254.500000
26.500000 120.515075 254.500000
26.500000 119.183417 254.500000
26.500000 117.851759 254.500000
26.500000 116.520101 254.500000
26.500000 115.188442 254.500000
26.500000 113.856784 254.500000
26.500000 112.525126 254.500000
26.500000 111.193467 254.500000
26.500000 109.861809 254.500000
26.500000 108.530151 254.500000
26.500000 107.198492 254.500000
26.500000 105.866834 254.500000
26.500000 104.535176 254.500000
26.500000 103.203518 254.500000
26.500000 101.871859 254.500000
26.500000 100.540201 254.500000
26.500000 99.208543 254.500000
26.500000 97.876884 254.500000
26.500000 96.545226 254.500000
26.500000 95.213568 254.500000
26.500000 93.881910 254.500000
26.500000 92.550251 254.500000
26.500000 91.218593 254.500000
26.500000 89.886935 254.500000
26.500000 88.555276 254.500000
26.500000 87.223618 254.500000
26.500000 85.891960 254.500000
26.500000 84.560302 254.500000
26.500000 83.228643 254.500000
26.500000 81.896985 254.500000
26.500000 80.565327 254.500000
26.500000 79.233668 254.500000
26.500000 77.902010 254.500000
26.500000 76.570352 254.500000
26.500000 75.238693 254.500000
26.500000 73.907035 254.500000
26.500000 72.575377 254.500000
26.500000 71.243719 254.500000
26.500000 69.912060 254.500000
26.500000 68.580402 254.500000
26.500000 67.248744 254.500000
26.500000 65.917085 254.500000
26.500000 64.585427 254.500000
26.500000 63.253769 254.500000
26.500000 61.922111 254.500000
26.500000 60.590452 254.500000
26.500000 59.258794 254.500000
26.500000 57.927136 254.500000
26.500000 56.595477 254.500000
26.500000 55.263819 254.500000
26.500000 53.932161 254.500000
26.500000 52.600503 254.500000
26.500000 51.268844 254.500000
26.500000 49.937186 254.500000
26.500000 48.605528 254.500000
26.500000 47.273869 254.500000
26.500000 45.942211 254.500000
26.500000 44.610553 254.500000
26.500000 43.278894 254.500000
26.500000 41.947236 254.500000
26.500000 40.615578 254.500000
26.500000 39.283920 254.500000
26.500000 37.952261 254.500000
26.500000 36.620603 254.500000
26.500000 35.288945 254.500000
26.500000 33.957286 254.500000
26.500000 32.625628 254.500000
26.500000 31.293970 254.500000
26.500000 29.962312 254.500000
26.500000 28.630653 254.500000
26.500000 27.298995 254.500000
26.500000 25.967337 254.500000
26.500000 24.635678 254.500000
26.500000 23.304020 254.500000
26.500000 21.972362 254.500000
26.500000 20.640704 254.500000
26.500000 19.309045 254.500000
26.500000 17.977387 254.500000
26.500000 16.645729 254.500000
26.500000 15.314070 254.500000
26.500000 13.982412 254.500000
26.500000 12.650754 254.500000
26.500000 11.319095 254.500000
26.500000 9.987437 254.500000
26.500000 8.655779 254.500000
26.500000 7.324121 254.500000
26.500000 5.992462 254.500000
26.500000 4.660804 254.500000
26.500000 3.329146 254.500000
26.500000 1.997487 254.500000
26.500000 0.665829 254.500000
26.500000 -0.665829 254.500000
26.500000 -1.997487 254.500000
26.500000 -3.329146 254.500000
26.500000 -4.660804 254.500000
26.500000 -5.992462 254.500000
26.500000 -7.324121 254.500000
26.500000 -8.655779 254.500000
26.500000 -9.987437 254.500000
26.500000 -11.319095 254.500000
26.500000 -12.650754 254.500000
26.500000 -13.982412 254.500000
26.500000 -15.314070 254.500000
26.500000 -16.645729 254.500000
26.500000 -17.977387 254.500000
26.500000 -19.309045 254.500000
26.500000 -20.640704 254.500000
26.500000 -21.972362 254.500000
26.500000 -23.304020 254.500000
26.500000 -24.635678 254.500000
26.500000 -25.967337 254.500000
26.500000 -27.298995 254.500000
26.500000 -28.630653 254.500000
26.500000 -29.962312 254.500000
26.500000 -31.293970 254.500000
26.500000 -32.625628 254.500000
26.500000 -33.957286 254.500000
26.500000 -35.288945 254.500000
26.500000 -36.620603 254.500000
26.500000 -37.952261 254.500000
26.500000 -39.283920 254.500000
26.500000 -40.615578 254.500000
26.500000 -41.947236 254.500000
26.500000 -43.278894 254.500000
26.500000 -44.610553 254.500000
26.500000 -45.942211 254.500000
26.500000 -47.273869 254.500000
26.500000 -48.605528 254.500000
26.500000 -49.937186 254.500000
26.500000 -51.268844 254.500000
26.500000 -52.600503 254.500000
26.500000 -53.932161 254.500000
26.500000 -55.263819 254.500000
26.500000 -56.595477 254.500000
26.500000 -57.927136 254.500000
26.500000 -59.258794 254.500000
26.500000 -60.590452 254.500000
26.500000 -61.922111 254.500000
26.500000 -63.253769 254.500000
26.500000 -64.585427 254.500000
26.500000 -65.917085 254.500000
26.500000 -67.248744 254.500000
26.500000 -68.580402 254.500000
26.500000 -69.912060 254.500000
26.500000 -71.243719 254.500000
26.500000 -72.575377 254.500000
26.500000 -73.907035 254.500000
26.500000 -75.238693 254.500000
26.500000 -76.570352 254.500000
26.500000 -77.902010 254.500000
26.500000 -79.233668 254.500000
26.500000 -80.565327 254.500000
26.500000 -81.896985 254.500000
26.500000 -83.228643 254.500000
26.500000 -84.560302 254.500000
26.500000 -85.891960 254.500000
26.500000 -87.223618 254.500000
26.500000 -88.555276 254.500000
26.500000 -89.886935 254.500000
26.500000 -91.218593 254.500000
26.500000 -92.550251 254.500000
26.500000 -93.881910 254.500000
26.500000 -95.213568 254.500000
26.500000 -96.545226 254.500000
26.500000 -97.876884 254.500000
26.500000 -99.208543 254.500000
26.500000 -100.540201 254.500000
26.500000 -101.871859 254.500000
26.500000 -103.203518 254.500000
26.500000 -104.535176 254.500000
26.500000 -105.866834 254.500000
26.500000 -107.198492 254.500000
26.500000 -108.530151 254.500000
26.500000 -109.861809 254.500000
26.500000 -111.193467 254.500000
26.500000 -112.525126 254.500000
26.500000 -113.856784 254.500000
26.500000 -115.188442 254.500000
26.500000 -116.520101 254.500000
26.500000 -117.851759 254.500000
26.500000 -119.183417 254.500000
26.500000 -120.515075 254.500000
26.500000 -121.846734 254.500000
26.500000 -123.178392 254.500000
26.500000 -124.510050 254.500000
26.500000 -125.841709 254.500000
26.500000 -127.173367 254.500000
26.500000 -128.505025 254.500000
26.500000 -129.836683 254.500000
26.500000 -131.168342 254.500000
26.500000 -132.500000 254.500000
26.500000 -132.500000 601.000000
39.750000 -132.500000 603.000000
39.750000 -131.168342 602.733668
39.750000 -129.836683 602.467337
39.750000 -128.505025 602.201005
39.750000 -127.173367 601.934673
39.750000 -125.841709 601.668342
39.750000 -124.510050 601.402010
39.750000 -123.178392 601.135678
39.750000 -121.846734 600.869347
39.750000 -120.515075 600.603015
39.750000 -119.183417 600.336683
39.750000 -117.851759 600.070352
39.750000 -116.520101 599.608040
39.750000 -115.188442 599.075377
39.750000 -113.856784 598.542714
39.750000 -112.525126 598.010050
39.750000 -111.193467 597.738693
39.750000 -109.861809 597.472362
39.750000 -108.530151 597.206030
39.750000 -107.198492 596.879397
39.750000 -105.866834 596.346734
39.750000 -104.535176 595.814070
39.750000 -103.203518 595.281407
39.750000 -101.871859 594.748744
39.750000 -100.540201 594.216080
39.750000 -99.208543 593.891709
39.750000 -97.876884 593.625377
39.750000 -96.545226 593.359045
39.750000 -95.213568 593.085427
39.750000 -93.881910 592.552764
39.750000 -92.550251 592.020101
39.750000 -91.218593 591.743719
39.750000 -89.886935 591.477387
39.750000 -88.555276 591.211055
39.750000 -87.223618 590.944724
39.750000 -85.891960 590.678392
39.750000 -84.560302 590.412060
39.750000 -83.228643 590.145729
39.750000 -81.896985 589.879397
39.750000 -80.565327 589.613065
39.750000 -79.233668 589.346734
39.750000 -77.902010 589.080402
39.750000 -76.570352 588.628141
39.750000 -75.238693 588.095477
39.750000 -73.907035 587.562814
39.750000 -72.575377 587.030151
39.750000 -71.243719 586.497487
39.750000 -69.912060 585.964824
39.750000 -68.580402 585.432161
39.750000 -67.248744 584.949749
39.750000 -65.917085 584.683417
39.750000 -64.585427 584.384171
39.750000 -63.253769 583.851508
39.750000 -61.922111 583.318844
39.750000 -60.590452 582.786181
39.750000 -59.258794 582.253518
39.750000 -57.927136 581.720854
39.750000 -56.595477 581.369095
39.750000 -55.263819 581.102764
39.750000 -53.932161 580.572864
39.750000 -52.600503 580.040201
39.750000 -51.268844 579.507538
39.750000 -49.937186 578.974874
39.750000 -48.605528 578.213317
39.750000 -47.273869 577.414322
39.750000 -45.942211 576.615327
39.750000 -44.610553 575.816332
39.750000 -43.278894 575.017337
39.750000 -41.947236 574.218342
39.750000 -40.615578 573.419347
39.750000 -39.283920 572.620352
39.750000 -37.952261 571.821357
39.750000 -36.620603 571.022362
39.750000 -35.288945 570.223367
39.750000 -33.957286 569.424372
39.750000 -32.625628 568.625377
39.750000 -31.293970 567.585176
39.750000 -29.962312 566.519849
39.750000 -28.630653 565.454523
39.750000 -27.298995 564.389196
39.750000 -25.967337 563.323869
39.750000 -24.635678 562.258543
39.750000 -23.304020 561.193216
39.750000 -21.972362 560.233417
39.750000 -20.640704 559.434422
39.750000 -19.309045 558.635427
39.750000 -17.977387 557.836432
39.750000 -16.645729 556.866583
39.750000 -15.314070 555.801256
39.750000 -13.982412 554.735930
39.750000 -12.650754 553.670603
39.750000 -11.319095 552.841457
39.750000 -9.987437 552.042462
39.750000 -8.655779 551.024623
39.750000 -7.324121 549.537186
39.750000 -5.992462 545.275879
39.750000 -4.660804 540.889698
39.750000 -3.329146 534.764070
39.750000 -1.997487 528.939950
39.750000 -0.665829 523.613317
39.750000 0.665829 518.286683
39.750000 1.997487 512.960050
39.750000 3.329146 509.125879
39.750000 4.660804 506.196231
39.750000 5.992462 501.775628
39.750000 7.324121 497.247990
39.750000 8.655779 495.263065
39.750000 9.987437 493.665075
39.750000 11.319095 491.853266
39.750000 12.650754 489.988945
39.750000 13.982412 488.124623
39.750000 15.314070 486.260302
39.750000 16.645729 484.395980
39.750000 17.977387 482.722613
39.750000 19.309045 481.390955
39.750000 20.640704 479.881156
39.750000 21.972362 478.283166
39.750000 23.304020 476.685176
39.750000 24.635678 475.087186
39.750000 25.967337 473.732663
39.750000 27.298995 472.401005
39.750000 28.630653 471.069347
39.750000 29.962312 469.737688
39.750000 31.293970 468.406030
39.750000 32.625628 467.099497
39.750000 33.957286 466.034171
39.750000 35.288945 464.861055
39.750000 36.620603 463.529397
39.750000 37.952261 462.288191
39.750000 39.283920 461.222864
39.750000 40.615578 459.984422
39.750000 41.947236 458.652764
39.750000 43.278894 457.321106
39.750000 44.610553 455.989447
39.750000 45.942211 454.519347
39.750000 47.273869 452.921357
39.750000 48.605528 452.428894
39.750000 49.937186 452.050251
39.750000 51.268844 450.984925
39.750000 52.600503 449.959799
39.750000 53.932161 449.427136
39.750000 55.263819 448.791709
39.750000 56.595477 447.992714
39.750000 57.927136 447.108291
39.750000 59.258794 446.042965
39.750000 60.590452 445.113819
39.750000 61.922111 444.581156
39.750000 63.253769 444.048492
39.750000 64.585427 443.515829
39.750000 65.917085 442.749749
39.750000 67.248744 441.950754
39.750000 68.580402 441.367839
39.750000 69.912060 440.835176
39.750000 71.243719 440.302513
39.750000 72.575377 439.769849
39.750000 73.907035 439.237186
39.750000 75.238693 438.704523
39.750000 76.570352 438.171859
39.750000 77.902010 437.639196
39.750000 79.233668 437.106533
39.750000 80.565327 436.510804
39.750000 81.896985 435.711809
39.750000 83.228643 435.058543
39.750000 84.560302 434.525879
39.750000 85.891960 433.993216
39.750000 87.223618 433.460553
39.750000 88.555276 432.927889
39.750000 89.886935 432.395226
39.750000 91.218593 431.862563
39.750000 92.550251 431.319849
39.750000 93.881910 430.520854
39.750000 95.213568 429.721859
39.750000 96.545226 428.922864
39.750000 97.876884 428.199246
39.750000 99.208543 427.666583
39.750000 100.540201 427.133920
39.750000 101.871859 426.601256
39.750000 103.203518 426.068593
39.750000 104.535176 425.535930
39.750000 105.866834 424.879899
39.750000 107.198492 424.080905
39.750000 108.530151 423.281910
39.750000 109.861809 422.482915
39.750000 111.193467 421.683920
39.750000 112.525126 420.884925
39.750000 113.856784 420.085930
39.750000 115.188442 419.374623
39.750000 116.520101 418.841960
39.750000 117.851759 418.309296
39.750000 119.183417 417.776633
39.750000 120.515075 417.090955
39.750000 121.846734 416.291960
39.750000 123.178392 415.492965
39.750000 124.510050 414.693970
39.750000 125.841709 413.894975
39.750000 127.173367 413.095980
39.750000 128.505025 412.296985
39.750000 129.836683 411.497990
39.750000 131.168342 410.698995
39.750000 132.500000 409.900000
39.750000 132.500000 254.500000
39.750000 132.500000 254.500000
39.750000 131.168342 254.500000
39.750000 129.836683 254.500000
39.750000 128.505025 254.500000
39.750000 127.173367 254.500000
39.750000 125.841709 254.500000
39.750000 124.510050 254.500000
39.750000 123.178392 254.500000
39.750000 121.846734 254.500000
39.750000 120.515075 254.500000
39.750000 119.183417 254.500000
39.750000 117.851759 254.500000
39.750000 116.520101 254.500000
39.750000 115.188442 254.500000
39.750000 113.856784 254.500000
39.750000 112.525126 254.500000
39.750000 111.193467 254.500000
39.750000 109.861809 254.500000
39.750000 108.530151 254.500000
39.750000 107.198492 254.500000
39.750000 105.866834 254.500000
39.750000 104.535176 254.500000
39.750000 103.203518 254.500000
39.750000 101.871859 254.500000
39.750000 100.540201 254.500000
39.750000 99.208543 254.500000
39.750000 97.876884 254.500000
39.750000 96.545226 254.500000
39.750000 95.213568 254.500000
39.750000 93.881910 254.500000
39.750000 92.550251 254.500000
39.750000 91.218593 254.500000
39.750000 89.886935 254.500000
39.750000 88.555276 254.500000
39.750000 87.223618 254.500000
39.750000 85.891960 254.500000
39.750000 84.560302 254.500000
39.750000 83.228643 254.500000
39.750000 81.896985 254.500000
39.750000 80.565327 254.500000
39.750000 79.233668 254.500000
39.750000 77.902010 254.500000
39.750000 76.570352 254.500000
39.750000 75.238693 254.500000
39.750000 73.907035 254.500000
39.750000 72.575377 254.500000
39.750000 71.243719 254.500000
39.750000 69.912060 254.500000
39.750000 68.580402 254.500000
39.750000 67.248744 254.500000
39.750000 65.917085 254.500000
39.750000 64.585427 254.500000
39.750000 63.253769 254.500000
39.750000 61.922111 254.500000
39.750000 60.590452 254.500000
39.750000 59.258794 254.500000
39.750000 57.927136 254.500000
39.750000 56.595477 254.500000
39.750000 55.263819 254.500000
39.750000 53.932161 254.500000
39.750000 52.600503 254.500000
39.750000 51.268844 254.500000
39.750000 49.937186 254.500000
39.750000 48.605528 254.500000
39.750000 47.273869 254.500000
39.750000 45.942211 254.500000
39.750000 44.610553 254.500000
39.750000 43.278894 254.500000
39.750000 41.947236 254.500000
39.750000 40.615578 254.500000
39.750000 39.283920 254.500000
39.750000 37.952261 254.500000
39.750000 36.620603 254.500000
39.750000 35.288945 254.500000
39.750000 33.957286 254.500000
39.750000 32.625628 254.500000
39.750000 31.293970 254.500000
39.750000 29.962312 254.500000
39.750000 28.630653 254.500000
39.750000 27.298995 254.500000
39.750000 25.967337 254.500000
39.750000 24.635678 254.500000
39.750000 23.304020 254.500000
39.750000 21.972362 254.500000
39.750000 20.640704 254.500000
39.750000 19.309045 254.500000
39.750000 17.977387 254.500000
39.750000 16.645729 254.500000
39.750000 15.314070 254.500000
39.750000 13.982412 254.500000
39.750000 12.650754 254.500000
39.750000 11.319095 254.500000
39.750000 9.987437 254.500000
39.750000 8.655779 254.500000
39.750000 7.324121 254.500000
39.750000 5.992462 254.500000
39.750000 4.660804 254.500000
39.750000 3.329146 254.500000
39.750000 1.997487 254.500000
39.750000 0.665829 254.500000
39.750000 -0.665829 254.500000
39.750000 -1.997487 254.500000
39.750000 -3.329146 254.500000
39.750000 -4.660804 254.500000
39.750000 -5.992462 254.500000
39.750000 -7.324121 254.500000
39.750000 -8.655779 254.500000
39.750000 -9.987437 254.500000
39.750000 -11.319095 254.500000
39.750000 -12.650754 254.500000
39.750000 -13.982412 254.500000
39.750000 -15.314070 254.500000
39.750000 -16.645729 254.500000
39.750000 -17.977387 254.500000
39.750000 -19.309045 254.500000
39.750000 -20.640704 254.500000
39.750000 -21.972362 254.500000
39.750000 -23.304020 254.500000
39.750000 -24.635678 254.500000
39.750000 -25.967337 254.500000
39.750000 -27.298995 254.500000
39.750000 -28.630653 254.500000
39.750000 -29.962312 254.500000
39.750000 -31.293970 254.500000
39.750000 -32.625628 254.500000
39.750000 -33.957286 254.500000
39.750000 -35.288945 254.500000
39.750000 -36.620603 254.500000
39.750000 -37.952261 254.500000
39.750000 -39.283920 254.500000
39.750000 -40.615578 254.500000
39.750000 -41.947236 254.500000
39.750000 -43.278894 254.500000
39.750000 -44.610553 254.500000
39.750000 -45.942211 254.500000
39.750000 -47.273869 254.500000
39.750000 -48.605528 254.500000
39.750000 -49.937186 254.500000
39.750000 -51.268844 254.500000
39.750000 -52.600503 254.500000
39.750000 -53.932161 254.500000
39.750000 -55.263819 254.500000
39.750000 -56.595477 254.500000
39.750000 -57.927136 254.500000
39.750000 -59.258794 254.500000
39.750000 -60.590452 254.500000
39.750000 -61.922111 254.500000
39.750000 -63.253769 254.500000
39.750000 -64.585427 254.500000
39.750000 -65.917085 254.500000
39.750000 -67.248744 254.500000
39.750000 -68.580402 254.500000
39.750000 -69.912060 254.500000
39.750000 -71.243719 254.500000
39.750000 -72.575377 254.500000
39.750000 -73.907035 254.500000
39.750000 -75.238693 254.500000
39.750000 -76.570352 254.500000
39.750000 -77.902010 254.500000
39.750000 -79.233668 254.500000
39.750000 -80.565327 254.500000
39.750000 -81.896985 254.500000
39.750000 -83.228643 254.500000
39.750000 -84.560302 254.500000
39.750000 -85.891960 254.500000
39.750000 -87.223618 254.500000
39.750000 -88.555276 254.500000
39.750000 -89.886935 254.500000
39.750000 -91.218593 254.500000
39.750000 -92.550251 254.500000
39.750000 -93.881910 254.500000
39.750000 -95.213568 254.500000
39.750000 -96.545226 254.500000
39.750000 -97.876884 254.500000
39.750000 -99.208543 254.500000
39.750000 -100.540201 254.500000
39.750000 -101.871859 254.500000
39.750000 -103.203518 254.500000
39.750000 -104.535176 254.500000
39.750000 -105.866834 254.500000
39.750000 -107.198492 254.500000
39.750000 -108.530151 254.500000
39.750000 -109.861809 254.500000
39.750000 -111.193467 254.500000
39.750000 -112.525126 254.500000
39.750000 -113.856784 254.500000
39.750000 -115.188442 254.500000
39.750000 -116.520101 254.500000
39.750000 -117.851759 254.500000
39.750000 -119.183417 254.500000
39.750000 -120.515075 254.500000
39.750000 -121.846734 254.500000
39.750000 -123.178392 254.500000
39.750000 -124.510050 254.500000
39.750000 -125.841709 254.500000
39.750000 -127.173367 254.500000
39.750000 -128.505025 254.500000
39.750000 -129.836683 254.500000
39.750000 -131.168342 254.500000
39.750000 -132.500000 254.500000
39.750000 -132.500000 603.000000
53.000000 -132.500000 604.000000
53.000000 -131.168342 603.733668
53.000000 -129.836683 603.467337
53.000000 -128.505025 603.201005
53.000000 -127.173367 602.869347
53.000000 -125.841709 602.336683
53.000000 -124.510050 601.804020
53.000000 -123.178392 601.271357
53.000000 -121.846734 600.869347
53.000000 -120.515075 600.603015
53.000000 -119.183417 600.336683
53.000000 -117.851759 600.070352
53.000000 -116.520101 599.508040
53.000000 -115.188442 598.975377
53.000000 -113.856784 598.442714
53.000000 -112.525126 597.910050
53.000000 -111.193467 597.377387
53.000000 -109.861809 596.844724
53.000000 -108.530151 596.312060
53.000000 -107.198492 595.779397
53.000000 -105.866834 595.246734
53.000000 -104.535176 594.714070
53.000000 -103.203518 594.181407
53.000000 -101.871859 593.648744
53.000000 -100.540201 593.116080
53.000000 -99.208543 592.583417
53.000000 -97.876884 592.050754
53.000000 -96.545226 591.709045
53.000000 -95.213568 591.442714
53.000000 -93.881910 591.176382
53.000000 -92.550251 590.910050
53.000000 -91.218593 590.443719
53.000000 -89.886935 590.177387
53.000000 -88.555276 589.911055
53.000000 -87.223618 589.589447
53.000000 -85.891960 589.056784
53.000000 -84.560302 588.524121
53.000000 -83.228643 587.991457
53.000000 -81.896985 587.558794
53.000000 -80.565327 587.026131
53.000000 -79.233668 586.493467
53.000000 -77.902010 585.960804
53.000000 -76.570352 585.428141
53.000000 -75.238693 584.895477
53.000000 -73.907035 584.362814
53.000000 -72.575377 583.915075
53.000000 -71.243719 583.548744
53.000000 -69.912060 583.282412
53.000000 -68.580402 583.016080
53.000000 -67.248744 582.699497
53.000000 -65.917085 582.166834
53.000000 -64.585427 581.634171
53.000000 -63.253769 581.101508
53.000000 -61.922111 580.568844
53.000000 -60.590452 580.036181
53.000000 -59.258794 579.503518
53.000000 -57.927136 578.970854
53.000000 -56.595477 578.257286
53.000000 -55.263819 577.458291
53.000000 -53.932161 576.659296
53.000000 -52.600503 575.860302
53.000000 -51.268844 575.061307
53.000000 -49.937186 574.262312
53.000000 -48.605528 573.463317
53.000000 -47.273869 572.709548
53.000000 -45.942211 572.176884
53.000000 -44.610553 571.644221
53.000000 -43.278894 571.111558
53.000000 -41.947236 570.257789
53.000000 -40.615578 569.192462
53.000000 -39.283920 568.127136
53.000000 -37.952261 567.061809
53.000000 -36.620603 566.172362
53.000000 -35.288945 565.373367
53.000000 -33.957286 564.574372
53.000000 -32.625628 563.775377
53.000000 -31.293970 562.976382
53.000000 -29.962312 562.177387
53.000000 -28.630653 561.378392
53.000000 -27.298995 560.579397
53.000000 -25.967337 559.573869
53.000000 -24.635678 558.508543
53.000000 -23.304020 557.443216
53.000000 -21.972362 556.483417
53.000000 -20.640704 555.684422
53.000000 -19.309045 554.885427
53.000000 -17.977387 554.086432
53.000000 -16.645729 551.816583
53.000000 -15.314070 550.751256
53.000000 -13.982412 549.685930
53.000000 -12.650754 548.620603
53.000000 -11.319095 543.067839
53.000000 -9.987437 536.942211
53.000000 -8.655779 530.816583
53.000000 -7.324121 525.407538
53.000000 -5.992462 521.074372
53.000000 -4.660804 516.546734
53.000000 -3.329146 512.019095
53.000000 -1.997487 508.193467
53.000000 -0.665829 504.731156
53.000000 0.665829 501.268844
53.000000 1.997487 497.806533
53.000000 3.329146 495.173367
53.000000 4.660804 493.042714
53.000000 5.992462 490.912060
53.000000 7.324121 488.716583
53.000000 8.655779 486.819598
53.000000 9.987437 484.422613
53.000000 11.319095 482.025628
53.000000 12.650754 479.749246
53.000000 13.982412 478.417588
53.000000 15.314070 477.085930
53.000000 16.645729 475.754271
53.000000 17.977387 474.809045
53.000000 19.309045 473.490955
53.000000 20.640704 472.159296
53.000000 21.972362 470.827638
53.000000 23.304020 470.139196
53.000000 24.635678 469.872864
53.000000 25.967337 469.606533
53.000000 27.298995 469.400000
53.000000 28.630653 468.721608
53.000000 29.962312 467.922613
53.000000 31.293970 467.123618
53.000000 32.625628 466.574874
53.000000 33.957286 466.308543
53.000000 35.288945 466.042211
53.000000 36.620603 465.775879
53.000000 37.952261 465.419095
53.000000 39.283920 464.886432
53.000000 40.615578 464.353769
53.000000 41.947236 463.821106
53.000000 43.278894 463.444221
53.000000 44.610553 463.177889
53.000000 45.942211 462.911558
53.000000 47.273869 462.535678
53.000000 48.605528 461.736683
53.000000 49.937186 460.937688
53.000000 51.268844 460.138693
53.000000 52.600503 459.339698
53.000000 53.932161 458.540704
53.000000 55.263819 457.741709
53.000000 56.595477 456.942714
53.000000 57.927136 456.143719
53.000000 59.258794 455.344724
53.000000 60.590452 454.545729
53.000000 61.922111 453.746734
53.000000 63.253769 453.098492
53.000000 64.585427 452.565829
53.000000 65.917085 452.033166
53.000000 67.248744 451.450754
53.000000 68.580402 450.651759
53.000000 69.912060 449.852764
53.000000 71.243719 449.053769
53.000000 72.575377 448.254774
53.000000 73.907035 447.455779
53.000000 75.238693 446.656784
53.000000 76.570352 445.857789
53.000000 77.902010 445.139196
53.000000 79.233668 444.606533
53.000000 80.565327 444.073869
53.000000 81.896985 443.541206
53.000000 83.228643 442.762814
53.000000 84.560302 441.963819
53.000000 85.891960 441.164824
53.000000 87.223618 440.365829
53.000000 88.555276 439.566834
53.000000 89.886935 438.767839
53.000000 91.218593 437.968844
53.000000 92.550251 437.169849
53.000000 93.881910 436.370854
53.000000 95.213568 435.571859
53.000000 96.545226 434.772864
53.000000 97.876884 433.973869
53.000000 99.208543 433.174874
53.000000 100.540201 432.375879
53.000000 101.871859 431.576884
53.000000 103.203518 430.777889
53.000000 104.535176 429.978894
53.000000 105.866834 429.179899
53.000000 107.198492 428.380905
53.000000 108.530151 427.581910
53.000000 109.861809 426.782915
53.000000 111.193467 425.983920
53.000000 112.525126 425.184925
53.000000 113.856784 424.385930
53.000000 115.188442 423.586935
53.000000 116.520101 422.787940
53.000000 117.851759 421.988945
53.000000 119.183417 421.189950
53.000000 120.515075 420.390955
53.000000 121.846734 419.591960
53.000000 123.178392 418.928643
53.000000 124.510050 418.395980
53.000000 125.841709 417.863317
53.000000 127.173367 417.295980
53.000000 128.505025 416.496985
53.000000 129.836683 415.697990
53.000000 131.168342 414.898995
53.000000 132.500000 414.100000
53.000000 132.500000 254.500000
53.000000 132.500000 254.500000
53.000000 131.168342 254.500000
53.000000 129.836683 254.500000
53.000000 128.505025 254.500000
53.000000 127.173367 254.500000
53.000000 125.841709 254.500000
53.000000 124.510050 254.500000
53.000000 123.178392 254.500000
53.000000 121.846734 254.500000
53.000000 120.515075 254.500000
53.000000 119.183417 254.500000
53.000000 117.851759 254.500000
53.000000 116.520101 254.500000
53.000000 115.188442 254.500000
53.000000 113.856784 254.500000
53.000000 112.525126 254.500000
53.000000 111.193467 254.500000
53.000000 109.861809 254.500000
53.000000 108.530151 254.500000
53.000000 107.198492 254.500000
53.000000 105.866834 254.500000
53.000000 104.535176 254.500000
53.000000 103.203518 254.500000
53.000000 101.871859 254.500000
53.000000 100.540201 254.500000
53.000000 99.208543 254.500000
53.000000 97.876884 254.500000
53.000000 96.545226 254.500000
53.000000 95.213568 254.500000
53.000000 93.881910 254.500000
53.000000 92.550251 254.500000
53.000000 91.218593 254.500000
53.000000 89.886935 254.500000
53.000000 88.555276 254.500000
53.000000 87.223618 254.500000
53.000000 85.891960 254.500000
53.000000 84.560302 254.500000
53.000000 83.228643 254.500000
53.000000 81.896985 254.500000
53.000000 80.565327 254.500000
53.000000 79.233668 254.500000
53.000000 77.902010 254.500000
53.000000 76.570352 254.500000
53.000000 75.238693 254.500000
53.000000 73.907035 254.500000
53.000000 72.575377 254.500000
53.000000 71.243719 254.500000
53.000000 69.912060 254.500000
53.000000 68.580402 254.500000
53.000000 67.248744 254.500000
53.000000 65.917085 254.500000
53.000000 64.585427 254.500000
53.000000 63.253769 254.500000
53.000000 61.922111 254.500000
53.000000 60.590452 254.500000
53.000000 59.258794 254.500000
53.000000 57.927136 254.500000
53.000000 56.595477 254.500000
53.000000 55.263819 254.500000
53.000000 53.932161 254.500000
53.000000 52.600503 254.500000
53.000000 51.268844 254.500000
53.000000 49.937186 254.500000
53.000000 48.605528 254.500000
53.000000 47.273869 254.500000
53.000000 45.942211 254.500000
53.000000 44.610553 254.500000
53.000000 43.278894 254.500000
53.000000 41.947236 254.500000
53.000000 40.615578 254.500000
53.000000 39.283920 254.500000
53.000000 37.952261 254.500000
53.000000 36.620603 254.500000
53.000000 35.288945 254.500000
53.000000 33.957286 254.500000
53.000000 32.625628 254.500000
53.000000 31.293970 254.500000
53.000000 29.962312 254.500000
53.000000 28.630653 254.500000
53.000000 27.298995 254.500000
53.000000 25.967337 254.500000
53.000000 24.635678 254.500000
53.000000 23.304020 254.500000
53.000000 21.972362 254.500000
53.000000 20.640704 254.500000
53.000000 19.309045 254.500000
53.000000 17.977387 254.500000
53.000000 16.645729 254.500000
53.000000 15.314070 254.500000
53.000000 13.982412 254.500000
53.000000 12.650754 254.500000
53.000000 11.319095 254.500000
53.000000 9.987437 254.500000
53.000000 8.655779 254.500000
53.000000 7.324121 254.500000
53.000000 5.992462 254.500000
53.000000 4.660804 254.500000
53.000000 3.329146 254.500000
53.000000 1.997487 254.500000
53.000000 0.665829 254.500000
53.000000 -0.665829 254.500000
53.000000 -1.997487 254.500000
53.000000 -3.329146 254.500000
53.000000 -4.660804 254.500000
53.000000 -5.992462 254.500000
53.000000 -7.324121 254.500000
53.000000 -8.655779 254.500000
53.000000 -9.987437 254.500000
53.000000 -11.319095 254.500000
53.000000 -12.650754 254.500000
53.000000 -13.982412 254.500000
53.000000 -15.314070 254.500000
53.000000 -16.645729 254.500000
53.000000 -17.977387 254.500000
53.000000 -19.309045 254.500000
53.000000 -20.640704 254.500000
53.000000 -21.972362 254.500000
53.000000 -23.304020 254.500000
53.000000 -24.635678 254.500000
53.000000 -25.967337 254.500000
53.000000 -27.298995 254.500000
53.000000 -28.630653 254.500000
53.000000 -29.962312 254.500000
53.000000 -31.293970 254.500000
53.000000 -32.625628 254.500000
53.000000 -33.957286 254.500000
53.000000 -35.288945 254.500000
53.000000 -36.620603 254.500000
53.000000 -37.952261 254.500000
53.000000 -39.283920 254.500000
53.000000 -40.615578 254.500000
53.000000 -41.947236 254.500000
53.000000 -43.278894 254.500000
53.000000 -44.610553 254.500000
53.000000 -45.942211 254.500000
53.000000 -47.273869 254.500000
53.000000 -48.605528 254.500000
53.000000 -49.937186 254.500000
53.000000 -51.268844 254.500000
53.000000 -52.600503 254.500000
53.000000 -53.932161 254.500000
53.000000 -55.263819 254.500000
53.000000 -56.595477 254.500000
53.000000 -57.927136 254.500000
53.000000 -59.258794 254.500000
53.000000 -60.590452 254.500000
53.000000 -61.922111 254.500000
53.000000 -63.253769 254.500000
53.000000 -64.585427 254.500000
53.000000 -65.917085 254.500000
53.000000 -67.248744 254.500000
53.000000 -68.580402 254.500000
53.000000 -69.912060 254.500000
53.000000 -71.243719 254.500000
53.000000 -72.575377 254.500000
53.000000 -73.907035 254.500000
53.000000 -75.238693 254.500000
53.000000 -76.570352 254.500000
53.000000 -77.902010 254.500000
53.000000 -79.233668 254.500000
53.000000 -80.565327 254.500000
53.000000 -81.896985 254.500000
53.000000 -83.228643 254.500000
53.000000 -84.560302 254.500000
53.000000 -85.891960 254.500000
53.000000 -87.223618 254.500000
53.000000 -88.555276 254.500000
53.000000 -89.886935 254.500000
53.000000 -91.218593 254.500000
53.000000 -92.550251 254.500000
53.000000 -93.881910 254.500000
53.000000 -95.213568 254.500000
53.000000 -96.545226 254.500000
53.000000 -97.876884 254.500000
53.000000 -99.208543 254.500000
53.000000 -100.540201 254.500000
53.000000 -101.871859 254.500000
53.000000 -103.203518 254.500000
53.000000 -104.535176 254.500000
53.000000 -105.866834 254.500000
53.000000 -107.198492 254.500000
53.000000 -108.530151 254.500000
53.000000 -109.861809 254.500000
53.000000 -111.193467 254.500000
53.000000 -112.525126 254.500000
53.000000 -113.856784 254.500000
53.000000 -115.188442 254.500000
53.000000 -116.520101 254.500000
53.000000 -117.851759 254.500000
53.000000 -119.183417 254.500000
53.000000 -120.515075 254.500000
53.000000 -121.846734 254.500000
53.000000 -123.178392 254.500000
53.000000 -124.510050 254.500000
53.000000 -125.841709 254.500000
53.000000 -127.173367 254.500000
53.000000 -128.505025 254.500000
53.000000 -129.836683 254.500000
53.000000 -131.168342 254.500000
53.000000 -132.500000 254.500000
53.000000 -132.500000 604.000000
66.250000 -132.500000 604.000000
66.250000 -131.168342 603.717337
66.250000 -129.836683 603.184673
66.250000 -128.505025 602.652010
66.250000 -127.173367 602.119347
66.250000 -125.841709 601.668342
66.250000 -124.510050 601.402010
66.250000 -123.178392 601.135678
66.250000 -121.846734 600.869347
66.250000 -120.515075 600.456030
66.250000 -119.183417 599.923367
66.250000 -117.851759 599.390704
66.250000 -116.520101 598.466080
66.250000 -115.188442 597.400754
66.250000 -113.856784 596.335427
66.250000 -112.525126 595.515075
66.250000 -111.193467 594.727387
66.250000 -109.861809 594.194724
66.250000 -108.530151 593.662060
66.250000 -107.198492 593.069095
66.250000 -105.866834 592.270101
66.250000 -104.535176 591.471106
66.250000 -103.203518 590.781407
66.250000 -101.871859 590.123116
66.250000 -100.540201 589.324121
66.250000 -99.208543 588.525126
66.250000 -97.876884 587.726131
66.250000 -96.545226 587.118090
66.250000 -95.213568 586.585427
66.250000 -93.881910 586.052764
66.250000 -92.550251 585.520101
66.250000 -91.218593 584.987437
66.250000 -89.886935 584.454774
66.250000 -88.555276 583.922111
66.250000 -87.223618 583.389447
66.250000 -85.891960 582.856784
66.250000 -84.560302 582.324121
66.250000 -83.228643 581.791457
66.250000 -81.896985 581.379397
66.250000 -80.565327 581.113065
66.250000 -79.233668 580.846734
66.250000 -77.902010 580.580402
66.250000 -76.570352 580.314070
66.250000 -75.238693 579.845477
66.250000 -73.907035 579.312814
66.250000 -72.575377 578.780151
66.250000 -71.243719 578.247487
66.250000 -69.912060 577.714824
66.250000 -68.580402 577.182161
66.250000 -67.248744 576.649497
66.250000 -65.917085 576.116834
66.250000 -64.585427 575.584171
66.250000 -63.253769 575.051508
66.250000 -61.922111 574.403266
66.250000 -60.590452 573.604271
66.250000 -59.258794 572.805276
66.250000 -57.927136 572.006281
66.250000 -56.595477 571.388191
66.250000 -55.263819 570.658291
66.250000 -53.932161 569.859296
66.250000 -52.600503 569.060302
66.250000 -51.268844 567.768844
66.250000 -49.937186 566.437186
66.250000 -48.605528 565.134422
66.250000 -47.273869 564.069095
66.250000 -45.942211 563.003769
66.250000 -44.610553 561.938442
66.250000 -43.278894 560.873116
66.250000 -41.947236 559.697236
66.250000 -40.615578 558.365578
66.250000 -39.283920 557.033920
66.250000 -37.952261 555.702261
66.250000 -36.620603 554.546482
66.250000 -35.288945 552.520101
66.250000 -33.957286 550.123116
66.250000 -32.625628 547.726131
66.250000 -31.293970 546.776382
66.250000 -29.962312 541.341709
66.250000 -28.630653 535.748744
66.250000 -27.298995 530.798995
66.250000 -25.967337 529.467337
66.250000 -24.635678 528.135678
66.250000 -23.304020 527.160804
66.250000 -21.972362 526.472362
66.250000 -20.640704 525.140704
66.250000 -19.309045 523.809045
66.250000 -17.977387 521.241206
66.250000 -16.645729 516.753769
66.250000 -15.314070 514.126884
66.250000 -13.982412 512.528894
66.250000 -12.650754 510.930905
66.250000 -11.319095 508.624372
66.250000 -9.987437 506.227387
66.250000 -8.655779 503.755025
66.250000 -7.324121 500.363065
66.250000 -5.992462 497.690955
66.250000 -4.660804 496.092965
66.250000 -3.329146 494.494975
66.250000 -1.997487 492.796482
66.250000 -0.665829 491.282663
66.250000 0.665829 490.217337
66.250000 1.997487 489.152010
66.250000 3.329146 488.252513
66.250000 4.660804 487.453518
66.250000 5.992462 486.654523
66.250000 7.324121 485.425879
66.250000 8.655779 485.018844
66.250000 9.987437 484.752513
66.250000 11.319095 484.458543
66.250000 12.650754 483.719849
66.250000 13.982412 483.453518
66.250000 15.314070 483.187186
66.250000 16.645729 482.920854
66.250000 17.977387 482.654523
66.250000 19.309045 482.388191
66.250000 20.640704 482.121859
66.250000 21.972362 481.855528
66.250000 23.304020 481.750000
66.250000 24.635678 481.572864
66.250000 25.967337 481.306533
66.250000 27.298995 481.040201
66.250000 28.630653 480.547739
66.250000 29.962312 480.015075
66.250000 31.293970 479.491206
66.250000 32.625628 479.174623
66.250000 33.957286 478.375628
66.250000 35.288945 477.576633
66.250000 36.620603 476.777638
66.250000 37.952261 475.978643
66.250000 39.283920 475.179648
66.250000 40.615578 474.380653
66.250000 41.947236 473.721106
66.250000 43.278894 473.032663
66.250000 44.610553 472.233668
66.250000 45.942211 471.434673
66.250000 47.273869 470.635678
66.250000 48.605528 469.836683
66.250000 49.937186 469.037688
66.250000 51.268844 468.238693
66.250000 52.600503 467.419598
66.250000 53.932161 466.354271
66.250000 55.263819 465.288945
66.250000 56.595477 464.223618
66.250000 57.927136 463.243719
66.250000 59.258794 462.444724
66.250000 60.590452 461.645729
66.250000 61.922111 460.846734
66.250000 63.253769 460.047739
66.250000 64.585427 459.248744
66.250000 65.917085 458.449749
66.250000 67.248744 457.650754
66.250000 68.580402 456.851759
66.250000 69.912060 456.052764
66.250000 71.243719 455.253769
66.250000 72.575377 454.469849
66.250000 73.907035 453.905779
66.250000 75.238693 453.106784
66.250000 76.570352 452.307789
66.250000 77.902010 451.508794
66.250000 79.233668 450.709799
66.250000 80.565327 449.910804
66.250000 81.896985 449.111809
66.250000 83.228643 448.312814
66.250000 84.560302 447.513819
66.250000 85.891960 446.714824
66.250000 87.223618 445.721106
66.250000 88.555276 444.655779
66.250000 89.886935 443.590452
66.250000 91.218593 442.525126
66.250000 92.550251 441.719849
66.250000 93.881910 440.920854
66.250000 95.213568 440.121859
66.250000 96.545226 439.322864
66.250000 97.876884 438.448492
66.250000 99.208543 437.383166
66.250000 100.540201 436.317839
66.250000 101.871859 435.252513
66.250000 103.203518 434.327889
66.250000 104.535176 433.528894
66.250000 105.866834 432.729899
66.250000 107.198492 431.930905
66.250000 108.530151 430.925879
66.250000 109.861809 429.860553
66.250000 111.193467 428.795226
66.250000 112.525126 427.734925
66.250000 113.856784 426.935930
66.250000 115.188442 426.136935
66.250000 116.520101 425.337940
66.250000 117.851759 424.538945
66.250000 119.183417 423.739950
66.250000 120.515075 422.940955
66.250000 121.846734 422.141960
66.250000 123.178392 421.342965
66.250000 124.510050 420.543970
66.250000 125.841709 419.744975
66.250000 127.173367 418.945980
66.250000 128.505025 418.146985
66.250000 129.836683 417.347990
66.250000 131.168342 416.548995
66.250000 132.500000 415.750000
66.250000 132.500000 254.500000
66.250000 132.500000 254.500000
66.250000 131.168342 254.500000
66.250000 129.836683 254.500000
66.250000 128.505025 254.500000
66.250000 127.173367 254.500000
66.250000 125.841709 254.500000
66.250000 124.510050 254.500000
66.250000 123.178392 254.500000
66.250000 121.846734 254.500000
66.250000 120.515075 254.500000
66.250000 119.183417 254.500000
66.250000 117.851759 254.500000
66.250000 116.520101 254.500000
66.250000 115.188442 254.500000
66.250000 113.856784 254.500000
66.250000 112.525126 254.500000
66.250000 111.193467 254.500000
66.250000 109.861809 254.500000
66.250000 108.530151 254.500000
66.250000 107.198492 254.500000
66.250000 105.866834 254.500000
66.250000 104.535176 254.500000
66.250000 103.203518 254.500000
66.250000 101.871859 254.500000
66.250000 100.540201 254.500000
66.250000 99.208543 254.500000
66.250000 97.876884 254.500000
66.250000 96.545226 254.500000
66.250000 95.213568 254.500000
66.250000 93.881910 254.500000
66.250000 92.550251 254.500000
66.250000 91.218593 254.500000
66.250000 89.886935 254.500000
66.250000 88.555276 254.500000
66.250000 87.223618 254.500000
66.250000 85.891960 254.500000
66.250000 84.560302 254.500000
66.250000 83.228643 254.500000
66.250000 81.896985 254.500000
66.250000 80.565327 254.500000
66.250000 79.233668 254.500000
66.250000 77.902010 254.500000
66.250000 76.570352 254.500000
66.250000 75.238693 254.500000
66.250000 73.907035 254.500000
66.250000 72.575377 254.500000
66.250000 71.243719 254.500000
66.250000 69.912060 254.500000
66.250000 68.580402 254.500000
66.250000 67.248744 254.500000
66.250000 65.917085 254.500000
66.250000 64.585427 254.500000
66.250000 63.253769 254.500000
66.250000 61.922111 254.500000
66.250000 60.590452 254.500000
66.250000 59.258794 254.500000
66.250000 57.927136 254.500000
66.250000 56.595477 254.500000
66.250000 55.263819 254.500000
66.250000 53.932161 254.500000
66.250000 52.600503 254.500000
66.250000 51.268844 254.500000
66.250000 49.937186 254.500000
66.250000 48.605528 254.500000
66.250000 47.273869 254.500000
66.250000 45.942211 254.500000
66.250000 44.610553 254.500000
66.250000 43.278894 254.500000
66.250000 41.947236 254.500000
66.250000 40.615578 254.500000
66.250000 39.283920 254.500000
66.250000 37.952261 254.500000
66.250000 36.620603 254.500000
66.250000 35.288945 254.500000
66.250000 33.957286 254.500000
66.250000 32.625628 254.500000
66.250000 31.293970 254.500000
66.250000 29.962312 254.500000
66.250000 28.630653 254.500000
66.250000 27.298995 254.500000
66.250000 25.967337 254.500000
66.250000 24.635678 254.500000
66.250000 23.304020 254.500000
66.250000 21.972362 254.500000
66.250000 20.640704 254.500000
66.250000 19.309045 254.500000
66.250000 17.977387 254.500000
66.250000 16.645729 254.500000
66.250000 15.314070 254.500000
66.250000 13.982412 254.500000
66.250000 12.650754 254.500000
66.250000 11.319095 254.500000
66.250000 9.987437 254.500000
66.250000 8.655779 254.500000
66.250000 7.324121 254.500000
66.250000 5.992462 254.500000
66.250000 4.660804 254.500000
66.250000 3.329146 254.500000
66.250000 1.997487 254.500000
66.250000 0.665829 254.500000
66.250000 -0.665829 254.500000
66.250000 -1.997487 254.500000
66.250000 -3.329146 254.500000
66.250000 -4.660804 254.500000
66.250000 -5.992462 254.500000
66.250000 -7.324121 254.500000
66.250000 -8.655779 254.500000
66.250000 -9.987437 254.500000
66.250000 -11.319095 254.500000
66.250000 -12.650754 254.500000
66.250000 -13.982412 254.500000
66.250000 -15.314070 254.500000
66.250000 -16.645729 254.500000
66.250000 -17.977387 254.500000
66.250000 -19.309045 254.500000
66.250000 -20.640704 254.500000
66.250000 -21.972362 254.500000
66.250000 -23.304020 254.500000
66.250000 -24.635678 254.500000
66.250000 -25.967337 254.500000
66.250000 -27.298995 254.500000
66.250000 -28.630653 254.500000
66.250000 -29.962312 254.500000
66.250000 -31.293970 254.500000
66.250000 -32.625628 254.500000
66.250000 -33.957286 254.500000
66.250000 -35.288945 254.500000
66.250000 -36.620603 254.500000
66.250000 -37.952261 254.500000
66.250000 -39.283920 254.500000
66.250000 -40.615578 254.500000
66.250000 -41.947236 254.500000
66.250000 -43.278894 254.500000
66.250000 -44.610553 254.500000
66.250000 -45.942211 254.500000
66.250000 -47.273869 254.500000
66.250000 -48.605528 254.500000
66.250000 -49.937186 254.500000
66.250000 -51.268844 254.500000
66.250000 -52.600503 254.500000
66.250000 -53.932161 254.500000
66.250000 -55.263819 254.500000
66.250000 -56.595477 254.500000
66.250000 -57.927136 254.500000
66.250000 -59.258794 254.500000
66.250000 -60.590452 254.500000
66.250000 -61.922111 254.500000
66.250000 -63.253769 254.500000
66.250000 -64.585427 254.500000
66.250000 -65.917085 254.500000
66.250000 -67.248744 254.500000
66.250000 -68.580402 254.500000
66.250000 -69.912060 254.500000
66.250000 -71.243719 254.500000
66.250000 -72.575377 254.500000
66.250000 -73.907035 254.500000
66.250000 -75.238693 254.500000
66.250000 -76.570352 254.500000
66.250000 -77.902010 254.500000
66.250000 -79.233668 254.500000
66.250000 -80.565327 254.500000
66.250000 -81.896985 254.500000
66.250000 -83.228643 254.500000
66.250000 -84.560302 254.500000
66.250000 -85.891960 254.500000
66.250000 -87.223618 254.500000
66.250000 -88.555276 254.500000
66.250000 -89.886935 254.500000
66.250000 -91.218593 254.500000
66.250000 -92.550251 254.500000
66.250000 -93.881910 254.500000
66.250000 -95.213568 254.500000
66.250000 -96.545226 254.500000
66.250000 -97.876884 254.500000
66.250000 -99.208543 254.500000
66.250000 -100.540201 254.500000
66.250000 -101.871859 254.500000
66.250000 -103.203518 254.500000
66.250000 -104.535176 254.500000
66.250000 -105.866834 254.500000
66.250000 -107.198492 254.500000
66.250000 -108.530151 254.500000
66.250000 -109.861809 254.500000
66.250000 -111.193467 254.500000
66.250000 -112.525126 254.500000
66.250000 -113.856784 254.500000
66.250000 -115.188442 254.500000
66.250000 -116.520101 254.500000
66.250000 -117.851759 254.500000
66.250000 -119.183417 254.500000
66.250000 -120.515075 254.500000
66.250000 -121.846734 254.500000
66.250000 -123.178392 254.500000
66.250000 -124.510050 254.500000
66.250000 -125.841709 254.500000
66.250000 -127.173367 254.500000
66.250000 -128.505025 254.500000
66.250000 -129.836683 254.500000
66.250000 -131.168342 254.500000
66.250000 -132.500000 254.500000
66.250000 -132.500000 604.000000
79.500000 -132.500000 603.000000
79.500000 -131.168342 602.467337
79.500000 -129.836683 601.934673
79.500000 -128.505025 601.402010
79.500000 -127.173367 600.673367
79.500000 -125.841709 599.341709
79.500000 -124.510050 598.604020
79.500000 -123.178392 598.071357
79.500000 -121.846734 597.277387
79.500000 -120.515075 596.212060
79.500000 -119.183417 595.083417
79.500000 -117.851759 593.751759
79.500000 -116.520101 592.616080
79.500000 -115.188442 591.550754
79.500000 -113.856784 590.485427
79.500000 -112.525126 589.420101
79.500000 -111.193467 588.616080
79.500000 -109.861809 587.689447
79.500000 -108.530151 586.624121
79.500000 -107.198492 585.619095
79.500000 -105.866834 584.820101
79.500000 -104.535176 584.021106
79.500000 -103.203518 582.962814
79.500000 -101.871859 581.897487
79.500000 -100.540201 580.832161
79.500000 -99.208543 579.766834
79.500000 -97.876884 578.701508
79.500000 -96.545226 578.018090
79.500000 -95.213568 577.485427
79.500000 -93.881910 576.829146
79.500000 -92.550251 576.030151
79.500000 -91.218593 575.487437
79.500000 -89.886935 574.954774
79.500000 -88.555276 574.422111
79.500000 -87.223618 573.834171
79.500000 -85.891960 573.035176
79.500000 -84.560302 572.236181
79.500000 -83.228643 570.928643
79.500000 -81.896985 570.079397
79.500000 -80.565327 569.813065
79.500000 -79.233668 569.280402
79.500000 -77.902010 567.682412
79.500000 -76.570352 567.014070
79.500000 -75.238693 566.747739
79.500000 -73.907035 566.007035
79.500000 -72.575377 564.675377
79.500000 -71.243719 563.092462
79.500000 -69.912060 561.964824
79.500000 -68.580402 561.432161
79.500000 -67.248744 560.899497
79.500000 -65.917085 560.366834
79.500000 -64.585427 559.651256
79.500000 -63.253769 558.852261
79.500000 -61.922111 557.822111
79.500000 -60.590452 556.490452
79.500000 -59.258794 554.910553
79.500000 -57.927136 553.312563
79.500000 -56.595477 551.895477
79.500000 -55.263819 550.563819
79.500000 -53.932161 548.210050
79.500000 -52.600503 544.481407
79.500000 -51.268844 542.230151
79.500000 -49.937186 540.324623
79.500000 -48.605528 538.726633
79.500000 -47.273869 537.354774
79.500000 -45.942211 537.088442
79.500000 -44.610553 532.908543
79.500000 -43.278894 526.782915
79.500000 -41.947236 522.868342
79.500000 -40.615578 522.069347
79.500000 -39.283920 520.297487
79.500000 -37.952261 518.433166
79.500000 -36.620603 517.272362
79.500000 -35.288945 516.473367
79.500000 -33.957286 515.565829
79.500000 -32.625628 514.500503
79.500000 -31.293970 513.917588
79.500000 -29.962312 513.062312
79.500000 -28.630653 511.730653
79.500000 -27.298995 510.559799
79.500000 -25.967337 510.293467
79.500000 -24.635678 509.854271
79.500000 -23.304020 509.321608
79.500000 -21.972362 508.683417
79.500000 -20.640704 507.884422
79.500000 -19.309045 507.123618
79.500000 -17.977387 506.590955
79.500000 -16.645729 505.887437
79.500000 -15.314070 505.088442
79.500000 -13.982412 504.289447
79.500000 -12.650754 503.490452
79.500000 -11.319095 502.691457
79.500000 -9.987437 501.892462
79.500000 -8.655779 501.093467
79.500000 -7.324121 500.329648
79.500000 -5.992462 499.796985
79.500000 -4.660804 499.264322
79.500000 -3.329146 498.965829
79.500000 -1.997487 498.598995
79.500000 -0.665829 498.066332
79.500000 0.665829 497.600000
79.500000 1.997487 497.600000
79.500000 3.329146 496.936683
79.500000 4.660804 495.935678
79.500000 5.992462 495.403015
79.500000 7.324121 494.870352
79.500000 8.655779 494.106533
79.500000 9.987437 493.405025
79.500000 11.319095 492.872362
79.500000 12.650754 492.339698
79.500000 13.982412 491.807035
79.500000 15.314070 491.274372
79.500000 16.645729 490.741709
79.500000 17.977387 490.113568
79.500000 19.309045 489.314573
79.500000 20.640704 488.743719
79.500000 21.972362 488.211055
79.500000 23.304020 487.517588
79.500000 24.635678 486.718593
79.500000 25.967337 485.919598
79.500000 27.298995 485.120603
79.500000 28.630653 484.321608
79.500000 29.962312 483.522613
79.500000 31.293970 482.723618
79.500000 32.625628 481.924623
79.500000 33.957286 481.125628
79.500000 35.288945 480.326633
79.500000 36.620603 479.303518
79.500000 37.952261 478.328643
79.500000 39.283920 477.529648
79.500000 40.615578 476.730653
79.500000 41.947236 475.931658
79.500000 43.278894 474.976884
79.500000 44.610553 473.911558
79.500000 45.942211 472.934673
79.500000 47.273869 472.135678
79.500000 48.605528 471.336683
79.500000 49.937186 470.537688
79.500000 51.268844 469.738693
79.500000 52.600503 468.939698
79.500000 53.932161 468.140704
79.500000 55.263819 467.341709
79.500000 56.595477 466.542714
79.500000 57.927136 465.743719
79.500000 59.258794 464.944724
79.500000 60.590452 464.145729
79.500000 61.922111 463.346734
79.500000 63.253769 462.547739
79.500000 64.585427 461.748744
79.500000 65.917085 460.949749
79.500000 67.248744 460.150754
79.500000 68.580402 459.351759
79.500000 69.912060 458.552764
79.500000 71.243719 457.753769
79.500000 72.575377 456.969849
79.500000 73.907035 456.437186
79.500000 75.238693 455.756784
79.500000 76.570352 454.957789
79.500000 77.902010 454.158794
79.500000 79.233668 453.359799
79.500000 80.565327 452.560804
79.500000 81.896985 451.761809
79.500000 83.228643 450.962814
79.500000 84.560302 450.163819
79.500000 85.891960 449.364824
79.500000 87.223618 448.565829
79.500000 88.555276 447.555779
79.500000 89.886935 446.490452
79.500000 91.218593 445.425126
79.500000 92.550251 444.369849
79.500000 93.881910 443.570854
79.500000 95.213568 442.771859
79.500000 96.545226 441.972864
79.500000 97.876884 441.098492
79.500000 99.208543 440.033166
79.500000 100.540201 438.967839
79.500000 101.871859 437.902513
79.500000 103.203518 436.977889
79.500000 104.535176 436.178894
79.500000 105.866834 435.379899
79.500000 107.198492 434.580905
79.500000 108.530151 433.575879
79.500000 109.861809 432.510553
79.500000 111.193467 431.445226
79.500000 112.525126 430.384925
79.500000 113.856784 429.585930
79.500000 115.188442 428.786935
79.500000 116.520101 427.987940
79.500000 117.851759 427.188945
79.500000 119.183417 426.389950
79.500000 120.515075 425.590955
79.500000 121.846734 424.791960
79.500000 123.178392 423.992965
79.500000 124.510050 423.193970
79.500000 125.841709 422.394975
79.500000 127.173367 421.595980
79.500000 128.505025 420.796985
79.500000 129.836683 419.997990
79.500000 131.168342 419.198995
79.500000 132.500000 418.400000
79.500000 132.500000 254.500000
79.500000 132.500000 254.500000
79.500000 131.168342 254.500000
79.500000 129.836683 254.500000
79.500000 128.505025 254.500000
79.500000 127.173367 254.500000
79.500000 125.841709 254.500000
79.500000 124.510050 254.500000
79.500000 123.178392 254.500000
79.500000 121.846734 254.500000
79.500000 120.515075 254.500000
79.500000 119.183417 254.500000
79.500000 117.851759 254.500000
79.500000 116.520101 254.500000
79.500000 115.188442 254.500000
79.500000 113.856784 254.500000
79.500000 112.525126 254.500000
79.500000 111.193467 254.500000
79.500000 109.861809 254.500000
79.500000 108.530151 254.500000
79.500000 107.198492 254.500000
79.500000 105.866834 254.500000
79.500000 104.535176 254.500000
79.500000 103.203518 254.500000
79.500000 101.871859 254.500000
79.500000 100.540201 254.500000
79.500000 99.208543 254.500000
79.500000 97.876884 254.500000
79.500000 96.545226 254.500000
79.500000 95.213568 254.500000
79.500000 93.881910 254.500000
79.500000 92.550251 254.500000
79.500000 91.218593 254.500000
79.500000 89.886935 254.500000
79.500000 88.555276 254.500000
79.500000 87.223618 254.500000
79.500000 85.891960 254.500000
79.500000 84.560302 254.500000
79.500000 83.228643 254.500000
79.500000 81.896985 254.500000
79.500000 80.565327 254.500000
79.500000 79.233668 254.500000
79.500000 77.902010 254.500000
79.500000 76.570352 254.500000
79.500000 75.238693 254.500000
79.500000 73.907035 254.500000
79.500000 72.575377 254.500000
79.500000 71.243719 254.500000
79.500000 69.912060 254.500000
79.500000 68.580402 254.500000
79.500000 67.248744 254.500000
79.500000 65.917085 254.500000
79.500000 64.585427 254.500000
79.500000 63.253769 254.500000
79.500000 61.922111 254.500000
79.500000 60.590452 254.500000
79.500000 59.258794 254.500000
79.500000 57.927136 254.500000
79.500000 56.595477 254.500000
79.500000 55.263819 254.500000
79.500000 53.932161 254.500000
79.500000 52.600503 254.500000
79.500000 51.268844 254.500000
79.500000 49.937186 254.500000
79.500000 48.605528 254.500000
79.500000 47.273869 254.500000
79.500000 45.942211 254.500000
79.500000 44.610553 254.500000
79.500000 43.278894 254.500000
79.500000 41.947236 254.500000
79.500000 40.615578 254.500000
79.500000 39.283920 254.500000
79.500000 37.952261 254.500000
79.500000 36.620603 254.500000
79.500000 35.288945 254.500000
79.500000 33.957286 254.500000
79.500000 32.625628 254.500000
79.500000 31.293970 254.500000
79.500000 29.962312 254.500000
79.500000 28.630653 254.500000
79.500000 27.298995 254.500000
79.500000 25.967337 254.500000
79.500000 24.635678 254.500000
79.500000 23.304020 254.500000
79.500000 21.972362 254.500000
79.500000 20.640704 254.500000
79.500000 19.309045 254.500000
79.500000 17.977387 254.500000
79.500000 16.645729 254.500000
79.500000 15.314070 254.500000
79.500000 13.982412 254.500000
79.500000 12.650754 254.500000
79.500000 11.319095 254.500000
79.500000 9.987437 254.500000
79.500000 8.655779 254.500000
79.500000 7.324121 254.500000
79.500000 5.992462 254.500000
79.500000 4.660804 254.500000
79.500000 3.329146 254.500000
79.500000 1.997487 254.500000
79.500000 0.665829 254.500000
79.500000 -0.665829 254.500000
79.500000 -1.997487 254.500000
79.500000 -3.329146 254.500000
79.500000 -4.660804 254.500000
79.500000 -5.992462 254.500000
79.500000 -7.324121 254.500000
79.500000 -8.655779 254.500000
79.500000 -9.987437 254.500000
79.500000 -11.319095 254.500000
79.500000 -12.650754 254.500000
79.500000 -13.982412 254.500000
79.500000 -15.314070 254.500000
79.500000 -16.645729 254.500000
79.500000 -17.977387 254.500000
79.500000 -19.309045 254.500000
79.500000 -20.640704 254.500000
79.500000 -21.972362 254.500000
79.500000 -23.304020 254.500000
79.500000 -24.635678 254.500000
79.500000 -25.967337 254.500000
79.500000 -27.298995 254.500000
79.500000 -28.630653 254.500000
79.500000 -29.962312 254.500000
79.500000 -31.293970 254.500000
79.500000 -32.625628 254.500000
79.500000 -33.957286 254.500000
79.500000 -35.288945 254.500000
79.500000 -36.620603 254.500000
79.500000 -37.952261 254.500000
79.500000 -39.283920 254.500000
79.500000 -40.615578 254.500000
79.500000 -41.947236 254.500000
79.500000 -43.278894 254.500000
79.500000 -44.610553 254.500000
79.500000 -45.942211 254.500000
79.500000 -47.273869 254.500000
79.500000 -48.605528 254.500000
79.500000 -49.937186 254.500000
79.500000 -51.268844 254.500000
79.500000 -52.600503 254.500000
79.500000 -53.932161 254.500000
79.500000 -55.263819 254.500000
79.500000 -56.595477 254.500000
79.500000 -57.927136 254.500000
79.500000 -59.258794 254.500000
79.500000 -60.590452 254.500000
79.500000 -61.922111 254.500000
79.500000 -63.253769 254.500000
79.500000 -64.585427 254.500000
79.500000 -65.917085 254.500000
79.500000 -67.248744 254.500000
79.500000 -68.580402 254.500000
79.500000 -69.912060 254.500000
79.500000 -71.243719 254.500000
79.500000 -72.575377 254.500000
79.500000 -73.907035 254.500000
79.500000 -75.238693 254.500000
79.500000 -76.570352 254.500000
79.500000 -77.902010 254.500000
79.500000 -79.233668 254.500000
79.500000 -80.565327 254.500000
79.500000 -81.896985 254.500000
79.500000 -83.228643 254.500000
79.500000 -84.560302 254.500000
79.500000 -85.891960 254.500000
79.500000 -87.223618 254.500000
79.500000 -88.555276 254.500000
79.500000 -89.886935 254.500000
79.500000 -91.218593 254.500000
79.500000 -92.550251 254.500000
79.500000 -93.881910 254.500000
79.500000 -95.213568 254.500000
79.500000 -96.545226 254.500000
79.500000 -97.876884 254.500000
79.500000 -99.208543 254.500000
79.500000 -100.540201 254.500000
79.500000 -101.871859 254.500000
79.500000 -103.203518 254.500000
79.500000 -104.535176 254.500000
79.500000 -105.866834 254.500000
79.500000 -107.198492 254.500000
79.500000 -108.530151 254.500000
79.500000 -109.861809 254.500000
79.500000 -111.193467 254.500000
79.500000 -112.525126 254.500000
79.500000 -113.856784 254.500000
79.500000 -115.188442 254.500000
79.500000 -116.520101 254.500000
79.500000 -117.851759 254.500000
79.500000 -119.183417 254.500000
79.500000 -120.515075 254.500000
79.500000 -121.846734 254.500000
79.500000 -123.178392 254.500000
79.500000 -124.510050 254.500000
79.500000 -125.841709 254.500000
79.500000 -127.173367 254.500000
79.500000 -128.505025 254.500000
79.500000 -129.836683 254.500000
79.500000 -131.168342 254.500000
79.500000 -132.500000 254.500000
79.500000 -132.500000 603.000000
92.750000 -132.500000 600.850000
92.750000 -131.168342 599.518342
92.750000 -129.836683 598.186683
92.750000 -128.505025 596.855025
92.750000 -127.173367 595.408040
92.750000 -125.841709 593.810050
92.750000 -124.510050 592.212060
92.750000 -123.178392 590.614070
92.750000 -121.846734 589.016080
92.750000 -120.515075 587.418090
92.750000 -119.183417 585.820101
92.750000 -117.851759 584.222111
92.750000 -116.520101 582.820101
92.750000 -115.188442 581.488442
92.750000 -113.856784 580.156784
92.750000 -112.525126 578.825126
92.750000 -111.193467 577.754774
92.750000 -109.861809 576.689447
92.750000 -108.530151 575.624121
92.750000 -107.198492 574.458794
92.750000 -105.866834 573.393467
92.750000 -104.535176 572.328141
92.750000 -103.203518 571.262814
92.750000 -101.871859 570.071859
92.750000 -100.540201 568.740201
92.750000 -99.208543 567.408543
92.750000 -97.876884 566.076884
92.750000 -96.545226 564.313317
92.750000 -95.213568 562.448995
92.750000 -93.881910 560.584673
92.750000 -92.550251 558.720352
92.750000 -91.218593 557.162312
92.750000 -89.886935 555.564322
92.750000 -88.555276 553.966332
92.750000 -87.223618 552.423618
92.750000 -85.891960 551.091960
92.750000 -84.560302 549.760302
92.750000 -83.228643 548.428643
92.750000 -81.896985 547.005779
92.750000 -80.565327 545.141457
92.750000 -79.233668 543.277136
92.750000 -77.902010 541.412814
92.750000 -76.570352 539.920352
92.750000 -75.238693 538.588693
92.750000 -73.907035 537.257035
92.750000 -72.575377 535.995226
92.750000 -71.243719 534.693719
92.750000 -69.912060 533.362060
92.750000 -68.580402 532.030402
92.750000 -67.248744 530.899497
92.750000 -65.917085 530.366834
92.750000 -64.585427 529.834171
92.750000 -63.253769 529.301508
92.750000 -61.922111 528.653266
92.750000 -60.590452 527.854271
92.750000 -59.258794 527.055276
92.750000 -57.927136 526.256281
92.750000 -56.595477 525.507286
92.750000 -55.263819 524.708291
92.750000 -53.932161 523.909296
92.750000 -52.600503 523.140201
92.750000 -51.268844 522.361307
92.750000 -49.937186 521.562312
92.750000 -48.605528 520.763317
92.750000 -47.273869 520.009548
92.750000 -45.942211 519.738442
92.750000 -44.610553 519.472111
92.750000 -43.278894 519.205779
92.750000 -41.947236 518.718342
92.750000 -40.615578 517.919347
92.750000 -39.283920 517.120352
92.750000 -37.952261 516.321357
92.750000 -36.620603 515.698241
92.750000 -35.288945 515.165578
92.750000 -33.957286 514.632915
92.750000 -32.625628 514.100251
92.750000 -31.293970 513.326382
92.750000 -29.962312 512.527387
92.750000 -28.630653 511.728392
92.750000 -27.298995 510.969598
92.750000 -25.967337 510.436935
92.750000 -24.635678 509.904271
92.750000 -23.304020 509.371608
92.750000 -21.972362 508.788945
92.750000 -20.640704 508.256281
92.750000 -19.309045 507.723618
92.750000 -17.977387 507.190955
92.750000 -16.645729 506.437437
92.750000 -15.314070 505.638442
92.750000 -13.982412 504.839447
92.750000 -12.650754 504.040452
92.750000 -11.319095 503.241457
92.750000 -9.987437 502.442462
92.750000 -8.655779 501.643467
92.750000 -7.324121 500.914824
92.750000 -5.992462 500.648492
92.750000 -4.660804 500.382161
92.750000 -3.329146 500.115829
92.750000 -1.997487 499.648492
92.750000 -0.665829 498.849497
92.750000 0.665829 498.050503
92.750000 1.997487 497.251508
92.750000 3.329146 496.452513
92.750000 4.660804 495.653518
92.750000 5.992462 494.854523
92.750000 7.324121 494.055528
92.750000 8.655779 493.256533
92.750000 9.987437 492.457538
92.750000 11.319095 491.658543
92.750000 12.650754 490.889698
92.750000 13.982412 490.357035
92.750000 15.314070 489.824372
92.750000 16.645729 489.291709
92.750000 17.977387 488.663568
92.750000 19.309045 487.864573
92.750000 20.640704 487.065578
92.750000 21.972362 486.266583
92.750000 23.304020 485.417588
92.750000 24.635678 484.618593
92.750000 25.967337 483.819598
92.750000 27.298995 483.020603
92.750000 28.630653 482.221608
92.750000 29.962312 481.422613
92.750000 31.293970 480.623618
92.750000 32.625628 479.949749
92.750000 33.957286 479.175628
92.750000 35.288945 478.376633
92.750000 36.620603 477.577638
92.750000 37.952261 476.778643
92.750000 39.283920 475.979648
92.750000 40.615578 475.180653
92.750000 41.947236 474.381658
92.750000 43.278894 473.532663
92.750000 44.610553 472.733668
92.750000 45.942211 471.934673
92.750000 47.273869 471.135678
92.750000 48.605528 470.557789
92.750000 49.937186 470.025126
92.750000 51.268844 469.492462
92.750000 52.600503 468.979899
92.750000 53.932161 468.240704
92.750000 55.263819 467.441709
92.750000 56.595477 466.642714
92.750000 57.927136 465.929146
92.750000 59.258794 465.396482
92.750000 60.590452 464.863819
92.750000 61.922111 464.331156
92.750000 63.253769 463.647739
92.750000 64.585427 462.848744
92.750000 65.917085 462.049749
92.750000 67.248744 461.250754
92.750000 68.580402 460.717839
92.750000 69.912060 460.185176
92.750000 71.243719 459.652513
92.750000 72.575377 459.069849
92.750000 73.907035 458.537186
92.750000 75.238693 458.004523
92.750000 76.570352 457.471859
92.750000 77.902010 456.858794
92.750000 79.233668 456.059799
92.750000 80.565327 455.260804
92.750000 81.896985 454.461809
92.750000 83.228643 453.517085
92.750000 84.560302 452.451759
92.750000 85.891960 451.386432
92.750000 87.223618 450.321106
92.750000 88.555276 449.416834
92.750000 89.886935 448.617839
92.750000 91.218593 447.818844
92.750000 92.550251 447.009799
92.750000 93.881910 445.944472
92.750000 95.213568 444.879146
92.750000 96.545226 443.813819
92.750000 97.876884 442.823869
92.750000 99.208543 442.024874
92.750000 100.540201 441.225879
92.750000 101.871859 440.426884
92.750000 103.203518 439.487186
92.750000 104.535176 438.421859
92.750000 105.866834 437.356533
92.750000 107.198492 436.291206
92.750000 108.530151 435.431910
92.750000 109.861809 434.632915
92.750000 111.193467 433.833920
92.750000 112.525126 432.979899
92.750000 113.856784 431.914573
92.750000 115.188442 430.849246
92.750000 116.520101 429.783920
92.750000 117.851759 428.838945
92.750000 119.183417 428.039950
92.750000 120.515075 427.240955
92.750000 121.846734 426.441960
92.750000 123.178392 425.642965
92.750000 124.510050 424.843970
92.750000 125.841709 424.044975
92.750000 127.173367 423.245980
92.750000 128.505025 422.446985
92.750000 129.836683 421.647990
92.750000 131.168342 420.848995
92.750000 132.500000 420.050000
92.750000 132.500000 254.500000
92.750000 132.500000 254.500000
92.750000 131.168342 254.500000
92.750000 129.836683 254.500000
92.750000 128.505025 254.500000
92.750000 127.173367 254.500000
92.750000 125.841709 254.500000
92.750000 124.510050 254.500000
92.750000 123.178392 254.500000
92.750000 121.846734 254.500000
92.750000 120.515075 254.500000
92.750000 119.183417 254.500000
92.750000 117.851759 254.500000
92.750000 116.520101 254.500000
92.750000 115.188442 254.500000
92.750000 113.856784 254.500000
92.750000 112.525126 254.500000
92.750000 111.193467 254.500000
92.750000 109.861809 254.500000
92.750000 108.530151 254.500000
92.750000 107.198492 254.500000
92.750000 105.866834 254.500000
92.750000 104.535176 254.500000
92.750000 103.203518 254.500000
92.750000 101.871859 254.500000
92.750000 100.540201 254.500000
92.750000 99.208543 254.500000
92.750000 97.876884 254.500000
92.750000 96.545226 254.500000
92.750000 95.213568 254.500000
92.750000 93.881910 254.500000
92.750000 92.550251 254.500000
92.750000 91.218593 254.500000
92.750000 89.886935 254.500000
92.750000 88.555276 254.500000
92.750000 87.223618 254.500000
92.750000 85.891960 254.500000
92.750000 84.560302 254.500000
92.750000 83.228643 254.500000
92.750000 81.896985 254.500000
92.750000 80.565327 254.500000
92.750000 79.233668 254.500000
92.750000 77.902010 254.500000
92.750000 76.570352 254.500000
92.750000 75.238693 254.500000
92.750000 73.907035 254.500000
92.750000 72.575377 254.500000
92.750000 71.243719 254.500000
92.750000 69.912060 254.500000
92.750000 68.580402 254.500000
92.750000 67.248744 254.500000
92.750000 65.917085 254.500000
92.750000 64.585427 254.500000
92.750000 63.253769 254.500000
92.750000 61.922111 254.500000
92.750000 60.590452 254.500000
92.750000 59.258794 254.500000
92.750000 57.927136 254.500000
92.750000 56.595477 254.500000
92.750000 55.263819 254.500000
92.750000 53.932161 254.500000
92.750000 52.600503 254.500000
92.750000 51.268844 254.500000
92.750000 49.937186 254.500000
92.750000 48.605528 254.500000
92.750000 47.273869 254.500000
92.750000 45.942211 254.500000
92.750000 44.610553 254.500000
92.750000 43.278894 254.500000
92.750000 41.947236 254.500000
92.750000 40.615578 254.500000
92.750000 39.283920 254.500000
92.750000 37.952261 254.500000
92.750000 36.620603 254.500000
92.750000 35.288945 254.500000
92.750000 33.957286 254.500000
92.750000 32.625628 254.500000
92.750000 31.293970 254.500000
92.750000 29.962312 254.500000
92.750000 28.630653 254.500000
92.750000 27.298995 254.500000
92.750000 25.967337 254.500000
92.750000 24.635678 254.500000
92.750000 23.304020 254.500000
92.750000 21.972362 254.500000
92.750000 20.640704 254.500000
92.750000 19.309045 254.500000
92.750000 17.977387 254.500000
92.750000 16.645729 254.500000
92.750000 15.314070 254.500000
92.750000 13.982412 254.500000
92.750000 12.650754 254.500000
92.750000 11.319095 254.500000
92.750000 9.987437 254.500000
92.750000 8.655779 254.500000
92.750000 7.324121 254.500000
92.750000 5.992462 254.500000
92.750000 4.660804 254.500000
92.750000 3.329146 254.500000
92.750000 1.997487 254.500000
92.750000 0.665829 254.500000
92.750000 -0.665829 254.500000
92.750000 -1.997487 254.500000
92.750000 -3.329146 254.500000
92.750000 -4.660804 254.500000
92.750000 -5.992462 254.500000
92.750000 -7.324121 254.500000
92.750000 -8.655779 254.500000
92.750000 -9.987437 254.500000
92.750000 -11.319095 254.500000
92.750000 -12.650754 254.500000
92.750000 -13.982412 254.500000
92.750000 -15.314070 254.500000
92.750000 -16.645729 254.500000
92.750000 -17.977387 254.500000
92.750000 -19.309045 254.500000
92.750000 -20.640704 254.500000
92.750000 -21.972362 254.500000
92.750000 -23.304020 254.500000
92.750000 -24.635678 254.500000
92.750000 -25.967337 254.500000
92.750000 -27.298995 254.500000
92.750000 -28.630653 254.500000
92.750000 -29.962312 254.500000
92.750000 -31.293970 254.500000
92.750000 -32.625628 254.500000
92.750000 -33.957286 254.500000
92.750000 -35.288945 254.500000
92.750000 -36.620603 254.500000
92.750000 -37.952261 254.500000
92.750000 -39.283920 254.500000
92.750000 -40.615578 254.500000
92.750000 -41.947236 254.500000
92.750000 -43.278894 254.500000
92.750000 -44.610553 254.500000
92.750000 -45.942211 254.500000
92.750000 -47.273869 254.500000
92.750000 -48.605528 254.500000
92.750000 -49.937186 254.500000
92.750000 -51.268844 254.500000
92.750000 -52.600503 254.500000
92.750000 -53.932161 254.500000
92.750000 -55.263819 254.500000
92.750000 -56.595477 254.500000
92.750000 -57.927136 254.500000
92.750000 -59.258794 254.500000
92.750000 -60.590452 254.500000
92.750000 -61.922111 254.500000
92.750000 -63.253769 254.500000
92.750000 -64.585427 254.500000
92.750000 -65.917085 254.500000
92.750000 -67.248744 254.500000
92.750000 -68.580402 254.500000
92.750000 -69.912060 254.500000
92.750000 -71.243719 254.500000
92.750000 -72.575377 254.500000
92.750000 -73.907035 254.500000
92.750000 -75.238693 254.500000
92.750000 -76.570352 254.500000
92.750000 -77.902010 254.500000
92.750000 -79.233668 254.500000
92.750000 -80.565327 254.500000
92.750000 -81.896985 254.500000
92.750000 -83.228643 254.500000
92.750000 -84.560302 254.500000
92.750000 -85.891960 254.500000
92.750000 -87.223618 254.500000
92.750000 -88.555276 254.500000
92.750000 -89.886935 254.500000
92.750000 -91.218593 254.500000
92.750000 -92.550251 254.500000
92.750000 -93.881910 254.500000
92.750000 -95.213568 254.500000
92.750000 -96.545226 254.500000
92.750000 -97.876884 254.500000
92.750000 -99.208543 254.500000
92.750000 -100.540201 254.500000
92.750000 -101.871859 254.500000
92.750000 -103.203518 254.500000
92.750000 -104.535176 254.500000
92.750000 -105.866834 254.500000
92.750000 -107.198492 254.500000
92.750000 -108.530151 254.500000
92.750000 -109.861809 254.500000
92.750000 -111.193467 254.500000
92.750000 -112.525126 254.500000
92.750000 -113.856784 254.500000
92.750000 -115.188442 254.500000
92.750000 -116.520101 254.500000
92.750000 -117.851759 254.500000
92.750000 -119.183417 254.500000
92.750000 -120.515075 254.500000
92.750000 -121.846734 254.500000
92.750000 -123.178392 254.500000
92.750000 -124.510050 254.500000
92.750000 -125.841709 254.500000
92.750000 -127.173367 254.500000
92.750000 -128.505025 254.500000
92.750000 -129.836683 254.500000
92.750000 -131.168342 254.500000
92.750000 -132.500000 254.500000
92.750000 -132.500000 600.850000
106.000000 -132.500000 591.200000
106.000000 -131.168342 589.602010
106.000000 -129.836683 588.004020
106.000000 -128.505025 586.406030
106.000000 -127.173367 584.873367
106.000000 -125.841709 583.541709
106.000000 -124.510050 582.210050
106.000000 -123.178392 580.878392
106.000000 -121.846734 579.416080
106.000000 -120.515075 577.818090
106.000000 -119.183417 576.220101
106.000000 -117.851759 574.622111
106.000000 -116.520101 573.220101
106.000000 -115.188442 571.726131
106.000000 -113.856784 570.128141
106.000000 -112.525126 568.530151
106.000000 -111.193467 566.670854
106.000000 -109.861809 564.806533
106.000000 -108.530151 563.036181
106.000000 -107.198492 561.438191
106.000000 -105.866834 559.840201
106.000000 -104.535176 558.242211
106.000000 -103.203518 556.484925
106.000000 -101.871859 554.997487
106.000000 -100.540201 553.932161
106.000000 -99.208543 552.866834
106.000000 -97.876884 551.352261
106.000000 -96.545226 549.945226
106.000000 -95.213568 549.085427
106.000000 -93.881910 548.552764
106.000000 -92.550251 548.020101
106.000000 -91.218593 547.231156
106.000000 -89.886935 546.432161
106.000000 -88.555276 545.633166
106.000000 -87.223618 544.723618
106.000000 -85.891960 543.435176
106.000000 -84.560302 542.636181
106.000000 -83.228643 541.837186
106.000000 -81.896985 541.158794
106.000000 -80.565327 540.539196
106.000000 -79.233668 539.740201
106.000000 -77.902010 538.941206
106.000000 -76.570352 538.328141
106.000000 -75.238693 537.947739
106.000000 -73.907035 537.681407
106.000000 -72.575377 537.415075
106.000000 -71.243719 536.646231
106.000000 -69.912060 536.064824
106.000000 -68.580402 535.532161
106.000000 -67.248744 535.049749
106.000000 -65.917085 534.783417
106.000000 -64.585427 534.517085
106.000000 -63.253769 534.101508
106.000000 -61.922111 533.684422
106.000000 -60.590452 533.418090
106.000000 -59.258794 533.151759
106.000000 -57.927136 532.670854
106.000000 -56.595477 532.138191
106.000000 -55.263819 531.458291
106.000000 -53.932161 530.659296
106.000000 -52.600503 529.860302
106.000000 -51.268844 528.815075
106.000000 -49.937186 527.749749
106.000000 -48.605528 526.842211
106.000000 -47.273869 526.219095
106.000000 -45.942211 525.153769
106.000000 -44.610553 524.088442
106.000000 -43.278894 523.023116
106.000000 -41.947236 522.178894
106.000000 -40.615578 521.569347
106.000000 -39.283920 520.770352
106.000000 -37.952261 519.971357
106.000000 -36.620603 519.172362
106.000000 -35.288945 518.657789
106.000000 -33.957286 518.391457
106.000000 -32.625628 518.125126
106.000000 -31.293970 517.376382
106.000000 -29.962312 516.577387
106.000000 -28.630653 515.778392
106.000000 -27.298995 514.979397
106.000000 -25.967337 514.200000
106.000000 -24.635678 514.200000
106.000000 -23.304020 514.200000
106.000000 -21.972362 513.883417
106.000000 -20.640704 513.156281
106.000000 -19.309045 512.623618
106.000000 -17.977387 512.090955
106.000000 -16.645729 511.558291
106.000000 -15.314070 511.025628
106.000000 -13.982412 510.485930
106.000000 -12.650754 509.420603
106.000000 -11.319095 509.063819
106.000000 -9.987437 508.797487
106.000000 -8.655779 508.393467
106.000000 -7.324121 507.664824
106.000000 -5.992462 507.398492
106.000000 -4.660804 507.132161
106.000000 -3.329146 507.000000
106.000000 -1.997487 506.698492
106.000000 -0.665829 505.698995
106.000000 0.665829 504.101005
106.000000 1.997487 502.503015
106.000000 3.329146 500.905025
106.000000 4.660804 499.307035
106.000000 5.992462 497.709045
106.000000 7.324121 496.640704
106.000000 8.655779 496.268844
106.000000 9.987437 496.002513
106.000000 11.319095 495.608543
106.000000 12.650754 494.900000
106.000000 13.982412 494.900000
106.000000 15.314070 494.900000
106.000000 16.645729 494.770854
106.000000 17.977387 494.313568
106.000000 19.309045 493.514573
106.000000 20.640704 492.715578
106.000000 21.972362 491.916583
106.000000 23.304020 491.600000
106.000000 24.635678 491.600000
106.000000 25.967337 491.600000
106.000000 27.298995 490.820603
106.000000 28.630653 490.021608
106.000000 29.962312 489.222613
106.000000 31.293970 488.423618
106.000000 32.625628 487.674874
106.000000 33.957286 487.408543
106.000000 35.288945 486.626633
106.000000 36.620603 485.827638
106.000000 37.952261 485.119095
106.000000 39.283920 484.643216
106.000000 40.615578 484.376884
106.000000 41.947236 484.110553
106.000000 43.278894 483.688442
106.000000 44.610553 482.545226
106.000000 45.942211 480.680905
106.000000 47.273869 478.816583
106.000000 48.605528 477.836683
106.000000 49.937186 477.037688
106.000000 51.268844 476.238693
106.000000 52.600503 475.479899
106.000000 53.932161 475.213568
106.000000 55.263819 474.947236
106.000000 56.595477 474.561809
106.000000 57.927136 474.114573
106.000000 59.258794 473.848241
106.000000 60.590452 473.581910
106.000000 61.922111 473.131156
106.000000 63.253769 472.598492
106.000000 64.585427 472.065829
106.000000 65.917085 471.533166
106.000000 67.248744 471.250251
106.000000 68.580402 470.767839
106.000000 69.912060 470.052764
106.000000 71.243719 469.253769
106.000000 72.575377 468.439698
106.000000 73.907035 467.374372
106.000000 75.238693 466.309045
106.000000 76.570352 465.471859
106.000000 77.902010 464.778392
106.000000 79.233668 463.666332
106.000000 80.565327 462.334673
106.000000 81.896985 461.003015
106.000000 83.228643 459.525628
106.000000 84.560302 457.927638
106.000000 85.891960 456.329648
106.000000 87.223618 454.731658
106.000000 88.555276 453.344724
106.000000 89.886935 451.835678
106.000000 91.218593 450.237688
106.000000 92.550251 448.679899
106.000000 93.881910 448.147236
106.000000 95.213568 447.614573
106.000000 96.545226 446.972864
106.000000 97.876884 446.098492
106.000000 99.208543 445.074874
106.000000 100.540201 444.275879
106.000000 101.871859 443.476884
106.000000 103.203518 442.537186
106.000000 104.535176 441.471859
106.000000 105.866834 440.406533
106.000000 107.198492 439.580905
106.000000 108.530151 438.781910
106.000000 109.861809 437.982915
106.000000 111.193467 437.183920
106.000000 112.525126 436.379899
106.000000 113.856784 435.314573
106.000000 115.188442 434.249246
106.000000 116.520101 433.183920
106.000000 117.851759 432.188945
106.000000 119.183417 431.353266
106.000000 120.515075 430.287940
106.000000 121.846734 429.222613
106.000000 123.178392 428.157286
106.000000 124.510050 427.091960
106.000000 125.841709 426.026633
106.000000 127.173367 424.961307
106.000000 128.505025 423.895980
106.000000 129.836683 422.830653
106.000000 131.168342 421.798995
106.000000 132.500000 421.000000
106.000000 132.500000 254.500000
106.000000 132.500000 254.500000
106.000000 131.168342 254.500000
106.000000 129.836683 254.500000
106.000000 128.505025 254.500000
106.000000 127.173367 254.500000
106.000000 125.841709 254.500000
106.000000 124.510050 254.500000
106.000000 123.178392 254.500000
106.000000 121.846734 254.500000
106.000000 120.515075 254.500000
106.000000 119.183417 254.500000
106.000000 117.851759 254.500000
106.000000 116.520101 254.500000
106.000000 115.188442 254.500000
106.000000 113.856784 254.500000
106.000000 112.525126 254.500000
106.000000 111.193467 254.500000
106.000000 109.861809 254.500000
106.000000 108.530151 254.500000
106.000000 107.198492 254.500000
106.000000 105.866834 254.500000
106.000000 104.535176 254.500000
106.000000 103.203518 254.500000
106.000000 101.871859 254.500000
106.000000 100.540201 254.500000
106.000000 99.208543 254.500000
106.000000 97.876884 254.500000
106.000000 96.545226 254.500000
106.000000 95.213568 254.500000
106.000000 93.881910 254.500000
106.000000 92.550251 254.500000
106.000000 91.218593 254.500000
106.000000 89.886935 254.500000
106.000000 88.555276 254.500000
106.000000 87.223618 254.500000
106.000000 85.891960 254.500000
106.000000 84.560302 254.500000
106.000000 83.228643 254.500000
106.000000 81.896985 254.500000
106.000000 80.565327 254.500000
106.000000 79.233668 254.500000
106.000000 77.902010 254.500000
106.000000 76.570352 254.500000
106.000000 75.238693 254.500000
106.000000 73.907035 254.500000
106.000000 72.575377 254.500000
106.000000 71.243719 254.500000
106.000000 69.912060 254.500000
106.000000 68.580402 254.500000
106.000000 67.248744 254.500000
106.000000 65.917085 254.500000
106.000000 64.585427 254.500000
106.000000 63.253769 254.500000
106.000000 61.922111 254.500000
106.000000 60.590452 254.500000
106.000000 59.258794 254.500000
106.000000 57.927136 254.500000
106.000000 56.595477 254.500000
106.000000 55.263819 254.500000
106.000000 53.932161 254.500000
106.000000 52.600503 254.500000
106.000000 51.268844 254.500000
106.000000 49.937186 254.500000
106.000000 48.605528 254.500000
106.000000 47.273869 254.500000
106.000000 45.942211 254.500000
106.000000 44.610553 254.500000
106.000000 43.278894 254.500000
106.000000 41.947236 254.500000
106.000000 40.615578 254.500000
106.000000 39.283920 254.500000
106.000000 37.952261 254.500000
106.000000 36.620603 254.500000
106.000000 35.288945 254.500000
106.000000 33.957286 254.500000
106.000000 32.625628 254.500000
106.000000 31.293970 254.500000
106.000000 29.962312 254.500000
106.000000 28.630653 254.500000
106.000000 27.298995 254.500000
106.000000 25.967337 254.500000
106.000000 24.635678 254.500000
106.000000 23.304020 254.500000
106.000000 21.972362 254.500000
106.000000 20.640704 254.500000
106.000000 19.309045 254.500000
106.000000 17.977387 254.500000
106.000000 16.645729 254.500000
106.000000 15.314070 254.500000
106.000000 13.982412 254.500000
106.000000 12.650754 254.500000
106.000000 11.319095 254.500000
106.000000 9.987437 254.500000
106.000000 8.655779 254.500000
106.000000 7.324121 254.500000
106.000000 5.992462 254.500000
106.000000 4.660804 254.500000
106.000000 3.329146 254.500000
106.000000 1.997487 254.500000
106.000000 0.665829 254.500000
106.000000 -0.665829 254.500000
106.000000 -1.997487 254.500000
106.000000 -3.329146 254.500000
106.000000 -4.660804 254.500000
106.000000 -5.992462 254.500000
106.000000 -7.324121 254.500000
106.000000 -8.655779 254.500000
106.000000 -9.987437 254.500000
106.000000 -11.319095 254.500000
106.000000 -12.650754 254.500000
106.000000 -13.982412 254.500000
106.000000 -15.314070 254.500000
106.000000 -16.645729 254.500000
106.000000 -17.977387 254.500000
106.000000 -19.309045 254.500000
106.000000 -20.640704 254.500000
106.000000 -21.972362 254.500000
106.000000 -23.304020 254.500000
106.000000 -24.635678 254.500000
106.000000 -25.967337 254.500000
106.000000 -27.298995 254.500000
106.000000 -28.630653 254.500000
106.000000 -29.962312 254.500000
106.000000 -31.293970 254.500000
106.000000 -32.625628 254.500000
106.000000 -33.957286 254.500000
106.000000 -35.288945 254.500000
106.000000 -36.620603 254.500000
106.000000 -37.952261 254.500000
106.000000 -39.283920 254.500000
106.000000 -40.615578 254.500000
106.000000 -41.947236 254.500000
106.000000 -43.278894 254.500000
106.000000 -44.610553 254.500000
106.000000 -45.942211 254.500000
106.000000 -47.273869 254.500000
106.000000 -48.605528 254.500000
106.000000 -49.937186 254.500000
106.000000 -51.268844 254.500000
106.000000 -52.600503 254.500000
106.000000 -53.932161 254.500000
106.000000 -55.263819 254.500000
106.000000 -56.595477 254.500000
106.000000 -57.927136 254.500000
106.000000 -59.258794 254.500000
106.000000 -60.590452 254.500000
106.000000 -61.922111 254.500000
106.000000 -63.253769 254.500000
106.000000 -64.585427 254.500000
106.000000 -65.917085 254.500000
106.000000 -67.248744 254.500000
106.000000 -68.580402 254.500000
106.000000 -69.912060 254.500000
106.000000 -71.243719 254.500000
106.000000 -72.575377 254.500000
106.000000 -73.907035 254.500000
106.000000 -75.238693 254.500000
106.000000 -76.570352 254.500000
106.000000 -77.902010 254.500000
106.000000 -79.233668 254.500000
106.000000 -80.565327 254.500000
106.000000 -81.896985 254.500000
106.000000 -83.228643 254.500000
106.000000 -84.560302 254.500000
106.000000 -85.891960 254.500000
106.000000 -87.223618 254.500000
106.000000 -88.555276 254.500000
106.000000 -89.886935 254.500000
106.000000 -91.218593 254.500000
106.000000 -92.550251 254.500000
106.000000 -93.881910 254.500000
106.000000 -95.213568 254.500000
106.000000 -96.545226 254.500000
106.000000 -97.876884 254.500000
106.000000 -99.208543 254.500000
106.000000 -100.540201 254.500000
106.000000 -101.871859 254.500000
106.000000 -103.203518 254.500000
106.000000 -104.535176 254.500000
106.000000 -105.866834 254.500000
106.000000 -107.198492 254.500000
106.000000 -108.530151 254.500000
106.000000 -109.861809 254.500000
106.000000 -111.193467 254.500000
106.000000 -112.525126 254.500000
106.000000 -113.856784 254.500000
106.000000 -115.188442 254.500000
106.000000 -116.520101 254.500000
106.000000 -117.851759 254.500000
106.000000 -119.183417 254.500000
106.000000 -120.515075 254.500000
106.000000 -121.846734 254.500000
106.000000 -123.178392 254.500000
106.000000 -124.510050 254.500000
106.000000 -125.841709 254.500000
106.000000 -127.173367 254.500000
106.000000 -128.505025 254.500000
106.000000 -129.836683 254.500000
106.000000 -131.168342 254.500000
106.000000 -132.500000 254.500000
106.000000 -132.500000 591.200000
119.250000 -132.500000 578.650000
119.250000 -131.168342 577.318342
119.250000 -129.836683 575.986683
119.250000 -128.505025 574.655025
119.250000 -127.173367 573.323367
119.250000 -125.841709 571.991709
119.250000 -124.510050 570.660050
119.250000 -123.178392 569.757035
119.250000 -121.846734 568.958040
119.250000 -120.515075 568.159045
119.250000 -119.183417 567.360050
119.250000 -117.851759 566.561055
119.250000 -116.520101 565.958040
119.250000 -115.188442 565.200754
119.250000 -113.856784 564.135427
119.250000 -112.525126 563.070101
119.250000 -111.193467 562.266080
119.250000 -109.861809 561.467085
119.250000 -108.530151 560.668090
119.250000 -107.198492 559.929397
119.250000 -105.866834 559.396734
119.250000 -104.535176 558.864070
119.250000 -103.203518 558.331407
119.250000 -101.871859 557.673116
119.250000 -100.540201 556.874121
119.250000 -99.208543 556.091709
119.250000 -97.876884 555.825377
119.250000 -96.545226 555.368090
119.250000 -95.213568 554.620854
119.250000 -93.881910 553.555528
119.250000 -92.550251 552.490201
119.250000 -91.218593 552.193719
119.250000 -89.886935 551.927387
119.250000 -88.555276 551.522111
119.250000 -87.223618 550.934171
119.250000 -85.891960 550.135176
119.250000 -84.560302 549.574121
119.250000 -83.228643 549.041457
119.250000 -81.896985 548.629397
119.250000 -80.565327 548.363065
119.250000 -79.233668 548.096734
119.250000 -77.902010 547.830402
119.250000 -76.570352 547.750000
119.250000 -75.238693 547.750000
119.250000 -73.907035 547.750000
119.250000 -72.575377 547.750000
119.250000 -71.243719 547.750000
119.250000 -69.912060 547.750000
119.250000 -68.580402 548.151759
119.250000 -67.248744 548.850251
119.250000 -65.917085 549.116583
119.250000 -64.585427 549.382915
119.250000 -63.253769 549.649246
119.250000 -61.922111 549.800000
119.250000 -60.590452 549.800000
119.250000 -59.258794 549.800000
119.250000 -57.927136 549.800000
119.250000 -56.595477 549.800000
119.250000 -55.263819 549.800000
119.250000 -53.932161 549.800000
119.250000 -52.600503 549.800000
119.250000 -51.268844 549.800000
119.250000 -49.937186 549.637437
119.250000 -48.605528 549.371106
119.250000 -47.273869 549.059548
119.250000 -45.942211 548.526884
119.250000 -44.610553 547.994221
119.250000 -43.278894 547.461558
119.250000 -41.947236 546.928894
119.250000 -40.615578 546.369347
119.250000 -39.283920 545.570352
119.250000 -37.952261 544.771357
119.250000 -36.620603 544.148241
119.250000 -35.288945 543.615578
119.250000 -33.957286 543.082915
119.250000 -32.625628 542.550251
119.250000 -31.293970 542.258794
119.250000 -29.962312 541.992462
119.250000 -28.630653 541.602261
119.250000 -27.298995 541.069598
119.250000 -25.967337 540.536935
119.250000 -24.635678 540.227136
119.250000 -23.304020 539.960804
119.250000 -21.972362 539.800000
119.250000 -20.640704 539.800000
119.250000 -19.309045 539.800000
119.250000 -17.977387 539.800000
119.250000 -16.645729 539.629146
119.250000 -15.314070 539.362814
119.250000 -13.982412 539.150000
119.250000 -12.650754 539.150000
119.250000 -11.319095 538.913819
119.250000 -9.987437 538.800000
119.250000 -8.655779 538.800000
119.250000 -7.324121 538.800000
119.250000 -5.992462 538.800000
119.250000 -4.660804 538.800000
119.250000 -3.329146 538.800000
119.250000 -1.997487 538.699497
119.250000 -0.665829 538.433166
119.250000 0.665829 538.166834
119.250000 1.997487 537.900503
119.250000 3.329146 537.468342
119.250000 4.660804 536.935678
119.250000 5.992462 536.403015
119.250000 7.324121 535.870352
119.250000 8.655779 535.337688
119.250000 9.987437 534.805025
119.250000 11.319095 534.272362
119.250000 12.650754 533.739698
119.250000 13.982412 533.207035
119.250000 15.314070 532.674372
119.250000 16.645729 532.141709
119.250000 17.977387 531.609045
119.250000 19.309045 531.076382
119.250000 20.640704 530.543719
119.250000 21.972362 530.255528
119.250000 23.304020 529.667588
119.250000 24.635678 528.868593
119.250000 25.967337 528.113065
119.250000 27.298995 527.580402
119.250000 28.630653 527.047739
119.250000 29.962312 526.657538
119.250000 31.293970 526.391206
119.250000 32.625628 526.099749
119.250000 33.957286 525.567085
119.250000 35.288945 525.034422
119.250000 36.620603 524.501759
119.250000 37.952261 523.878643
119.250000 39.283920 523.079648
119.250000 40.615578 522.280653
119.250000 41.947236 521.481658
119.250000 43.278894 520.838442
119.250000 44.610553 520.233668
119.250000 45.942211 519.434673
119.250000 47.273869 518.635678
119.250000 48.605528 517.615578
119.250000 49.937186 516.550251
119.250000 51.268844 515.692462
119.250000 52.600503 515.159799
119.250000 53.932161 514.627136
119.250000 55.263819 513.486181
119.250000 56.595477 512.154523
119.250000 57.927136 510.652010
119.250000 59.258794 508.787688
119.250000 60.590452 506.923367
119.250000 61.922111 506.465578
119.250000 63.253769 505.746985
119.250000 64.585427 504.681658
119.250000 65.917085 503.482663
119.250000 67.248744 501.352010
119.250000 68.580402 498.140955
119.250000 69.912060 495.075879
119.250000 71.243719 492.412563
119.250000 72.575377 489.764322
119.250000 73.907035 487.367337
119.250000 75.238693 485.168090
119.250000 76.570352 483.037437
119.250000 77.902010 480.987186
119.250000 79.233668 479.122864
119.250000 80.565327 477.258543
119.250000 81.896985 474.935427
119.250000 83.228643 472.829899
119.250000 84.560302 471.089698
119.250000 85.891960 469.758040
119.250000 87.223618 468.426382
119.250000 88.555276 467.305779
119.250000 89.886935 466.240452
119.250000 91.218593 465.081407
119.250000 92.550251 463.759799
119.250000 93.881910 462.694472
119.250000 95.213568 461.629146
119.250000 96.545226 460.563819
119.250000 97.876884 459.498492
119.250000 99.208543 458.433166
119.250000 100.540201 457.367839
119.250000 101.871859 456.302513
119.250000 103.203518 455.237186
119.250000 104.535176 454.171859
119.250000 105.866834 453.106533
119.250000 107.198492 452.041206
119.250000 108.530151 451.181910
119.250000 109.861809 450.382915
119.250000 111.193467 449.583920
119.250000 112.525126 448.779899
119.250000 113.856784 447.714573
119.250000 115.188442 446.461558
119.250000 116.520101 445.129899
119.250000 117.851759 443.868593
119.250000 119.183417 442.803266
119.250000 120.515075 441.737940
119.250000 121.846734 440.672613
119.250000 123.178392 439.742965
119.250000 124.510050 438.943970
119.250000 125.841709 438.144975
119.250000 127.173367 437.345980
119.250000 128.505025 436.345980
119.250000 129.836683 435.397990
119.250000 131.168342 434.598995
119.250000 132.500000 433.800000
119.250000 132.500000 254.500000
119.250000 132.500000 254.500000
119.250000 131.168342 254.500000
119.250000 129.836683 254.500000
119.250000 128.505025 254.500000
119.250000 127.173367 254.500000
119.250000 125.841709 254.500000
119.250000 124.510050 254.500000
119.250000 123.178392 254.500000
119.250000 121.846734 254.500000
119.250000 120.515075 254.500000
119.250000 119.183417 254.500000
119.250000 117.851759 254.500000
119.250000 116.520101 254.500000
119.250000 115.188442 254.500000
119.250000 113.856784 254.500000
119.250000 112.525126 254.500000
119.250000 111.193467 254.500000
119.250000 109.861809 254.500000
119.250000 108.530151 254.500000
119.250000 107.198492 254.500000
119.250000 105.866834 254.500000
119.250000 104.535176 254.500000
119.250000 103.203518 254.500000
119.250000 101.871859 254.500000
119.250000 100.540201 254.500000
119.250000 99.208543 254.500000
119.250000 97.876884 254.500000
119.250000 96.545226 254.500000
119.250000 95.213568 254.500000
119.250000 93.881910 254.500000
119.250000 92.550251 254.500000
119.250000 91.218593 254.500000
119.250000 89.886935 254.500000
119.250000 88.555276 254.500000
119.250000 87.223618 254.500000
119.250000 85.891960 254.500000
119.250000 84.560302 254.500000
119.250000 83.228643 254.500000
119.250000 81.896985 254.500000
119.250000 80.565327 254.500000
119.250000 79.233668 254.500000
119.250000 77.902010 254.500000
119.250000 76.570352 254.500000
119.250000 75.238693 254.500000
119.250000 73.907035 254.500000
119.250000 72.575377 254.500000
119.250000 71.243719 254.500000
119.250000 69.912060 254.500000
119.250000 68.580402 254.500000
119.250000 67.248744 254.500000
119.250000 65.917085 254.500000
119.250000 64.585427 254.500000
119.250000 63.253769 254.500000
119.250000 61.922111 254.500000
119.250000 60.590452 254.500000
119.250000 59.258794 254.500000
119.250000 57.927136 254.500000
119.250000 56.595477 254.500000
119.250000 55.263819 254.500000
119.250000 53.932161 254.500000
119.250000 52.600503 254.500000
119.250000 51.268844 254.500000
119.250000 49.937186 254.500000
119.250000 48.605528 254.500000
119.250000 47.273869 254.500000
119.250000 45.942211 254.500000
119.250000 44.610553 254.500000
119.250000 43.278894 254.500000
119.250000 41.947236 254.500000
119.250000 40.615578 254.500000
119.250000 39.283920 254.500000
119.250000 37.952261 254.500000
119.250000 36.620603 254.500000
119.250000 35.288945 254.500000
119.250000 33.957286 254.500000
119.250000 32.625628 254.500000
119.250000 31.293970 254.500000
119.250000 29.962312 254.500000
119.250000 28.630653 254.500000
119.250000 27.298995 254.500000
119.250000 25.967337 254.500000
119.250000 24.635678 254.500000
119.250000 23.304020 254.500000
119.250000 21.972362 254.500000
119.250000 20.640704 254.500000
119.250000 19.309045 254.500000
119.250000 17.977387 254.500000
119.250000 16.645729 254.500000
119.250000 15.314070 254.500000
119.250000 13.982412 254.500000
119.250000 12.650754 254.500000
119.250000 11.319095 254.500000
119.250000 9.987437 254.500000
119.250000 8.655779 254.500000
119.250000 7.324121 254.500000
119.250000 5.992462 254.500000
119.250000 4.660804 254.500000
119.250000 3.329146 254.500000
119.250000 1.997487 254.500000
119.250000 0.665829 254.500000
119.250000 -0.665829 254.500000
119.250000 -1.997487 254.500000
119.250000 -3.329146 254.500000
119.250000 -4.660804 254.500000
119.250000 -5.992462 254.500000
119.250000 -7.324121 254.500000
119.250000 -8.655779 254.500000
119.250000 -9.987437 254.500000
119.250000 -11.319095 254.500000
119.250000 -12.650754 254.500000
119.250000 -13.982412 254.500000
119.250000 -15.314070 254.500000
119.250000 -16.645729 254.500000
119.250000 -17.977387 254.500000
119.250000 -19.309045 254.500000
119.250000 -20.640704 254.500000
119.250000 -21.972362 254.500000
119.250000 -23.304020 254.500000
119.250000 -24.635678 254.500000
119.250000 -25.967337 254.500000
119.250000 -27.298995 254.500000
119.250000 -28.630653 254.500000
119.250000 -29.962312 254.500000
119.250000 -31.293970 254.500000
119.250000 -32.625628 254.500000
119.250000 -33.957286 254.500000
119.250000 -35.288945 254.500000
119.250000 -36.620603 254.500000
119.250000 -37.952261 254.500000
119.250000 -39.283920 254.500000
119.250000 -40.615578 254.500000
119.250000 -41.947236 254.500000
119.250000 -43.278894 254.500000
119.250000 -44.610553 254.500000
119.250000 -45.942211 254.500000
119.250000 -47.273869 254.500000
119.250000 -48.605528 254.500000
119.250000 -49.937186 254.500000
119.250000 -51.268844 254.500000
119.250000 -52.600503 254.500000
119.250000 -53.932161 254.500000
119.250000 -55.263819 254.500000
119.250000 -56.595477 254.500000
119.250000 -57.927136 254.500000
119.250000 -59.258794 254.500000
119.250000 -60.590452 254.500000
119.250000 -61.922111 254.500000
119.250000 -63.253769 254.500000
119.250000 -64.585427 254.500000
119.250000 -65.917085 254.500000
119.250000 -67.248744 254.500000
119.250000 -68.580402 254.500000
119.250000 -69.912060 254.500000
119.250000 -71.243719 254.500000
119.250000 -72.575377 254.500000
119.250000 -73.907035 254.500000
119.250000 -75.238693 254.500000
119.250000 -76.570352 254.500000
119.250000 -77.902010 254.500000
119.250000 -79.233668 254.500000
119.250000 -80.565327 254.500000
119.250000 -81.896985 254.500000
119.250000 -83.228643 254.500000
119.250000 -84.560302 254.500000
119.250000 -85.891960 254.500000
119.250000 -87.223618 254.500000
119.250000 -88.555276 254.500000
119.250000 -89.886935 254.500000
119.250000 -91.218593 254.500000
119.250000 -92.550251 254.500000
119.250000 -93.881910 254.500000
119.250000 -95.213568 254.500000
119.250000 -96.545226 254.500000
119.250000 -97.876884 254.500000
119.250000 -99.208543 254.500000
119.250000 -100.540201 254.500000
119.250000 -101.871859 254.500000
119.250000 -103.203518 254.500000
119.250000 -104.535176 254.500000
119.250000 -105.866834 254.500000
119.250000 -107.198492 254.500000
119.250000 -108.530151 254.500000
119.250000 -109.861809 254.500000
119.250000 -111.193467 254.500000
119.250000 -112.525126 254.500000
119.250000 -113.856784 254.500000
119.250000 -115.188442 254.500000
119.250000 -116.520101 254.500000
119.250000 -117.851759 254.500000
119.250000 -119.183417 254.500000
119.250000 -120.515075 254.500000
119.250000 -121.846734 254.500000
119.250000 -123.178392 254.500000
119.250000 -124.510050 254.500000
119.250000 -125.841709 254.500000
119.250000 -127.173367 254.500000
119.250000 -128.505025 254.500000
119.250000 -129.836683 254.500000
119.250000 -131.168342 254.500000
119.250000 -132.500000 254.500000
119.250000 -132.500000 578.650000
132.500000 -132.500000 580.000000
132.500000 -131.168342 580.000000
132.500000 -129.836683 580.000000
132.500000 -128.505025 580.000000
132.500000 -127.173367 579.869347
132.500000 -125.841709 579.336683
132.500000 -124.510050 578.804020
132.500000 -123.178392 578.271357
132.500000 -121.846734 577.738693
132.500000 -120.515075 577.206030
132.500000 -119.183417 576.673367
132.500000 -117.851759 576.140704
132.500000 -116.520101 576.000000
132.500000 -115.188442 576.000000
132.500000 -113.856784 576.000000
132.500000 -112.525126 576.000000
132.500000 -111.193467 576.261307
132.500000 -109.861809 576.527638
132.500000 -108.530151 576.793970
132.500000 -107.198492 577.060302
132.500000 -105.866834 577.326633
132.500000 -104.535176 577.592965
132.500000 -103.203518 577.859296
132.500000 -101.871859 577.748744
132.500000 -100.540201 577.216080
132.500000 -99.208543 576.683417
132.500000 -97.876884 576.150754
132.500000 -96.545226 575.427136
132.500000 -95.213568 574.628141
132.500000 -93.881910 573.829146
132.500000 -92.550251 573.030151
132.500000 -91.218593 573.512563
132.500000 -89.886935 574.045226
132.500000 -88.555276 574.577889
132.500000 -87.223618 574.944724
132.500000 -85.891960 574.678392
132.500000 -84.560302 574.412060
132.500000 -83.228643 574.145729
132.500000 -81.896985 574.000000
132.500000 -80.565327 574.000000
132.500000 -79.233668 574.000000
132.500000 -77.902010 574.000000
132.500000 -76.570352 574.000000
132.500000 -75.238693 574.000000
132.500000 -73.907035 574.000000
132.500000 -72.575377 574.000000
132.500000 -71.243719 574.000000
132.500000 -69.912060 574.000000
132.500000 -68.580402 574.000000
132.500000 -67.248744 573.899497
132.500000 -65.917085 573.366834
132.500000 -64.585427 572.834171
132.500000 -63.253769 572.301508
132.500000 -61.922111 571.768844
132.500000 -60.590452 571.236181
132.500000 -59.258794 570.703518
132.500000 -57.927136 570.170854
132.500000 -56.595477 569.819095
132.500000 -55.263819 569.552764
132.500000 -53.932161 569.286432
132.500000 -52.600503 569.020101
132.500000 -51.268844 569.000000
132.500000 -49.937186 569.000000
132.500000 -48.605528 569.000000
132.500000 -47.273869 568.954774
132.500000 -45.942211 568.688442
132.500000 -44.610553 568.422111
132.500000 -43.278894 568.155779
132.500000 -41.947236 567.778894
132.500000 -40.615578 567.246231
132.500000 -39.283920 566.713568
132.500000 -37.952261 566.180905
132.500000 -36.620603 565.472362
132.500000 -35.288945 564.673367
132.500000 -33.957286 563.874372
132.500000 -32.625628 563.075377
132.500000 -31.293970 562.758794
132.500000 -29.962312 562.492462
132.500000 -28.630653 562.226131
132.500000 -27.298995 561.959799
132.500000 -25.967337 561.693467
132.500000 -24.635678 561.427136
132.500000 -23.304020 561.160804
132.500000 -21.972362 560.894472
132.500000 -20.640704 560.628141
132.500000 -19.309045 560.361809
132.500000 -17.977387 560.095477
132.500000 -16.645729 560.000000
132.500000 -15.314070 560.000000
132.500000 -13.982412 560.000000
132.500000 -12.650754 560.000000
132.500000 -11.319095 560.000000
132.500000 -9.987437 560.000000
132.500000 -8.655779 560.000000
132.500000 -7.324121 560.000000
132.500000 -5.992462 560.000000
132.500000 -4.660804 560.000000
132.500000 -3.329146 560.000000
132.500000 -1.997487 559.798995
132.500000 -0.665829 559.266332
132.500000 0.665829 558.733668
132.500000 1.997487 558.201005
132.500000 3.329146 557.668342
132.500000 4.660804 557.135678
132.500000 5.992462 556.603015
132.500000 7.324121 556.070352
132.500000 8.655779 555.537688
132.500000 9.987437 555.005025
132.500000 11.319095 554.472362
132.500000 12.650754 553.939698
132.500000 13.982412 553.407035
132.500000 15.314070 552.874372
132.500000 16.645729 552.341709
132.500000 17.977387 551.904523
132.500000 19.309045 551.638191
132.500000 20.640704 551.371859
132.500000 21.972362 551.105528
132.500000 23.304020 550.678392
132.500000 24.635678 550.145729
132.500000 25.967337 549.613065
132.500000 27.298995 549.080402
132.500000 28.630653 548.321608
132.500000 29.962312 547.522613
132.500000 31.293970 546.723618
132.500000 32.625628 545.949749
132.500000 33.957286 545.417085
132.500000 35.288945 544.884422
132.500000 36.620603 544.351759
132.500000 37.952261 543.728643
132.500000 39.283920 542.929648
132.500000 40.615578 542.130653
132.500000 41.947236 541.331658
132.500000 43.278894 540.688442
132.500000 44.610553 540.155779
132.500000 45.942211 539.623116
132.500000 47.273869 539.090452
132.500000 48.605528 538.557789
132.500000 49.937186 538.025126
132.500000 51.268844 537.492462
132.500000 52.600503 536.979899
132.500000 53.932161 536.713568
132.500000 55.263819 536.447236
132.500000 56.595477 536.180905
132.500000 57.927136 535.914573
132.500000 59.258794 535.648241
132.500000 60.590452 535.381910
132.500000 61.922111 535.115578
132.500000 63.253769 534.547739
132.500000 64.585427 533.748744
132.500000 65.917085 532.949749
132.500000 67.248744 532.150754
132.500000 68.580402 531.135678
132.500000 69.912060 530.070352
132.500000 71.243719 529.005025
132.500000 72.575377 527.924623
132.500000 73.907035 526.592965
132.500000 75.238693 525.261307
132.500000 76.570352 523.929648
132.500000 77.902010 522.758794
132.500000 79.233668 521.959799
132.500000 80.565327 521.160804
132.500000 81.896985 520.361809
132.500000 83.228643 518.834171
132.500000 84.560302 516.703518
132.500000 85.891960 514.572864
132.500000 87.223618 512.442211
132.500000 88.555276 508.834171
132.500000 89.886935 504.839196
132.500000 91.218593 500.844221
132.500000 92.550251 496.909548
132.500000 93.881910 494.512563
132.500000 95.213568 492.115578
132.500000 96.545226 489.718593
132.500000 97.876884 487.321608
132.500000 99.208543 484.924623
132.500000 100.540201 482.527638
132.500000 101.871859 480.130653
132.500000 103.203518 478.437186
132.500000 104.535176 477.371859
132.500000 105.866834 476.306533
132.500000 107.198492 475.241206
132.500000 108.530151 473.969849
132.500000 109.861809 472.638191
132.500000 111.193467 471.306533
132.500000 112.525126 469.984925
132.500000 113.856784 469.185930
132.500000 115.188442 468.386935
132.500000 116.520101 467.587940
132.500000 117.851759 466.788945
132.500000 119.183417 465.989950
132.500000 120.515075 465.190955
132.500000 121.846734 464.391960
132.500000 123.178392 463.457286
132.500000 124.510050 462.391960
132.500000 125.841709 461.326633
132.500000 127.173367 460.261307
132.500000 128.505025 458.994975
132.500000 129.836683 457.663317
132.500000 131.168342 456.331658
132.500000 132.500000 455.000000
132.500000 132.500000 254.500000
132.500000 132.500000 254.500000
132.500000 131.168342 254.500000
132.500000 129.836683 254.500000
132.500000 128.505025 254.500000
132.500000 127.173367 254.500000
132.500000 125.841709 254.500000
132.500000 124.510050 254.500000
132.500000 123.178392 254.500000
132.500000 121.846734 254.500000
132.500000 120.515075 254.500000
132.500000 119.183417 254.500000
132.500000 117.851759 254.500000
132.500000 116.520101 254.500000
132.500000 115.188442 254.500000
132.500000 113.856784 254.500000
132.500000 112.525126 254.500000
132.500000 111.193467 254.500000
132.500000 109.861809 254.500000
132.500000 108.530151 254.500000
132.500000 107.198492 254.500000
132.500000 105.866834 254.500000
132.500000 104.535176 254.500000
132.500000 103.203518 254.500000
132.500000 101.871859 254.500000
132.500000 100.540201 254.500000
132.500000 99.208543 254.500000
132.500000 97.876884 254.500000
132.500000 96.545226 254.500000
132.500000 95.213568 254.500000
132.500000 93.881910 254.500000
132.500000 92.550251 254.500000
132.500000 91.218593 254.500000
132.500000 89.886935 254.500000
132.500000 88.555276 254.500000
132.500000 87.223618 254.500000
132.500000 85.891960 254.500000
132.500000 84.560302 254.500000
132.500000 83.228643 254.500000
132.500000 81.896985 254.500000
132.500000 80.565327 254.500000
132.500000 79.233668 254.500000
132.500000 77.902010 254.500000
132.500000 76.570352 254.500000
132.500000 75.238693 254.500000
132.500000 73.907035 254.500000
132.500000 72.575377 254.500000
132.500000 71.243719 254.500000
132.500000 69.912060 254.500000
132.500000 68.580402 254.500000
132.500000 67.248744 254.500000
132.500000 65.917085 254.500000
132.500000 64.585427 254.500000
132.500000 63.253769 254.500000
132.500000 61.922111 254.500000
132.500000 60.590452 254.500000
132.500000 59.258794 254.500000
132.500000 57.927136 254.500000
132.500000 56.595477 254.500000
132.500000 55.263819 254.500000
132.500000 53.932161 254.500000
132.500000 52.600503 254.500000
132.500000 51.268844 254.500000
132.500000 49.937186 254.500000
132.500000 48.605528 254.500000
132.500000 47.273869 254.500000
132.500000 45.942211 254.500000
132.500000 44.610553 254.500000
132.500000 43.278894 254.500000
132.500000 41.947236 254.500000
132.500000 40.615578 254.500000
132.500000 39.283920 254.500000
132.500000 37.952261 254.500000
132.500000 36.620603 254.500000
132.500000 35.288945 254.500000
132.500000 33.957286 254.500000
132.500000 32.625628 254.500000
132.500000 31.293970 254.500000
132.500000 29.962312 254.500000
132.500000 28.630653 254.500000
132.500000 27.298995 254.500000
132.500000 25.967337 254.500000
132.500000 24.635678 254.500000
132.500000 23.304020 254.500000
132.500000 21.972362 254.500000
132.500000 20.640704 254.500000
132.500000 19.309045 254.500000
132.500000 17.977387 254.500000
132.500000 16.645729 254.500000
132.500000 15.314070 254.500000
132.500000 13.982412 254.500000
132.500000 12.650754 254.500000
132.500000 11.319095 254.500000
132.500000 9.987437 254.500000
132.500000 8.655779 254.500000
132.500000 7.324121 254.500000
132.500000 5.992462 254.500000
132.500000 4.660804 254.500000
132.500000 3.329146 254.500000
132.500000 1.997487 254.500000
132.500000 0.665829 254.500000
132.500000 -0.665829 254.500000
132.500000 -1.997487 254.500000
132.500000 -3.329146 254.500000
132.500000 -4.660804 254.500000
132.500000 -5.992462 254.500000
132.500000 -7.324121 254.500000
132.500000 -8.655779 254.500000
132.500000 -9.987437 254.500000
132.500000 -11.319095 254.500000
132.500000 -12.650754 254.500000
132.500000 -13.982412 254.500000
132.500000 -15.314070 254.500000
132.500000 -16.645729 254.500000
132.500000 -17.977387 254.500000
132.500000 -19.309045 254.500000
132.500000 -20.640704 254.500000
132.500000 -21.972362 254.500000
132.500000 -23.304020 254.500000
132.500000 -24.635678 254.500000
132.500000 -25.967337 254.500000
132.500000 -27.298995 254.500000
132.500000 -28.630653 254.500000
132.500000 -29.962312 254.500000
132.500000 -31.293970 254.500000
132.500000 -32.625628 254.500000
132.500000 -33.957286 254.500000
132.500000 -35.288945 254.500000
132.500000 -36.620603 254.500000
132.500000 -37.952261 254.500000
132.500000 -39.283920 254.500000
132.500000 -40.615578 254.500000
132.500000 -41.947236 254.500000
132.500000 -43.278894 254.500000
132.500000 -44.610553 254.500000
132.500000 -45.942211 254.500000
132.500000 -47.273869 254.500000
132.500000 -48.605528 254.500000
132.500000 -49.937186 254.500000
132.500000 -51.268844 254.500000
132.500000 -52.600503 254.500000
132.500000 -53.932161 254.500000
132.500000 -55.263819 254.500000
132.500000 -56.595477 254.500000
132.500000 -57.927136 254.500000
132.500000 -59.258794 254.500000
132.500000 -60.590452 254.500000
132.500000 -61.922111 254.500000
132.500000 -63.253769 254.500000
132.500000 -64.585427 254.500000
132.500000 -65.917085 254.500000
132.500000 -67.248744 254.500000
132.500000 -68.580402 254.500000
132.500000 -69.912060 254.500000
132.500000 -71.243719 254.500000
132.500000 -72.575377 254.500000
132.500000 -73.907035 254.500000
132.500000 -75.238693 254.500000
132.500000 -76.570352 254.500000
132.500000 -77.902010 254.500000
132.500000 -79.233668 254.500000
132.500000 -80.565327 254.500000
132.500000 -81.896985 254.500000
132.500000 -83.228643 254.500000
132.500000 -84.560302 254.500000
132.500000 -85.891960 254.500000
132.500000 -87.223618 254.500000
132.500000 -88.555276 254.500000
132.500000 -89.886935 254.500000
132.500000 -91.218593 254.500000
132.500000 -92.550251 254.500000
132.500000 -93.881910 254.500000
132.500000 -95.213568 254.500000
132.500000 -96.545226 254.500000
132.500000 -97.876884 254.500000
132.500000 -99.208543 254.500000
132.500000 -100.540201 254.500000
132.500000 -101.871859 254.500000
132.500000 -103.203518 254.500000
132.500000 -104.535176 254.500000
132.500000 -105.866834 254.500000
132.500000 -107.198492 254.500000
132.500000 -108.530151 254.500000
132.500000 -109.861809 254.500000
132.500000 -111.193467 254.500000
132.500000 -112.525126 254.500000
132.500000 -113.856784 254.500000
132.500000 -115.188442 254.500000
132.500000 -116.520101 254.500000
132.500000 -117.851759 254.500000
132.500000 -119.183417 254.500000
132.500000 -120.515075 254.500000
132.500000 -121.846734 254.500000
132.500000 -123.178392 254.500000
132.500000 -124.510050 254.500000
132.500000 -125.841709 254.500000
132.500000 -127.173367 254.500000
132.500000 -128.505025 254.500000
132.500000 -129.836683 254.500000
132.500000 -131.168342 254.500000
132.500000 -132.500000 254.500000
132.500000 -132.500000 580.000000
LINES 21 8463
402 0 1 2 3 4 5 6 7 8 9 10 11 12 13 14 15 16 17 18 19 20 21 22 23 24 25 26 27 28 29 30 31 32 33 34 35 36 37 38 39 40 41 42 43 44 45 46 47 48 49 50 51 52 53 54 55 56 57 58 59 60 61 62 63 64 65 66 67 68 69 70 71 72 73 74 75 76 77 78 79 80 81 82 83 84 85 86 87 88 89 90 91 92 93 94 95 96 97 98 99 100 101 102 103 104 105 106 107 108 109 110 111 112 113 114 115 116 117 118 119 120 121 122 123 124 125 126 127 128 129 130 131 132 133 134 135 136 137 138 139 140 141 142 143 144 145 146 147 148 149 150 151 152 153 154 155 156 157 158 159 160 161 162 163 164 165 166 167 168 169 170 171 172 173 174 175 176 177 178 179 180 181 182 183 184 185 186 187 188 189 190 191 192 193 194 195 196 197 198 199 200 201 202 203 204 205 206 207 208 209 210 211 212 213 214 215 216 217 218 219 220 221 222 223 224 225 226 227 228 229 230 231 232 233 234 235 236 237 238 239 240 241 242 243 244 245 246 247 248 249 250 251 252 253 254 255 256 257 258 259 260 261 262 263 264 265 266 267 268 269 270 271 272 273 274 275 276 277 278 279 280 281 282 283 284 285 286 287 288 289 290 291 292 293 294 295 296 297 298 299 300 301 302 303 304 305 306 307 308 309 310 311 312 313 314 315 316 317 318 319 320 321 322 323 324 325 326 327 328 329 330 331 332 333 334 335 336 337 338 339 340 341 342 343 344 345 346 347 348 349 350 351 352 353 354 355 356 357 358 359 360 361 362 363 364 365 366 367 368 369 370 371 372 373 374 375 376 377 378 379 380 381 382 383 384 385 386 387 388 389 390 391 392 393 394 395 396 397 398 399 400 401
402 402 403 404 405 406 407 408 409 410 411 412 413 414 415 416 417 418 419 420 421 422 423 424 425 426 427 428 429 430 431 432 433 434 435 436 437 438 439 440 441 442 443 444 445 446 447 448 449 450 451 452 453 454 455 456 457 458 459 460 461 462 463 464 465 466 467 468 469 470 471 472 473 474 475 476 477 478 479 480 481 482 483 484 485 486 487 488 489 490 491 492 493 494 495 496 497 498 499 500 501 502 503 504 505 506 507 508 509 510 511 512 513 514 515 516 517 518 519 520 521 522 523 524 525 526 527 528 529 530 531 532 533 534 535 536 537 538 539 540 541 542 543 544 545 546 547 548 549 550 551 552 553 554 555 556 557 558 559 560 561 562 563 564 565 566 567 568 569 570 571 572 573 574 575 576 577 578 579 580 581 582 583 584 585 586 587 588 589 590 591 592 593 594 595 596 597 598 599 600 601 602 603 604 605 606 607 608 609 610 611 612 613 614 615 616 617 618 619 620 621 622 623 624 625 626 627 628 629 630 631 632 633 634 635 636 637 638 639 640 641 642 643 644 645 646 647 648 649 650 651 652 653 654 655 656 657 658 659 660 661 662 663 664 665 666 667 668 669 670 671 672 673 674 675 676 677 678 679 680 681 682 683 684 685 686 687 688 689 690 691 692 693 694 695 696 697 698 699 700 701 702 703 704 705 706 707 708 709 710 711 712 713 714 715 716 717 718 719 720 721 722 723 724 725 726 727 728 729 730 731 732 733 734 735 736 737 738 739 740 741 742 743 744 745 746 747 748 749 750 751 752 753 754 755 756 757 758 759 760 761 762 763 764 765 766 767 768 769 770 771 772 773 774 775 776 777 778 779 780 781 782 783 784 785 786 787 788 789 790 791 792 793 794 795 796 797 798 799 800 801 802 803
402 804 805 806 807 808 809 810 811 812 813 814 815 816 817 818 819 820 821 822 823 824 825 826 827 828 829 830 831 832 833 834 835 836 837 838 839 840 841 842 843 844 845 846 847 848 849 850 851 852 853 854 855 856 857 858 859 860 861 862 863 864 865 866 867 868 869 870 871 872 873 874 875 876 877 878 879 880 881 882 883 884 885 886 887 888 889 890 891 892 893 894 895 896 897 898 899 900 901 902 903 904 905 906 907 908 909 910 911 912 913 914 915 916 917 918 919 920 921 922 923 924 925 926 927 928 929 930 931 932 933 934 935 936 937 938 939 940 941 942 943 944 945 946 947 948 949 950 951 952 953 954 955 956 957 958 959 960 961 962 963 964 965 966 967 968 969 970 971 972 973 974 975 976 977 978 979 980 981 982 983 984 985 986 987 988 989 990 991 992 993 994 995 996 997 998 999 1000 1001 1002 1003 1004 1005 1006 1007 1008 1009 1010 1011 1012 1013 1014 1015 1016 1017 1018 1019 1020 1021 1022 1023 1024 1025 1026 1027 1028 1029 1030 1031 1032 1033 1034 1035 1036 1037 1038 1039 1040 1041 1042 1043 1044 1045 1046 1047 1048 1049 1050 1051 1052 1053 1054 1055 1056 1057 1058 1059 1060 1061 1062 1063 1064 1065 1066 1067 1068 1069 1070 1071 1072 1073 1074 1075 1076 1077 1078 1079 1080 1081 1082 1083 1084 1085 1086 1087 1088 1089 1090 1091 1092 1093 1094 1095 1096 1097 1098 1099 1100 1101 1102 1103 1104 1105 1106 1107 1108 1109 1110 1111 1112 1113 1114 1115 1116 1117 1118 1119 1120 1121 1122 1123 1124 1125 1126 1127 1128 1129 1130 1131 1132 1133 1134 1135 1136 1137 1138 1139 1140 1141 1142 1143 1144 1145 1146 1147 1148 1149 1150 1151 1152 1153 1154 1155 1156 1157 1158 1159 1160 1161 1162 1163 1164 1165 1166 1167 1168 1169 1170 1171 1172 1173 1174 1175 1176 1177 1178 1179 1180 1181 1182 1183 1184 1185 1186 1187 1188 1189 1190 1191 1192 1193 1194 1195 1196 1197 1198 1199 1200 1201 1202 1203 1204 1205
402 1206 1207 1208 1209 1210 1211 1212 1213 1214 1215 1216 1217 1218 1219 1220 1221 1222 1223 1224 1225 1226 1227 1228 1229 1230 1231 1232 1233 1234 1235 1236 1237 1238 1239 1240 1241 1242 1243 1244 1245 1246 1247 1248 1249 1250 1251 1252 1253 1254 1255 1256 1257 1258 1259 1260 1261 1262 1263 1264 1265 1266 1267 1268 1269 1270 1271 1272 1273 1274 1275 1276 1277 1278 1279 1280 1281 1282 1283 1284 1285 1286 1287 1288 1289 1290 1291 1292 1293 1294 1295 1296 1297 1298 1299 1300 1301 1302 1303 1304 1305 1306 1307 1308 1309 1310 1311 1312 1313 1314 1315 1316 1317 1318 1319 1320 1321 1322 1323 1324 1325 1326 1327 1328 1329 1330 1331 1332 1333 1334 1335 1336 1337 1338 1339 1340 1341 1342 1343 1344 1345 1346 1347 1348 1349 1350 1351 1352 1353 1354 1355 1356 1357 1358 1359 1360 1361 1362 1363 1364 1365 1366 1367 1368 1369 1370 1371 1372 1373 1374 1375 1376 1377 1378 1379 1380 1381 1382 1383 1384 1385 1386 1387 1388 1389 1390 1391 1392 1393 1394 1395 1396 1397 1398 1399 1400 1401 1402 1403 1404 1405 1406 1407 1408 1409 1410 1411 1412 1413 1414 1415 1416 1417 1418 1419 1420 1421 1422 1423 1424 1425 1426 1427 1428 1429 1430 1431 1432 1433 1434 1435 1436 1437 1438 1439 1440 1441 1442 1443 1444 1445 1446 1447 1448 1449 1450 1451 1452 1453 1454 1455 1456 1457 1458 1459 1460 1461 1462 1463 1464 1465 1466 1467 1468 1469 1470 1471 1472 1473 1474 1475 1476 1477 1478 1479 1480 1481 1482 1483 1484 1485 1486 1487 1488 1489 1490 1491 1492 1493 1494 1495 1496 1497 1498 1499 1500 1501 1502 1503 1504 1505 1506 1507 1508 1509 1510 1511 1512 1513 1514 1515 1516 1517 1518 1519 1520 1521 1522 1523 1524 1525 1526 1527 1528 1529 1530 1531 1532 1533 1534 1535 1536 1537 1538 1539 1540 1541 1542 1543 1544 1545 1546 1547 1548 1549 1550 1551 1552 1553 1554 1555 1556 1557 1558 1559 1560 1561 1562 1563 1564 1565 1566 1567 1568 1569 1570 1571 1572 1573 1574 1575 1576 1577 1578 1579 1580 1581 1582 1583 1584 1585 1586 1587 1588 1589 1590 1591 1592 1593 1594 1595 1596 1597 1598 1599 1600 1601 1602 1603 1604 1605 1606 1607
402 1608 1609 1610 1611 1612 1613 1614 1615 1616 1617 1618 1619 1620 1621 1622 1623 1624 1625 1626 1627 1628 1629 1630 1631 1632 1633 1634 1635 1636 1637 1638 1639 1640 1641 1642 1643 1644 1645 1646 1647 1648 1649 1650 1651 1652 1653 1654 1655 1656 1657 1658 1659 1660 1661 1662 1663 1664 1665 1666 1667 1668 1669 1670 1671 1672 1673 1674 1675 1676 1677 1678 1679 1680 1681 1682 1683 1684 1685 1686 1687 1688 1689 1690 1691 1692 1693 1694 1695 1696 1697 1698 1699 1700 1701 1702 1703 1704 1705 1706 1707 1708 1709 1710 1711 1712 1713 1714 1715 1716 1717 1718 1719 1720 1721 1722 1723 1724 1725 1726 1727 1728 1729 1730 1731 1732 1733 1734 1735 1736 1737 1738 1739 1740 1741 1742 1743 1744 1745 1746 1747 1748 1749 1750 1751 1752 1753 1754 1755 1756 1757 1758 1759 1760 1761 1762 1763 1764 1765 1766 1767 1768 1769 1770 1771 1772 1773 1774 1775 1776 1777 1778 1779 1780 1781 1782 1783 1784 1785 1786 1787 1788 1789 1790 1791 1792 1793 1794 1795 1796 1797 1798 1799 1800 1801 1802 1803 1804 1805 1806 1807 1808 1809 1810 1811 1812 1813 1814 1815 1816 1817 1818 1819 1820 1821 1822 1823 1824 1825 1826 1827 1828 1829 1830 1831 1832 1833 1834 1835 1836 1837 1838 1839 1840 1841 1842 1843 1844 1845 1846 1847 1848 1849 1850 1851 1852 1853 1854 1855 1856 1857 1858 1859 1860 1861 1862 1863 1864 1865 1866 1867 1868 1869 1870 1871 1872 1873 1874 1875 1876 1877 1878 1879 1880 1881 1882 1883 1884 1885 1886 1887 1888 1889 1890 1891 1892 1893 1894 1895 1896 1897 1898 1899 1900 1901 1902 1903 1904 1905 1906 1907 1908 1909 1910 1911 1912 1913 1914 1915 1916 1917 1918 1919 1920 1921 1922 1923 1924 1925 1926 1927 1928 1929 1930 1931 1932 1933 1934 1935 1936 1937 1938 1939 1940 1941 1942 1943 1944 1945 1946 1947 1948 1949 1950 1951 1952 1953 1954 1955 1956 1957 1958 1959 1960 1961 1962 1963 1964 1965 1966 1967 1968 1969 1970 1971 1972 1973 1974 1975 1976 1977 1978 1979 1980 1981 1982 1983 1984 1985 1986 1987 1988 1989 1990 1991 1992 1993 1994 1995 1996 1997 1998 1999 2000 2001 2002 2003 2004 2005 2006 2007 2008 2009
402 2010 2011 2012 2013 2014 2015 2016 2017 2018 2019 2020 2021 2022 2023 2024 2025 2026 2027 2028 2029 2030 2031 2032 2033 2034 2035 2036 2037 2038 2039 2040 2041 2042 2043 2044 2045 2046 2047 2048 2049 2050 2051 2052 2053 2054 2055 2056 2057 2058 2059 2060 2061 2062 2063 2064 2065 2066 2067 2068 2069 2070 2071 2072 2073 2074 2075 2076 2077 2078 2079 2080 2081 2082 2083 2084 2085 2086 2087 2088 2089 2090 2091 2092 2093 2094 2095 2096 2097 2098 2099 2100 2101 2102 2103 2104 2105 2106 2107 2108 2109 2110 2111 2112 2113 2114 2115 2116 2117 2118 2119 2120 2121 2122 2123 2124 2125 2126 2127 2128 2129 2130 2131 2132 2133 2134 2135 2136 2137 2138 2139 2140 2141 2142 2143 2144 2145 2146 2147 2148 2149 2150 2151 2152 2153 2154 2155 2156 2157 2158 2159 2160 2161 2162 2163 2164 2165 2166 2167 2168 2169 2170 2171 2172 2173 2174 2175 2176 2177 2178 2179 2180 2181 2182 2183 2184 2185 2186 2187 2188 2189 2190 2191 2192 2193 2194 2195 2196 2197 2198 2199 2200 2201 2202 2203 2204 2205 2206 2207 2208 2209 2210 2211 2212 2213 2214 2215 2216 2217 2218 2219 2220 2221 2222 2223 2224 2225 2226 2227 2228 2229 2230 2231 2232 2233 2234 2235 2236 2237 2238 2239 2240 2241 2242 2243 2244 2245 2246 2247 2248 2249 2250 2251 2252 2253 2254 2255 2256 2257 2258 2259 2260 2261 2262 2263 2264 2265 2266 2267 2268 2269 2270 2271 2272 2273 2274 2275 2276 2277 2278 2279 2280 2281 2282 2283 2284 2285 2286 2287 2288 2289 2290 2291 2292 2293 2294 2295 2296 2297 2298 2299 2300 2301 2302 2303 2304 2305 2306 2307 2308 2309 2310 2311 2312 2313 2314 2315 2316 2317 2318 2319 2320 2321 2322 2323 2324 2325 2326 2327 2328 2329 2330 2331 2332 2333 2334 2335 2336 2337 2338 2339 2340 2341 2342 2343 2344 2345 2346 2347 2348 2349 2350 2351 2352 2353 2354 2355 2356 2357 2358 2359 2360 2361 2362 2363 2364 2365 2366 2367 2368 2369 2370 2371 2372 2373 2374 2375 2376 2377 2378 2379 2380 2381 2382 2383 2384 2385 2386 2387 2388 2389 2390 2391 2392 2393 2394 2395 2396 2397 2398 2399 2400 2401 2402 2403 2404 2405 2406 2407 2408 2409 2410 2411
402 2412 2413 2414 2415 2416 2417 2418 2419 2420 2421 2422 2423 2424 2425 2426 2427 2428 2429 2430 2431 2432 2433 2434 2435 2436 2437 2438 2439 2440 2441 2442 2443 2444 2445 2446 2447 2448 2449 2450 2451 2452 2453 2454 2455 2456 2457 2458 2459 2460 2461 2462 2463 2464 2465 2466 2467 2468 2469 2470 2471 2472 2473 2474 2475 2476 2477 2478 2479 2480 2481 2482 2483 2484 2485 2486 2487 2488 2489 2490 2491 2492 2493 2494 2495 2496 2497 2498 2499 2500 2501 2502 2503 2504 2505 2506 2507 2508 2509 2510 2511 2512 2513 2514 2515 2516 2517 2518 2519 2520 2521 2522 2523 2524 2525 2526 2527 2528 2529 2530 2531 2532 2533 2534 2535 2536 2537 2538 2539 2540 2541 2542 2543 2544 2545 2546 2547 2548 2549 2550 2551 2552 2553 2554 2555 2556 2557 2558 2559 2560 2561 2562 2563 2564 2565 2566 2567 2568 2569 2570 2571 2572 2573 2574 2575 2576 2577 2578 2579 2580 2581 2582 2583 2584 2585 2586 2587 2588 2589 2590 2591 2592 2593 2594 2595 2596 2597 2598 2599 2600 2601 2602 2603 2604 2605 2606 2607 2608 2609 2610 2611 2612 2613 2614 2615 2616 2617 2618 2619 2620 2621 2622 2623 2624 2625 2626 2627 2628 2629 2630 2631 2632 2633 2634 2635 2636 2637 2638 2639 2640 2641 2642 2643 2644 2645 2646 2647 2648 2649 2650 2651 2652 2653 2654 2655 2656 2657 2658 2659 2660 2661 2662 2663 2664 2665 2666 2667 2668 2669 2670 2671 2672 2673 2674 2675 2676 2677 2678 2679 2680 2681 2682 2683 2684 2685 2686 2687 2688 2689 2690 2691 2692 2693 2694 2695 2696 2697 2698 2699 2700 2701 2702 2703 2704 2705 2706 2707 2708 2709 2710 2711 2712 2713 2714 2715 2716 2717 2718 2719 2720 2721 2722 2723 2724 2725 2726 2727 2728 2729 2730 2731 2732 2733 2734 2735 2736 2737 2738 2739 2740 2741 2742 2743 2744 2745 2746 2747 2748 2749 2750 2751 2752 2753 2754 2755 2756 2757 2758 2759 2760 2761 2762 2763 2764 2765 2766 2767 2768 2769 2770 2771 2772 2773 2774 2775 2776 2777 2778 2779 2780 2781 2782 2783 2784 2785 2786 2787 2788 2789 2790 2791 2792 2793 2794 2795 2796 2797 2798 2799 2800 2801 2802 2803 2804 2805 2806 2807 2808 2809 2810 2811 2812 2813
402 2814 2815 2816 2817 2818 2819 2820 2821 2822 2823 2824 2825 2826 2827 2828 2829 2830 2831 2832 2833 2834 2835 2836 2837 2838 2839 2840 2841 2842 2843 2844 2845 2846 2847 2848 2849 2850 2851 2852 2853 2854 2855 2856 2857 2858 2859 2860 2861 2862 2863 2864 2865 2866 2867 2868 2869 2870 2871 2872 2873 2874 2875 2876 2877 2878 2879 2880 2881 2882 2883 2884 2885 2886 2887 2888 2889 2890 2891 2892 2893 2894 2895 2896 2897 2898 2899 2900 2901 2902 2903 2904 2905 2906 2907 2908 2909 2910 2911 2912 2913 2914 2915 2916 2917 2918 2919 2920 2921 2922 2923 2924 2925 2926 2927 2928 2929 2930 2931 2932 2933 2934 2935 2936 2937 2938 2939 2940 2941 2942 2943 2944 2945 2946 2947 2948 2949 2950 2951 2952 2953 2954 2955 2956 2957 2958 2959 2960 2961 2962 2963 2964 2965 2966 2967 2968 2969 2970 2971 2972 2973 2974 2975 2976 2977 2978 2979 2980 2981 2982 2983 2984 2985 2986 2987 2988 2989 2990 2991 2992 2993 2994 2995 2996 2997 2998 2999 3000 3001 3002 3003 3004 3005 3006 3007 3008 3009 3010 3011 3012 3013 3014 3015 3016 3017 3018 3019 3020 3021 3022 3023 3024 3025 3026 3027 3028 3029 3030 3031 3032 3033 3034 3035 3036 3037 3038 3039 3040 3041 3042 3043 3044 3045 3046 3047 3048 3049 3050 3051 3052 3053 3054 3055 3056 3057 3058 3059 3060 3061 3062 3063 3064 3065 3066 3067 3068 3069 3070 3071 3072 3073 3074 3075 3076 3077 3078 3079 3080 3081 3082 3083 3084 3085 3086 3087 3088 3089 3090 3091 3092 3093 3094 3095 3096 3097 3098 3099 3100 3101 3102 3103 3104 3105 3106 3107 3108 3109 3110 3111 3112 3113 3114 3115 3116 3117 3118 3119 3120 3121 3122 3123 3124 3125 3126 3127 3128 3129 3130 3131 3132 3133 3134 3135 3136 3137 3138 3139 3140 3141 3142 3143 3144 3145 3146 3147 3148 3149 3150 3151 3152 3153 3154 3155 3156 3157 3158 3159 3160 3161 3162 3163 3164 3165 3166 3167 3168 3169 3170 3171 3172 3173 3174 3175 3176 3177 3178 3179 3180 3181 3182 3183 3184 3185 3186 3187 3188 3189 3190 3191 3192 3193 3194 3195 3196 3197 3198 3199 3200 3201 3202 3203 3204 3205 3206 3207 3208 3209 3210 3211 3212 3213 3214 3215
402 3216 3217 3218 3219 3220 3221 3222 3223 3224 3225 3226 3227 3228 3229 3230 3231 3232 3233 3234 3235 3236 3237 3238 3239 3240 3241 3242 3243 3244 3245 3246 3247 3248 3249 3250 3251 3252 3253 3254 3255 3256 3257 3258 3259 3260 3261 3262 3263 3264 3265 3266 3267 3268 3269 3270 3271 3272 3273 3274 3275 3276 3277 3278 3279 3280 3281 3282 3283 3284 3285 3286 3287 3288 3289 3290 3291 3292 3293 3294 3295 3296 3297 3298 3299 3300 3301 3302 3303 3304 3305 3306 3307 3308 3309 3310 3311 3312 3313 3314 3315 3316 3317 3318 3319 3320 3321 3322 3323 3324 3325 3326 3327 3328 3329 3330 3331 3332 3333 3334 3335 3336 3337 3338 3339 3340 3341 3342 3343 3344 3345 3346 3347 3348 3349 3350 3351 3352 3353 3354 3355 3356 3357 3358 3359 3360 3361 3362 3363 3364 3365 3366 3367 3368 3369 3370 3371 3372 3373 3374 3375 3376 3377 3378 3379 3380 3381 3382 3383 3384 3385 3386 3387 3388 3389 3390 3391 3392 3393 3394 3395 3396 3397 3398 3399 3400 3401 3402 3403 3404 3405 3406 3407 3408 3409 3410 3411 3412 3413 3414 3415 3416 3417 3418 3419 3420 3421 3422 3423 3424 3425 3426 3427 3428 3429 3430 3431 3432 3433 3434 3435 3436 3437 3438 3439 3440 3441 3442 3443 3444 3445 3446 3447 3448 3449 3450 3451 3452 3453 3454 3455 3456 3457 3458 3459 3460 3461 3462 3463 3464 3465 3466 3467 3468 3469 3470 3471 3472 3473 3474 3475 3476 3477 3478 3479 3480 3481 3482 3483 3484 3485 3486 3487 3488 3489 3490 3491 3492 3493 3494 3495 3496 3497 3498 3499 3500 3501 3502 3503 3504 3505 3506 3507 3508 3509 3510 3511 3512 3513 3514 3515 3516 3517 3518 3519 3520 3521 3522 3523 3524 3525 3526 3527 3528 3529 3530 3531 3532 3533 3534 3535 3536 3537 3538 3539 3540 3541 3542 3543 3544 3545 3546 3547 3548 3549 3550 3551 3552 3553 3554 3555 3556 3557 3558 3559 3560 3561 3562 3563 3564 3565 3566 3567 3568 3569 3570 3571 3572 3573 3574 3575 3576 3577 3578 3579 3580 3581 3582 3583 3584 3585 3586 3587 3588 3589 3590 3591 3592 3593 3594 3595 3596 3597 3598 3599 3600 3601 3602 3603 3604 3605 3606 3607 3608 3609 3610 3611 3612 3613 3614 3615 3616 3617
402 3618 3619 3620 3621 3622 3623 3624 3625 3626 3627 3628 3629 3630 3631 3632 3633 3634 3635 3636 3637 3638 3639 3640 3641 3642 3643 3644 3645 3646 3647 3648 3649 3650 3651 3652 3653 3654 3655 3656 3657 3658 3659 3660 3661 3662 3663 3664 3665 3666 3667 3668 3669 3670 3671 3672 3673 3674 3675 3676 3677 3678 3679 3680 3681 3682 3683 3684 3685 3686 3687 3688 3689 3690 3691 3692 3693 3694 3695 3696 3697 3698 3699 3700 3701 3702 3703 3704 3705 3706 3707 3708 3709 3710 3711 3712 3713 3714 3715 3716 3717 3718 3719 3720 3721 3722 3723 3724 3725 3726 3727 3728 3729 3730 3731 3732 3733 3734 3735 3736 3737 3738 3739 3740 3741 3742 3743 3744 3745 3746 3747 3748 3749 3750 3751 3752 3753 3754 3755 3756 3757 3758 3759 3760 3761 3762 3763 3764 3765 3766 3767 3768 3769 3770 3771 3772 3773 3774 3775 3776 3777 3778 3779 3780 3781 3782 3783 3784 3785 3786 3787 3788 3789 3790 3791 3792 3793 3794 3795 3796 3797 3798 3799 3800 3801 3802 3803 3804 3805 3806 3807 3808 3809 3810 3811 3812 3813 3814 3815 3816 3817 3818 3819 3820 3821 3822 3823 3824 3825 3826 3827 3828 3829 3830 3831 3832 3833 3834 3835 3836 3837 3838 3839 3840 3841 3842 3843 3844 3845 3846 3847 3848 3849 3850 3851 3852 3853 3854 3855 3856 3857 3858 3859 3860 3861 3862 3863 3864 3865 3866 3867 3868 3869 3870 3871 3872 3873 3874 3875 3876 3877 3878 3879 3880 3881 3882 3883 3884 3885 3886 3887 3888 3889 3890 3891 3892 3893 3894 3895 3896 3897 3898 3899 3900 3901 3902 3903 3904 3905 3906 3907 3908 3909 3910 3911 3912 3913 3914 3915 3916 3917 3918 3919 3920 3921 3922 3923 3924 3925 3926 3927 3928 3929 3930 3931 3932 3933 3934 3935 3936 3937 3938 3939 3940 3941 3942 3943 3944 3945 3946 3947 3948 3949 3950 3951 3952 3953 3954 3955 3956 3957 3958 3959 3960 3961 3962 3963 3964 3965 3966 3967 3968 3969 3970 3971 3972 3973 3974 3975 3976 3977 3978 3979 3980 3981 3982 3983 3984 3985 3986 3987 3988 3989 3990 3991 3992 3993 3994 3995 3996 3997 3998 3999 4000 4001 4002 4003 4004 4005 4006 4007 4008 4009 4010 4011 4012 4013 4014 4015 4016 4017 4018 4019
402 4020 4021 4022 4023 4024 4025 4026 4027 4028 4029 4030 4031 4032 4033 4034 4035 4036 4037 4038 4039 4040 4041 4042 4043 4044 4045 4046 4047 4048 4049 4050 4051 4052 4053 4054 4055 4056 4057 4058 4059 4060 4061 4062 4063 4064 4065 4066 4067 4068 4069 4070 4071 4072 4073 4074 4075 4076 4077 4078 4079 4080 4081 4082 4083 4084 4085 4086 4087 4088 4089 4090 4091 4092 4093 4094 4095 4096 4097 4098 4099 4100 4101 4102 4103 4104 4105 4106 4107 4108 4109 4110 4111 4112 4113 4114 4115 4116 4117 4118 4119 4120 4121 4122 4123 4124 4125 4126 4127 4128 4129 4130 4131 4132 4133 4134 4135 4136 4137 4138 4139 4140 4141 4142 4143 4144 4145 4146 4147 4148 4149 4150 4151 4152 4153 4154 4155 4156 4157 4158 4159 4160 4161 4162 4163 4164 4165 4166 4167 4168 4169 4170 4171 4172 4173 4174 4175 4176 4177 4178 4179 4180 4181 4182 4183 4184 4185 4186 4187 4188 4189 4190 4191 4192 4193 4194 4195 4196 4197 4198 4199 4200 4201 4202 4203 4204 4205 4206 4207 4208 4209 4210 4211 4212 4213 4214 4215 4216 4217 4218 4219 4220 4221 4222 4223 4224 4225 4226 4227 4228 4229 4230 4231 4232 4233 4234 4235 4236 4237 4238 4239 4240 4241 4242 4243 4244 4245 4246 4247 4248 4249 4250 4251 4252 4253 4254 4255 4256 4257 4258 4259 4260 4261 4262 4263 4264 4265 4266 4267 4268 4269 4270 4271 4272 4273 4274 4275 4276 4277 4278 4279 4280 4281 4282 4283 4284 4285 4286 4287 4288 4289 4290 4291 4292 4293 4294 4295 4296 4297 4298 4299 4300 4301 4302 4303 4304 4305 4306 4307 4308 4309 4310 4311 4312 4313 4314 4315 4316 4317 4318 4319 4320 4321 4322 4323 4324 4325 4326 4327 4328 4329 4330 4331 4332 4333 4334 4335 4336 4337 4338 4339 4340 4341 4342 4343 4344 4345 4346 4347 4348 4349 4350 4351 4352 4353 4354 4355 4356 4357 4358 4359 4360 4361 4362 4363 4364 4365 4366 4367 4368 4369 4370 4371 4372 4373 4374 4375 4376 4377 4378 4379 4380 4381 4382 4383 4384 4385 4386 4387 4388 4389 4390 4391 4392 4393 4394 4395 4396 4397 4398 4399 4400 4401 4402 4403 4404 4405 4406 4407 4408 4409 4410 4411 4412 4413 4414 4415 4416 4417 4418 4419 4420 4421
402 4422 4423 4424 4425 4426 4427 4428 4429 4430 4431 4432 4433 4434 4435 4436 4437 4438 4439 4440 4441 4442 4443 4444 4445 4446 4447 4448 4449 4450 4451 4452 4453 4454 4455 4456 4457 4458 4459 4460 4461 4462 4463 4464 4465 4466 4467 4468 4469 4470 4471 4472 4473 4474 4475 4476 4477 4478 4479 4480 4481 4482 4483 4484 4485 4486 4487 4488 4489 4490 4491 4492 4493 4494 4495 4496 4497 4498 4499 4500 4501 4502 4503 4504 4505 4506 4507 4508 4509 4510 4511 4512 4513 4514 4515 4516 4517 4518 4519 4520 4521 4522 4523 4524 4525 4526 4527 4528 4529 4530 4531 4532 4533 4534 4535 4536 4537 4538 4539 4540 4541 4542 4543 4544 4545 4546 4547 4548 4549 4550 4551 4552 4553 4554 4555 4556 4557 4558 4559 4560 4561 4562 4563 4564 4565 4566 4567 4568 4569 4570 4571 4572 4573 4574 4575 4576 4577 4578 4579 4580 4581 4582 4583 4584 4585 4586 4587 4588 4589 4590 4591 4592 4593 4594 4595 4596 4597 4598 4599 4600 4601 4602 4603 4604 4605 4606 4607 4608 4609 4610 4611 4612 4613 4614 4615 4616 4617 4618 4619 4620 4621 4622 4623 4624 4625 4626 4627 4628 4629 4630 4631 4632 4633 4634 4635 4636 4637 4638 4639 4640 4641 4642 4643 4644 4645 4646 4647 4648 4649 4650 4651 4652 4653 4654 4655 4656 4657 4658 4659 4660 4661 4662 4663 4664 4665 4666 4667 4668 4669 4670 4671 4672 4673 4674 4675 4676 4677 4678 4679 4680 4681 4682 4683 4684 4685 4686 4687 4688 4689 4690 4691 4692 4693 4694 4695 4696 4697 4698 4699 4700 4701 4702 4703 4704 4705 4706 4707 4708 4709 4710 4711 4712 4713 4714 4715 4716 4717 4718 4719 4720 4721 4722 4723 4724 4725 4726 4727 4728 4729 4730 4731 4732 4733 4734 4735 4736 4737 4738 4739 4740 4741 4742 4743 4744 4745 4746 4747 4748 4749 4750 4751 4752 4753 4754 4755 4756 4757 4758 4759 4760 4761 4762 4763 4764 4765 4766 4767 4768 4769 4770 4771 4772 4773 4774 4775 4776 4777 4778 4779 4780 4781 4782 4783 4784 4785 4786 4787 4788 4789 4790 4791 4792 4793 4794 4795 4796 4797 4798 4799 4800 4801 4802 4803 4804 4805 4806 4807 4808 4809 4810 4811 4812 4813 4814 4815 4816 4817 4818 4819 4820 4821 4822 4823
402 4824 4825 4826 4827 4828 4829 4830 4831 4832 4833 4834 4835 4836 4837 4838 4839 4840 4841 4842 4843 4844 4845 4846 4847 4848 4849 4850 4851 4852 4853 4854 4855 4856 4857 4858 4859 4860 4861 4862 4863 4864 4865 4866 4867 4868 4869 4870 4871 4872 4873 4874 4875 4876 4877 4878 4879 4880 4881 4882 4883 4884 4885 4886 4887 4888 4889 4890 4891 4892 4893 4894 4895 4896 4897 4898 4899 4900 4901 4902 4903 4904 4905 4906 4907 4908 4909 4910 4911 4912 4913 4914 4915 4916 4917 4918 4919 4920 4921 4922 4923 4924 4925 4926 4927 4928 4929 4930 4931 4932 4933 4934 4935 4936 4937 4938 4939 4940 4941 4942 4943 4944 4945 4946 4947 4948 4949 4950 4951 4952 4953 4954 4955 4956 4957 4958 4959 4960 4961 4962 4963 4964 4965 4966 4967 4968 4969 4970 4971 4972 4973 4974 4975 4976 4977 4978 4979 4980 4981 4982 4983 4984 4985 4986 4987 4988 4989 4990 4991 4992 4993 4994 4995 4996 4997 4998 4999 5000 5001 5002 5003 5004 5005 5006 5007 5008 5009 5010 5011 5012 5013 5014 5015 5016 5017 5018 5019 5020 5021 5022 5023 5024 5025 5026 5027 5028 5029 5030 5031 5032 5033 5034 5035 5036 5037 5038 5039 5040 5041 5042 5043 5044 5045 5046 5047 5048 5049 5050 5051 5052 5053 5054 5055 5056 5057 5058 5059 5060 5061 5062 5063 5064 5065 5066 5067 5068 5069 5070 5071 5072 5073 5074 5075 5076 5077 5078 5079 5080 5081 5082 5083 5084 5085 5086 5087 5088 5089 5090 5091 5092 5093 5094 5095 5096 5097 5098 5099 5100 5101 5102 5103 5104 5105 5106 5107 5108 5109 5110 5111 5112 5113 5114 5115 5116 5117 5118 5119 5120 5121 5122 5123 5124 5125 5126 5127 5128 5129 5130 5131 5132 5133 5134 5135 5136 5137 5138 5139 5140 5141 5142 5143 5144 5145 5146 5147 5148 5149 5150 5151 5152 5153 5154 5155 5156 5157 5158 5159 5160 5161 5162 5163 5164 5165 5166 5167 5168 5169 5170 5171 5172 5173 5174 5175 5176 5177 5178 5179 5180 5181 5182 5183 5184 5185 5186 5187 5188 5189 5190 5191 5192 5193 5194 5195 5196 5197 5198 5199 5200 5201 5202 5203 5204 5205 5206 5207 5208 5209 5210 5211 5212 5213 5214 5215 5216 5217 5218 5219 5220 5221 5222 5223 5224 5225
402 5226 5227 5228 5229 5230 5231 5232 5233 5234 5235 5236 5237 5238 5239 5240 5241 5242 5243 5244 5245 5246 5247 5248 5249 5250 5251 5252 5253 5254 5255 5256 5257 5258 5259 5260 5261 5262 5263 5264 5265 5266 5267 5268 5269 5270 5271 5272 5273 5274 5275 5276 5277 5278 5279 5280 5281 5282 5283 5284 5285 5286 5287 5288 5289 5290 5291 5292 5293 5294 5295 5296 5297 5298 5299 5300 5301 5302 5303 5304 5305 5306 5307 5308 5309 5310 5311 5312 5313 5314 5315 5316 5317 5318 5319 5320 5321 5322 5323 5324 5325 5326 5327 5328 5329 5330 5331 5332 5333 5334 5335 5336 5337 5338 5339 5340 5341 5342 5343 5344 5345 5346 5347 5348 5349 5350 5351 5352 5353 5354 5355 5356 5357 5358 5359 5360 5361 5362 5363 5364 5365 5366 5367 5368 5369 5370 5371 5372 5373 5374 5375 5376 5377 5378 5379 5380 5381 5382 5383 5384 5385 5386 5387 5388 5389 5390 5391 5392 5393 5394 5395 5396 5397 5398 5399 5400 5401 5402 5403 5404 5405 5406 5407 5408 5409 5410 5411 5412 5413 5414 5415 5416 5417 5418 5419 5420 5421 5422 5423 5424 5425 5426 5427 5428 5429 5430 5431 5432 5433 5434 5435 5436 5437 5438 5439 5440 5441 5442 5443 5444 5445 5446 5447 5448 5449 5450 5451 5452 5453 5454 5455 5456 5457 5458 5459 5460 5461 5462 5463 5464 5465 5466 5467 5468 5469 5470 5471 5472 5473 5474 5475 5476 5477 5478 5479 5480 5481 5482 5483 5484 5485 5486 5487 5488 5489 5490 5491 5492 5493 5494 5495 5496 5497 5498 5499 5500 5501 5502 5503 5504 5505 5506 5507 5508 5509 5510 5511 5512 5513 5514 5515 5516 5517 5518 5519 5520 5521 5522 5523 5524 5525 5526 5527 5528 5529 5530 5531 5532 5533 5534 5535 5536 5537 5538 5539 5540 5541 5542 5543 5544 5545 5546 5547 5548 5549 5550 5551 5552 5553 5554 5555 5556 5557 5558 5559 5560 5561 5562 5563 5564 5565 5566 5567 5568 5569 5570 5571 5572 5573 5574 5575 5576 5577 5578 5579 5580 5581 5582 5583 5584 5585 5586 5587 5588 5589 5590 5591 5592 5593 5594 5595 5596 5597 5598 5599 5600 5601 5602 5603 5604 5605 5606 5607 5608 5609 5610 5611 5612 5613 5614 5615 5616 5617 5618 5619 5620 5621 5622 5623 5624 5625 5626 5627
402 5628 5629 5630 5631 5632 5633 5634 5635 5636 5637 5638 5639 5640 5641 5642 5643 5644 5645 5646 5647 5648 5649 5650 5651 5652 5653 5654 5655 5656 5657 5658 5659 5660 5661 5662 5663 5664 5665 5666 5667 5668 5669 5670 5671 5672 5673 5674 5675 5676 5677 5678 5679 5680 5681 5682 5683 5684 5685 5686 5687 5688 5689 5690 5691 5692 5693 5694 5695 5696 5697 5698 5699 5700 5701 5702 5703 5704 5705 5706 5707 5708 5709 5710 5711 5712 5713 5714 5715 5716 5717 5718 5719 5720 5721 5722 5723 5724 5725 5726 5727 5728 5729 5730 5731 5732 5733 5734 5735 5736 5737 5738 5739 5740 5741 5742 5743 5744 5745 5746 5747 5748 5749 5750 5751 5752 5753 5754 5755 5756 5757 5758 5759 5760 5761 5762 5763 5764 5765 5766 5767 5768 5769 5770 5771 5772 5773 5774 5775 5776 5777 5778 5779 5780 5781 5782 5783 5784 5785 5786 5787 5788 5789 5790 5791 5792 5793 5794 5795 5796 5797 5798 5799 5800 5801 5802 5803 5804 5805 5806 5807 5808 5809 5810 5811 5812 5813 5814 5815 5816 5817 5818 5819 5820 5821 5822 5823 5824 5825 5826 5827 5828 5829 5830 5831 5832 5833 5834 5835 5836 5837 5838 5839 5840 5841 5842 5843 5844 5845 5846 5847 5848 5849 5850 5851 5852 5853 5854 5855 5856 5857 5858 5859 5860 5861 5862 5863 5864 5865 5866 5867 5868 5869 5870 5871 5872 5873 5874 5875 5876 5877 5878 5879 5880 5881 5882 5883 5884 5885 5886 5887 5888 5889 5890 5891 5892 5893 5894 5895 5896 5897 5898 5899 5900 5901 5902 5903 5904 5905 5906 5907 5908 5909 5910 5911 5912 5913 5914 5915 5916 5917 5918 5919 5920 5921 5922 5923 5924 5925 5926 5927 5928 5929 5930 5931 5932 5933 5934 5935 5936 5937 5938 5939 5940 5941 5942 5943 5944 5945 5946 5947 5948 5949 5950 5951 5952 5953 5954 5955 5956 5957 5958 5959 5960 5961 5962 5963 5964 5965 5966 5967 5968 5969 5970 5971 5972 5973 5974 5975 5976 5977 5978 5979 5980 5981 5982 5983 5984 5985 5986 5987 5988 5989 5990 5991 5992 5993 5994 5995 5996 5997 5998 5999 6000 6001 6002 6003 6004 6005 6006 6007 6008 6009 6010 6011 6012 6013 6014 6015 6016 6017 6018 6019 6020 6021 6022 6023 6024 6025 6026 6027 6028 6029
402 6030 6031 6032 6033 6034 6035 6036 6037 6038 6039 6040 6041 6042 6043 6044 6045 6046 6047 6048 6049 6050 6051 6052 6053 6054 6055 6056 6057 6058 6059 6060 6061 6062 6063 6064 6065 6066 6067 6068 6069 6070 6071 6072 6073 6074 6075 6076 6077 6078 6079 6080 6081 6082 6083 6084 6085 6086 6087 6088 6089 6090 6091 6092 6093 6094 6095 6096 6097 6098 6099 6100 6101 6102 6103 6104 6105 6106 6107 6108 6109 6110 6111 6112 6113 6114 6115 6116 6117 6118 6119 6120 6121 6122 6123 6124 6125 6126 6127 6128 6129 6130 6131 6132 6133 6134 6135 6136 6137 6138 6139 6140 6141 6142 6143 6144 6145 6146 6147 6148 6149 6150 6151 6152 6153 6154 6155 6156 6157 6158 6159 6160 6161 6162 6163 6164 6165 6166 6167 6168 6169 6170 6171 6172 6173 6174 6175 6176 6177 6178 6179 6180 6181 6182 6183 6184 6185 6186 6187 6188 6189 6190 6191 6192 6193 6194 6195 6196 6197 6198 6199 6200 6201 6202 6203 6204 6205 6206 6207 6208 6209 6210 6211 6212 6213 6214 6215 6216 6217 6218 6219 6220 6221 6222 6223 6224 6225 6226 6227 6228 6229 6230 6231 6232 6233 6234 6235 6236 6237 6238 6239 6240 6241 6242 6243 6244 6245 6246 6247 6248 6249 6250 6251 6252 6253 6254 6255 6256 6257 6258 6259 6260 6261 6262 6263 6264 6265 6266 6267 6268 6269 6270 6271 6272 6273 6274 6275 6276 6277 6278 6279 6280 6281 6282 6283 6284 6285 6286 6287 6288 6289 6290 6291 6292 6293 6294 6295 6296 6297 6298 6299 6300 6301 6302 6303 6304 6305 6306 6307 6308 6309 6310 6311 6312 6313 6314 6315 6316 6317 6318 6319 6320 6321 6322 6323 6324 6325 6326 6327 6328 6329 6330 6331 6332 6333 6334 6335 6336 6337 6338 6339 6340 6341 6342 6343 6344 6345 6346 6347 6348 6349 6350 6351 6352 6353 6354 6355 6356 6357 6358 6359 6360 6361 6362 6363 6364 6365 6366 6367 6368 6369 6370 6371 6372 6373 6374 6375 6376 6377 6378 6379 6380 6381 6382 6383 6384 6385 6386 6387 6388 6389 6390 6391 6392 6393 6394 6395 6396 6397 6398 6399 6400 6401 6402 6403 6404 6405 6406 6407 6408 6409 6410 6411 6412 6413 6414 6415 6416 6417 6418 6419 6420 6421 6422 6423 6424 6425 6426 6427 6428 6429 6430 6431
402 6432 6433 6434 6435 6436 6437 6438 6439 6440 6441 6442 6443 6444 6445 6446 6447 6448 6449 6450 6451 6452 6453 6454 6455 6456 6457 6458 6459 6460 6461 6462 6463 6464 6465 6466 6467 6468 6469 6470 6471 6472 6473 6474 6475 6476 6477 6478 6479 6480 6481 6482 6483 6484 6485 6486 6487 6488 6489 6490 6491 6492 6493 6494 6495 6496 6497 6498 6499 6500 6501 6502 6503 6504 6505 6506 6507 6508 6509 6510 6511 6512 6513 6514 6515 6516 6517 6518 6519 6520 6521 6522 6523 6524 6525 6526 6527 6528 6529 6530 6531 6532 6533 6534 6535 6536 6537 6538 6539 6540 6541 6542 6543 6544 6545 6546 6547 6548 6549 6550 6551 6552 6553 6554 6555 6556 6557 6558 6559 6560 6561 6562 6563 6564 6565 6566 6567 6568 6569 6570 6571 6572 6573 6574 6575 6576 6577 6578 6579 6580 6581 6582 6583 6584 6585 6586 6587 6588 6589 6590 6591 6592 6593 6594 6595 6596 6597 6598 6599 6600 6601 6602 6603 6604 6605 6606 6607 6608 6609 6610 6611 6612 6613 6614 6615 6616 6617 6618 6619 6620 6621 6622 6623 6624 6625 6626 6627 6628 6629 6630 6631 6632 6633 6634 6635 6636 6637 6638 6639 6640 6641 6642 6643 6644 6645 6646 6647 6648 6649 6650 6651 6652 6653 6654 6655 6656 6657 6658 6659 6660 6661 6662 6663 6664 6665 6666 6667 6668 6669 6670 6671 6672 6673 6674 6675 6676 6677 6678 6679 6680 6681 6682 6683 6684 6685 6686 6687 6688 6689 6690 6691 6692 6693 6694 6695 6696 6697 6698 6699 6700 6701 6702 6703 6704 6705 6706 6707 6708 6709 6710 6711 6712 6713 6714 6715 6716 6717 6718 6719 6720 6721 6722 6723 6724 6725 6726 6727 6728 6729 6730 6731 6732 6733 6734 6735 6736 6737 6738 6739 6740 6741 6742 6743 6744 6745 6746 6747 6748 6749 6750 6751 6752 6753 6754 6755 6756 6757 6758 6759 6760 6761 6762 6763 6764 6765 6766 6767 6768 6769 6770 6771 6772 6773 6774 6775 6776 6777 6778 6779 6780 6781 6782 6783 6784 6785 6786 6787 6788 6789 6790 6791 6792 6793 6794 6795 6796 6797 6798 6799 6800 6801 6802 6803 6804 6805 6806 6807 6808 6809 6810 6811 6812 6813 6814 6815 6816 6817 6818 6819 6820 6821 6822 6823 6824 6825 6826 6827 6828 6829 6830 6831 6832 6833
402 6834 6835 6836 6837 6838 6839 6840 6841 6842 6843 6844 6845 6846 6847 6848 6849 6850 6851 6852 6853 6854 6855 6856 6857 6858 6859 6860 6861 6862 6863 6864 6865 6866 6867 6868 6869 6870 6871 6872 6873 6874 6875 6876 6877 6878 6879 6880 6881 6882 6883 6884 6885 6886 6887 6888 6889 6890 6891 6892 6893 6894 6895 6896 6897 6898 6899 6900 6901 6902 6903 6904 6905 6906 6907 6908 6909 6910 6911 6912 6913 6914 6915 6916 6917 6918 6919 6920 6921 6922 6923 6924 6925 6926 6927 6928 6929 6930 6931 6932 6933 6934 6935 6936 6937 6938 6939 6940 6941 6942 6943 6944 6945 6946 6947 6948 6949 6950 6951 6952 6953 6954 6955 6956 6957 6958 6959 6960 6961 6962 6963 6964 6965 6966 6967 6968 6969 6970 6971 6972 6973 6974 6975 6976 6977 6978 6979 6980 6981 6982 6983 6984 6985 6986 6987 6988 6989 6990 6991 6992 6993 6994 6995 6996 6997 6998 6999 7000 7001 7002 7003 7004 7005 7006 7007 7008 7009 7010 7011 7012 7013 7014 7015 7016 7017 7018 7019 7020 7021 7022 7023 7024 7025 7026 7027 7028 7029 7030 7031 7032 7033 7034 7035 7036 7037 7038 7039 7040 7041 7042 7043 7044 7045 7046 7047 7048 7049 7050 7051 7052 7053 7054 7055 7056 7057 7058 7059 7060 7061 7062 7063 7064 7065 7066 7067 7068 7069 7070 7071 7072 7073 7074 7075 7076 7077 7078 7079 7080 7081 7082 7083 7084 7085 7086 7087 7088 7089 7090 7091 7092 7093 7094 7095 7096 7097 7098 7099 7100 7101 7102 7103 7104 7105 7106 7107 7108 7109 7110 7111 7112 7113 7114 7115 7116 7117 7118 7119 7120 7121 7122 7123 7124 7125 7126 7127 7128 7129 7130 7131 7132 7133 7134 7135 7136 7137 7138 7139 7140 7141 7142 7143 7144 7145 7146 7147 7148 7149 7150 7151 7152 7153 7154 7155 7156 7157 7158 7159 7160 7161 7162 7163 7164 7165 7166 7167 7168 7169 7170 7171 7172 7173 7174 7175 7176 7177 7178 7179 7180 7181 7182 7183 7184 7185 7186 7187 7188 7189 7190 7191 7192 7193 7194 7195 7196 7197 7198 7199 7200 7201 7202 7203 7204 7205 7206 7207 7208 7209 7210 7211 7212 7213 7214 7215 7216 7217 7218 7219 7220 7221 7222 7223 7224 7225 7226 7227 7228 7229 7230 7231 7232 7233 7234 7235
402 7236 7237 7238 7239 7240 7241 7242 7243 7244 7245 7246 7247 7248 7249 7250 7251 7252 7253 7254 7255 7256 7257 7258 7259 7260 7261 7262 7263 7264 7265 7266 7267 7268 7269 7270 7271 7272 7273 7274 7275 7276 7277 7278 7279 7280 7281 7282 7283 7284 7285 7286 7287 7288 7289 7290 7291 7292 7293 7294 7295 7296 7297 7298 7299 7300 7301 7302 7303 7304 7305 7306 7307 7308 7309 7310 7311 7312 7313 7314 7315 7316 7317 7318 7319 7320 7321 7322 7323 7324 7325 7326 7327 7328 7329 7330 7331 7332 7333 7334 7335 7336 7337 7338 7339 7340 7341 7342 7343 7344 7345 7346 7347 7348 7349 7350 7351 7352 7353 7354 7355 7356 7357 7358 7359 7360 7361 7362 7363 7364 7365 7366 7367 7368 7369 7370 7371 7372 7373 7374 7375 7376 7377 7378 7379 7380 7381 7382 7383 7384 7385 7386 7387 7388 7389 7390 7391 7392 7393 7394 7395 7396 7397 7398 7399 7400 7401 7402 7403 7404 7405 7406 7407 7408 7409 7410 7411 7412 7413 7414 7415 7416 7417 7418 7419 7420 7421 7422 7423 7424 7425 7426 7427 7428 7429 7430 7431 7432 7433 7434 7435 7436 7437 7438 7439 7440 7441 7442 7443 7444 7445 7446 7447 7448 7449 7450 7451 7452 7453 7454 7455 7456 7457 7458 7459 7460 7461 7462 7463 7464 7465 7466 7467 7468 7469 7470 7471 7472 7473 7474 7475 7476 7477 7478 7479 7480 7481 7482 7483 7484 7485 7486 7487 7488 7489 7490 7491 7492 7493 7494 7495 7496 7497 7498 7499 7500 7501 7502 7503 7504 7505 7506 7507 7508 7509 7510 7511 7512 7513 7514 7515 7516 7517 7518 7519 7520 7521 7522 7523 7524 7525 7526 7527 7528 7529 7530 7531 7532 7533 7534 7535 7536 7537 7538 7539 7540 7541 7542 7543 7544 7545 7546 7547 7548 7549 7550 7551 7552 7553 7554 7555 7556 7557 7558 7559 7560 7561 7562 7563 7564 7565 7566 7567 7568 7569 7570 7571 7572 7573 7574 7575 7576 7577 7578 7579 7580 7581 7582 7583 7584 7585 7586 7587 7588 7589 7590 7591 7592 7593 7594 7595 7596 7597 7598 7599 7600 7601 7602 7603 7604 7605 7606 7607 7608 7609 7610 7611 7612 7613 7614 7615 7616 7617 7618 7619 7620 7621 7622 7623 7624 7625 7626 7627 7628 7629 7630 7631 7632 7633 7634 7635 7636 7637
402 7638 7639 7640 7641 7642 7643 7644 7645 7646 7647 7648 7649 7650 7651 7652 7653 7654 7655 7656 7657 7658 7659 7660 7661 7662 7663 7664 7665 7666 7667 7668 7669 7670 7671 7672 7673 7674 7675 7676 7677 7678 7679 7680 7681 7682 7683 7684 7685 7686 7687 7688 7689 7690 7691 7692 7693 7694 7695 7696 7697 7698 7699 7700 7701 7702 7703 7704 7705 7706 7707 7708 7709 7710 7711 7712 7713 7714 7715 7716 7717 7718 7719 7720 7721 7722 7723 7724 7725 7726 7727 7728 7729 7730 7731 7732 7733 7734 7735 7736 7737 7738 7739 7740 7741 7742 7743 7744 7745 7746 7747 7748 7749 7750 7751 7752 7753 7754 7755 7756 7757 7758 7759 7760 7761 7762 7763 7764 7765 7766 7767 7768 7769 7770 7771 7772 7773 7774 7775 7776 7777 7778 7779 7780 7781 7782 7783 7784 7785 7786 7787 7788 7789 7790 7791 7792 7793 7794 7795 7796 7797 7798 7799 7800 7801 7802 7803 7804 7805 7806 7807 7808 7809 7810 7811 7812 7813 7814 7815 7816 7817 7818 7819 7820 7821 7822 7823 7824 7825 7826 7827 7828 7829 7830 7831 7832 7833 7834 7835 7836 7837 7838 7839 7840 7841 7842 7843 7844 7845 7846 7847 7848 7849 7850 7851 7852 7853 7854 7855 7856 7857 7858 7859 7860 7861 7862 7863 7864 7865 7866 7867 7868 7869 7870 7871 7872 7873 7874 7875 7876 7877 7878 7879 7880 7881 7882 7883 7884 7885 7886 7887 7888 7889 7890 7891 7892 7893 7894 7895 7896 7897 7898 7899 7900 7901 7902 7903 7904 7905 7906 7907 7908 7909 7910 7911 7912 7913 7914 7915 7916 7917 7918 7919 7920 7921 7922 7923 7924 7925 7926 7927 7928 7929 7930 7931 7932 7933 7934 7935 7936 7937 7938 7939 7940 7941 7942 7943 7944 7945 7946 7947 7948 7949 7950 7951 7952 7953 7954 7955 7956 7957 7958 7959 7960 7961 7962 7963 7964 7965 7966 7967 7968 7969 7970 7971 7972 7973 7974 7975 7976 7977 7978 7979 7980 7981 7982 7983 7984 7985 7986 7987 7988 7989 7990 7991 7992 7993 7994 7995 7996 7997 7998 7999 8000 8001 8002 8003 8004 8005 8006 8007 8008 8009 8010 8011 8012 8013 8014 8015 8016 8017 8018 8019 8020 8021 8022 8023 8024 8025 8026 8027 8028 8029 8030 8031 8032 8033 8034 8035 8036 8037 8038 8039
402 8040 8041 8042 8043 8044 8045 8046 8047 8048 8049 8050 8051 8052 8053 8054 8055 8056 8057 8058 8059 8060 8061 8062 8063 8064 8065 8066 8067 8068 8069 8070 8071 8072 8073 8074 8075 8076 8077 8078 8079 8080 8081 8082 8083 8084 8085 8086 8087 8088 8089 8090 8091 8092 8093 8094 8095 8096 8097 8098 8099 8100 8101 8102 8103 8104 8105 8106 8107 8108 8109 8110 8111 8112 8113 8114 8115 8116 8117 8118 8119 8120 8121 8122 8123 8124 8125 8126 8127 8128 8129 8130 8131 8132 8133 8134 8135 8136 8137 8138 8139 8140 8141 8142 8143 8144 8145 8146 8147 8148 8149 8150 8151 8152 8153 8154 8155 8156 8157 8158 8159 8160 8161 8162 8163 8164 8165 8166 8167 8168 8169 8170 8171 8172 8173 8174 8175 8176 8177 8178 8179 8180 8181 8182 8183 8184 8185 8186 8187 8188 8189 8190 8191 8192 8193 8194 8195 8196 8197 8198 8199 8200 8201 8202 8203 8204 8205 8206 8207 8208 8209 8210 8211 8212 8213 8214 8215 8216 8217 8218 8219 8220 8221 8222 8223 8224 8225 8226 8227 8228 8229 8230 8231 8232 8233 8234 8235 8236 8237 8238 8239 8240 8241 8242 8243 8244 8245 8246 8247 8248 8249 8250 8251 8252 8253 8254 8255 8256 8257 8258 8259 8260 8261 8262 8263 8264 8265 8266 8267 8268 8269 8270 8271 8272 8273 8274 8275 8276 8277 8278 8279 8280 8281 8282 8283 8284 8285 8286 8287 8288 8289 8290 8291 8292 8293 8294 8295 8296 8297 8298 8299 8300 8301 8302 8303 8304 8305 8306 8307 8308 8309 8310 8311 8312 8313 8314 8315 8316 8317 8318 8319 8320 8321 8322 8323 8324 8325 8326 8327 8328 8329 8330 8331 8332 8333 8334 8335 8336 8337 8338 8339 8340 8341 8342 8343 8344 8345 8346 8347 8348 8349 8350 8351 8352 8353 8354 8355 8356 8357 8358 8359 8360 8361 8362 8363 8364 8365 8366 8367 8368 8369 8370 8371 8372 8373 8374 8375 8376 8377 8378 8379 8380 8381 8382 8383 8384 8385 8386 8387 8388 8389 8390 8391 8392 8393 8394 8395 8396 8397 8398 8399 8400 8401 8402 8403 8404 8405 8406 8407 8408 8409 8410 8411 8412 8413 8414 8415 8416 8417 8418 8419 8420 8421 8422 8423 8424 8425 8426 8427 8428 8429 8430 8431 8432 8433 8434 8435 8436 8437 8438 8439 8440 8441
CELL_DATA 21
SCALARS curve_id int 1
LOOKUP_TABLE default
0
1
2
3
4
5
6
7
8
9
10
11
12
13
14
15
16
17
18
19
20
